date,league,home_team,away_team,result,prob_home,prob_draw,prob_away,prediction
2025-08-15,Premier League,Liverpool,Bournemouth,H,0.7316465487666478,0.16985452858417946,0.09849892264917277,H
2025-08-15,Ligue 1,Rennes,Marseille,H,0.23948170194647064,0.2643772256088131,0.49614107244471617,A
2025-08-15,La Liga,Girona,Vallecano,A,0.39176869375305484,0.31042230906910223,0.2978089971778429,H
2025-08-15,La Liga,Villarreal,Oviedo,H,0.6073568456927448,0.2446955951171879,0.14794755919006727,H
2025-08-16,La Liga,Mallorca,Barcelona,A,0.12322921641973335,0.17813917861326906,0.6986316049669976,A
2025-08-16,La Liga,Alaves,Levante,H,0.4857819536489126,0.27515354912114476,0.23906449722994275,H
2025-08-16,Ligue 1,Lens,Lyon,A,0.4078377662497468,0.2491516792179536,0.34301055453229956,H
2025-08-16,Premier League,Sunderland,West Ham,H,0.21375128945380262,0.285103122635107,0.5011455879110904,A
2025-08-16,Premier League,Tottenham,Burnley,H,0.4946459994945684,0.2867250833995876,0.21862891710584403,H
2025-08-16,Premier League,Aston Villa,Newcastle,D,0.42835663737845103,0.2573973893588602,0.31424597326268877,H
2025-08-16,Ligue 1,Nice,Toulouse,A,0.6330162855167536,0.22485660564035914,0.1421271088428872,H
2025-08-16,Ligue 1,Monaco,Le Havre,H,0.6783637186579989,0.2099028459187504,0.11173343542325069,H
2025-08-16,Premier League,Wolves,Man City,A,0.16273155792215932,0.21130929952267785,0.6259591425551628,A
2025-08-16,La Liga,Valencia,Sociedad,D,0.49714254262829527,0.2462622749525868,0.25659518241911794,H
2025-08-16,Premier League,Brighton,Fulham,D,0.5762285363036254,0.23151115785466195,0.1922603058417127,H
2025-08-17,Premier League,Chelsea,Crystal Palace,D,0.4895657405828166,0.25974796339724915,0.2506862960199343,H
2025-08-17,La Liga,Ath Bilbao,Sevilla,H,0.6438800835602053,0.21792609009390415,0.1381938263458906,H
2025-08-17,Ligue 1,Angers,Paris FC,H,0.26889943348802164,0.30480273690784127,0.426297829604137,A
2025-08-17,La Liga,Espanol,Ath Madrid,H,0.14510874969167503,0.21917483957023623,0.6357164107380888,A
2025-08-17,Ligue 1,Brest,Lille,D,0.3103743685021848,0.27634824397563107,0.41327738752218407,A
2025-08-17,Ligue 1,Metz,Strasbourg,A,0.2151021368018934,0.24850768575347834,0.5363901774446282,A
2025-08-17,Premier League,Nott'm Forest,Brentford,H,0.4365037737413865,0.2638733836644212,0.29962284259419225,H
2025-08-17,La Liga,Celta,Getafe,A,0.5634163386727654,0.25118225679761097,0.18540140452962356,H
2025-08-17,Ligue 1,Nantes,Paris SG,A,0.09627729028696384,0.1432295023555129,0.7604932073575233,A
2025-08-17,Premier League,Man United,Arsenal,A,0.2026516495452401,0.20090245157826112,0.5964458988764988,A
2025-08-17,Ligue 1,Auxerre,Lorient,H,0.5131539635526479,0.2514609380398296,0.23538509840752248,H
2025-08-18,La Liga,Elche,Betis,D,0.22189432938830506,0.24658949298121527,0.5315161776304798,A
2025-08-18,Premier League,Leeds,Everton,H,0.2515964750501048,0.28863888811365557,0.45976463683623964,A
2025-08-19,La Liga,Real Madrid,Osasuna,H,0.7251678583775873,0.18364806013662335,0.09118408148578933,H
2025-08-22,Premier League,West Ham,Chelsea,A,0.2669978767341086,0.2600367214081202,0.4729654018577712,A
2025-08-22,Ligue 1,Paris SG,Angers,H,0.8520643304650712,0.119831664342198,0.028104005192730843,H
2025-08-22,Bundesliga,Bayern Munich,RB Leipzig,H,0.7448041665954254,0.145228383489253,0.10996744991532166,H
2025-08-22,La Liga,Betis,Alaves,H,0.5748736162999356,0.2573482251595078,0.16777815854055647,H
2025-08-23,Premier League,Man City,Tottenham,A,0.7823651034321409,0.14921178308541624,0.06842311348244284,H
2025-08-23,Serie A,Milan,Cremonese,A,0.7215437735387515,0.19070916291227402,0.08774706354897437,H
2025-08-23,Premier League,Burnley,Sunderland,H,0.4532155878450444,0.3045237279042611,0.2422606842506946,H
2025-08-23,Serie A,Roma,Bologna,H,0.5315623931495724,0.21319360340169202,0.25524400344873555,H
2025-08-23,Ligue 1,Lyon,Metz,H,0.7211210349270749,0.1873829887839714,0.09149597628895366,H
2025-08-23,Serie A,Sassuolo,Napoli,A,0.12574902970807417,0.21474614909804265,0.6595048211938831,A
2025-08-23,Bundesliga,Leverkusen,Hoffenheim,A,0.7751552848855249,0.14554439943931016,0.07930031567516503,H
2025-08-23,Premier League,Bournemouth,Wolves,H,0.5507475902269945,0.23247995341810987,0.21677245635489562,H
2025-08-23,Ligue 1,Nice,Auxerre,H,0.6082777823480517,0.22835838141003695,0.16336383624191123,H
2025-08-23,Bundesliga,Heidenheim,Wolfsburg,A,0.37007907497922826,0.28490013601415193,0.34502078900661975,H
2025-08-23,Bundesliga,Union Berlin,Stuttgart,H,0.31614360933611957,0.2735861533437506,0.4102702373201298,A
2025-08-23,Serie A,Genoa,Lecce,D,0.5434672312167126,0.2704985913154331,0.1860341774678544,H
2025-08-23,La Liga,Mallorca,Celta,D,0.39113496991372376,0.2843218314713641,0.32454319861491204,H
2025-08-23,Ligue 1,Marseille,Paris FC,H,0.6220302766808781,0.23090255976403498,0.14706716355508687,H
2025-08-23,Bundesliga,Ein Frankfurt,Werder Bremen,H,0.5466240015173436,0.24832019541712763,0.2050558030655287,H
2025-08-23,Bundesliga,Freiburg,Augsburg,A,0.5784612987140492,0.23198360270386678,0.18955509858208408,H
2025-08-23,Premier League,Arsenal,Leeds,H,0.7920300374169731,0.15034258353988245,0.057627379043144585,H
2025-08-23,Bundesliga,St Pauli,Dortmund,D,0.1792612633160171,0.2378932109325567,0.5828455257514262,A
2025-08-23,La Liga,Levante,Barcelona,A,0.09172526661593074,0.18236417312814132,0.725910560255928,A
2025-08-23,La Liga,Ath Madrid,Elche,D,0.7727559509658175,0.16782263166160194,0.0594214173725804,H
2025-08-23,Premier League,Brentford,Aston Villa,H,0.35216162563549674,0.2699061839573364,0.37793219040716686,A
2025-08-24,La Liga,Osasuna,Valencia,H,0.4526991940356503,0.27216445118038357,0.2751363547839662,H
2025-08-24,Ligue 1,Lille,Monaco,H,0.44622816248512553,0.2393184181577971,0.3144534193570774,H
2025-08-24,La Liga,Sociedad,Espanol,D,0.4716638328174855,0.2775805926178891,0.2507555745646253,H
2025-08-24,Serie A,Atalanta,Pisa,D,0.6529643122507444,0.21999460775517293,0.12704107999408268,H
2025-08-24,Ligue 1,Le Havre,Lens,A,0.2738272702476249,0.26866818963381,0.4575045401185651,A
2025-08-24,Ligue 1,Toulouse,Brest,H,0.4340002281450613,0.24609067721549138,0.3199090946394474,H
2025-08-24,La Liga,Villarreal,Girona,H,0.7029704906425958,0.19004226249369896,0.10698724686370535,H
2025-08-24,Ligue 1,Strasbourg,Nantes,H,0.5835502164001569,0.2557609232820658,0.1606888603177774,H
2025-08-24,Ligue 1,Lorient,Rennes,H,0.36305178845493175,0.2535315769794073,0.3834166345656609,A
2025-08-24,Premier League,Crystal Palace,Nott'm Forest,D,0.4788032538643977,0.2520196518556842,0.2691770942799181,H
2025-08-24,Serie A,Juventus,Parma,H,0.7418070660891491,0.18215506332108225,0.0760378705897686,H
2025-08-24,La Liga,Oviedo,Real Madrid,A,0.13630997653669524,0.1723879621613274,0.6913020613019775,A
2025-08-24,Bundesliga,Mainz,FC Koln,A,0.6139354001077408,0.23078365160995992,0.15528094828229919,H
2025-08-24,Serie A,Como,Lazio,H,0.2925933519518099,0.25112703032738404,0.4562796177208061,A
2025-08-24,Bundesliga,M'gladbach,Hamburg,D,0.5790277948511257,0.2581775842870229,0.16279462086185137,H
2025-08-24,Premier League,Everton,Brighton,H,0.3634986104953143,0.2736364588667699,0.3628649306379158,H
2025-08-24,Premier League,Fulham,Man United,D,0.4553770723524539,0.2562857895490259,0.28833713809852024,H
2025-08-24,Serie A,Cagliari,Fiorentina,D,0.24314613867772392,0.24318837158030374,0.5136654897419722,A
2025-08-25,Serie A,Inter,Torino,H,0.7633605179124131,0.1537567217901832,0.08288276029740363,H
2025-08-25,Serie A,Udinese,Verona,D,0.4658268087508192,0.2792782390086689,0.2548949522405119,H
2025-08-25,La Liga,Ath Bilbao,Vallecano,H,0.5698638624848527,0.2636169574736546,0.16651918004149277,H
2025-08-25,Premier League,Newcastle,Liverpool,A,0.2731389311420521,0.18655890147002227,0.5403021673879256,A
2025-08-25,La Liga,Sevilla,Getafe,A,0.45013989461102294,0.2796735215742632,0.27018658381471394,H
2025-08-27,La Liga,Celta,Betis,D,0.3437803676829016,0.2570338189667591,0.39918581335033926,A
2025-08-29,Ligue 1,Lens,Brest,H,0.5582420547168877,0.22191989211035515,0.21983805317275718,H
2025-08-29,Serie A,Lecce,Milan,A,0.20577801905038706,0.23869339639844273,0.5555285845511702,A
2025-08-29,Bundesliga,Hamburg,St Pauli,A,0.3601427324307202,0.2979947979378866,0.3418624696313932,H
2025-08-29,Serie A,Cremonese,Sassuolo,H,0.4609937231354846,0.29354787809948535,0.24545839876503006,H
2025-08-29,La Liga,Elche,Levante,H,0.4247694421994229,0.27171401035185,0.3035165474487271,H
2025-08-29,La Liga,Valencia,Getafe,H,0.4757896102486976,0.27127938964767034,0.2529310001036322,H
2025-08-30,Serie A,Bologna,Como,H,0.5411673203228397,0.2495550679595506,0.20927761171760978,H
2025-08-30,Ligue 1,Lorient,Lille,A,0.2514812934271628,0.22658790897387,0.5219307975989672,A
2025-08-30,Premier League,Leeds,Newcastle,D,0.17837565121833002,0.24691071230936731,0.5747136364723027,A
2025-08-30,Ligue 1,Toulouse,Paris SG,A,0.13954146048781932,0.19483832569128282,0.6656202138208979,A
2025-08-30,Bundesliga,RB Leipzig,Heidenheim,H,0.6043750763973758,0.2535463095780544,0.14207861402456984,H
2025-08-30,Premier League,Man United,Burnley,H,0.6168568742872691,0.2307015298114599,0.1524415959012711,H
2025-08-30,Premier League,Wolves,Everton,A,0.30802326985276374,0.301856894545157,0.39011983560207913,A
2025-08-30,La Liga,Girona,Sevilla,A,0.42382837559370484,0.29028697682968546,0.28588464757660975,H
2025-08-30,La Liga,Oviedo,Sociedad,H,0.3893383580710151,0.2585430693826575,0.3521185725463274,H
2025-08-30,Bundesliga,Werder Bremen,Leverkusen,D,0.22264909976226258,0.19883575408079793,0.5785151461569396,A
2025-08-30,Bundesliga,Hoffenheim,Ein Frankfurt,A,0.24018358504646314,0.2712684898391995,0.4885479251143374,A
2025-08-30,Serie A,Napoli,Cagliari,H,0.7475662844969112,0.17448585338462835,0.07794786211846032,H
2025-08-30,Serie A,Parma,Atalanta,D,0.14919774036149053,0.21239888195835074,0.6384033776801589,A
2025-08-30,La Liga,Real Madrid,Mallorca,H,0.7948179604516863,0.14712331978914686,0.05805871975916696,H
2025-08-30,La Liga,Alaves,Ath Madrid,D,0.18807554203615193,0.23369986947198745,0.5782245884918606,A
2025-08-30,Bundesliga,Augsburg,Bayern Munich,A,0.08917518848066802,0.17940206350556462,0.7314227480137674,A
2025-08-30,Ligue 1,Nantes,Auxerre,H,0.4221596235327849,0.25808113402693234,0.31975924244028264,H
2025-08-30,Serie A,Pisa,Roma,A,0.22845768554998566,0.2213440811411357,0.5501982333088786,A
2025-08-30,Bundesliga,Stuttgart,M'gladbach,H,0.5699964690545091,0.22831193365092076,0.2016915972945702,H
2025-08-30,Premier League,Tottenham,Bournemouth,A,0.3956616945431226,0.2649850565615336,0.3393532488953437,H
2025-08-30,Premier League,Chelsea,Fulham,H,0.6126568057635216,0.214103558450065,0.17323963578641333,H
2025-08-30,Premier League,Sunderland,Brentford,H,0.19037011037856982,0.25905311885816085,0.5505767707632694,A
2025-08-31,Ligue 1,Le Havre,Nice,H,0.19483559999279076,0.2587982570889607,0.5463661429182485,A
2025-08-31,Premier League,Aston Villa,Crystal Palace,A,0.46761488657598305,0.2583240461921324,0.2740610672318846,H
2025-08-31,Bundesliga,Wolfsburg,Mainz,D,0.3784576876902957,0.2717086253034188,0.3498336870062854,H
2025-08-31,La Liga,Vallecano,Barcelona,D,0.1408285792128094,0.1927244812019463,0.6664469395852444,A
2025-08-31,Premier League,Brighton,Man City,H,0.25179841174672657,0.2317448340710038,0.5164567541822697,A
2025-08-31,Bundesliga,Dortmund,Union Berlin,H,0.6917247936459723,0.1954095142108017,0.11286569214322599,H
2025-08-31,Serie A,Lazio,Verona,H,0.6308543675549556,0.23079007853642736,0.13835555390861698,H
2025-08-31,La Liga,Betis,Ath Bilbao,A,0.3926264110001819,0.25751693658962604,0.34985665241019204,H
2025-08-31,Ligue 1,Monaco,Strasbourg,H,0.5235859432252163,0.24396378833852195,0.23245026843626168,H
2025-08-31,Ligue 1,Lyon,Marseille,H,0.4273299533286543,0.24785713166505435,0.3248129150062913,H
2025-08-31,Serie A,Torino,Fiorentina,D,0.2770220622646197,0.24935632338891317,0.47362161434646727,A
2025-08-31,Ligue 1,Angers,Rennes,D,0.31823301046759256,0.27812762257365575,0.40363936695875174,A
2025-08-31,Premier League,Liverpool,Arsenal,H,0.48617192627510586,0.22452918940513159,0.2892988843197626,H
2025-08-31,Serie A,Inter,Udinese,A,0.8117498627581928,0.13437850523262365,0.05387163200918344,H
2025-08-31,La Liga,Espanol,Osasuna,H,0.3457402086293466,0.3030227570124046,0.35123703435824877,A
2025-08-31,La Liga,Celta,Villarreal,D,0.22290770606395147,0.2615170050409634,0.5155752888950851,A
2025-08-31,Serie A,Genoa,Juventus,A,0.22925844313110966,0.23215638188929386,0.5385851749795965,A
2025-08-31,Bundesliga,FC Koln,Freiburg,H,0.33159600784980914,0.27241367373476033,0.3959903184154304,A
2025-08-31,Ligue 1,Paris FC,Metz,H,0.5580177202774015,0.2379833338079517,0.20399894591464673,H
2025-08-31,Premier League,Nott'm Forest,West Ham,A,0.6020948245146752,0.22659806196681642,0.1713071135185084,H
2025-09-12,Bundesliga,Leverkusen,Ein Frankfurt,H,0.5580302914286366,0.2249661414711527,0.21700356710021065,H
2025-09-12,La Liga,Sevilla,Elche,D,0.4734094745499229,0.3043872077737569,0.22220331767632034,H
2025-09-12,Ligue 1,Marseille,Lorient,H,0.6844560424616742,0.200999477216253,0.11454448032207264,H
2025-09-13,Premier League,Brentford,Chelsea,D,0.28534577672467426,0.2666105647175168,0.4480436585578089,A
2025-09-13,Premier League,Newcastle,Wolves,H,0.6526462902631481,0.19269473767389697,0.15465897206295492,H
2025-09-13,Bundesliga,Bayern Munich,Hamburg,H,0.873262474207898,0.10255974540296449,0.024177780389137583,H
2025-09-13,Premier League,Everton,Aston Villa,D,0.4031778507718161,0.25026393108310224,0.3465582181450817,H
2025-09-13,Serie A,Juventus,Inter,H,0.3312477029862822,0.2320116962083584,0.4367406008053595,A
2025-09-13,Premier League,Crystal Palace,Sunderland,D,0.7460510899518669,0.18140016291862182,0.07254874712951134,H
2025-09-13,La Liga,Sociedad,Real Madrid,A,0.1393934266936332,0.20737449238006916,0.6532320809262976,A
2025-09-13,Premier League,West Ham,Tottenham,A,0.4302418421473081,0.28225050574196886,0.28750765211072316,H
2025-09-13,Premier League,Bournemouth,Brighton,H,0.3820070560126181,0.2699828824969974,0.3480100614903846,H
2025-09-13,La Liga,Ath Madrid,Villarreal,H,0.4666789135637142,0.24024029218232001,0.2930807942539658,H
2025-09-13,Serie A,Fiorentina,Napoli,A,0.32094350889896783,0.24635057111653777,0.43270591998449426,A
2025-09-13,Premier League,Arsenal,Nott'm Forest,H,0.7009414556891866,0.18451909600690627,0.114539448303907,H
2025-09-13,Serie A,Cagliari,Parma,H,0.4562797115942848,0.2829300968469075,0.26079019155880767,H
2025-09-13,Bundesliga,Wolfsburg,FC Koln,D,0.4729479676730316,0.2900976938008178,0.23695433852615058,H
2025-09-13,Bundesliga,Union Berlin,Hoffenheim,A,0.47437591510413496,0.26378444563568326,0.2618396392601818,H
2025-09-13,Bundesliga,Freiburg,Stuttgart,H,0.3673669242548246,0.28929931069198533,0.34333376505319,H
2025-09-13,Ligue 1,Auxerre,Monaco,A,0.23915451863068507,0.2350592025198884,0.5257862788494265,A
2025-09-13,La Liga,Ath Bilbao,Alaves,A,0.6265480913117188,0.24587998591544022,0.1275719227728409,H
2025-09-13,Bundesliga,Mainz,RB Leipzig,A,0.4238966470507929,0.22333396434109995,0.3527693886081072,H
2025-09-13,Ligue 1,Nice,Nantes,H,0.6338539151061402,0.22863912538447903,0.1375069595093808,H
2025-09-13,Bundesliga,Heidenheim,Dortmund,A,0.13819668157563395,0.22994668800427298,0.6318566304200931,A
2025-09-13,La Liga,Getafe,Oviedo,H,0.41488760750271575,0.2909958391631396,0.2941165533341447,H
2025-09-13,Premier League,Fulham,Leeds,H,0.6185444499596523,0.22589918143120408,0.1555563686091437,H
2025-09-14,Serie A,Roma,Torino,A,0.7070853300572282,0.17861652040465484,0.11429814953811691,H
2025-09-14,Ligue 1,Lille,Toulouse,H,0.6648303698481006,0.20298997049026768,0.13217965966163175,H
2025-09-14,Serie A,Atalanta,Lecce,H,0.7133237706537172,0.20379090075400044,0.0828853285922824,H
2025-09-14,Serie A,Pisa,Udinese,A,0.4455887692741296,0.24442507403091482,0.3099861566949556,H
2025-09-14,Ligue 1,Brest,Paris FC,A,0.5036432684241742,0.268756358679521,0.22760037289630475,H
2025-09-14,Bundesliga,St Pauli,Augsburg,H,0.4349445989435398,0.24834800890329284,0.31670739215316734,H
2025-09-14,La Liga,Osasuna,Vallecano,H,0.43940237006806326,0.2788558960339154,0.28174173389802143,H
2025-09-14,Ligue 1,Metz,Angers,D,0.38758692251439475,0.3108126806159206,0.3016003968696847,H
2025-09-14,Ligue 1,Strasbourg,Le Havre,H,0.6204020941892289,0.22596349835576068,0.15363440745501045,H
2025-09-14,Bundesliga,M'gladbach,Werder Bremen,A,0.3544532005519109,0.2558803358391793,0.3896664636089097,A
2025-09-14,Premier League,Man City,Man United,H,0.7061381746052109,0.18702574595260985,0.1068360794421793,H
2025-09-14,Serie A,Milan,Bologna,H,0.5100390877437386,0.2149214354800291,0.2750394767762322,H
2025-09-14,Ligue 1,Rennes,Lyon,H,0.2728052682705205,0.27834324217367834,0.44885148955580123,A
2025-09-14,Serie A,Sassuolo,Lazio,H,0.17373538851858777,0.22003452117858438,0.6062300903028278,A
2025-09-14,La Liga,Levante,Betis,D,0.2760183367423194,0.2644889447853344,0.45949271847234624,A
2025-09-14,La Liga,Celta,Girona,D,0.5894900025046388,0.21309885042170032,0.19741114707366086,H
2025-09-14,La Liga,Barcelona,Valencia,H,0.7540203510888371,0.16765054030543913,0.0783291086057238,H
2025-09-14,Premier League,Burnley,Liverpool,A,0.07579926519087186,0.14701726642396717,0.7771834683851611,A
2025-09-14,Ligue 1,Paris SG,Lens,H,0.7169620708326341,0.1822001923456379,0.10083773682172806,H
2025-09-15,Serie A,Como,Genoa,D,0.4719586452594193,0.2637606940181545,0.26428066072242634,H
2025-09-15,La Liga,Espanol,Mallorca,H,0.4651935842598541,0.27438531410151235,0.2604211016386335,H
2025-09-15,Serie A,Verona,Cremonese,D,0.43320318273246755,0.28609523308569723,0.28070158418183533,H
2025-09-19,Serie A,Lecce,Cagliari,A,0.3612758570771199,0.3203563073544634,0.3183678355684168,H
2025-09-19,Ligue 1,Lyon,Angers,H,0.6916251623950972,0.21398804633437923,0.09438679127052353,H
2025-09-19,La Liga,Betis,Sociedad,H,0.5515863971610874,0.23683035568483182,0.2115832471540808,H
2025-09-19,Bundesliga,Stuttgart,St Pauli,H,0.5700390807051712,0.2489064181955803,0.18105450109924853,H
2025-09-20,Ligue 1,Lens,Lille,H,0.343480737718249,0.25197941087053155,0.4045398514112195,A
2025-09-20,Serie A,Udinese,Milan,A,0.2601227949923311,0.2515178752840022,0.4883593297236667,A
2025-09-20,Premier League,Wolves,Leeds,A,0.5231666236720095,0.2585588655119876,0.21827451081600294,H
2025-09-20,Bundesliga,Hoffenheim,Bayern Munich,A,0.08053084757901752,0.18323736971719967,0.7362317827037828,A
2025-09-20,La Liga,Girona,Levante,A,0.39417677854150585,0.2983076665571882,0.3075155549013059,H
2025-09-20,Premier League,Brighton,Tottenham,D,0.5306490074625901,0.2598852664470232,0.20946572609038672,H
2025-09-20,Premier League,Burnley,Nott'm Forest,D,0.2556675510144688,0.2509301427702438,0.4934023062152876,A
2025-09-20,Serie A,Bologna,Genoa,H,0.564770176700084,0.23975851849311505,0.19547130480680092,H
2025-09-20,Premier League,Fulham,Brentford,H,0.41604057825343904,0.2583324136632532,0.3256270080833078,H
2025-09-20,Bundesliga,Hamburg,Heidenheim,H,0.37269366896474393,0.30173160099518065,0.3255747300400755,H
2025-09-20,Bundesliga,RB Leipzig,FC Koln,H,0.5817169271308398,0.2514507866309038,0.16683228623825636,H
2025-09-20,Serie A,Verona,Juventus,D,0.14653542056290225,0.2223663884416844,0.6310981909954134,A
2025-09-20,Bundesliga,Werder Bremen,Freiburg,A,0.5160208165867367,0.2282849072229912,0.25569427619027213,H
2025-09-20,Premier League,West Ham,Crystal Palace,A,0.26333040889564907,0.28563061495468833,0.4510389761496626,A
2025-09-20,Bundesliga,Augsburg,Mainz,A,0.3597582849852224,0.2756730102431954,0.3645687047715822,A
2025-09-20,Ligue 1,Brest,Nice,H,0.28284870833263515,0.2724943762157343,0.4446569154516305,A
2025-09-20,Ligue 1,Nantes,Rennes,D,0.38654486742594124,0.25845855307488025,0.3549965794991786,H
2025-09-20,La Liga,Real Madrid,Espanol,H,0.7647150230715992,0.17392362970080133,0.06136134722759948,H
2025-09-20,Premier League,Liverpool,Everton,H,0.7039509715755521,0.19698019532722327,0.09906883309722475,H
2025-09-20,Premier League,Man United,Chelsea,H,0.24521164013057953,0.2590997093091294,0.4956886505602911,A
2025-09-20,La Liga,Villarreal,Osasuna,H,0.6139665530477598,0.22602891050948384,0.16000453644275642,H
2025-09-20,La Liga,Valencia,Ath Bilbao,H,0.2890984078444862,0.2513554567505706,0.4595461354049432,A
2025-09-20,La Liga,Alaves,Sevilla,A,0.4736143807339491,0.2662322502951629,0.2601533689708881,H
2025-09-21,Bundesliga,Dortmund,Wolfsburg,H,0.6703942822044816,0.20769046430496652,0.12191525349055178,H
2025-09-21,Ligue 1,Monaco,Metz,H,0.7476975804484636,0.1808543135880375,0.07144810596349888,H
2025-09-21,Ligue 1,Paris FC,Strasbourg,A,0.3186031984135663,0.26883434768941655,0.4125624538970172,A
2025-09-21,Serie A,Cremonese,Parma,D,0.5070782837712721,0.28194463913344237,0.21097707709528563,H
2025-09-21,La Liga,Elche,Oviedo,H,0.4160144388122703,0.27421415252353054,0.3097714086641992,H
2025-09-21,La Liga,Mallorca,Ath Madrid,D,0.17131903458002504,0.22414707511232557,0.6045338903076495,A
2025-09-21,La Liga,Vallecano,Celta,D,0.4342614826876414,0.2659509309802517,0.2997875863321069,H
2025-09-21,Premier League,Arsenal,Man City,D,0.4769166597959218,0.216646014144365,0.30643732605971324,H
2025-09-21,Premier League,Bournemouth,Newcastle,D,0.3706761425167478,0.2650605121488858,0.36426334533436633,H
2025-09-21,Premier League,Sunderland,Aston Villa,D,0.17816366317032675,0.23212029431478542,0.5897160425148879,A
2025-09-21,Bundesliga,Ein Frankfurt,Union Berlin,A,0.6819943172442924,0.19399420076980253,0.12401148198590518,H
2025-09-21,Ligue 1,Auxerre,Toulouse,H,0.3796613057277633,0.2716455189289521,0.3486931753432847,H
2025-09-21,La Liga,Barcelona,Getafe,H,0.8240392752807567,0.13096544137976973,0.04499528333947349,H
2025-09-21,Bundesliga,Leverkusen,M'gladbach,D,0.7771365972560417,0.15233291986177416,0.07053048288218412,H
2025-09-21,Serie A,Lazio,Roma,A,0.39587659016053284,0.24481266663059903,0.35931074320886813,H
2025-09-21,Serie A,Inter,Sassuolo,H,0.8294824601319852,0.12592244408503644,0.04459509578297826,H
2025-09-21,Ligue 1,Le Havre,Lorient,D,0.46678691320844873,0.27396690282909536,0.25924618396245586,H
2025-09-21,Serie A,Fiorentina,Como,A,0.5389686514239878,0.25052849777754715,0.21050285079846515,H
2025-09-21,Serie A,Torino,Atalanta,A,0.22432691004163832,0.23421480965291036,0.5414582803054514,A
2025-09-22,Serie A,Napoli,Pisa,H,0.7227329819321479,0.18843173131291827,0.08883528675493389,H
2025-09-22,Ligue 1,Marseille,Paris SG,H,0.25258350908426824,0.20600425918929532,0.5414122317264365,A
2025-09-23,La Liga,Ath Bilbao,Girona,D,0.7173511716717653,0.17908307904099682,0.10356574928723786,H
2025-09-23,La Liga,Levante,Real Madrid,A,0.11902730238038617,0.1866359338666482,0.6943367637529657,A
2025-09-23,La Liga,Espanol,Valencia,D,0.42044283070777844,0.2816694661127983,0.29788770317942315,H
2025-09-23,La Liga,Sevilla,Villarreal,A,0.22687259412596178,0.2527534547491648,0.5203739511248735,A
2025-09-24,La Liga,Sociedad,Mallorca,H,0.4829371981739766,0.25303087786915335,0.26403192395687003,H
2025-09-24,La Liga,Ath Madrid,Vallecano,H,0.6385703682693742,0.21288041438981006,0.14854921734081578,H
2025-09-24,La Liga,Getafe,Alaves,D,0.4047678138781023,0.3045116955849772,0.2907204905369205,H
2025-09-25,La Liga,Oviedo,Barcelona,A,0.07333302614774546,0.16690259343852712,0.7597643804137273,A
2025-09-25,La Liga,Osasuna,Elche,D,0.5392265739111074,0.2767987591134527,0.18397466697543996,H
2025-09-26,Bundesliga,Bayern Munich,Werder Bremen,H,0.8220129334321875,0.1198985341960604,0.05808853237175194,H
2025-09-26,La Liga,Girona,Espanol,D,0.34447806613590937,0.30219262342551095,0.3533293104385797,A
2025-09-26,Ligue 1,Strasbourg,Marseille,A,0.35219341249252867,0.2704792826238353,0.3773273048836362,A
2025-09-27,Bundesliga,Mainz,Dortmund,A,0.2856083344677595,0.25299753448489565,0.4613941310473447,A
2025-09-27,Premier League,Man City,Burnley,H,0.8257474252847514,0.1323703875245427,0.04188218719070587,H
2025-09-27,Premier League,Leeds,Bournemouth,D,0.2766160819607463,0.28738436784708293,0.4359995501921708,A
2025-09-27,Premier League,Chelsea,Brighton,A,0.5773711891231949,0.21078168077372905,0.21184713010307618,H
2025-09-27,Premier League,Tottenham,Wolves,D,0.5925141443919559,0.22046378933874633,0.18702206626929774,H
2025-09-27,Premier League,Nott'm Forest,Sunderland,A,0.6023711520366939,0.26715905185235894,0.13046979611094725,H
2025-09-27,Bundesliga,Heidenheim,Augsburg,H,0.3252850665438527,0.2708140076698254,0.4039009257863219,A
2025-09-27,Bundesliga,St Pauli,Leverkusen,A,0.15495570756622795,0.19526210965239524,0.6497821827813768,A
2025-09-27,Ligue 1,Paris SG,Auxerre,H,0.809443717828598,0.14077288272945537,0.049783399441946534,H
2025-09-27,Ligue 1,Toulouse,Nantes,D,0.4956229975077223,0.27667660766524405,0.2277003948270337,H
2025-09-27,La Liga,Getafe,Levante,D,0.43678099994703706,0.284543182436744,0.27867581761621907,H
2025-09-27,Serie A,Juventus,Atalanta,D,0.45894964865339455,0.2395842725576519,0.30146607878895354,H
2025-09-27,Ligue 1,Lorient,Monaco,H,0.1552068662564651,0.23224752253712802,0.612545611206407,A
2025-09-27,Premier League,Brentford,Man United,H,0.46306602172827793,0.2587198635970492,0.278214114674673,H
2025-09-27,Serie A,Cagliari,Inter,A,0.10762213016646172,0.17353055020056546,0.7188473196329728,A
2025-09-27,Bundesliga,M'gladbach,Ein Frankfurt,A,0.24171741408122652,0.24390908956130603,0.5143734963574674,A
2025-09-27,La Liga,Mallorca,Alaves,H,0.40505339767247495,0.27737373586920155,0.3175728664583234,H
2025-09-27,Serie A,Como,Cremonese,D,0.5326881690159864,0.2812620835843349,0.18604974739967875,H
2025-09-27,Bundesliga,Wolfsburg,RB Leipzig,A,0.3433630720773813,0.24496024062349686,0.4116766872991219,A
2025-09-27,La Liga,Ath Madrid,Real Madrid,H,0.2825578692371702,0.22929779258872152,0.48814433817410835,A
2025-09-27,Premier League,Crystal Palace,Liverpool,H,0.25384464817073227,0.21871181147891275,0.527443540350355,A
2025-09-27,La Liga,Villarreal,Ath Bilbao,H,0.5277416090330318,0.2302307627521354,0.24202762821483279,H
2025-09-28,Serie A,Sassuolo,Udinese,H,0.37560420459553423,0.27968305800607934,0.3447127373983864,H
2025-09-28,Ligue 1,Metz,Le Havre,D,0.33221307610963363,0.29574719960907275,0.37203972428129356,A
2025-09-28,La Liga,Barcelona,Sociedad,H,0.8156982400731837,0.13014509885571116,0.054156661071105075,H
2025-09-28,Ligue 1,Angers,Brest,A,0.2547940698341309,0.243062409130935,0.5021435210349341,A
2025-09-28,Serie A,Roma,Verona,H,0.7135532322115355,0.19599657106385945,0.09045019672460494,H
2025-09-28,Premier League,Newcastle,Arsenal,A,0.24678717958394147,0.22607638264278712,0.5271364377732713,A
2025-09-28,Ligue 1,Lille,Lyon,A,0.5229367282769856,0.24311228829131473,0.23395098343169968,H
2025-09-28,Serie A,Pisa,Fiorentina,D,0.29553329016746926,0.23440132352548984,0.47006538630704087,A
2025-09-28,Bundesliga,Freiburg,Hoffenheim,D,0.598132517620532,0.2235753353211925,0.17829214705827554,H
2025-09-28,Bundesliga,Union Berlin,Hamburg,D,0.5859113590021433,0.2644492195234437,0.14963942147441306,H
2025-09-28,La Liga,Vallecano,Sevilla,A,0.47752856842350067,0.2717260956236979,0.25074533595280135,H
2025-09-28,La Liga,Elche,Celta,H,0.33730353783159756,0.286697527732374,0.37599893443602844,A
2025-09-28,Bundesliga,FC Koln,Stuttgart,A,0.33071593000780963,0.2749600108605499,0.3943240591316405,A
2025-09-28,Serie A,Lecce,Bologna,D,0.2016709553956541,0.23980937152678033,0.5585196730775654,A
2025-09-28,Premier League,Aston Villa,Fulham,H,0.5055416670221039,0.25061078498345624,0.2438475479944399,H
2025-09-28,La Liga,Betis,Osasuna,H,0.5253523560996824,0.2578009703295416,0.21684667357077592,H
2025-09-28,Serie A,Milan,Napoli,H,0.37765986647386884,0.2454776398824011,0.3768624936437301,H
2025-09-28,Ligue 1,Nice,Paris FC,D,0.5946073542296438,0.23087204615169507,0.17452059961866112,H
2025-09-28,Ligue 1,Rennes,Lens,D,0.32986747844530595,0.27387716246488,0.39625535908981413,A
2025-09-29,Premier League,Everton,West Ham,D,0.6015271111737399,0.218081795550961,0.18039109327529917,H
2025-09-29,Serie A,Genoa,Lazio,A,0.29247183828956447,0.24304716650162878,0.4644809952088068,A
2025-09-29,Serie A,Parma,Torino,H,0.3629411967912393,0.2610628720818446,0.37599593112691615,A
2025-09-30,La Liga,Valencia,Oviedo,A,0.5386738073055576,0.2557568806709662,0.2055693120234763,H
2025-10-03,La Liga,Osasuna,Getafe,H,0.5235529629517628,0.25330689252056293,0.22314014452767433,H
2025-10-03,Serie A,Verona,Sassuolo,A,0.4164402401078433,0.2918550286718228,0.29170473122033386,H
2025-10-03,Premier League,Bournemouth,Fulham,H,0.4786168000280794,0.2631736025278338,0.25820959744408684,H
2025-10-03,Bundesliga,Hoffenheim,FC Koln,A,0.4535701124752138,0.28634600303161645,0.2600838844931697,H
2025-10-03,Ligue 1,Paris FC,Lorient,H,0.5193557012221779,0.262326728941197,0.21831756983662512,H
2025-10-04,Ligue 1,Metz,Marseille,A,0.12298976482069394,0.22429391232854437,0.6527163228507616,A
2025-10-04,Premier League,Arsenal,West Ham,H,0.8069427580988934,0.1330152318092056,0.06004201009190109,H
2025-10-04,Serie A,Atalanta,Como,D,0.6482484702797827,0.20994899996621885,0.14180252975399843,H
2025-10-04,Serie A,Inter,Cremonese,H,0.7979014479848419,0.15010328086112426,0.05199527115403382,H
2025-10-04,Serie A,Lazio,Torino,D,0.6578889494374218,0.19156148113000382,0.1505495694325744,H
2025-10-04,Bundesliga,Werder Bremen,St Pauli,H,0.5058193881389539,0.273966304696877,0.22021430716416918,H
2025-10-04,Ligue 1,Brest,Nantes,D,0.5699385171104406,0.24865757117935378,0.18140391171020556,H
2025-10-04,Premier League,Chelsea,Liverpool,H,0.33858782121640135,0.21825364211290116,0.4431585366706975,A
2025-10-04,La Liga,Girona,Valencia,H,0.36296382585853126,0.2762343665478626,0.3608018075936061,H
2025-10-04,Ligue 1,Auxerre,Lens,A,0.26467627318121567,0.2670822470925115,0.4682414797262727,A
2025-10-04,La Liga,Oviedo,Levante,A,0.4404050468607984,0.286626190190088,0.27296876294911354,H
2025-10-04,Bundesliga,Ein Frankfurt,Bayern Munich,A,0.17769240761044264,0.21470105722822766,0.6076065351613297,A
2025-10-04,Bundesliga,Dortmund,RB Leipzig,D,0.5830230749134118,0.22051533652612104,0.1964615885604672,H
2025-10-04,Premier League,Man United,Sunderland,H,0.5806633104648397,0.277234055264733,0.14210263427042727,H
2025-10-04,La Liga,Real Madrid,Villarreal,H,0.6390881112019763,0.20410003894972184,0.15681184984830182,H
2025-10-04,Bundesliga,Leverkusen,Union Berlin,H,0.7430061436919929,0.1678878125987119,0.08910604370929519,H
2025-10-04,La Liga,Ath Bilbao,Mallorca,H,0.6107599191088178,0.22981791818758984,0.1594221627035923,H
2025-10-04,Bundesliga,Augsburg,Wolfsburg,H,0.4010064835862187,0.27828243935790076,0.3207110770558806,H
2025-10-04,Serie A,Parma,Lecce,A,0.4440395048600573,0.2771304603981328,0.27883003474180984,H
2025-10-04,Premier League,Leeds,Tottenham,A,0.3070820336625892,0.30211385296439636,0.3908041133730145,A
2025-10-05,Serie A,Bologna,Pisa,H,0.6109634333432266,0.22999962976158675,0.15903693689518675,H
2025-10-05,Premier League,Brentford,Man City,A,0.19769039075213207,0.20845337099918068,0.5938562382486873,A
2025-10-05,Premier League,Wolves,Brighton,D,0.26603219604403217,0.2421468924276727,0.4918209115282951,A
2025-10-05,Premier League,Newcastle,Nott'm Forest,H,0.5781265713082901,0.21656051028136844,0.20531291841034138,H
2025-10-05,Ligue 1,Lille,Paris SG,D,0.248577532114568,0.20932585847340823,0.5420966094120238,A
2025-10-05,La Liga,Sociedad,Vallecano,A,0.43487611100502715,0.2628093930521501,0.3023144959428227,H
2025-10-05,Serie A,Juventus,Milan,D,0.4917013752599108,0.24502974659051632,0.2632688781495729,H
2025-10-05,Premier League,Everton,Crystal Palace,H,0.3662362506105081,0.2707812890681389,0.362982460321353,H
2025-10-05,Ligue 1,Le Havre,Rennes,D,0.35415045983461163,0.26401113684367356,0.38183840332171476,A
2025-10-05,Ligue 1,Monaco,Nice,D,0.5630444073153584,0.22290066053061225,0.21405493215402938,H
2025-10-05,Serie A,Napoli,Genoa,H,0.7343625048773164,0.1772752165720029,0.08836227855068081,H
2025-10-05,La Liga,Celta,Ath Madrid,D,0.22139314049647354,0.22895188453081586,0.5496549749727107,A
2025-10-05,Bundesliga,Stuttgart,Heidenheim,H,0.6499498050706682,0.2211724264033873,0.12887776852594446,H
2025-10-05,Ligue 1,Strasbourg,Angers,H,0.6550693039776898,0.22825936066909222,0.11667133535321796,H
2025-10-05,Bundesliga,Hamburg,Mainz,H,0.24403587071982924,0.27946180265980286,0.4765023266203679,A
2025-10-05,La Liga,Espanol,Betis,A,0.2899143458455891,0.2695677710545267,0.44051788309988416,A
2025-10-05,La Liga,Sevilla,Barcelona,H,0.09638693023670335,0.18215711070576024,0.7214559590575363,A
2025-10-05,Premier League,Aston Villa,Burnley,H,0.7102386190652383,0.1968906884024502,0.09287069253231148,H
2025-10-05,Serie A,Fiorentina,Roma,A,0.33390349518838963,0.24986307363969526,0.4162334311719151,A
2025-10-05,Bundesliga,M'gladbach,Freiburg,D,0.3064561515540974,0.263629282526787,0.4299145659191156,A
2025-10-05,La Liga,Alaves,Elche,H,0.46343885649559813,0.2983803549363142,0.23818078856808755,H
2025-10-05,Serie A,Udinese,Cagliari,D,0.44674311731384414,0.30065599650614605,0.2526008861800098,H
2025-10-05,Ligue 1,Lyon,Toulouse,A,0.6136065360401711,0.22011979842001803,0.16627366553981077,H
2025-10-17,La Liga,Oviedo,Espanol,A,0.3905785740749274,0.28303787749638204,0.3263835484286906,H
2025-10-17,Bundesliga,Union Berlin,M'gladbach,H,0.48303697000025897,0.2582867550142618,0.25867627498547924,H
2025-10-17,Ligue 1,Paris SG,Strasbourg,D,0.7042059623946766,0.17736216065580745,0.11843187694951599,H
2025-10-18,Premier League,Sunderland,Wolves,H,0.33272821651301593,0.2879729355335902,0.37929884795339397,A
2025-10-18,Serie A,Pisa,Verona,D,0.47605561909125416,0.26790385024163144,0.2560405306671144,H
2025-10-18,Premier League,Crystal Palace,Bournemouth,D,0.49181631404663206,0.261822076058769,0.24636160989459896,H
2025-10-18,Bundesliga,FC Koln,Augsburg,D,0.4592419558996523,0.2565643712666871,0.2841936728336606,H
2025-10-18,La Liga,Ath Madrid,Osasuna,H,0.6616500150190315,0.20834586614614717,0.13000411883482124,H
2025-10-18,Premier League,Fulham,Arsenal,A,0.17126993748950892,0.21455192880822785,0.6141781337022633,A
2025-10-18,Ligue 1,Angers,Monaco,D,0.14127610706578117,0.21254721964565038,0.6461766732885685,A
2025-10-18,Ligue 1,Marseille,Le Havre,H,0.6965359456339619,0.2046045931165577,0.09885946124948045,H
2025-10-18,Ligue 1,Nice,Lyon,H,0.4130399379164181,0.2554956472674954,0.33146441481608646,H
2025-10-18,Serie A,Roma,Inter,A,0.33840195759595637,0.21926706459968862,0.4423309778043549,A
2025-10-18,Bundesliga,Mainz,Leverkusen,A,0.1899568448210774,0.2168802326173115,0.5931629225616111,A
2025-10-18,Premier League,Nott'm Forest,Chelsea,A,0.26202597814094325,0.23763794872814148,0.5003360731309152,A
2025-10-18,Premier League,Man City,Everton,H,0.7058649976169712,0.18059231536316303,0.11354268701986577,H
2025-10-18,La Liga,Barcelona,Girona,H,0.8230779678764434,0.1319594329018421,0.044962599221714514,H
2025-10-18,Serie A,Lecce,Sassuolo,D,0.39242196339304714,0.3071686035783988,0.30040943302855405,H
2025-10-18,Bundesliga,Heidenheim,Werder Bremen,D,0.2935168302570697,0.2641482228541128,0.44233494688881747,A
2025-10-18,Premier League,Burnley,Leeds,H,0.341424924996356,0.30520643828714467,0.35336863671649926,A
2025-10-18,Bundesliga,RB Leipzig,Hamburg,H,0.6984673740842466,0.20747613546504176,0.09405649045071164,H
2025-10-18,Premier League,Brighton,Newcastle,H,0.4303265769516571,0.2593018166968606,0.3103716063514823,H
2025-10-18,La Liga,Villarreal,Betis,D,0.4734674140940926,0.26086029943375383,0.26567228647215363,H
2025-10-18,Bundesliga,Wolfsburg,Stuttgart,A,0.3317724474372447,0.27267941657100236,0.39554813599175304,A
2025-10-18,Bundesliga,Bayern Munich,Dortmund,H,0.6895516799291195,0.18320780984045848,0.127240510230422,H
2025-10-18,Serie A,Torino,Napoli,H,0.20553150587382252,0.2223678598640697,0.5721006342621078,A
2025-10-18,La Liga,Sevilla,Mallorca,A,0.49349768144421247,0.2725498303508443,0.23395248820494313,H
2025-10-19,Serie A,Genoa,Parma,D,0.5038756980291971,0.2770056725034701,0.21911862946733285,H
2025-10-19,Ligue 1,Rennes,Auxerre,D,0.5425006985656897,0.2478087050144,0.20969059641991028,H
2025-10-19,Ligue 1,Lens,Paris FC,H,0.5972854838969951,0.24149273373749508,0.16122178236550988,H
2025-10-19,Serie A,Milan,Fiorentina,H,0.5769062260977268,0.217613606046401,0.20548016785587214,H
2025-10-19,La Liga,Celta,Sociedad,D,0.4859483714719819,0.25361895583903815,0.26043267268898007,H
2025-10-19,Serie A,Cagliari,Bologna,A,0.2244410756358144,0.25778755133590875,0.5177713730282768,A
2025-10-19,Serie A,Como,Juventus,H,0.2597020130549617,0.22908876067569592,0.5112092262693424,A
2025-10-19,La Liga,Levante,Vallecano,A,0.4194887713021405,0.27076380000956185,0.3097474286882977,H
2025-10-19,Premier League,Liverpool,Man United,A,0.7231147299290669,0.1794928600448403,0.09739241002609278,H
2025-10-19,Premier League,Tottenham,Aston Villa,A,0.3501460458103782,0.25127419520239913,0.3985797589872227,A
2025-10-19,La Liga,Elche,Ath Bilbao,D,0.23129337884535617,0.24568116122145855,0.5230254599331853,A
2025-10-19,Bundesliga,Freiburg,Ein Frankfurt,D,0.41225418372759354,0.22734779903823316,0.36039801723417336,H
2025-10-19,Ligue 1,Nantes,Lille,A,0.2104015031363496,0.22997981358541694,0.5596186832782335,A
2025-10-19,Ligue 1,Toulouse,Metz,H,0.6390962269087982,0.22669663842324245,0.13420713466795942,H
2025-10-19,La Liga,Getafe,Real Madrid,A,0.10916547657159165,0.16890343686289785,0.7219310865655104,A
2025-10-19,Bundesliga,St Pauli,Hoffenheim,A,0.4253433080267578,0.2671358384728112,0.30752085350043096,H
2025-10-19,Serie A,Atalanta,Lazio,D,0.5190664547794187,0.22943357348735335,0.2514999717332279,H
2025-10-19,Ligue 1,Lorient,Brest,D,0.23895148205157207,0.28788247613528584,0.47316604181314215,A
2025-10-20,Serie A,Cremonese,Udinese,D,0.4289819237018234,0.2812344429119378,0.2897836333862389,H
2025-10-20,La Liga,Alaves,Valencia,D,0.46646872542361223,0.250966702933613,0.2825645716427749,H
2025-10-20,Premier League,West Ham,Brentford,A,0.34419518035723184,0.25854087460559766,0.39726394503717044,A
2025-10-24,Serie A,Milan,Pisa,D,0.7173241968830523,0.18761161024858536,0.09506419286836244,H
2025-10-24,La Liga,Sociedad,Sevilla,H,0.4326471551119593,0.2850093745285574,0.28234347035948343,H
2025-10-24,Bundesliga,Werder Bremen,Union Berlin,H,0.4781785023419853,0.2648837498942009,0.2569377477638138,H
2025-10-24,Premier League,Leeds,West Ham,H,0.42299642129276593,0.2628855086915429,0.3141180700156911,H
2025-10-24,Ligue 1,Paris FC,Nantes,A,0.4820797272100239,0.2690623565119586,0.24885791627801754,H
2025-10-25,Serie A,Napoli,Inter,H,0.3699296492930451,0.2229106898002439,0.407159660906711,A
2025-10-25,Premier League,Man United,Brighton,H,0.3461524347333518,0.26869833832462703,0.38514922694202114,A
2025-10-25,Bundesliga,Hoffenheim,Heidenheim,H,0.5397797344698877,0.2632883143474049,0.19693195118270737,H
2025-10-25,Premier League,Newcastle,Fulham,H,0.5640871875063589,0.23230786479178248,0.20360494770185864,H
2025-10-25,Serie A,Parma,Como,D,0.25719448492869423,0.2776041289166375,0.4652013861546682,A
2025-10-25,Serie A,Udinese,Lecce,H,0.48562750768670937,0.27936653155169805,0.23500596076159258,H
2025-10-25,La Liga,Ath Bilbao,Getafe,A,0.6320067195961647,0.2188181534696666,0.14917512693416865,H
2025-10-25,Ligue 1,Brest,Paris SG,A,0.18243266222577723,0.1865515756779771,0.6310157620962457,A
2025-10-25,Bundesliga,Augsburg,RB Leipzig,A,0.2653072735159985,0.26696177719327113,0.4677309492907304,A
2025-10-25,La Liga,Espanol,Elche,H,0.5120583366430297,0.278005453938447,0.20993620941852342,H
2025-10-25,Premier League,Chelsea,Sunderland,A,0.7306656496952844,0.19758585791490718,0.07174849238980857,H
2025-10-25,La Liga,Valencia,Villarreal,A,0.28902032926955806,0.2409559638968689,0.47002370683357303,A
2025-10-25,Bundesliga,Hamburg,Wolfsburg,A,0.38897887346644755,0.2709752896550843,0.3400458368784682,H
2025-10-25,Premier League,Brentford,Liverpool,H,0.23813236756624706,0.2067734763105209,0.5550941561232321,A
2025-10-25,Ligue 1,Monaco,Toulouse,H,0.5803334035601722,0.23636443877303298,0.18330215766679495,H
2025-10-25,Ligue 1,Lens,Marseille,H,0.335599811424542,0.27315123661526647,0.3912489519601916,A
2025-10-25,Serie A,Cremonese,Atalanta,D,0.16376475129085818,0.22596787703885865,0.6102673716702832,A
2025-10-25,Bundesliga,Dortmund,FC Koln,H,0.6783600135646042,0.20231988992480504,0.11932009651059078,H
2025-10-25,Bundesliga,Ein Frankfurt,St Pauli,H,0.6669987412261273,0.20993490551838492,0.12306635325548773,H
2025-10-25,Bundesliga,M'gladbach,Bayern Munich,A,0.06334114024990381,0.1590863003034325,0.7775725594466637,A
2025-10-25,La Liga,Girona,Oviedo,D,0.4544975084163807,0.27678588634865353,0.2687166052349658,H
2025-10-26,Ligue 1,Rennes,Nice,A,0.38819725693446,0.24432300434993334,0.3674797387156067,H
2025-10-26,Bundesliga,Stuttgart,Mainz,H,0.5733898173879161,0.22673262831300783,0.1998775542990762,H
2025-10-26,Premier League,Arsenal,Crystal Palace,H,0.6614109174933608,0.19601959041793118,0.14256949208870812,H
2025-10-26,La Liga,Real Madrid,Barcelona,H,0.5116943635851668,0.21005303422321062,0.27825260219162257,H
2025-10-26,La Liga,Osasuna,Celta,A,0.43890727809215446,0.2693529532650487,0.2917397686427969,H
2025-10-26,Ligue 1,Lille,Metz,H,0.7784485617440805,0.15929968550307422,0.0622517527528452,H
2025-10-26,Premier League,Bournemouth,Nott'm Forest,H,0.5869509650493229,0.2187151392549055,0.19433389569577159,H
2025-10-26,Serie A,Sassuolo,Roma,A,0.18500536602960535,0.23366110254862907,0.5813335314217656,A
2025-10-26,La Liga,Vallecano,Alaves,H,0.4791036066005187,0.27059460433366717,0.2503017890658141,H
2025-10-26,Serie A,Fiorentina,Bologna,D,0.3415991797685662,0.2524188999890009,0.40598192024243307,A
2025-10-26,Ligue 1,Angers,Lorient,H,0.3710889135670584,0.2882894791924135,0.34062160724052803,H
2025-10-26,Premier League,Aston Villa,Man City,H,0.27008011681665905,0.2440929563473924,0.4858269268359487,A
2025-10-26,Ligue 1,Auxerre,Le Havre,A,0.49138030043678993,0.2623703484959859,0.24624935106722423,H
2025-10-26,Serie A,Lazio,Juventus,H,0.3787705149079771,0.21752767920898577,0.4037018058830373,A
2025-10-26,Premier League,Everton,Tottenham,A,0.4705341443453476,0.26931900256393576,0.2601468530907165,H
2025-10-26,La Liga,Mallorca,Levante,D,0.4716379693733731,0.2799306017129769,0.24843142891364986,H
2025-10-26,Premier League,Wolves,Burnley,A,0.5051808243686041,0.2743147968475885,0.22050437878380733,H
2025-10-26,Serie A,Verona,Cagliari,D,0.4217816067168134,0.28716157808113835,0.2910568152020482,H
2025-10-26,Ligue 1,Lyon,Strasbourg,H,0.42419526985925676,0.25736427186832317,0.3184404582724202,H
2025-10-26,Bundesliga,Leverkusen,Freiburg,H,0.6419782189602128,0.22079095418270525,0.13723082685708188,H
2025-10-26,Serie A,Torino,Genoa,H,0.5053764277848786,0.2600371907513915,0.23458638146372993,H
2025-10-27,La Liga,Betis,Ath Madrid,A,0.3646083903892043,0.24833728090665452,0.38705432870414125,A
2025-10-28,Serie A,Lecce,Napoli,A,0.13688363378028037,0.19038957362357367,0.6727267925961461,A
2025-10-28,Serie A,Atalanta,Milan,D,0.4489445226317667,0.2349632622749337,0.3160922150932996,H
2025-10-29,Serie A,Inter,Fiorentina,H,0.676271651585888,0.1867917706953355,0.13693657771877651,H
2025-10-29,Serie A,Juventus,Udinese,H,0.6831772473934462,0.18980210585020924,0.12702064675634467,H
2025-10-29,Ligue 1,Nice,Lille,H,0.36918688931317933,0.2511091073064961,0.3797040033803247,A
2025-10-29,Ligue 1,Le Havre,Brest,H,0.298055037494436,0.2803893431521313,0.42155561935343266,A
2025-10-29,Ligue 1,Nantes,Monaco,A,0.22403823699129835,0.23319198426796145,0.5427697787407402,A
2025-10-29,Ligue 1,Strasbourg,Auxerre,H,0.6616868968874001,0.2079684915972644,0.1303446115153355,H
2025-10-29,Ligue 1,Lorient,Paris SG,D,0.07738753964735236,0.14689951057404363,0.775712949778604,A
2025-10-29,Ligue 1,Marseille,Angers,D,0.7680250572366984,0.1652275220246727,0.06674742073862892,H
2025-10-29,Serie A,Como,Verona,H,0.5836125147633067,0.24708963782680518,0.16929784740988818,H
2025-10-29,Serie A,Genoa,Cremonese,A,0.44519609571152,0.27255188808781156,0.2822520162006684,H
2025-10-29,Serie A,Roma,Parma,H,0.7195346011904873,0.20356088353055596,0.07690451527895668,H
2025-10-29,Ligue 1,Metz,Lens,H,0.11969228763024209,0.2535705786575577,0.6267371337122002,A
2025-10-29,Serie A,Bologna,Torino,D,0.6226177573623926,0.2114185128834346,0.16596372975417292,H
2025-10-29,Ligue 1,Toulouse,Rennes,D,0.4617652693255234,0.2520678771756318,0.28616685349884485,H
2025-10-29,Ligue 1,Paris FC,Lyon,D,0.27889136957089655,0.24537183552034622,0.47573679490875725,A
2025-10-30,Serie A,Cagliari,Sassuolo,A,0.4181862677665673,0.3038401003090139,0.27797363192441865,H
2025-10-30,Serie A,Pisa,Lazio,D,0.226538811814903,0.2512147809232765,0.5222464072618206,A
2025-10-31,Bundesliga,Augsburg,Dortmund,A,0.1953563673249398,0.2546925908787723,0.5499510417962881,A
2025-10-31,La Liga,Getafe,Girona,H,0.44559766888638996,0.2801839731552234,0.27421835795838667,H
2025-11-01,Premier League,Burnley,Arsenal,A,0.09677410220043943,0.19068725501245476,0.7125386427871059,A
2025-11-01,La Liga,Sociedad,Ath Bilbao,H,0.3017094154265543,0.2612395940099694,0.4370509905634764,A
2025-11-01,Premier League,Crystal Palace,Brentford,H,0.49014444552740516,0.25316675151400025,0.2566888029585947,H
2025-11-01,La Liga,Ath Madrid,Sevilla,H,0.7106516234447071,0.1938017248572882,0.09554665169800462,H
2025-11-01,La Liga,Villarreal,Vallecano,H,0.5962627266894553,0.24485667068446323,0.1588806026260815,H
2025-11-01,Bundesliga,Union Berlin,Freiburg,D,0.35642189261228796,0.2748492905144651,0.3687288168732469,A
2025-11-01,Ligue 1,Monaco,Paris FC,A,0.653569597347991,0.214966763951883,0.13146363870012592,H
2025-11-01,Premier League,Brighton,Leeds,H,0.6449416061658344,0.22924286764053242,0.12581552619363315,H
2025-11-01,Bundesliga,Heidenheim,Ein Frankfurt,D,0.21044784387247528,0.2248846505128288,0.564667505614696,A
2025-11-01,Premier League,Nott'm Forest,Man United,D,0.34926900991767534,0.2770464107288909,0.37368457935343374,A
2025-11-01,Premier League,Tottenham,Chelsea,A,0.32050879630453566,0.23795594330689188,0.44153526038857255,A
2025-11-01,Serie A,Napoli,Como,D,0.6288200372173343,0.22269525847098764,0.1484847043116781,H
2025-11-01,Ligue 1,Auxerre,Marseille,A,0.17557087442216554,0.22826914288366273,0.5961599826941719,A
2025-11-01,Premier League,Fulham,Wolves,H,0.5565826365690727,0.24490320842067403,0.19851415501025318,H
2025-11-01,Bundesliga,RB Leipzig,Stuttgart,H,0.5457286484880708,0.2504246467482278,0.2038467047637015,H
2025-11-01,Premier League,Liverpool,Aston Villa,H,0.5730562265515067,0.22177327540820266,0.2051704980402907,H
2025-11-01,Serie A,Udinese,Atalanta,H,0.22223635275051842,0.2353773652583176,0.5423862819911641,A
2025-11-01,Ligue 1,Paris SG,Nice,H,0.6900503980231217,0.18113553640268445,0.12881406557419367,H
2025-11-01,Serie A,Cremonese,Juventus,A,0.20084448622580908,0.2206054474041451,0.5785500663700458,A
2025-11-01,Bundesliga,Mainz,Werder Bremen,D,0.4538576711865704,0.2553939647884421,0.29074836402498755,H
2025-11-01,Bundesliga,St Pauli,M'gladbach,A,0.41111851241409014,0.2623515640536871,0.3265299235322229,H
2025-11-01,La Liga,Real Madrid,Valencia,H,0.7864851109012767,0.1509383701331763,0.06257651896554703,H
2025-11-01,Bundesliga,Bayern Munich,Leverkusen,H,0.6240574315876972,0.1884252049286195,0.18751736348368328,H
2025-11-02,La Liga,Alaves,Espanol,H,0.40190599420044953,0.28547076764024143,0.3126232381593089,H
2025-11-02,Ligue 1,Toulouse,Le Havre,D,0.5744069447529537,0.2447992101544551,0.18079384509259114,H
2025-11-02,Serie A,Verona,Inter,A,0.09370990131785696,0.17073212818970412,0.735557970492439,A
2025-11-02,Ligue 1,Brest,Lyon,D,0.32665230387395405,0.24024617006705898,0.4331015260589869,A
2025-11-02,Serie A,Parma,Bologna,A,0.17309989574554166,0.23656293112643004,0.5903371731280284,A
2025-11-02,Bundesliga,Wolfsburg,Hoffenheim,A,0.3834086375043434,0.286713230597044,0.32987813189861265,H
2025-11-02,Serie A,Milan,Roma,H,0.43541799902659817,0.24466268651227885,0.319919314461123,H
2025-11-02,Serie A,Fiorentina,Lecce,A,0.6026462154914514,0.24266632460055831,0.15468745990799035,H
2025-11-02,Ligue 1,Lille,Angers,H,0.7536460560076591,0.16781992525680983,0.07853401873553098,H
2025-11-02,Bundesliga,FC Koln,Hamburg,H,0.4619591417068808,0.30189033795542974,0.2361505203376895,H
2025-11-02,Ligue 1,Rennes,Strasbourg,H,0.2934960570212002,0.24835598916827903,0.45814795381052076,A
2025-11-02,La Liga,Betis,Mallorca,H,0.5912839520785839,0.2507604772715581,0.15795557064985793,H
2025-11-02,La Liga,Barcelona,Elche,H,0.7838319614837678,0.16144359098589278,0.05472444753033933,H
2025-11-02,Ligue 1,Lens,Lorient,H,0.6300882800696106,0.2326938258420762,0.13721789408831322,H
2025-11-02,Premier League,West Ham,Newcastle,H,0.23126897485419085,0.2437974565971994,0.5249335685486097,A
2025-11-02,Premier League,Man City,Bournemouth,H,0.6416628254806275,0.2039388608886374,0.15439831363073517,H
2025-11-02,La Liga,Levante,Celta,A,0.33113915272403777,0.28579385757010506,0.3830669897058571,A
2025-11-02,Ligue 1,Nantes,Metz,A,0.6061153465338929,0.23925536846954737,0.1546292849965597,H
2025-11-02,Serie A,Torino,Pisa,D,0.556423445815118,0.25264348586286495,0.190933068322017,H
2025-11-03,Serie A,Sassuolo,Genoa,A,0.460457703767723,0.2685081252099452,0.27103417102233185,H
2025-11-03,Serie A,Lazio,Cagliari,H,0.6800946090570098,0.2007175161104701,0.1191878748325201,H
2025-11-03,Premier League,Sunderland,Everton,D,0.30093105948724896,0.26709909726503533,0.43196984324771565,A
2025-11-03,La Liga,Oviedo,Osasuna,D,0.36213136297630444,0.2781124692042837,0.3597561678194119,H
2025-11-07,Bundesliga,Werder Bremen,Wolfsburg,H,0.5338172514189319,0.25463221369765626,0.21155053488341177,H
2025-11-07,La Liga,Elche,Sociedad,D,0.33457163905259146,0.2867013043665825,0.378727056580826,A
2025-11-07,Serie A,Pisa,Cremonese,H,0.4327864285516027,0.27847518761210716,0.28873838383629014,H
2025-11-07,Ligue 1,Paris FC,Rennes,A,0.37419594115655774,0.266731641931103,0.3590724169123392,H
2025-11-08,Bundesliga,Leverkusen,Heidenheim,H,0.7712674593822597,0.16970167395358307,0.05903086666415723,H
2025-11-08,Premier League,Everton,Fulham,H,0.4343000390323591,0.2579515905403183,0.3077483704273226,H
2025-11-08,Premier League,Tottenham,Man United,D,0.39574574920138833,0.2633083140577041,0.3409459367409076,H
2025-11-08,Bundesliga,Hamburg,Dortmund,D,0.1620970784060723,0.22258158642210377,0.615321335171824,A
2025-11-08,Ligue 1,Le Havre,Nantes,D,0.46144245695670216,0.2804118063571845,0.25814573668611324,H
2025-11-08,Bundesliga,Union Berlin,Bayern Munich,D,0.08667926314228457,0.16833060012905146,0.7449901367286639,A
2025-11-08,Serie A,Lecce,Verona,D,0.4351168020594308,0.28288134706885,0.28200185087171914,H
2025-11-08,Premier League,Chelsea,Wolves,H,0.7146716623846183,0.1892617919740245,0.0960665456413571,H
2025-11-08,Serie A,Juventus,Torino,D,0.6183779060012968,0.2223684828111906,0.1592536111875125,H
2025-11-08,La Liga,Girona,Alaves,H,0.39898614931354537,0.29312080336253843,0.30789304732391626,H
2025-11-08,Premier League,West Ham,Burnley,H,0.5425156649139449,0.261801745212252,0.195682589873803,H
2025-11-08,Ligue 1,Monaco,Lens,A,0.5006525231021042,0.2469140019535311,0.2524334749443647,H
2025-11-08,Bundesliga,M'gladbach,FC Koln,H,0.41977915554341766,0.29180888281147965,0.28841196164510274,H
2025-11-08,Premier League,Sunderland,Arsenal,D,0.1025742666225629,0.19917344418277666,0.6982522891946604,A
2025-11-08,Serie A,Como,Cagliari,D,0.6193095826337239,0.22523366910855652,0.15545674825771963,H
2025-11-08,Serie A,Parma,Milan,D,0.1498617366482099,0.20875121528794455,0.6413870480638455,A
2025-11-08,La Liga,Sevilla,Osasuna,H,0.39036027635549675,0.2779836809381036,0.3316560427063997,H
2025-11-08,La Liga,Espanol,Villarreal,A,0.2233410926857038,0.2407675067335357,0.5358914005807605,A
2025-11-08,La Liga,Ath Madrid,Levante,H,0.7593605246195307,0.17075468195821156,0.06988479342225774,H
2025-11-08,Bundesliga,Hoffenheim,RB Leipzig,H,0.24996678979469805,0.2629557525677442,0.4870774576375577,A
2025-11-08,Ligue 1,Marseille,Brest,H,0.6460608465718246,0.20036584829513904,0.1535733051330364,H
2025-11-09,La Liga,Valencia,Betis,D,0.26543344265649127,0.2666014121438173,0.4679651451996913,A
2025-11-09,Premier League,Nott'm Forest,Leeds,H,0.5363815477623235,0.25693462255434096,0.20668382968333546,H
2025-11-09,Bundesliga,Freiburg,St Pauli,H,0.6399437557918844,0.2081759911219191,0.15188025308619654,H
2025-11-09,Serie A,Roma,Udinese,H,0.6639236803239676,0.21237768173890786,0.12369863793712457,H
2025-11-09,Serie A,Bologna,Napoli,H,0.39279777138139405,0.23212698539330426,0.3750752432253017,H
2025-11-09,Ligue 1,Lyon,Paris SG,A,0.23220993986099003,0.19830015334163129,0.5694899067973787,A
2025-11-09,Ligue 1,Lorient,Toulouse,D,0.289918856378999,0.29527968323269255,0.41480146038830845,A
2025-11-09,La Liga,Celta,Barcelona,A,0.19477571742957833,0.19755576176788772,0.607668520802534,A
2025-11-09,Premier League,Crystal Palace,Brighton,D,0.451452261807555,0.2507152150377216,0.2978325231547235,H
2025-11-09,Serie A,Genoa,Fiorentina,D,0.3350987503591766,0.24378502682093278,0.42111622281989075,A
2025-11-09,La Liga,Mallorca,Getafe,H,0.4078743166140568,0.29624427668550696,0.2958814067004363,H
2025-11-09,Premier League,Aston Villa,Bournemouth,H,0.49535249223708255,0.2505189213208498,0.25412858644206765,H
2025-11-09,La Liga,Vallecano,Real Madrid,D,0.12836536412122587,0.18423681268562458,0.6873978231931493,A
2025-11-09,Premier League,Brentford,Newcastle,H,0.3955138626399923,0.250210805128372,0.3542753322316357,H
2025-11-09,Bundesliga,Stuttgart,Augsburg,H,0.6372490946847145,0.22069734125527787,0.14205356406000755,H
2025-11-09,La Liga,Ath Bilbao,Oviedo,H,0.6209399170481867,0.2262237972897838,0.15283628566202956,H
2025-11-09,Ligue 1,Strasbourg,Lille,H,0.3978579220274859,0.24706426622865257,0.3550778117438616,H
2025-11-09,Premier League,Man City,Liverpool,H,0.49106753588889823,0.19440945540834279,0.314523008702759,H
2025-11-09,Ligue 1,Angers,Auxerre,H,0.3869632095330549,0.2836040886806033,0.32943270178634176,H
2025-11-09,Bundesliga,Ein Frankfurt,Mainz,H,0.611698565443523,0.20928188788263968,0.17901954667383743,H
2025-11-09,Serie A,Inter,Lazio,H,0.6427714592434557,0.20639118747498675,0.15083735328155756,H
2025-11-09,Ligue 1,Metz,Nice,H,0.1549863931062186,0.2551751186177942,0.5898384882759872,A
2025-11-09,Serie A,Atalanta,Sassuolo,A,0.6792711113671762,0.2096883011241107,0.11104058750871314,H
2025-11-21,Ligue 1,Nice,Marseille,A,0.3463285795482414,0.253024053285652,0.40064736716610644,A
2025-11-21,La Liga,Valencia,Levante,H,0.4849544619928996,0.27235390104199136,0.24269163696510895,H
2025-11-21,Bundesliga,Mainz,Hoffenheim,D,0.37763751766367165,0.29363375895696797,0.3287287233793604,H
2025-11-22,Ligue 1,Lens,Strasbourg,H,0.5005574286182446,0.2365339052893046,0.26290866609245084,H
2025-11-22,La Liga,Osasuna,Sociedad,A,0.42961361448135077,0.27588731386227344,0.2944990716563758,H
2025-11-22,La Liga,Alaves,Celta,A,0.3917772385179777,0.2713593362459193,0.33686342523610296,H
2025-11-22,Premier League,Newcastle,Man City,H,0.24068181625782228,0.23539171638834971,0.5239264673538281,A
2025-11-22,Ligue 1,Paris SG,Le Havre,H,0.8314178966232929,0.1289391919342691,0.039642911442438034,H
2025-11-22,Ligue 1,Rennes,Monaco,H,0.3774143405694098,0.2390931182395345,0.3834925411910557,A
2025-11-22,Bundesliga,Heidenheim,M'gladbach,A,0.3154199762528983,0.3033473371169917,0.38123268663011,A
2025-11-22,Serie A,Fiorentina,Juventus,D,0.28995844851521785,0.2312284280098161,0.478813123474966,A
2025-11-22,Bundesliga,FC Koln,Ein Frankfurt,A,0.29145939074098226,0.2572328985238306,0.4513077107351871,A
2025-11-22,Serie A,Napoli,Atalanta,H,0.5513174769165666,0.21266277554320595,0.23601974754022734,H
2025-11-22,Premier League,Liverpool,Nott'm Forest,A,0.7153605442079034,0.17421418070017625,0.11042527509192028,H
2025-11-22,Serie A,Udinese,Bologna,A,0.23406861629439232,0.2645520851375289,0.5013792985680786,A
2025-11-22,Premier League,Brighton,Brentford,H,0.5021282666571163,0.2508904632080961,0.24698127013478757,H
2025-11-22,Bundesliga,Wolfsburg,Leverkusen,A,0.12269003825973746,0.19654971542563482,0.6807602463146277,A
2025-11-22,La Liga,Villarreal,Mallorca,H,0.714939641385865,0.18919327771800448,0.09586708089613047,H
2025-11-22,Premier League,Burnley,Chelsea,A,0.15368001635898437,0.24047384818683246,0.6058461354541832,A
2025-11-22,La Liga,Barcelona,Ath Bilbao,H,0.6744760347227334,0.19609119123541133,0.12943277404185524,H
2025-11-22,Bundesliga,Bayern Munich,Freiburg,H,0.7751892820695037,0.1506365005890742,0.07417421734142206,H
2025-11-22,Bundesliga,Dortmund,Stuttgart,D,0.5315084485244637,0.2420111579907567,0.22648039348477966,H
2025-11-22,Premier League,Fulham,Sunderland,H,0.5517253965255915,0.2645715879127355,0.18370301556167298,H
2025-11-22,Bundesliga,Augsburg,Hamburg,H,0.454396052567617,0.29581848255362503,0.24978546487875794,H
2025-11-22,Premier League,Wolves,Crystal Palace,A,0.19332174193552518,0.24250145102735426,0.5641768070371205,A
2025-11-22,Premier League,Bournemouth,West Ham,D,0.5723188510658664,0.24791134377110452,0.17976980516302904,H
2025-11-22,Serie A,Cagliari,Genoa,D,0.39074228958043133,0.28084486960828686,0.3284128408112817,H
2025-11-23,La Liga,Elche,Real Madrid,D,0.08086808692968003,0.16355782125227888,0.7555740918180411,A
2025-11-23,Ligue 1,Lille,Paris FC,H,0.6492862204238663,0.21122901273774888,0.13948476683838482,H
2025-11-23,Bundesliga,St Pauli,Union Berlin,A,0.2916471873373625,0.2887031915312557,0.4196496211313819,A
2025-11-23,Bundesliga,RB Leipzig,Werder Bremen,H,0.6161106844832785,0.2256324442619717,0.15825687125474963,H
2025-11-23,Serie A,Inter,Milan,A,0.5867839672796581,0.20900860693622483,0.20420742578411713,H
2025-11-23,La Liga,Getafe,Ath Madrid,A,0.1703334137650859,0.23532137966860103,0.5943452065663131,A
2025-11-23,Ligue 1,Nantes,Lorient,D,0.45674461603018,0.2766938408971934,0.2665615430726266,H
2025-11-23,La Liga,Oviedo,Vallecano,D,0.3564975753258254,0.2904852413035513,0.3530171833706232,H
2025-11-23,Ligue 1,Auxerre,Lyon,D,0.2024500570181639,0.22098386664149944,0.5765660763403366,A
2025-11-23,Premier League,Leeds,Aston Villa,A,0.16975007240260773,0.24793701714244556,0.5823129104549467,A
2025-11-23,Ligue 1,Toulouse,Angers,A,0.5546600827465034,0.26451613113099,0.18082378612250669,H
2025-11-23,Premier League,Arsenal,Tottenham,H,0.7151805502561162,0.18918374390049125,0.09563570584339251,H
2025-11-23,Serie A,Cremonese,Roma,A,0.19055485057073246,0.222504178614889,0.5869409708143785,A
2025-11-23,Serie A,Verona,Parma,A,0.4407773714187014,0.28205809566291296,0.27716453291838555,H
2025-11-23,Serie A,Lazio,Lecce,H,0.6391379305046389,0.23270684830357266,0.1281552211917884,H
2025-11-23,Ligue 1,Brest,Metz,H,0.6137382349628816,0.240330471193748,0.14593129384337036,H
2025-11-23,La Liga,Betis,Girona,D,0.6198420272134969,0.23206222328619555,0.1480957495003076,H
2025-11-24,La Liga,Espanol,Sevilla,H,0.4534888815322404,0.2721319793512243,0.27437913911653533,H
2025-11-24,Serie A,Torino,Como,A,0.4012368983228763,0.28715674787609785,0.31160635380102586,H
2025-11-24,Premier League,Man United,Everton,A,0.5109559951452332,0.25066541653023233,0.23837858832453448,H
2025-11-24,Serie A,Sassuolo,Pisa,D,0.42382843492795685,0.2871685935218539,0.28900297155018917,H
2025-11-28,Ligue 1,Metz,Rennes,A,0.22879742449501142,0.29107422261000826,0.48012835289498024,A
2025-11-28,Serie A,Como,Sassuolo,H,0.586919053278961,0.24119687834826717,0.17188406837277181,H
2025-11-28,Bundesliga,M'gladbach,RB Leipzig,D,0.239377755401121,0.2544953241530466,0.5061269204458325,A
2025-11-28,La Liga,Getafe,Elche,H,0.4535245078993824,0.2809903534593892,0.26548513864122847,H
2025-11-29,La Liga,Levante,Ath Bilbao,A,0.2552485819142843,0.24251595570200643,0.5022354623837093,A
2025-11-29,Premier League,Tottenham,Fulham,A,0.42795229885179326,0.2692166896332014,0.30283101151500535,H
2025-11-29,Premier League,Everton,Newcastle,A,0.39062268329624045,0.24564007610099534,0.36373724060276424,H
2025-11-29,Bundesliga,Bayern Munich,St Pauli,H,0.8912171317716567,0.08582115904009772,0.022961709188245617,H
2025-11-29,Premier League,Man City,Leeds,H,0.8258797059771499,0.1283184039402969,0.0458018900825532,H
2025-11-29,Premier League,Sunderland,Bournemouth,H,0.2878051015397663,0.24488272597181718,0.4673121724884165,A
2025-11-29,Bundesliga,Hoffenheim,Augsburg,H,0.5920084031889387,0.23290591041693626,0.17508568639412506,H
2025-11-29,Ligue 1,Marseille,Toulouse,D,0.6776918371892607,0.19811249305666126,0.12419566975407799,H
2025-11-29,Premier League,Brentford,Burnley,H,0.6550331075047523,0.2297721994937609,0.1151946930014868,H
2025-11-29,La Liga,Ath Madrid,Oviedo,H,0.7396208741469755,0.18243705959811615,0.07794206625490832,H
2025-11-29,Serie A,Juventus,Cagliari,H,0.7185223239409426,0.1853732865955447,0.09610438946351277,H
2025-11-29,Ligue 1,Paris FC,Auxerre,D,0.5058553338448789,0.2629002267808479,0.2312444393742731,H
2025-11-29,Serie A,Milan,Lazio,H,0.5401419518036011,0.2408640069114218,0.2189940412849771,H
2025-11-29,Bundesliga,Werder Bremen,FC Koln,D,0.5197141285885345,0.25947995152795517,0.22080591988351034,H
2025-11-29,Ligue 1,Monaco,Paris SG,H,0.19008158176738996,0.21291914890908312,0.596999269323527,A
2025-11-29,Bundesliga,Leverkusen,Dortmund,A,0.6036191953740475,0.20229138124877186,0.19408942337718063,H
2025-11-29,Serie A,Parma,Udinese,A,0.41611892439993997,0.27036527504557606,0.31351580055448397,H
2025-11-29,La Liga,Barcelona,Alaves,H,0.805587567919892,0.14436144854896174,0.05005098353114626,H
2025-11-29,Serie A,Genoa,Verona,H,0.5060813119703603,0.2668943948289581,0.2270242932006816,H
2025-11-29,Bundesliga,Union Berlin,Heidenheim,A,0.6423994344047161,0.21282801526542713,0.1447725503298567,H
2025-11-29,La Liga,Mallorca,Osasuna,D,0.409290344856272,0.27326653181432736,0.31744312332940067,H
2025-11-30,Ligue 1,Lorient,Nice,H,0.2565360764164217,0.2439038874527767,0.49956003613080174,A
2025-11-30,Ligue 1,Angers,Lens,A,0.2126515831993066,0.2576601256533856,0.5296882911473079,A
2025-11-30,Serie A,Lecce,Torino,H,0.32431933542760666,0.26641148701013984,0.40926917756225345,A
2025-11-30,La Liga,Sevilla,Betis,A,0.2540088981083063,0.25840692651011465,0.487584175381579,A
2025-11-30,Premier League,Crystal Palace,Man United,A,0.5258953872985654,0.24039844506937535,0.2337061676320593,H
2025-11-30,Premier League,West Ham,Liverpool,A,0.2098372447564464,0.19754084465425414,0.5926219105892995,A
2025-11-30,Premier League,Chelsea,Arsenal,D,0.3325804780010838,0.23133608382076326,0.4360834381781529,A
2025-11-30,Premier League,Aston Villa,Wolves,H,0.7575082437526988,0.16533608517798212,0.07715567106931917,H
2025-11-30,Serie A,Roma,Napoli,A,0.43876678019871324,0.23603148189606732,0.3252017379052194,H
2025-11-30,Ligue 1,Strasbourg,Brest,A,0.5633738163335469,0.2243691487015239,0.21225703496492918,H
2025-11-30,Ligue 1,Le Havre,Lille,A,0.19495742444585543,0.24140197650853526,0.5636405990456094,A
2025-11-30,Bundesliga,Hamburg,Stuttgart,H,0.19302364951589016,0.23507823261198166,0.5718981178721283,A
2025-11-30,Bundesliga,Freiburg,Mainz,H,0.4780122692612023,0.25979148304166505,0.2621962476971326,H
2025-11-30,La Liga,Girona,Real Madrid,D,0.11164269491459455,0.1783900507724593,0.7099672543129462,A
2025-11-30,Premier League,Nott'm Forest,Brighton,A,0.35443073547080556,0.2640966328791132,0.3814726316500812,A
2025-11-30,La Liga,Celta,Espanol,A,0.4918607744835561,0.2862348149253407,0.2219044105911032,H
2025-11-30,Serie A,Atalanta,Fiorentina,H,0.5232242130112047,0.227706928726703,0.2490688582620923,H
2025-11-30,Serie A,Pisa,Inter,A,0.1468979649671575,0.19132510389547402,0.6617769311373685,A
2025-11-30,Bundesliga,Ein Frankfurt,Wolfsburg,D,0.6678203249187632,0.2060990612023007,0.12608061387893602,H
2025-11-30,Ligue 1,Lyon,Nantes,H,0.6615762597173888,0.20878775684392356,0.12963598343868768,H
2025-11-30,La Liga,Sociedad,Villarreal,A,0.2388956611553733,0.26264544947256124,0.49845888937206556,A
2025-12-01,La Liga,Vallecano,Valencia,D,0.4950495313372994,0.2650967529621041,0.23985371570059638,H
2025-12-01,Serie A,Bologna,Cremonese,A,0.7025546508512908,0.19456118809349035,0.10288416105521894,H
2025-12-02,Premier League,Bournemouth,Everton,A,0.47238225552596996,0.25519023824820536,0.2724275062258246,H
2025-12-02,Premier League,Newcastle,Tottenham,D,0.5911053022080333,0.2324999108191844,0.1763947869727823,H
2025-12-02,Premier League,Fulham,Man City,A,0.19749730587611522,0.21333255523800226,0.5891701388858825,A
2025-12-02,La Liga,Barcelona,Ath Madrid,H,0.5794566996525405,0.22005469757477797,0.20048860277268155,H
2025-12-03,Premier League,Leeds,Chelsea,H,0.1523397972767168,0.23499098480772432,0.6126692179155588,A
2025-12-03,Premier League,Burnley,Crystal Palace,A,0.17964720575419227,0.2559824793907216,0.5643703148550862,A
2025-12-03,La Liga,Ath Bilbao,Real Madrid,A,0.1949697216973268,0.20887802925796042,0.5961522490447128,A
2025-12-03,Premier League,Liverpool,Sunderland,D,0.7330673822156165,0.1897002621998953,0.07723235558448813,H
2025-12-03,Premier League,Brighton,Aston Villa,A,0.42135187232505616,0.2584543238897656,0.3201938037851782,H
2025-12-03,Premier League,Arsenal,Brentford,H,0.7078207574298071,0.18097188204981873,0.11120736052037415,H
2025-12-03,Premier League,Wolves,Nott'm Forest,A,0.2607574543279146,0.2789044752719455,0.4603380704001399,A
2025-12-04,Premier League,Man United,West Ham,D,0.5732364220104482,0.24441032066460847,0.1823532573249433,H
2025-12-05,Ligue 1,Lille,Marseille,H,0.36962780073071055,0.260148587382771,0.3702236118865185,A
2025-12-05,Ligue 1,Brest,Monaco,H,0.36084427352465864,0.2360004005858018,0.4031553258895395,A
2025-12-05,La Liga,Oviedo,Mallorca,D,0.4163694568527023,0.2749449060915206,0.3086856370557771,H
2025-12-05,Bundesliga,Mainz,M'gladbach,A,0.3857547239564715,0.30027397218130997,0.3139713038622186,H
2025-12-06,Bundesliga,Heidenheim,Freiburg,H,0.228668690504385,0.27345319055664363,0.4978781189389714,A
2025-12-06,Ligue 1,Toulouse,Strasbourg,H,0.3561406127376875,0.25142793820349585,0.3924314490588167,A
2025-12-06,Serie A,Verona,Atalanta,H,0.20082949519092014,0.21529273578923913,0.5838777690198406,A
2025-12-06,Serie A,Inter,Como,H,0.6488239516217229,0.21510906307587385,0.1360669853024031,H
2025-12-06,La Liga,Alaves,Sociedad,H,0.3601234106897971,0.2830637434120796,0.3568128458981233,H
2025-12-06,Premier League,Newcastle,Burnley,H,0.7350607567914935,0.1821689866877628,0.08277025652074374,H
2025-12-06,Ligue 1,Nantes,Lens,A,0.19061448107615295,0.2498735809584586,0.5595119379653885,A
2025-12-06,Bundesliga,Wolfsburg,Union Berlin,H,0.3917928284943677,0.28293413545840773,0.3252730360472245,H
2025-12-06,Premier League,Everton,Nott'm Forest,H,0.45214098706432193,0.2847958075359101,0.26306320539976796,H
2025-12-06,Bundesliga,Stuttgart,Bayern Munich,A,0.1516059603780028,0.19403288031627197,0.6543611593057251,A
2025-12-06,Bundesliga,Augsburg,Leverkusen,H,0.10596190938600347,0.19423721823956572,0.6998008723744308,A
2025-12-06,La Liga,Betis,Barcelona,A,0.20334841995487626,0.21162724129588947,0.5850243387492343,A
2025-12-06,Premier League,Aston Villa,Arsenal,H,0.3068462859148851,0.2319514334330968,0.4612022806520182,A
2025-12-06,Premier League,Bournemouth,Chelsea,D,0.29893768547775007,0.25932001384510395,0.441742300677146,A
2025-12-06,Premier League,Tottenham,Brentford,H,0.3740402296188067,0.25682537498479335,0.36913439539640003,H
2025-12-06,La Liga,Villarreal,Getafe,H,0.7170226390215474,0.19959708731460002,0.08338027366385257,H
2025-12-06,Premier League,Man City,Sunderland,H,0.7874473634043214,0.15742733820271088,0.05512529839296785,H
2025-12-06,La Liga,Ath Bilbao,Ath Madrid,H,0.2728468847569642,0.25639855385931565,0.47075456138371996,A
2025-12-06,Premier League,Leeds,Liverpool,D,0.15831823774486306,0.20219157383249334,0.6394901884226436,A
2025-12-06,Bundesliga,RB Leipzig,Ein Frankfurt,H,0.5472939104909634,0.22950515656595719,0.22320093294307944,H
2025-12-06,Bundesliga,FC Koln,St Pauli,D,0.5665044603031943,0.23597694305198205,0.1975185966448236,H
2025-12-06,Ligue 1,Paris SG,Rennes,H,0.7071994067880164,0.19271652633498715,0.10008406687699646,H
2025-12-06,Serie A,Sassuolo,Fiorentina,H,0.36063713615556275,0.25175997737115796,0.38760288647327923,A
2025-12-07,Ligue 1,Lorient,Lyon,H,0.21777563309689493,0.2419622162930611,0.540262150610044,A
2025-12-07,Ligue 1,Auxerre,Metz,H,0.4475944329602443,0.3095928272358549,0.24281273980390086,H
2025-12-07,Premier League,Fulham,Crystal Palace,A,0.36139705011767026,0.2812222273991739,0.35738072248315583,H
2025-12-07,Serie A,Cagliari,Roma,H,0.16375702760492392,0.2139643877092275,0.6222785846858486,A
2025-12-07,Ligue 1,Le Havre,Paris FC,D,0.3943043094471328,0.28000338779876394,0.3256923027541033,H
2025-12-07,Serie A,Lazio,Bologna,D,0.40008786501340526,0.2532212273115979,0.34669090767499683,H
2025-12-07,Serie A,Cremonese,Lecce,H,0.49033840256047895,0.2846844592022048,0.2249771382373162,H
2025-12-07,La Liga,Real Madrid,Celta,A,0.7960722544432214,0.14088385565038894,0.06304388990638969,H
2025-12-07,La Liga,Elche,Girona,H,0.3766934370216616,0.2835704550469105,0.33973610793142794,H
2025-12-07,Ligue 1,Nice,Angers,A,0.5885821655645056,0.2561903808293096,0.15522745360618473,H
2025-12-07,Bundesliga,Hamburg,Werder Bremen,H,0.28603817393478315,0.28288301583214337,0.43107881023307354,A
2025-12-07,La Liga,Espanol,Vallecano,H,0.43102740849802795,0.2837104780161319,0.2852621134858402,H
2025-12-07,Bundesliga,Dortmund,Hoffenheim,H,0.5945675988347725,0.24880365188750353,0.15662874927772402,H
2025-12-07,La Liga,Valencia,Sevilla,D,0.4799461930494809,0.27108507732871384,0.24896872962180527,H
2025-12-07,Premier League,Brighton,West Ham,D,0.6264357586783815,0.22749192112185285,0.1460723201997656,H
2025-12-07,Serie A,Napoli,Juventus,H,0.49324704591030555,0.23660151433074889,0.2701514397589455,H
2025-12-08,La Liga,Osasuna,Levante,H,0.5319887511982953,0.25231177125162957,0.2156994775500751,H
2025-12-08,Serie A,Pisa,Parma,A,0.5113889451284581,0.2649077041794053,0.22370335069213662,H
2025-12-08,Serie A,Torino,Milan,A,0.23575969004080982,0.2389638529325539,0.5252764570266363,A
2025-12-08,Serie A,Udinese,Genoa,A,0.438222061704018,0.284684204845363,0.27709373345061894,H
2025-12-08,Premier League,Wolves,Man United,A,0.2114261601947584,0.256930049805799,0.5316437899994426,A
2025-12-12,Bundesliga,Union Berlin,RB Leipzig,H,0.20200852095703106,0.24357242879367202,0.5544190502492969,A
2025-12-12,Ligue 1,Angers,Nantes,H,0.46359302671197045,0.2743892818678761,0.2620176914201536,H
2025-12-12,La Liga,Sociedad,Girona,A,0.5172824295098989,0.26414454488216166,0.21857302560793948,H
2025-12-12,Serie A,Lecce,Pisa,H,0.3785166257940562,0.2957888740509241,0.3256945001550196,H
2025-12-13,Serie A,Torino,Cremonese,H,0.4732219710504155,0.27127893534990793,0.2554990935996766,H
2025-12-13,Bundesliga,Ein Frankfurt,Augsburg,H,0.5762291740174659,0.2570551446878222,0.16671568129471193,H
2025-12-13,Premier League,Chelsea,Everton,H,0.5528344478702193,0.24356318828577284,0.2036023638440078,H
2025-12-13,Serie A,Parma,Lazio,A,0.2166190801526123,0.25797666387299484,0.5254042559743929,A
2025-12-13,Bundesliga,St Pauli,Heidenheim,H,0.46320153864588864,0.27515686939471534,0.261641591959396,H
2025-12-13,La Liga,Getafe,Espanol,A,0.3875044986547934,0.29147626430313545,0.3210192370420712,H
2025-12-13,Bundesliga,Leverkusen,FC Koln,H,0.7384972410633358,0.17169806735738072,0.08980469157928339,H
2025-12-13,Bundesliga,M'gladbach,Wolfsburg,A,0.5119195254803158,0.251728705571929,0.23635176894775511,H
2025-12-13,Premier League,Arsenal,Wolves,H,0.8549656638186076,0.11037272444025412,0.034661611741138305,H
2025-12-13,Premier League,Liverpool,Brighton,H,0.5461298800546203,0.23323194256832702,0.22063817737705269,H
2025-12-13,La Liga,Barcelona,Osasuna,H,0.8120982806585425,0.137532049552644,0.05036966978881355,H
2025-12-13,Ligue 1,Rennes,Brest,H,0.4653665911934359,0.27409450747708447,0.26053890132947977,H
2025-12-13,Ligue 1,Metz,Paris SG,A,0.05884450663931597,0.145157260337737,0.795998233022947,A
2025-12-13,La Liga,Mallorca,Elche,H,0.4344630846448203,0.290800918777202,0.2747359965779776,H
2025-12-13,Serie A,Atalanta,Cagliari,H,0.6233119052105484,0.23150898155833385,0.1451791132311178,H
2025-12-13,Ligue 1,Paris FC,Toulouse,A,0.37090353603885656,0.28394988100991847,0.3451465829512249,H
2025-12-13,La Liga,Ath Madrid,Valencia,H,0.6950333553301546,0.1969012697236853,0.10806537494616016,H
2025-12-13,Premier League,Burnley,Fulham,A,0.2632858944445414,0.25964514266925887,0.47706896288619977,A
2025-12-13,Bundesliga,Hoffenheim,Hamburg,H,0.5899579724954575,0.24957794534367286,0.16046408216086958,H
2025-12-14,Ligue 1,Auxerre,Lille,A,0.22193195708247213,0.2458633429384676,0.5322046999790603,A
2025-12-14,Ligue 1,Lens,Nice,H,0.6161179839653408,0.1992646146008066,0.1846174014338527,H
2025-12-14,Bundesliga,Bayern Munich,Mainz,D,0.8687843089918456,0.09840239811593629,0.03281329289221816,H
2025-12-14,La Liga,Celta,Ath Bilbao,H,0.4101485669547118,0.26074727643005347,0.3291041566152348,H
2025-12-14,Serie A,Milan,Sassuolo,D,0.6854255001219192,0.2111488135354857,0.10342568634259527,H
2025-12-14,Serie A,Genoa,Inter,A,0.13809469669074387,0.21062745268007346,0.6512778506291826,A
2025-12-14,Serie A,Fiorentina,Verona,A,0.5514781697426789,0.25617602281144486,0.19234580744587623,H
2025-12-14,Premier League,West Ham,Aston Villa,A,0.21281509444544697,0.24778369787974086,0.5394012076748123,A
2025-12-14,Bundesliga,Werder Bremen,Stuttgart,A,0.4157932278658886,0.22584050665149683,0.3583662654826145,H
2025-12-14,Serie A,Udinese,Napoli,H,0.16329151697387853,0.213643769373871,0.6230647136522504,A
2025-12-14,Ligue 1,Marseille,Monaco,H,0.5831604832040034,0.19642447936446,0.2204150374315366,H
2025-12-14,La Liga,Alaves,Real Madrid,A,0.11410413494755976,0.17415450135066057,0.7117413637017797,A
2025-12-14,Premier League,Nott'm Forest,Tottenham,H,0.4510846181811021,0.2628244904968307,0.2860908913220673,H
2025-12-14,Premier League,Crystal Palace,Man City,A,0.253464969064464,0.22079272299841246,0.5257423079371235,A
2025-12-14,Ligue 1,Strasbourg,Lorient,D,0.5675966431010396,0.25190834532998935,0.18049501156897105,H
2025-12-14,Premier League,Brentford,Leeds,D,0.5763218842728316,0.24025889392045133,0.183419221806717,H
2025-12-14,Ligue 1,Lyon,Le Havre,H,0.6507608742299075,0.2138449503214502,0.13539417544864227,H
2025-12-14,Premier League,Sunderland,Newcastle,H,0.2224917348804798,0.24899770129206897,0.5285105638274513,A
2025-12-14,Bundesliga,Freiburg,Dortmund,D,0.29338803807563213,0.24774020202061608,0.45887175990375173,A
2025-12-14,La Liga,Sevilla,Oviedo,H,0.43193267653618433,0.29925724929082204,0.2688100741729936,H
2025-12-14,Serie A,Bologna,Juventus,A,0.4336661524483974,0.23421670300026237,0.3321171445513402,H
2025-12-15,Premier League,Man United,Bournemouth,D,0.5185306718523903,0.22833325606801666,0.2531360720795931,H
2025-12-15,La Liga,Vallecano,Betis,D,0.28895220138210487,0.2575285731227645,0.4535192254951306,A
2025-12-15,Serie A,Roma,Como,H,0.5682933918713073,0.2271321689975024,0.20457443913119022,H
2025-12-19,La Liga,Valencia,Mallorca,D,0.4449592396579827,0.28630214115505576,0.26873861918696146,H
2025-12-19,Bundesliga,Dortmund,M'gladbach,H,0.6707332874349357,0.21712795409862795,0.11213875846643645,H
2025-12-20,Bundesliga,Stuttgart,Hoffenheim,D,0.5019178495810671,0.27125731661673286,0.22682483380220012,H
2025-12-20,Bundesliga,RB Leipzig,Leverkusen,A,0.3466302021233555,0.22621577334413648,0.427154024532508,A
2025-12-20,Bundesliga,Augsburg,Werder Bremen,D,0.40215824736693373,0.26000535276716735,0.3378363998658989,H
2025-12-20,Serie A,Juventus,Roma,H,0.45304886691624857,0.23999205714193808,0.3069590759418133,H
2025-12-20,Bundesliga,Wolfsburg,Freiburg,A,0.3741225046851131,0.25926490797007434,0.3666125873448125,H
2025-12-20,Bundesliga,Hamburg,Ein Frankfurt,D,0.26587805916238016,0.2564337907434275,0.4776881500941925,A
2025-12-20,Premier League,Newcastle,Chelsea,D,0.407852572510303,0.2514930436651194,0.34065438382457763,H
2025-12-20,Bundesliga,FC Koln,Union Berlin,A,0.3805051936718395,0.27640434074517195,0.3430904655829886,H
2025-12-20,La Liga,Osasuna,Alaves,H,0.47387527054073975,0.26819871539005774,0.25792601406920257,H
2025-12-20,La Liga,Real Madrid,Sevilla,H,0.7663716647214553,0.1668337226568819,0.06679461262166275,H
2025-12-20,Premier League,Wolves,Brentford,A,0.241909533897794,0.25311914261659174,0.5049713234856142,A
2025-12-20,La Liga,Oviedo,Celta,D,0.2705343702089267,0.2824608134188568,0.4470048163722165,A
2025-12-20,Premier League,Everton,Arsenal,A,0.19320933664957637,0.2163343288114281,0.5904563345389956,A
2025-12-20,Premier League,Bournemouth,Burnley,D,0.6796816015084164,0.20480266384557994,0.11551573464600373,H
2025-12-20,Premier League,Brighton,Sunderland,D,0.640785718176518,0.227663806179951,0.1315504756435311,H
2025-12-20,Serie A,Lazio,Cremonese,D,0.6122440786585064,0.23456506318266526,0.15319085815882835,H
2025-12-20,La Liga,Levante,Sociedad,D,0.3104799383239107,0.2777906670342011,0.41172939464188824,A
2025-12-20,Premier League,Man City,West Ham,H,0.7859621213586897,0.14978029948786123,0.06425757915344904,H
2025-12-20,Premier League,Leeds,Crystal Palace,H,0.2892924738736134,0.25668476734706025,0.4540227587793263,A
2025-12-20,Premier League,Tottenham,Liverpool,A,0.20273321889341936,0.21883338444515446,0.5784333966614261,A
2025-12-21,Bundesliga,Mainz,St Pauli,D,0.4991429379396248,0.2717580015005266,0.22909906055984863,H
2025-12-21,Serie A,Cagliari,Pisa,D,0.44049299838739014,0.28049668689776747,0.2790103147148424,H
2025-12-21,Serie A,Genoa,Atalanta,A,0.3240338542243305,0.24149732765773935,0.4344688181179302,A
2025-12-21,La Liga,Girona,Ath Madrid,A,0.19340058968563753,0.23315301324400745,0.573446397070355,A
2025-12-21,Serie A,Fiorentina,Udinese,H,0.4921454933814247,0.2575554379294547,0.25029906868912066,H
2025-12-21,La Liga,Villarreal,Barcelona,A,0.30394161795759655,0.22976189263472876,0.4662964894076747,A
2025-12-21,Bundesliga,Heidenheim,Bayern Munich,A,0.0439109599563405,0.13261699868713014,0.8234720413565294,A
2025-12-21,La Liga,Elche,Vallecano,H,0.35144093426103384,0.2862491040593237,0.3623099616796424,A
2025-12-21,Serie A,Sassuolo,Torino,A,0.4375172682200175,0.2520154663471121,0.31046726543287045,H
2025-12-21,La Liga,Betis,Getafe,H,0.6226685372493487,0.22922467431502688,0.14810678843562447,H
2025-12-21,Premier League,Aston Villa,Man United,H,0.5700585922440274,0.24313739870643006,0.1868040090495425,H
2025-12-22,Premier League,Fulham,Nott'm Forest,H,0.4467489195678083,0.28219311996561475,0.271057960466577,H
2025-12-22,La Liga,Ath Bilbao,Espanol,A,0.5041608119961454,0.2859927020566513,0.20984648594720337,H
2025-12-26,Premier League,Man United,Newcastle,H,0.4046859045938742,0.25234372524629184,0.342970370159834,H
2025-12-27,Serie A,Udinese,Lazio,D,0.2584484004808613,0.2765960769991027,0.4649555225200361,A
2025-12-27,Premier League,Nott'm Forest,Man City,A,0.14396556387479495,0.20321933374197126,0.6528151023832337,A
2025-12-27,Premier League,Burnley,Everton,D,0.23415100766580854,0.25175459735542804,0.5140943949787634,A
2025-12-27,Premier League,Chelsea,Aston Villa,A,0.4255043841484064,0.23783121051457295,0.33666440533702063,H
2025-12-27,Premier League,Liverpool,Wolves,H,0.8109141825199396,0.14092149550652144,0.048164321973538905,H
2025-12-27,Premier League,Brentford,Bournemouth,H,0.4413257134392398,0.2508483870237901,0.3078258995369701,H
2025-12-27,Serie A,Pisa,Juventus,A,0.18196049614906923,0.21477010157210488,0.6032694022788259,A
2025-12-27,Premier League,Arsenal,Brighton,H,0.6605454106521891,0.1935387373865403,0.1459158519612707,H
2025-12-27,Serie A,Lecce,Como,A,0.25982386279256237,0.2716349891346603,0.4685411480727773,A
2025-12-27,Serie A,Torino,Cagliari,A,0.5170068378434867,0.269994883626824,0.21299827852968936,H
2025-12-27,Premier League,West Ham,Fulham,A,0.34760241198443625,0.2679043130583173,0.3844932749572465,A
2025-12-27,Serie A,Parma,Fiorentina,H,0.2866160941764366,0.267051017432322,0.4463328883912415,A
2025-12-28,Serie A,Milan,Verona,H,0.7211349660816779,0.19666262619082353,0.08220240772749847,H
2025-12-28,Serie A,Cremonese,Napoli,A,0.1855699441986425,0.21295952976469956,0.6014705260366578,A
2025-12-28,Premier League,Crystal Palace,Tottenham,A,0.5275613564891424,0.25405945015936876,0.2183791933514889,H
2025-12-28,Serie A,Bologna,Sassuolo,D,0.64426711158611,0.21501056204949567,0.14072232636439427,H
2025-12-28,Premier League,Sunderland,Leeds,D,0.3851368332537059,0.3028894960195605,0.3119736707267335,H
2025-12-28,Serie A,Atalanta,Inter,A,0.2387296204644139,0.23320103953865456,0.5280693399969316,A
2025-12-29,Serie A,Roma,Genoa,H,0.6700951796322239,0.20543964015431307,0.12446518021346312,H
2025-12-30,Premier League,Nott'm Forest,Everton,A,0.38493325371231585,0.2777382610452768,0.3373284852424073,H
2025-12-30,Premier League,Man United,Wolves,D,0.7020983522499158,0.19536354049504215,0.102538107255042,H
2025-12-30,Premier League,Burnley,Newcastle,A,0.19145786805276765,0.2289476451038152,0.5795944868434171,A
2025-12-30,Premier League,Arsenal,Aston Villa,H,0.5635947744009859,0.21753641762878717,0.218868807970227,H
2025-12-30,Premier League,Chelsea,Bournemouth,D,0.5889180719100866,0.21391565383986413,0.1971662742500493,H
2025-12-30,Premier League,West Ham,Brighton,D,0.27575924530342943,0.23627024299596566,0.48797051170060474,A
2026-01-01,Premier League,Crystal Palace,Fulham,D,0.4471033850440101,0.2687240948287615,0.2841725201272285,H
2026-01-01,Premier League,Liverpool,Leeds,D,0.7130795163184284,0.19924213054489015,0.08767835313668154,H
2026-01-01,Premier League,Sunderland,Man City,D,0.0956616006544057,0.1812839721458103,0.723054427199784,A
2026-01-01,Premier League,Brentford,Tottenham,D,0.5245361030219443,0.2513555386285966,0.2241083583494591,H
2026-01-02,La Liga,Vallecano,Getafe,D,0.5067946578741851,0.2603661070026923,0.23283923512312255,H
2026-01-02,Ligue 1,Toulouse,Lens,A,0.2976579514416792,0.2649203378284935,0.43742171072982733,A
2026-01-02,Serie A,Cagliari,Milan,A,0.17421743015924915,0.2294895954926061,0.5962929743481448,A
2026-01-03,La Liga,Osasuna,Ath Bilbao,D,0.3836603148405424,0.257391843865155,0.3589478412943025,H
2026-01-03,La Liga,Espanol,Barcelona,A,0.13127508135631388,0.2048162033075335,0.6639087153361526,A
2026-01-03,Ligue 1,Nice,Strasbourg,D,0.3965506909697291,0.26631207771510784,0.337137231315163,H
2026-01-03,Ligue 1,Lille,Rennes,A,0.5926811761876163,0.23862667071193103,0.1686921531004526,H
2026-01-03,Serie A,Sassuolo,Parma,D,0.4997685618186062,0.2852358435437391,0.2149955946376548,H
2026-01-03,Serie A,Genoa,Pisa,D,0.4704334046087043,0.2701773266435806,0.259389268747715,H
2026-01-03,Serie A,Atalanta,Roma,H,0.3724545490436493,0.2420369853960605,0.38550846556029034,A
2026-01-03,Premier League,Aston Villa,Nott'm Forest,H,0.6597193685158412,0.21323080121672777,0.1270498302674309,H
2026-01-03,Serie A,Juventus,Lecce,D,0.7648068475276659,0.1702552034299268,0.06493794904240724,H
2026-01-03,Ligue 1,Monaco,Lyon,A,0.39279328932292595,0.2615547569252825,0.3456519537517915,H
2026-01-03,Premier League,Wolves,West Ham,H,0.3360676603050491,0.2748770542526887,0.38905528544226214,A
2026-01-03,Premier League,Bournemouth,Arsenal,A,0.17989563793213614,0.20274680520667154,0.6173575568611922,A
2026-01-03,La Liga,Elche,Villarreal,A,0.21975330922062186,0.2339110905805615,0.5463356001988167,A
2026-01-03,Premier League,Brighton,Burnley,H,0.6831457082755575,0.20881701917961654,0.1080372725448259,H
2026-01-03,La Liga,Celta,Valencia,H,0.50387599777481,0.26909956221338877,0.22702444001180128,H
2026-01-03,Serie A,Como,Udinese,H,0.5960562650827927,0.2320400495862874,0.17190368533091982,H
2026-01-04,Premier League,Newcastle,Crystal Palace,H,0.5295726135795598,0.22310623983945646,0.24732114658098384,H
2026-01-04,La Liga,Sevilla,Levante,A,0.5366991498638397,0.252316545216508,0.2109843049196523,H
2026-01-04,Premier League,Everton,Brentford,A,0.4445629567321063,0.2635815922624406,0.29185545100545324,H
2026-01-04,Premier League,Leeds,Man United,D,0.3218799416346504,0.2610013370979264,0.4171187212674233,A
2026-01-04,Ligue 1,Lorient,Metz,D,0.5419700371922856,0.26177154648770345,0.19625841632001093,H
2026-01-04,Premier League,Fulham,Liverpool,D,0.25359337838307555,0.24257016749802662,0.5038364541188978,A
2026-01-04,Serie A,Verona,Torino,A,0.3369208056130711,0.2813463365237101,0.38173285786321887,A
2026-01-04,Premier League,Tottenham,Sunderland,D,0.506261505517434,0.27899910944627715,0.21473938503628892,H
2026-01-04,Ligue 1,Le Havre,Angers,H,0.3869574456143165,0.31292660115385545,0.30011595323182816,H
2026-01-04,La Liga,Mallorca,Girona,A,0.5054291855298976,0.2562474691315217,0.23832334533858063,H
2026-01-04,Serie A,Lazio,Napoli,A,0.3082691020509922,0.23645164601684343,0.4552792519321643,A
2026-01-04,La Liga,Sociedad,Ath Madrid,D,0.2050113012864223,0.2194172172928658,0.5755714814207119,A
2026-01-04,Ligue 1,Paris SG,Paris FC,H,0.8456025943038901,0.11449081239208861,0.039906593304021284,H
2026-01-04,Ligue 1,Brest,Auxerre,H,0.5349296641583478,0.2724502443058208,0.19262009153583143,H
2026-01-04,La Liga,Alaves,Oviedo,D,0.46714614388976955,0.28383464501536454,0.2490192110948659,H
2026-01-04,La Liga,Real Madrid,Betis,H,0.6474725722235144,0.20163612957367144,0.15089129820281424,H
2026-01-04,Serie A,Fiorentina,Cremonese,H,0.512179142610399,0.2670767013868903,0.22074415600271077,H
2026-01-04,Serie A,Inter,Bologna,H,0.6593521953349298,0.18861507330764749,0.15203273135742268,H
2026-01-04,Ligue 1,Marseille,Nantes,A,0.762305499561874,0.16015618890778227,0.0775383115303437,H
2026-01-04,Premier League,Man City,Chelsea,D,0.6398456853896104,0.1925118810890239,0.16764243352136565,H
2026-01-06,Serie A,Lecce,Roma,A,0.17195047073574662,0.22978890174632732,0.598260627517926,A
2026-01-06,Serie A,Pisa,Como,A,0.2883155961347809,0.26160552659985364,0.4500788772653654,A
2026-01-06,Premier League,West Ham,Nott'm Forest,A,0.3491792144803308,0.27295131244200305,0.37786947307766616,A
2026-01-06,Serie A,Sassuolo,Juventus,A,0.2018679100199816,0.22546752917347662,0.5726645608065418,A
2026-01-07,Premier League,Newcastle,Leeds,H,0.6028886221833466,0.2429926190100545,0.15411875880659884,H
2026-01-07,Serie A,Parma,Inter,A,0.08648488425821647,0.17786626530398264,0.7356488504378009,A
2026-01-07,Premier League,Man City,Brighton,D,0.6763519616692156,0.18613119351370294,0.13751684481708148,H
2026-01-07,Serie A,Napoli,Verona,D,0.79119729755887,0.15299650510467755,0.0558061973364524,H
2026-01-07,Premier League,Burnley,Man United,D,0.19922685629176712,0.24560592144395277,0.5551672222642801,A
2026-01-07,Premier League,Brentford,Sunderland,H,0.5989629338422292,0.24991672244237143,0.1511203437153994,H
2026-01-07,Premier League,Everton,Wolves,D,0.5982909111248157,0.24770191958940022,0.1540071692857841,H
2026-01-07,Premier League,Fulham,Chelsea,H,0.3221499604690898,0.2519970481119544,0.42585299141895583,A
2026-01-07,Serie A,Torino,Udinese,A,0.535425870755277,0.24619480958320028,0.2183793196615226,H
2026-01-07,Serie A,Bologna,Atalanta,A,0.4437670464149459,0.2417452692385419,0.31448768434651225,H
2026-01-07,Premier League,Crystal Palace,Aston Villa,D,0.27272599911835804,0.231135777065155,0.4961382238164869,A
2026-01-07,Premier League,Bournemouth,Tottenham,H,0.4988515186489793,0.2567417602526682,0.24440672109835251,H
2026-01-07,Serie A,Lazio,Fiorentina,D,0.5127142813897125,0.2488341734134163,0.23845154519687115,H
2026-01-08,Serie A,Cremonese,Cagliari,D,0.4375915478370101,0.2846762269878176,0.2777322251751723,H
2026-01-08,Premier League,Arsenal,Liverpool,D,0.5691987332375898,0.2213559065335713,0.20944536022883883,H
2026-01-08,Serie A,Milan,Genoa,D,0.7282951323206563,0.18308256507808443,0.08862230260125925,H
2026-01-09,Bundesliga,Ein Frankfurt,Dortmund,D,0.3040451105397423,0.26225315012810246,0.43370173933215517,A
2026-01-09,La Liga,Getafe,Sociedad,A,0.3484632909797158,0.28120457941385446,0.3703321296064297,A
2026-01-10,La Liga,Villarreal,Alaves,H,0.727328381305466,0.18583798929156342,0.08683362940297067,H
2026-01-10,La Liga,Oviedo,Betis,D,0.2233897306872985,0.24197703812954469,0.5346332311831569,A
2026-01-10,Serie A,Roma,Sassuolo,H,0.6987336220091072,0.19310048298440038,0.10816589500649237,H
2026-01-10,La Liga,Valencia,Elche,D,0.4517849869736667,0.2860532629690813,0.26216175005725195,H
2026-01-10,La Liga,Girona,Osasuna,H,0.3608183853398425,0.30833407417276615,0.33084754048739135,H
2026-01-10,Bundesliga,Heidenheim,FC Koln,D,0.36016316582997215,0.3006894268901097,0.3391474072799182,H
2026-01-10,Serie A,Atalanta,Torino,H,0.5773979175254981,0.25239453558541,0.170207546889092,H
2026-01-10,Serie A,Udinese,Pisa,D,0.5007329877209122,0.26939265703083143,0.22987435524825628,H
2026-01-10,Bundesliga,Union Berlin,Mainz,D,0.48934186681065406,0.2645880216159412,0.2460701115734047,H
2026-01-10,Bundesliga,Leverkusen,Stuttgart,A,0.630340673206031,0.196434008402569,0.17322531839140004,H
2026-01-10,Bundesliga,Freiburg,Hamburg,H,0.6425782396793411,0.22949363825584915,0.12792812206480958,H
2026-01-10,Serie A,Como,Bologna,D,0.4461146242057711,0.23527735952255718,0.3186080162716718,H
2026-01-11,Serie A,Verona,Lazio,A,0.23554779085209868,0.26337314548049967,0.5010790636674016,A
2026-01-11,Bundesliga,M'gladbach,Augsburg,H,0.4656114845568032,0.28774874014203516,0.24663977530116166,H
2026-01-11,Bundesliga,Bayern Munich,Wolfsburg,H,0.8562576727070318,0.10678422219548536,0.036958105097482735,H
2026-01-11,La Liga,Vallecano,Mallorca,H,0.4308587937129436,0.2861493478229567,0.28299185846409963,H
2026-01-11,Serie A,Lecce,Parma,A,0.40700525320275066,0.3116515442121303,0.28134320258511913,H
2026-01-11,La Liga,Levante,Espanol,D,0.3371870215498235,0.2951767098694026,0.367636268580774,A
2026-01-11,Serie A,Fiorentina,Milan,D,0.25783993457646653,0.2304093405946039,0.5117507248289295,A
2026-01-11,Serie A,Inter,Napoli,D,0.5656852250740338,0.20910509149054693,0.22520968343541922,H
2026-01-12,Serie A,Juventus,Cremonese,H,0.7291775923985725,0.18344823655347034,0.08737417104795717,H
2026-01-12,Serie A,Genoa,Cagliari,H,0.456774829801819,0.2696102051124536,0.2736149650857273,H
2026-01-12,La Liga,Sevilla,Celta,A,0.28700916317621594,0.29251944190747625,0.4204713949163078,A
2026-01-13,Bundesliga,Stuttgart,Ein Frankfurt,H,0.5163954538558603,0.22028247520889324,0.2633220709352465,H
2026-01-13,Bundesliga,Mainz,Heidenheim,H,0.5346031471249031,0.26505222397206607,0.20034462890303087,H
2026-01-13,Bundesliga,Dortmund,Werder Bremen,H,0.694059406336199,0.18418870508994367,0.12175188857385738,H
2026-01-14,Bundesliga,FC Koln,Bayern Munich,A,0.04654058806101912,0.1262100923842402,0.8272493195547407,A
2026-01-14,Serie A,Napoli,Parma,D,0.7703242551720925,0.16490122785842284,0.06477451696948484,H
2026-01-14,Bundesliga,Hoffenheim,M'gladbach,H,0.5082340959430264,0.262745592611426,0.2290203114455477,H
2026-01-14,Bundesliga,RB Leipzig,Freiburg,H,0.5384923015015666,0.23437977532825596,0.22712792317017746,H
2026-01-14,Bundesliga,Wolfsburg,St Pauli,H,0.48470044939376844,0.297505805462351,0.21779374514388045,H
2026-01-14,Serie A,Inter,Lecce,H,0.830958098568651,0.13027534823261155,0.0387665531987374,H
2026-01-15,Serie A,Verona,Bologna,A,0.2172531600142886,0.23650281968841216,0.5462440202972992,A
2026-01-15,Bundesliga,Augsburg,Union Berlin,D,0.33978769755051613,0.28594900760864006,0.3742632948408438,A
2026-01-15,Serie A,Como,Milan,A,0.32093136738490824,0.23588143027664088,0.44318720233845077,A
2026-01-16,Bundesliga,Werder Bremen,Ein Frankfurt,D,0.3495858934635607,0.23772962965559818,0.4126844768808411,A
2026-01-16,La Liga,Espanol,Girona,A,0.5228487554724699,0.2681395254223118,0.20901171910521832,H
2026-01-16,Serie A,Pisa,Atalanta,D,0.2048013169940303,0.2584201280392576,0.536778554966712,A
2026-01-16,Ligue 1,Monaco,Lorient,A,0.5623281558454093,0.2660348444160323,0.17163699973855828,H
2026-01-16,Ligue 1,Paris SG,Lille,H,0.7086519810419049,0.17082073016686802,0.12052728879122707,H
2026-01-17,Bundesliga,Hamburg,M'gladbach,D,0.3706428870113255,0.2862110430909473,0.3431460698977273,H
2026-01-17,Premier League,Leeds,Fulham,H,0.3482720035045663,0.2774352045421006,0.3742927919533331,A
2026-01-17,La Liga,Osasuna,Oviedo,H,0.5286330489508585,0.26310759565757785,0.20825935539156365,H
2026-01-17,Premier League,Sunderland,Crystal Palace,H,0.31060322260819134,0.24774412941117824,0.44165264798063053,A
2026-01-17,Serie A,Cagliari,Juventus,H,0.12744015144917387,0.21859592393941565,0.6539639246114103,A
2026-01-17,Serie A,Udinese,Inter,A,0.1298101713270306,0.19543005432791838,0.6747597743450511,A
2026-01-17,Bundesliga,RB Leipzig,Bayern Munich,A,0.1585714733581543,0.18497033300789534,0.6564581936339504,A
2026-01-17,La Liga,Mallorca,Ath Bilbao,H,0.33411581459065676,0.2468410531070198,0.41904313230232354,A
2026-01-17,La Liga,Betis,Villarreal,H,0.33777207617693433,0.2453426333645183,0.4168852904585474,A
2026-01-17,Premier League,Nott'm Forest,Arsenal,D,0.14530405210733308,0.1964796254780295,0.6582163224146375,A
2026-01-17,Ligue 1,Toulouse,Nice,H,0.43556394098137335,0.23429287765328793,0.33014318136533877,H
2026-01-17,Serie A,Napoli,Sassuolo,H,0.769275175269426,0.1577974141223838,0.07292741060819023,H
2026-01-17,La Liga,Real Madrid,Levante,H,0.822871252964217,0.13536368413504898,0.04176506290073388,H
2026-01-17,Ligue 1,Angers,Marseille,A,0.21573706993403652,0.23885583964097673,0.5454070904249868,A
2026-01-17,Premier League,Tottenham,West Ham,A,0.5527919155576895,0.23880348754648617,0.20840459689582427,H
2026-01-17,Premier League,Liverpool,Burnley,D,0.7925588940519785,0.1567968319153999,0.050644274032621645,H
2026-01-17,Bundesliga,Hoffenheim,Leverkusen,H,0.3089194684668812,0.2111091221658196,0.4799714093672993,A
2026-01-17,Bundesliga,Wolfsburg,Heidenheim,D,0.5297072261578633,0.2780156258585635,0.19227714798357326,H
2026-01-17,Ligue 1,Lens,Auxerre,H,0.7015279627517499,0.2030231394219533,0.09544889782629679,H
2026-01-17,Premier League,Chelsea,Brentford,H,0.47425353952514043,0.2628327835192956,0.26291367695556395,H
2026-01-17,Premier League,Man United,Man City,H,0.21356117720717535,0.2160880051094497,0.570350817683375,A
2026-01-17,Bundesliga,FC Koln,Mainz,H,0.358504170917516,0.28375390065204137,0.35774192843044256,H
2026-01-17,Bundesliga,Dortmund,St Pauli,H,0.7672505839993876,0.16726556104539517,0.06548385495521722,H
2026-01-18,Serie A,Bologna,Fiorentina,A,0.5024953228331217,0.26114603936097364,0.2363586378059047,H
2026-01-18,La Liga,Ath Madrid,Alaves,H,0.7466314152466477,0.17130525606061425,0.08206332869273814,H
2026-01-18,Serie A,Parma,Genoa,D,0.371010221005103,0.29112772829389233,0.33786205070100467,H
2026-01-18,Bundesliga,Augsburg,Freiburg,D,0.3062079774457176,0.2623791310547184,0.43141289149956413,A
2026-01-18,Premier League,Aston Villa,Everton,A,0.6144225694672883,0.223739828065866,0.16183760246684553,H
2026-01-18,Serie A,Milan,Lecce,H,0.7852084465117523,0.15224195219177297,0.06254960129647473,H
2026-01-18,Ligue 1,Strasbourg,Metz,H,0.6406887574836923,0.21492330687542546,0.14438793564088234,H
2026-01-18,Ligue 1,Rennes,Le Havre,D,0.6014201754395003,0.24748324760483867,0.15109657695566106,H
2026-01-18,Ligue 1,Lyon,Brest,H,0.5583199702681969,0.2420132803321853,0.1996667493996178,H
2026-01-18,La Liga,Getafe,Valencia,A,0.37431182661589385,0.2756772802680713,0.35001089311603484,H
2026-01-18,La Liga,Sociedad,Barcelona,H,0.11214883003214361,0.17736948886627737,0.710481681101579,A
2026-01-18,Premier League,Wolves,Newcastle,D,0.20251305007582335,0.24094310395615803,0.5565438459680186,A
2026-01-18,Serie A,Torino,Roma,A,0.24038778511049072,0.23886770343966382,0.5207445114498455,A
2026-01-18,Ligue 1,Nantes,Paris FC,A,0.4198447356830506,0.27367584389806243,0.3064794204188869,H
2026-01-18,Bundesliga,Stuttgart,Union Berlin,D,0.5889815768416791,0.24043356786038422,0.17058485529793666,H
2026-01-18,La Liga,Celta,Vallecano,H,0.5638197947414053,0.2429715199639191,0.19320868529467564,H
2026-01-19,La Liga,Elche,Sevilla,D,0.4632847464525803,0.275821535249659,0.2608937182977606,H
2026-01-19,Premier League,Brighton,Bournemouth,D,0.5406269225602164,0.22239818850609688,0.23697488893368673,H
2026-01-19,Serie A,Lazio,Como,A,0.4501698881127963,0.2634089915759632,0.2864211203112405,H
2026-01-19,Serie A,Cremonese,Verona,D,0.47148771834582126,0.2667671356164126,0.2617451460377661,H
2026-01-23,Serie A,Inter,Pisa,H,0.815869986082431,0.13604928624996762,0.04808072766760126,H
2026-01-23,Bundesliga,St Pauli,Hamburg,D,0.45046998205251515,0.2827843783434585,0.2667456396040262,H
2026-01-23,La Liga,Levante,Elche,H,0.40014616551097704,0.286079425129934,0.3137744093590889,H
2026-01-23,Ligue 1,Auxerre,Paris SG,A,0.07373159310575278,0.14897410828698152,0.7772942986072657,A
2026-01-24,Premier League,Man City,Wolves,H,0.7549571493273403,0.17968594976037722,0.06535690091228255,H
2026-01-24,Premier League,West Ham,Sunderland,H,0.4206657678473573,0.28829940563488915,0.2910348265177534,H
2026-01-24,La Liga,Valencia,Espanol,H,0.4155540809598124,0.27843978659031116,0.30600613244987646,H
2026-01-24,La Liga,Vallecano,Osasuna,A,0.3865887619549303,0.29708158960528697,0.31632964843978273,H
2026-01-24,La Liga,Sevilla,Ath Bilbao,H,0.30437694505480495,0.25227374957087945,0.4433493053743155,A
2026-01-24,Bundesliga,Leverkusen,Werder Bremen,H,0.6878136274754245,0.18175816676353704,0.13042820576103856,H
2026-01-24,Serie A,Lecce,Lazio,D,0.2458635999788898,0.23390141609518497,0.5202349839259253,A
2026-01-24,Premier League,Fulham,Brighton,H,0.37567243787364835,0.2595146229054558,0.36481293922089597,H
2026-01-24,La Liga,Villarreal,Real Madrid,A,0.29932430521456366,0.2261368872883981,0.47453880749703825,A
2026-01-24,Bundesliga,Bayern Munich,Augsburg,A,0.8917782122056291,0.08399532531745857,0.024226462476912253,H
2026-01-24,Bundesliga,Union Berlin,Dortmund,A,0.22478388999197113,0.23392830010474783,0.541287809903281,A
2026-01-24,Ligue 1,Rennes,Lorient,A,0.51637257383623,0.29132172135985346,0.1923057048039164,H
2026-01-24,Serie A,Como,Torino,H,0.5784218440744323,0.2298472125117332,0.19173094341383448,H
2026-01-24,Bundesliga,Mainz,Wolfsburg,H,0.5059210781372903,0.24442183864442907,0.24965708321828065,H
2026-01-24,Ligue 1,Le Havre,Monaco,D,0.30801983736935945,0.2439766061757457,0.448003556454895,A
2026-01-24,Ligue 1,Marseille,Lens,H,0.42999973737035896,0.258133316399033,0.3118669462306082,H
2026-01-24,Serie A,Fiorentina,Cagliari,A,0.5640298972949035,0.25373013381054754,0.18223996889454894,H
2026-01-24,Premier League,Burnley,Tottenham,D,0.28459488402978106,0.2844581054515262,0.43094701051869283,A
2026-01-24,Bundesliga,Ein Frankfurt,Hoffenheim,A,0.4867923869770524,0.2648550003967936,0.24835261262615396,H
2026-01-24,Bundesliga,Heidenheim,RB Leipzig,A,0.1801586324674698,0.21551645462798608,0.6043249129045442,A
2026-01-24,Premier League,Bournemouth,Liverpool,H,0.25786880684236296,0.23502767195569163,0.5071035212019455,A
2026-01-25,La Liga,Barcelona,Oviedo,H,0.8380091171731548,0.12299928520873225,0.03899159761811296,H
2026-01-25,Ligue 1,Paris FC,Angers,D,0.45557694514429564,0.27870882633062494,0.26571422852507953,H
2026-01-25,Premier League,Brentford,Nott'm Forest,A,0.5645737700712378,0.23104598626328673,0.2043802436654755,H
2026-01-25,Serie A,Sassuolo,Cremonese,H,0.457889986458182,0.2626241517073515,0.27948586183446655,H
2026-01-25,Ligue 1,Lille,Strasbourg,A,0.5070179436362241,0.25647163654684607,0.23651041981692988,H
2026-01-25,Serie A,Juventus,Napoli,H,0.4610773372809811,0.2134000774896593,0.3255225852293595,H
2026-01-25,La Liga,Sociedad,Celta,H,0.3447219769172995,0.30191895880479247,0.3533590642779079,A
2026-01-25,Premier League,Crystal Palace,Chelsea,A,0.3212502725097794,0.2332275457508529,0.4455221817393677,A
2026-01-25,Serie A,Roma,Milan,D,0.43924586580917213,0.23697480967068835,0.3237793245201395,H
2026-01-25,Serie A,Atalanta,Parma,H,0.6684748736620421,0.21741920612214866,0.11410592021580934,H
2026-01-25,Premier League,Newcastle,Aston Villa,A,0.3889925749646725,0.23278371902874384,0.37822370600658367,H
2026-01-25,Serie A,Genoa,Bologna,H,0.3316345693528571,0.2348861858155987,0.43347924483154415,A
2026-01-25,Ligue 1,Brest,Toulouse,A,0.43810490028763327,0.2821923262348857,0.27970277347748096,H
2026-01-25,Bundesliga,Freiburg,FC Koln,H,0.5905769794456546,0.24178186806965868,0.16764115248468675,H
2026-01-25,Premier League,Arsenal,Man United,A,0.6932500487495769,0.19343672882213853,0.11331322242828464,H
2026-01-25,Bundesliga,M'gladbach,Stuttgart,A,0.24343360100986844,0.2682922202356916,0.48827417875443985,A
2026-01-25,La Liga,Alaves,Betis,H,0.23255643511203206,0.25122974653215774,0.5162138183558102,A
2026-01-25,Ligue 1,Metz,Lyon,A,0.1665294913302971,0.2402070879871883,0.5932634206825145,A
2026-01-25,La Liga,Ath Madrid,Mallorca,H,0.7010598764508406,0.19656997896876632,0.10237014458039305,H
2026-01-25,Ligue 1,Nantes,Nice,A,0.32109456835696937,0.245209239466366,0.43369619217666455,A
2026-01-26,La Liga,Girona,Getafe,D,0.5215944228753147,0.27037730783693303,0.20802826928775234,H
2026-01-26,Serie A,Verona,Udinese,A,0.3390791172630051,0.2818804829898515,0.37904039974714326,A
2026-01-26,Premier League,Everton,Leeds,D,0.5500541392578301,0.2586157230923497,0.19133013764982018,H
2026-01-27,Bundesliga,St Pauli,RB Leipzig,D,0.20901546182802702,0.21738430682828613,0.5736002313436869,A
2026-01-27,Bundesliga,Werder Bremen,Hoffenheim,A,0.2941340160630715,0.2976697669426346,0.4081962169942939,A
2026-01-30,Ligue 1,Lens,Le Havre,H,0.6709934705044999,0.2207226990385947,0.10828383045690544,H
2026-01-30,Serie A,Lazio,Genoa,H,0.5091155321676797,0.2737710142071919,0.2171134536251283,H
2026-01-30,Bundesliga,FC Koln,Wolfsburg,H,0.47247814459284276,0.2427640028900564,0.28475785251710084,H
2026-01-30,La Liga,Espanol,Alaves,A,0.5142588973143035,0.25871126471559897,0.22702983797009757,H
2026-01-31,La Liga,Oviedo,Girona,H,0.3646935974669812,0.29492892861566683,0.34037747391735196,H
2026-01-31,Bundesliga,Augsburg,St Pauli,H,0.47421154917845715,0.2899254102881876,0.23586304053335522,H
2026-01-31,Serie A,Napoli,Fiorentina,H,0.6533717206192671,0.2105694469988854,0.13605883238184752,H
2026-01-31,Bundesliga,Hoffenheim,Union Berlin,H,0.5805354436804904,0.23668631084437086,0.18277824547513877,H
2026-01-31,Serie A,Cagliari,Verona,H,0.4909240321729569,0.27764584618359517,0.23143012164344803,H
2026-01-31,Premier League,Liverpool,Newcastle,H,0.5693651843137515,0.22174826084249843,0.20888655484375004,H
2026-01-31,Premier League,Wolves,Bournemouth,A,0.26377319751532585,0.2542567470031616,0.4819700554815126,A
2026-01-31,Serie A,Pisa,Sassuolo,A,0.42576501631151864,0.2863222324483857,0.2879127512400957,H
2026-01-31,Premier League,Brighton,Everton,D,0.49027294221504314,0.24867079481182422,0.2610562629731328,H
2026-01-31,Bundesliga,Hamburg,Bayern Munich,D,0.042587042260955485,0.12197416093399346,0.835438796805051,A
2026-01-31,La Liga,Elche,Barcelona,A,0.09489123925513882,0.16886297617925827,0.7362457845656029,A
2026-01-31,Ligue 1,Monaco,Rennes,H,0.48988505415802613,0.23764470025516074,0.2724702455868131,H
2026-01-31,Bundesliga,Werder Bremen,M'gladbach,D,0.47529625797995456,0.25829047993528315,0.26641326208476224,H
2026-01-31,Premier League,Leeds,Arsenal,A,0.13140375478813388,0.1811108225410371,0.687485422670829,A
2026-01-31,La Liga,Osasuna,Villarreal,D,0.29505284584908015,0.23191140710619923,0.4730357470447205,A
2026-01-31,La Liga,Levante,Ath Madrid,D,0.15182168466968404,0.2290647971262011,0.6191135182041149,A
2026-01-31,Bundesliga,RB Leipzig,Mainz,A,0.5979727441915876,0.24210509496504615,0.15992216084336622,H
2026-01-31,Premier League,Chelsea,West Ham,H,0.6848638730730335,0.2008878613507191,0.11424826557624745,H
2026-01-31,Ligue 1,Paris FC,Marseille,D,0.20057592894380638,0.23443469818605608,0.5649893728701375,A
2026-01-31,Ligue 1,Lorient,Nantes,H,0.5561297607558346,0.24770316212362148,0.19616707712054393,H
2026-01-31,Bundesliga,Ein Frankfurt,Leverkusen,A,0.3417535648066709,0.23128510008485215,0.4269613351084768,A
2026-02-01,Premier League,Man United,Fulham,H,0.4970759139227167,0.25283548798739547,0.2500885980898878,H
2026-02-01,Serie A,Cremonese,Inter,A,0.07824741292563576,0.1597393749883563,0.7620132120860079,A
2026-02-01,Premier League,Nott'm Forest,Crystal Palace,D,0.4245220268165548,0.2547018416186319,0.32077613156481327,H
2026-02-01,Bundesliga,Stuttgart,Freiburg,H,0.5700349896117275,0.22740923942703448,0.20255577096123809,H
2026-02-01,La Liga,Betis,Valencia,H,0.5937539759510433,0.23459745576483385,0.17164856828412287,H
2026-02-01,Ligue 1,Strasbourg,Paris SG,A,0.16977702912019044,0.19956797832997833,0.6306549925498313,A
2026-02-01,Serie A,Torino,Lecce,H,0.49107170289954044,0.2816097344151823,0.22731856268527728,H
2026-02-01,Ligue 1,Angers,Metz,H,0.5347551474496594,0.25611404806190025,0.20913080448844032,H
2026-02-01,Serie A,Parma,Juventus,A,0.11164005343820205,0.20982276880839285,0.678537177753405,A
2026-02-01,Premier League,Aston Villa,Brentford,A,0.604363105156402,0.22219587350145564,0.17344102134214245,H
2026-02-01,Premier League,Tottenham,Man City,D,0.17701410590745395,0.19699649339272177,0.6259894006998242,A
2026-02-01,Ligue 1,Lyon,Lille,H,0.5431623024009674,0.21111673060875444,0.24572096699027815,H
2026-02-01,La Liga,Ath Bilbao,Sociedad,D,0.47534931144975767,0.26708112955482455,0.2575695589954177,H
2026-02-01,La Liga,Getafe,Celta,D,0.2588804057517754,0.2817213715481359,0.4593982227000886,A
2026-02-01,La Liga,Real Madrid,Vallecano,H,0.8393567126662225,0.11700562825073284,0.043637659083044636,H
2026-02-01,Bundesliga,Dortmund,Heidenheim,H,0.815239590816798,0.13539687899849787,0.04936353018470413,H
2026-02-01,Ligue 1,Toulouse,Auxerre,D,0.5976111593878706,0.239107363760019,0.16328147685211034,H
2026-02-01,Ligue 1,Nice,Brest,D,0.4741497894613771,0.2561283575875083,0.2697218529511146,H
2026-02-01,Serie A,Como,Atalanta,D,0.4317898826908048,0.2514082929936034,0.3168018243155919,H
2026-02-02,Premier League,Sunderland,Burnley,H,0.5153612716984058,0.2778068379157951,0.20683189038579916,H
2026-02-02,La Liga,Mallorca,Sevilla,H,0.468262498048512,0.2711848053952734,0.26055269655621455,H
2026-02-02,Serie A,Udinese,Roma,H,0.23036619859501922,0.24523661192643942,0.5243971894785413,A
2026-02-03,Serie A,Bologna,Milan,A,0.2895552064709419,0.23281648466897137,0.4776283088600868,A
2026-02-06,Bundesliga,Union Berlin,Ein Frankfurt,D,0.3388199154264186,0.22938105489989408,0.4317990296736873,A
2026-02-06,Ligue 1,Metz,Lille,D,0.1975110211048248,0.2056848114401182,0.5968041674550569,A
2026-02-06,Premier League,Leeds,Nott'm Forest,H,0.34761084946836673,0.29030668054081876,0.3620824699908145,A
2026-02-06,Serie A,Verona,Pisa,D,0.4169541352735379,0.262105789473619,0.32094007525284307,H
2026-02-06,La Liga,Celta,Osasuna,A,0.5087483642855183,0.25944445748801287,0.23180717822646882,H
2026-02-07,Bundesliga,Heidenheim,Hamburg,A,0.39055135283047776,0.30006618130317536,0.309382465866347,H
2026-02-07,Bundesliga,St Pauli,Stuttgart,H,0.18665482883655538,0.24512105463437173,0.5682241165290729,A
2026-02-07,Serie A,Fiorentina,Torino,D,0.558523580651169,0.22377587602160326,0.21770054332722769,H
2026-02-07,Ligue 1,Lens,Rennes,H,0.6144691330408466,0.2195454260887033,0.16598544087045008,H
2026-02-07,Bundesliga,M'gladbach,Leverkusen,D,0.19028916057907094,0.21685990521293663,0.5928509342079924,A
2026-02-07,Premier League,Wolves,Chelsea,A,0.1579544588903574,0.2229323416752656,0.6191131994343769,A
2026-02-07,Bundesliga,Mainz,Augsburg,H,0.5095477312035742,0.265292809253455,0.2251594595429707,H
2026-02-07,Bundesliga,Freiburg,Werder Bremen,H,0.5312009917435595,0.2420090604099358,0.22678994784650464,H
2026-02-07,La Liga,Sociedad,Elche,H,0.5774278974840406,0.2427850031100374,0.1797870994059221,H
2026-02-07,Ligue 1,Nantes,Lyon,A,0.17523694327840952,0.25404867087594163,0.5707143858456487,A
2026-02-07,Premier League,Man United,Tottenham,H,0.5694717625272113,0.23637950442267244,0.1941487330501163,H
2026-02-07,Premier League,Bournemouth,Aston Villa,D,0.31413486686030695,0.25207861369397666,0.4337865194457165,A
2026-02-07,Ligue 1,Brest,Lorient,H,0.4743287769195448,0.2844210482155371,0.24125017486491804,H
2026-02-07,La Liga,Barcelona,Mallorca,H,0.811224443158107,0.13561597215532495,0.05315958468656794,H
2026-02-07,Premier League,Fulham,Everton,A,0.4434843968830053,0.2565491748417151,0.2999664282752796,H
2026-02-07,Premier League,Newcastle,Brentford,A,0.45750858695305474,0.26546835898979726,0.27702305405714794,H
2026-02-07,Premier League,Burnley,West Ham,A,0.3254927304798811,0.2881914839865368,0.38631578553358215,A
2026-02-07,Premier League,Arsenal,Sunderland,H,0.7931651821114288,0.1470772528117682,0.05975756507680304,H
2026-02-07,Serie A,Genoa,Napoli,A,0.2252888089565718,0.21535536960252752,0.5593558214409007,A
2026-02-07,Bundesliga,Wolfsburg,Dortmund,A,0.13019325967652268,0.21886190590589646,0.6509448344175809,A
2026-02-08,La Liga,Ath Madrid,Betis,A,0.62302389603803,0.2000271804465618,0.17694892351540825,H
2026-02-08,Ligue 1,Le Havre,Strasbourg,H,0.27568894359270935,0.26481213282933674,0.4594989235779538,A
2026-02-08,Ligue 1,Nice,Monaco,D,0.3886133398532417,0.2526963604562721,0.3586902996904863,H
2026-02-08,Premier League,Brighton,Crystal Palace,A,0.5104428321063006,0.2314187904783668,0.2581383774153325,H
2026-02-08,La Liga,Valencia,Real Madrid,A,0.10784250572031152,0.1938813661977559,0.6982761280819326,A
2026-02-08,Serie A,Bologna,Parma,A,0.6376347669098262,0.22205497381908376,0.14031025927108998,H
2026-02-08,La Liga,Ath Bilbao,Levante,H,0.5753661842268966,0.2532213443793504,0.17141247139375293,H
2026-02-08,Ligue 1,Auxerre,Paris FC,D,0.4026249223135212,0.2722255763504546,0.3251495013360242,H
2026-02-08,Serie A,Lecce,Udinese,H,0.30880385933203974,0.280973872568406,0.4102222680995542,A
2026-02-08,Bundesliga,Bayern Munich,Hoffenheim,H,0.756228349806911,0.1616979789570904,0.08207367123599864,H
2026-02-08,Bundesliga,FC Koln,RB Leipzig,A,0.25006155220482157,0.24963940960572412,0.5002990381894543,A
2026-02-08,Serie A,Sassuolo,Inter,A,0.0947012060784515,0.17317413157965297,0.7321246623418955,A
2026-02-08,Ligue 1,Paris SG,Marseille,H,0.6530670256642598,0.19744360606937714,0.1494893682663632,H
2026-02-08,La Liga,Sevilla,Girona,D,0.3607124836243007,0.3160531785637286,0.3232343378119707,H
2026-02-08,Ligue 1,Angers,Toulouse,H,0.30804239533428335,0.2946336544803294,0.39732395018538724,A
2026-02-08,Serie A,Juventus,Lazio,D,0.687054994119876,0.17603962476267795,0.13690538111744605,H
2026-02-08,Premier League,Liverpool,Man City,A,0.43139676893472495,0.20799776526933467,0.3606054657959403,H
2026-02-08,La Liga,Alaves,Getafe,A,0.45708197614661183,0.2905278843369882,0.2523901395164001,H
2026-02-09,Serie A,Roma,Cagliari,H,0.6662688701640596,0.2143332793842565,0.11939785045168393,H
2026-02-09,Serie A,Atalanta,Cremonese,H,0.7493819075556476,0.16610457968533002,0.08451351275902236,H
2026-02-09,La Liga,Villarreal,Espanol,H,0.6623487379296192,0.19823138571507679,0.13941987635530403,H
2026-02-10,Premier League,West Ham,Man United,D,0.2944546087428722,0.27440013203144814,0.43114525922567964,A
2026-02-10,Premier League,Chelsea,Leeds,D,0.6931676483396503,0.19791122816827944,0.10892112349207017,H
2026-02-10,Premier League,Everton,Bournemouth,A,0.4497573861945124,0.2689845890717908,0.2812580247336968,H
2026-02-10,Premier League,Tottenham,Newcastle,A,0.3641175292435012,0.23406036002484973,0.40182211073164914,A
2026-02-11,Premier League,Aston Villa,Brighton,H,0.5733124337810178,0.21646000670307536,0.21022755951590683,H
2026-02-11,Premier League,Nott'm Forest,Wolves,D,0.6064663499288865,0.24416647076784875,0.14936717930326476,H
2026-02-11,Premier League,Crystal Palace,Burnley,A,0.6712950741814889,0.21752904812751492,0.11117587769099618,H
2026-02-11,Premier League,Man City,Fulham,H,0.6904912835256087,0.18881647373103763,0.12069224274335355,H
2026-02-11,Premier League,Sunderland,Liverpool,A,0.16263598744125132,0.21402637265819077,0.6233376399005578,A
2026-02-12,Premier League,Brentford,Arsenal,D,0.19256355555707874,0.21403261323967276,0.5934038312032486,A
2026-02-13,Serie A,Pisa,Milan,A,0.12499079443639247,0.20612639411416475,0.6688828114494427,A
2026-02-13,Ligue 1,Rennes,Paris SG,H,0.112170453786188,0.18570025588288375,0.7021292903309283,A
2026-02-13,Ligue 1,Monaco,Nantes,H,0.6654581398502827,0.21015111331560643,0.12439074683411086,H
2026-02-13,La Liga,Elche,Osasuna,D,0.31045046810406135,0.2835878313168691,0.4059617005790696,A
2026-02-13,Bundesliga,Dortmund,Mainz,H,0.6915790279539296,0.20828194030540162,0.1001390317406688,H
2026-02-14,Ligue 1,Marseille,Strasbourg,D,0.5323101737510123,0.24487734348345383,0.22281248276553392,H
2026-02-14,La Liga,Real Madrid,Sociedad,H,0.7648870641185151,0.16659413793469616,0.06851879794678864,H
2026-02-14,Ligue 1,Lille,Brest,D,0.4785421826221219,0.25745569645805844,0.2640021209198197,H
2026-02-14,Serie A,Como,Fiorentina,A,0.5929461438905596,0.21467888716545094,0.19237496894398956,H
2026-02-14,Bundesliga,Leverkusen,St Pauli,H,0.7291350792017787,0.18887535747760711,0.08198956332061415,H
2026-02-14,Bundesliga,Stuttgart,FC Koln,H,0.6622536073771171,0.21675512496667043,0.12099126765621238,H
2026-02-14,Bundesliga,Werder Bremen,Bayern Munich,A,0.08718780917356497,0.14737296221204502,0.7654392286143901,A
2026-02-14,La Liga,Getafe,Villarreal,H,0.1925313345439191,0.2125405518442713,0.5949281136118095,A
2026-02-14,Bundesliga,Hoffenheim,Freiburg,H,0.47533747859964076,0.2654184875270809,0.2592440338732783,H
2026-02-14,Serie A,Inter,Juventus,H,0.578265746398626,0.20688358236219984,0.21485067123917403,H
2026-02-14,La Liga,Sevilla,Alaves,D,0.43545770388832616,0.28449217898284945,0.28005011712882444,H
2026-02-14,Bundesliga,Hamburg,Union Berlin,H,0.3893426989449522,0.26177820324392476,0.34887909781112314,H
2026-02-14,Serie A,Lazio,Atalanta,A,0.33898040182877825,0.2707676654216694,0.3902519327495524,A
2026-02-14,Bundesliga,Ein Frankfurt,M'gladbach,H,0.6024528020430779,0.22074332811473826,0.17680386984218371,H
2026-02-14,Ligue 1,Paris FC,Lens,A,0.21596648858936743,0.24234217968575938,0.5416913317248732,A
2026-02-14,La Liga,Espanol,Celta,D,0.35899967076204997,0.27649435111790066,0.3645059781200495,A
2026-02-15,Serie A,Parma,Verona,H,0.4904878444868929,0.2790181549701654,0.23049400054294172,H
2026-02-15,Bundesliga,RB Leipzig,Wolfsburg,D,0.6455012036519572,0.22129275208088073,0.13320604426716207,H
2026-02-15,Ligue 1,Lyon,Nice,H,0.5896441108202108,0.2271091342524654,0.18324675492732384,H
2026-02-15,La Liga,Mallorca,Betis,A,0.27101980344681675,0.27500442345973586,0.45397577309344744,A
2026-02-15,Serie A,Napoli,Roma,D,0.4789498138876865,0.2516545591478582,0.2693956269644552,H
2026-02-15,Bundesliga,Augsburg,Heidenheim,H,0.5519012335965897,0.25779049351659666,0.19030827288681357,H
2026-02-15,Ligue 1,Lorient,Angers,H,0.5049892773948039,0.2747284259847146,0.22028229662048154,H
2026-02-15,La Liga,Oviedo,Ath Bilbao,A,0.2709140069483132,0.25932930343048105,0.4697566896212058,A
2026-02-15,La Liga,Levante,Valencia,A,0.3760581389033184,0.29075437391487363,0.333187487181808,H
2026-02-15,Serie A,Cremonese,Genoa,D,0.31391911326877947,0.28950677734978614,0.3965741093814343,A
2026-02-15,Serie A,Udinese,Sassuolo,A,0.5369937645420811,0.25091623275828906,0.21209000269962983,H
2026-02-15,Serie A,Torino,Bologna,A,0.3340637172738772,0.2597347504079883,0.40620153231813455,A
2026-02-15,Ligue 1,Metz,Auxerre,A,0.35704264326685836,0.29845709021358996,0.3445002665195517,H
2026-02-15,La Liga,Vallecano,Ath Madrid,H,0.19063097779441904,0.23864575503529734,0.5707232671702837,A
2026-02-15,Ligue 1,Le Havre,Toulouse,H,0.34765460701440565,0.2858921177352724,0.366453275250322,A
2026-02-16,Serie A,Cagliari,Lecce,A,0.49015744086169355,0.2908751256556376,0.21896743348266892,H
2026-02-16,La Liga,Girona,Barcelona,H,0.10395298086214924,0.1752018145535542,0.7208452045842965,A
2026-02-18,Premier League,Wolves,Arsenal,D,0.064532690630394,0.1472494441981492,0.7882178651714569,A
2026-02-18,Serie A,Milan,Como,D,0.5793119964607508,0.22923973899728212,0.19144826454196706,H
2026-02-18,La Liga,Levante,Villarreal,A,0.1672899247048493,0.21138876420428232,0.6213213110908685,A
2026-02-20,Serie A,Sassuolo,Verona,H,0.5383754656286871,0.27409123844695665,0.18753329592435627,H
2026-02-20,La Liga,Ath Bilbao,Elche,H,0.639308835444102,0.2190010937443759,0.14169007081152213,H
2026-02-20,Ligue 1,Brest,Marseille,H,0.34023381572219935,0.22645566756458393,0.43331051671321674,A
2026-02-20,Bundesliga,Mainz,Hamburg,D,0.48787616731881006,0.2991123416618707,0.21301149101931927,H
2026-02-21,La Liga,Ath Madrid,Espanol,H,0.6655469981967693,0.19158728867469352,0.1428657131285372,H
2026-02-21,Bundesliga,Wolfsburg,Augsburg,A,0.42809965726965543,0.2837136483726319,0.28818669435771266,H
2026-02-21,Ligue 1,Toulouse,Paris FC,D,0.5725622980026704,0.23790223854906511,0.18953546344826452,H
2026-02-21,Serie A,Juventus,Como,A,0.5500686513151052,0.2317167603946302,0.21821458829026463,H
2026-02-21,Serie A,Cagliari,Lazio,D,0.3119924364264042,0.250062033021425,0.43794553055217084,A
2026-02-21,Premier League,West Ham,Bournemouth,D,0.3283728176254838,0.2817795326970831,0.389847649677433,A
2026-02-21,Premier League,Brentford,Brighton,A,0.4494006851769348,0.2550831991927691,0.2955161156302961,H
2026-02-21,La Liga,Betis,Vallecano,D,0.6038717048418127,0.23374815589463796,0.1623801392635492,H
2026-02-21,Premier League,Chelsea,Burnley,D,0.7692412272257132,0.17059774009021,0.06016103268407682,H
2026-02-21,Serie A,Lecce,Inter,A,0.06802069579872233,0.15093041549914493,0.7810488887021326,A
2026-02-21,La Liga,Sociedad,Oviedo,D,0.5789861524027043,0.25217831613308317,0.16883553146421246,H
2026-02-21,Ligue 1,Paris SG,Metz,H,0.8816754835942595,0.09550851742999797,0.022815998975742467,H
2026-02-21,Bundesliga,Bayern Munich,Ein Frankfurt,H,0.7798117417565378,0.13601503012031174,0.08417322812315045,H
2026-02-21,Ligue 1,Lens,Monaco,A,0.5552603370839444,0.23609922783518097,0.20864043508087463,H
2026-02-21,Bundesliga,Union Berlin,Leverkusen,H,0.17242805194608415,0.22308368170029105,0.6044882663536247,A
2026-02-21,Bundesliga,FC Koln,Hoffenheim,D,0.25484210501489457,0.27194992278439933,0.47320797220070615,A
2026-02-21,Premier League,Aston Villa,Leeds,D,0.6894389126022337,0.1981071586715232,0.11245392872624307,H
2026-02-21,La Liga,Osasuna,Real Madrid,H,0.1427088198409449,0.20724712418269753,0.6500440559763576,A
2026-02-21,Premier League,Man City,Newcastle,H,0.6862160780828443,0.17736933483512707,0.13641458708202855,H
2026-02-21,Bundesliga,RB Leipzig,Dortmund,D,0.321072796936954,0.24391153411172564,0.43501566895132043,A
2026-02-22,Serie A,Atalanta,Napoli,H,0.44287835724193036,0.21516124440085352,0.341960398357216,H
2026-02-22,Ligue 1,Nice,Lorient,D,0.48639241238837877,0.28447814740609,0.2291294402055312,H
2026-02-22,Premier League,Crystal Palace,Wolves,H,0.6219013764229421,0.23098355917444718,0.14711506440261085,H
2026-02-22,La Liga,Barcelona,Levante,H,0.8461823300403896,0.11735998759211205,0.03645768236749836,H
2026-02-22,Bundesliga,Heidenheim,Stuttgart,D,0.15874591187055181,0.23986590810263228,0.6013881800268159,A
2026-02-22,Ligue 1,Strasbourg,Lyon,H,0.3583943990766678,0.26430944782334376,0.3772961530999884,A
2026-02-22,Ligue 1,Auxerre,Rennes,A,0.33404199364911435,0.24057422614400994,0.42538378020687573,A
2026-02-22,Serie A,Genoa,Torino,H,0.5006557989269833,0.24126863293756945,0.25807556813544724,H
2026-02-22,Bundesliga,St Pauli,Werder Bremen,H,0.36157361124278803,0.2773527976698611,0.3610735910873508,H
2026-02-22,Ligue 1,Nantes,Le Havre,H,0.33435130959841525,0.300160512606336,0.3654881777952488,A
2026-02-22,La Liga,Villarreal,Valencia,H,0.6557272613566882,0.21603072224495265,0.12824201639835922,H
2026-02-22,La Liga,Getafe,Sevilla,A,0.4744365729700884,0.274923670853077,0.2506397561768346,H
2026-02-22,Premier League,Sunderland,Fulham,A,0.34960571549489666,0.25930202024760796,0.3910922642574953,A
2026-02-22,Ligue 1,Angers,Lille,A,0.2545939305501351,0.2400305817540851,0.5053754876957799,A
2026-02-22,Serie A,Milan,Parma,A,0.7727693842615674,0.1592509810143389,0.06797963472409359,H
2026-02-22,Serie A,Roma,Cremonese,H,0.7248738530284351,0.18591997741986124,0.08920616955170368,H
2026-02-22,Premier League,Nott'm Forest,Liverpool,A,0.22015039009309018,0.21786757371226628,0.5619820361946436,A
2026-02-22,Bundesliga,Freiburg,M'gladbach,H,0.5517584406226965,0.24933852840592483,0.19890303097137865,H
2026-02-22,Premier League,Tottenham,Arsenal,A,0.12004713909576441,0.17391884054880313,0.7060340203554325,A
2026-02-22,La Liga,Celta,Mallorca,H,0.5763742429121517,0.2338153613394232,0.18981039574842518,H
2026-02-23,Premier League,Everton,Man United,A,0.38876143588506357,0.27387287301300367,0.33736569110193276,H
2026-02-23,La Liga,Alaves,Girona,D,0.3629725027879327,0.2995154388145675,0.3375120583974998,H
2026-02-23,Serie A,Bologna,Udinese,H,0.5234670910993414,0.25773140485681534,0.21880150404384327,H
2026-02-23,Serie A,Fiorentina,Pisa,H,0.6050387794680897,0.22766977603644098,0.16729144449546937,H
2026-02-27,Premier League,Wolves,Aston Villa,H,0.1394464612400622,0.21239166637732856,0.6481618723826092,A
2026-02-27,Ligue 1,Strasbourg,Lens,D,0.34782425252334465,0.23644332811578503,0.41573241936087035,A
2026-02-27,Serie A,Parma,Cagliari,D,0.40401184877187585,0.3161557173900412,0.279832433838083,H
2026-02-27,Bundesliga,Augsburg,FC Koln,H,0.48731985249339,0.28314213428853274,0.22953801321807724,H
2026-02-27,La Liga,Levante,Alaves,H,0.35810964396591677,0.29952211029509523,0.34236824573898805,H
2026-02-28,La Liga,Mallorca,Sociedad,A,0.33060768542662594,0.2745654666457177,0.3948268479276564,A
2026-02-28,Premier League,Leeds,Man City,A,0.14912403564038026,0.20982446664563978,0.64105149771398,A
2026-02-28,Ligue 1,Le Havre,Paris SG,A,0.08545117598305692,0.16222965890985439,0.7523191651070887,A
2026-02-28,Serie A,Inter,Genoa,H,0.8236218909016834,0.12809346482303774,0.048284644275278954,H
2026-02-28,Premier League,Burnley,Brentford,A,0.22994409653740877,0.26280512919588417,0.5072507742667072,A
2026-02-28,Bundesliga,Hoffenheim,St Pauli,A,0.661433694329005,0.22090219051252785,0.11766411515846717,H
2026-02-28,Serie A,Verona,Napoli,A,0.10512056842952451,0.17420398484942504,0.7206754467210505,A
2026-02-28,Ligue 1,Rennes,Toulouse,H,0.4875772959236702,0.2709741038147755,0.24144860026155426,H
2026-02-28,Premier League,Liverpool,West Ham,H,0.6942553736754544,0.20472917265816742,0.10101545366637812,H
2026-02-28,Ligue 1,Monaco,Angers,H,0.6724347829761567,0.21906264195903427,0.10850257506480906,H
2026-02-28,La Liga,Vallecano,Ath Bilbao,D,0.3501352491478722,0.26963514921588083,0.38022960163624686,A
2026-02-28,Bundesliga,Leverkusen,Mainz,D,0.7001934849447516,0.19330679126837103,0.1064997237868773,H
2026-02-28,Bundesliga,Werder Bremen,Heidenheim,H,0.53255545774773,0.2540591991444857,0.21338534310778434,H
2026-02-28,La Liga,Barcelona,Villarreal,H,0.651747473267468,0.18682633768706122,0.1614261890454708,H
2026-02-28,Bundesliga,Dortmund,Bayern Munich,A,0.32990829701514524,0.20530549569042733,0.46478620729442754,A
2026-02-28,Premier League,Newcastle,Everton,A,0.4661263896581272,0.25714634734485226,0.27672726299702055,H
2026-02-28,Serie A,Como,Lecce,H,0.6904264923321113,0.20400942085417453,0.1055640868137142,H
2026-02-28,Premier League,Bournemouth,Sunderland,D,0.6165324083984626,0.22920503097677322,0.15426256062476423,H
2026-02-28,La Liga,Oviedo,Ath Madrid,A,0.17440014164687934,0.22126838244390484,0.6043314759092159,A
2026-02-28,Bundesliga,M'gladbach,Union Berlin,H,0.3953336791815326,0.2653530813185444,0.339313239499923,H
2026-03-01,La Liga,Valencia,Osasuna,H,0.38143247286080334,0.28758834089632845,0.33097918624286815,H
2026-03-01,Premier League,Fulham,Tottenham,H,0.550886910966773,0.2373680361575633,0.21174505287566375,H
2026-03-01,Ligue 1,Metz,Brest,A,0.18413297272471893,0.2624743890315751,0.5533926382437059,A
2026-03-01,Bundesliga,Ein Frankfurt,Freiburg,H,0.5090804691130458,0.246538465756536,0.24438106513041813,H
2026-03-01,Serie A,Sassuolo,Atalanta,H,0.20473482994025,0.2677935259326485,0.5274716441271016,A
2026-03-01,Serie A,Cremonese,Milan,A,0.12718662077329349,0.1965798060760867,0.6762335731506198,A
2026-03-01,La Liga,Elche,Espanol,D,0.35902357157258274,0.24751349636759087,0.3934629320598264,A
2026-03-01,Serie A,Torino,Lazio,H,0.27234577601751525,0.27181767272299134,0.45583655125949335,A
2026-03-01,Ligue 1,Paris FC,Nice,H,0.30240107503236713,0.2699920850839218,0.427606839883711,A
2026-03-01,La Liga,Girona,Celta,A,0.3885196598511103,0.26146290945366835,0.35001743069522145,H
2026-03-01,Premier League,Brighton,Nott'm Forest,H,0.526064190994207,0.24760995496798205,0.22632585403781094,H
2026-03-01,Premier League,Man United,Crystal Palace,H,0.5430036477650814,0.24868500688534703,0.20831134534957166,H
2026-03-01,Ligue 1,Marseille,Lyon,H,0.4100425833975531,0.2611606102662302,0.32879680633621666,H
2026-03-01,La Liga,Betis,Sevilla,D,0.6378882816769565,0.23252488353755363,0.1295868347854899,H
2026-03-01,Bundesliga,Hamburg,RB Leipzig,A,0.25238726207856166,0.24356496622231474,0.5040477716991236,A
2026-03-01,Premier League,Arsenal,Chelsea,H,0.6570239087187376,0.1865264850300012,0.15644960625126125,H
2026-03-01,Ligue 1,Lorient,Auxerre,D,0.5336382526663981,0.2740822145024334,0.19227953283116858,H
2026-03-01,Serie A,Roma,Juventus,D,0.4435900435680573,0.21793795652704112,0.33847199990490145,H
2026-03-01,Bundesliga,Stuttgart,Wolfsburg,H,0.6660026588454123,0.20250172969365643,0.1314956114609311,H
2026-03-01,Ligue 1,Lille,Nantes,H,0.67212278443308,0.208558132465429,0.11931908310149089,H
2026-03-02,La Liga,Real Madrid,Getafe,A,0.7992982087088384,0.15267840662679502,0.048023384664366627,H
2026-03-02,Serie A,Pisa,Bologna,A,0.2620365395619944,0.2534129222113324,0.4845505382266733,A
2026-03-02,Serie A,Udinese,Fiorentina,H,0.3722784784589317,0.2667618876999033,0.360959633841165,H
2026-03-03,Premier League,Bournemouth,Brentford,D,0.45554316672214523,0.2531776359209039,0.29127919735695085,H
2026-03-03,Premier League,Everton,Burnley,H,0.6758793640357117,0.21239451127338396,0.11172612469090427,H
2026-03-03,Premier League,Wolves,Liverpool,H,0.12848832577545302,0.2043344163786778,0.6671772578458692,A
2026-03-03,Premier League,Leeds,Sunderland,A,0.472720287936234,0.27432978139338127,0.2529499306703846,H
2026-03-04,Premier League,Fulham,West Ham,A,0.5490298157045261,0.2512671420565285,0.19970304223894536,H
2026-03-04,Premier League,Man City,Nott'm Forest,D,0.7443749754494055,0.17093594344755728,0.08468908110303724,H
2026-03-04,La Liga,Vallecano,Oviedo,H,0.5555609220345286,0.2488998033699159,0.19553927459555565,H
2026-03-04,Premier League,Aston Villa,Chelsea,A,0.4525750049602903,0.23339304316403528,0.31403195187567434,H
2026-03-04,Premier League,Newcastle,Man United,H,0.39255771053191774,0.26951389823463945,0.3379283912334427,H
2026-03-04,Premier League,Brighton,Arsenal,A,0.20162199424676241,0.2081531495876295,0.5902248561656082,A
2026-03-04,Bundesliga,Hamburg,Leverkusen,A,0.1653375117242128,0.22230113650713465,0.6123613517686527,A
2026-03-05,Premier League,Tottenham,Crystal Palace,A,0.340959758551418,0.2740850919962425,0.3849551494523396,A
2026-03-06,Bundesliga,Bayern Munich,M'gladbach,H,0.8409709404997149,0.12022307165278408,0.03880598784750099,H
2026-03-06,Ligue 1,Paris SG,Monaco,A,0.6920876654086202,0.19179401578613897,0.11611831880524087,H
2026-03-06,Serie A,Napoli,Torino,H,0.7115102997773292,0.19171972472585166,0.09676997549681925,H
2026-03-06,La Liga,Celta,Real Madrid,A,0.19884644096460014,0.2054019805851697,0.5957515784502301,A
2026-03-07,Bundesliga,Wolfsburg,Hamburg,A,0.41750525067236993,0.29713121357608724,0.28536353575154283,H
2026-03-07,Serie A,Atalanta,Udinese,D,0.6274994746538624,0.22834774714552936,0.1441527782006083,H
2026-03-07,Ligue 1,Nantes,Angers,A,0.4265154557730822,0.29091048198491215,0.2825740622420057,H
2026-03-07,La Liga,Ath Madrid,Sociedad,H,0.6125209804001819,0.22050173490811711,0.16697728469170103,H
2026-03-07,Serie A,Cagliari,Como,A,0.26490996051454524,0.2537764147241455,0.48131362476130934,A
2026-03-07,Bundesliga,Freiburg,Leverkusen,D,0.23268154805571742,0.24493501460453054,0.5223834373397521,A
2026-03-07,La Liga,Ath Bilbao,Barcelona,A,0.16716663289367695,0.20725910294874447,0.6255742641575786,A
2026-03-07,Bundesliga,FC Koln,Dortmund,A,0.1331012517823109,0.1977063922436123,0.6691923559740768,A
2026-03-07,Bundesliga,Mainz,Stuttgart,D,0.26996932825369957,0.2675485443843678,0.46248212736193256,A
2026-03-07,Bundesliga,Heidenheim,Hoffenheim,A,0.22139917108479115,0.2460448745771281,0.5325559543380808,A
2026-03-07,Ligue 1,Toulouse,Marseille,A,0.31190256227693874,0.21050786741739153,0.47758957030566956,A
2026-03-07,La Liga,Osasuna,Mallorca,D,0.5453041313512352,0.25310205500675076,0.20159381364201406,H
2026-03-07,Serie A,Juventus,Pisa,H,0.7590738625641448,0.1669382204756413,0.07398791696021398,H
2026-03-07,La Liga,Levante,Girona,D,0.32309232786267716,0.2868758402929183,0.39003183184440443,A
2026-03-07,Bundesliga,RB Leipzig,Augsburg,H,0.6119662967335056,0.24120109423074906,0.14683260903574533,H
2026-03-07,Ligue 1,Auxerre,Strasbourg,D,0.2526146803435948,0.25041226399121946,0.4969730556651857,A
2026-03-08,Ligue 1,Lille,Lorient,D,0.5779099617502259,0.2392627443428603,0.1828272939069138,H
2026-03-08,Ligue 1,Brest,Le Havre,H,0.5918885316202777,0.24472301182837564,0.16338845655134682,H
2026-03-08,Serie A,Lecce,Cremonese,H,0.4628763806564906,0.27444080023131934,0.26268281911219,H
2026-03-08,La Liga,Sevilla,Vallecano,D,0.33630550744286153,0.3009787783583374,0.362715714198801,A
2026-03-08,La Liga,Villarreal,Elche,H,0.7209246485431209,0.18933601477302264,0.08973933668385652,H
2026-03-08,Serie A,Genoa,Roma,H,0.21838662740211132,0.2223955635844186,0.5592178090134701,A
2026-03-08,Bundesliga,St Pauli,Ein Frankfurt,D,0.23883164310319124,0.27216464817365715,0.48900370872315163,A
2026-03-08,La Liga,Valencia,Alaves,H,0.5101266677670084,0.2657611140666044,0.22411221816638724,H
2026-03-08,Ligue 1,Lens,Metz,H,0.8067981770467381,0.14523784096713205,0.04796398198612985,H
2026-03-08,Serie A,Fiorentina,Parma,D,0.5139262663939326,0.27515731001515137,0.2109164235909161,H
2026-03-08,Serie A,Bologna,Verona,A,0.6771278534707398,0.2128940059615893,0.10997814056767088,H
2026-03-08,Serie A,Milan,Inter,H,0.29034194882556563,0.2227463259623944,0.48691172521204,A
2026-03-08,La Liga,Getafe,Betis,H,0.2810804716048198,0.2721941962652129,0.44672533212996735,A
2026-03-08,Ligue 1,Nice,Rennes,A,0.4116464442365819,0.2519969570905841,0.3363565986728339,H
2026-03-08,Bundesliga,Union Berlin,Werder Bremen,A,0.4585269692809642,0.2684577948546752,0.27301523586436066,H
2026-03-08,Ligue 1,Lyon,Paris FC,D,0.6579181993086014,0.2145450859509291,0.1275367147404694,H
2026-03-09,Serie A,Lazio,Sassuolo,H,0.5476483167969072,0.25485284402616654,0.19749883917692632,H
2026-03-09,La Liga,Espanol,Oviedo,D,0.5284601267666854,0.26341908490010163,0.20812078833321304,H
2026-03-13,La Liga,Alaves,Villarreal,D,0.21673389680838634,0.22612075952570274,0.557145343665911,A
2026-03-13,Bundesliga,M'gladbach,St Pauli,H,0.47555661612710587,0.29453282267155073,0.22991056120134354,H
2026-03-13,Serie A,Torino,Parma,H,0.45242573499065575,0.2952554939131834,0.25231877109616085,H
2026-03-13,Ligue 1,Marseille,Auxerre,H,0.6482365212257484,0.23416180237613463,0.117601676398117,H
2026-03-14,La Liga,Ath Madrid,Getafe,H,0.6539215903939408,0.23597187617576304,0.11010653343029608,H
2026-03-14,Ligue 1,Angers,Nice,A,0.3517209628430794,0.2621179631667874,0.3861610739901333,A
2026-03-14,La Liga,Real Madrid,Elche,H,0.8229912827756205,0.13200718804057804,0.045001529183801355,H
2026-03-14,Bundesliga,Dortmund,Augsburg,H,0.7230334618166709,0.18643855971151763,0.09052797847181147,H
2026-03-14,Premier League,West Ham,Man City,D,0.1498801950338026,0.2121202043210572,0.6379996006451403,A
2026-03-14,Ligue 1,Lorient,Lens,H,0.21157970186985622,0.23760054053150975,0.550819757598634,A
2026-03-14,Serie A,Udinese,Juventus,A,0.2199277208325902,0.20047983575151462,0.5795924434158952,A
2026-03-14,Serie A,Inter,Atalanta,D,0.6811155933924196,0.17869307279215443,0.14019133381542606,H
2026-03-14,Premier League,Chelsea,Newcastle,A,0.5746757753337886,0.21211766332218748,0.21320656134402396,H
2026-03-14,Serie A,Napoli,Lecce,H,0.7600243665251132,0.1753997240228834,0.0645759094520033,H
2026-03-14,Ligue 1,Monaco,Brest,H,0.5198437696214564,0.2691745517538894,0.2109816786246542,H
2026-03-14,Bundesliga,Ein Frankfurt,Heidenheim,H,0.7129922041703447,0.18839790818737637,0.09860988764227901,H
2026-03-14,La Liga,Oviedo,Valencia,H,0.3422359245105984,0.28712519614865933,0.3706388793407423,A
2026-03-14,La Liga,Girona,Ath Bilbao,H,0.3635846047555872,0.2735166263528861,0.3628987688915268,H
2026-03-14,Bundesliga,Hamburg,FC Koln,D,0.47190614469286624,0.2661601413231829,0.2619337139839507,H
2026-03-14,Premier League,Arsenal,Everton,H,0.7053433401731277,0.18574193304542772,0.10891472678144455,H
2026-03-14,Premier League,Burnley,Bournemouth,D,0.2108295513714829,0.2704652432794847,0.5187052053490325,A
2026-03-14,Premier League,Sunderland,Brighton,A,0.28399646012224483,0.2732875558251616,0.4427159840525935,A
2026-03-14,Bundesliga,Leverkusen,Bayern Munich,D,0.2603957776918123,0.20413386865853728,0.5354703536496505,A
2026-03-14,Bundesliga,Hoffenheim,Wolfsburg,D,0.6465184426252534,0.21082193179288272,0.14265962558186399,H
2026-03-15,La Liga,Mallorca,Espanol,H,0.3917511607582349,0.2581941657579054,0.35005467348385977,H
2026-03-15,La Liga,Sociedad,Osasuna,H,0.4590294686700194,0.2777082093376115,0.2632623219923692,H
2026-03-15,Premier League,Man United,Aston Villa,H,0.434177581591304,0.23338262333174875,0.3324397950769472,H
2026-03-15,Premier League,Liverpool,Tottenham,D,0.7452935689774219,0.16343387280989927,0.0912725582126788,H
2026-03-15,La Liga,Barcelona,Sevilla,H,0.8146958228235793,0.1386891499088385,0.04661502726758224,H
2026-03-15,Premier League,Nott'm Forest,Fulham,D,0.4149082295405906,0.25494058070734,0.3301511897520693,H
2026-03-15,Bundesliga,Werder Bremen,Mainz,A,0.438184771524497,0.26420557275574996,0.29760965571975295,H
2026-03-15,Ligue 1,Strasbourg,Paris FC,D,0.6084576535896739,0.2268735814203856,0.16466876498994046,H
2026-03-15,Ligue 1,Metz,Toulouse,A,0.2278555051965098,0.27238338918203425,0.4997611056214561,A
2026-03-15,Serie A,Lazio,Milan,H,0.27544603161910247,0.23715050631263634,0.4874034620682611,A
2026-03-15,Serie A,Verona,Genoa,A,0.2900892048248156,0.2876395292180538,0.42227126595713066,A
2026-03-15,Serie A,Sassuolo,Bologna,A,0.35206437050363965,0.29065246448415594,0.3572831650122045,A
2026-03-15,La Liga,Betis,Celta,D,0.479454133043215,0.2576934084503377,0.2628524585064473,H
2026-03-15,Ligue 1,Rennes,Lille,A,0.45770124740582707,0.25670131023015513,0.2855974423640179,H
2026-03-15,Serie A,Como,Roma,H,0.3787116754451921,0.2404484007533059,0.3808399238015021,A
2026-03-15,Bundesliga,Stuttgart,RB Leipzig,H,0.4950072859745121,0.23254486728959917,0.27244784673588873,H
2026-03-15,Ligue 1,Le Havre,Lyon,D,0.22515683322128716,0.24364649161291588,0.5311966751657969,A
2026-03-15,Bundesliga,Freiburg,Union Berlin,A,0.5271050128122872,0.25719687449016776,0.21569811269754502,H
2026-03-15,Serie A,Pisa,Cagliari,H,0.36208972760611585,0.28031717546996227,0.35759309692392194,H
2026-03-15,Premier League,Crystal Palace,Leeds,D,0.5276761866375652,0.2644508740241486,0.2078729393382862,H
2026-03-16,Serie A,Cremonese,Fiorentina,A,0.3021686553704197,0.2772609257389393,0.42057041889064095,A
2026-03-16,La Liga,Vallecano,Levante,D,0.5919420145714595,0.24192965435775554,0.1661283310707851,H
2026-03-16,Premier League,Brentford,Wolves,D,0.6047853742651896,0.25648665808692855,0.13872796764788176,H
2026-03-20,La Liga,Villarreal,Sociedad,H,0.5780951604231546,0.2321748211000708,0.1897300184767746,H
2026-03-20,Serie A,Cagliari,Napoli,A,0.14836390012929485,0.19427161958474165,0.6573644802859635,A
2026-03-20,Ligue 1,Lens,Angers,H,0.7600402603107277,0.16184282891395604,0.07811691077531632,H
2026-03-20,Bundesliga,RB Leipzig,Hoffenheim,H,0.4820319100735103,0.25521524892323194,0.2627528410032578,H
2026-03-20,Serie A,Genoa,Udinese,A,0.45067010211010117,0.2725468727229278,0.27678302516697095,H
2026-03-20,Premier League,Bournemouth,Man United,D,0.3723789386250285,0.2580528584795317,0.36956820289543985,H
2026-03-21,Premier League,Everton,Chelsea,H,0.3313549780942164,0.24206553962411084,0.4265794822816728,A
2026-03-21,Premier League,Leeds,Brentford,D,0.3180494587973023,0.24736732907027856,0.4345832121324191,A
2026-03-21,La Liga,Osasuna,Girona,H,0.42619404425481006,0.27999296652547895,0.29381298921971094,H
2026-03-21,La Liga,Sevilla,Valencia,A,0.38638168776408294,0.29798883194931663,0.31562948028660054,H
2026-03-21,Bundesliga,Wolfsburg,Werder Bremen,A,0.37496293079942433,0.2834088445756722,0.3416282246249034,H
2026-03-21,La Liga,Elche,Mallorca,H,0.3755860492674236,0.2825909754265017,0.34182297530607464,H
2026-03-21,Serie A,Milan,Torino,H,0.6764236970121245,0.19768290749309594,0.1258933954947796,H
2026-03-21,Bundesliga,Bayern Munich,Union Berlin,H,0.8285644878183349,0.12669744067566147,0.04473807150600369,H
2026-03-21,Bundesliga,Dortmund,Hamburg,H,0.7601001467268527,0.16871209573431342,0.07118775753883384,H
2026-03-21,Serie A,Parma,Cremonese,A,0.5441892066894162,0.25691158834519817,0.19889920496538566,H
2026-03-21,La Liga,Espanol,Getafe,A,0.4427451459342811,0.2912578790459705,0.2659969750197484,H
2026-03-21,Ligue 1,Nice,Paris SG,A,0.1270941995991091,0.17618465466619226,0.6967211457346986,A
2026-03-21,Bundesliga,FC Koln,M'gladbach,D,0.40480790131253347,0.2724996381060914,0.3226924605813751,H
2026-03-21,Premier League,Fulham,Burnley,H,0.6155831167239522,0.24673949912674276,0.13767738414930503,H
2026-03-21,Ligue 1,Auxerre,Brest,H,0.28145629259800464,0.2826178034715703,0.4359259039304251,A
2026-03-21,Premier League,Brighton,Liverpool,H,0.3133663404114255,0.2483492135749839,0.4382844460135907,A
2026-03-21,Bundesliga,Heidenheim,Leverkusen,D,0.11527699494941401,0.18570740348328593,0.6990156015672999,A
2026-03-21,Ligue 1,Toulouse,Lorient,H,0.4161075626758258,0.27268538947097315,0.311207047853201,H
2026-03-21,Serie A,Juventus,Sassuolo,D,0.6933183138461636,0.20114828282831254,0.10553340332552383,H
2026-03-21,La Liga,Levante,Oviedo,H,0.4282238824539537,0.2865596810810017,0.2852164364650445,H
2026-03-22,Ligue 1,Nantes,Strasbourg,A,0.2219663151667006,0.2580699421170559,0.5199637427162435,A
2026-03-22,Premier League,Newcastle,Sunderland,A,0.6107104381439687,0.2395392762026008,0.14975028565343046,H
2026-03-22,Ligue 1,Marseille,Lille,A,0.4780673568771692,0.2596717328882942,0.2622609102345366,H
2026-03-22,Bundesliga,Augsburg,Stuttgart,A,0.2485443935218736,0.2639143615023801,0.48754124497574625,A
2026-03-22,La Liga,Ath Bilbao,Betis,H,0.37886049499147456,0.2603285261252102,0.36081097888331526,H
2026-03-22,Serie A,Fiorentina,Inter,D,0.15603357452416539,0.19642942345347078,0.6475370020223639,A
2026-03-22,Serie A,Bologna,Lazio,A,0.4321831821877485,0.26406772475606766,0.3037490930561839,H
2026-03-22,Ligue 1,Rennes,Metz,D,0.7645637738909912,0.16424266547028377,0.07119356063872506,H
2026-03-22,Ligue 1,Lyon,Monaco,A,0.42335430315535,0.25999256014499855,0.3166531366996514,H
2026-03-22,La Liga,Celta,Alaves,A,0.5801569308515346,0.24025126587304754,0.1795918032754178,H
2026-03-22,Serie A,Roma,Lecce,H,0.7267217213241625,0.18246214387888432,0.09081613479695322,H
2026-03-22,La Liga,Barcelona,Vallecano,H,0.7839832663264354,0.15393719044703474,0.062079543226529824,H
2026-03-22,Premier League,Aston Villa,West Ham,H,0.6043112447468184,0.2355957811666234,0.16009297408655815,H
2026-03-22,Serie A,Como,Pisa,H,0.7001369124393285,0.20073765543384917,0.0991254321268223,H
2026-03-22,La Liga,Real Madrid,Ath Madrid,H,0.6354952836949979,0.1894908406897088,0.17501387561529336,H
2026-03-22,Serie A,Atalanta,Verona,H,0.7640229229191141,0.16701667209711152,0.0689604049837743,H
2026-03-22,Ligue 1,Paris FC,Le Havre,H,0.4533612399710869,0.28550877350338266,0.26112998652553054,H
2026-03-22,Bundesliga,Mainz,Ein Frankfurt,H,0.3408353635591775,0.2825155586124618,0.37664907782836077,A
2026-03-22,Bundesliga,St Pauli,Freiburg,A,0.3045365520205239,0.2691200014577498,0.42634344652172623,A
2026-03-22,Premier League,Tottenham,Nott'm Forest,A,0.3628401938454268,0.2773574165755059,0.3598023895790673,H
2026-04-03,Ligue 1,Paris SG,Toulouse,H,0.78328842677611,0.15094397049376448,0.06576760273012539,H
2026-04-03,La Liga,Vallecano,Elche,H,0.5688123770926353,0.2407950102929047,0.19039261261445997,H
2026-04-04,Bundesliga,Leverkusen,Wolfsburg,H,0.7590697297367878,0.16335000212297246,0.07758026814023986,H
2026-04-04,La Liga,Betis,Espanol,D,0.5916281310334338,0.22338577594813497,0.18498609301843122,H
2026-04-04,Bundesliga,M'gladbach,Heidenheim,D,0.5650598784659875,0.25332288710027856,0.18161723443373393,H
2026-04-04,Bundesliga,Hoffenheim,Mainz,A,0.4531651173611427,0.276962298330014,0.26987258430884326,H
2026-04-04,Ligue 1,Strasbourg,Nice,H,0.5695970175041467,0.22048833463929787,0.20991464785655542,H
2026-04-04,Ligue 1,Lille,Lens,H,0.36577785912568767,0.2516739487420858,0.3825481921322265,A
2026-04-04,La Liga,Mallorca,Real Madrid,H,0.10173677645874596,0.16224087315653224,0.7360223503847219,A
2026-04-04,Serie A,Lazio,Parma,D,0.6276253587313034,0.22963596741478387,0.14273867385391284,H
2026-04-04,Bundesliga,Hamburg,Augsburg,D,0.41721385087380464,0.26476273782844,0.3180234112977554,H
2026-04-04,Bundesliga,Werder Bremen,RB Leipzig,A,0.26184160056412964,0.25945429155686023,0.47870410787901013,A
2026-04-04,Serie A,Verona,Fiorentina,A,0.23672459444275626,0.2772674243952855,0.4860079811619583,A
2026-04-04,Ligue 1,Brest,Rennes,A,0.3637024555001936,0.29450237707434135,0.3417951674254651,H
2026-04-04,Bundesliga,Freiburg,Bayern Munich,A,0.12758912970842531,0.17862650072768305,0.6937843695638916,A
2026-04-04,Serie A,Sassuolo,Cagliari,H,0.5130415399713227,0.2590271798134724,0.2279312802152049,H
2026-04-04,La Liga,Sociedad,Levante,H,0.5663821239469509,0.2619160499013544,0.17170182615169474,H
2026-04-04,La Liga,Ath Madrid,Barcelona,A,0.2769008615213742,0.2361831397162618,0.486915998762364,A
2026-04-04,Bundesliga,Stuttgart,Dortmund,A,0.4081397193547525,0.22144103033698123,0.37041925030826617,H
2026-04-05,La Liga,Alaves,Osasuna,D,0.38713061505102403,0.27613040726930904,0.3367389776796669,H
2026-04-05,Bundesliga,Ein Frankfurt,FC Koln,D,0.6105932587039548,0.22908014426207765,0.16032659703396765,H
2026-04-05,Ligue 1,Le Havre,Auxerre,D,0.4201856927752547,0.2840999841230555,0.2957143231016899,H
2026-04-05,La Liga,Oviedo,Sevilla,H,0.4100615410201486,0.2847791691996615,0.3051592897801899,H
2026-04-05,Ligue 1,Angers,Lyon,D,0.19663304465699497,0.22730374686774538,0.5760632084752596,A
2026-04-05,La Liga,Getafe,Ath Bilbao,H,0.37308796756948903,0.2682420060220291,0.35867002640848183,H
2026-04-05,Serie A,Pisa,Torino,A,0.28861421799090026,0.28913117672707467,0.42225460528202513,A
2026-04-05,Ligue 1,Lorient,Paris FC,D,0.46886486494586416,0.2800151969983736,0.2511199380557623,H
2026-04-05,Bundesliga,Union Berlin,St Pauli,D,0.47029151635902544,0.30431074074788844,0.22539774289308612,H
2026-04-05,Ligue 1,Metz,Nantes,D,0.3512957680747558,0.3062433539952625,0.3424608779299817,H
2026-04-05,Serie A,Inter,Roma,H,0.6201261155621984,0.191772142118608,0.18810174231919355,H
2026-04-05,Serie A,Cremonese,Bologna,A,0.2657784192340305,0.28238910235244497,0.45183247841352464,A
2026-04-05,La Liga,Valencia,Celta,A,0.39345524680729654,0.27103166188674194,0.3355130913059615,H
2026-04-05,Ligue 1,Monaco,Marseille,H,0.504548695681178,0.24125192264915296,0.254199381669669,H
2026-04-06,Serie A,Juventus,Genoa,H,0.6780127621471427,0.20572187110429166,0.11626536674856565,H
2026-04-06,Serie A,Napoli,Milan,H,0.47091304885909946,0.23541715455859838,0.29366979658230213,H
2026-04-06,Serie A,Lecce,Atalanta,A,0.17670268862820343,0.22205684415231264,0.6012404672194839,A
2026-04-06,Serie A,Udinese,Como,D,0.2754725255659977,0.2673100320425064,0.4572174423914959,A
2026-04-06,La Liga,Girona,Villarreal,H,0.28406662910548336,0.23127840241428024,0.48465496848023637,A
2026-04-10,La Liga,Real Madrid,Girona,D,0.7328741763025114,0.18118460735306768,0.08594121634442087,H
2026-04-10,Serie A,Roma,Pisa,H,0.7569285534702631,0.16706536146816361,0.07600608506157315,H
2026-04-10,Ligue 1,Marseille,Metz,H,0.7399427155586057,0.1890698337278071,0.0709874507135872,H
2026-04-10,Bundesliga,Augsburg,Hoffenheim,D,0.37871941598008707,0.2511576514202221,0.37012293259969076,H
2026-04-10,Ligue 1,Paris FC,Monaco,H,0.2512088746745577,0.26854913603471225,0.4802419892907299,A
2026-04-10,Premier League,West Ham,Wolves,H,0.4558829492547676,0.29842758511582845,0.24568946562940386,H
2026-04-11,Bundesliga,Dortmund,Leverkusen,A,0.49396965915294827,0.22030865648818526,0.28572168435886663,H
2026-04-11,La Liga,Elche,Valencia,H,0.3249418509854664,0.2974931235747256,0.37756502543980797,A
2026-04-11,Serie A,Torino,Verona,H,0.6174263056861975,0.24252859221594525,0.14004510209785725,H
2026-04-11,Bundesliga,Heidenheim,Union Berlin,H,0.3578577795240631,0.26874843137543847,0.37339378910049836,A
2026-04-11,Premier League,Liverpool,Fulham,H,0.6044399074671981,0.22990659275922984,0.16565349977357197,H
2026-04-11,Ligue 1,Auxerre,Nantes,D,0.5081677705236887,0.2787469379861514,0.21308529149015984,H
2026-04-11,Ligue 1,Rennes,Angers,H,0.677744489353518,0.20489813016556382,0.11735738048091812,H
2026-04-11,Serie A,Cagliari,Cremonese,H,0.4795387036517998,0.26505785428198714,0.2554034420662132,H
2026-04-11,Bundesliga,RB Leipzig,M'gladbach,H,0.664143547718146,0.210940401223528,0.12491605105832591,H
2026-04-11,Bundesliga,St Pauli,Bayern Munich,A,0.06247618891213483,0.13628918770653475,0.8012346233813304,A
2026-04-11,La Liga,Sociedad,Alaves,D,0.5457287306845828,0.24972303315052533,0.20454823616489187,H
2026-04-11,Premier League,Brentford,Everton,D,0.4337970160700467,0.26456940246028965,0.30163358146966357,H
2026-04-11,Premier League,Burnley,Brighton,A,0.1979563380764706,0.26536011194816744,0.536683549975362,A
2026-04-11,Serie A,Milan,Udinese,A,0.6426675791138398,0.22527107439341737,0.13206134649274287,H
2026-04-11,La Liga,Sevilla,Ath Madrid,H,0.18476434310911818,0.22236382826487117,0.5928718286260106,A
2026-04-11,Bundesliga,Wolfsburg,Ein Frankfurt,A,0.23856487742705668,0.2760164899777246,0.4854186325952186,A
2026-04-11,Serie A,Atalanta,Juventus,A,0.413937733893,0.23937440891473413,0.3466878571922659,H
2026-04-11,La Liga,Barcelona,Espanol,H,0.8109657271550622,0.14006693478789461,0.04896733805704313,H
2026-04-11,Premier League,Arsenal,Bournemouth,A,0.7051862639854509,0.18763099607463668,0.10718273993991233,H
2026-04-12,Premier League,Nott'm Forest,Aston Villa,D,0.3387105168210752,0.22020717749969806,0.44108230567922674,A
2026-04-12,La Liga,Mallorca,Vallecano,H,0.3723522973833033,0.2992565394967638,0.328391163119933,H
2026-04-12,Bundesliga,Stuttgart,Hamburg,H,0.681322108702991,0.20651785001626793,0.112160041280741,H
2026-04-12,Premier League,Sunderland,Tottenham,H,0.49089255636189205,0.25273608431144456,0.2563713593266634,H
2026-04-12,Ligue 1,Lyon,Lorient,H,0.573662879389346,0.2325458042567804,0.19379131635387364,H
2026-04-12,Ligue 1,Nice,Le Havre,D,0.47059185310740803,0.28010327639981353,0.2493048704927784,H
2026-04-12,Premier League,Chelsea,Man City,A,0.29321747140055554,0.22538840209154076,0.4813941265079036,A
2026-04-12,Ligue 1,Toulouse,Lille,A,0.26654268954759985,0.26644175968812495,0.4670155507642753,A
2026-04-12,La Liga,Ath Bilbao,Villarreal,A,0.3117450849104061,0.24098171952326755,0.44727319556632633,A
2026-04-12,La Liga,Celta,Oviedo,A,0.6205159437357778,0.23739656395970654,0.14208749230451578,H
2026-04-12,La Liga,Osasuna,Betis,D,0.37442384984490096,0.25140840789816565,0.3741677422569335,H
2026-04-12,Bundesliga,FC Koln,Werder Bremen,H,0.37956121545065086,0.2938759312352922,0.3265628533140568,H
2026-04-12,Serie A,Bologna,Lecce,H,0.6221350342644894,0.2316445276158087,0.14622043811970198,H
2026-04-12,Premier League,Crystal Palace,Newcastle,H,0.41779959403847255,0.250010584833272,0.33218982112825546,H
2026-04-12,Serie A,Genoa,Sassuolo,H,0.41487978252568264,0.28570484724074363,0.29941537023357373,H
2026-04-12,Bundesliga,Mainz,Freiburg,A,0.46051769506714896,0.2502171473970818,0.28926515753576926,H
2026-04-12,Serie A,Como,Inter,A,0.2587070129716363,0.20446184644402546,0.5368311405843381,A
2026-04-12,Serie A,Parma,Napoli,D,0.16500424954308351,0.22082760772926197,0.6141681427276544,A
2026-04-13,La Liga,Levante,Getafe,H,0.3589335443783442,0.31289973337449006,0.32816672224716575,H
2026-04-13,Premier League,Man United,Leeds,A,0.6127236469353393,0.23861078950775003,0.14866556355691057,H
2026-04-13,Serie A,Fiorentina,Lazio,H,0.39096454015009746,0.2673708798047314,0.3416645800451712,H
2026-04-17,Ligue 1,Lens,Toulouse,H,0.6918043203017308,0.18497392748378008,0.12322175221448904,H
2026-04-17,Serie A,Inter,Cagliari,H,0.8345138609550348,0.12336204972450363,0.04212408932046166,H
2026-04-17,Serie A,Sassuolo,Como,H,0.2549612280011366,0.24928187928206347,0.49575689271680007,A
2026-04-17,Bundesliga,St Pauli,FC Koln,D,0.35832866255326234,0.296413754201595,0.3452575832451428,H
2026-04-18,Premier League,Newcastle,Bournemouth,A,0.42471554302217607,0.26282858776217144,0.3124558692156526,H
2026-04-18,Bundesliga,Union Berlin,Wolfsburg,A,0.4779305376301585,0.27580457245864565,0.24626488991119588,H
2026-04-18,Ligue 1,Lille,Nice,D,0.7118876326519992,0.17466773927116666,0.1134446280768342,H
2026-04-18,Bundesliga,Hoffenheim,Dortmund,H,0.24860618649719685,0.2443119022538474,0.5070819112489559,A
2026-04-18,Bundesliga,Leverkusen,Augsburg,A,0.7442484416932302,0.16312415444630127,0.09262740386046851,H
2026-04-18,Serie A,Roma,Atalanta,D,0.4323943806291841,0.24253858072676487,0.325067038644051,H
2026-04-18,Ligue 1,Angers,Le Havre,D,0.373189876395163,0.2934333083553239,0.3333768152495132,H
2026-04-18,Bundesliga,Ein Frankfurt,RB Leipzig,A,0.3416607582641071,0.26874344352289514,0.3895957982129978,A
2026-04-18,Bundesliga,Werder Bremen,Hamburg,H,0.5040112780831932,0.2652712503338911,0.23071747158291564,H
2026-04-18,Premier League,Tottenham,Brighton,D,0.2501084821390652,0.2728633753801618,0.47702814248077297,A
2026-04-18,Ligue 1,Lorient,Marseille,H,0.2749541403702957,0.2516767286330598,0.4733691309966446,A
2026-04-18,Premier League,Leeds,Wolves,H,0.5241528832298307,0.2662154836396441,0.20963163313052524,H
2026-04-18,Premier League,Chelsea,Man United,A,0.43801245480924494,0.24336733878490924,0.31862020640584576,H
2026-04-18,Serie A,Napoli,Lazio,A,0.6009067313638203,0.23364707809992447,0.16544619053625526,H
2026-04-18,Premier League,Brentford,Fulham,D,0.5049930673604408,0.2550358693018005,0.23997106333775878,H
2026-04-18,Serie A,Udinese,Parma,A,0.5439802710695061,0.24101409572120178,0.21500563320929214,H
2026-04-19,Premier League,Man City,Arsenal,H,0.4522481605613731,0.22425080615303256,0.3235010332855943,H
2026-04-19,Ligue 1,Nantes,Brest,D,0.2825403310335144,0.2510317437800305,0.4664279251864552,A
2026-04-19,Ligue 1,Strasbourg,Rennes,A,0.430585456701958,0.261436080197535,0.307978463100507,H
2026-04-19,Ligue 1,Metz,Paris FC,A,0.21856510152860412,0.28508879739596243,0.4963461010754335,A
2026-04-19,Premier League,Aston Villa,Sunderland,H,0.6181959052859876,0.24386318946381774,0.13794090525019467,H
2026-04-19,Bundesliga,M'gladbach,Mainz,D,0.36997288907157455,0.28624064822476186,0.3437864627036637,H
2026-04-19,Premier League,Everton,Liverpool,A,0.32050204652910913,0.2384317181707786,0.4410662353001123,A
2026-04-19,Serie A,Juventus,Bologna,H,0.6279156834225785,0.2145007805024867,0.15758353607493486,H
2026-04-19,Ligue 1,Monaco,Auxerre,D,0.6369194518538307,0.24439108367209517,0.1186894644740742,H
2026-04-19,Serie A,Pisa,Genoa,A,0.2807705528695927,0.30963199489903054,0.4095974522313768,A
2026-04-19,Serie A,Cremonese,Torino,D,0.2923314035938768,0.28314961529857036,0.4245189811075528,A
2026-04-19,Ligue 1,Paris SG,Lyon,A,0.7011056439769351,0.1788741567894703,0.12002019923359454,H
2026-04-19,Bundesliga,Bayern Munich,Stuttgart,H,0.7404920745026672,0.15784634714290993,0.10166157835442297,H
2026-04-19,Serie A,Verona,Milan,A,0.1318675137195366,0.1910555913721026,0.6770768949083609,A
2026-04-19,Premier League,Nott'm Forest,Burnley,H,0.6577550939303484,0.21478974977490373,0.12745515629474785,H
2026-04-19,Bundesliga,Freiburg,Heidenheim,H,0.6256779328485044,0.2342685555337692,0.14005351161772642,H
2026-04-20,Premier League,Crystal Palace,West Ham,D,0.5240652263038695,0.2597306336362676,0.21620414005986288,H
2026-04-20,Serie A,Lecce,Fiorentina,D,0.2427316099113429,0.2895016371118004,0.4677667529768567,A
2026-04-21,Premier League,Brighton,Chelsea,H,0.4646487688800972,0.2342262960879581,0.30112493503194465,H
2026-04-21,La Liga,Girona,Betis,A,0.3786133491174915,0.2513143040707888,0.37007234681171974,H
2026-04-21,La Liga,Real Madrid,Alaves,H,0.7699249296756027,0.15779622433633422,0.07227884598806306,H
2026-04-21,La Liga,Ath Bilbao,Osasuna,H,0.4389235667462519,0.26482836387049735,0.29624806938325077,H
2026-04-21,La Liga,Mallorca,Valencia,D,0.4365236865133439,0.280744824970438,0.28273148851621815,H
2026-04-22,La Liga,Barcelona,Celta,H,0.7869877998358645,0.1420297541045659,0.07098244605956963,H
2026-04-22,Premier League,Burnley,Man City,A,0.06149608410532216,0.15296540101556635,0.7855385148791115,A
2026-04-22,La Liga,Sociedad,Getafe,A,0.5090508516946517,0.27651692944012873,0.2144322188652195,H
2026-04-22,Premier League,Bournemouth,Leeds,D,0.5379334791699488,0.2686620684142576,0.19340445241579357,H
2026-04-22,Ligue 1,Paris SG,Nantes,H,0.8315484258649957,0.13091620539237206,0.03753536874263226,H
2026-04-22,La Liga,Elche,Ath Madrid,H,0.17181426960493115,0.2179255755571305,0.6102601548379384,A
2026-04-23,La Liga,Oviedo,Villarreal,D,0.21368972417744037,0.24751222612171545,0.5387980497008442,A
2026-04-23,La Liga,Levante,Sevilla,H,0.4475948117726205,0.27440863209530053,0.2779965561320789,H
2026-04-23,La Liga,Vallecano,Espanol,H,0.4687558444353638,0.26487577765303316,0.266368377911603,H
2026-04-24,Bundesliga,RB Leipzig,Union Berlin,H,0.726826641285936,0.1780112271269556,0.09516213158710825,H
2026-04-24,Premier League,Sunderland,Nott'm Forest,A,0.331159308145351,0.301060353764775,0.3677803380898739,A
2026-04-24,Serie A,Napoli,Cremonese,H,0.7550149808970837,0.1780180983489501,0.06696692075396608,H
2026-04-24,Ligue 1,Brest,Lens,D,0.2808771354914693,0.24134523951497808,0.47777762499355253,A
2026-04-24,La Liga,Betis,Real Madrid,D,0.23627980202971646,0.20790524026224597,0.5558149577080376,A
2026-04-25,Bundesliga,Hamburg,Hoffenheim,A,0.2981006041541732,0.2513558611666393,0.45054353467918734,A
2026-04-25,Premier League,Liverpool,Crystal Palace,H,0.6044539342103573,0.22659073597328913,0.16895532981635358,H
2026-04-25,La Liga,Valencia,Girona,H,0.4070823852851576,0.2765335636172946,0.31638405109754786,H
2026-04-25,Premier League,Arsenal,Newcastle,H,0.6842243472249616,0.19106407669159484,0.12471157608344341,H
2026-04-25,Ligue 1,Toulouse,Monaco,D,0.2748528903926577,0.2590356227474579,0.46611148685988435,A
2026-04-25,La Liga,Alaves,Mallorca,H,0.43534713016782167,0.2954307327567148,0.26922213707546355,H
2026-04-25,Bundesliga,Heidenheim,St Pauli,H,0.44793909970943685,0.2658680206396134,0.28619287965094986,H
2026-04-25,Ligue 1,Angers,Paris SG,A,0.0710095916075014,0.14593449245829082,0.7830559159342079,A
2026-04-25,Bundesliga,Wolfsburg,M'gladbach,D,0.354094062334213,0.29310511722760596,0.352800820438181,H
2026-04-25,La Liga,Ath Madrid,Ath Bilbao,H,0.6063933246972141,0.21262802438503778,0.18097865091774817,H
2026-04-25,Serie A,Bologna,Roma,A,0.3337606673968873,0.24521626059425453,0.4210230720088581,A
2026-04-25,Premier League,West Ham,Everton,H,0.3434166351359369,0.2650823406232502,0.3915010242408129,A
2026-04-25,Serie A,Parma,Pisa,H,0.5726673161168044,0.2487573382067923,0.17857534567640318,H
2026-04-25,Premier League,Wolves,Tottenham,A,0.39284777089835643,0.2909885726360768,0.3161636564655667,H
2026-04-25,Premier League,Fulham,Aston Villa,H,0.33260627892172595,0.2266797937079027,0.4407139273703714,A
2026-04-25,Bundesliga,Mainz,Bayern Munich,A,0.09851644221446733,0.16508274405392412,0.7364008137316086,A
2026-04-25,La Liga,Getafe,Barcelona,A,0.11515741976350782,0.18291632257810622,0.701926257658386,A
2026-04-25,Ligue 1,Lyon,Auxerre,H,0.62740661587804,0.23425826930113194,0.13833511482082805,H
2026-04-25,Bundesliga,FC Koln,Leverkusen,A,0.1854994158590446,0.21041290772126411,0.6040876764196912,A
2026-04-25,Serie A,Verona,Lecce,D,0.376229808228612,0.2746370883300727,0.3491331034413153,H
2026-04-25,Bundesliga,Augsburg,Ein Frankfurt,D,0.3638316539037293,0.2668209603115009,0.36934738578476994,A
2026-04-26,La Liga,Vallecano,Sociedad,D,0.3778579962399959,0.27982725958617355,0.34231474417383057,H
2026-04-26,La Liga,Oviedo,Elche,A,0.4898530979987557,0.28674435361594836,0.22340254838529588,H
2026-04-26,Bundesliga,Dortmund,Freiburg,H,0.6333668491446464,0.21338874880430683,0.15324440205104684,H
2026-04-26,Serie A,Fiorentina,Sassuolo,D,0.5277403365772715,0.25818672931614833,0.2140729341065802,H
2026-04-26,Serie A,Genoa,Como,A,0.2735941638281753,0.259718837825796,0.4666869983460286,A
2026-04-26,Ligue 1,Rennes,Nantes,H,0.6912663857929836,0.20904097974752606,0.09969263445949042,H
2026-04-26,Ligue 1,Lorient,Strasbourg,A,0.3732262428619486,0.26662992459116003,0.36014383254689136,H
2026-04-26,Ligue 1,Le Havre,Metz,D,0.5859143854471249,0.2505421730885803,0.1635434414642949,H
2026-04-26,La Liga,Villarreal,Celta,H,0.619205198441071,0.20652542169213653,0.17426937986679242,H
2026-04-26,Serie A,Milan,Juventus,D,0.4081636342468049,0.2542695462173021,0.33756681953589307,H
2026-04-26,Bundesliga,Stuttgart,Werder Bremen,D,0.6592539689842246,0.2103367400232109,0.13040929099256446,H
2026-04-26,Serie A,Torino,Inter,D,0.12279437085745681,0.1723174918253982,0.7048881373171451,A
2026-04-26,Ligue 1,Paris FC,Lille,A,0.27983558178215634,0.26871563827818806,0.4514487799396556,A
2026-04-26,La Liga,Osasuna,Sevilla,H,0.5590646251350225,0.2413387836715536,0.19959659119342385,H
2026-04-26,Ligue 1,Marseille,Nice,D,0.5962783157910669,0.22346443036334737,0.1802572538455857,H
2026-04-27,Serie A,Cagliari,Atalanta,H,0.17007305981375448,0.23274239230530835,0.5971845478809371,A
2026-04-27,La Liga,Espanol,Levante,D,0.42452452606358265,0.2984395995443452,0.2770358743920721,H
2026-04-27,Premier League,Man United,Brentford,H,0.5025928141728663,0.24643000901978684,0.2509771768073469,H
2026-04-27,Serie A,Lazio,Udinese,D,0.5428800434002781,0.26017546084321674,0.1969444957565053,H
2026-05-01,Serie A,Pisa,Lecce,A,0.36447057560864554,0.2989389637246855,0.336590460666669,H
2026-05-01,La Liga,Girona,Mallorca,A,0.45842175704989707,0.27933158190615104,0.26224666104395195,H
2026-05-01,Premier League,Leeds,Burnley,H,0.6480898126850542,0.2255162431745676,0.12639394414037824,H
2026-05-02,Premier League,Brentford,West Ham,H,0.5045502516073721,0.26236676157290845,0.23308298681971953,H
2026-05-02,Bundesliga,Ein Frankfurt,Hamburg,A,0.6425007871338739,0.21109826001615972,0.1464009528499664,H
2026-05-02,Ligue 1,Metz,Monaco,A,0.1485831961883776,0.20856351946573704,0.6428532843458853,A
2026-05-02,La Liga,Valencia,Ath Madrid,A,0.26317607544872296,0.21569899256170286,0.5211249319895742,A
2026-05-02,Serie A,Como,Napoli,D,0.3743715830122071,0.22734482678755968,0.3982835902002333,A
2026-05-02,Ligue 1,Nice,Lens,D,0.25545755889601884,0.22670313797334116,0.51783930313064,A
2026-05-02,Ligue 1,Paris SG,Lorient,D,0.8097039848278156,0.13270331747690653,0.057592697695277924,H
2026-05-02,Premier League,Arsenal,Fulham,H,0.6843022957794785,0.20000117070245896,0.11569653351806264,H
2026-05-02,Ligue 1,Nantes,Marseille,H,0.17351639950192962,0.21678901206867718,0.6096945884293933,A
2026-05-02,Premier League,Wolves,Sunderland,D,0.37445692213989584,0.28919686894327257,0.3363462089168316,H
2026-05-02,La Liga,Villarreal,Levante,H,0.6773849084364038,0.22155092305832302,0.10106416850527328,H
2026-05-02,Bundesliga,Hoffenheim,Stuttgart,D,0.32851333751234113,0.2578757665994799,0.413610895888179,A
2026-05-02,La Liga,Osasuna,Barcelona,A,0.13374137860451285,0.1943432354231343,0.6719153859723528,A
2026-05-02,La Liga,Alaves,Ath Bilbao,A,0.3893641416906672,0.26951836616049674,0.341117492148836,H
2026-05-02,Bundesliga,Bayern Munich,Heidenheim,D,0.8775499454800204,0.10078201956214414,0.021668034957835446,H
2026-05-02,Bundesliga,Leverkusen,RB Leipzig,H,0.48110879172647886,0.2556236549664582,0.263267553307063,H
2026-05-02,Bundesliga,Union Berlin,FC Koln,D,0.4037816649512287,0.29224778369215615,0.30397055135661527,H
2026-05-02,Serie A,Atalanta,Genoa,D,0.6623723120041325,0.2014052925521677,0.13622239544369977,H
2026-05-02,Serie A,Udinese,Torino,H,0.4663321615571616,0.2637021096985658,0.26996572874427266,H
2026-05-02,Bundesliga,Werder Bremen,Augsburg,A,0.433747108104615,0.2662100794435572,0.3000428124518278,H
2026-05-02,Premier League,Newcastle,Brighton,H,0.3612047994339799,0.2714884442665616,0.3673067562994586,A
2026-05-03,Serie A,Sassuolo,Milan,H,0.253877934125459,0.23003132608342056,0.5160907397911204,A
2026-05-03,Bundesliga,St Pauli,Mainz,A,0.27693922387207015,0.2764134784668734,0.4466472976610565,A
2026-05-03,Premier League,Bournemouth,Crystal Palace,H,0.5058126005826824,0.25891963435857024,0.23526776505874733,H
2026-05-03,Bundesliga,M'gladbach,Dortmund,H,0.17431127824381684,0.20991659065360843,0.6157721311025747,A
2026-05-03,Bundesliga,Freiburg,Wolfsburg,D,0.583696723132584,0.2534527672700265,0.16285050959738948,H
2026-05-03,Premier League,Man United,Liverpool,H,0.3686608423326959,0.24722057327126917,0.38411858439603486,A
2026-05-03,Ligue 1,Auxerre,Angers,H,0.5309302914156824,0.2454872594185499,0.2235824491657677,H
2026-05-03,Ligue 1,Lyon,Rennes,H,0.49239970820928614,0.25780920371819954,0.24979108807251432,H
2026-05-03,Ligue 1,Strasbourg,Toulouse,A,0.5811365116060969,0.23091114003047739,0.18795234836342575,H
2026-05-03,La Liga,Celta,Elche,H,0.5397217612445546,0.2769847009807094,0.1832935377747361,H
2026-05-03,Ligue 1,Paris FC,Brest,H,0.4516778338552684,0.23507061819384908,0.31325154795088245,H
2026-05-03,Serie A,Juventus,Verona,D,0.7815194832494244,0.16377480801602814,0.05470570873454733,H
2026-05-03,La Liga,Betis,Oviedo,H,0.6112369266041777,0.2381020905889296,0.15066098280689266,H
2026-05-03,La Liga,Espanol,Real Madrid,A,0.11861189621849855,0.17128409943520753,0.710104004346294,A
2026-05-03,Premier League,Aston Villa,Tottenham,A,0.6654991338343662,0.2132208954410638,0.12127997072457006,H
2026-05-03,Serie A,Bologna,Cagliari,D,0.5693717105921128,0.25066561057005887,0.17996267883782838,H
2026-05-03,La Liga,Getafe,Vallecano,A,0.44793069447968564,0.2780997187140515,0.27396958680626293,H
2026-05-03,Serie A,Inter,Parma,H,0.8136646804289056,0.13844476368739403,0.04789055588370041,H
2026-05-03,Ligue 1,Lille,Le Havre,D,0.6995336897837285,0.19215529856416452,0.10831101165210696,H
2026-05-04,Premier League,Chelsea,Nott'm Forest,A,0.3782869506855283,0.300196500201344,0.32151654911312777,H
2026-05-04,La Liga,Sevilla,Sociedad,H,0.30598641966606216,0.26444169556760183,0.42957188476633595,A
2026-05-04,Serie A,Cremonese,Lazio,A,0.1831305922820248,0.24485863400374208,0.5720107737142331,A
2026-05-04,Serie A,Roma,Fiorentina,H,0.584778458496574,0.24206296343810346,0.17315857806532262,H
2026-05-04,Premier League,Everton,Man City,D,0.20994602454329414,0.20777366152871615,0.5822803139279896,A
2026-05-08,Ligue 1,Lens,Nantes,H,0.7234238216841664,0.19429241818684517,0.08228376012898841,H
2026-05-08,Bundesliga,Dortmund,Ein Frankfurt,H,0.6506002397928132,0.19126466831410932,0.1581350918930774,H
2026-05-08,La Liga,Levante,Osasuna,H,0.3179326363618111,0.28680487638336327,0.39526248725482555,A
2026-05-08,Serie A,Torino,Sassuolo,H,0.41084589176572855,0.29232751966388815,0.29682658857038324,H
2026-05-09,Serie A,Cagliari,Udinese,A,0.3166768277314642,0.2980517404730489,0.38527143179548695,A
2026-05-09,Bundesliga,Stuttgart,Leverkusen,H,0.35324224256443426,0.23392721708672956,0.41283054034883626,A
2026-05-09,La Liga,Sociedad,Betis,D,0.3408410410437168,0.26488155475037656,0.39427740420590657,A
2026-05-09,Premier League,Liverpool,Chelsea,D,0.6583036302370896,0.17804428993885685,0.16365207982405358,H
2026-05-09,Serie A,Lazio,Inter,A,0.20142061973237346,0.19770042156596765,0.600878958701659,A
2026-05-09,La Liga,Sevilla,Espanol,H,0.44358402000469765,0.2807425812668268,0.2756733987284756,H
2026-05-09,Premier League,Sunderland,Man United,D,0.23254618779554712,0.26025644269975734,0.5071973695046956,A
2026-05-09,La Liga,Elche,Alaves,D,0.40125813775499825,0.28295387983264453,0.3157879824123573,H
2026-05-09,La Liga,Ath Madrid,Celta,A,0.6237257652118204,0.2109065362400923,0.1653676985480873,H
2026-05-09,Premier League,Man City,Brentford,H,0.6705049032437657,0.1995849854666084,0.129910111289626,H
2026-05-09,Bundesliga,RB Leipzig,St Pauli,H,0.7342715209399147,0.18402673739534864,0.08170174166473669,H
2026-05-09,Bundesliga,Augsburg,M'gladbach,H,0.4810925859123993,0.2766860212240453,0.24222139286355546,H
2026-05-09,Serie A,Lecce,Juventus,A,0.14211447214992767,0.22610509717292124,0.6317804306771511,A
2026-05-09,Premier League,Brighton,Wolves,H,0.7079782780478643,0.19263152716300178,0.09939019478913387,H
2026-05-09,Premier League,Fulham,Bournemouth,A,0.34578262107694696,0.2743007505730014,0.37991662835005163,A
2026-05-09,Bundesliga,Hoffenheim,Werder Bremen,H,0.5775835833294707,0.23696125650350827,0.18545516016702102,H
2026-05-09,Bundesliga,Wolfsburg,Bayern Munich,A,0.06000872629198578,0.12936067665021161,0.8106305970578027,A
2026-05-10,La Liga,Barcelona,Real Madrid,H,0.5496408436441059,0.20430864992871503,0.24605050642717907,H
2026-05-10,Ligue 1,Metz,Lorient,A,0.23798512533923186,0.26715015599827785,0.4948647186624902,A
2026-05-10,Serie A,Milan,Atalanta,A,0.431422797359343,0.23919723203606305,0.32937997060459384,H
2026-05-10,La Liga,Mallorca,Villarreal,D,0.22056641326973764,0.24414723778091468,0.5352863489493477,A
2026-05-10,Ligue 1,Angers,Strasbourg,D,0.26111104267485585,0.25424044318543404,0.48464851413971005,A
2026-05-10,Ligue 1,Le Havre,Marseille,A,0.30291731270766875,0.23580509188359222,0.461277595408739,A
2026-05-10,Premier League,Nott'm Forest,Newcastle,D,0.503960542545876,0.22884690283655001,0.267192554617574,H
2026-05-10,La Liga,Ath Bilbao,Valencia,A,0.5350821081206429,0.2487379666545598,0.21617992522479737,H
2026-05-10,Ligue 1,Monaco,Lille,A,0.3813363083720251,0.27191102691810487,0.34675266470987004,H
2026-05-10,Bundesliga,Hamburg,Freiburg,H,0.31026828125147027,0.27045289209244316,0.4192788266560866,A
2026-05-10,Premier League,Crystal Palace,Everton,D,0.358434411081792,0.2600427232562371,0.3815228656619708,A
2026-05-10,Premier League,West Ham,Arsenal,A,0.14784041107962043,0.19728200166262147,0.6548775872577581,A
2026-05-10,La Liga,Oviedo,Getafe,D,0.3901002064583891,0.29104869684091983,0.31885109670069106,H
2026-05-10,Serie A,Fiorentina,Genoa,D,0.48078511038936833,0.27333349431664433,0.24588139529398736,H
2026-05-10,Bundesliga,Mainz,Union Berlin,A,0.5568946854092109,0.2401463088605057,0.20295900573028333,H
2026-05-10,Ligue 1,Toulouse,Lyon,H,0.26472198018340964,0.26589060011486654,0.4693874197017239,A
2026-05-10,Ligue 1,Auxerre,Nice,H,0.3733927961650448,0.2669072541454196,0.35969994968953567,H
2026-05-10,Serie A,Parma,Roma,A,0.19949901242260273,0.23646332400631762,0.5640376635710797,A
2026-05-10,Serie A,Verona,Como,A,0.1618369388437431,0.21351049603190309,0.6246525651243537,A
2026-05-10,Bundesliga,FC Koln,Heidenheim,A,0.47620693230312144,0.28786523276489423,0.23592783493198435,H
2026-05-10,Ligue 1,Rennes,Paris FC,H,0.4923869520991818,0.2827969921902564,0.22481605571056182,H
2026-05-10,Ligue 1,Paris SG,Brest,H,0.8008988012261633,0.12575303426208523,0.07334816451175154,H
2026-05-10,Serie A,Cremonese,Pisa,H,0.44355269150200577,0.283510236843607,0.27293707165438724,H
2026-05-10,Premier League,Burnley,Aston Villa,D,0.13472292465648475,0.22018838390988205,0.6450886914336331,A
2026-05-11,Premier League,Tottenham,Leeds,D,0.35241147091118985,0.3095394941525635,0.3380490349362466,H
2026-05-11,La Liga,Vallecano,Girona,D,0.4600289095792795,0.2794079922097506,0.26056309821096985,H
2026-05-11,Serie A,Napoli,Bologna,A,0.6631794852862163,0.1985789558850303,0.13824155882875347,H
2026-05-12,La Liga,Osasuna,Ath Madrid,A,0.2816340657268807,0.2334876051124747,0.48487832916064455,A
2026-05-12,La Liga,Betis,Elche,H,0.6585172817419843,0.2237117006630764,0.11777101759493928,H
2026-05-12,La Liga,Celta,Levante,A,0.5638957721220682,0.2604748594051401,0.1756293684727917,H
2026-05-13,La Liga,Getafe,Mallorca,H,0.3979174719549862,0.29718609672499624,0.3048964313200175,H
2026-05-13,Ligue 1,Brest,Strasbourg,A,0.4034613027624444,0.2534771208815601,0.34306157635599543,H
2026-05-13,La Liga,Villarreal,Sevilla,A,0.7145444992575791,0.1963966885737638,0.08905881216865698,H
2026-05-13,La Liga,Espanol,Ath Bilbao,H,0.28648475147840424,0.2646237701422733,0.4488914783793224,A
2026-05-13,Premier League,Man City,Crystal Palace,H,0.7579801335840283,0.15785711146857045,0.08416275494740126,H
2026-05-13,Ligue 1,Lens,Paris SG,A,0.24861152691839883,0.2198459756215013,0.5315424974601,A
2026-05-13,La Liga,Alaves,Barcelona,H,0.0922123028598939,0.16996990708835719,0.737817790051749,A
2026-05-14,La Liga,Valencia,Vallecano,D,0.42224758145404534,0.27967313800978794,0.2980792805361668,H
2026-05-14,La Liga,Real Madrid,Oviedo,H,0.7713076528203916,0.16525326812966026,0.06343907904994824,H
2026-05-14,La Liga,Girona,Sociedad,D,0.39867658996240374,0.2505174185805052,0.35080599145709107,H
2026-05-15,Premier League,Aston Villa,Liverpool,H,0.37209845873831315,0.24028974203701078,0.38761179922467615,A
2026-05-16,Bundesliga,Ein Frankfurt,Stuttgart,D,0.30867309784896885,0.2419204804684059,0.44940642168262523,A
2026-05-16,Bundesliga,M'gladbach,Hoffenheim,H,0.3184244486614147,0.26964683363294145,0.41192871770564393,A
2026-05-16,Bundesliga,Freiburg,RB Leipzig,H,0.3052317063981699,0.2611415802611352,0.4336267133406949,A
2026-05-16,Bundesliga,St Pauli,Wolfsburg,A,0.37294714900297865,0.3106451532572106,0.3164076977398108,H
2026-05-16,Bundesliga,Werder Bremen,Dortmund,A,0.16989025063886523,0.20778276944298604,0.6223269799181488,A
2026-05-16,Bundesliga,Union Berlin,Augsburg,H,0.36845718775046576,0.2890164356123174,0.3425263766372169,H
2026-05-16,Bundesliga,Bayern Munich,FC Koln,H,0.8605455649457593,0.10954988010744371,0.029904554946796995,H
2026-05-16,Bundesliga,Leverkusen,Hamburg,D,0.7474312309851193,0.17096131068867843,0.08160745832620231,H
2026-05-16,Bundesliga,Heidenheim,Mainz,A,0.3501549510587717,0.2632599598544709,0.3865850890867573,A
2026-05-17,Serie A,Sassuolo,Lecce,A,0.5461852357570547,0.26475225914810435,0.18906250509484102,H
2026-05-17,Premier League,Brentford,Crystal Palace,D,0.5332518168537108,0.22335895948184,0.24338922366444923,H
2026-05-17,Premier League,Wolves,Fulham,D,0.25914919444315004,0.2760351297119231,0.4648156758449268,A
2026-05-17,Ligue 1,Nantes,Toulouse,D,0.3228020318118966,0.26012954288451523,0.4170684253035883,A
2026-05-17,Serie A,Cagliari,Torino,H,0.3401793007621678,0.2947546952447842,0.365066003993048,A
2026-05-17,Serie A,Como,Parma,H,0.6338185979729474,0.22299941677301852,0.14318198525403406,H
2026-05-17,La Liga,Ath Madrid,Girona,H,0.6359771172807048,0.2162394189862375,0.1477834637330576,H
2026-05-17,La Liga,Levante,Mallorca,H,0.43037827651109,0.29426449732785614,0.27535722616105385,H
2026-05-17,Serie A,Inter,Verona,D,0.8662328124441131,0.10927960881797066,0.024487578737916172,H
2026-05-17,Ligue 1,Brest,Angers,D,0.5606384005261569,0.2453901765350634,0.1939714229387797,H
2026-05-17,Ligue 1,Lyon,Lens,A,0.4740957776400773,0.23723930290492207,0.28866491945500067,H
2026-05-17,Serie A,Roma,Lazio,H,0.6033914442870654,0.20592882047633346,0.19067973523660128,H
2026-05-17,La Liga,Elche,Getafe,H,0.3792762036886386,0.29589158990840575,0.3248322064029556,H
2026-05-17,La Liga,Ath Bilbao,Celta,D,0.42826313272151373,0.2655701364683612,0.30616673081012513,H
2026-05-17,Serie A,Pisa,Napoli,A,0.087736940401546,0.1681127893331836,0.7441502702652704,A
2026-05-17,La Liga,Sevilla,Real Madrid,A,0.14149462441510136,0.20543134755073647,0.6530740280341621,A
2026-05-17,Serie A,Juventus,Fiorentina,A,0.6537160660683128,0.20772064902417423,0.13856328490751296,H
2026-05-17,Ligue 1,Strasbourg,Monaco,H,0.38887322957971115,0.23868720737058569,0.3724395630497031,H
2026-05-17,Serie A,Atalanta,Bologna,A,0.5658048352310785,0.22491908656704643,0.20927607820187508,H
2026-05-17,Premier League,Newcastle,West Ham,H,0.536297584581679,0.2529595686526672,0.2107428467656537,H
2026-05-17,Ligue 1,Lorient,Le Havre,A,0.5402344182391658,0.2504668940983056,0.2092986876625285,H
2026-05-17,Serie A,Genoa,Milan,A,0.2795083226544112,0.2298271689434854,0.49066450840210346,A
2026-05-17,Ligue 1,Nice,Metz,D,0.6855825685389169,0.19914021051460537,0.11527722094647776,H
2026-05-17,Premier League,Everton,Sunderland,A,0.6176507358035381,0.21860389035478092,0.16374537384168092,H
2026-05-17,Ligue 1,Paris FC,Paris SG,H,0.1583181015623606,0.19489802130937087,0.6467838771282685,A
2026-05-17,Premier League,Man United,Nott'm Forest,H,0.4679669671531239,0.27970322298911804,0.252329809857758,H
2026-05-17,Ligue 1,Marseille,Rennes,H,0.4431615526940202,0.26146208953662553,0.2953763577693542,H
2026-05-17,Premier League,Leeds,Brighton,H,0.32825824297832185,0.27109996720629287,0.40064178981538523,A
2026-05-17,La Liga,Osasuna,Espanol,A,0.5009534383324965,0.2691989876556195,0.22984757401188396,H
2026-05-17,La Liga,Sociedad,Valencia,A,0.4832709376031289,0.26523551936170886,0.2514935430351621,H
2026-05-17,Serie A,Udinese,Cremonese,A,0.6277762848389358,0.23379449086140167,0.13842922429966256,H
2026-05-17,Ligue 1,Lille,Auxerre,A,0.6764355673708881,0.20881393217851688,0.11475050045059504,H
2026-05-17,La Liga,Barcelona,Betis,H,0.6862144875015024,0.19252911449046278,0.12125639800803485,H
2026-05-17,La Liga,Oviedo,Alaves,A,0.3683551257093611,0.2846005835179458,0.34704429077269305,H
2026-05-17,La Liga,Vallecano,Villarreal,H,0.2689541268471284,0.24484709121213113,0.4861987819407405,A
2026-05-18,Premier League,Arsenal,Burnley,H,0.8539790446310418,0.11409053500056826,0.031930420368389965,H
2026-05-19,Premier League,Chelsea,Tottenham,H,0.5357965157372133,0.2667289582667474,0.19747452599603932,H
2026-05-19,Premier League,Bournemouth,Man City,D,0.24690292795346114,0.23245199001962372,0.5206450820269151,A
2026-05-22,Serie A,Fiorentina,Atalanta,D,0.3291018124776831,0.24063829095926578,0.430259896563051,A
2026-05-23,La Liga,Espanol,Sociedad,D,0.36757943444814145,0.264326982454128,0.36809358309773055,A
2026-05-23,Serie A,Lazio,Pisa,H,0.7159989741941731,0.19419956014784437,0.08980146565798257,H
2026-05-23,La Liga,Betis,Levante,H,0.6223246384738345,0.2287407657640282,0.14893459576213744,H
2026-05-23,La Liga,Real Madrid,Ath Bilbao,H,0.7119149459965258,0.17933631615822435,0.10874873784524984,H
2026-05-23,Serie A,Bologna,Inter,D,0.15907877994119482,0.19948759888845588,0.6414336211703493,A
2026-05-23,La Liga,Getafe,Osasuna,H,0.4223477814799045,0.26226697866848153,0.315385239851614,H
2026-05-23,La Liga,Valencia,Barcelona,H,0.12271152845051411,0.18964594614345492,0.687642525406031,A
2026-05-23,La Liga,Alaves,Vallecano,A,0.36255812344891813,0.2993447278301124,0.3380971487209695,H
2026-05-23,La Liga,Mallorca,Oviedo,H,0.4917498788621767,0.2698408820016969,0.2384092391361263,H
2026-05-23,La Liga,Celta,Sevilla,H,0.5425242274177318,0.26308725734222804,0.1943885152400402,H
2026-05-23,La Liga,Girona,Elche,D,0.4899756859362056,0.2682717191362868,0.24175259492750747,H
2026-05-24,Premier League,Sunderland,Chelsea,H,0.32980393210481,0.25211605595950254,0.4180800119356875,A
2026-05-24,Premier League,Burnley,Wolves,D,0.38483515484135106,0.290880180726466,0.324284664432183,H
2026-05-24,Premier League,Liverpool,Brentford,D,0.5779434434563894,0.22470175898698871,0.19735479755662197,H
2026-05-24,Premier League,West Ham,Leeds,H,0.3447272128516907,0.30176665684819015,0.35350613030011924,A
2026-05-24,Serie A,Milan,Cagliari,A,0.6980589426934595,0.1987752082329977,0.10316584907354272,H
2026-05-24,Premier League,Tottenham,Everton,H,0.33770547000429646,0.24859306374121892,0.41370146625448473,A
2026-05-24,Serie A,Verona,Roma,A,0.11318261863762949,0.2028807330254298,0.6839366483369407,A
2026-05-24,Premier League,Brighton,Man United,A,0.4366548168131889,0.249312284891663,0.314032898295148,H
2026-05-24,Premier League,Fulham,Newcastle,H,0.35670501275065825,0.2669305042192183,0.3763644830301235,A
2026-05-24,Serie A,Napoli,Udinese,H,0.6837006044772717,0.19456127764815453,0.12173811787457388,H
2026-05-24,Serie A,Parma,Sassuolo,H,0.39223309513279264,0.2869938461145227,0.3207730587526846,H
2026-05-24,Premier League,Man City,Aston Villa,A,0.6597282679594783,0.1828669227681157,0.1574048092724061,H
2026-05-24,Serie A,Cremonese,Como,A,0.1993644504676153,0.2591655054543284,0.5414700440780562,A
2026-05-24,Serie A,Torino,Juventus,D,0.2357516638653759,0.2355267862661318,0.5287215498684923,A
2026-05-24,Serie A,Lecce,Genoa,H,0.3698096939638784,0.28533525235218976,0.3448550536839318,H
2026-05-24,Premier League,Crystal Palace,Arsenal,A,0.17468318417173115,0.21797735930150838,0.6073394565267604,A
2026-05-24,La Liga,Villarreal,Ath Madrid,H,0.4613933506192322,0.24537078944844107,0.29323585993232665,H
2026-05-24,Premier League,Nott'm Forest,Bournemouth,D,0.4227844111723205,0.25463780256930907,0.3225777862583703,H
