date,league,home_team,away_team,result,prob_home,prob_draw,prob_away
2025-08-15,Premier League,Liverpool,Bournemouth,H,0.7212165790808429,0.1611742649034401,0.11760915601571709
2025-08-15,Ligue 1,Rennes,Marseille,H,0.2183477310006477,0.35011103087155604,0.4315412381277963
2025-08-15,La Liga,Girona,Vallecano,A,0.30583849855997824,0.33858145933230616,0.35558004210771565
2025-08-15,La Liga,Villarreal,Oviedo,H,0.8122249054130686,0.12502834563934764,0.06274674894758372
2025-08-16,Premier League,Brighton,Fulham,D,0.5180255444569616,0.25827954113485874,0.22369491440817968
2025-08-16,La Liga,Valencia,Sociedad,D,0.3692976174352827,0.3069666122082468,0.32373577035647044
2025-08-16,Premier League,Wolves,Man City,A,0.1433946713577617,0.19082914830902376,0.6657761803332144
2025-08-16,Ligue 1,Nice,Toulouse,A,0.5623996878258847,0.2905385474098965,0.1470617647642188
2025-08-16,Premier League,Aston Villa,Newcastle,D,0.44673805872915895,0.2821472271312161,0.271114714139625
2025-08-16,Ligue 1,Monaco,Le Havre,H,0.6398309121087595,0.20549194945805813,0.1546771384331823
2025-08-16,Premier League,Sunderland,West Ham,H,0.22650140851795333,0.2629405116680513,0.5105580798139954
2025-08-16,La Liga,Mallorca,Barcelona,A,0.1394718992856851,0.1925103509617154,0.6680177497525995
2025-08-16,Premier League,Tottenham,Burnley,H,0.48465889561621833,0.28590331914866646,0.22943778523511515
2025-08-16,Ligue 1,Lens,Lyon,A,0.43624484679835335,0.27060241245759376,0.29315274074405295
2025-08-16,La Liga,Alaves,Levante,H,0.3536361562317716,0.3661625596541347,0.28020128411409373
2025-08-17,Premier League,Chelsea,Crystal Palace,D,0.47678531616675046,0.3107337887481854,0.21248089508506401
2025-08-17,La Liga,Ath Bilbao,Sevilla,H,0.6662126292939047,0.18675512113251028,0.14703224957358504
2025-08-17,Ligue 1,Angers,Paris FC,H,0.382467969006782,0.226072505766503,0.391459525226715
2025-08-17,Ligue 1,Auxerre,Lorient,H,0.4506328057578908,0.33467597957392264,0.21469121466818664
2025-08-17,Ligue 1,Brest,Lille,D,0.3732312501750649,0.30528925354951814,0.32147949627541694
2025-08-17,Ligue 1,Metz,Strasbourg,A,0.18409679322901515,0.21803477541300487,0.59786843135798
2025-08-17,Premier League,Nott'm Forest,Brentford,H,0.3591591752722849,0.29592266240217,0.344918162325545
2025-08-17,La Liga,Celta,Getafe,A,0.5077601613443619,0.2837937403278749,0.20844609832776326
2025-08-17,Ligue 1,Nantes,Paris SG,A,0.1844918594695117,0.22175565096771155,0.5937524895627768
2025-08-17,Premier League,Man United,Arsenal,A,0.23614495646815836,0.2329239433225189,0.5309311002093228
2025-08-17,La Liga,Espanol,Ath Madrid,H,0.15354362242109365,0.23514654891857623,0.61130982866033
2025-08-18,Premier League,Leeds,Everton,H,0.22856714674136566,0.27464275384958303,0.4967900994090512
2025-08-18,La Liga,Elche,Betis,D,0.18376549072173062,0.23424661533026453,0.5819878939480049
2025-08-19,La Liga,Real Madrid,Osasuna,H,0.69544759965417,0.21552771530051534,0.08902468504531465
2025-08-22,Premier League,West Ham,Chelsea,A,0.26705676814185114,0.2474813979760581,0.4854618338820908
2025-08-22,Ligue 1,Paris SG,Angers,H,0.8187070696614244,0.12746493349380122,0.05382799684477444
2025-08-22,Bundesliga,Bayern Munich,RB Leipzig,H,0.7256591217750794,0.15698186137659154,0.11735901684832915
2025-08-22,La Liga,Betis,Alaves,H,0.5790009998689803,0.250457938539052,0.17054106159196755
2025-08-23,Premier League,Brentford,Aston Villa,H,0.29294597980209447,0.2689865179593885,0.438067502238517
2025-08-23,La Liga,Ath Madrid,Elche,D,0.7743457766466507,0.13625826144568068,0.08939596190766859
2025-08-23,La Liga,Levante,Barcelona,A,0.15491240057570757,0.18777764470731606,0.6573099547169764
2025-08-23,Bundesliga,St Pauli,Dortmund,D,0.16991345061823757,0.21151508966098811,0.6185714597207743
2025-08-23,Premier League,Arsenal,Leeds,H,0.7247108679806904,0.18153229649893507,0.09375683552037452
2025-08-23,Bundesliga,Freiburg,Augsburg,A,0.5564530398686129,0.24371716204334837,0.1998297980880387
2025-08-23,Bundesliga,Ein Frankfurt,Werder Bremen,H,0.4949761767431354,0.29699739354764293,0.20802642970922175
2025-08-23,Ligue 1,Marseille,Paris FC,H,0.7468287510286085,0.14565257616346436,0.1075186728079272
2025-08-23,Serie A,Genoa,Lecce,D,0.47386824381841713,0.3318278315960735,0.19430392458550927
2025-08-23,Bundesliga,Union Berlin,Stuttgart,H,0.2600681305856561,0.3015621198470402,0.43836974956730373
2025-08-23,La Liga,Mallorca,Celta,D,0.37870533206828944,0.2583197089292874,0.3629749590024231
2025-08-23,Ligue 1,Nice,Auxerre,H,0.5669151838139099,0.27544030045496265,0.15764451573112742
2025-08-23,Bundesliga,Heidenheim,Wolfsburg,A,0.2962254389175955,0.3016470575510978,0.4021275035313066
2025-08-23,Serie A,Milan,Cremonese,A,0.7755321374066642,0.14774541058497376,0.07672245200836218
2025-08-23,Premier League,Burnley,Sunderland,H,0.23712093027428596,0.26873512626872836,0.4941439434569857
2025-08-23,Serie A,Roma,Bologna,H,0.5104429003776182,0.23612818831522883,0.2534289113071529
2025-08-23,Premier League,Man City,Tottenham,A,0.8069481498075818,0.09985782319154024,0.09319402700087788
2025-08-23,Serie A,Sassuolo,Napoli,A,0.14050747157785023,0.21380845068531615,0.6456840777368336
2025-08-23,Bundesliga,Leverkusen,Hoffenheim,A,0.7282322964536538,0.1557787407189641,0.11598896282738204
2025-08-23,Premier League,Bournemouth,Wolves,H,0.5267430290193129,0.24960192005370105,0.22365505092698607
2025-08-23,Ligue 1,Lyon,Metz,H,0.7383138762480734,0.15813133820068684,0.10355478555123983
2025-08-24,Serie A,Juventus,Parma,H,0.6585658255226458,0.2045180806993775,0.13691609377797678
2025-08-24,Serie A,Cagliari,Fiorentina,D,0.23594850572927678,0.22612556786756025,0.537925926403163
2025-08-24,Premier League,Fulham,Man United,D,0.47184781787874003,0.2823039320745999,0.24584825004665997
2025-08-24,Premier League,Everton,Brighton,H,0.3827811684947736,0.24546847049485768,0.3717503610103687
2025-08-24,Bundesliga,M'gladbach,Hamburg,D,0.5225533569365108,0.2626080854669154,0.2148385575965738
2025-08-24,Serie A,Como,Lazio,H,0.2827486174030112,0.3102814641756387,0.40696991842135016
2025-08-24,Bundesliga,Mainz,FC Koln,A,0.5892404614237656,0.26865663291129016,0.1421029056649442
2025-08-24,La Liga,Oviedo,Real Madrid,A,0.1768076856593074,0.1938201800810066,0.629372134259686
2025-08-24,Premier League,Crystal Palace,Nott'm Forest,D,0.47813890583807883,0.28456312773022946,0.2372979664316918
2025-08-24,Ligue 1,Lille,Monaco,H,0.48680174272685106,0.23402876222219435,0.2791694950509546
2025-08-24,Ligue 1,Strasbourg,Nantes,H,0.587566388654325,0.23058951292517163,0.18184409842050342
2025-08-24,La Liga,Villarreal,Girona,H,0.8019540061481365,0.13377567348233704,0.0642703203695265
2025-08-24,Ligue 1,Toulouse,Brest,H,0.35022785549815066,0.29145450515076143,0.3583176393510878
2025-08-24,Ligue 1,Le Havre,Lens,A,0.24165858665707096,0.26423905135255316,0.4941023619903759
2025-08-24,Serie A,Atalanta,Pisa,D,0.7644493798409158,0.15316585251035977,0.08238476764872431
2025-08-24,La Liga,Sociedad,Espanol,D,0.4704610306341864,0.30140807706134526,0.2281308923044684
2025-08-24,Ligue 1,Lorient,Rennes,H,0.35693704237272394,0.20045434212720034,0.4426086155000756
2025-08-24,La Liga,Osasuna,Valencia,H,0.4853888012023228,0.29725633376748056,0.2173548650301966
2025-08-25,La Liga,Sevilla,Getafe,A,0.40370561588980175,0.30579964270201115,0.2904947414081871
2025-08-25,Premier League,Newcastle,Liverpool,A,0.40173884631248125,0.2205491523577447,0.37771200132977406
2025-08-25,Serie A,Inter,Torino,H,0.6926225450520131,0.15831375430062544,0.1490637006473614
2025-08-25,Serie A,Udinese,Verona,D,0.29856188697454455,0.40055452492887866,0.30088358809657684
2025-08-25,La Liga,Ath Bilbao,Vallecano,H,0.5840196064789663,0.28611326039857904,0.12986713312245468
2025-08-27,La Liga,Celta,Betis,D,0.2975803870832563,0.2885892380386948,0.4138303748780489
2025-08-29,La Liga,Elche,Levante,H,0.43412232379943094,0.2856735454300857,0.2802041307704834
2025-08-29,La Liga,Valencia,Getafe,H,0.4657154712491628,0.33719165266444656,0.1970928760863906
2025-08-29,Serie A,Cremonese,Sassuolo,H,0.5506252008604374,0.27097014991352625,0.17840464922603624
2025-08-29,Ligue 1,Lens,Brest,H,0.5263262217956357,0.26765197110291394,0.2060218071014503
2025-08-29,Serie A,Lecce,Milan,A,0.21395408358352014,0.20149620372390817,0.5845497126925716
2025-08-29,Bundesliga,Hamburg,St Pauli,A,0.42616012460163144,0.21656033915270467,0.3572795362456638
2025-08-30,Serie A,Parma,Atalanta,D,0.16519774015143232,0.2368846994846197,0.597917560363948
2025-08-30,Premier League,Sunderland,Brentford,H,0.29331342677037786,0.18442092537585905,0.5222656478537632
2025-08-30,Premier League,Chelsea,Fulham,H,0.6059260516807051,0.2403605378898385,0.15371341042945638
2025-08-30,Premier League,Tottenham,Bournemouth,A,0.35532150320318434,0.2792123727380737,0.36546612405874196
2025-08-30,Bundesliga,Stuttgart,M'gladbach,H,0.5914592640262621,0.2187600731986237,0.18978066277511407
2025-08-30,Ligue 1,Nantes,Auxerre,H,0.3923899214966017,0.3049642109686331,0.3026458675347652
2025-08-30,Bundesliga,Augsburg,Bayern Munich,A,0.1063145870087467,0.12981004005714808,0.7638753729341052
2025-08-30,La Liga,Alaves,Ath Madrid,D,0.22575613150926707,0.2370459576108757,0.5371979108798572
2025-08-30,La Liga,Real Madrid,Mallorca,H,0.7929973142896999,0.1503433588154732,0.056659326894827076
2025-08-30,Serie A,Napoli,Cagliari,H,0.7581424843155972,0.151432597797183,0.09042491788721989
2025-08-30,Serie A,Pisa,Roma,A,0.18863177676302895,0.22793496810772473,0.5834332551292463
2025-08-30,Bundesliga,Werder Bremen,Leverkusen,D,0.2576065802079804,0.2226433639096518,0.5197500558823677
2025-08-30,Serie A,Bologna,Como,H,0.5726249037760468,0.22962794644474968,0.19774714977920352
2025-08-30,Bundesliga,Hoffenheim,Ein Frankfurt,A,0.24553496866409896,0.26185385526101657,0.4926111760748844
2025-08-30,Premier League,Leeds,Newcastle,D,0.18362340011574202,0.18870846281114145,0.6276681370731164
2025-08-30,Ligue 1,Toulouse,Paris SG,A,0.25035703992128494,0.21184023554321843,0.5378027245354966
2025-08-30,Ligue 1,Lorient,Lille,A,0.2801103633978588,0.2178538332763382,0.502035803325803
2025-08-30,Premier League,Man United,Burnley,H,0.599281528397195,0.23360024665338205,0.16711822494942302
2025-08-30,Premier League,Wolves,Everton,A,0.30531114612048194,0.27725017237782634,0.41743868150169183
2025-08-30,La Liga,Girona,Sevilla,A,0.36894510264330765,0.3443660100656497,0.2866888872910426
2025-08-30,La Liga,Oviedo,Sociedad,H,0.3046205386088073,0.3076919126724273,0.3876875487187654
2025-08-30,Bundesliga,RB Leipzig,Heidenheim,H,0.5670030488743508,0.26709842535555517,0.165898525770094
2025-08-31,Premier League,Nott'm Forest,West Ham,A,0.5805026578691155,0.20700441630544872,0.21249292582543583
2025-08-31,Ligue 1,Paris FC,Metz,H,0.49585097670040684,0.24638240505946812,0.25776661824012514
2025-08-31,Bundesliga,FC Koln,Freiburg,H,0.2634454200561814,0.27151811087693617,0.4650364690668824
2025-08-31,Serie A,Genoa,Juventus,A,0.20145716550502876,0.2448933585417118,0.5536494759532594
2025-08-31,La Liga,Celta,Villarreal,D,0.23424959795124614,0.26570820918840315,0.5000421928603507
2025-08-31,La Liga,Espanol,Osasuna,H,0.34095051969762513,0.29314477670875994,0.36590470359361493
2025-08-31,Serie A,Inter,Udinese,A,0.7989835272383837,0.1277707372088944,0.07324573555272194
2025-08-31,Premier League,Liverpool,Arsenal,H,0.44238808757066156,0.30059033079516834,0.25702158163417016
2025-08-31,Serie A,Torino,Fiorentina,D,0.30227143795242045,0.23513972027353133,0.4625888417740482
2025-08-31,Ligue 1,Angers,Rennes,D,0.34567952799668095,0.3043653406903451,0.3499551313129739
2025-08-31,Ligue 1,Monaco,Strasbourg,H,0.553539894067804,0.24011043707890672,0.2063496688532893
2025-08-31,La Liga,Betis,Ath Bilbao,A,0.4807153109676418,0.21785235707346212,0.30143233195889607
2025-08-31,Serie A,Lazio,Verona,H,0.6177882275986842,0.21586784069156215,0.1663439317097536
2025-08-31,Bundesliga,Dortmund,Union Berlin,H,0.6885319774309621,0.18496173233266783,0.12650629023637006
2025-08-31,Premier League,Brighton,Man City,H,0.25723585427433143,0.2157286119621372,0.5270355337635314
2025-08-31,La Liga,Vallecano,Barcelona,D,0.14011060175669857,0.18433018480688812,0.6755592134364133
2025-08-31,Bundesliga,Wolfsburg,Mainz,D,0.34088898011376534,0.32874101894601143,0.33037000094022323
2025-08-31,Premier League,Aston Villa,Crystal Palace,A,0.4907939717705086,0.3043191499825937,0.20488687824689777
2025-08-31,Ligue 1,Le Havre,Nice,H,0.19028616280099026,0.2603133696078016,0.5494004675912081
2025-08-31,Ligue 1,Lyon,Marseille,H,0.44172479541772586,0.28996487723503045,0.2683103273472437
2025-09-12,Ligue 1,Marseille,Lorient,H,0.8106333026690323,0.11085185378070433,0.07851484355026332
2025-09-12,La Liga,Sevilla,Elche,D,0.43220326123124414,0.35914105012949116,0.20865568863926462
2025-09-12,Bundesliga,Leverkusen,Ein Frankfurt,H,0.5946681808123533,0.1906633199169582,0.21466849927068854
2025-09-13,Bundesliga,Wolfsburg,FC Koln,D,0.3806825910017233,0.3130940697403461,0.30622333925793066
2025-09-13,La Liga,Getafe,Oviedo,H,0.42616101355773883,0.2952116209736141,0.278627365468647
2025-09-13,Bundesliga,Heidenheim,Dortmund,A,0.16163309852951235,0.22661518622906207,0.6117517152414255
2025-09-13,Ligue 1,Nice,Nantes,H,0.6441115008716866,0.19991701108805143,0.15597148804026204
2025-09-13,Bundesliga,Mainz,RB Leipzig,A,0.39731953532316,0.21469250164566164,0.3879879630311783
2025-09-13,La Liga,Ath Bilbao,Alaves,A,0.6386191981339547,0.2567533660778798,0.10462743578816551
2025-09-13,Ligue 1,Auxerre,Monaco,A,0.2306962554312781,0.2132686353601927,0.5560351092085292
2025-09-13,Bundesliga,Freiburg,Stuttgart,H,0.2971429375830481,0.3667059743868511,0.33615108803010074
2025-09-13,Premier League,Fulham,Leeds,H,0.5860300012222706,0.22023297062188904,0.19373702815584037
2025-09-13,Bundesliga,Union Berlin,Hoffenheim,A,0.41591141972830875,0.29782610787444724,0.28626247239724406
2025-09-13,Serie A,Cagliari,Parma,H,0.40069278202806197,0.31466212427524415,0.28464509369669383
2025-09-13,Premier League,West Ham,Tottenham,A,0.37011712747388814,0.29313918037467124,0.3367436921514406
2025-09-13,Serie A,Fiorentina,Napoli,A,0.22886618377747145,0.23066317422441898,0.5404706419981097
2025-09-13,Premier League,Brentford,Chelsea,D,0.22961930442496836,0.26907882067670913,0.5013018748983225
2025-09-13,Premier League,Newcastle,Wolves,H,0.6306880414113235,0.2016505692919532,0.16766138929672328
2025-09-13,Bundesliga,Bayern Munich,Hamburg,H,0.8548833718603691,0.10630555693391741,0.038811071205713504
2025-09-13,Premier League,Everton,Aston Villa,D,0.33570977508101063,0.24441497205837884,0.41987525286061045
2025-09-13,Premier League,Arsenal,Nott'm Forest,H,0.734997371490455,0.13690961667860088,0.12809301183094424
2025-09-13,Premier League,Crystal Palace,Sunderland,D,0.7381171472341278,0.17553737225068075,0.08634548051519154
2025-09-13,La Liga,Sociedad,Real Madrid,A,0.16032281998617431,0.22007663902075653,0.619600540993069
2025-09-13,Premier League,Bournemouth,Brighton,H,0.41768040852192895,0.2948364560012201,0.2874831354768509
2025-09-13,La Liga,Ath Madrid,Villarreal,H,0.4594505561288785,0.24696111186296846,0.29358833200815315
2025-09-13,Serie A,Juventus,Inter,H,0.3056268045852454,0.31912352523844506,0.3752496701763096
2025-09-14,Ligue 1,Paris SG,Lens,H,0.6939654348100348,0.19279718957425634,0.11323737561570892
2025-09-14,Premier League,Burnley,Liverpool,A,0.14177323146029597,0.20659553080608042,0.6516312377336237
2025-09-14,La Liga,Barcelona,Valencia,H,0.7417572653521586,0.16527178430741812,0.09297095034042321
2025-09-14,La Liga,Celta,Girona,D,0.5188134827299518,0.2806076200045883,0.20057889726545997
2025-09-14,La Liga,Levante,Betis,D,0.22411013844293154,0.23325098193285768,0.5426388796242109
2025-09-14,Serie A,Sassuolo,Lazio,H,0.19374154881435926,0.21988523467800333,0.5863732165076374
2025-09-14,Ligue 1,Rennes,Lyon,H,0.24772404076471155,0.27378652119535574,0.47848943803993266
2025-09-14,Serie A,Milan,Bologna,H,0.47758608508968803,0.2930050769205232,0.22940883798978884
2025-09-14,Premier League,Man City,Man United,H,0.7541517232188485,0.14179946128595533,0.10404881549519619
2025-09-14,Bundesliga,M'gladbach,Werder Bremen,A,0.3865991032085249,0.21241769763835144,0.4009831991531237
2025-09-14,Ligue 1,Metz,Angers,D,0.3417188020216796,0.2515315355307222,0.40674966244759825
2025-09-14,Bundesliga,St Pauli,Augsburg,H,0.3514246830992251,0.2762122278139817,0.3723630890867934
2025-09-14,Ligue 1,Brest,Paris FC,A,0.5018798392561441,0.25238254423986706,0.24573761650398884
2025-09-14,Serie A,Pisa,Udinese,A,0.3879104835665605,0.24077934741000567,0.37131016902343383
2025-09-14,Serie A,Atalanta,Lecce,H,0.6506185722933628,0.2278154526671851,0.12156597503945202
2025-09-14,Ligue 1,Lille,Toulouse,H,0.6280945433473225,0.22767187843870085,0.14423357821397675
2025-09-14,Serie A,Roma,Torino,A,0.725330493004235,0.1860298892866974,0.08863961770906752
2025-09-14,Ligue 1,Strasbourg,Le Havre,H,0.6319112168370689,0.22179623503783463,0.14629254812509654
2025-09-14,La Liga,Osasuna,Vallecano,H,0.4326911297170634,0.3145400306653653,0.25276883961757135
2025-09-15,Serie A,Como,Genoa,D,0.41471346529519115,0.3421823078206691,0.24310422688413966
2025-09-15,La Liga,Espanol,Mallorca,H,0.41646155068407276,0.3129988685654706,0.27053958075045664
2025-09-15,Serie A,Verona,Cremonese,D,0.33246253322081465,0.3286778614359651,0.33885960534322024
2025-09-19,La Liga,Betis,Sociedad,H,0.598261974577464,0.2154807782515712,0.1862572471709648
2025-09-19,Bundesliga,Stuttgart,St Pauli,H,0.5561178361580749,0.24165826863400958,0.20222389520791553
2025-09-19,Ligue 1,Lyon,Angers,H,0.656003346075878,0.20926357826937528,0.13473307565474674
2025-09-19,Serie A,Lecce,Cagliari,A,0.3706026945449711,0.3351204414264133,0.29427686402861564
2025-09-20,Ligue 1,Brest,Nice,H,0.3213913941171646,0.28908137315872434,0.3895272327241111
2025-09-20,La Liga,Alaves,Sevilla,A,0.469814521319355,0.285076377141371,0.24510910153927384
2025-09-20,La Liga,Valencia,Ath Bilbao,H,0.24026106037797926,0.26867215587812,0.4910667837439007
2025-09-20,La Liga,Villarreal,Osasuna,H,0.7040611033427417,0.1880716057939401,0.10786729086331806
2025-09-20,Premier League,Man United,Chelsea,H,0.26499498975954694,0.2710769245213572,0.4639280857190959
2025-09-20,Premier League,Liverpool,Everton,H,0.683255506227818,0.1983074419059877,0.11843705186619426
2025-09-20,La Liga,Real Madrid,Espanol,H,0.7600421285418094,0.16105724213982903,0.07890062931836156
2025-09-20,Ligue 1,Nantes,Rennes,D,0.42224714693342846,0.23267350151995395,0.34507935154661756
2025-09-20,Bundesliga,Augsburg,Mainz,A,0.3470134481634576,0.32233286477271744,0.330653687063825
2025-09-20,Premier League,West Ham,Crystal Palace,A,0.21378399989430463,0.31483394985798546,0.4713820502477099
2025-09-20,Serie A,Verona,Juventus,D,0.16703544679400703,0.24358503125758954,0.5893795219484033
2025-09-20,Bundesliga,Werder Bremen,Freiburg,A,0.4911863905582386,0.2502815379959528,0.2585320714458086
2025-09-20,Bundesliga,Hamburg,Heidenheim,H,0.33859921088913086,0.29369541242108954,0.36770537668977954
2025-09-20,Premier League,Fulham,Brentford,H,0.38399700247921703,0.2649934603399117,0.35100953718087124
2025-09-20,Serie A,Bologna,Genoa,H,0.5486689505740945,0.2603116033320573,0.1910194460938483
2025-09-20,Premier League,Burnley,Nott'm Forest,D,0.2626882168324799,0.2170765102252751,0.5202352729422449
2025-09-20,Premier League,Brighton,Tottenham,D,0.5676155906536603,0.25406568837740456,0.17831872096893517
2025-09-20,La Liga,Girona,Levante,A,0.45342010024746754,0.2849560659858896,0.26162383376664283
2025-09-20,Bundesliga,Hoffenheim,Bayern Munich,A,0.1060879257951791,0.11212638125295822,0.7817856929518627
2025-09-20,Premier League,Wolves,Leeds,A,0.48136104423961895,0.30641951524841865,0.21221944051196243
2025-09-20,Serie A,Udinese,Milan,A,0.23605916566629204,0.3027497766377806,0.46119105769592733
2025-09-20,Ligue 1,Lens,Lille,H,0.33796336753556433,0.25698689601201163,0.4050497364524241
2025-09-20,Bundesliga,RB Leipzig,FC Koln,H,0.586383261796601,0.2359714687956076,0.17764526940779135
2025-09-21,Serie A,Torino,Atalanta,A,0.23245602289353073,0.2353677384709845,0.5321762386354848
2025-09-21,Ligue 1,Auxerre,Toulouse,H,0.3581751015184251,0.28704678735683664,0.35477811112473834
2025-09-21,Bundesliga,Leverkusen,M'gladbach,D,0.7334390914647646,0.16393147540059985,0.10262943313463561
2025-09-21,Bundesliga,Ein Frankfurt,Union Berlin,A,0.7055847417796095,0.18920300461659328,0.10521225360379712
2025-09-21,Serie A,Inter,Sassuolo,H,0.7978794022820994,0.12030962247381288,0.08181097524408769
2025-09-21,Ligue 1,Le Havre,Lorient,D,0.6212719739199452,0.19472751651087067,0.1840005095691842
2025-09-21,Serie A,Fiorentina,Como,A,0.5370611316408348,0.26965456182661823,0.1932843065325469
2025-09-21,Serie A,Lazio,Roma,A,0.32813848386816563,0.2793158743049308,0.39254564182690355
2025-09-21,Premier League,Sunderland,Aston Villa,D,0.23556173939636998,0.20896092835980248,0.5554773322438274
2025-09-21,La Liga,Barcelona,Getafe,H,0.7618164264154403,0.17600422601957977,0.062179347564979816
2025-09-21,Premier League,Arsenal,Man City,D,0.5365593547536992,0.21236628823624235,0.25107435701005854
2025-09-21,La Liga,Vallecano,Celta,D,0.4028311745451218,0.3014221114637735,0.2957467139911046
2025-09-21,La Liga,Mallorca,Ath Madrid,D,0.19971585647326442,0.25730510348723074,0.5429790400395049
2025-09-21,La Liga,Elche,Oviedo,H,0.47290765224214243,0.22960795900457015,0.29748438875328737
2025-09-21,Serie A,Cremonese,Parma,D,0.5353521842003883,0.31287415064160096,0.15177366515801075
2025-09-21,Ligue 1,Paris FC,Strasbourg,A,0.31596385114035114,0.29207454990238635,0.3919615989572626
2025-09-21,Ligue 1,Monaco,Metz,H,0.7214916568379351,0.17423551894541786,0.10427282421664702
2025-09-21,Bundesliga,Dortmund,Wolfsburg,H,0.7495124250113168,0.15426533282440255,0.0962222421642807
2025-09-21,Premier League,Bournemouth,Newcastle,D,0.35026222403063884,0.26918198729472825,0.38055578867463297
2025-09-22,Serie A,Napoli,Pisa,H,0.7720047209098863,0.1636500392371312,0.06434523985298246
2025-09-22,Ligue 1,Marseille,Paris SG,H,0.32354297732453263,0.2193156935617728,0.45714132911369465
2025-09-23,La Liga,Ath Bilbao,Girona,D,0.6590241766539957,0.1843022398366031,0.15667358350940117
2025-09-23,La Liga,Levante,Real Madrid,A,0.1573094805872941,0.2522408370904754,0.5904496823222305
2025-09-23,La Liga,Espanol,Valencia,D,0.401637533319499,0.2847686383794968,0.31359382830100424
2025-09-23,La Liga,Sevilla,Villarreal,A,0.2056219141284231,0.20669421612511252,0.5876838697464644
2025-09-24,La Liga,Getafe,Alaves,D,0.43540216602461035,0.28821756345428584,0.27638027052110375
2025-09-24,La Liga,Ath Madrid,Vallecano,H,0.6979350754296778,0.1793475736438925,0.12271735092642959
2025-09-24,La Liga,Sociedad,Mallorca,H,0.47843541368947584,0.29454487743512864,0.22701970887539544
2025-09-25,La Liga,Oviedo,Barcelona,A,0.14154382611526384,0.14234271519998848,0.7161134586847477
2025-09-25,La Liga,Osasuna,Elche,D,0.5519313243440288,0.25445726679313624,0.19361140886283495
2025-09-26,Bundesliga,Bayern Munich,Werder Bremen,H,0.7680363842526656,0.12193392185932267,0.11002969388801166
2025-09-26,La Liga,Girona,Espanol,D,0.30518850541523146,0.3804424484867972,0.31436904609797134
2025-09-26,Ligue 1,Strasbourg,Marseille,A,0.3390832117758303,0.3099105483379341,0.35100623988623575
2025-09-27,La Liga,Villarreal,Ath Bilbao,H,0.6311556067388885,0.2149086385239404,0.15393575473717105
2025-09-27,Premier League,Crystal Palace,Liverpool,H,0.3259182104287257,0.2118485477657251,0.4622332418055493
2025-09-27,La Liga,Ath Madrid,Real Madrid,H,0.32631882683106345,0.3036977542358076,0.3699834189331289
2025-09-27,Serie A,Como,Cremonese,D,0.5995493158691196,0.24256828572892006,0.15788239840196036
2025-09-27,La Liga,Mallorca,Alaves,H,0.40435481899286346,0.3094482187107753,0.28619696229636127
2025-09-27,Bundesliga,M'gladbach,Ein Frankfurt,A,0.23515397165927407,0.2222944969990695,0.5425515313416566
2025-09-27,Serie A,Cagliari,Inter,A,0.15063958110761544,0.23351349278709926,0.6158469261052852
2025-09-27,Premier League,Brentford,Man United,H,0.45606649975387303,0.22966856623572102,0.31426493401040606
2025-09-27,Ligue 1,Lorient,Monaco,H,0.19938214466593698,0.2171819784872595,0.5834358768468034
2025-09-27,Serie A,Juventus,Atalanta,D,0.36314485493474646,0.25936983158704174,0.37748531347821185
2025-09-27,Bundesliga,Wolfsburg,RB Leipzig,A,0.2731566023579693,0.2624315572775132,0.46441184036451744
2025-09-27,Ligue 1,Toulouse,Nantes,D,0.45863466556656013,0.2999324459600906,0.2414328884733493
2025-09-27,La Liga,Getafe,Levante,D,0.4785533621824376,0.28176226751413336,0.2396843703034291
2025-09-27,Bundesliga,Mainz,Dortmund,A,0.2774285661582034,0.24967774976984575,0.4728936840719509
2025-09-27,Premier League,Leeds,Bournemouth,D,0.2613621228964393,0.241683812425128,0.49695406467843267
2025-09-27,Premier League,Chelsea,Brighton,A,0.5083375700954881,0.23050496419681177,0.26115746570770004
2025-09-27,Premier League,Man City,Burnley,H,0.8264302299464523,0.10742722418791736,0.0661425458656303
2025-09-27,Premier League,Nott'm Forest,Sunderland,A,0.6069378095861085,0.22948307565308862,0.16357911476080278
2025-09-27,Bundesliga,Heidenheim,Augsburg,H,0.2955988223137114,0.2753709698522623,0.42903020783402623
2025-09-27,Bundesliga,St Pauli,Leverkusen,A,0.20718514586915476,0.22945704799415084,0.5633578061366944
2025-09-27,Ligue 1,Paris SG,Auxerre,H,0.7887478527569713,0.1334580711682398,0.07779407607478883
2025-09-27,Premier League,Tottenham,Wolves,D,0.5540687427442031,0.25866560343688744,0.18726565381890944
2025-09-28,Ligue 1,Rennes,Lens,D,0.36621026083173347,0.263992386282143,0.3697973528861236
2025-09-28,La Liga,Vallecano,Sevilla,A,0.4882474777685251,0.2729056568055183,0.23884686542595662
2025-09-28,Ligue 1,Nice,Paris FC,D,0.6156060550608758,0.2307816295632963,0.15361231537582792
2025-09-28,Serie A,Milan,Napoli,H,0.320624443610517,0.2579386280369862,0.42143692835249674
2025-09-28,La Liga,Betis,Osasuna,H,0.5260378678610967,0.26393843576410486,0.2100236963747984
2025-09-28,Premier League,Aston Villa,Fulham,H,0.5952803890729343,0.20519375578736906,0.19952585513969662
2025-09-28,Bundesliga,FC Koln,Stuttgart,A,0.38114828944265844,0.24165509215870293,0.37719661839863866
2025-09-28,La Liga,Elche,Celta,H,0.3765951428506594,0.298020336691626,0.32538452045771454
2025-09-28,Bundesliga,Union Berlin,Hamburg,D,0.5469470611362585,0.24203177480669238,0.21102116405704915
2025-09-28,Serie A,Lecce,Bologna,D,0.19883534468307382,0.21670223429916338,0.5844624210177628
2025-09-28,Serie A,Pisa,Fiorentina,D,0.24381017548660822,0.24942264365804243,0.5067671808553493
2025-09-28,Ligue 1,Lille,Lyon,A,0.5313758707852013,0.25301343028737944,0.21561069892741927
2025-09-28,Premier League,Newcastle,Arsenal,A,0.2801445635977619,0.1975327301414242,0.5223227062608139
2025-09-28,Serie A,Roma,Verona,H,0.6997580559574887,0.20887741029960283,0.09136453374290847
2025-09-28,Ligue 1,Angers,Brest,A,0.3429156287196398,0.1881392219235166,0.46894514935684356
2025-09-28,La Liga,Barcelona,Sociedad,H,0.7833335373336914,0.13370282923142765,0.08296363343488088
2025-09-28,Ligue 1,Metz,Le Havre,D,0.3168778740500891,0.23166830790188678,0.4514538180480242
2025-09-28,Serie A,Sassuolo,Udinese,H,0.35631242508792954,0.2606830801796398,0.38300449473243064
2025-09-28,Bundesliga,Freiburg,Hoffenheim,D,0.6012631691945438,0.22308541484340647,0.17565141596204978
2025-09-29,Premier League,Everton,West Ham,D,0.568966196280874,0.24668000436090104,0.184353799358225
2025-09-29,Serie A,Genoa,Lazio,A,0.23773969362538155,0.27477605896979496,0.4874842474048235
2025-09-29,Serie A,Parma,Torino,H,0.36503283466515185,0.2620668442010055,0.37290032113384264
2025-09-30,La Liga,Valencia,Oviedo,A,0.5869729963550477,0.23918170928960952,0.1738452943553427
2025-10-03,Ligue 1,Paris FC,Lorient,H,0.4426387832181469,0.30959635740643077,0.24776485937542236
2025-10-03,Bundesliga,Hoffenheim,FC Koln,A,0.41895594955179855,0.34447578551177066,0.2365682649364308
2025-10-03,La Liga,Osasuna,Getafe,H,0.4639125866006222,0.26371481417574444,0.27237259922363344
2025-10-03,Serie A,Verona,Sassuolo,A,0.4987559017622184,0.25131136764226075,0.24993273059552085
2025-10-03,Premier League,Bournemouth,Fulham,H,0.47546789497912423,0.2775387094261269,0.24699339559474875
2025-10-04,Bundesliga,Ein Frankfurt,Bayern Munich,A,0.13995654761777987,0.2010216601785066,0.6590217922037135
2025-10-04,Premier League,Leeds,Tottenham,A,0.3140045251850491,0.2711729660149278,0.41482250880002314
2025-10-04,Serie A,Parma,Lecce,A,0.47103209447553185,0.2746036729798725,0.2543642325445956
2025-10-04,Bundesliga,Augsburg,Wolfsburg,H,0.329305336189936,0.29676211554160264,0.37393254826846134
2025-10-04,La Liga,Ath Bilbao,Mallorca,H,0.6032256927047301,0.20529668427027603,0.19147762302499385
2025-10-04,Bundesliga,Leverkusen,Union Berlin,H,0.7298287467094308,0.15787244354743052,0.11229880974313869
2025-10-04,La Liga,Real Madrid,Villarreal,H,0.5792393992170817,0.2568749204038125,0.1638856803791059
2025-10-04,Premier League,Man United,Sunderland,H,0.5954585473813762,0.23279643182709106,0.17174502079153287
2025-10-04,Bundesliga,Dortmund,RB Leipzig,D,0.5533313501149459,0.2753112856577018,0.1713573642273522
2025-10-04,La Liga,Oviedo,Levante,A,0.37809680038514226,0.35784573690700405,0.2640574627078537
2025-10-04,Serie A,Atalanta,Como,D,0.6485306322645696,0.20760654544192633,0.143862822293504
2025-10-04,La Liga,Girona,Valencia,H,0.30031001511884187,0.3013567597237941,0.3983332251573641
2025-10-04,Ligue 1,Metz,Marseille,A,0.1638586536914529,0.2330324064516872,0.60310893985686
2025-10-04,Premier League,Arsenal,West Ham,H,0.7347381354546736,0.15925262252164513,0.10600924202368131
2025-10-04,Serie A,Inter,Cremonese,H,0.7554774894108479,0.12926875101135427,0.11525375957779774
2025-10-04,Ligue 1,Auxerre,Lens,A,0.25195322551881905,0.275296289114477,0.47275048536670394
2025-10-04,Bundesliga,Werder Bremen,St Pauli,H,0.48425660044070373,0.24668321527180545,0.2690601842874908
2025-10-04,Ligue 1,Brest,Nantes,D,0.531075769535673,0.26763059381453413,0.2012936366497928
2025-10-04,Premier League,Chelsea,Liverpool,H,0.3765357836401952,0.20899353940157342,0.41447067695823153
2025-10-04,Serie A,Lazio,Torino,D,0.6379708871889028,0.20832948900711368,0.15369962380398355
2025-10-05,Serie A,Udinese,Cagliari,D,0.41526416913175535,0.34647954739479514,0.23825628347344946
2025-10-05,La Liga,Alaves,Elche,H,0.4559435837600146,0.3378793473999629,0.20617706884002251
2025-10-05,Bundesliga,M'gladbach,Freiburg,D,0.22675728268018167,0.30568557313334177,0.46755714418647665
2025-10-05,Serie A,Fiorentina,Roma,A,0.1995754214800968,0.21621798658677913,0.5842065919331241
2025-10-05,Premier League,Aston Villa,Burnley,H,0.668614585831571,0.22933373047454111,0.102051683693888
2025-10-05,La Liga,Sevilla,Barcelona,H,0.09316629471255355,0.16801150605054713,0.7388221992368994
2025-10-05,La Liga,Espanol,Betis,A,0.2862820506810405,0.29564869831075796,0.4180692510082015
2025-10-05,Bundesliga,Hamburg,Mainz,H,0.2505947854892843,0.2529096882331189,0.4964955262775969
2025-10-05,Ligue 1,Strasbourg,Angers,H,0.6513998582684863,0.19788448242628223,0.15071565930523154
2025-10-05,Bundesliga,Stuttgart,Heidenheim,H,0.7047946042508897,0.17269129976692008,0.12251409598219029
2025-10-05,La Liga,Celta,Ath Madrid,D,0.18443982909086187,0.2494934038731513,0.5660667670359869
2025-10-05,Ligue 1,Monaco,Nice,D,0.5603393244619428,0.21410724395283823,0.22555343158521896
2025-10-05,Ligue 1,Le Havre,Rennes,D,0.3441020701552599,0.28683023110619926,0.3690676987385408
2025-10-05,Ligue 1,Lyon,Toulouse,A,0.5837281316662712,0.25441875564542155,0.16185311268830718
2025-10-05,Serie A,Juventus,Milan,D,0.40231937356166325,0.38156184969857176,0.21611877673976493
2025-10-05,La Liga,Sociedad,Vallecano,A,0.42272049840864884,0.2818039720270892,0.29547552956426193
2025-10-05,Ligue 1,Lille,Paris SG,D,0.42395649639613187,0.20443982014626638,0.37160368345760164
2025-10-05,Premier League,Newcastle,Nott'm Forest,H,0.5526368702183336,0.20475261328147998,0.2426105165001864
2025-10-05,Premier League,Wolves,Brighton,D,0.17708039163836656,0.30359385112596976,0.5193257572356637
2025-10-05,Premier League,Brentford,Man City,A,0.24507935261152416,0.2448797366482865,0.5100409107401894
2025-10-05,Serie A,Bologna,Pisa,H,0.5588722347874711,0.25190513890110083,0.1892226263114281
2025-10-05,Serie A,Napoli,Genoa,H,0.7072745078262807,0.1923599778643893,0.10036551430933005
2025-10-05,Premier League,Everton,Crystal Palace,H,0.3804927432169234,0.29718358613647894,0.3223236706465976
2025-10-17,Ligue 1,Paris SG,Strasbourg,D,0.7132834249691655,0.17381171249615185,0.1129048625346826
2025-10-17,Bundesliga,Union Berlin,M'gladbach,H,0.4379139916705588,0.32427377556989334,0.23781223275954785
2025-10-17,La Liga,Oviedo,Espanol,A,0.3664131187819859,0.3200297552456467,0.3135571259723674
2025-10-18,Bundesliga,Heidenheim,Werder Bremen,D,0.2859100150286325,0.25931514246446236,0.4547748425069051
2025-10-18,La Liga,Sevilla,Mallorca,A,0.4344320251165669,0.30631607265160177,0.2592519022318312
2025-10-18,Serie A,Torino,Napoli,H,0.18405205682248904,0.27951942476391295,0.536428518413598
2025-10-18,Bundesliga,Bayern Munich,Dortmund,H,0.6548123776999821,0.20100579262597612,0.14418182967404175
2025-10-18,Bundesliga,Wolfsburg,Stuttgart,A,0.24867610146447414,0.27409846124858683,0.47722543728693906
2025-10-18,La Liga,Villarreal,Betis,D,0.6043739056145382,0.21908080290720056,0.17654529147826134
2025-10-18,Premier League,Brighton,Newcastle,H,0.5078416233971053,0.21283085390063086,0.27932752270226385
2025-10-18,Bundesliga,RB Leipzig,Hamburg,H,0.6458901436355938,0.21779416463684226,0.1363156917275638
2025-10-18,Premier League,Burnley,Leeds,H,0.3554926127040725,0.2646964971344402,0.37981089016148734
2025-10-18,Serie A,Lecce,Sassuolo,D,0.395759287910684,0.31035741539988404,0.29388329668943197
2025-10-18,La Liga,Barcelona,Girona,H,0.8629522478249321,0.08376970862773793,0.05327804354732987
2025-10-18,Premier League,Man City,Everton,H,0.7246554508752464,0.1590373908994322,0.11630715822532131
2025-10-18,Bundesliga,Mainz,Leverkusen,A,0.19679235680294319,0.2646722036686242,0.5385354395284326
2025-10-18,Serie A,Roma,Inter,A,0.2587036526560982,0.3017515501238494,0.43954479722005246
2025-10-18,Ligue 1,Nice,Lyon,H,0.48096214516651586,0.26499307484318,0.25404477999030406
2025-10-18,Ligue 1,Marseille,Le Havre,H,0.7713228844633507,0.14920339287159204,0.07947372266505721
2025-10-18,Ligue 1,Angers,Monaco,D,0.16948426111592854,0.18888047318686163,0.6416352656972099
2025-10-18,Premier League,Fulham,Arsenal,A,0.15380461390151803,0.21920190192924813,0.626993484169234
2025-10-18,La Liga,Ath Madrid,Osasuna,H,0.7668547226960427,0.13358874128777265,0.09955653601618454
2025-10-18,Bundesliga,FC Koln,Augsburg,D,0.40465297449662685,0.2729343430596632,0.3224126824437099
2025-10-18,Premier League,Crystal Palace,Bournemouth,D,0.4989829149243304,0.28486279703350686,0.21615428804216277
2025-10-18,Serie A,Pisa,Verona,D,0.3662827410946475,0.3048705353552162,0.3288467235501363
2025-10-18,Premier League,Sunderland,Wolves,H,0.36735079316608543,0.23937815110190067,0.393271055732014
2025-10-18,Premier League,Nott'm Forest,Chelsea,A,0.31605247298575023,0.212987662860714,0.47095986415353575
2025-10-19,Ligue 1,Nantes,Lille,A,0.23324409351206746,0.23664499583208753,0.5301109106558449
2025-10-19,Bundesliga,Freiburg,Ein Frankfurt,D,0.3584596293922741,0.2664478685358517,0.3750925020718742
2025-10-19,Ligue 1,Toulouse,Metz,H,0.6244915952902454,0.24142062704912254,0.13408777766063198
2025-10-19,La Liga,Elche,Ath Bilbao,D,0.23958727801262986,0.23561149019149744,0.5248012317958728
2025-10-19,Bundesliga,St Pauli,Hoffenheim,A,0.3980784417353525,0.26139719387935995,0.34052436438528755
2025-10-19,Serie A,Atalanta,Lazio,D,0.5625802308885258,0.23383481409955015,0.20358495501192408
2025-10-19,Ligue 1,Lorient,Brest,D,0.2791683590718148,0.2507789342911851,0.47005270663700005
2025-10-19,Premier League,Tottenham,Aston Villa,A,0.30243611010387866,0.2572438053410566,0.4403200845550647
2025-10-19,La Liga,Getafe,Real Madrid,A,0.10961830715622435,0.1333074677637182,0.7570742250800574
2025-10-19,La Liga,Levante,Vallecano,A,0.32752567096865337,0.27918496990835195,0.3932893591229946
2025-10-19,Serie A,Como,Juventus,H,0.25224375978017277,0.2855487803025084,0.46220745991731876
2025-10-19,Serie A,Cagliari,Bologna,A,0.23391819426513766,0.2701583555464005,0.4959234501884619
2025-10-19,La Liga,Celta,Sociedad,D,0.4422863388120677,0.3084472977649106,0.24926636342302164
2025-10-19,Serie A,Milan,Fiorentina,H,0.5723670055458262,0.22120496910257342,0.20642802535160032
2025-10-19,Ligue 1,Lens,Paris FC,H,0.5985119057630335,0.2698587711717173,0.1316293230652493
2025-10-19,Ligue 1,Rennes,Auxerre,D,0.4237145366282809,0.2943762599777993,0.28190920339391984
2025-10-19,Serie A,Genoa,Parma,D,0.4216356560080417,0.3503506669479551,0.22801367704400324
2025-10-19,Premier League,Liverpool,Man United,A,0.6875232534894088,0.18736542087220873,0.1251113256383826
2025-10-20,Serie A,Cremonese,Udinese,D,0.3625286904817315,0.32439943934851834,0.31307187016975013
2025-10-20,La Liga,Alaves,Valencia,D,0.3873683094426225,0.3223147786234538,0.2903169119339236
2025-10-20,Premier League,West Ham,Brentford,A,0.31188989502892583,0.28064538453567744,0.40746472043539667
2025-10-24,Ligue 1,Paris FC,Nantes,A,0.4657058440477768,0.2765713299958766,0.2577228259563467
2025-10-24,Premier League,Leeds,West Ham,H,0.411424653573858,0.2373588330160939,0.3512165134100481
2025-10-24,La Liga,Sociedad,Sevilla,H,0.43879173303375535,0.28113617955989206,0.28007208740635253
2025-10-24,Serie A,Milan,Pisa,D,0.71127060629504,0.17408121828580433,0.11464817541915559
2025-10-24,Bundesliga,Werder Bremen,Union Berlin,H,0.4609721468284921,0.2919808094914276,0.24704704368008049
2025-10-25,Bundesliga,Hamburg,Wolfsburg,A,0.36653602685871056,0.25255624611106864,0.3809077270302207
2025-10-25,La Liga,Girona,Oviedo,D,0.41460799961428,0.3259804736401143,0.2594115267456057
2025-10-25,Bundesliga,M'gladbach,Bayern Munich,A,0.10370049954789311,0.11250184250918292,0.783797657942924
2025-10-25,Bundesliga,Ein Frankfurt,St Pauli,H,0.7049481936630673,0.1566997180270836,0.13835208830984916
2025-10-25,Bundesliga,Dortmund,FC Koln,H,0.7326199994759778,0.17163105223670555,0.09574894828731668
2025-10-25,Serie A,Cremonese,Atalanta,D,0.1592411228749644,0.22647948520439337,0.6142793919206422
2025-10-25,Ligue 1,Lens,Marseille,H,0.3910056193910785,0.2859009027740495,0.3230934778348721
2025-10-25,Ligue 1,Monaco,Toulouse,H,0.6542051824643945,0.20051440140675442,0.145280416128851
2025-10-25,Premier League,Brentford,Liverpool,H,0.21127977113734775,0.21934852378734115,0.5693717050753111
2025-10-25,La Liga,Valencia,Villarreal,A,0.2460844496033284,0.2371751071572499,0.5167404432394217
2025-10-25,La Liga,Ath Bilbao,Getafe,A,0.5720731826793718,0.2287425696302129,0.19918424769041526
2025-10-25,La Liga,Espanol,Elche,H,0.46666237903316904,0.3265499130255509,0.20678770794128
2025-10-25,Premier League,Chelsea,Sunderland,A,0.7243580470477662,0.17111289188356993,0.10452906106866386
2025-10-25,Premier League,Man United,Brighton,H,0.389306801097632,0.27050467241541626,0.3401885264869517
2025-10-25,Bundesliga,Hoffenheim,Heidenheim,H,0.4045121258713703,0.32433027836590617,0.27115759576272347
2025-10-25,Premier League,Newcastle,Fulham,H,0.5567229075315812,0.24964824171236888,0.19362885075605007
2025-10-25,Serie A,Napoli,Inter,H,0.3644518395841465,0.24372623989432238,0.3918219205215311
2025-10-25,Serie A,Udinese,Lecce,H,0.42453235816321017,0.3516251901317544,0.22384245170503553
2025-10-25,Ligue 1,Brest,Paris SG,A,0.24935328511991406,0.26835729799146507,0.482289416888621
2025-10-25,Bundesliga,Augsburg,RB Leipzig,A,0.20701544229541158,0.3130480449128912,0.47993651279169736
2025-10-25,Serie A,Parma,Como,D,0.3004034393661637,0.28099999269438325,0.4185965679394531
2025-10-26,Ligue 1,Auxerre,Le Havre,A,0.5003392449504777,0.27626637132203663,0.22339438372748577
2025-10-26,Serie A,Torino,Genoa,H,0.3794470567808266,0.3302414366761067,0.29031150654306676
2025-10-26,Bundesliga,Leverkusen,Freiburg,H,0.7035556244395161,0.15294827514196796,0.1434961004185159
2025-10-26,Ligue 1,Lyon,Strasbourg,H,0.4602134338315801,0.2630660496247478,0.27672051654367225
2025-10-26,Serie A,Verona,Cagliari,D,0.4545560788222718,0.2715058530651486,0.27393806811257965
2025-10-26,Premier League,Wolves,Burnley,A,0.4172784848420684,0.3361777269169212,0.24654378824101028
2025-10-26,La Liga,Mallorca,Levante,D,0.47275964640730134,0.29684247740749925,0.2303978761851994
2025-10-26,Premier League,Everton,Tottenham,A,0.4848963720341008,0.28703463712026206,0.2280689908456371
2025-10-26,Serie A,Lazio,Juventus,H,0.34993444221446557,0.2727324072859272,0.37733315049960736
2025-10-26,Premier League,Aston Villa,Man City,H,0.21120451899497295,0.2953095380071269,0.4934859429979001
2025-10-26,Serie A,Sassuolo,Roma,A,0.17209623458386494,0.2329620802886705,0.5949416851274646
2025-10-26,Serie A,Fiorentina,Bologna,D,0.37756611617637786,0.24082898629617536,0.3816048975274468
2025-10-26,Ligue 1,Angers,Lorient,H,0.45922837619564333,0.24346032424311073,0.2973112995612459
2025-10-26,Bundesliga,Stuttgart,Mainz,H,0.6085246164464306,0.25576080687664543,0.13571457667692388
2025-10-26,Premier League,Arsenal,Crystal Palace,H,0.7234377588802269,0.14448652387151278,0.1320757172482604
2025-10-26,La Liga,Real Madrid,Barcelona,H,0.33249074582958466,0.316255966556221,0.35125328761419433
2025-10-26,Ligue 1,Rennes,Nice,A,0.36741330764956404,0.24594071111452454,0.3866459812359115
2025-10-26,Ligue 1,Lille,Metz,H,0.7430108059502827,0.1571658279619638,0.09982336608775348
2025-10-26,Premier League,Bournemouth,Nott'm Forest,H,0.5542713132237755,0.19366652228816242,0.25206216448806196
2025-10-26,La Liga,Vallecano,Alaves,H,0.4903552207562207,0.2996171123697677,0.21002766687401153
2025-10-26,La Liga,Osasuna,Celta,A,0.4348351626357,0.3066554101899378,0.2585094271743621
2025-10-27,La Liga,Betis,Ath Madrid,A,0.31600713610486425,0.27241351291530264,0.41157935097983306
2025-10-28,Serie A,Lecce,Napoli,A,0.15534040797125812,0.24388551210189974,0.6007740799268421
2025-10-28,Serie A,Atalanta,Milan,D,0.4895651906421011,0.2644458919848364,0.24598891737306247
2025-10-29,Ligue 1,Paris FC,Lyon,D,0.2605092132084802,0.2445287255680581,0.4949620612234618
2025-10-29,Ligue 1,Toulouse,Rennes,D,0.43795903743259096,0.23157470393598345,0.33046625863142565
2025-10-29,Serie A,Bologna,Torino,D,0.6419273607021687,0.2048910078220439,0.15318163147578734
2025-10-29,Ligue 1,Metz,Lens,H,0.1623198315035549,0.29829218596449175,0.5393879825319534
2025-10-29,Serie A,Roma,Parma,H,0.7521964214224394,0.18014904618478406,0.0676545323927766
2025-10-29,Serie A,Genoa,Cremonese,A,0.4154790855586165,0.32854200718935805,0.25597890725202543
2025-10-29,Ligue 1,Marseille,Angers,D,0.7951492525402531,0.11496124128364894,0.0898895061760978
2025-10-29,Serie A,Como,Verona,H,0.5813009780273698,0.2546867336366368,0.16401228833599343
2025-10-29,Ligue 1,Strasbourg,Auxerre,H,0.682483229132057,0.1775598646034323,0.13995690626451082
2025-10-29,Ligue 1,Nantes,Monaco,A,0.23092629930486425,0.22379295840862048,0.5452807422865152
2025-10-29,Ligue 1,Le Havre,Brest,H,0.27484836114266487,0.27749049245960083,0.44766114639773413
2025-10-29,Ligue 1,Nice,Lille,H,0.40038864106718447,0.2659024640639287,0.3337088948688869
2025-10-29,Serie A,Juventus,Udinese,H,0.6567993657357151,0.16721005079737905,0.17599058346690585
2025-10-29,Serie A,Inter,Fiorentina,H,0.7353480209405009,0.14077712662451272,0.12387485243498644
2025-10-29,Ligue 1,Lorient,Paris SG,D,0.13932172740383844,0.19936387886772372,0.6613143937284378
2025-10-30,Serie A,Cagliari,Sassuolo,A,0.4389858756569973,0.2934519734774041,0.26756215086559854
2025-10-30,Serie A,Pisa,Lazio,D,0.2245823732121457,0.2837466918735119,0.49167093491434233
2025-10-31,La Liga,Getafe,Girona,H,0.49278999899174314,0.29087513424978867,0.21633486675846822
2025-10-31,Bundesliga,Augsburg,Dortmund,A,0.17195347722430868,0.19151576093784428,0.6365307618378471
2025-11-01,Premier League,Fulham,Wolves,H,0.5545134960270794,0.2221005272782162,0.22338597669470445
2025-11-01,Bundesliga,Bayern Munich,Leverkusen,H,0.5584005393836547,0.20266751923970197,0.2389319413766433
2025-11-01,La Liga,Real Madrid,Valencia,H,0.8020176290336406,0.12743668690149196,0.07054568406486755
2025-11-01,Bundesliga,St Pauli,M'gladbach,A,0.48778340592833674,0.24277316126299567,0.26944343280866767
2025-11-01,Bundesliga,Mainz,Werder Bremen,D,0.36373758721195465,0.30056033883631367,0.3357020739517316
2025-11-01,Serie A,Cremonese,Juventus,A,0.21576707956531926,0.2511983266177616,0.5330345938169191
2025-11-01,Ligue 1,Paris SG,Nice,H,0.7268471684909391,0.16014909679969055,0.11300373470937043
2025-11-01,Serie A,Udinese,Atalanta,H,0.2153485711752751,0.2846380944302841,0.5000133343944408
2025-11-01,Premier League,Liverpool,Aston Villa,H,0.6058546329612995,0.19845306037688068,0.19569230666181983
2025-11-01,Bundesliga,RB Leipzig,Stuttgart,H,0.4542407751628505,0.3384005309207693,0.2073586939163802
2025-11-01,Ligue 1,Auxerre,Marseille,A,0.17555834387003397,0.19549827012350804,0.6289433860064579
2025-11-01,Premier League,Burnley,Arsenal,A,0.1284566132953438,0.1687654421082215,0.7027779445964346
2025-11-01,Premier League,Tottenham,Chelsea,A,0.3008327874140326,0.26078037556815103,0.43838683701781633
2025-11-01,Serie A,Napoli,Como,D,0.6152287672604904,0.24671346885175943,0.13805776388775012
2025-11-01,Premier League,Crystal Palace,Brentford,H,0.5297056541339353,0.2632623958983828,0.20703194996768182
2025-11-01,La Liga,Ath Madrid,Sevilla,H,0.6925391943753391,0.1948586455392275,0.11260216008543344
2025-11-01,La Liga,Villarreal,Vallecano,H,0.5927632644897853,0.249769618394365,0.15746711711584957
2025-11-01,La Liga,Sociedad,Ath Bilbao,H,0.24529160657459703,0.2953946752090347,0.4593137182163682
2025-11-01,Ligue 1,Monaco,Paris FC,A,0.7835515290381889,0.12841046805296527,0.08803800290884578
2025-11-01,Premier League,Brighton,Leeds,H,0.6497247686531072,0.2025654387589544,0.14770979258793843
2025-11-01,Bundesliga,Heidenheim,Ein Frankfurt,D,0.1981708376758458,0.27747758437502,0.5243515779491341
2025-11-01,Premier League,Nott'm Forest,Man United,D,0.30230254164902465,0.2209567477543447,0.47674071059663076
2025-11-01,Bundesliga,Union Berlin,Freiburg,D,0.3308578840469903,0.27825088159274114,0.3908912343602686
2025-11-02,La Liga,Betis,Mallorca,H,0.5682629741681513,0.27016545104939194,0.16157157478245676
2025-11-02,Serie A,Torino,Pisa,D,0.5123649280025864,0.2572993972413589,0.23033567475605463
2025-11-02,Ligue 1,Nantes,Metz,A,0.601915205657607,0.2423801738933553,0.15570462044903763
2025-11-02,La Liga,Levante,Celta,A,0.3306536110757639,0.31852074450262086,0.3508256444216153
2025-11-02,Premier League,Man City,Bournemouth,H,0.7154742976829873,0.16735744313974166,0.11716825917727099
2025-11-02,Premier League,West Ham,Newcastle,H,0.21238233185070607,0.3115156789633366,0.4761019891859573
2025-11-02,Ligue 1,Lens,Lorient,H,0.6761056203117792,0.19466855433796967,0.12922582535025107
2025-11-02,La Liga,Barcelona,Elche,H,0.8111739444015835,0.12817449155391852,0.06065156404449799
2025-11-02,Ligue 1,Rennes,Strasbourg,H,0.309803207636773,0.24368535083514742,0.4465114415280796
2025-11-02,Serie A,Milan,Roma,H,0.42305510805193314,0.29043019682681376,0.2865146951212531
2025-11-02,Ligue 1,Lille,Angers,H,0.7258486507922067,0.16782274851737672,0.10632860069041665
2025-11-02,Serie A,Fiorentina,Lecce,A,0.5947834532897774,0.21650445413969754,0.18871209257052501
2025-11-02,Bundesliga,Wolfsburg,Hoffenheim,A,0.39832782822452867,0.2899105832503729,0.3117615885250984
2025-11-02,Serie A,Parma,Bologna,A,0.22210383811575296,0.24626745501866126,0.5316287068655858
2025-11-02,Ligue 1,Brest,Lyon,D,0.33387171967495033,0.23032364483513307,0.43580463548991666
2025-11-02,Serie A,Verona,Inter,A,0.1247473283395439,0.2133292373117671,0.6619234343486889
2025-11-02,Ligue 1,Toulouse,Le Havre,D,0.5386125722666212,0.24765138526416783,0.213736042469211
2025-11-02,La Liga,Alaves,Espanol,H,0.4206824718245943,0.341262150553397,0.23805537762200868
2025-11-02,Bundesliga,FC Koln,Hamburg,H,0.44689275403054063,0.31811982001458483,0.23498742595487462
2025-11-03,Serie A,Sassuolo,Genoa,A,0.4335906860123421,0.26185531349152885,0.3045540004961291
2025-11-03,Serie A,Lazio,Cagliari,H,0.6750447539144322,0.18649883286108443,0.13845641322448343
2025-11-03,Premier League,Sunderland,Everton,D,0.3367208825978793,0.285386496564747,0.37789262083737374
2025-11-03,La Liga,Oviedo,Osasuna,D,0.3432086112655893,0.2968722746929929,0.35991911404141785
2025-11-07,Ligue 1,Paris FC,Rennes,A,0.38874235091062964,0.2901921382654681,0.3210655108239024
2025-11-07,Serie A,Pisa,Cremonese,H,0.4014800961697994,0.28671671969306395,0.31180318413713665
2025-11-07,Bundesliga,Werder Bremen,Wolfsburg,H,0.4930826754914592,0.2693255523338781,0.23759177217466276
2025-11-07,La Liga,Elche,Sociedad,D,0.35817754443485056,0.28403521845459556,0.357787237110554
2025-11-08,Serie A,Parma,Milan,D,0.14105908222551933,0.23083519974450514,0.6281057180299754
2025-11-08,Ligue 1,Marseille,Brest,H,0.711772690563483,0.158329594514831,0.1298977149216859
2025-11-08,Bundesliga,Hoffenheim,RB Leipzig,H,0.2583583342895424,0.2890130625677782,0.4526286031426795
2025-11-08,La Liga,Ath Madrid,Levante,H,0.7869459586380031,0.13962826559869718,0.07342577576329976
2025-11-08,La Liga,Espanol,Villarreal,A,0.23670507580059946,0.2632822010845889,0.5000127231148116
2025-11-08,La Liga,Sevilla,Osasuna,H,0.39259462006299756,0.2684402724311002,0.3389651075059022
2025-11-08,Serie A,Como,Cagliari,D,0.6241831253263264,0.24444397947244184,0.13137289520123183
2025-11-08,Premier League,Sunderland,Arsenal,D,0.16669112972769842,0.19401800572619995,0.6392908645461016
2025-11-08,Bundesliga,M'gladbach,FC Koln,H,0.40837199448792577,0.29739147745783184,0.29423652805424244
2025-11-08,Premier League,West Ham,Burnley,H,0.4054455326738999,0.36734504039447696,0.22720942693162316
2025-11-08,Ligue 1,Monaco,Lens,A,0.5056859786389325,0.2657971461089639,0.22851687525210368
2025-11-08,Serie A,Juventus,Torino,D,0.6046466946492037,0.24713766774666954,0.1482156376041267
2025-11-08,Premier League,Chelsea,Wolves,H,0.7403736560941617,0.15799926179335191,0.10162708211248639
2025-11-08,Serie A,Lecce,Verona,D,0.47474398644137705,0.28792750014949425,0.2373285134091287
2025-11-08,Bundesliga,Union Berlin,Bayern Munich,D,0.11941846939642954,0.15788449900239823,0.7226970316011723
2025-11-08,Ligue 1,Le Havre,Nantes,D,0.4417251639509147,0.2814525754176952,0.27682226063139
2025-11-08,Bundesliga,Hamburg,Dortmund,D,0.1318774937283033,0.17374218364259147,0.6943803226291053
2025-11-08,Premier League,Tottenham,Man United,D,0.37313406971101104,0.2847645379013136,0.3421013923876754
2025-11-08,Premier League,Everton,Fulham,H,0.4677775221324649,0.2714032421317609,0.26081923573577426
2025-11-08,Bundesliga,Leverkusen,Heidenheim,H,0.7904539483263202,0.1316220359045169,0.07792401576916282
2025-11-08,La Liga,Girona,Alaves,H,0.40410692344783516,0.30943286699216566,0.2864602095599991
2025-11-09,Ligue 1,Strasbourg,Lille,H,0.41904437928368704,0.25113716477359005,0.32981845594272285
2025-11-09,Bundesliga,Stuttgart,Augsburg,H,0.6187546596886865,0.21485052253388376,0.1663948177774298
2025-11-09,La Liga,Ath Bilbao,Oviedo,H,0.6099472503030791,0.21196774627712048,0.17808500341980052
2025-11-09,Premier League,Man City,Liverpool,H,0.5073641311186591,0.2436859534760267,0.24894991540531425
2025-11-09,Premier League,Brentford,Newcastle,H,0.39150732237692154,0.25496594884703344,0.3535267287760451
2025-11-09,Bundesliga,Ein Frankfurt,Mainz,H,0.5943845929169798,0.2183748195285366,0.1872405875544836
2025-11-09,Serie A,Atalanta,Sassuolo,A,0.6962980872595554,0.18735342460110943,0.1163484881393352
2025-11-09,Serie A,Inter,Lazio,H,0.5491767173958765,0.2723719945198717,0.17845128808425192
2025-11-09,Ligue 1,Metz,Nice,H,0.1970740223286343,0.2822240563861042,0.5207019212852615
2025-11-09,Ligue 1,Angers,Auxerre,H,0.43786437852283294,0.26713504993801623,0.2950005715391508
2025-11-09,La Liga,Vallecano,Real Madrid,D,0.1617915800761069,0.18426344306866657,0.6539449768552266
2025-11-09,Bundesliga,Freiburg,St Pauli,H,0.6269600545857369,0.21841502233019708,0.15462492308406595
2025-11-09,La Liga,Mallorca,Getafe,H,0.4352215545205183,0.30039614894064887,0.2643822965388327
2025-11-09,Serie A,Genoa,Fiorentina,D,0.30865825343012143,0.30538736964447655,0.3859543769254021
2025-11-09,Premier League,Crystal Palace,Brighton,D,0.46914821446382865,0.2606792259741741,0.27017255956199715
2025-11-09,La Liga,Celta,Barcelona,A,0.19209372925367196,0.22779723145271516,0.5801090392936129
2025-11-09,Ligue 1,Lorient,Toulouse,D,0.2513199847045336,0.3364662316260139,0.41221378366945255
2025-11-09,Ligue 1,Lyon,Paris SG,A,0.3413940982712689,0.2366257603009428,0.4219801414277883
2025-11-09,Serie A,Bologna,Napoli,H,0.29867854437481256,0.29994939403931153,0.40137206158587585
2025-11-09,Serie A,Roma,Udinese,H,0.7043339221665491,0.15414426083674598,0.14152181699670488
2025-11-09,Premier League,Nott'm Forest,Leeds,H,0.5034928861627049,0.25161188445138216,0.24489522938591296
2025-11-09,La Liga,Valencia,Betis,D,0.24100204903392158,0.3069725187038048,0.45202543226227365
2025-11-09,Premier League,Aston Villa,Bournemouth,H,0.5046158481253078,0.2789830158017047,0.21640113607298742
2025-11-21,Bundesliga,Mainz,Hoffenheim,D,0.31385771410286784,0.30126713320202064,0.3848751526951115
2025-11-21,La Liga,Valencia,Levante,H,0.44851290991007803,0.3240021437279233,0.2274849463619986
2025-11-21,Ligue 1,Nice,Marseille,A,0.3581816325989344,0.2720036387400775,0.36981472866098797
2025-11-22,Serie A,Cagliari,Genoa,D,0.3952886428699421,0.24980022604803612,0.3549111310820219
2025-11-22,Premier League,Wolves,Crystal Palace,A,0.19563088370145423,0.29842299739267714,0.5059461189058686
2025-11-22,Bundesliga,Augsburg,Hamburg,H,0.4036968638479174,0.33632498953547196,0.25997814661661056
2025-11-22,Premier League,Fulham,Sunderland,H,0.47592157593343926,0.30720378328301917,0.21687464078354168
2025-11-22,Bundesliga,Dortmund,Stuttgart,D,0.5207473815849302,0.26811317004714885,0.211139448367921
2025-11-22,Bundesliga,Bayern Munich,Freiburg,H,0.8043998539817027,0.102679172716551,0.09292097330174633
2025-11-22,La Liga,Barcelona,Ath Bilbao,H,0.7652142633402257,0.13058795546162413,0.10419778119815015
2025-11-22,Premier League,Burnley,Chelsea,A,0.16704669217634138,0.22303181178567527,0.6099214960379834
2025-11-22,La Liga,Villarreal,Mallorca,H,0.7297476740739361,0.1859994750739316,0.08425285085213238
2025-11-22,Bundesliga,Wolfsburg,Leverkusen,A,0.12987181662006672,0.23565553145588236,0.6344726519240509
2025-11-22,Premier League,Brighton,Brentford,H,0.4959154386330023,0.28155020137098596,0.22253435999601173
2025-11-22,Premier League,Bournemouth,West Ham,D,0.5736769042741583,0.2697604262502539,0.1565626694755877
2025-11-22,Premier League,Liverpool,Nott'm Forest,A,0.6798006871929034,0.19299161980575993,0.1272076930013366
2025-11-22,Serie A,Udinese,Bologna,A,0.21548976720459617,0.2479776434770083,0.5365325893183955
2025-11-22,Ligue 1,Lens,Strasbourg,H,0.3994743479732413,0.32252440828299667,0.278001243743762
2025-11-22,La Liga,Alaves,Celta,A,0.3763957329787991,0.3140185380717193,0.30958572894948155
2025-11-22,Premier League,Newcastle,Man City,H,0.24261894777546344,0.2261406118394514,0.5312404403850852
2025-11-22,Ligue 1,Paris SG,Le Havre,H,0.8336460058119887,0.11175718362558572,0.05459681056242554
2025-11-22,La Liga,Osasuna,Sociedad,A,0.38887691406522346,0.31737916282157885,0.2937439231131977
2025-11-22,Bundesliga,Heidenheim,M'gladbach,A,0.30918554052498665,0.31698696585005387,0.3738274936249595
2025-11-22,Serie A,Fiorentina,Juventus,D,0.242145729007974,0.3115678908491704,0.44628638014285554
2025-11-22,Bundesliga,FC Koln,Ein Frankfurt,A,0.2618740989726033,0.28615076155106206,0.4519751394763347
2025-11-22,Serie A,Napoli,Atalanta,H,0.47810352949461266,0.2254884788442191,0.29640799166116827
2025-11-22,Ligue 1,Rennes,Monaco,H,0.31211087289960937,0.25060635175024687,0.43728277535014376
2025-11-23,Premier League,Leeds,Aston Villa,A,0.19849717806016043,0.22600999566928157,0.575492826270558
2025-11-23,La Liga,Betis,Girona,D,0.6253601121411371,0.2306943565682836,0.14394553129057922
2025-11-23,Ligue 1,Brest,Metz,H,0.5626161974419788,0.25296980888834897,0.18441399366967226
2025-11-23,Serie A,Lazio,Lecce,H,0.6080271026924627,0.2178116379751471,0.1741612593323902
2025-11-23,Serie A,Verona,Parma,A,0.34494790463227415,0.33919985250789114,0.31585224285983465
2025-11-23,Serie A,Cremonese,Roma,A,0.16389324162027377,0.204387749114314,0.6317190092654122
2025-11-23,Ligue 1,Toulouse,Angers,A,0.44451267481341555,0.39040053665783037,0.16508678852875422
2025-11-23,Ligue 1,Auxerre,Lyon,D,0.21140704198011676,0.18776312645398782,0.6008298315658955
2025-11-23,Premier League,Arsenal,Tottenham,H,0.7637398832872753,0.13051846806456568,0.10574164864815908
2025-11-23,Ligue 1,Nantes,Lorient,D,0.5103307175556909,0.2570632173492704,0.23260606509503867
2025-11-23,La Liga,Getafe,Ath Madrid,A,0.17831122165233784,0.20100385551169545,0.6206849228359668
2025-11-23,Serie A,Inter,Milan,A,0.5594159379434158,0.2585842736360788,0.18199978842050535
2025-11-23,Bundesliga,RB Leipzig,Werder Bremen,H,0.6098917919585702,0.22612290745476524,0.16398530058666455
2025-11-23,Bundesliga,St Pauli,Union Berlin,A,0.2902048267911074,0.24626838797726447,0.4635267852316281
2025-11-23,Ligue 1,Lille,Paris FC,H,0.6631078124479656,0.1779243621368856,0.1589678254151488
2025-11-23,La Liga,Elche,Real Madrid,D,0.11933844958708523,0.22654381950350957,0.6541177309094052
2025-11-23,La Liga,Oviedo,Vallecano,D,0.3166813158725977,0.30186980814781206,0.3814488759795902
2025-11-24,La Liga,Espanol,Sevilla,H,0.3901486017045451,0.35399296648728146,0.25585843180817336
2025-11-24,Serie A,Torino,Como,A,0.3880909914374787,0.2980556904804845,0.3138533180820368
2025-11-24,Premier League,Man United,Everton,A,0.46539762405440194,0.25079844982184163,0.2838039261237565
2025-11-24,Serie A,Sassuolo,Pisa,D,0.3973718017938726,0.34114298965633194,0.2614852085497954
2025-11-28,La Liga,Getafe,Elche,H,0.5159351615368327,0.24242514458960096,0.2416396938735663
2025-11-28,Bundesliga,M'gladbach,RB Leipzig,D,0.25460565654198264,0.2475421509549851,0.49785219250303225
2025-11-28,Ligue 1,Metz,Rennes,A,0.26666375042872864,0.27735228247817034,0.45598396709310096
2025-11-28,Serie A,Como,Sassuolo,H,0.5708145818619973,0.25839551234238844,0.17078990579561432
2025-11-29,Ligue 1,Paris FC,Auxerre,D,0.5112259797542593,0.25351453458645723,0.23525948565928348
2025-11-29,La Liga,Mallorca,Osasuna,D,0.4124944495081277,0.28359290085448513,0.3039126496373872
2025-11-29,Bundesliga,Union Berlin,Heidenheim,A,0.6199687389339343,0.2222852541291574,0.15774600693690832
2025-11-29,Serie A,Genoa,Verona,H,0.4350328774105478,0.3461458238866489,0.2188212987028033
2025-11-29,La Liga,Barcelona,Alaves,H,0.8086270450467704,0.13727531022014677,0.05409764473308279
2025-11-29,Serie A,Parma,Udinese,A,0.4010234223522923,0.26487244530515,0.3341041323425578
2025-11-29,Bundesliga,Leverkusen,Dortmund,A,0.5998707203375557,0.1970818883305304,0.20304739133191382
2025-11-29,Ligue 1,Monaco,Paris SG,H,0.31504235588854634,0.22675811939698784,0.45819952471446573
2025-11-29,Serie A,Milan,Lazio,H,0.4915467142158311,0.3092678326435243,0.19918545314064448
2025-11-29,Serie A,Juventus,Cagliari,H,0.6594143319564589,0.23584407507442834,0.10474159296911266
2025-11-29,Bundesliga,Werder Bremen,FC Koln,D,0.5041196130709396,0.2649852788310387,0.23089510809802172
2025-11-29,Premier League,Brentford,Burnley,H,0.6850221767225366,0.19491302159002363,0.12006480168743978
2025-11-29,La Liga,Levante,Ath Bilbao,A,0.2735996940457857,0.22361203179349337,0.5027882741607209
2025-11-29,Premier League,Tottenham,Fulham,A,0.4190738651669852,0.2764952051847861,0.3044309296482287
2025-11-29,Premier League,Everton,Newcastle,A,0.42058955711787505,0.28240816786413975,0.2970022750179852
2025-11-29,Bundesliga,Bayern Munich,St Pauli,H,0.902823337571838,0.06498477384354191,0.03219188858462016
2025-11-29,La Liga,Ath Madrid,Oviedo,H,0.7799772080304762,0.1647462843811366,0.05527650758838717
2025-11-29,Premier League,Sunderland,Bournemouth,H,0.25554524036974097,0.220841007932958,0.5236137516973012
2025-11-29,Bundesliga,Hoffenheim,Augsburg,H,0.5470256135433521,0.2433981008094139,0.20957628564723407
2025-11-29,Ligue 1,Marseille,Toulouse,D,0.7416352135318773,0.1492087743961417,0.10915601207198097
2025-11-29,Premier League,Man City,Leeds,H,0.8192635786181649,0.11535591073225769,0.06538051064957735
2025-11-30,La Liga,Sociedad,Villarreal,A,0.2346866466005004,0.2753571930314639,0.4899561603680358
2025-11-30,Ligue 1,Lyon,Nantes,H,0.6412272582262508,0.20384943044988388,0.15492331132386522
2025-11-30,Bundesliga,Ein Frankfurt,Wolfsburg,D,0.697913866198896,0.1639649109698604,0.13812122283124367
2025-11-30,Serie A,Pisa,Inter,A,0.16054060200060236,0.24852300236453642,0.5909363956348612
2025-11-30,Serie A,Atalanta,Fiorentina,H,0.5146194966703256,0.2530006393993714,0.23237986393030302
2025-11-30,La Liga,Celta,Espanol,A,0.5011597800921703,0.2883542287565157,0.21048599115131392
2025-11-30,Premier League,Nott'm Forest,Brighton,A,0.37043057536353896,0.25726531545602227,0.3723041091804387
2025-11-30,La Liga,Girona,Real Madrid,D,0.1422353004404819,0.21676164902355066,0.6410030505359675
2025-11-30,Bundesliga,Hamburg,Stuttgart,H,0.21445751005005842,0.24504675244109256,0.540495737508849
2025-11-30,Ligue 1,Le Havre,Lille,A,0.20309303339486043,0.24552075866636403,0.5513862079387757
2025-11-30,Bundesliga,Freiburg,Mainz,H,0.4514432199490684,0.3151633235921273,0.2333934564588043
2025-11-30,Serie A,Roma,Napoli,A,0.43645765949315346,0.31028652693199177,0.2532558135748548
2025-11-30,Ligue 1,Lorient,Nice,H,0.21688075511589422,0.2322621666753953,0.5508570782087104
2025-11-30,Ligue 1,Angers,Lens,A,0.22001741135795083,0.2579687052440765,0.5220138833979727
2025-11-30,Serie A,Lecce,Torino,H,0.31733967697209275,0.18918522805732432,0.49347509497058284
2025-11-30,La Liga,Sevilla,Betis,A,0.2490874723749491,0.29737726559500877,0.4535352620300422
2025-11-30,Ligue 1,Strasbourg,Brest,A,0.5506140183492172,0.2378262571844081,0.21155972446637472
2025-11-30,Premier League,West Ham,Liverpool,A,0.20517034806828088,0.22964258807974244,0.5651870638519767
2025-11-30,Premier League,Chelsea,Arsenal,D,0.2932622419397317,0.3087058282469413,0.398031929813327
2025-11-30,Premier League,Aston Villa,Wolves,H,0.7626930354010601,0.14901292391739648,0.08829404068154328
2025-11-30,Premier League,Crystal Palace,Man United,A,0.519721211492411,0.2729140274827267,0.2073647610248624
2025-12-01,La Liga,Vallecano,Valencia,D,0.5342785314536976,0.21681531522187084,0.24890615332443158
2025-12-01,Serie A,Bologna,Cremonese,A,0.7040765030144561,0.18575111178968426,0.11017238519585966
2025-12-02,Premier League,Bournemouth,Everton,A,0.4646660859326078,0.23824227733849923,0.2970916367288931
2025-12-02,Premier League,Newcastle,Tottenham,D,0.5892745286179698,0.2396345387359619,0.17109093264606826
2025-12-02,Premier League,Fulham,Man City,A,0.1968861490146189,0.22350908093800254,0.5796047700473785
2025-12-02,La Liga,Barcelona,Ath Madrid,H,0.360157312626917,0.3941986592046938,0.24564402816838926
2025-12-03,Premier League,Brighton,Aston Villa,A,0.4642891594656647,0.2963636648053202,0.2393471757290151
2025-12-03,Premier League,Arsenal,Brentford,H,0.7570889406077206,0.13863510225136763,0.10427595714091191
2025-12-03,Premier League,Wolves,Nott'm Forest,A,0.2606562003635479,0.2497564105004522,0.4895873891359999
2025-12-03,La Liga,Ath Bilbao,Real Madrid,A,0.26577703300677713,0.24762740281185847,0.4865955641813644
2025-12-03,Premier League,Burnley,Crystal Palace,A,0.20574505329373716,0.23539718555076017,0.5588577611555027
2025-12-03,Premier League,Liverpool,Sunderland,D,0.702228170619254,0.147867043744987,0.14990478563575893
2025-12-03,Premier League,Leeds,Chelsea,H,0.1979785290666006,0.24597132768847058,0.5560501432449289
2025-12-04,Premier League,Man United,West Ham,D,0.5647591274659916,0.24586229421725103,0.18937857831675745
2025-12-05,Ligue 1,Lille,Marseille,H,0.43828356683931935,0.28597038526131796,0.2757460478993628
2025-12-05,Ligue 1,Brest,Monaco,H,0.3789943395595712,0.2372576576504356,0.3837480027899932
2025-12-05,La Liga,Oviedo,Mallorca,D,0.4203032593055092,0.2707477397562011,0.3089490009382897
2025-12-05,Bundesliga,Mainz,M'gladbach,A,0.3129106149657279,0.3402685146099649,0.3468208704243071
2025-12-06,Serie A,Sassuolo,Fiorentina,H,0.3679160330675368,0.270297755190854,0.3617862117416093
2025-12-06,Premier League,Bournemouth,Chelsea,D,0.3308486206698014,0.25334055970744285,0.4158108196227558
2025-12-06,Premier League,Tottenham,Brentford,H,0.34733731123513567,0.2696380484456178,0.38302464031924643
2025-12-06,La Liga,Villarreal,Getafe,H,0.7297180471184289,0.18296225149804943,0.08731970138352162
2025-12-06,Premier League,Man City,Sunderland,H,0.7847960733674577,0.12859106960771383,0.08661285702482845
2025-12-06,Bundesliga,RB Leipzig,Ein Frankfurt,H,0.5622926565628044,0.25425947804028387,0.1834478653969117
2025-12-06,Premier League,Leeds,Liverpool,D,0.18199495124376408,0.23492498637108775,0.5830800623851481
2025-12-06,Premier League,Aston Villa,Arsenal,H,0.34653042807508866,0.24517552484869032,0.40829404707622113
2025-12-06,Ligue 1,Paris SG,Rennes,H,0.6908558887623168,0.17986216416915388,0.1292819470685293
2025-12-06,La Liga,Ath Bilbao,Ath Madrid,H,0.2715470311262756,0.24307535626195564,0.4853776126117688
2025-12-06,Bundesliga,FC Koln,St Pauli,D,0.5334810677129516,0.2678264295703469,0.19869250271670152
2025-12-06,La Liga,Betis,Barcelona,A,0.36291818935823117,0.22545958370352961,0.4116222269382393
2025-12-06,Bundesliga,Stuttgart,Bayern Munich,A,0.16246923278444478,0.17472855089539738,0.6628022163201578
2025-12-06,Bundesliga,Augsburg,Leverkusen,H,0.125716633533766,0.23371629931562599,0.640567067150608
2025-12-06,Ligue 1,Toulouse,Strasbourg,H,0.3161462800274094,0.24048097137877045,0.44337274859382
2025-12-06,Serie A,Verona,Atalanta,H,0.20102157274096424,0.2169206920873425,0.5820577351716932
2025-12-06,Serie A,Inter,Como,H,0.5887474426478861,0.2553886469050112,0.1558639104471027
2025-12-06,Bundesliga,Heidenheim,Freiburg,H,0.27930403511822194,0.24350648612667,0.4771894787551081
2025-12-06,Premier League,Newcastle,Burnley,H,0.678794532030529,0.2124965609314486,0.10870890703802252
2025-12-06,Ligue 1,Nantes,Lens,A,0.17904181116524684,0.21323424496693497,0.6077239438678183
2025-12-06,Bundesliga,Wolfsburg,Union Berlin,H,0.37377893363967013,0.30458186721360087,0.32163919914672906
2025-12-06,Premier League,Everton,Nott'm Forest,H,0.46977792158388443,0.298434624256304,0.23178745415981145
2025-12-06,La Liga,Alaves,Sociedad,H,0.36562275772811453,0.2840260216137323,0.35035122065815316
2025-12-07,Ligue 1,Nice,Angers,A,0.5915719686716954,0.24200012338303983,0.16642790794526469
2025-12-07,Serie A,Napoli,Juventus,H,0.49546121587431713,0.2846729673919553,0.21986581673372751
2025-12-07,Premier League,Brighton,West Ham,D,0.6655886626166894,0.18870872193210506,0.14570261545120564
2025-12-07,La Liga,Valencia,Sevilla,D,0.45647661362889835,0.3142635619717747,0.22925982439932693
2025-12-07,Bundesliga,Dortmund,Hoffenheim,H,0.6134531996098896,0.21823489932725226,0.16831190106285804
2025-12-07,La Liga,Espanol,Vallecano,H,0.4457693502470322,0.28304563626658386,0.27118501348638396
2025-12-07,Bundesliga,Hamburg,Werder Bremen,H,0.3095257035676465,0.27237604759055545,0.41809824884179797
2025-12-07,La Liga,Elche,Girona,H,0.4118858295161956,0.2995190700045833,0.2885951004792211
2025-12-07,La Liga,Real Madrid,Celta,A,0.7879064628392776,0.12303888329921754,0.08905465386150477
2025-12-07,Serie A,Cremonese,Lecce,H,0.4567120867951024,0.3004164073711431,0.2428715058337545
2025-12-07,Serie A,Lazio,Bologna,D,0.47754712987499826,0.2762577011861483,0.24619516893885354
2025-12-07,Ligue 1,Le Havre,Paris FC,D,0.4235253119559181,0.2513940551026526,0.32508063294142936
2025-12-07,Serie A,Cagliari,Roma,H,0.15657869399193994,0.22053009589933273,0.6228912101087273
2025-12-07,Premier League,Fulham,Crystal Palace,A,0.38190606724265647,0.26467654437919813,0.3534173883781455
2025-12-07,Ligue 1,Auxerre,Metz,H,0.4625498233941816,0.30030088859376064,0.2371492880120577
2025-12-07,Ligue 1,Lorient,Lyon,H,0.21615717596204678,0.23389965945550084,0.5499431645824524
2025-12-08,La Liga,Osasuna,Levante,H,0.4755560984880644,0.2943019994963818,0.23014190201555376
2025-12-08,Serie A,Pisa,Parma,A,0.4661813559942561,0.30543675600058673,0.2283818880051571
2025-12-08,Serie A,Torino,Milan,A,0.22675552292748283,0.2157302409467906,0.5575142361257266
2025-12-08,Serie A,Udinese,Genoa,A,0.43944753349568794,0.30659548498802275,0.25395698151628937
2025-12-08,Premier League,Wolves,Man United,A,0.29621919721287004,0.22251312748157537,0.4812676753055547
2025-12-12,Serie A,Lecce,Pisa,H,0.41636971638595105,0.3093978220423213,0.2742324615717276
2025-12-12,La Liga,Sociedad,Girona,A,0.4864941683956276,0.2802687378601946,0.23323709374417784
2025-12-12,Bundesliga,Union Berlin,RB Leipzig,H,0.2053624111374258,0.24267084236824105,0.5519667464943332
2025-12-12,Ligue 1,Angers,Nantes,H,0.4951068031285582,0.2903371554001684,0.2145560414712733
2025-12-13,La Liga,Barcelona,Osasuna,H,0.7610716183744157,0.16257333657543208,0.07635504505015227
2025-12-13,Premier League,Burnley,Fulham,A,0.2643690242588116,0.216484752216862,0.5191462235243265
2025-12-13,La Liga,Ath Madrid,Valencia,H,0.7369872044471946,0.18009765741747327,0.08291513813533224
2025-12-13,Ligue 1,Paris FC,Toulouse,A,0.35821686730383556,0.29603380856218797,0.3457493241339765
2025-12-13,Serie A,Atalanta,Cagliari,H,0.6186703203530315,0.20743824812817546,0.173891431518793
2025-12-13,La Liga,Mallorca,Elche,H,0.4390105914704907,0.3265400029440299,0.23444940558547936
2025-12-13,Ligue 1,Metz,Paris SG,A,0.1425099584275887,0.24486362941196374,0.6126264121604476
2025-12-13,Ligue 1,Rennes,Brest,H,0.4325532537513656,0.263387130289462,0.30405961595917236
2025-12-13,Premier League,Liverpool,Brighton,H,0.599641011884404,0.22104441245796344,0.17931457565763262
2025-12-13,Bundesliga,Hoffenheim,Hamburg,H,0.5758576241398587,0.22559016879386654,0.19855220706627472
2025-12-13,Bundesliga,M'gladbach,Wolfsburg,A,0.46965236245683073,0.3201306779851878,0.2102169595579814
2025-12-13,Bundesliga,Leverkusen,FC Koln,H,0.7691759538652291,0.12985110364992,0.10097294248485088
2025-12-13,La Liga,Getafe,Espanol,A,0.3966500315025934,0.2807429591900131,0.3226070093073934
2025-12-13,Bundesliga,St Pauli,Heidenheim,H,0.37481827003856694,0.3313511651731647,0.2938305647882683
2025-12-13,Serie A,Parma,Lazio,A,0.21951264067604692,0.2390907497789177,0.5413966095450354
2025-12-13,Premier League,Chelsea,Everton,H,0.5581125787891779,0.24976846071053246,0.1921189605002897
2025-12-13,Bundesliga,Ein Frankfurt,Augsburg,H,0.5670293776718716,0.2663167305203576,0.16665389180777082
2025-12-13,Serie A,Torino,Cremonese,H,0.4341997146034703,0.29655515513490777,0.269245130261622
2025-12-13,Premier League,Arsenal,Wolves,H,0.851796531183209,0.09191536876262532,0.05628810005416573
2025-12-14,Premier League,Crystal Palace,Man City,A,0.27228426283013374,0.22242780589366104,0.5052879312762052
2025-12-14,Ligue 1,Strasbourg,Lorient,D,0.5954521901103507,0.2493867573969659,0.15516105249268353
2025-12-14,Premier League,Brentford,Leeds,D,0.5988324287879346,0.24781232941714715,0.1533552417949181
2025-12-14,La Liga,Sevilla,Oviedo,H,0.4684243896536111,0.299071067067559,0.23250454327882988
2025-12-14,Premier League,Sunderland,Newcastle,H,0.24239506745647468,0.2403249515441984,0.5172799809993269
2025-12-14,Bundesliga,Freiburg,Dortmund,D,0.34414887870773303,0.22878046172823757,0.4270706595640295
2025-12-14,La Liga,Alaves,Real Madrid,A,0.20240226741466694,0.25674618717400904,0.540851545411324
2025-12-14,Serie A,Bologna,Juventus,A,0.42947069615976113,0.2772320660225614,0.2932972378176775
2025-12-14,Ligue 1,Lyon,Le Havre,H,0.6374588828852089,0.2223272402911958,0.1402138768235954
2025-12-14,Ligue 1,Marseille,Monaco,H,0.5646564008201508,0.21501270740538964,0.2203308917744597
2025-12-14,Premier League,Nott'm Forest,Tottenham,H,0.4741954645022291,0.24793050591875948,0.27787402957901136
2025-12-14,Bundesliga,Werder Bremen,Stuttgart,A,0.4286321677103018,0.2402677692796998,0.33110006300999845
2025-12-14,Premier League,West Ham,Aston Villa,A,0.18344154885758077,0.21827232164497176,0.5982861294974475
2025-12-14,Serie A,Fiorentina,Verona,A,0.5623861022628889,0.2512179974342436,0.18639590030286746
2025-12-14,Serie A,Genoa,Inter,A,0.11964511059787503,0.18304272917452255,0.6973121602276025
2025-12-14,Serie A,Milan,Sassuolo,D,0.6604561743911769,0.21435643252437578,0.12518739308444737
2025-12-14,La Liga,Celta,Ath Bilbao,H,0.3725492189995326,0.26088585575799267,0.36656492524247486
2025-12-14,Bundesliga,Bayern Munich,Mainz,D,0.8717062901091085,0.0786106910774584,0.049683018813433115
2025-12-14,Ligue 1,Lens,Nice,H,0.6379594156463317,0.19653550970991654,0.16550507464375172
2025-12-14,Ligue 1,Auxerre,Lille,A,0.20314724764159023,0.25669068941878587,0.5401620629396239
2025-12-14,Serie A,Udinese,Napoli,H,0.17636528692336093,0.2556865526659951,0.567948160410644
2025-12-15,Serie A,Roma,Como,H,0.5775045702329678,0.2342769542628088,0.18821847550422338
2025-12-15,La Liga,Vallecano,Betis,D,0.3041817151086141,0.239879291287021,0.4559389936043648
2025-12-15,Premier League,Man United,Bournemouth,D,0.5169017209999222,0.24212286722495938,0.24097541177511844
2025-12-19,La Liga,Valencia,Mallorca,D,0.4525057884957101,0.2961036958417896,0.25139051566250037
2025-12-19,Bundesliga,Dortmund,M'gladbach,H,0.6447185987545386,0.22274703690951347,0.1325343643359479
2025-12-20,La Liga,Oviedo,Celta,D,0.2697986522123162,0.28513527244959064,0.4450660753380931
2025-12-20,Premier League,Tottenham,Liverpool,A,0.20421917655046315,0.23447054677251594,0.5613102766770209
2025-12-20,Premier League,Leeds,Crystal Palace,H,0.24718328743985804,0.22328385568126738,0.5295328568788746
2025-12-20,Premier League,Man City,West Ham,H,0.7728109212430756,0.15222722504580727,0.07496185371111719
2025-12-20,La Liga,Levante,Sociedad,D,0.3319503663361541,0.2820232527612465,0.3860263809025994
2025-12-20,Premier League,Brighton,Sunderland,D,0.6148572575047363,0.22659360351216903,0.15854913898309464
2025-12-20,Premier League,Bournemouth,Burnley,D,0.6034289191843756,0.23010120900804046,0.16646987180758405
2025-12-20,Premier League,Everton,Arsenal,A,0.24470442950206536,0.23021809784917074,0.5250774726487639
2025-12-20,Premier League,Wolves,Brentford,A,0.2581743492524619,0.20822034817370524,0.5336053025738329
2025-12-20,Serie A,Lazio,Cremonese,D,0.6168490766176464,0.21451402213995344,0.16863690124240022
2025-12-20,La Liga,Osasuna,Alaves,H,0.4676247525620938,0.2799105654776686,0.2524646819602376
2025-12-20,Bundesliga,FC Koln,Union Berlin,A,0.3800574139396949,0.27841180446341723,0.3415307815968878
2025-12-20,Premier League,Newcastle,Chelsea,D,0.4538583153994817,0.23996580943961482,0.30617587516090344
2025-12-20,Bundesliga,Hamburg,Ein Frankfurt,D,0.2448635224789191,0.23259766123011838,0.5225388162909625
2025-12-20,Bundesliga,Wolfsburg,Freiburg,A,0.34264319672824317,0.2666267639262872,0.3907300393454697
2025-12-20,Serie A,Juventus,Roma,H,0.47531915765751687,0.31035766737125114,0.21432317497123196
2025-12-20,Bundesliga,Augsburg,Werder Bremen,D,0.43017413696841106,0.2623572007016949,0.3074686623298941
2025-12-20,Bundesliga,RB Leipzig,Leverkusen,A,0.3990804506609049,0.2217441002251991,0.379175449113896
2025-12-20,Bundesliga,Stuttgart,Hoffenheim,D,0.5031032044832441,0.2796059648240985,0.2172908306926575
2025-12-20,La Liga,Real Madrid,Sevilla,H,0.7228868803281583,0.16815598775433138,0.10895713191751036
2025-12-21,Premier League,Aston Villa,Man United,H,0.5274438771433284,0.29457291534196856,0.17798320751470303
2025-12-21,La Liga,Betis,Getafe,H,0.6217572206094367,0.22160346616674403,0.1566393132238192
2025-12-21,La Liga,Elche,Vallecano,H,0.37723726116207024,0.26948406711441136,0.35327867172351846
2025-12-21,Bundesliga,Heidenheim,Bayern Munich,A,0.12672447687440738,0.1549482642770875,0.7183272588485051
2025-12-21,La Liga,Villarreal,Barcelona,A,0.32996458965044273,0.2555242866911708,0.41451112365838644
2025-12-21,Serie A,Sassuolo,Torino,A,0.37436628602569005,0.2721430469049975,0.3534906670693125
2025-12-21,La Liga,Girona,Ath Madrid,A,0.1784177851969195,0.22561361215396958,0.595968602649111
2025-12-21,Serie A,Genoa,Atalanta,A,0.2690229263064849,0.244776137889861,0.4862009358036542
2025-12-21,Serie A,Cagliari,Pisa,D,0.413960076364564,0.28096235768712163,0.3050775659483143
2025-12-21,Bundesliga,Mainz,St Pauli,D,0.4352308521902748,0.30484876425686547,0.2599203835528598
2025-12-21,Serie A,Fiorentina,Udinese,H,0.43615787513675747,0.2665655473676759,0.2972765774955665
2025-12-22,Premier League,Fulham,Nott'm Forest,H,0.4059518326412657,0.2951765046710806,0.29887166268765364
2025-12-22,La Liga,Ath Bilbao,Espanol,A,0.4996228044591551,0.28744264260424074,0.21293455293660418
2025-12-26,Premier League,Man United,Newcastle,H,0.45436927473256467,0.24282026638733592,0.30281045888009933
2025-12-27,Serie A,Parma,Fiorentina,H,0.3238346235439904,0.27714396619506204,0.3990214102609475
2025-12-27,Premier League,West Ham,Fulham,A,0.3364453935270653,0.27437037827813326,0.38918422819480136
2025-12-27,Serie A,Torino,Cagliari,A,0.5250116884590343,0.26208013150726367,0.21290818003370196
2025-12-27,Serie A,Lecce,Como,A,0.2185508835330431,0.3668471837231457,0.4146019327438111
2025-12-27,Premier League,Arsenal,Brighton,H,0.6818078927307452,0.1790063064038371,0.13918580086541776
2025-12-27,Serie A,Pisa,Juventus,A,0.18766769443770412,0.24198081092696078,0.5703514946353351
2025-12-27,Premier League,Burnley,Everton,D,0.25590909436822523,0.22185809509304763,0.522232810538727
2025-12-27,Premier League,Liverpool,Wolves,H,0.7789258112280714,0.13635807479823694,0.08471611397369182
2025-12-27,Premier League,Chelsea,Aston Villa,A,0.4112337542653302,0.2561556684555236,0.33261057727914606
2025-12-27,Premier League,Nott'm Forest,Man City,A,0.21088073085630024,0.20337483672304665,0.5857444324206531
2025-12-27,Serie A,Udinese,Lazio,D,0.23479595014866886,0.28582458641290764,0.4793794634384235
2025-12-27,Premier League,Brentford,Bournemouth,H,0.45467184929954196,0.2936420437630711,0.25168610693738686
2025-12-28,Serie A,Atalanta,Inter,A,0.26835350086119003,0.18356021858542806,0.548086280553382
2025-12-28,Serie A,Bologna,Sassuolo,D,0.6575053957828147,0.1889001359380964,0.1535944682790888
2025-12-28,Premier League,Sunderland,Leeds,D,0.44154375450746247,0.32194973495650586,0.23650651053603158
2025-12-28,Serie A,Cremonese,Napoli,A,0.1767700051696185,0.21375735082972552,0.609472644000656
2025-12-28,Serie A,Milan,Verona,H,0.69416085064138,0.18891448922132012,0.11692466013729982
2025-12-28,Premier League,Crystal Palace,Tottenham,A,0.5688861319419827,0.23521759216907523,0.1958962758889421
2025-12-29,Serie A,Roma,Genoa,H,0.6541242429164614,0.20851091730768428,0.13736483977585429
2025-12-30,Premier League,Nott'm Forest,Everton,A,0.4229464937227661,0.26980431841701075,0.30724918786022304
2025-12-30,Premier League,Man United,Wolves,D,0.7523489504507067,0.1423412238303537,0.10530982571893954
2025-12-30,Premier League,Burnley,Newcastle,A,0.20513053449895818,0.2114360147409527,0.5834334507600891
2025-12-30,Premier League,Arsenal,Aston Villa,H,0.5163989721266062,0.2502114255245425,0.2333896023488513
2025-12-30,Premier League,Chelsea,Bournemouth,D,0.5962158793062429,0.2501788381964491,0.15360528249730812
2025-12-30,Premier League,West Ham,Brighton,D,0.24842079362122074,0.2505493345269041,0.5010298718518752
2026-01-01,Premier League,Brentford,Tottenham,D,0.5239351874427409,0.2764279316706506,0.1996368808866085
2026-01-01,Premier League,Sunderland,Man City,D,0.16244144892363654,0.2082978258034297,0.6292607252729336
2026-01-01,Premier League,Crystal Palace,Fulham,D,0.51490087227288,0.24689451695980197,0.2382046107673181
2026-01-01,Premier League,Liverpool,Leeds,D,0.7251319195451836,0.1439185993981947,0.13094948105662163
2026-01-02,La Liga,Vallecano,Getafe,D,0.4854784999688726,0.27543803746843765,0.23908346256268978
2026-01-02,Ligue 1,Toulouse,Lens,A,0.27248600146355534,0.26023019452452684,0.4672838040119177
2026-01-02,Serie A,Cagliari,Milan,A,0.18510001210548663,0.22372624929054774,0.5911737386039656
2026-01-03,Ligue 1,Monaco,Lyon,A,0.4472659680151483,0.23901001247965423,0.31372401950519746
2026-01-03,La Liga,Celta,Valencia,H,0.5019498238411436,0.306087902542702,0.1919622736161544
2026-01-03,Premier League,Brighton,Burnley,H,0.6951125803372695,0.18609455586324133,0.1187928637994891
2026-01-03,La Liga,Elche,Villarreal,A,0.20300619436126258,0.23266412367321565,0.5643296819655217
2026-01-03,Premier League,Bournemouth,Arsenal,A,0.1750033049508011,0.19216548760769622,0.6328312074415028
2026-01-03,Serie A,Como,Udinese,H,0.5771077470657873,0.2540623148505679,0.16882993808364483
2026-01-03,Premier League,Wolves,West Ham,H,0.325686822282523,0.23296896651012422,0.44134421120735284
2026-01-03,Serie A,Juventus,Lecce,D,0.7038309665161631,0.1704332809846447,0.12573575249919225
2026-01-03,Serie A,Sassuolo,Parma,D,0.49845862943778985,0.2894905905100676,0.2120507800521426
2026-01-03,Serie A,Atalanta,Roma,H,0.3743306748181239,0.27079820449052905,0.354871120691347
2026-01-03,Serie A,Genoa,Pisa,D,0.46107207756995783,0.2789694270146349,0.2599584954154074
2026-01-03,Ligue 1,Lille,Rennes,A,0.5908244881011543,0.2382616262229275,0.17091388567591823
2026-01-03,Ligue 1,Nice,Strasbourg,D,0.3577911433671561,0.31347029942349075,0.3287385572093531
2026-01-03,La Liga,Espanol,Barcelona,A,0.23131427621052325,0.23811143742843355,0.5305742863610432
2026-01-03,La Liga,Osasuna,Ath Bilbao,D,0.33634905995831593,0.26800429660157565,0.39564664344010847
2026-01-03,Premier League,Aston Villa,Nott'm Forest,H,0.6690779406830635,0.2038057886410123,0.12711627067592415
2026-01-04,Ligue 1,Paris SG,Paris FC,H,0.7810431621393433,0.1437325558029835,0.0752242820576732
2026-01-04,Ligue 1,Brest,Auxerre,H,0.5169241337624829,0.2781482370871674,0.20492762915034982
2026-01-04,La Liga,Alaves,Oviedo,D,0.44332522211258046,0.35471961015287673,0.20195516773454275
2026-01-04,La Liga,Real Madrid,Betis,H,0.6828329731023137,0.19681727659491483,0.12034975030277148
2026-01-04,Ligue 1,Marseille,Nantes,A,0.7732342551570965,0.14728910409569027,0.07947664074721321
2026-01-04,Serie A,Inter,Bologna,H,0.680189290186227,0.1768351529906134,0.14297555682315963
2026-01-04,Premier League,Man City,Chelsea,D,0.6851983369853554,0.16550740117388127,0.14929426184076336
2026-01-04,La Liga,Sociedad,Ath Madrid,D,0.15152487024720465,0.19330396989480098,0.6551711598579943
2026-01-04,Serie A,Fiorentina,Cremonese,H,0.4732931907874482,0.27096248534875456,0.25574432386379725
2026-01-04,Serie A,Lazio,Napoli,A,0.2608050380984479,0.2697595758941926,0.46943538600735946
2026-01-04,Ligue 1,Lorient,Metz,D,0.500752897546212,0.2952167447457007,0.20403035770808736
2026-01-04,Ligue 1,Le Havre,Angers,H,0.2899377123058299,0.35872405119554074,0.3513382364986294
2026-01-04,Premier League,Tottenham,Sunderland,D,0.5008022033330102,0.2546328881362491,0.2445649085307407
2026-01-04,Serie A,Verona,Torino,A,0.3742672723466708,0.2606314598223262,0.365101267831003
2026-01-04,Premier League,Fulham,Liverpool,D,0.3011347641899303,0.25568390163413934,0.44318133417593036
2026-01-04,La Liga,Mallorca,Girona,A,0.4136180296448059,0.3311439710598415,0.25523799929535257
2026-01-04,Premier League,Leeds,Man United,D,0.35063486257038323,0.24858676970566365,0.4007783677239531
2026-01-04,Premier League,Everton,Brentford,A,0.4978309928561456,0.2938931631299952,0.20827584401385907
2026-01-04,La Liga,Sevilla,Levante,A,0.45501837159702213,0.3213143349516123,0.2236672934513655
2026-01-04,Premier League,Newcastle,Crystal Palace,H,0.4974967594199976,0.2585857241393797,0.24391751644062265
2026-01-06,Serie A,Sassuolo,Juventus,A,0.20446793356960147,0.253489406911051,0.5420426595193475
2026-01-06,Premier League,West Ham,Nott'm Forest,A,0.35168043208400873,0.28638090213943296,0.36193866577655837
2026-01-06,Serie A,Lecce,Roma,A,0.19646855676502709,0.2568143771249327,0.5467170661100402
2026-01-06,Serie A,Pisa,Como,A,0.25110605773931205,0.25480517690161186,0.49408876535907603
2026-01-07,Serie A,Torino,Udinese,A,0.5330517055085753,0.26948005514539103,0.19746823934603364
2026-01-07,Serie A,Lazio,Fiorentina,D,0.5700445730808448,0.2533714483249349,0.17658397859422037
2026-01-07,Premier League,Bournemouth,Tottenham,H,0.42833266454681107,0.2769609637946036,0.2947063716585854
2026-01-07,Premier League,Crystal Palace,Aston Villa,D,0.23252303589675202,0.18294588276217816,0.5845310813410698
2026-01-07,Serie A,Bologna,Atalanta,A,0.5430141454889015,0.21772600228586106,0.2392598522252374
2026-01-07,Premier League,Fulham,Chelsea,H,0.3213354200156496,0.24740165816219437,0.4312629218221561
2026-01-07,Premier League,Burnley,Man United,D,0.176200889276451,0.21559163989188326,0.6082074708316657
2026-01-07,Premier League,Brentford,Sunderland,H,0.5938831560572214,0.22761543454578578,0.17850140939699283
2026-01-07,Serie A,Napoli,Verona,D,0.810062843642601,0.12464507002202152,0.06529208633537745
2026-01-07,Premier League,Man City,Brighton,D,0.7510750785472268,0.13252093999048947,0.11640398146228376
2026-01-07,Serie A,Parma,Inter,A,0.12434171994749563,0.19044677665213983,0.6852115034003646
2026-01-07,Premier League,Newcastle,Leeds,H,0.5883296109748124,0.25227976833401333,0.1593906206911743
2026-01-07,Premier League,Everton,Wolves,D,0.6350675362399295,0.2200344352581304,0.14489802850194006
2026-01-08,Serie A,Cremonese,Cagliari,D,0.4669773935894089,0.2622423227771619,0.27078028363342926
2026-01-08,Premier League,Arsenal,Liverpool,D,0.6026476937010762,0.21582099759935752,0.1815313086995663
2026-01-08,Serie A,Milan,Genoa,D,0.7101692373863349,0.1671770268297498,0.12265373578391542
2026-01-09,Bundesliga,Ein Frankfurt,Dortmund,D,0.3024816327184471,0.26101866500326565,0.4364997022782873
2026-01-09,La Liga,Getafe,Sociedad,A,0.4088963852278411,0.26403551734184044,0.3270680974303185
2026-01-10,Serie A,Udinese,Pisa,D,0.48148127604929025,0.3057246187804841,0.21279410517022568
2026-01-10,Serie A,Como,Bologna,D,0.48484465352804,0.2415501844772183,0.2736051619947418
2026-01-10,Bundesliga,Freiburg,Hamburg,H,0.5467136137678253,0.2738200493421932,0.17946633688998145
2026-01-10,Bundesliga,Union Berlin,Mainz,D,0.4139882050983085,0.3195032313368539,0.26650856356483754
2026-01-10,Serie A,Atalanta,Torino,H,0.5415074925290548,0.2753417009042852,0.18315080656666005
2026-01-10,Bundesliga,Leverkusen,Stuttgart,A,0.6651660776385471,0.18933182854781286,0.1455020938136401
2026-01-10,La Liga,Girona,Osasuna,H,0.39727593646140774,0.2828541306633017,0.3198699328752905
2026-01-10,La Liga,Villarreal,Alaves,H,0.7450902865903393,0.1728126251389378,0.08209708827072301
2026-01-10,La Liga,Oviedo,Betis,D,0.24785668410868494,0.18328523722682682,0.5688580786644883
2026-01-10,Bundesliga,Heidenheim,FC Koln,D,0.36145511322030915,0.30348732848696347,0.3350575582927273
2026-01-10,Serie A,Roma,Sassuolo,H,0.6569605086484012,0.21895452407868593,0.12408496727291282
2026-01-10,La Liga,Valencia,Elche,D,0.43573890114792735,0.28463546689873503,0.27962563195333767
2026-01-11,Serie A,Fiorentina,Milan,D,0.23214752273954548,0.23612984849967877,0.5317226287607758
2026-01-11,Serie A,Lecce,Parma,A,0.35388731305656496,0.3179803377522424,0.3281323491911926
2026-01-11,La Liga,Vallecano,Mallorca,H,0.3851002737834437,0.2826871686963792,0.33221255752017703
2026-01-11,Serie A,Inter,Napoli,D,0.6250746049353323,0.19831967389245153,0.17660572117221612
2026-01-11,Bundesliga,M'gladbach,Augsburg,H,0.4217923423906698,0.32838537683087937,0.2498222807784509
2026-01-11,Serie A,Verona,Lazio,A,0.237749661692813,0.2087067554126702,0.5535435828945169
2026-01-11,Bundesliga,Bayern Munich,Wolfsburg,H,0.8141637599051905,0.1354928671665841,0.05034337292822532
2026-01-11,La Liga,Levante,Espanol,D,0.3311183722413001,0.3281358466951766,0.3407457810635232
2026-01-12,Serie A,Juventus,Cremonese,H,0.6492556466932546,0.22490625372331563,0.12583809958342967
2026-01-12,Serie A,Genoa,Cagliari,H,0.4687988168179274,0.2795246008091438,0.2516765823729289
2026-01-12,La Liga,Sevilla,Celta,A,0.27629616538634055,0.31014291555784923,0.4135609190558103
2026-01-13,Bundesliga,Stuttgart,Ein Frankfurt,H,0.5793213322094944,0.2106342779653411,0.21004438982516446
2026-01-13,Bundesliga,Mainz,Heidenheim,H,0.5164973084676311,0.2239782922204462,0.25952439931192267
2026-01-13,Bundesliga,Dortmund,Werder Bremen,H,0.653762372016506,0.20480368104684268,0.1414339469366513
2026-01-14,Bundesliga,RB Leipzig,Freiburg,H,0.6364935477409677,0.20982989379249517,0.15367655846653716
2026-01-14,Serie A,Inter,Lecce,H,0.8538320182436885,0.09826251279561937,0.04790546896069204
2026-01-14,Bundesliga,Wolfsburg,St Pauli,H,0.43335936870643343,0.35220427881762567,0.214436352475941
2026-01-14,Bundesliga,Hoffenheim,M'gladbach,H,0.5121233112074843,0.28910163398852323,0.1987750548039924
2026-01-14,Bundesliga,FC Koln,Bayern Munich,A,0.10087885411592368,0.13237548612481626,0.76674565975926
2026-01-14,Serie A,Napoli,Parma,D,0.7266645172385255,0.14708332425171147,0.12625215850976304
2026-01-15,Serie A,Verona,Bologna,A,0.23616510465796955,0.20372182007532272,0.5601130752667078
2026-01-15,Bundesliga,Augsburg,Union Berlin,D,0.361223303771175,0.2555487940468409,0.383227902181984
2026-01-15,Serie A,Como,Milan,A,0.2990034345589459,0.2533175300749238,0.4476790353661303
2026-01-16,Bundesliga,Werder Bremen,Ein Frankfurt,D,0.32206246931863186,0.21428058619219167,0.46365694448917644
2026-01-16,La Liga,Espanol,Girona,A,0.49501418738476205,0.3023889804086535,0.2025968322065845
2026-01-16,Serie A,Pisa,Atalanta,D,0.2013570321237178,0.26555739353910374,0.5330855743371785
2026-01-16,Ligue 1,Monaco,Lorient,A,0.6240588640923752,0.18674049721223956,0.18920063869538523
2026-01-16,Ligue 1,Paris SG,Lille,H,0.7452981103288163,0.1369788278392205,0.11772306183196317
2026-01-17,Premier League,Tottenham,West Ham,A,0.4926105979598891,0.2695301651786027,0.23785923686150837
2026-01-17,Premier League,Liverpool,Burnley,D,0.7888323632843054,0.15759805824759315,0.05356957846810145
2026-01-17,Bundesliga,Hoffenheim,Leverkusen,H,0.38492671004687495,0.2544629610087013,0.3606103289444237
2026-01-17,Bundesliga,Wolfsburg,Heidenheim,D,0.5280267471056559,0.2733138611472974,0.19865939174704672
2026-01-17,Bundesliga,FC Koln,Mainz,H,0.363751089803969,0.2755099430429887,0.3607389671530422
2026-01-17,Bundesliga,Dortmund,St Pauli,H,0.7148884785792456,0.18538886080206582,0.09972266061868859
2026-01-17,Premier League,Chelsea,Brentford,H,0.523628798494206,0.24762890476703836,0.22874229673875565
2026-01-17,Premier League,Man United,Man City,H,0.19569104685191416,0.22849255603374988,0.5758163971143361
2026-01-17,Ligue 1,Angers,Marseille,A,0.19446547256484376,0.22812267471138553,0.5774118527237708
2026-01-17,Ligue 1,Lens,Auxerre,H,0.7664966646755234,0.15654040358419033,0.07696293174028634
2026-01-17,La Liga,Real Madrid,Levante,H,0.8439523979090459,0.10027954243413646,0.05576805965681766
2026-01-17,Premier League,Sunderland,Crystal Palace,H,0.29243462087242783,0.2596870648703119,0.4478783142572602
2026-01-17,Ligue 1,Toulouse,Nice,H,0.4308989518204335,0.25532276649452923,0.3137782816850372
2026-01-17,Bundesliga,Hamburg,M'gladbach,D,0.39900055654217387,0.2600191760927623,0.34098026736506387
2026-01-17,Premier League,Leeds,Fulham,H,0.3582045698437886,0.2461917680506356,0.39560366210557585
2026-01-17,La Liga,Osasuna,Oviedo,H,0.5087774842523021,0.2931212873849781,0.19810122836271982
2026-01-17,Serie A,Cagliari,Juventus,H,0.09368011860472367,0.19797309232959634,0.7083467890656799
2026-01-17,Serie A,Napoli,Sassuolo,H,0.6827366149064427,0.17463198076537403,0.14263140432818322
2026-01-17,Bundesliga,RB Leipzig,Bayern Munich,A,0.21513945436280937,0.2012748501373915,0.5835856954997991
2026-01-17,La Liga,Mallorca,Ath Bilbao,H,0.2877788393806467,0.25615829162070186,0.4560628689986515
2026-01-17,La Liga,Betis,Villarreal,H,0.3262763494834252,0.21026059782329426,0.46346305269328064
2026-01-17,Premier League,Nott'm Forest,Arsenal,D,0.17124134896217222,0.21805478282399557,0.6107038682138323
2026-01-17,Serie A,Udinese,Inter,A,0.12773297533968217,0.2047523701689671,0.6675146544913506
2026-01-18,La Liga,Celta,Vallecano,H,0.5527026022351412,0.24527897863531162,0.2020184191295471
2026-01-18,Bundesliga,Stuttgart,Union Berlin,D,0.5568798705252245,0.2606984541899243,0.18242167528485115
2026-01-18,Ligue 1,Nantes,Paris FC,A,0.30762646670864013,0.40781879514034636,0.28455473815101345
2026-01-18,Serie A,Torino,Roma,A,0.21809257306506402,0.28707761592154685,0.49482981101338924
2026-01-18,Premier League,Wolves,Newcastle,D,0.21327090809854948,0.2304085223442973,0.5563205695571531
2026-01-18,La Liga,Sociedad,Barcelona,H,0.15835348083898776,0.2107976074659913,0.6308489116950209
2026-01-18,La Liga,Getafe,Valencia,A,0.46529478330046026,0.2676404502316401,0.2670647664678997
2026-01-18,Ligue 1,Lyon,Brest,H,0.5219676332003631,0.3050885061977466,0.17294386060189024
2026-01-18,Ligue 1,Strasbourg,Metz,H,0.5918287966122772,0.22854100808591526,0.1796301953018075
2026-01-18,Premier League,Aston Villa,Everton,A,0.6524659801442909,0.19047424653592906,0.15705977331978005
2026-01-18,Bundesliga,Augsburg,Freiburg,D,0.2816615387807874,0.22631888680654205,0.4920195744126706
2026-01-18,Serie A,Parma,Genoa,D,0.41085477514578594,0.29499021017764315,0.29415501467657096
2026-01-18,La Liga,Ath Madrid,Alaves,H,0.6771556538405424,0.2376705964588504,0.08517374970060722
2026-01-18,Serie A,Bologna,Fiorentina,A,0.5420427997698377,0.2824151038875726,0.1755420963425897
2026-01-18,Ligue 1,Rennes,Le Havre,D,0.7282434330127788,0.14898732046269042,0.12276924652453074
2026-01-18,Serie A,Milan,Lecce,H,0.6905647625096458,0.19408970204243162,0.11534553544792245
2026-01-19,La Liga,Elche,Sevilla,D,0.4364107214019803,0.30479944481120935,0.2587898337868104
2026-01-19,Premier League,Brighton,Bournemouth,D,0.5351571764146064,0.23704035823571684,0.22780246534967685
2026-01-19,Serie A,Lazio,Como,A,0.487089301761442,0.3000259231720005,0.21288477506655742
2026-01-19,Serie A,Cremonese,Verona,D,0.45454533128010044,0.2969201535993499,0.2485345151205497
2026-01-23,La Liga,Levante,Elche,H,0.46330519820012267,0.2740080862638355,0.2626867155360418
2026-01-23,Ligue 1,Auxerre,Paris SG,A,0.13171569405833639,0.2013198496187852,0.6669644563228784
2026-01-23,Bundesliga,St Pauli,Hamburg,D,0.46893923548005284,0.24063792804027645,0.29042283647967065
2026-01-23,Serie A,Inter,Pisa,H,0.8243085927547027,0.10912566485984201,0.06656574238545539
2026-01-24,Ligue 1,Le Havre,Monaco,D,0.2529005024689938,0.2549470232494032,0.492152474281603
2026-01-24,Premier League,Bournemouth,Liverpool,H,0.23834258737684313,0.30801345795150287,0.453643954671654
2026-01-24,Bundesliga,Heidenheim,RB Leipzig,A,0.19301513653547342,0.20747198689568672,0.5995128765688399
2026-01-24,Bundesliga,Ein Frankfurt,Hoffenheim,A,0.4449201358931879,0.2966707510231414,0.25840911308367065
2026-01-24,Premier League,Burnley,Tottenham,D,0.3261582862694665,0.24542048936305813,0.4284212243674755
2026-01-24,Serie A,Fiorentina,Cagliari,A,0.5359885872495397,0.2443014087353728,0.21971000401508756
2026-01-24,Ligue 1,Marseille,Lens,H,0.34223798463585997,0.2969633668113307,0.36079864855280946
2026-01-24,Bundesliga,Mainz,Wolfsburg,H,0.4571597410656312,0.26601494187923347,0.27682531705513536
2026-01-24,Serie A,Como,Torino,H,0.6031497219984776,0.220597016508678,0.17625326149284437
2026-01-24,Bundesliga,Union Berlin,Dortmund,A,0.21214935472894678,0.21625601088928884,0.5715946343817644
2026-01-24,Ligue 1,Rennes,Lorient,A,0.5413075023431692,0.25498690492029463,0.20370559273653613
2026-01-24,La Liga,Villarreal,Real Madrid,A,0.327467884027512,0.22133592185643583,0.4511961941160522
2026-01-24,Premier League,Fulham,Brighton,H,0.43850968013268843,0.25364470933636873,0.30784561053094284
2026-01-24,Serie A,Lecce,Lazio,D,0.23173370065260798,0.1926061873010948,0.5756601120462971
2026-01-24,Bundesliga,Leverkusen,Werder Bremen,H,0.6802465683679606,0.19697908111634274,0.12277435051569666
2026-01-24,La Liga,Sevilla,Ath Bilbao,H,0.3232137079980366,0.27210490772736784,0.4046813842745955
2026-01-24,La Liga,Vallecano,Osasuna,A,0.42226413709941735,0.2820521054554897,0.29568375744509284
2026-01-24,La Liga,Valencia,Espanol,H,0.411194809596505,0.2989969101589604,0.2898082802445346
2026-01-24,Premier League,West Ham,Sunderland,H,0.44629663462992425,0.2528331206299037,0.300870244740172
2026-01-24,Premier League,Man City,Wolves,H,0.7804402066073135,0.14536578525763708,0.07419400813504949
2026-01-24,Bundesliga,Bayern Munich,Augsburg,A,0.8197827833741863,0.09995437419927226,0.08026284242654147
2026-01-25,Bundesliga,Freiburg,FC Koln,H,0.5243217608560523,0.28564552392667697,0.1900327152172707
2026-01-25,Serie A,Genoa,Bologna,H,0.279482218944374,0.2756784508656681,0.44483933018995797
2026-01-25,Ligue 1,Brest,Toulouse,A,0.445985129175669,0.29150805676567565,0.26250681405865534
2026-01-25,Premier League,Arsenal,Man United,A,0.6774287386027876,0.19450244081932325,0.12806882057788901
2026-01-25,Ligue 1,Nantes,Nice,A,0.3958168719849163,0.21342367696627393,0.3907594510488099
2026-01-25,La Liga,Alaves,Betis,H,0.25135694343827086,0.2452109887975414,0.5034320677641877
2026-01-25,Ligue 1,Metz,Lyon,A,0.2044289049035721,0.256884506283612,0.5386865888128158
2026-01-25,La Liga,Ath Madrid,Mallorca,H,0.6899535654715262,0.21490292824184337,0.09514350628663047
2026-01-25,Bundesliga,M'gladbach,Stuttgart,A,0.2756746002813355,0.2736304425097277,0.4506949572089369
2026-01-25,Premier League,Newcastle,Aston Villa,A,0.4118096965939146,0.23141731104212687,0.35677299236395854
2026-01-25,Serie A,Roma,Milan,D,0.33546308226430477,0.33882579538838675,0.3257111223473084
2026-01-25,Premier League,Crystal Palace,Chelsea,A,0.35272919744610615,0.23632322086145727,0.4109475816924366
2026-01-25,La Liga,Sociedad,Celta,H,0.34582024547751006,0.2564342958290063,0.3977454586934836
2026-01-25,Serie A,Juventus,Napoli,H,0.44764621852361536,0.27685650038902904,0.2754972810873556
2026-01-25,Ligue 1,Lille,Strasbourg,A,0.552534305652817,0.24385088586529544,0.20361480848188754
2026-01-25,Serie A,Sassuolo,Cremonese,H,0.44177600842357423,0.25716206908918127,0.30106192248724445
2026-01-25,Premier League,Brentford,Nott'm Forest,A,0.5640343646586274,0.235408205013763,0.20055743032760945
2026-01-25,Ligue 1,Paris FC,Angers,D,0.4440289697859614,0.30815039959602825,0.24782063061801043
2026-01-25,La Liga,Barcelona,Oviedo,H,0.8539793461090396,0.09191447498745801,0.05410617890350242
2026-01-25,Serie A,Atalanta,Parma,H,0.6043789364418359,0.23653365952638808,0.15908740403177601
2026-01-26,La Liga,Girona,Getafe,D,0.49065677562796345,0.3132869510535874,0.19605627331844902
2026-01-26,Serie A,Verona,Udinese,A,0.3933634849635317,0.26369480704563664,0.3429417079908317
2026-01-26,Premier League,Everton,Leeds,D,0.5409274062459549,0.28738212034371274,0.17169047341033233
2026-01-27,Bundesliga,Werder Bremen,Hoffenheim,A,0.2283510115583623,0.23424630248038597,0.5374026859612517
2026-01-27,Bundesliga,St Pauli,RB Leipzig,D,0.2057493808314148,0.19313090675652367,0.6011197124120615
2026-01-30,Ligue 1,Lens,Le Havre,H,0.7272471564042959,0.17859404373179608,0.09415879986390809
2026-01-30,Serie A,Lazio,Genoa,H,0.5247361645495063,0.2830602266386829,0.19220360881181078
2026-01-30,Bundesliga,FC Koln,Wolfsburg,H,0.4934896488777854,0.20496383057069073,0.3015465205515238
2026-01-30,La Liga,Espanol,Alaves,A,0.5279915790462003,0.26724561241306927,0.2047628085407304
2026-01-31,Ligue 1,Monaco,Rennes,H,0.5313898420067238,0.21499654395285203,0.2536136140404242
2026-01-31,Ligue 1,Lorient,Nantes,H,0.46973318590187946,0.3221644082259074,0.20810240587221318
2026-01-31,Ligue 1,Paris FC,Marseille,D,0.1858457013648597,0.22257346007987883,0.5915808385552613
2026-01-31,Premier League,Chelsea,West Ham,H,0.6607574751043332,0.20366978890770301,0.13557273598796385
2026-01-31,Bundesliga,RB Leipzig,Mainz,A,0.6327911070932208,0.22285951128046802,0.1443493816263111
2026-01-31,La Liga,Levante,Ath Madrid,D,0.18342266458630974,0.22610017960625228,0.590477155807438
2026-01-31,La Liga,Osasuna,Villarreal,D,0.2415165055564434,0.22934760630780104,0.5291358881357555
2026-01-31,Premier League,Leeds,Arsenal,A,0.2044837345904292,0.23688148548232005,0.5586347799272509
2026-01-31,Bundesliga,Werder Bremen,M'gladbach,D,0.42926237494765934,0.2724471304834932,0.2982904945688474
2026-01-31,La Liga,Elche,Barcelona,A,0.09793066933422803,0.13863453908894174,0.7634347915768303
2026-01-31,Bundesliga,Ein Frankfurt,Leverkusen,A,0.3051321851947732,0.262669549067649,0.4321982657375778
2026-01-31,Premier League,Brighton,Everton,D,0.5500336378629892,0.1964547193000632,0.2535116428369476
2026-01-31,Serie A,Pisa,Sassuolo,A,0.31209785992296224,0.34001633032816403,0.3478858097488738
2026-01-31,Premier League,Wolves,Bournemouth,A,0.3166250219589183,0.21760434430981943,0.4657706337312622
2026-01-31,Premier League,Liverpool,Newcastle,H,0.5392254085130146,0.2452703416958208,0.21550424979116464
2026-01-31,Serie A,Cagliari,Verona,H,0.4873036123654857,0.30049251864348914,0.21220386899102514
2026-01-31,Bundesliga,Hoffenheim,Union Berlin,H,0.6792669576390431,0.18437775468944148,0.13635528767151542
2026-01-31,Serie A,Napoli,Fiorentina,H,0.6319251923142201,0.17752905209608474,0.1905457555896952
2026-01-31,Bundesliga,Augsburg,St Pauli,H,0.4563588485708368,0.27198061433972304,0.27166053708944005
2026-01-31,La Liga,Oviedo,Girona,H,0.3811337843462842,0.3103774279344358,0.3084887877192801
2026-01-31,Bundesliga,Hamburg,Bayern Munich,D,0.08570973111108411,0.18208914872413753,0.7322011201647783
2026-02-01,Ligue 1,Lyon,Lille,H,0.5569727490518518,0.22002925760327424,0.222997993344874
2026-02-01,La Liga,Ath Bilbao,Sociedad,D,0.4480798033376778,0.3063042416627501,0.24561595499957203
2026-02-01,La Liga,Real Madrid,Vallecano,H,0.8218028751129877,0.11681391848092956,0.06138320640608266
2026-02-01,Serie A,Como,Atalanta,D,0.38273260740570947,0.30151599688647174,0.3157513957078187
2026-02-01,Ligue 1,Toulouse,Auxerre,D,0.6846962316948161,0.18642392926843454,0.12887983903674938
2026-02-01,Ligue 1,Nice,Brest,D,0.44441267521118644,0.29190869989255364,0.26367862489626
2026-02-01,Premier League,Tottenham,Man City,D,0.1583156680254457,0.2373480080401587,0.6043363239343956
2026-02-01,Bundesliga,Dortmund,Heidenheim,H,0.7958971697496197,0.1241533115970196,0.0799495186533608
2026-02-01,Premier League,Aston Villa,Brentford,A,0.6133888831246753,0.21428649312943956,0.17232462374588522
2026-02-01,La Liga,Getafe,Celta,D,0.2859285473030606,0.2876337993279559,0.4264376533689836
2026-02-01,Ligue 1,Angers,Metz,H,0.5037072045129148,0.25926133672150337,0.23703145876558182
2026-02-01,Serie A,Torino,Lecce,H,0.4473023524351461,0.31992189199747323,0.23277575556738056
2026-02-01,Ligue 1,Strasbourg,Paris SG,A,0.24357234804601685,0.20285464298795167,0.5535730089660315
2026-02-01,La Liga,Betis,Valencia,H,0.5998328632278368,0.22037675965166112,0.17979037712050203
2026-02-01,Bundesliga,Stuttgart,Freiburg,H,0.5335564095704051,0.2591899685289294,0.2072536219006656
2026-02-01,Premier League,Nott'm Forest,Crystal Palace,D,0.46515082562418136,0.2719925832366545,0.26285659113916415
2026-02-01,Serie A,Cremonese,Inter,A,0.1276612546574098,0.15853759055883881,0.7138011547837514
2026-02-01,Premier League,Man United,Fulham,H,0.5090715791549126,0.2577504329543782,0.2331779878907092
2026-02-01,Serie A,Parma,Juventus,A,0.12220563412932191,0.21474893146890736,0.6630454344017707
2026-02-02,Premier League,Sunderland,Burnley,H,0.47487004816628253,0.3233088805292333,0.20182107130448415
2026-02-02,La Liga,Mallorca,Sevilla,H,0.4522799043817575,0.3075747623430838,0.2401453332751587
2026-02-02,Serie A,Udinese,Roma,H,0.21453396779580766,0.2428481910404177,0.5426178411637747
2026-02-03,Serie A,Bologna,Milan,A,0.29794559727561437,0.23727005194402537,0.46478435078036023
2026-02-06,La Liga,Celta,Osasuna,A,0.5102959461188433,0.2669418271528025,0.22276222672835413
2026-02-06,Serie A,Verona,Pisa,D,0.4870948224755273,0.24198551809245147,0.2709196594320211
2026-02-06,Bundesliga,Union Berlin,Ein Frankfurt,D,0.3152126083022857,0.22944541705276533,0.45534197464494897
2026-02-06,Ligue 1,Metz,Lille,D,0.18795517479356583,0.22247092519107137,0.5895739000153628
2026-02-06,Premier League,Leeds,Nott'm Forest,H,0.3486723754860356,0.28745617711178045,0.363871447402184
2026-02-07,Premier League,Bournemouth,Aston Villa,D,0.33339806745576,0.2531150488811195,0.4134868836631204
2026-02-07,Serie A,Genoa,Napoli,A,0.19702497178163889,0.2241603028025146,0.5788147254158464
2026-02-07,Premier League,Arsenal,Sunderland,H,0.7558622638520832,0.1440282136206881,0.10010952252722866
2026-02-07,Premier League,Burnley,West Ham,A,0.37557530217442775,0.23681504000059997,0.38760965782497214
2026-02-07,Premier League,Newcastle,Brentford,A,0.49217807165805516,0.27772057785204163,0.23010135048990332
2026-02-07,Premier League,Fulham,Everton,A,0.43830544891447254,0.261035310017323,0.3006592410682044
2026-02-07,Bundesliga,Wolfsburg,Dortmund,A,0.15239458643578627,0.1399267642427921,0.7076786493214218
2026-02-07,La Liga,Barcelona,Mallorca,H,0.8017352316961326,0.12737965193200027,0.07088511637186708
2026-02-07,Ligue 1,Brest,Lorient,H,0.47094334738660215,0.294529896658297,0.23452675595510078
2026-02-07,Premier League,Man United,Tottenham,H,0.6065107394784439,0.23240189809087264,0.1610873624306834
2026-02-07,Premier League,Wolves,Chelsea,A,0.1840281046481852,0.2398132042284996,0.5761586911233153
2026-02-07,La Liga,Sociedad,Elche,H,0.5897823151447993,0.22316180858951148,0.18705587626568926
2026-02-07,Bundesliga,Heidenheim,Hamburg,A,0.4186910848117502,0.29616940259138225,0.28513951259686754
2026-02-07,Bundesliga,St Pauli,Stuttgart,H,0.21150095388036166,0.24093683049427841,0.5475622156253598
2026-02-07,Serie A,Fiorentina,Torino,D,0.5445652480256435,0.22933042179579946,0.22610433017855694
2026-02-07,Ligue 1,Nantes,Lyon,A,0.19572737145217942,0.22788017936413946,0.5763924491836812
2026-02-07,Bundesliga,M'gladbach,Leverkusen,D,0.19723284693437426,0.22823489778126063,0.5745322552843651
2026-02-07,Bundesliga,Mainz,Augsburg,H,0.4944293199342309,0.27291837557184817,0.2326523044939209
2026-02-07,Bundesliga,Freiburg,Werder Bremen,H,0.5358451689969892,0.2613602597815667,0.20279457122144418
2026-02-07,Ligue 1,Lens,Rennes,H,0.643769706990179,0.21565096505429154,0.14057932795552938
2026-02-08,Bundesliga,FC Koln,RB Leipzig,A,0.24105514796550373,0.2859110104553154,0.4730338415791809
2026-02-08,La Liga,Alaves,Getafe,A,0.4844400052165177,0.3016978047633127,0.2138621900201695
2026-02-08,Premier League,Liverpool,Man City,A,0.44199657438216,0.2576251897853089,0.300378235832531
2026-02-08,Serie A,Juventus,Lazio,D,0.6609512202249311,0.1884443848652595,0.15060439490980937
2026-02-08,Ligue 1,Angers,Toulouse,H,0.31386779153795563,0.3137749162081759,0.3723572922538685
2026-02-08,La Liga,Sevilla,Girona,D,0.3576634298997229,0.31580618180463355,0.32653038829564357
2026-02-08,Ligue 1,Paris SG,Marseille,H,0.6756656487202276,0.18812935291682678,0.1362049983629456
2026-02-08,Serie A,Sassuolo,Inter,A,0.1445256205408896,0.17134138749279454,0.6841329919663159
2026-02-08,Bundesliga,Bayern Munich,Hoffenheim,H,0.6887934491973844,0.20238540572042293,0.10882114508219265
2026-02-08,La Liga,Ath Bilbao,Levante,H,0.4943544013850343,0.28172468466777245,0.2239209139471934
2026-02-08,Ligue 1,Auxerre,Paris FC,D,0.44422989953304276,0.2676916999239817,0.28807840054297557
2026-02-08,Serie A,Bologna,Parma,A,0.502342782365314,0.2645009738267463,0.2331562438079396
2026-02-08,La Liga,Valencia,Real Madrid,A,0.1432250685744094,0.19690230788711333,0.6598726235384772
2026-02-08,Premier League,Brighton,Crystal Palace,A,0.5304722337868364,0.23157665477243017,0.23795111144073344
2026-02-08,Ligue 1,Nice,Monaco,D,0.4439261103762234,0.28694517196263825,0.26912871766113844
2026-02-08,Ligue 1,Le Havre,Strasbourg,H,0.26782667876457505,0.24961742242644502,0.4825558988089798
2026-02-08,La Liga,Ath Madrid,Betis,A,0.5915637226539439,0.2198229891425824,0.18861328820347384
2026-02-08,Serie A,Lecce,Udinese,H,0.2972325879247614,0.2767647691864202,0.4260026428888185
2026-02-09,La Liga,Villarreal,Espanol,H,0.6390059182737611,0.21499033705934614,0.14600374466689287
2026-02-09,Serie A,Roma,Cagliari,H,0.677521773671303,0.20298349650107136,0.11949472982762566
2026-02-09,Serie A,Atalanta,Cremonese,H,0.7417756664795095,0.15752782296917325,0.10069651055131722
2026-02-10,Premier League,Everton,Bournemouth,A,0.4856524454402734,0.2777315201547124,0.2366160344050142
2026-02-10,Premier League,Tottenham,Newcastle,A,0.32304920175918006,0.24025778640686993,0.43669301183395
2026-02-10,Premier League,West Ham,Man United,D,0.2517361539428224,0.2710083409211983,0.4772555051359793
2026-02-10,Premier League,Chelsea,Leeds,D,0.7055351562650827,0.15525475313929202,0.13921009059562542
2026-02-11,Premier League,Aston Villa,Brighton,H,0.5403602973371827,0.25054464582462577,0.2090950568381916
2026-02-11,Premier League,Nott'm Forest,Wolves,D,0.5847902091468491,0.24154818638083816,0.17366160447231271
2026-02-11,Premier League,Crystal Palace,Burnley,A,0.5917695342160779,0.248082523431878,0.16014794235204396
2026-02-11,Premier League,Man City,Fulham,H,0.6752455536315101,0.18684017045743245,0.13791427591105743
2026-02-11,Premier League,Sunderland,Liverpool,A,0.20031614721815946,0.2364581544159051,0.5632256983659354
2026-02-12,Premier League,Brentford,Arsenal,D,0.22209856925835336,0.2349312683132407,0.5429701624284059
2026-02-13,Bundesliga,Dortmund,Mainz,H,0.7111003470743936,0.17308146230834381,0.11581819061726263
2026-02-13,La Liga,Elche,Osasuna,D,0.3453169237360077,0.3015361458459902,0.35314693041800205
2026-02-13,Ligue 1,Monaco,Nantes,H,0.6095924058276508,0.23834907039048778,0.1520585237818614
2026-02-13,Ligue 1,Rennes,Paris SG,H,0.1252092419399201,0.1330905291317697,0.7417002289283101
2026-02-13,Serie A,Pisa,Milan,A,0.13799124043966193,0.23355625402767097,0.6284525055326671
2026-02-14,Ligue 1,Paris FC,Lens,A,0.1777465708621363,0.21568606561322612,0.6065673635246376
2026-02-14,Bundesliga,Ein Frankfurt,M'gladbach,H,0.5492613255850008,0.22766599614696395,0.22307267826803517
2026-02-14,Serie A,Lazio,Atalanta,A,0.3515828642671399,0.2535382383953119,0.3948788973375482
2026-02-14,Bundesliga,Hamburg,Union Berlin,H,0.3643421913110526,0.25864410735169396,0.37701370133725337
2026-02-14,La Liga,Espanol,Celta,D,0.3229327553316589,0.28445675587504304,0.3926104887932981
2026-02-14,La Liga,Sevilla,Alaves,D,0.4546757587564167,0.27235124188645415,0.2729729993571291
2026-02-14,Serie A,Inter,Juventus,H,0.5284961353626183,0.29516997328468453,0.17633389135269717
2026-02-14,Bundesliga,Hoffenheim,Freiburg,H,0.5610490963938356,0.22450622454409597,0.21444467906206843
2026-02-14,Bundesliga,Leverkusen,St Pauli,H,0.7051733875146522,0.17180517678786172,0.12302143569748607
2026-02-14,Bundesliga,Werder Bremen,Bayern Munich,A,0.12832280849936378,0.2056346617853846,0.6660425297152517
2026-02-14,Bundesliga,Stuttgart,FC Koln,H,0.6420325148047242,0.225366976833956,0.1326005083613197
2026-02-14,Serie A,Como,Fiorentina,A,0.5548939703260892,0.23152948131925416,0.21357654835465673
2026-02-14,Ligue 1,Lille,Brest,D,0.5080077864824353,0.23203832516713754,0.25995388835042726
2026-02-14,La Liga,Real Madrid,Sociedad,H,0.7378082835264371,0.17823442845950904,0.08395728801405392
2026-02-14,Ligue 1,Marseille,Strasbourg,D,0.5295068585703532,0.2533334031956605,0.21715973823398627
2026-02-14,La Liga,Getafe,Villarreal,H,0.19598209143202652,0.25044159708426794,0.5535763114837056
2026-02-15,La Liga,Levante,Valencia,A,0.4000853978028028,0.2700444176481304,0.32987018454906675
2026-02-15,La Liga,Vallecano,Ath Madrid,H,0.18867159566251945,0.27337933263590297,0.5379490717015775
2026-02-15,Ligue 1,Metz,Auxerre,A,0.36897789325718156,0.2756476238218612,0.35537448292095725
2026-02-15,Serie A,Torino,Bologna,A,0.3260323833849433,0.29556159584875213,0.37840602076630464
2026-02-15,Serie A,Udinese,Sassuolo,A,0.48495284880999345,0.28280794035179735,0.23223921083820934
2026-02-15,Serie A,Cremonese,Genoa,D,0.33235057948402197,0.3011364557827689,0.36651296473320916
2026-02-15,La Liga,Oviedo,Ath Bilbao,A,0.28016762582428345,0.2870161373469696,0.43281623682874704
2026-02-15,Ligue 1,Le Havre,Toulouse,H,0.3493808086965432,0.2906394137177501,0.35997977758570676
2026-02-15,Bundesliga,Augsburg,Heidenheim,H,0.5254159853912816,0.26197488300944777,0.21260913159927067
2026-02-15,Serie A,Napoli,Roma,D,0.4530369217151342,0.2901435526761184,0.2568195256087475
2026-02-15,La Liga,Mallorca,Betis,A,0.2649898462205858,0.3115839874074861,0.4234261663719281
2026-02-15,Ligue 1,Lyon,Nice,H,0.5722185675709333,0.22767076981518214,0.2001106626138847
2026-02-15,Bundesliga,RB Leipzig,Wolfsburg,D,0.6914717345485932,0.18619365818921507,0.12233460726219168
2026-02-15,Serie A,Parma,Verona,H,0.4954959786363134,0.27553853188524136,0.22896548947844528
2026-02-15,Ligue 1,Lorient,Angers,H,0.47685452405821155,0.29238457038252424,0.23076090555926426
2026-02-16,Serie A,Cagliari,Lecce,A,0.47821479705027825,0.2893175990922739,0.232467603857448
2026-02-16,La Liga,Girona,Barcelona,H,0.13316218787990106,0.20462782871753102,0.662209983402568
2026-02-18,Premier League,Wolves,Arsenal,D,0.1390396423865214,0.20240676531855972,0.6585535922949188
2026-02-18,Serie A,Milan,Como,D,0.6078798934769097,0.23026243779839656,0.16185766872469365
2026-02-18,La Liga,Levante,Villarreal,A,0.20794213102557588,0.22723224948173543,0.5648256194926887
2026-02-20,Bundesliga,Mainz,Hamburg,D,0.46016845628419245,0.30771267787314216,0.23211886584266547
2026-02-20,Ligue 1,Brest,Marseille,H,0.36047546012496057,0.2525582564089276,0.38696628346611184
2026-02-20,Serie A,Sassuolo,Verona,H,0.5367496656891817,0.2623739344079473,0.20087639990287107
2026-02-20,La Liga,Ath Bilbao,Elche,H,0.5653363913860061,0.24844934455900558,0.1862142640549883
2026-02-21,Ligue 1,Paris SG,Metz,H,0.8180503205755493,0.1029808202082844,0.07896885921616632
2026-02-21,Bundesliga,RB Leipzig,Dortmund,D,0.29776174634540925,0.27001218680484895,0.43222606684974174
2026-02-21,Premier League,Man City,Newcastle,H,0.6784699784747552,0.17083313542426073,0.15069688610098406
2026-02-21,La Liga,Osasuna,Real Madrid,H,0.17245746255854855,0.22139568173338772,0.6061468557080637
2026-02-21,Premier League,Aston Villa,Leeds,D,0.6588529858429198,0.19421645173141286,0.14693056242566738
2026-02-21,Bundesliga,FC Koln,Hoffenheim,D,0.21915499701495408,0.27126980459368916,0.5095751983913568
2026-02-21,Bundesliga,Union Berlin,Leverkusen,H,0.17563560243537585,0.26482902551445037,0.5595353720501738
2026-02-21,Ligue 1,Lens,Monaco,A,0.6356194330142184,0.22088909221428182,0.14349147477149976
2026-02-21,Bundesliga,Bayern Munich,Ein Frankfurt,H,0.7529214158052877,0.12483847347933381,0.1222401107153784
2026-02-21,La Liga,Sociedad,Oviedo,D,0.5696241848869985,0.2725805027200794,0.15779531239292213
2026-02-21,Premier League,Brentford,Brighton,A,0.4729250957336697,0.27233338627918496,0.2547415179871453
2026-02-21,Premier League,Chelsea,Burnley,D,0.7630891648083816,0.13867947627490254,0.09823135891671583
2026-02-21,La Liga,Betis,Vallecano,D,0.6748307241081781,0.19358618737820701,0.13158308851361483
2026-02-21,Premier League,West Ham,Bournemouth,D,0.2782549877858792,0.26108421419401373,0.46066079802010707
2026-02-21,Serie A,Cagliari,Lazio,D,0.2710570138869764,0.25442703412336387,0.4745159519896598
2026-02-21,Serie A,Juventus,Como,A,0.5838000652924646,0.23166402888929785,0.1845359058182375
2026-02-21,Ligue 1,Toulouse,Paris FC,D,0.5446547635672553,0.25799306341504546,0.1973521730176992
2026-02-21,Bundesliga,Wolfsburg,Augsburg,A,0.4061868456939806,0.2949377138759831,0.29887544043003633
2026-02-21,La Liga,Ath Madrid,Espanol,H,0.6539555136932511,0.199862099483957,0.14618238682279183
2026-02-21,Serie A,Lecce,Inter,A,0.12571241052344495,0.18066468005841602,0.6936229094181391
2026-02-22,Premier League,Sunderland,Fulham,A,0.3233730954665483,0.28285501460617907,0.3937718899272727
2026-02-22,Ligue 1,Angers,Lille,A,0.29623037876036706,0.2512721190792225,0.4524975021604105
2026-02-22,Serie A,Milan,Parma,A,0.7461585133649943,0.16223987908790577,0.09160160754709991
2026-02-22,Serie A,Roma,Cremonese,H,0.7307949875960469,0.17068190835004934,0.09852310405390388
2026-02-22,La Liga,Celta,Mallorca,H,0.5598754285629324,0.2552806738836657,0.184843897553402
2026-02-22,Bundesliga,Freiburg,M'gladbach,H,0.5123290436513085,0.2844891578750566,0.20318179847363493
2026-02-22,Premier League,Tottenham,Arsenal,A,0.15310442365573432,0.23859847043673435,0.6082971059075314
2026-02-22,La Liga,Getafe,Sevilla,A,0.4505994557081392,0.29785390677459844,0.2515466375172623
2026-02-22,Premier League,Nott'm Forest,Liverpool,A,0.2086348838939977,0.24817726084621725,0.5431878552597851
2026-02-22,La Liga,Villarreal,Valencia,H,0.6563740006766641,0.1952715841394339,0.14835441518390194
2026-02-22,Ligue 1,Nice,Lorient,D,0.4417053545329606,0.30402286750632024,0.25427177796071915
2026-02-22,Bundesliga,St Pauli,Werder Bremen,H,0.40994347465001413,0.2553638097381317,0.3346927156118542
2026-02-22,Serie A,Genoa,Torino,H,0.45380667455712626,0.2630543237994643,0.2831390016434095
2026-02-22,Ligue 1,Auxerre,Rennes,A,0.3296460868107526,0.27686787795097534,0.39348603523827214
2026-02-22,Ligue 1,Strasbourg,Lyon,H,0.33937065115655024,0.20740375918377105,0.45322558965967863
2026-02-22,Bundesliga,Heidenheim,Stuttgart,D,0.21392971663137028,0.22723314424697263,0.558837139121657
2026-02-22,La Liga,Barcelona,Levante,H,0.8117193730852709,0.12216700935094597,0.06611361756378312
2026-02-22,Premier League,Crystal Palace,Wolves,H,0.5643625472102358,0.2539964841989389,0.1816409685908253
2026-02-22,Serie A,Atalanta,Napoli,H,0.451192402925155,0.2382622678797392,0.31054532919510586
2026-02-22,Ligue 1,Nantes,Le Havre,H,0.3316038580953237,0.27365727957682495,0.39473886232785144
2026-02-23,Premier League,Everton,Man United,A,0.42032666895407145,0.30350723629328236,0.2761660947526463
2026-02-23,La Liga,Alaves,Girona,D,0.3622780011363706,0.2991465350386075,0.338575463825022
2026-02-23,Serie A,Bologna,Udinese,H,0.49614335686079813,0.26131224395555,0.2425443991836519
2026-02-23,Serie A,Fiorentina,Pisa,H,0.624813575485795,0.23027626939104817,0.1449101551231569
2026-02-27,La Liga,Levante,Alaves,H,0.37640132894971307,0.285628162795134,0.3379705082551529
2026-02-27,Bundesliga,Augsburg,FC Koln,H,0.48519964030761653,0.28021850870076226,0.23458185099162124
2026-02-27,Premier League,Wolves,Aston Villa,H,0.17877305801062124,0.23470590882744352,0.5865210331619354
2026-02-27,Ligue 1,Strasbourg,Lens,D,0.39539947518905305,0.22767835706246528,0.3769221677484816
2026-02-27,Serie A,Parma,Cagliari,D,0.42940306334795425,0.3125228730063534,0.25807406364569224
2026-02-28,Bundesliga,Leverkusen,Mainz,D,0.6600037926079133,0.20358620548390105,0.13641000190818564
2026-02-28,Bundesliga,M'gladbach,Union Berlin,H,0.3911465316617143,0.2821718216951259,0.3266816466431599
2026-02-28,La Liga,Oviedo,Ath Madrid,A,0.2095914776675553,0.21477819676021706,0.5756303255722277
2026-02-28,Premier League,Bournemouth,Sunderland,D,0.6177599726305277,0.22873768537752942,0.1535023419919428
2026-02-28,Serie A,Como,Lecce,H,0.7127881248865142,0.17819739036173646,0.10901448475174921
2026-02-28,Premier League,Newcastle,Everton,A,0.45503326467206034,0.2573385047942122,0.28762823053372744
2026-02-28,Bundesliga,Dortmund,Bayern Munich,A,0.2468864005162907,0.2301909657638644,0.5229226337198449
2026-02-28,La Liga,Barcelona,Villarreal,H,0.6501716956163766,0.23080628065332817,0.11902202373029527
2026-02-28,Bundesliga,Werder Bremen,Heidenheim,H,0.4958956301263601,0.27934000458380903,0.2247643652898307
2026-02-28,La Liga,Vallecano,Ath Bilbao,D,0.3305084427007419,0.2869361175641555,0.38255543973510253
2026-02-28,Premier League,Liverpool,West Ham,H,0.6612847896798076,0.21764042552358415,0.12107478479660823
2026-02-28,Ligue 1,Rennes,Toulouse,H,0.5141066584301185,0.2656998237183139,0.2201935178515676
2026-02-28,Serie A,Verona,Napoli,A,0.1489061954059895,0.22180026900710215,0.6292935355869083
2026-02-28,Bundesliga,Hoffenheim,St Pauli,A,0.7568495535318065,0.14621142433764087,0.09693902213055264
2026-02-28,Premier League,Burnley,Brentford,A,0.19324779217717233,0.22385292546853802,0.5828992823542896
2026-02-28,Serie A,Inter,Genoa,H,0.7683933775478683,0.1616219264113881,0.0699846960407436
2026-02-28,Ligue 1,Le Havre,Paris SG,A,0.15624481695790426,0.21312668688559097,0.6306284961565047
2026-02-28,Premier League,Leeds,Man City,A,0.1567263635696012,0.23987326691984998,0.6034003695105488
2026-02-28,La Liga,Mallorca,Sociedad,A,0.36040401285775564,0.27503531860473474,0.36456066853750957
2026-02-28,Ligue 1,Monaco,Angers,H,0.638529954928511,0.18357320403968846,0.1778968410318006
2026-03-01,Serie A,Torino,Lazio,H,0.2120110521599165,0.2746954422655749,0.5132935055745086
2026-03-01,La Liga,Betis,Sevilla,D,0.6553080082701629,0.21223173137448476,0.1324602603553523
2026-03-01,Bundesliga,Hamburg,RB Leipzig,A,0.27063069626356906,0.2542353284095877,0.4751339753268433
2026-03-01,Premier League,Arsenal,Chelsea,H,0.646709314695646,0.2049023409255277,0.1483883443788263
2026-03-01,Ligue 1,Lille,Nantes,H,0.6269592710416629,0.21013961557462763,0.16290111338370947
2026-03-01,Serie A,Roma,Juventus,D,0.3910787003850493,0.2919119878318633,0.31700931178308733
2026-03-01,Bundesliga,Stuttgart,Wolfsburg,H,0.7332584707474714,0.14958457329098246,0.11715695596154607
2026-03-01,Ligue 1,Marseille,Lyon,H,0.46966097907452775,0.2565120913071354,0.2738269296183369
2026-03-01,Ligue 1,Lorient,Auxerre,D,0.5142964708414962,0.28311405335094664,0.2025894758075571
2026-03-01,Premier League,Man United,Crystal Palace,H,0.5430523678130512,0.2493158236701357,0.2076318085168131
2026-03-01,La Liga,Elche,Espanol,D,0.368288423827786,0.28849348356684235,0.3432180926053717
2026-03-01,La Liga,Girona,Celta,A,0.34816397459525356,0.28630545903623805,0.3655305663685083
2026-03-01,Ligue 1,Paris FC,Nice,H,0.3541587550697788,0.22994039087901091,0.4159008540512103
2026-03-01,Serie A,Cremonese,Milan,A,0.13624735802306454,0.21082300505701645,0.652929636919919
2026-03-01,Serie A,Sassuolo,Atalanta,H,0.15598024042605318,0.19183353128986466,0.652186228284082
2026-03-01,Bundesliga,Ein Frankfurt,Freiburg,H,0.4619859823965893,0.252438808809644,0.28557520879376674
2026-03-01,Ligue 1,Metz,Brest,A,0.21544401657966192,0.26138880839235806,0.5231671750279799
2026-03-01,Premier League,Fulham,Tottenham,H,0.523924948038629,0.2591998015319443,0.21687525042942682
2026-03-01,La Liga,Valencia,Osasuna,H,0.35514251184709794,0.3022139729866424,0.3426435151662597
2026-03-01,Premier League,Brighton,Nott'm Forest,H,0.5303299492266623,0.247354080535402,0.22231597023793567
2026-03-02,Serie A,Pisa,Bologna,A,0.22277956001326824,0.26010689168371426,0.5171135483030175
2026-03-02,La Liga,Real Madrid,Getafe,A,0.8088444472276266,0.13159677730848446,0.05955877546388901
2026-03-02,Serie A,Udinese,Fiorentina,H,0.30986819292187917,0.255832549773207,0.43429925730491376
2026-03-03,Premier League,Leeds,Sunderland,A,0.48099923258806526,0.27491606676351404,0.24408470064842064
2026-03-03,Premier League,Wolves,Liverpool,H,0.1867852779647498,0.23758083329522942,0.5756338887400207
2026-03-03,Premier League,Bournemouth,Brentford,D,0.5178392114270564,0.25183154932691204,0.23032923924603152
2026-03-03,Premier League,Everton,Burnley,H,0.6542930746632041,0.20696331282787872,0.1387436125089173
2026-03-04,Premier League,Fulham,West Ham,A,0.5490460877315962,0.24496806244149374,0.20598584982691
2026-03-04,Premier League,Man City,Nott'm Forest,D,0.7463696415839757,0.15164444041825773,0.10198591799776652
2026-03-04,La Liga,Vallecano,Oviedo,H,0.4877243610909262,0.2883370681396924,0.2239385707693814
2026-03-04,Premier League,Aston Villa,Chelsea,A,0.48146276094027923,0.2695072321984907,0.24903000686123003
2026-03-04,Premier League,Newcastle,Man United,H,0.4424261649076266,0.26666818137747456,0.2909056537148989
2026-03-04,Premier League,Brighton,Arsenal,A,0.2644419735712545,0.2178331259091758,0.5177249005195698
2026-03-04,Bundesliga,Hamburg,Leverkusen,A,0.20373791988388054,0.24948653028384382,0.5467755498322756
2026-03-05,Premier League,Tottenham,Crystal Palace,A,0.2831604809342259,0.24578376686831307,0.471055752197461
2026-03-06,Bundesliga,Bayern Munich,M'gladbach,H,0.7889005779940764,0.13225834323468463,0.07884107877123889
2026-03-06,Ligue 1,Paris SG,Monaco,A,0.7337718174033034,0.16417656890343454,0.10205161369326204
2026-03-06,Serie A,Napoli,Torino,H,0.6816977078365332,0.17661807595907883,0.14168421620438806
2026-03-06,La Liga,Celta,Real Madrid,A,0.19683416934162365,0.23277975165007142,0.570386079008305
2026-03-07,Ligue 1,Toulouse,Marseille,A,0.287459922189411,0.1842288039665198,0.5283112738440693
2026-03-07,La Liga,Osasuna,Mallorca,D,0.5438945331061203,0.29182887883379155,0.16427658806008816
2026-03-07,Ligue 1,Nantes,Angers,A,0.4110341229394112,0.3005710316066304,0.28839484545395844
2026-03-07,La Liga,Levante,Girona,D,0.3558026968648494,0.2697683826231787,0.3744289205119719
2026-03-07,Bundesliga,Heidenheim,Hoffenheim,A,0.20628834183468092,0.23482425522732475,0.5588874029379943
2026-03-07,Serie A,Juventus,Pisa,H,0.7549880976214902,0.14770865128240265,0.09730325109610717
2026-03-07,Bundesliga,Mainz,Stuttgart,D,0.248270123772284,0.2599062732045055,0.4918236030232103
2026-03-07,Serie A,Atalanta,Udinese,D,0.7112044474151156,0.18146569723516803,0.10732985534971647
2026-03-07,La Liga,Ath Bilbao,Barcelona,A,0.20538676148727822,0.2004342212722515,0.5941790172404703
2026-03-07,Bundesliga,Freiburg,Leverkusen,D,0.25981434196276976,0.27268807222521657,0.4674975858120136
2026-03-07,Serie A,Cagliari,Como,A,0.22857645693169795,0.23309405371967412,0.538329489348628
2026-03-07,La Liga,Ath Madrid,Sociedad,H,0.6086828058125577,0.2372419601088061,0.15407523407863616
2026-03-07,Bundesliga,RB Leipzig,Augsburg,H,0.6145227099689414,0.23524318703012384,0.15023410300093468
2026-03-07,Bundesliga,Wolfsburg,Hamburg,A,0.3416384094804247,0.2899110344259367,0.3684505560936386
2026-03-07,Bundesliga,FC Koln,Dortmund,A,0.14529410445643712,0.21235538470514573,0.6423505108384172
2026-03-07,Ligue 1,Auxerre,Strasbourg,D,0.2377574620708278,0.2718630957871593,0.49037944214201284
2026-03-08,Serie A,Bologna,Verona,A,0.6412553250181652,0.2061053593963738,0.15263931558546104
2026-03-08,La Liga,Getafe,Betis,H,0.23743844579507212,0.27987117226299674,0.48269038194193115
2026-03-08,Serie A,Fiorentina,Parma,D,0.5173453731570055,0.27051947245982183,0.21213515438317262
2026-03-08,Bundesliga,Union Berlin,Werder Bremen,A,0.4425372675243692,0.27625884911260323,0.28120388336302754
2026-03-08,Ligue 1,Lyon,Paris FC,D,0.6861308338418197,0.17911771094315654,0.13475145521502385
2026-03-08,Ligue 1,Nice,Rennes,A,0.41426008544843285,0.27123639872220995,0.3145035158293573
2026-03-08,Ligue 1,Lens,Metz,H,0.7645577168273668,0.14293473963390824,0.09250754353872492
2026-03-08,Serie A,Milan,Inter,H,0.18689018553892903,0.28252762354431893,0.5305821909167521
2026-03-08,Bundesliga,St Pauli,Ein Frankfurt,D,0.223001794202692,0.25903976934297235,0.5179584364543357
2026-03-08,Serie A,Genoa,Roma,H,0.20351063481988257,0.2352525968747258,0.5612367683053915
2026-03-08,La Liga,Villarreal,Elche,H,0.6788029771067375,0.20756397734165255,0.11363304555160987
2026-03-08,La Liga,Valencia,Alaves,H,0.4830034770998149,0.2962161137807797,0.22078040911940544
2026-03-08,La Liga,Sevilla,Vallecano,D,0.38993544478310754,0.2809001229393619,0.3291644322775306
2026-03-08,Serie A,Lecce,Cremonese,H,0.5319991433909019,0.2445058384428843,0.22349501816621378
2026-03-08,Ligue 1,Brest,Le Havre,H,0.6057242961527244,0.23344090039320414,0.16083480345407147
2026-03-08,Ligue 1,Lille,Lorient,D,0.5672801416397496,0.2498487373433737,0.18287112101687672
2026-03-09,Serie A,Lazio,Sassuolo,H,0.564674643236302,0.2245398547539546,0.21078550200974341
2026-03-09,La Liga,Espanol,Oviedo,D,0.5215813806770628,0.25295652020188186,0.2254620991210554
2026-03-13,Ligue 1,Marseille,Auxerre,H,0.6151040881963847,0.21711133373690503,0.16778457806671015
2026-03-13,Serie A,Torino,Parma,H,0.3992321528785698,0.29554467023031694,0.3052231768911132
2026-03-13,Bundesliga,M'gladbach,St Pauli,H,0.42125355330716907,0.30864198283872923,0.27010446385410164
2026-03-13,La Liga,Alaves,Villarreal,D,0.2260428840631013,0.22613743327996771,0.547819682656931
2026-03-14,Bundesliga,Hoffenheim,Wolfsburg,D,0.6684574171134451,0.21126740609849753,0.12027517678805733
2026-03-14,Bundesliga,Leverkusen,Bayern Munich,D,0.17934898610231884,0.25114973351937137,0.5695012803783097
2026-03-14,Premier League,Sunderland,Brighton,A,0.25675929483275245,0.2723447379061899,0.4708959672610577
2026-03-14,Premier League,Burnley,Bournemouth,D,0.19518416194671792,0.26258272145034656,0.5422331166029356
2026-03-14,Premier League,Arsenal,Everton,H,0.732685060226125,0.15746684017723087,0.10984809959664421
2026-03-14,Bundesliga,Hamburg,FC Koln,D,0.4822321639694583,0.259831371941092,0.2579364640894497
2026-03-14,La Liga,Girona,Ath Bilbao,H,0.31975313736190114,0.2898340277792959,0.39041283485880296
2026-03-14,La Liga,Oviedo,Valencia,H,0.36127088133553903,0.2970339395881042,0.3416951790763568
2026-03-14,Bundesliga,Ein Frankfurt,Heidenheim,H,0.6825770355117444,0.18643052213026406,0.13099244235799148
2026-03-14,Ligue 1,Monaco,Brest,H,0.48326077092751096,0.30019194266307603,0.21654728640941304
2026-03-14,Serie A,Inter,Atalanta,D,0.6469133930705537,0.2114790858950375,0.1416075210344087
2026-03-14,Premier League,Chelsea,Newcastle,A,0.625868663509013,0.20786605479611558,0.16626528169487145
2026-03-14,Serie A,Udinese,Juventus,A,0.16697274644842924,0.21425670904571087,0.6187705445058599
2026-03-14,Ligue 1,Lorient,Lens,H,0.23196284207112955,0.2673495639386092,0.5006875939902612
2026-03-14,Premier League,West Ham,Man City,D,0.16871464997917746,0.24474947497631988,0.5865358750445027
2026-03-14,Bundesliga,Dortmund,Augsburg,H,0.778052125748543,0.13790074030285637,0.08404713394860062
2026-03-14,La Liga,Real Madrid,Elche,H,0.8166261486716663,0.12475351615260287,0.05862033517573092
2026-03-14,Ligue 1,Angers,Nice,A,0.35537269614537115,0.2634359872005138,0.38119131665411504
2026-03-14,La Liga,Ath Madrid,Getafe,H,0.5993186263350851,0.26873248040060355,0.13194889326431136
2026-03-14,Serie A,Napoli,Lecce,H,0.6883351258719881,0.1796653201344676,0.13199955399354438
2026-03-15,La Liga,Betis,Celta,D,0.4610784081315492,0.28777533551754303,0.25114625635090776
2026-03-15,Ligue 1,Rennes,Lille,A,0.4926362348111113,0.2546585666132596,0.252705198575629
2026-03-15,Serie A,Como,Roma,H,0.4178516460787238,0.26423036079567264,0.31791799312560365
2026-03-15,Bundesliga,Stuttgart,RB Leipzig,H,0.5377821498610308,0.22015969485231,0.24205815528665922
2026-03-15,Premier League,Crystal Palace,Leeds,D,0.5190496374535556,0.2512063931757524,0.22974396937069202
2026-03-15,Bundesliga,Freiburg,Union Berlin,A,0.5127466010410312,0.2716486293827419,0.21560476957622682
2026-03-15,Serie A,Pisa,Cagliari,H,0.37189579103483916,0.30061316228960805,0.32749104667555284
2026-03-15,Serie A,Sassuolo,Bologna,A,0.3058841354537424,0.2683519504587409,0.4257639140875167
2026-03-15,Ligue 1,Le Havre,Lyon,D,0.21016665333005255,0.21855716727421287,0.5712761793957346
2026-03-15,Serie A,Verona,Genoa,A,0.28645671433051073,0.28728292430504865,0.4262603613644406
2026-03-15,La Liga,Sociedad,Osasuna,H,0.49335544904911394,0.2571735482881318,0.24947100266275427
2026-03-15,Ligue 1,Metz,Toulouse,A,0.22686099353781464,0.2417051439825139,0.5314338624796715
2026-03-15,Ligue 1,Strasbourg,Paris FC,D,0.5678169334084355,0.2499432996701188,0.18223976692144575
2026-03-15,Bundesliga,Werder Bremen,Mainz,A,0.39972765854956116,0.28386055945663213,0.31641178199380665
2026-03-15,Premier League,Nott'm Forest,Fulham,D,0.37922668395566006,0.28226622755597175,0.33850708848836814
2026-03-15,La Liga,Barcelona,Sevilla,H,0.8296059158044463,0.1158375979820672,0.05455648621348637
2026-03-15,Premier League,Liverpool,Tottenham,D,0.6924499796778973,0.1919846576985982,0.11556536262350439
2026-03-15,Premier League,Man United,Aston Villa,H,0.4779908943321051,0.25651451351346155,0.2654945921544332
2026-03-15,La Liga,Mallorca,Espanol,H,0.4103280862349512,0.3104251595754848,0.27924675418956396
2026-03-15,Serie A,Lazio,Milan,H,0.18690769646132663,0.24783250745950483,0.5652597960791685
2026-03-16,Serie A,Cremonese,Fiorentina,A,0.24484524078429012,0.2860438773166837,0.4691108818990263
2026-03-16,La Liga,Vallecano,Levante,D,0.5185452372952211,0.27149198169863964,0.20996278100613924
2026-03-16,Premier League,Brentford,Wolves,D,0.6371170508812257,0.21424558755199855,0.14863736156677576
2026-03-20,Premier League,Bournemouth,Man United,D,0.396819760709534,0.2457377618168958,0.3574424774735701
2026-03-20,Serie A,Genoa,Udinese,A,0.5048073446336505,0.27171363595066245,0.2234790194156871
2026-03-20,Bundesliga,RB Leipzig,Hoffenheim,H,0.5326360552570106,0.24991714744115812,0.21744679730183128
2026-03-20,Serie A,Cagliari,Napoli,A,0.17123715853877708,0.24415416646946628,0.5846086749917567
2026-03-20,La Liga,Villarreal,Sociedad,H,0.581120242338387,0.24315543397255668,0.17572432368905636
2026-03-20,Ligue 1,Lens,Angers,H,0.7652381880485547,0.12074733901426637,0.11401447293717888
2026-03-21,Ligue 1,Nice,Paris SG,A,0.1608795096950429,0.20687105442666637,0.6322494358782909
2026-03-21,Serie A,Juventus,Sassuolo,D,0.7560914475105707,0.14930968397624741,0.09459886851318193
2026-03-21,Ligue 1,Toulouse,Lorient,H,0.3873814797780248,0.315627975081509,0.2969905451404662
2026-03-21,Bundesliga,Heidenheim,Leverkusen,D,0.16207485439083563,0.22560625196726922,0.6123188936418952
2026-03-21,Premier League,Brighton,Liverpool,H,0.3254539950702778,0.25871610656993776,0.41582989835978446
2026-03-21,La Liga,Levante,Oviedo,H,0.5021451518985949,0.2644132624439182,0.23344158565748696
2026-03-21,Premier League,Fulham,Burnley,H,0.5997458121902518,0.2265838600351172,0.17367032777463098
2026-03-21,Bundesliga,FC Koln,M'gladbach,D,0.43130905404506226,0.2590882244272764,0.3096027215276613
2026-03-21,La Liga,Espanol,Getafe,A,0.4119640940102617,0.3164957225270468,0.27154018346269165
2026-03-21,Ligue 1,Auxerre,Brest,H,0.2679760453604354,0.26598077068978176,0.4660431839497827
2026-03-21,Bundesliga,Dortmund,Hamburg,H,0.777906517524412,0.1452009976949391,0.07689248478064885
2026-03-21,Premier League,Everton,Chelsea,H,0.3715251387241167,0.2558724427327738,0.37260241854310955
2026-03-21,Premier League,Leeds,Brentford,D,0.2999326737527356,0.2131220970724695,0.4869452291747949
2026-03-21,La Liga,Osasuna,Girona,H,0.4344856691582392,0.30642428539374816,0.2590900454480127
2026-03-21,La Liga,Sevilla,Valencia,A,0.4092004872082173,0.3078721029849289,0.28292740980685377
2026-03-21,Serie A,Parma,Cremonese,A,0.6167781548167925,0.21341755359373768,0.16980429158946977
2026-03-21,La Liga,Elche,Mallorca,H,0.39883820621208105,0.28533529638114563,0.31582649740677327
2026-03-21,Serie A,Milan,Torino,H,0.6645427642449819,0.2028883754196173,0.13256886033540072
2026-03-21,Bundesliga,Bayern Munich,Union Berlin,H,0.78816670077011,0.11676960873860832,0.0950636904912818
2026-03-21,Bundesliga,Wolfsburg,Werder Bremen,A,0.39370628771528804,0.260571705533708,0.345722006751004
2026-03-22,Serie A,Roma,Lecce,H,0.7004793181399132,0.18133631394734268,0.11818436791274414
2026-03-22,Bundesliga,St Pauli,Freiburg,A,0.2816695901790286,0.27773205216778313,0.4405983576531883
2026-03-22,Bundesliga,Mainz,Ein Frankfurt,H,0.377360269113381,0.27280761315365604,0.34983211773296297
2026-03-22,Ligue 1,Paris FC,Le Havre,H,0.40000616674957007,0.3228912112130539,0.27710262203737607
2026-03-22,Serie A,Atalanta,Verona,H,0.7179619754090277,0.17194562250198803,0.11009240208898433
2026-03-22,La Liga,Real Madrid,Ath Madrid,H,0.6390371684522677,0.20685963530438736,0.154103196243345
2026-03-22,Serie A,Como,Pisa,H,0.731709934095483,0.14922007478404273,0.11906999112047431
2026-03-22,Premier League,Aston Villa,West Ham,H,0.5897790226085109,0.21735362572994565,0.19286735166154348
2026-03-22,La Liga,Barcelona,Vallecano,H,0.7908861876460117,0.13274811284207166,0.0763656995119167
2026-03-22,Premier League,Tottenham,Nott'm Forest,A,0.34684843457418657,0.2547198384671539,0.39843172695865947
2026-03-22,La Liga,Celta,Alaves,A,0.5992029817570815,0.2483989282121448,0.15239809003077376
2026-03-22,Ligue 1,Rennes,Metz,D,0.7363598102895808,0.17016786627501285,0.09347232343540646
2026-03-22,Serie A,Bologna,Lazio,A,0.4470220672173445,0.2867019274742305,0.26627600530842493
2026-03-22,Serie A,Fiorentina,Inter,D,0.1575871342404008,0.19673123033743323,0.645681635422166
2026-03-22,La Liga,Ath Bilbao,Betis,H,0.44525636528562706,0.2773647211788024,0.2773789135355706
2026-03-22,Bundesliga,Augsburg,Stuttgart,A,0.21423738474457255,0.26811673845618156,0.5176458767992458
2026-03-22,Ligue 1,Marseille,Lille,A,0.4909110360617647,0.265762522961901,0.2433264409763342
2026-03-22,Premier League,Newcastle,Sunderland,A,0.5871972950628058,0.22886958640112953,0.18393311853606456
2026-03-22,Ligue 1,Nantes,Strasbourg,A,0.21386920263184875,0.24704838974266705,0.5390824076254842
2026-03-22,Ligue 1,Lyon,Monaco,A,0.44552538093697147,0.24486350001636617,0.3096111190466624
2026-04-03,La Liga,Vallecano,Elche,H,0.526523321647514,0.2770076755120732,0.19646900284041277
2026-04-03,Ligue 1,Paris SG,Toulouse,H,0.7640461149337295,0.1378898240286412,0.09806406103762927
2026-04-04,La Liga,Ath Madrid,Barcelona,A,0.2485156236613908,0.26005505471105217,0.4914293216275571
2026-04-04,La Liga,Sociedad,Levante,H,0.5231639068600611,0.29596600151615543,0.18087009162378345
2026-04-04,Serie A,Sassuolo,Cagliari,H,0.4178022957627281,0.29423555111423194,0.28796215312303997
2026-04-04,Bundesliga,Freiburg,Bayern Munich,A,0.1297049168760942,0.18024156226815508,0.6900535208557508
2026-04-04,Ligue 1,Brest,Rennes,A,0.3714796101971451,0.3196161692905614,0.30890422051229355
2026-04-04,Serie A,Verona,Fiorentina,A,0.21605744633694043,0.24030638701988752,0.543636166643172
2026-04-04,Bundesliga,Stuttgart,Dortmund,A,0.35215063217051173,0.22131295044459978,0.4265364173848884
2026-04-04,Bundesliga,Hamburg,Augsburg,D,0.3660807500099848,0.31682002303312196,0.31709922695689335
2026-04-04,Bundesliga,Werder Bremen,RB Leipzig,A,0.21620217326407823,0.27817412214493753,0.5056237045909842
2026-04-04,La Liga,Mallorca,Real Madrid,H,0.12586657944407986,0.18282531020829698,0.6913081103476231
2026-04-04,Ligue 1,Lille,Lens,H,0.35455065458993995,0.3134278427805166,0.33202150262954344
2026-04-04,Ligue 1,Strasbourg,Nice,H,0.5676795153576909,0.23066839304741388,0.2016520915948953
2026-04-04,Bundesliga,Hoffenheim,Mainz,A,0.4163166858188573,0.33056717047240236,0.25311614370874036
2026-04-04,Bundesliga,M'gladbach,Heidenheim,D,0.4712610307485976,0.3213319786377169,0.20740699061368562
2026-04-04,La Liga,Betis,Espanol,D,0.6051439129018177,0.25286799497626966,0.14198809212191266
2026-04-04,Bundesliga,Leverkusen,Wolfsburg,H,0.7120012063715182,0.18913546614157886,0.09886332748690292
2026-04-04,Serie A,Lazio,Parma,D,0.5788197630749701,0.24110030511166247,0.1800799318133674
2026-04-05,Ligue 1,Monaco,Marseille,H,0.5205818180337931,0.2386812023024822,0.2407369796637247
2026-04-05,Serie A,Cremonese,Bologna,A,0.2022125584438115,0.2634709371736448,0.5343165043825436
2026-04-05,Serie A,Inter,Roma,H,0.684847093815939,0.1862062986333787,0.1289466075506822
2026-04-05,Ligue 1,Metz,Nantes,D,0.33145222853923023,0.2762277937092772,0.39231997775149263
2026-04-05,Bundesliga,Union Berlin,St Pauli,D,0.3937474614203021,0.30522915419522806,0.3010233843844699
2026-04-05,Ligue 1,Lorient,Paris FC,D,0.4330058295715124,0.31206847816135935,0.25492569226712825
2026-04-05,La Liga,Valencia,Celta,A,0.34073690179192917,0.34456483176856784,0.31469826643950294
2026-04-05,La Liga,Getafe,Ath Bilbao,H,0.30197712274779565,0.28199631216429455,0.41602656508790986
2026-04-05,Ligue 1,Angers,Lyon,D,0.1816005763455766,0.20812241007120413,0.6102770135832194
2026-04-05,La Liga,Oviedo,Sevilla,H,0.38336604051775436,0.3346717436328202,0.28196221584942543
2026-04-05,Ligue 1,Le Havre,Auxerre,D,0.38566276894486995,0.3007670687037393,0.3135701623513907
2026-04-05,Bundesliga,Ein Frankfurt,FC Koln,D,0.5709771504961682,0.2676666813795049,0.161356168124327
2026-04-05,La Liga,Alaves,Osasuna,D,0.33660106246225197,0.2922956097996495,0.37110332773809845
2026-04-05,Serie A,Pisa,Torino,A,0.3115930285622435,0.2509842413855073,0.43742273005224924
2026-04-06,Serie A,Juventus,Genoa,H,0.7028337622972617,0.17396859015353086,0.12319764754920742
2026-04-06,Serie A,Napoli,Milan,H,0.39017548785571493,0.315766448867253,0.2940580632770321
2026-04-06,Serie A,Lecce,Atalanta,A,0.18333595001356398,0.23171837095214876,0.5849456790342873
2026-04-06,Serie A,Udinese,Como,D,0.1751197270985391,0.23553376861409528,0.5893465042873657
2026-04-06,La Liga,Girona,Villarreal,H,0.24001862186784098,0.2633090988416825,0.4966722792904764
2026-04-10,Premier League,West Ham,Wolves,H,0.416994879099196,0.312613034109997,0.2703920867908069
2026-04-10,Ligue 1,Paris FC,Monaco,H,0.22846381923732015,0.2394434063459292,0.5320927744167506
2026-04-10,Bundesliga,Augsburg,Hoffenheim,D,0.3379640205024776,0.27030056267513913,0.3917354168223833
2026-04-10,Serie A,Roma,Pisa,H,0.688080696106981,0.20369605521330536,0.10822324867971368
2026-04-10,La Liga,Real Madrid,Girona,D,0.7449699373461537,0.14924882457410266,0.10578123807974374
2026-04-10,Ligue 1,Marseille,Metz,H,0.7535978237723215,0.1395461062812214,0.10685606994645701
2026-04-11,La Liga,Sociedad,Alaves,D,0.6073677493988442,0.22233434544156125,0.17029790515959453
2026-04-11,La Liga,Barcelona,Espanol,H,0.8254786332720687,0.11980240199001131,0.05471896473791989
2026-04-11,Serie A,Atalanta,Juventus,A,0.40879230994683885,0.2933941348091119,0.29781355524404923
2026-04-11,Bundesliga,Wolfsburg,Ein Frankfurt,A,0.26469931476427877,0.2189538271625447,0.5163468580731765
2026-04-11,Premier League,Arsenal,Bournemouth,A,0.7262906706937965,0.147850107268368,0.12585922203783548
2026-04-11,Serie A,Milan,Udinese,A,0.6217970516826323,0.24919161707607915,0.12901133124128855
2026-04-11,Premier League,Burnley,Brighton,A,0.194625090056002,0.26705798022747934,0.5383169297165187
2026-04-11,Premier League,Brentford,Everton,D,0.46623785515119737,0.2595007876322822,0.27426135721652045
2026-04-11,Bundesliga,St Pauli,Bayern Munich,A,0.12906594247573586,0.1788975624015345,0.6920364951227296
2026-04-11,La Liga,Sevilla,Ath Madrid,H,0.2114434375128954,0.2502940786395981,0.5382624838475064
2026-04-11,Serie A,Cagliari,Cremonese,H,0.4710492102484194,0.28317424840753214,0.2457765413440484
2026-04-11,Bundesliga,Dortmund,Leverkusen,A,0.4080688590494507,0.30360409124692145,0.28832704970362777
2026-04-11,La Liga,Elche,Valencia,H,0.3808742018612378,0.27788391682783836,0.3412418813109238
2026-04-11,Serie A,Torino,Verona,H,0.5409498810731881,0.28787980039773164,0.17117031852908027
2026-04-11,Bundesliga,RB Leipzig,M'gladbach,H,0.7080320234276208,0.1751196414802363,0.11684833509214282
2026-04-11,Premier League,Liverpool,Fulham,H,0.6074089769346358,0.2321497932265128,0.16044122983885145
2026-04-11,Ligue 1,Auxerre,Nantes,D,0.47680208972534266,0.31958290535012257,0.2036150049245349
2026-04-11,Ligue 1,Rennes,Angers,H,0.675452018434429,0.16781241060575608,0.15673557095981483
2026-04-11,Bundesliga,Heidenheim,Union Berlin,H,0.29653258909153,0.235272350412274,0.4681950604961959
2026-04-12,La Liga,Osasuna,Betis,D,0.3969253064928833,0.27962691831522446,0.32344777519189216
2026-04-12,Serie A,Parma,Napoli,D,0.18976075129485181,0.2235216462425132,0.5867176024626349
2026-04-12,Serie A,Como,Inter,A,0.3207051472050217,0.24253006415589032,0.4367647886390881
2026-04-12,Bundesliga,Mainz,Freiburg,A,0.4195603939565258,0.2999008574771815,0.28053874856629263
2026-04-12,Serie A,Genoa,Sassuolo,H,0.41184383883231684,0.3129044026034646,0.27525175856421846
2026-04-12,Premier League,Crystal Palace,Newcastle,H,0.4248681365865026,0.2876191873337993,0.28751267607969805
2026-04-12,Serie A,Bologna,Lecce,H,0.5576503394655904,0.24113011965203995,0.20121954088236974
2026-04-12,La Liga,Celta,Oviedo,A,0.5809650983217166,0.23361542096753726,0.18541948071074618
2026-04-12,Bundesliga,FC Koln,Werder Bremen,H,0.3839358134431467,0.29063223048274156,0.32543195607411174
2026-04-12,Ligue 1,Toulouse,Lille,A,0.25255320216761745,0.25621360840079976,0.4912331894315827
2026-04-12,Premier League,Chelsea,Man City,A,0.33319747009982714,0.25272181025518586,0.41408071964498694
2026-04-12,La Liga,Ath Bilbao,Villarreal,A,0.31988821779733423,0.278713108722114,0.4013986734805517
2026-04-12,Ligue 1,Nice,Le Havre,D,0.4598813439910403,0.2645693757489249,0.2755492802600347
2026-04-12,Ligue 1,Lyon,Lorient,H,0.5420123607397002,0.2553834485365669,0.20260419072373284
2026-04-12,Premier League,Sunderland,Tottenham,H,0.4679942560829544,0.29106388363961155,0.24094186027743397
2026-04-12,Bundesliga,Stuttgart,Hamburg,H,0.7127701847483235,0.16617982110237395,0.12104999414930251
2026-04-12,La Liga,Mallorca,Vallecano,H,0.3782290679533746,0.28686293762517234,0.33490799442145314
2026-04-12,Premier League,Nott'm Forest,Aston Villa,D,0.29222390864887476,0.2505394674437952,0.45723662390733005
2026-04-13,Premier League,Man United,Leeds,A,0.6992145571923281,0.17957445704488137,0.12121098576279052
2026-04-13,Serie A,Fiorentina,Lazio,H,0.39914802686660156,0.2967709647475513,0.3040810083858472
2026-04-13,La Liga,Levante,Getafe,H,0.39705455295243863,0.3089816011614134,0.29396384588614793
2026-04-17,Ligue 1,Lens,Toulouse,H,0.7087419980755987,0.17418016683913604,0.11707783508526527
2026-04-17,Serie A,Inter,Cagliari,H,0.8092016232076112,0.11283698951233674,0.07796138728005207
2026-04-17,Serie A,Sassuolo,Como,H,0.23050532203945662,0.23222071446467651,0.537273963495867
2026-04-17,Bundesliga,St Pauli,FC Koln,D,0.3845262985788207,0.28323368129884563,0.3322400201223336
2026-04-18,Premier League,Tottenham,Brighton,D,0.21931626030737225,0.2977474178516338,0.4829363218409939
2026-04-18,Serie A,Udinese,Parma,A,0.5606216264525588,0.24322984211688234,0.19614853143055885
2026-04-18,Premier League,Brentford,Fulham,D,0.49294690599531715,0.25820763606617003,0.24884545793851276
2026-04-18,Serie A,Napoli,Lazio,A,0.5897649374362416,0.25531624446413226,0.15491881809962618
2026-04-18,Premier League,Chelsea,Man United,A,0.5212119979318612,0.21646202904134962,0.2623259730267892
2026-04-18,Premier League,Leeds,Wolves,H,0.4792021389225613,0.27120780217022045,0.2495900589072184
2026-04-18,Ligue 1,Lorient,Marseille,H,0.2258954060739326,0.2865085971451198,0.4875959967809476
2026-04-18,Bundesliga,Werder Bremen,Hamburg,H,0.4568763792665374,0.2872602580114873,0.2558633627219753
2026-04-18,Serie A,Roma,Atalanta,D,0.4608211812088329,0.2560936234480417,0.2830851953431253
2026-04-18,Ligue 1,Angers,Le Havre,D,0.4143581561296145,0.2729635494296001,0.3126782944407855
2026-04-18,Bundesliga,Leverkusen,Augsburg,A,0.75360183896277,0.13152275327137997,0.11487540776584997
2026-04-18,Bundesliga,Hoffenheim,Dortmund,H,0.22058493722213668,0.25511649764878014,0.5242985651290831
2026-04-18,Ligue 1,Lille,Nice,D,0.650046611017224,0.15963294493044355,0.19032044405233237
2026-04-18,Bundesliga,Union Berlin,Wolfsburg,A,0.47450803110492595,0.28148463759841136,0.2440073312966627
2026-04-18,Premier League,Newcastle,Bournemouth,A,0.5017973385931094,0.2238360728498175,0.2743665885570732
2026-04-18,Bundesliga,Ein Frankfurt,RB Leipzig,A,0.41320915255110136,0.2517412803772413,0.3350495670716573
2026-04-19,Bundesliga,Freiburg,Heidenheim,H,0.6105384871348828,0.22578656264288063,0.16367495022223663
2026-04-19,Premier League,Nott'm Forest,Burnley,H,0.6630636764570407,0.19492990953125816,0.14200641401170125
2026-04-19,Serie A,Verona,Milan,A,0.16826201171547794,0.20579072630355452,0.6259472619809675
2026-04-19,Bundesliga,Bayern Munich,Stuttgart,H,0.6934105019041271,0.19240051459817198,0.11418898349770086
2026-04-19,Serie A,Cremonese,Torino,D,0.2945254730450329,0.30494522463623547,0.4005293023187316
2026-04-19,Serie A,Pisa,Genoa,A,0.26975153954538017,0.24529325452954834,0.48495520592507146
2026-04-19,Ligue 1,Monaco,Auxerre,D,0.7143983912827887,0.19286090996972027,0.09274069874749115
2026-04-19,Ligue 1,Paris SG,Lyon,A,0.6980861054584501,0.17771886897856645,0.12419502556298334
2026-04-19,Premier League,Everton,Liverpool,A,0.3663566524477828,0.2431765254867655,0.3904668220654517
2026-04-19,Bundesliga,M'gladbach,Mainz,D,0.3564328377857362,0.28119738785206483,0.36236977436219897
2026-04-19,Premier League,Aston Villa,Sunderland,H,0.6269959555563407,0.21371253716861296,0.1592915072750464
2026-04-19,Ligue 1,Metz,Paris FC,A,0.2460373146256214,0.3041486377958295,0.4498140475785491
2026-04-19,Ligue 1,Strasbourg,Rennes,A,0.4625123752700997,0.25486282824294004,0.28262479648696026
2026-04-19,Ligue 1,Nantes,Brest,D,0.27208376523053535,0.21612720625692172,0.5117890285125429
2026-04-19,Premier League,Man City,Arsenal,H,0.38550096333200434,0.3087453472702168,0.3057536893977789
2026-04-19,Serie A,Juventus,Bologna,H,0.6147123988578564,0.2428005655513877,0.14248703559075573
2026-04-20,Premier League,Crystal Palace,West Ham,D,0.48747693255364755,0.29185729792199505,0.2206657695243574
2026-04-20,Serie A,Lecce,Fiorentina,D,0.2330480934531075,0.2899224002010437,0.47702950634584873
2026-04-21,La Liga,Mallorca,Valencia,D,0.39640468974166626,0.3072190780392491,0.29637623221908466
2026-04-21,La Liga,Ath Bilbao,Osasuna,H,0.4208193453783038,0.3032182714351172,0.27596238318657906
2026-04-21,Premier League,Brighton,Chelsea,H,0.4932505422468326,0.25857615745702395,0.24817330029614332
2026-04-21,La Liga,Girona,Betis,A,0.35286418213893816,0.27400228902784013,0.37313352883322176
2026-04-21,La Liga,Real Madrid,Alaves,H,0.7826422262187057,0.12232735638839229,0.09503041739290204
2026-04-22,La Liga,Elche,Ath Madrid,H,0.2050633959176849,0.24949175949519184,0.5454448445871233
2026-04-22,La Liga,Barcelona,Celta,H,0.8013715783172506,0.11436741412819326,0.08426100755455625
2026-04-22,Premier League,Burnley,Man City,A,0.11914214184354868,0.15887463093141127,0.72198322722504
2026-04-22,La Liga,Sociedad,Getafe,A,0.5439405305892172,0.2702918547538665,0.18576761465691627
2026-04-22,Premier League,Bournemouth,Leeds,D,0.550453229275089,0.2592068278205317,0.19033994290437936
2026-04-22,Ligue 1,Paris SG,Nantes,H,0.8225003652862117,0.1131647436335609,0.06433489108022733
2026-04-23,La Liga,Vallecano,Espanol,H,0.46259987932615737,0.32862762032875387,0.20877250034508887
2026-04-23,La Liga,Oviedo,Villarreal,D,0.2132795850957835,0.25226655173246004,0.5344538631717565
2026-04-23,La Liga,Levante,Sevilla,H,0.4201646792235628,0.2993797606905933,0.2804555600858439
2026-04-24,Bundesliga,RB Leipzig,Union Berlin,H,0.7635666227247584,0.1372951874213899,0.09913818985385173
2026-04-24,Premier League,Sunderland,Nott'm Forest,A,0.35727839217271995,0.28636886776115356,0.3563527400661265
2026-04-24,Serie A,Napoli,Cremonese,H,0.6817345510994076,0.19975922922945008,0.1185062196711423
2026-04-24,Ligue 1,Brest,Lens,D,0.3089932447618445,0.25176161225651733,0.43924514298163814
2026-04-24,La Liga,Betis,Real Madrid,D,0.27443625592292004,0.23921246864567194,0.48635127543140805
2026-04-25,Bundesliga,Augsburg,Ein Frankfurt,D,0.3272974205182209,0.26553256293125094,0.4071700165505282
2026-04-25,Serie A,Verona,Lecce,D,0.34592617108228585,0.27991197531881196,0.37416185359890214
2026-04-25,Bundesliga,FC Koln,Leverkusen,A,0.18800474575572348,0.2328783234447434,0.5791169307995331
2026-04-25,Ligue 1,Lyon,Auxerre,H,0.6623913904097357,0.20862872192441678,0.1289798876658476
2026-04-25,La Liga,Getafe,Barcelona,A,0.20165083240314335,0.2798404284335655,0.5185087391632911
2026-04-25,Bundesliga,Mainz,Bayern Munich,A,0.1323085885115477,0.20334818814651023,0.6643432233419421
2026-04-25,Premier League,Fulham,Aston Villa,H,0.31133862547581453,0.24942870004154108,0.4392326744826444
2026-04-25,Premier League,Wolves,Tottenham,A,0.4746677911971605,0.2593175455470835,0.26601466325575596
2026-04-25,Serie A,Parma,Pisa,H,0.4902284252481814,0.3026858046715599,0.20708577008025875
2026-04-25,Premier League,West Ham,Everton,H,0.31474988642506,0.27061880605088495,0.41463130752405497
2026-04-25,Serie A,Bologna,Roma,A,0.34877385817076373,0.2455837616791163,0.40564238015011994
2026-04-25,La Liga,Ath Madrid,Ath Bilbao,H,0.6084657261509501,0.20218966135432892,0.18934461249472107
2026-04-25,Ligue 1,Angers,Paris SG,A,0.12966466021945042,0.2094439760827063,0.6608913636978434
2026-04-25,Bundesliga,Heidenheim,St Pauli,H,0.5424549391678241,0.20426268987653176,0.2532823709556442
2026-04-25,La Liga,Alaves,Mallorca,H,0.42863715098267097,0.3068467037010433,0.2645161453162857
2026-04-25,Ligue 1,Toulouse,Monaco,D,0.2373279585561601,0.2518889462963608,0.5107830951474791
2026-04-25,Premier League,Arsenal,Newcastle,H,0.6967647879989818,0.14618801826642613,0.15704719373459197
2026-04-25,La Liga,Valencia,Girona,H,0.40774517229402,0.29593521431716924,0.29631961338881074
2026-04-25,Premier League,Liverpool,Crystal Palace,H,0.6154299789515207,0.23861589949847242,0.14595412155000687
2026-04-25,Bundesliga,Hamburg,Hoffenheim,A,0.2843446948056473,0.23419070483415283,0.4814646003601999
2026-04-25,Bundesliga,Wolfsburg,M'gladbach,D,0.3760734883907498,0.26740160894407866,0.3565249026651715
2026-04-26,Serie A,Torino,Inter,D,0.16378759998438158,0.20714475364108492,0.6290676463745335
2026-04-26,Bundesliga,Stuttgart,Werder Bremen,D,0.691287515009974,0.1699295991251128,0.13878288586491314
2026-04-26,Ligue 1,Paris FC,Lille,A,0.24783464713228198,0.22658832452915018,0.5255770283385678
2026-04-26,Ligue 1,Marseille,Nice,D,0.5727082358068711,0.233036966283015,0.19425479791011388
2026-04-26,La Liga,Villarreal,Celta,H,0.588885967788746,0.219757984138439,0.191356048072815
2026-04-26,La Liga,Osasuna,Sevilla,H,0.525191354688425,0.25769549127112296,0.21711315404045212
2026-04-26,Ligue 1,Le Havre,Metz,D,0.5579124673246383,0.2617181730866424,0.18036935958871933
2026-04-26,Serie A,Milan,Juventus,D,0.36269301833790607,0.289362775835145,0.3479442058269489
2026-04-26,Ligue 1,Rennes,Nantes,H,0.7245357478316731,0.18598202609308043,0.08948222607524636
2026-04-26,Ligue 1,Lorient,Strasbourg,A,0.35064483735136776,0.2915828065136933,0.357772356134939
2026-04-26,Serie A,Genoa,Como,A,0.29601179415677775,0.26200893738329706,0.4419792684599252
2026-04-26,Serie A,Fiorentina,Sassuolo,D,0.49924819792855946,0.2759340566582174,0.2248177454132232
2026-04-26,Bundesliga,Dortmund,Freiburg,H,0.7002456022374247,0.17448100688249743,0.12527339088007783
2026-04-26,La Liga,Oviedo,Elche,A,0.48733366328223754,0.3030815685119033,0.20958476820585922
2026-04-26,La Liga,Vallecano,Sociedad,D,0.36127092274690553,0.34336515911282256,0.2953639181402719
2026-04-27,Serie A,Cagliari,Atalanta,H,0.18743535581714546,0.2310449825411648,0.5815196616416898
2026-04-27,La Liga,Espanol,Levante,D,0.3762464844751546,0.3359806464856095,0.28777286903923593
2026-04-27,Premier League,Man United,Brentford,H,0.5201819954437584,0.25342381906087913,0.22639418549536244
2026-04-27,Serie A,Lazio,Udinese,D,0.5343285110875672,0.2796729979512583,0.1859984909611745
2026-05-01,Premier League,Leeds,Burnley,H,0.5769037557811076,0.27739149758845255,0.14570474663043986
2026-05-01,Serie A,Pisa,Lecce,A,0.3448244689855466,0.3362723998597769,0.3189031311546765
2026-05-01,La Liga,Girona,Mallorca,A,0.46804625786202514,0.31201136276589175,0.2199423793720832
2026-05-02,La Liga,Osasuna,Barcelona,A,0.19543624535181908,0.18516208854010643,0.6194016661080743
2026-05-02,Bundesliga,Werder Bremen,Augsburg,A,0.4049031160165615,0.2823997303080753,0.31269715367536316
2026-05-02,Serie A,Udinese,Torino,H,0.4295606065882121,0.2765248957618509,0.293914497649937
2026-05-02,Serie A,Atalanta,Genoa,D,0.6129947890533369,0.22799925382943267,0.1590059571172304
2026-05-02,Bundesliga,Union Berlin,FC Koln,D,0.385440219221444,0.30109512053471305,0.3134646602438429
2026-05-02,Premier League,Newcastle,Brighton,H,0.3755311792063271,0.25646725838583495,0.36800156240783793
2026-05-02,Bundesliga,Leverkusen,RB Leipzig,H,0.4863764411802624,0.23756672805955775,0.2760568307601798
2026-05-02,Bundesliga,Bayern Munich,Heidenheim,D,0.8241515428041011,0.11434683900304335,0.0615016181928555
2026-05-02,La Liga,Alaves,Ath Bilbao,A,0.34551924719126725,0.2852728259129444,0.3692079268957883
2026-05-02,Bundesliga,Hoffenheim,Stuttgart,D,0.36388714648128895,0.26955661198902603,0.3665562415296851
2026-05-02,Serie A,Como,Napoli,D,0.4237525765796873,0.22203569937342388,0.3542117240468888
2026-05-02,Premier League,Wolves,Sunderland,D,0.4364490438367676,0.24038931562141436,0.32316164054181806
2026-05-02,Ligue 1,Nantes,Marseille,H,0.21672559391781968,0.20729672080774655,0.5759776852744338
2026-05-02,Premier League,Arsenal,Fulham,H,0.6102138515983525,0.2549861082272625,0.13480004017438507
2026-05-02,Ligue 1,Paris SG,Lorient,D,0.7470081914426605,0.1546357398172342,0.09835606874010525
2026-05-02,Ligue 1,Nice,Lens,D,0.2686260971560537,0.2544646959993832,0.4769092068445633
2026-05-02,La Liga,Valencia,Ath Madrid,A,0.2582869783782748,0.2611593176749119,0.4805537039468133
2026-05-02,Ligue 1,Metz,Monaco,A,0.19433170984869447,0.19534344246819552,0.61032484768311
2026-05-02,Bundesliga,Ein Frankfurt,Hamburg,A,0.6088161376347764,0.2374766218068089,0.1537072405584147
2026-05-02,Premier League,Brentford,West Ham,H,0.5052246319727459,0.273103184286184,0.22167218374107012
2026-05-02,La Liga,Villarreal,Levante,H,0.6339405546368676,0.24142866083376885,0.12463078452936367
2026-05-03,Ligue 1,Lille,Le Havre,D,0.7209408594203076,0.18744030344103657,0.09161883713865591
2026-05-03,La Liga,Betis,Oviedo,H,0.6054129731327689,0.23787157245529023,0.15671545441194085
2026-05-03,La Liga,Espanol,Real Madrid,A,0.17945166352155661,0.27450462422576116,0.5460437122526821
2026-05-03,Serie A,Juventus,Verona,D,0.7701741827025038,0.15721289843769834,0.07261291885979794
2026-05-03,Serie A,Bologna,Cagliari,D,0.5548837018400067,0.23550079019659434,0.209615507963399
2026-05-03,La Liga,Getafe,Vallecano,A,0.419255713772277,0.327651376520039,0.253092909707684
2026-05-03,Serie A,Inter,Parma,H,0.7400557768378122,0.16536231754915143,0.09458190561303642
2026-05-03,Premier League,Aston Villa,Tottenham,A,0.5950714530348942,0.24668397101049422,0.15824457595461172
2026-05-03,Ligue 1,Paris FC,Brest,H,0.37777633539008254,0.2495544687878239,0.3726691958220935
2026-05-03,Premier League,Man United,Liverpool,H,0.41349750674039204,0.25572502288902116,0.3307774703705868
2026-05-03,Ligue 1,Strasbourg,Toulouse,A,0.588303290316684,0.2274373137014509,0.18425939598186497
2026-05-03,Ligue 1,Lyon,Rennes,H,0.5113833216232395,0.2522185959010221,0.23639808247573849
2026-05-03,Ligue 1,Auxerre,Angers,H,0.5114818348548537,0.26747788871074596,0.22104027643440047
2026-05-03,Bundesliga,Freiburg,Wolfsburg,D,0.5586089700315676,0.276612133533026,0.16477889643540633
2026-05-03,Bundesliga,M'gladbach,Dortmund,H,0.16878085405536608,0.23551269020531473,0.5957064557393191
2026-05-03,Premier League,Bournemouth,Crystal Palace,H,0.497284103913457,0.2414907876247987,0.2612251084617444
2026-05-03,Bundesliga,St Pauli,Mainz,A,0.2669690759684712,0.2500359326185372,0.4829949914129916
2026-05-03,Serie A,Sassuolo,Milan,H,0.25267555769533895,0.23867288198211767,0.5086515603225433
2026-05-03,La Liga,Celta,Elche,H,0.5510655514891987,0.25092201892856314,0.19801242958223814
2026-05-04,Premier League,Everton,Man City,D,0.20483113048081042,0.1789525287505943,0.6162163407685953
2026-05-04,Serie A,Cremonese,Lazio,A,0.17556889315301974,0.22627264180923773,0.5981584650377425
2026-05-04,Serie A,Roma,Fiorentina,H,0.5396663678419069,0.26290423296876486,0.19742939918932817
2026-05-04,Premier League,Chelsea,Nott'm Forest,A,0.3889312197718375,0.305306128503573,0.3057626517245895
2026-05-04,La Liga,Sevilla,Sociedad,H,0.3984136114676521,0.26576559840529623,0.3358207901270516
2026-05-08,Ligue 1,Lens,Nantes,H,0.7648687116502831,0.1476265454143209,0.087504742935396
2026-05-08,Bundesliga,Dortmund,Ein Frankfurt,H,0.6118980390999169,0.22299073449312642,0.16511122640695658
2026-05-08,La Liga,Levante,Osasuna,H,0.329556567837424,0.2994835883221988,0.37095984384037717
2026-05-08,Serie A,Torino,Sassuolo,H,0.43168249608130793,0.30526280010893353,0.2630547038097586
2026-05-09,Bundesliga,RB Leipzig,St Pauli,H,0.7317325829912599,0.18100030560754496,0.0872671114011951
2026-05-09,Bundesliga,Wolfsburg,Bayern Munich,A,0.10868236714804433,0.20421036599347964,0.6871072668584761
2026-05-09,Bundesliga,Hoffenheim,Werder Bremen,H,0.5145768712159148,0.2954427789607612,0.18998034982332404
2026-05-09,Premier League,Fulham,Bournemouth,A,0.3664932901235462,0.26134693253753993,0.37215977733891376
2026-05-09,Premier League,Brighton,Wolves,H,0.6617540915207919,0.2022582165786024,0.13598769190060558
2026-05-09,Serie A,Lecce,Juventus,A,0.14248375392193854,0.2474936597680453,0.6100225863100162
2026-05-09,Bundesliga,Augsburg,M'gladbach,H,0.5146000729070566,0.24933817600640432,0.2360617510865392
2026-05-09,Premier League,Man City,Brentford,H,0.7109556361514398,0.1467108972911782,0.1423334665573821
2026-05-09,La Liga,Sevilla,Espanol,H,0.42056655111266045,0.2841783134601539,0.2952551354271856
2026-05-09,La Liga,Elche,Alaves,D,0.4146570637179021,0.30940924946985904,0.27593368681223884
2026-05-09,Premier League,Sunderland,Man United,D,0.22552232133777897,0.26373006016796585,0.5107476184942551
2026-05-09,Serie A,Lazio,Inter,A,0.20426397201645302,0.2107668214764149,0.5849692065071321
2026-05-09,Premier League,Liverpool,Chelsea,D,0.6367905592858876,0.20138575945231,0.16182368126180235
2026-05-09,La Liga,Sociedad,Betis,D,0.3564479866504122,0.2780211526963373,0.3655308606532505
2026-05-09,Bundesliga,Stuttgart,Leverkusen,H,0.3815766937323013,0.22055782672549143,0.39786547954220736
2026-05-09,Serie A,Cagliari,Udinese,A,0.3362619279407974,0.29873386857494755,0.365004203484255
2026-05-09,La Liga,Ath Madrid,Celta,A,0.6114754149373394,0.2250210803776161,0.1635035046850446
2026-05-10,Bundesliga,Mainz,Union Berlin,A,0.583403014398579,0.24758035053442506,0.1690166350669959
2026-05-10,Ligue 1,Toulouse,Lyon,H,0.23668312057034993,0.3028270512446693,0.46048982818498074
2026-05-10,Ligue 1,Auxerre,Nice,H,0.34607171321662683,0.2750759642511081,0.378852322532265
2026-05-10,Serie A,Parma,Roma,A,0.19640842836224953,0.2321168373900552,0.5714747342476952
2026-05-10,Serie A,Verona,Como,A,0.19078909517211592,0.2506121349094936,0.5585987699183905
2026-05-10,Serie A,Cremonese,Pisa,H,0.49306971953886436,0.2451796477525233,0.2617506327086124
2026-05-10,Ligue 1,Rennes,Paris FC,H,0.5059842219132296,0.28668036061239077,0.2073354174743796
2026-05-10,Ligue 1,Paris SG,Brest,H,0.7513922541393413,0.14665649360337468,0.10195125225728388
2026-05-10,Premier League,Burnley,Aston Villa,D,0.17105526710304042,0.2118524718095665,0.617092261087393
2026-05-10,Serie A,Fiorentina,Genoa,D,0.45738891894778644,0.27968300810004093,0.2629280729521726
2026-05-10,Bundesliga,FC Koln,Heidenheim,A,0.48558817061138326,0.2883040880159887,0.22610774137262798
2026-05-10,La Liga,Oviedo,Getafe,D,0.3851025332617669,0.2654439586027423,0.3494535081354907
2026-05-10,Ligue 1,Angers,Strasbourg,D,0.23420166914618543,0.244958969568329,0.5208393612854857
2026-05-10,Premier League,Crystal Palace,Everton,D,0.4022080360118185,0.23902112492257876,0.3587708390656028
2026-05-10,Bundesliga,Hamburg,Freiburg,H,0.28698748315282224,0.2894581199434548,0.423554396903723
2026-05-10,Ligue 1,Monaco,Lille,A,0.4493759551605535,0.26900372104033893,0.2816203237991076
2026-05-10,La Liga,Ath Bilbao,Valencia,A,0.48500695476928957,0.2951236032900863,0.21986944194062405
2026-05-10,Premier League,Nott'm Forest,Newcastle,D,0.4857439151106413,0.257616841494218,0.25663924339514066
2026-05-10,Ligue 1,Le Havre,Marseille,A,0.26661025899239854,0.2769176172473494,0.456472123760252
2026-05-10,La Liga,Mallorca,Villarreal,D,0.21271998318318583,0.24774289205493966,0.5395371247618745
2026-05-10,Serie A,Milan,Atalanta,A,0.4060872775563777,0.3035443832991951,0.2903683391444273
2026-05-10,Ligue 1,Metz,Lorient,A,0.22718290193264398,0.21299673677397987,0.5598203612933762
2026-05-10,La Liga,Barcelona,Real Madrid,H,0.6252329544919936,0.25636868472365404,0.11839836078435245
2026-05-10,Premier League,West Ham,Arsenal,A,0.1574453147773094,0.24373069880962414,0.5988239864130664
2026-05-11,Premier League,Tottenham,Leeds,D,0.31246039713593154,0.3884261145865833,0.2991134882774851
2026-05-11,La Liga,Vallecano,Girona,D,0.46840166415313533,0.29800154361421666,0.23359679223264804
2026-05-11,Serie A,Napoli,Bologna,A,0.6366667712116472,0.2081097727821168,0.155223456006236
2026-05-12,La Liga,Celta,Levante,A,0.5849920690248397,0.23945421598705602,0.1755537149881042
2026-05-12,La Liga,Betis,Elche,H,0.6643475607367938,0.19526254104196777,0.1403898982212385
2026-05-12,La Liga,Osasuna,Ath Madrid,A,0.2546518198124852,0.2492757419959112,0.4960724381916036
2026-05-13,La Liga,Getafe,Mallorca,H,0.41920395447440806,0.3454848063127141,0.2353112392128779
2026-05-13,Ligue 1,Brest,Strasbourg,A,0.40794531999692835,0.2746928750087791,0.3173618049942927
2026-05-13,La Liga,Villarreal,Sevilla,A,0.7148702490972082,0.19150158014574517,0.09362817075704662
2026-05-13,La Liga,Espanol,Ath Bilbao,H,0.3103874962709073,0.25825616581024463,0.43135633791884803
2026-05-13,Premier League,Man City,Crystal Palace,H,0.7396775517839981,0.15123791672529624,0.10908453149070561
2026-05-13,Ligue 1,Lens,Paris SG,A,0.27125191159077705,0.21842265735322913,0.5103254310559938
2026-05-13,La Liga,Alaves,Barcelona,H,0.14466969436179422,0.19345178521567122,0.6618785204225344
2026-05-14,La Liga,Valencia,Vallecano,D,0.41445066531255564,0.3122361376851801,0.27331319700226425
2026-05-14,La Liga,Real Madrid,Oviedo,H,0.7707155922136615,0.14500549177497404,0.08427891601136439
2026-05-14,La Liga,Girona,Sociedad,D,0.4377318687937337,0.29710952087267106,0.26515861033359517
2026-05-15,Premier League,Aston Villa,Liverpool,H,0.4463881017361201,0.20716046539644484,0.34645143286743496
2026-05-16,Bundesliga,Bayern Munich,FC Koln,H,0.8297354333889152,0.10132437229427256,0.06894019431681224
2026-05-16,Bundesliga,Heidenheim,Mainz,A,0.36392437664158467,0.24903685289132518,0.38703877046709023
2026-05-16,Bundesliga,Leverkusen,Hamburg,D,0.7584584087054347,0.14513571860384042,0.09640587269072497
2026-05-16,Bundesliga,Union Berlin,Augsburg,H,0.35401296567595114,0.3213881174035712,0.3245989169204777
2026-05-16,Bundesliga,Ein Frankfurt,Stuttgart,D,0.34366370893882586,0.22662579021307097,0.4297105008481032
2026-05-16,Bundesliga,St Pauli,Wolfsburg,A,0.32855070650177376,0.32421576189128876,0.34723353160693754
2026-05-16,Bundesliga,Freiburg,RB Leipzig,H,0.28626228239634804,0.2548974315972547,0.45884028600639726
2026-05-16,Bundesliga,M'gladbach,Hoffenheim,H,0.27152394426224674,0.27854745833456973,0.44992859740318353
2026-05-16,Bundesliga,Werder Bremen,Dortmund,A,0.17995961789628392,0.23019903831970073,0.5898413437840153
2026-05-17,Premier League,Newcastle,West Ham,H,0.5247913157739337,0.25189624178060244,0.22331244244546394
2026-05-17,Ligue 1,Lorient,Le Havre,A,0.5146169968969235,0.27801018452534565,0.2073728185777308
2026-05-17,Serie A,Genoa,Milan,A,0.27604880992611586,0.24942217182073434,0.4745290182531497
2026-05-17,Ligue 1,Nice,Metz,D,0.6328192482292926,0.2100695432465051,0.15711120852420243
2026-05-17,Premier League,Everton,Sunderland,A,0.60280381695109,0.2092352219810976,0.18796096106781246
2026-05-17,Ligue 1,Paris FC,Paris SG,H,0.17522835759190858,0.19682068227131314,0.6279509601367783
2026-05-17,Premier League,Man United,Nott'm Forest,H,0.5329031899046229,0.2479959943906453,0.2191008157047318
2026-05-17,Premier League,Leeds,Brighton,H,0.30150622861598475,0.26855718799664746,0.4299365833873678
2026-05-17,Serie A,Atalanta,Bologna,A,0.5473846157820181,0.25085368712956885,0.20176169708841296
2026-05-17,La Liga,Osasuna,Espanol,A,0.4953302346822693,0.2895954441880795,0.21507432112965139
2026-05-17,La Liga,Sociedad,Valencia,A,0.4761433819610321,0.2864386606570232,0.23741795738194474
2026-05-17,Serie A,Udinese,Cremonese,A,0.6040173677785503,0.2602559610316292,0.1357266711898206
2026-05-17,La Liga,Barcelona,Betis,H,0.74362247140829,0.15401599137664462,0.1023615372150654
2026-05-17,La Liga,Oviedo,Alaves,A,0.3858987232027784,0.28086512480129944,0.3332361519959221
2026-05-17,La Liga,Vallecano,Villarreal,H,0.26919065239134804,0.26821008684637515,0.4625992607622768
2026-05-17,Ligue 1,Marseille,Rennes,H,0.4972272514821643,0.2552195288556841,0.24755321966215155
2026-05-17,Ligue 1,Strasbourg,Monaco,H,0.41176056261999394,0.25582441182445276,0.3324150255555533
2026-05-17,Ligue 1,Lille,Auxerre,A,0.6965056682403199,0.20778232951586567,0.09571200224381451
2026-05-17,La Liga,Sevilla,Real Madrid,A,0.15828260424415774,0.26896684832399254,0.5727505474318497
2026-05-17,Serie A,Sassuolo,Lecce,A,0.5297058081830225,0.2621978228669769,0.2080963689500006
2026-05-17,Premier League,Brentford,Crystal Palace,D,0.5005598493873297,0.2504375224703514,0.24900262814231894
2026-05-17,Premier League,Wolves,Fulham,D,0.257025790821063,0.2739113913828558,0.4690628177960812
2026-05-17,Serie A,Juventus,Fiorentina,A,0.6705272545352904,0.1957252843735843,0.13374746109112526
2026-05-17,Serie A,Cagliari,Torino,H,0.3618742614674647,0.2967854254522182,0.3413403130803171
2026-05-17,Serie A,Como,Parma,H,0.6376080242372342,0.2147510499010243,0.14764092586174155
2026-05-17,La Liga,Ath Madrid,Girona,H,0.6374473526749554,0.20387557260608716,0.15867707471895737
2026-05-17,Ligue 1,Nantes,Toulouse,D,0.38943461702441096,0.2391450221949681,0.37142036078062085
2026-05-17,Serie A,Inter,Verona,D,0.8190626210185818,0.12950772513612085,0.051429653845297324
2026-05-17,Ligue 1,Brest,Angers,D,0.5548932937821434,0.2476352859805372,0.19747142023731934
2026-05-17,Ligue 1,Lyon,Lens,A,0.47069658341051984,0.24555158523917348,0.2837518313503068
2026-05-17,Serie A,Roma,Lazio,H,0.5655061197386692,0.22416024803597812,0.21033363222535276
2026-05-17,La Liga,Elche,Getafe,H,0.3766644140131528,0.30061581982356655,0.3227197661632807
2026-05-17,La Liga,Ath Bilbao,Celta,D,0.43767804939981914,0.2666809780066069,0.29564097259357397
2026-05-17,Serie A,Pisa,Napoli,A,0.1324020591569224,0.20901859202096063,0.658579348822117
2026-05-17,La Liga,Levante,Mallorca,H,0.41837012375216287,0.29775965916218683,0.28387021708565036
2026-05-18,Premier League,Arsenal,Burnley,H,0.8227857710588273,0.12073664346244402,0.05647758547872869
2026-05-19,Premier League,Chelsea,Tottenham,H,0.5013104995685742,0.25080685624433396,0.24788264418709188
2026-05-19,Premier League,Bournemouth,Man City,D,0.25466158163477093,0.2365622577912943,0.5087761605739348
2026-05-22,Serie A,Fiorentina,Atalanta,D,0.3479918973003356,0.25866563488613903,0.3933424678135254
2026-05-23,La Liga,Celta,Sevilla,H,0.5484324194876156,0.2669958754755716,0.1845717050368129
2026-05-23,La Liga,Mallorca,Oviedo,H,0.44550387345742665,0.3083036932317667,0.2461924333108067
2026-05-23,La Liga,Alaves,Vallecano,A,0.39554358871288553,0.31559055912845074,0.2888658521586638
2026-05-23,La Liga,Girona,Elche,D,0.46921682419628047,0.30959431207772636,0.22118886372599325
2026-05-23,La Liga,Valencia,Barcelona,H,0.1630467012044175,0.21048233451025508,0.6264709642853274
2026-05-23,La Liga,Real Madrid,Ath Bilbao,H,0.6854800424580406,0.18730577813805985,0.12721417940389954
2026-05-23,Serie A,Bologna,Inter,D,0.19151694917776924,0.25244258272461106,0.5560404680976196
2026-05-23,La Liga,Betis,Levante,H,0.6207135177569172,0.23313459894141592,0.14615188330166684
2026-05-23,Serie A,Lazio,Pisa,H,0.7642996821801108,0.13772279930517706,0.09797751851471219
2026-05-23,La Liga,Espanol,Sociedad,D,0.4052448097075712,0.32033130724180886,0.27442388305062
2026-05-23,La Liga,Getafe,Osasuna,H,0.4001625515099002,0.33595420054201314,0.26388324794808665
2026-05-24,Premier League,Crystal Palace,Arsenal,A,0.19837738136444283,0.18801060737238662,0.6136120112631707
2026-05-24,Serie A,Lecce,Genoa,H,0.3237881467146979,0.26013872405415506,0.416073129231147
2026-05-24,Serie A,Torino,Juventus,D,0.21118724365865826,0.2196530120979564,0.5691597442433853
2026-05-24,Serie A,Cremonese,Como,A,0.18592877268510022,0.23290712160179824,0.5811641057131016
2026-05-24,Premier League,Man City,Aston Villa,A,0.6706701582279833,0.17126456840532703,0.15806527336668974
2026-05-24,Serie A,Parma,Sassuolo,H,0.3799409901847565,0.29410882137367683,0.32595018844156676
2026-05-24,Serie A,Napoli,Udinese,H,0.6291815731143461,0.21627641298642183,0.154542013899232
2026-05-24,Premier League,Fulham,Newcastle,H,0.38752413673702796,0.2703308247643659,0.3421450384986062
2026-05-24,Serie A,Verona,Roma,A,0.16776879415418366,0.22704815166380765,0.6051830541820088
2026-05-24,Premier League,Tottenham,Everton,H,0.2813569904225606,0.3177595701023829,0.40088343947505645
2026-05-24,Serie A,Milan,Cagliari,A,0.6373788506697624,0.21358011303156593,0.14904103629867171
2026-05-24,Premier League,West Ham,Leeds,H,0.35387412162173393,0.31362671119053837,0.33249916718772776
2026-05-24,Premier League,Liverpool,Brentford,D,0.5672427358628724,0.23082099140268647,0.20193627273444115
2026-05-24,Premier League,Burnley,Wolves,D,0.3758386418435221,0.2763301188910194,0.34783123926545856
2026-05-24,Premier League,Sunderland,Chelsea,H,0.33729046781497046,0.2562212835088933,0.40648824867613625
2026-05-24,La Liga,Villarreal,Ath Madrid,H,0.5729227434282668,0.2226492665923055,0.2044279899794277
2026-05-24,Premier League,Brighton,Man United,A,0.4439039895514711,0.2504849992899537,0.3056110111585752
2026-05-24,Premier League,Nott'm Forest,Bournemouth,D,0.44119758999462005,0.2452214039066257,0.3135810060987543
