date,league,home_team,away_team,result,expected_home_goals,expected_away_goals,prob_home,prob_draw,prob_away,prediction
2025-08-15,Premier League,Liverpool,Bournemouth,H,2.39325326750583,0.8886749955042835,0.7070477778575966,0.1713980301217983,0.12155419202060502,H
2025-08-15,Ligue 1,Rennes,Marseille,H,1.2427366201459897,1.8060613953271192,0.2631362611517091,0.23073608655001634,0.5061276522982745,A
2025-08-15,La Liga,Girona,Vallecano,A,1.2895231513986802,1.1158948885518074,0.4045415089103784,0.27495012265440166,0.3205083684352199,H
2025-08-15,La Liga,Villarreal,Oviedo,H,2.0618219117019225,0.8236865771567249,0.6610708085121706,0.1993515286232464,0.13957766286458298,H
2025-08-16,La Liga,Mallorca,Barcelona,A,0.884865221803632,2.094006280715529,0.14854661797332475,0.19882715787549163,0.6526262241511835,A
2025-08-16,La Liga,Alaves,Levante,H,1.4340486119546174,1.027623686999388,0.4639952483371951,0.2656146054189052,0.27039014624389973,H
2025-08-16,Ligue 1,Lens,Lyon,A,1.5039926249952245,1.2993555474473752,0.4207343139917088,0.25113579487080295,0.3281298911374882,H
2025-08-16,Premier League,Sunderland,West Ham,H,1.0523579922337278,1.6209346006047711,0.2463786626937671,0.2475825524689949,0.506038784837238,A
2025-08-16,Premier League,Tottenham,Burnley,H,1.6403610563714044,1.0936347032932678,0.5010443507528959,0.24543161979643,0.25352402945067404,H
2025-08-16,Premier League,Aston Villa,Newcastle,D,1.4417972441073712,1.1949871642278391,0.427615459522738,0.25941225706923826,0.3129722834080239,H
2025-08-16,Ligue 1,Nice,Toulouse,A,1.9656827689226557,0.9102852735901424,0.6200766155919605,0.21237365827225296,0.16754972613578653,H
2025-08-16,Ligue 1,Monaco,Le Havre,H,2.052804846219572,0.8372071002428214,0.6559582120544221,0.20086794536427321,0.14317384258130467,H
2025-08-16,Premier League,Wolves,Man City,A,0.9481729475520417,1.9491483774577927,0.17756007570370763,0.21512354439626336,0.6073163799000291,A
2025-08-16,La Liga,Valencia,Sociedad,D,1.4994275288347612,1.017971253009975,0.4834687610437882,0.2595641342389234,0.2569671047172885,H
2025-08-16,Premier League,Brighton,Fulham,D,1.8806967311248952,1.0516219088258405,0.5674149579050047,0.22371571162598902,0.2088693304690062,H
2025-08-17,Premier League,Chelsea,Crystal Palace,D,1.6113298921444403,1.1366644042935674,0.48384572709235735,0.24737811198812332,0.2687761609195193,H
2025-08-17,La Liga,Ath Bilbao,Sevilla,H,1.8934721870979645,0.8189401891100518,0.6272392521740087,0.21678795000384926,0.15597279782214207,H
2025-08-17,Ligue 1,Angers,Paris FC,H,1.1164809150092345,1.240569664907638,0.3302329539309603,0.2789122510714044,0.3908547949976353,A
2025-08-17,La Liga,Espanol,Ath Madrid,H,0.9680985542769169,1.9256038816393322,0.1846973607056488,0.21791465175793173,0.5973879875364195,A
2025-08-17,Ligue 1,Brest,Lille,D,1.249768319795867,1.4297235216118125,0.3293982442219287,0.2581002972981909,0.41250145847988046,A
2025-08-17,Ligue 1,Metz,Strasbourg,A,1.0494654766975529,1.6478641511699263,0.24152982240396945,0.24510656560236715,0.5133636119936634,A
2025-08-17,Premier League,Nott'm Forest,Brentford,H,1.4644128190655954,1.2679921874650912,0.4174655260988755,0.2549771846434348,0.32755728925768973,H
2025-08-17,La Liga,Celta,Getafe,A,1.739197901266445,0.9138635597801723,0.5684910166989033,0.2355553047385941,0.19595367856250254,H
2025-08-17,Ligue 1,Nantes,Paris SG,A,0.831197886764926,2.2611725190098735,0.12268768819370446,0.18023765742018705,0.6970746543861085,A
2025-08-17,Premier League,Man United,Arsenal,A,1.068392487171756,1.844371657214469,0.21756191324098825,0.22719697002582187,0.5552411167331899,A
2025-08-17,Ligue 1,Auxerre,Lorient,H,1.6883059060553245,1.1130419718579976,0.5081489982979472,0.2410700015325662,0.2507810001694867,H
2025-08-18,La Liga,Elche,Betis,D,1.0256546229169898,1.4858978950235582,0.26118390618666587,0.26070693036178544,0.47810916345154864,A
2025-08-18,Premier League,Leeds,Everton,H,1.1567373686186146,1.6156243875736447,0.27303105109057263,0.24669144724813485,0.48027750166129257,A
2025-08-19,La Liga,Real Madrid,Osasuna,H,2.424078240227197,0.8001782449590673,0.7322012287315818,0.16350991321528968,0.10428885805312854,H
2025-08-22,Premier League,West Ham,Chelsea,A,1.121361875754378,1.5152313755986635,0.28097450806951335,0.25581831769075025,0.4632071742397364,A
2025-08-22,Ligue 1,Paris SG,Angers,H,3.0288238596065455,0.565898504320986,0.8587333259159502,0.09903803776027822,0.04222863632377158,H
2025-08-22,Bundesliga,Bayern Munich,RB Leipzig,H,2.6911076241382075,0.9512361757606619,0.7412930143115168,0.15053263274533982,0.10817435294314336,H
2025-08-22,La Liga,Betis,Alaves,H,1.6924823534789395,0.9146339337018868,0.5571802297048797,0.2404694961356123,0.20235027415950804,H
2025-08-23,Premier League,Man City,Tottenham,A,2.5349490961475043,0.7257975848328277,0.7660522835384683,0.14886798879883245,0.08507972766269924,H
2025-08-23,Serie A,Milan,Cremonese,A,2.2810014650810806,0.8025010309427021,0.7073387435339704,0.17676742710922555,0.115893829356804,H
2025-08-23,Premier League,Burnley,Sunderland,H,1.4610089144691776,1.1143463505542395,0.45082234655532705,0.2606295314644921,0.28854812198018076,H
2025-08-23,Serie A,Roma,Bologna,H,1.6789486037890373,1.0981408780679494,0.5093875833297682,0.24198778136393423,0.2486246353062976,H
2025-08-23,Ligue 1,Lyon,Metz,H,2.2607221620200684,0.7479574659791113,0.71660508427546,0.175479118786038,0.10791579693850209,H
2025-08-23,Serie A,Sassuolo,Napoli,A,0.8469895454943398,2.004327159182729,0.15010346166736432,0.20620511402425679,0.6436914243083789,A
2025-08-23,Bundesliga,Leverkusen,Hoffenheim,A,2.874803198104978,0.8809271264460842,0.7815318688556488,0.13252253347450124,0.08594559766985,H
2025-08-23,Premier League,Bournemouth,Wolves,H,1.7058029891972808,1.0348014538352142,0.5309259326895621,0.2397345190753589,0.22933954823507893,H
2025-08-23,Ligue 1,Nice,Auxerre,H,1.90543230669847,0.9686260543137011,0.5928449550988849,0.21987064637018403,0.18728439853093104,H
2025-08-23,Bundesliga,Heidenheim,Wolfsburg,A,1.3952542779451529,1.294562556968864,0.3940496195919266,0.2583648635729779,0.34758551683509553,H
2025-08-23,Bundesliga,Union Berlin,Stuttgart,H,1.4568394077742994,1.6322231645856735,0.34296779291396995,0.23802159505188927,0.4190106120341408,A
2025-08-23,Serie A,Genoa,Lecce,D,1.6446520481450664,1.0071609088084201,0.5227631174376027,0.24560395678824742,0.23163292577414973,H
2025-08-23,La Liga,Mallorca,Celta,D,1.2990736502107503,1.1797665358117402,0.39311705636650646,0.27080545820780694,0.3360774854256865,H
2025-08-23,Ligue 1,Marseille,Paris FC,H,1.994503471963724,0.8506392258841436,0.6407614105208849,0.2073534363986314,0.15188515308048367,H
2025-08-23,Bundesliga,Ein Frankfurt,Werder Bremen,H,1.8580582205210077,1.1102852635438574,0.5484683841690801,0.2263676095870725,0.22516400624384744,H
2025-08-23,Bundesliga,Freiburg,Augsburg,A,1.923454270010966,1.0078395175590915,0.5873406451412516,0.21901362032306504,0.19364573453568334,H
2025-08-23,Premier League,Arsenal,Leeds,H,2.603325741206542,0.6945674535550709,0.7827070639872366,0.14082471696189833,0.07646821905086516,H
2025-08-23,Bundesliga,St Pauli,Dortmund,D,1.0821746179326366,2.0640970968323344,0.19210302479393962,0.20809530194610865,0.5998016732599517,A
2025-08-23,La Liga,Levante,Barcelona,A,0.9052158166029949,2.3703824324638787,0.12636356967901538,0.17428717432745028,0.6993492559935344,A
2025-08-23,La Liga,Ath Madrid,Elche,D,2.5721900719604815,0.6812060908244949,0.7811697386159696,0.1424768726799893,0.07635338870404113,H
2025-08-23,Premier League,Brentford,Aston Villa,H,1.3101740135324156,1.367163766422415,0.35715857259347306,0.2593236369529661,0.3835177904535609,A
2025-08-24,La Liga,Osasuna,Valencia,H,1.4538875737009544,1.0432169379053846,0.4655459433006266,0.26331188632942343,0.27114217036995003,H
2025-08-24,Ligue 1,Lille,Monaco,H,1.5043621625225512,1.2722498011361225,0.42667281752328456,0.2520855840503779,0.32124159842633754,H
2025-08-24,La Liga,Sociedad,Espanol,D,1.4917522082118788,1.0468381514834848,0.4745896864783102,0.25968450069235294,0.26572581282933694,H
2025-08-24,Serie A,Atalanta,Pisa,D,2.1244172712403007,0.8391314780648214,0.6696201096472725,0.19380841404512708,0.1365714763076005,H
2025-08-24,Ligue 1,Le Havre,Lens,A,1.1915748934472474,1.4945879688064225,0.3025345658432581,0.2554982331641836,0.4419672009925583,A
2025-08-24,Ligue 1,Toulouse,Brest,H,1.3946950237264566,1.19992630088265,0.41422874593983156,0.2627394195029262,0.3230318345572423,H
2025-08-24,La Liga,Villarreal,Girona,H,2.224744939512068,0.780280363257789,0.702525509469312,0.18089046059873995,0.11658402993194798,H
2025-08-24,Ligue 1,Strasbourg,Nantes,H,1.8329565150929197,0.907569731836822,0.5916794487695423,0.22571511712139652,0.18260543410906127,H
2025-08-24,Ligue 1,Lorient,Rennes,H,1.3012392168916767,1.3567984335697125,0.3568991657050376,0.26042222698867146,0.38267860730629094,A
2025-08-24,Premier League,Crystal Palace,Nott'm Forest,D,1.5753681041073038,1.1796696347332363,0.4650504982931289,0.2494945900724017,0.2854549116344694,H
2025-08-24,Serie A,Juventus,Parma,H,2.3660947961277596,0.7507231289234547,0.7339250394517662,0.16565080371695712,0.10042415683127669,H
2025-08-24,La Liga,Oviedo,Real Madrid,A,0.8255025108270206,1.924099415025893,0.154072779278391,0.21374321163154616,0.6321840090900629,A
2025-08-24,Bundesliga,Mainz,FC Koln,A,2.0352264897266457,0.9991792464156711,0.6132949435407888,0.20844475954501923,0.17826029691419198,H
2025-08-24,Serie A,Como,Lazio,H,1.1790990814508493,1.4375142856498422,0.3096285702257654,0.260336375710547,0.43003505406368764,A
2025-08-24,Bundesliga,M'gladbach,Hamburg,D,1.9362543021774279,1.0692953947562895,0.5755249150099951,0.21900733032576974,0.20546775466423506,H
2025-08-24,Premier League,Everton,Brighton,H,1.3746556098518183,1.3905211356183647,0.36906744974490996,0.25462957694419897,0.376302973310891,A
2025-08-24,Premier League,Fulham,Man United,D,1.5141214191682468,1.1710326948615641,0.45157230472733056,0.2545844924233284,0.29384320284934096,H
2025-08-24,Serie A,Cagliari,Fiorentina,D,1.1057009467997054,1.6716133644096642,0.2515902183449476,0.2425761422891815,0.505833639365871,A
2025-08-25,Serie A,Inter,Torino,H,2.290177886296264,0.7259173536945361,0.7269104562332954,0.17124513830346283,0.10184440546324165,H
2025-08-25,Serie A,Udinese,Verona,D,1.4506485833535598,1.0932489218200907,0.45298326672179823,0.2621705890185172,0.28484614425968446,H
2025-08-25,La Liga,Ath Bilbao,Vallecano,H,1.7487239946773612,0.9099937934762555,0.5716950661132751,0.2345031574068867,0.1938017764798381,H
2025-08-25,Premier League,Newcastle,Liverpool,A,1.2006747827920556,1.666401487560116,0.27543420019730663,0.24191987737941903,0.4826459224232743,A
2025-08-25,La Liga,Sevilla,Getafe,A,1.4758082199502665,1.1069094073066428,0.4563860963165521,0.25958049766943037,0.2840334060140175,H
2025-08-27,La Liga,Celta,Betis,D,1.2499899276725766,1.2689507408395346,0.36107735871840524,0.26883766150711297,0.37008497977448185,A
2025-08-29,Ligue 1,Lens,Brest,H,1.6631880111412152,1.0496126253679932,0.5170734403043036,0.24368378056315237,0.23924277913254408,H
2025-08-29,Serie A,Lecce,Milan,A,0.9780303992642956,1.6578322020442615,0.22256518957140126,0.24434209855478214,0.5330927118738166,A
2025-08-29,Bundesliga,Hamburg,St Pauli,A,1.4057245946238526,1.258534996806757,0.40440623966269007,0.2593602521118429,0.33623350822546716,H
2025-08-29,Serie A,Cremonese,Sassuolo,H,1.4930292618357082,1.0818451923106889,0.4666765033881025,0.25873773325377586,0.27458576335812157,H
2025-08-29,La Liga,Elche,Levante,H,1.3929769046222333,1.1551554755973434,0.42368908865117716,0.264766460768175,0.3115444505806477,H
2025-08-29,La Liga,Valencia,Getafe,H,1.4000185799479372,1.0402549662123874,0.45192222954699846,0.2684452265322526,0.2796325439207488,H
2025-08-30,Serie A,Bologna,Como,H,1.6395690277581627,1.099321085328811,0.4995127863589264,0.24544300944155803,0.2550442041995156,H
2025-08-30,Ligue 1,Lorient,Lille,A,1.1364819825798707,1.6355287639124367,0.264807225126224,0.24534322373764922,0.4898495511361267,A
2025-08-30,Premier League,Leeds,Newcastle,D,1.0198534589693595,1.724320626472241,0.22309635733037514,0.23795284013674686,0.538950802532878,A
2025-08-30,Ligue 1,Toulouse,Paris SG,A,0.9450498525392499,1.9969196614591938,0.1713468490364978,0.2104171440832367,0.6182360068802655,A
2025-08-30,Bundesliga,RB Leipzig,Heidenheim,H,2.042755736126158,0.9860452245177874,0.6179827102103462,0.2073589659537961,0.17465832383585764,H
2025-08-30,Premier League,Man United,Burnley,H,1.7695597863522663,0.8945676099215337,0.5804103361666835,0.2320570364276323,0.18753262740568424,H
2025-08-30,Premier League,Wolves,Everton,A,1.1934341298677882,1.427088042402594,0.31528054010803447,0.2605844017962057,0.42413505809575996,A
2025-08-30,La Liga,Girona,Sevilla,A,1.466429386116118,1.1205357677995609,0.4508113663300484,0.2599800608651125,0.2892085728048391,H
2025-08-30,La Liga,Oviedo,Sociedad,H,1.2439159018785808,1.1648938658172152,0.38125440883682565,0.2757540357793604,0.3429915553838139,H
2025-08-30,Bundesliga,Werder Bremen,Leverkusen,D,1.233792607780616,1.87082886418057,0.2512497935012985,0.2258193019582733,0.5229309045404281,A
2025-08-30,Bundesliga,Hoffenheim,Ein Frankfurt,A,1.3700672538315475,1.897855306543739,0.27773431562697903,0.22344888197861373,0.49881680239440723,A
2025-08-30,Serie A,Napoli,Cagliari,H,2.3227788815719395,0.7401767848168426,0.729118751420111,0.16903532830465973,0.1018459202752293,H
2025-08-30,Serie A,Parma,Atalanta,D,0.9348537353431802,2.0162407613535165,0.16702761212799902,0.20823071066499896,0.624741677207002,A
2025-08-30,La Liga,Real Madrid,Mallorca,H,2.6044204172040204,0.6225963400394349,0.7982212344424854,0.1353085219630086,0.06647024359450608,H
2025-08-30,La Liga,Alaves,Ath Madrid,D,1.0261731968852041,1.6345770751169835,0.23782114349673172,0.2464907941819049,0.5156880623213634,A
2025-08-30,Bundesliga,Augsburg,Bayern Munich,A,0.9787989282947948,2.7235979610615026,0.10990837692784246,0.14964765082650608,0.7404439722456515,A
2025-08-30,Ligue 1,Nantes,Auxerre,H,1.3332868911813707,1.1562253868064254,0.4075082941545701,0.2694145473600293,0.32307715848540064,H
2025-08-30,Serie A,Pisa,Roma,A,0.9566873284160322,1.6486481101264234,0.2186614956813823,0.24524740401121556,0.5360911003074021,A
2025-08-30,Bundesliga,Stuttgart,M'gladbach,H,1.9742897967713924,1.0863020702840602,0.5797982342930673,0.2159641301032953,0.2042376356036373,H
2025-08-30,Premier League,Tottenham,Bournemouth,A,1.3816809088187967,1.2761144575494674,0.3944202002587389,0.26012774533168836,0.3454520544095726,H
2025-08-30,Premier League,Chelsea,Fulham,H,1.8474391402516102,0.9655449908512295,0.5806829523808662,0.2254459853448977,0.19387106227423606,H
2025-08-30,Premier League,Sunderland,Brentford,H,0.9854822197045273,1.6927435115144898,0.21936836535083368,0.24089204168218306,0.5397395929669833,A
2025-08-31,Ligue 1,Le Havre,Nice,H,1.0866745318602449,1.7606013526707884,0.2336508845219111,0.23479027163757027,0.5315588438405187,A
2025-08-31,Premier League,Aston Villa,Crystal Palace,A,1.4708521345769912,1.1439130101252828,0.44661709146525913,0.25888854538466816,0.29449436315007277,H
2025-08-31,Bundesliga,Wolfsburg,Mainz,D,1.484324621351688,1.3476938574304147,0.4055568548658043,0.25049608232320014,0.3439470628109955,H
2025-08-31,La Liga,Vallecano,Barcelona,D,0.9626773188307217,2.006427090960112,0.17396158084139046,0.21004946225690665,0.6159889569017029,A
2025-08-31,Premier League,Brighton,Man City,H,1.216420987227946,1.6962879087644696,0.27435569652449493,0.23937456238342028,0.48626974109208476,A
2025-08-31,Bundesliga,Dortmund,Union Berlin,H,2.4977687672127513,0.9714674405793016,0.7062999351278868,0.16698041542069234,0.12671964945142075,H
2025-08-31,Serie A,Lazio,Verona,H,1.8281560043789198,0.8792000423692446,0.5976621854527625,0.22555013613868574,0.1767876784085518,H
2025-08-31,La Liga,Betis,Ath Bilbao,A,1.2996826005119828,1.2363859905998928,0.3811767708476721,0.2676233630550291,0.35119986609729886,H
2025-08-31,Ligue 1,Monaco,Strasbourg,H,1.6443177136492668,1.0895586838284952,0.5029750374891344,0.2451202109433508,0.25190475156751474,H
2025-08-31,Ligue 1,Lyon,Marseille,H,1.514314785088975,1.3128221732438623,0.4204381737879284,0.2499698908968483,0.3295919353152233,H
2025-08-31,Serie A,Torino,Fiorentina,D,1.1350584483685449,1.5394204772048758,0.28034377412261213,0.25344668982441465,0.4662095360529732,A
2025-08-31,Ligue 1,Angers,Rennes,D,1.1560052335232747,1.2857183317679144,0.33224036936656354,0.27310665055062333,0.39465298008281313,A
2025-08-31,Premier League,Liverpool,Arsenal,H,1.7520822487151464,1.3754854464782569,0.46437719201281386,0.23294200983527844,0.30268079815190774,H
2025-08-31,Serie A,Inter,Udinese,A,2.7791836785636423,0.7020061223207646,0.8047072363323666,0.12729128675374662,0.06800147691388685,H
2025-08-31,La Liga,Espanol,Osasuna,H,1.245727183198903,1.2115574248500862,0.3718291773155103,0.2727490466396423,0.3554217760448474,H
2025-08-31,La Liga,Celta,Villarreal,D,1.1298196788973889,1.7293084570533084,0.2485066471059322,0.23745544690612067,0.5140379059879471,A
2025-08-31,Serie A,Genoa,Juventus,A,1.103533636088285,1.7650216224670081,0.23695863573030013,0.23442098819718513,0.5286203760725148,A
2025-08-31,Bundesliga,FC Koln,Freiburg,H,1.3438430524806249,1.4283529609069876,0.3537530764897544,0.25400683868160684,0.3922400848286386,A
2025-08-31,Ligue 1,Paris FC,Metz,H,1.575476253513329,0.9437578407625572,0.521066737904881,0.25282753914529527,0.22610572294982378,H
2025-08-31,Premier League,Nott'm Forest,West Ham,A,1.8411000181685564,0.9972012749947007,0.5715575326391134,0.22659645148377966,0.20184601587710696,H
2025-09-12,Bundesliga,Leverkusen,Ein Frankfurt,H,2.091289231155764,1.3130184199417303,0.5532431684580982,0.2098962345706578,0.2368605969712441,H
2025-09-12,La Liga,Sevilla,Elche,D,1.5296400453692216,1.032008865915167,0.4878993211710113,0.25641156904317786,0.25568910978581083,H
2025-09-12,Ligue 1,Marseille,Lorient,H,2.2930092639606845,0.9214799771914388,0.6818507938901636,0.1819562963626441,0.13619290974719236,H
2025-09-13,Premier League,Brentford,Chelsea,D,1.1954842334566986,1.5668251476388722,0.290864201778481,0.24979653523006737,0.45933926299145167,A
2025-09-13,Premier League,Newcastle,Wolves,H,1.8595764830584758,0.9124809647937888,0.5964368395972527,0.2231045137683084,0.1804586466344389,H
2025-09-13,Bundesliga,Bayern Munich,Hamburg,H,3.8195697051251467,0.6187677691795195,0.9128299545239087,0.06140136040992046,0.025768685066170863,H
2025-09-13,Premier League,Everton,Aston Villa,D,1.3697249339991744,1.1966650134666208,0.40835715305692855,0.2647324668242653,0.32691038011880613,H
2025-09-13,Serie A,Juventus,Inter,H,1.381638201356319,1.5431208064284603,0.3412852089538684,0.24566938406961866,0.41304540697651293,A
2025-09-13,Premier League,Crystal Palace,Sunderland,D,2.332716046076109,0.7470576274797027,0.729195883084746,0.16853474760488107,0.10226936931037298,H
2025-09-13,La Liga,Sociedad,Real Madrid,A,0.9010223532403535,1.9523326594631885,0.1670882700955085,0.2134098668205795,0.6195018630839121,A
2025-09-13,Premier League,West Ham,Tottenham,A,1.5075782161276594,1.2168228694071892,0.4396472121006926,0.253712631122416,0.3066401567768915,H
2025-09-13,Premier League,Bournemouth,Brighton,H,1.4050504363784224,1.3569301272891163,0.3836151056142045,0.2547245607288886,0.36166033365690686,H
2025-09-13,La Liga,Ath Madrid,Villarreal,H,1.674791784901901,1.3074193703671346,0.46088186521620866,0.23939326692591226,0.299724867857879,H
2025-09-13,Serie A,Fiorentina,Napoli,A,1.2551894703209299,1.488999422984563,0.31974622340158293,0.2537581758348458,0.42649560076357124,A
2025-09-13,Premier League,Arsenal,Nott'm Forest,H,2.1417352806784664,0.8580634763969748,0.6684163856746043,0.19300719533078434,0.1385764189946114,H
2025-09-13,Serie A,Cagliari,Parma,H,1.4314979950198734,1.110053926243619,0.44407771877373264,0.26328591869315815,0.29263636253310926,H
2025-09-13,Bundesliga,Wolfsburg,FC Koln,D,1.667476673301652,1.1845661093143744,0.4865734026573068,0.2420657250317858,0.2713608723109074,H
2025-09-13,Bundesliga,Union Berlin,Hoffenheim,A,1.7015729058049756,1.2301138921418004,0.4844430905593389,0.23878626512605214,0.27677064431460896,H
2025-09-13,Bundesliga,Freiburg,Stuttgart,H,1.4973474663544597,1.4653975248487918,0.3847124922493753,0.2447055376101468,0.37058197014047783,H
2025-09-13,Ligue 1,Auxerre,Monaco,A,1.0630956491909118,1.6104015214303038,0.2506839269336748,0.2484467312204122,0.500869341845913,A
2025-09-13,La Liga,Ath Bilbao,Alaves,A,1.9007754952049976,0.8009356982821288,0.6333582987430442,0.21534553899526612,0.15129616226168968,H
2025-09-13,Bundesliga,Mainz,RB Leipzig,A,1.5579220623660042,1.389380552387492,0.4150575308666652,0.24451942434962662,0.34042304478370816,H
2025-09-13,Ligue 1,Nice,Nantes,H,1.952531245643581,0.9004430533099343,0.6196863040235073,0.2133715097218309,0.16694218625466176,H
2025-09-13,Bundesliga,Heidenheim,Dortmund,A,1.0559768914244656,2.2631740243885585,0.16421156466963963,0.19030473098613307,0.6454837043442273,A
2025-09-13,La Liga,Getafe,Oviedo,H,1.3733629631443212,1.0376710405349971,0.445339115682344,0.2710343398258778,0.28362654449177827,H
2025-09-13,Premier League,Fulham,Leeds,H,1.7657211997442253,0.9096351270937125,0.5757551582620697,0.23272139777976922,0.191523443958161,H
2025-09-14,Serie A,Roma,Torino,A,2.0325011549405505,0.7866023186540908,0.6643393038645264,0.20066059731081357,0.13500009882466002,H
2025-09-14,Ligue 1,Lille,Toulouse,H,2.141859170635532,0.9733414591310083,0.6410642054712277,0.1978338903804771,0.16110190414829514,H
2025-09-14,Serie A,Atalanta,Lecce,H,2.1738490802508608,0.7640377346257134,0.6971078764235016,0.18499852624831312,0.11789359732818522,H
2025-09-14,Serie A,Pisa,Udinese,A,1.3295590306850256,1.1649042550687954,0.40459261691679155,0.26927688055714577,0.32613050252606257,H
2025-09-14,Ligue 1,Brest,Paris FC,A,1.6623731156471027,1.061048711967964,0.5141451636552592,0.24370170781367648,0.24215312853106424,H
2025-09-14,Bundesliga,St Pauli,Augsburg,H,1.5926485699837727,1.3095773331621219,0.44052023905280724,0.24491410526109406,0.3145656556860988,H
2025-09-14,La Liga,Osasuna,Vallecano,H,1.3730640707530986,1.0594704472013203,0.44016969176259274,0.2702505885259558,0.28957971971145136,H
2025-09-14,Ligue 1,Metz,Angers,D,1.2650693729519151,1.1519381053610305,0.3898815133200124,0.27491978094669517,0.33519870573329236,H
2025-09-14,Ligue 1,Strasbourg,Le Havre,H,1.9206738920567759,0.9599041849517937,0.598299824704697,0.21819047786884535,0.18350969742645767,H
2025-09-14,Bundesliga,M'gladbach,Werder Bremen,A,1.4223183941979323,1.4793052944752931,0.3634989926065343,0.2475652435795224,0.3889357638139433,A
2025-09-14,Premier League,Man City,Man United,H,2.2334766216281676,0.863041834638123,0.6845464276308669,0.18450672989128133,0.13094684247785177,H
2025-09-14,Serie A,Milan,Bologna,H,1.645069711804346,1.1708929600132323,0.48425438882869515,0.24406418784505463,0.2716814233262503,H
2025-09-14,Ligue 1,Rennes,Lyon,H,1.1319144132158192,1.468250144244186,0.2918438856017468,0.25947780503908535,0.4486783093591678,A
2025-09-14,Serie A,Sassuolo,Lazio,H,0.9840293383425907,1.834546822240805,0.19971506727469623,0.22701945321921072,0.5732654795060931,A
2025-09-14,La Liga,Levante,Betis,D,1.2066035681016216,1.438204323563675,0.31664702436816694,0.2592371630911286,0.4241158125407045,A
2025-09-14,La Liga,Celta,Girona,D,1.6737197332875702,0.9152201894420088,0.5525033440062466,0.24245619141176142,0.20504046458199196,H
2025-09-14,La Liga,Barcelona,Valencia,H,2.520567238945816,0.7382460615296823,0.7611675818022879,0.15097351162610897,0.08785890657160303,H
2025-09-14,Premier League,Burnley,Liverpool,A,0.7939336706528204,2.5966161985896026,0.09124971083982414,0.1482999158512806,0.7604503733088952,A
2025-09-14,Ligue 1,Paris SG,Lens,H,2.4781231744210306,0.8890998197812114,0.7211843782463644,0.16411757170514066,0.1146980500484949,H
2025-09-15,Serie A,Como,Genoa,D,1.5223024030944383,1.1359620405185973,0.4616512384580316,0.2548561020227491,0.2834926595192192,H
2025-09-15,La Liga,Espanol,Mallorca,H,1.4900676076521358,0.9976724994154129,0.4859219612508839,0.26087313349070196,0.2532049052584141,H
2025-09-15,Serie A,Verona,Cremonese,D,1.4189028734402713,1.222840101840539,0.4155441722085691,0.25999430353555547,0.3244615242558754,H
2025-09-19,Serie A,Lecce,Cagliari,A,1.2497797514157232,1.1844990234807287,0.3786679382103569,0.2741333494341628,0.3471987123554802,H
2025-09-19,Ligue 1,Lyon,Angers,H,2.0687452055026356,0.7315821229416104,0.6851393084912993,0.19404895103272418,0.12081174047597647,H
2025-09-19,La Liga,Betis,Sociedad,H,1.6826564957101267,0.9521969476395722,0.545480579384446,0.24176160997402166,0.2127578106415323,H
2025-09-19,Bundesliga,Stuttgart,St Pauli,H,1.984240114977934,1.0951015221888043,0.5798852104649111,0.21526240616373332,0.20485238337135564,H
2025-09-20,Ligue 1,Lens,Lille,H,1.3881155030688515,1.5320694914171578,0.344950488573293,0.2460700828763545,0.40897942855035246,A
2025-09-20,Serie A,Udinese,Milan,A,1.1181448929050728,1.563231615534265,0.2720735111829395,0.25179176459855673,0.47613472421850384,A
2025-09-20,Premier League,Wolves,Leeds,A,1.5083900418551832,1.0121867962409872,0.4871819166118713,0.2588041031089738,0.2540139802791549,H
2025-09-20,Bundesliga,Hoffenheim,Bayern Munich,A,0.9998359319588623,2.8980139795157736,0.10055931938958639,0.1381741848991756,0.7612664957112381,A
2025-09-20,La Liga,Girona,Levante,A,1.4211468991032827,1.1868502938062526,0.42404278623519137,0.26129514236114804,0.3146620714036606,H
2025-09-20,Premier League,Brighton,Tottenham,D,1.7299418194948724,1.1024067238291613,0.520608410434178,0.2374906211435694,0.2419009684222526,H
2025-09-20,Premier League,Burnley,Nott'm Forest,D,1.099086974706555,1.5202891130119967,0.2744171191796505,0.25591649352754214,0.4696663872928073,A
2025-09-20,Serie A,Bologna,Genoa,H,1.7030357010263644,1.0180979398996692,0.5342887503413918,0.23997642055411936,0.22573482910448894,H
2025-09-20,Premier League,Fulham,Brentford,H,1.3781435463353289,1.2138786772004735,0.40683000638524647,0.2633235431395964,0.3298464504751572,H
2025-09-20,Bundesliga,Hamburg,Heidenheim,H,1.3897821821261551,1.2477667673829562,0.4025667650673214,0.2609377018341639,0.3364955330985147,H
2025-09-20,Bundesliga,RB Leipzig,FC Koln,H,1.9799124520805809,1.0771715158488813,0.583151360763131,0.2153011054693562,0.20154753376751278,H
2025-09-20,Serie A,Verona,Juventus,D,0.8909520984830995,2.0149426294830306,0.15805882533458765,0.2068232419788949,0.6351179326865174,A
2025-09-20,Bundesliga,Werder Bremen,Freiburg,A,1.8516866304313486,1.2714891547491298,0.510123171945649,0.2271927788927418,0.2626840491616092,H
2025-09-20,Premier League,West Ham,Crystal Palace,A,1.1897480059343923,1.4959315730257128,0.3018282639516882,0.2554521910678813,0.4427195449804305,A
2025-09-20,Bundesliga,Augsburg,Mainz,A,1.4968224739053573,1.4286869124435915,0.39197091377032683,0.24635874225605864,0.36167034397361447,H
2025-09-20,Ligue 1,Brest,Nice,H,1.273179004416338,1.5831285533125528,0.3073073590869547,0.24658277264444467,0.44610986826860055,A
2025-09-20,Ligue 1,Nantes,Rennes,D,1.2608652951521324,1.237214736914973,0.3705653845771632,0.270145286258411,0.35928932916442585,H
2025-09-20,La Liga,Real Madrid,Espanol,H,2.4913944185202777,0.6965953562298343,0.7659660999212821,0.1506124942801658,0.08342140579855217,H
2025-09-20,Premier League,Liverpool,Everton,H,2.22710203516991,0.8311746739275762,0.690885545141449,0.18346016990568206,0.12565428495286898,H
2025-09-20,Premier League,Man United,Chelsea,H,1.1468467641940956,1.642187002742315,0.26627318133430194,0.24464462076961332,0.48908219789608476,A
2025-09-20,La Liga,Villarreal,Osasuna,H,1.9009110828937583,0.9032973575544184,0.6078341740640092,0.2186637784292993,0.1735020475066915,H
2025-09-20,La Liga,Valencia,Ath Bilbao,H,1.143071031865653,1.4098748410619448,0.3052394668595581,0.2638917580241533,0.43086877511628857,A
2025-09-20,La Liga,Alaves,Sevilla,A,1.5370402361922386,1.061966276443766,0.4826639430096678,0.2551861405346699,0.26214991645566227,H
2025-09-21,Bundesliga,Dortmund,Wolfsburg,H,2.4364709893003833,1.001962432458805,0.6891467359919538,0.1735397292054663,0.1373135348025799,H
2025-09-21,Ligue 1,Monaco,Metz,H,2.407887230284586,0.6973550306121173,0.752906565162761,0.15821387299361045,0.08887956184362863,H
2025-09-21,Ligue 1,Paris FC,Strasbourg,A,1.2322172991838967,1.407531571064593,0.32904921862118,0.260404445983796,0.410546335395024,A
2025-09-21,Serie A,Cremonese,Parma,D,1.5871581877020653,1.0168986018446848,0.5061274994263011,0.25110660472922225,0.24276589584447664,H
2025-09-21,La Liga,Elche,Oviedo,H,1.3282348587124329,1.0635389238552075,0.42702649210194965,0.27413974946163533,0.29883375843641496,H
2025-09-21,La Liga,Mallorca,Ath Madrid,D,0.9870088760063257,1.759115801233628,0.21047427177099706,0.23438681621926372,0.5551389120097392,A
2025-09-21,La Liga,Vallecano,Celta,D,1.3794233830632412,1.0713526933552975,0.4391303349295863,0.2692261705927215,0.29164349447769217,H
2025-09-21,Premier League,Arsenal,Man City,D,1.6828299272282627,1.3037784292641195,0.46360105327209067,0.2389129765354322,0.29748597019247724,H
2025-09-21,Premier League,Bournemouth,Newcastle,D,1.3488685095365864,1.2484157208860702,0.39169612015775895,0.26367770904539156,0.3446261707968495,H
2025-09-21,Premier League,Sunderland,Aston Villa,D,0.9546443502500043,1.6218663784212322,0.22202036258665017,0.24798907463569023,0.5299905627776595,A
2025-09-21,Bundesliga,Ein Frankfurt,Union Berlin,A,2.3221322709314127,0.9700235792365157,0.6760243762843928,0.1816898883336506,0.14228573538195663,H
2025-09-21,Ligue 1,Auxerre,Toulouse,H,1.319588621831283,1.321248184669827,0.3688505150161783,0.2615266393619391,0.36962284562188263,A
2025-09-21,La Liga,Barcelona,Getafe,H,2.94813794016602,0.6635736277751214,0.8323616808766967,0.11206357181168534,0.05557474731161798,H
2025-09-21,Bundesliga,Leverkusen,M'gladbach,D,2.744322438463611,0.773448964645287,0.785651344186626,0.1350856570301708,0.07926299878320321,H
2025-09-21,Serie A,Lazio,Roma,A,1.3209094250494728,1.3533895433821248,0.3626951120998388,0.259578018620509,0.3777268692796522,A
2025-09-21,Serie A,Inter,Sassuolo,H,2.9344652715654926,0.6877223319141708,0.8262639155156745,0.11483068231810059,0.05890540216622492,H
2025-09-21,Ligue 1,Le Havre,Lorient,D,1.5787593475745114,1.1772001141471273,0.46645731097866694,0.24927939035851499,0.28426329866281813,H
2025-09-21,Serie A,Fiorentina,Como,A,1.6885343287328627,1.035247868489446,0.5266648000378445,0.24135660429146308,0.2319785956706924,H
2025-09-21,Serie A,Torino,Atalanta,A,1.0715307301338013,1.7010078723959934,0.2388611790164181,0.24014111014944794,0.5209977108341339,A
2025-09-22,Serie A,Napoli,Pisa,H,2.211457805215115,0.714724987214614,0.7158183345529727,0.17830200774029079,0.10587965770673641,H
2025-09-22,Ligue 1,Marseille,Paris SG,H,1.2416261985739585,1.8654777312063957,0.25382069817849046,0.22622627955279745,0.5199530222687121,A
2025-09-23,La Liga,Ath Bilbao,Girona,D,2.065583551331506,0.7346724654719733,0.683757942283422,0.1945515468645242,0.12169051085205379,H
2025-09-23,La Liga,Levante,Real Madrid,A,0.8795447995178077,2.146295330760118,0.14228642238861042,0.1935544689035748,0.6641591087078148,A
2025-09-23,La Liga,Espanol,Valencia,D,1.4212794669463402,1.1260638250672341,0.4377282116092884,0.26358791734432063,0.29868387104639094,H
2025-09-23,La Liga,Sevilla,Villarreal,A,1.1377497727436396,1.6319618301867262,0.2656937194231706,0.2456261154210337,0.4886801651557957,A
2025-09-24,La Liga,Sociedad,Mallorca,H,1.5321114718605497,1.0640420850925099,0.4809142126974835,0.25559820786329707,0.26348757943921947,H
2025-09-24,La Liga,Ath Madrid,Vallecano,H,1.8866833734620962,0.8591483237043884,0.6156777163470291,0.21883537122143426,0.16548691243153668,H
2025-09-24,La Liga,Getafe,Alaves,D,1.363363921660588,1.0816848869152766,0.4324166653218652,0.27024676966758204,0.2973365650105528,H
2025-09-25,La Liga,Oviedo,Barcelona,A,0.774722335205319,2.413582520748971,0.1009072935341686,0.16284807271654042,0.7362446337492909,A
2025-09-25,La Liga,Osasuna,Elche,D,1.5876171494133229,0.9155877411205925,0.5311413786990682,0.25163507973035015,0.21722354157058163,H
2025-09-26,Bundesliga,Bayern Munich,Werder Bremen,H,3.530736522818192,0.8903377576385405,0.8527732674659221,0.09230130749555644,0.054925425038521464,H
2025-09-26,La Liga,Girona,Espanol,D,1.255769934731693,1.2496912419868673,0.36659774615122065,0.26969905350153756,0.36370320034724174,H
2025-09-26,Ligue 1,Strasbourg,Marseille,A,1.3761020461994218,1.350347297076449,0.37755899795704084,0.2567006463772864,0.36574035566567265,H
2025-09-27,Bundesliga,Mainz,Dortmund,A,1.3127199459544927,1.6996273595115838,0.29677192918391143,0.2375825054455469,0.4656455653705417,A
2025-09-27,Premier League,Man City,Burnley,H,2.861743570094973,0.6457896317211573,0.8258718728045941,0.11688197810725144,0.057246149088154515,H
2025-09-27,Premier League,Leeds,Bournemouth,D,1.1018366007714027,1.4236504645442398,0.29186521388004827,0.2642396707595427,0.44389511536040904,A
2025-09-27,Premier League,Chelsea,Brighton,A,1.8277334693737077,1.085986871597727,0.5472827603841339,0.22883293179930833,0.2238843078165577,H
2025-09-27,Premier League,Tottenham,Wolves,D,1.8136880704911207,0.9659763417111779,0.5729127916405731,0.22876859599215582,0.1983186123672711,H
2025-09-27,Premier League,Nott'm Forest,Sunderland,A,1.8457207645013831,0.8812291901054186,0.6011012080374127,0.22375739130444536,0.17514140065814193,H
2025-09-27,Bundesliga,Heidenheim,Augsburg,H,1.3737909393349055,1.4855380580033375,0.3502376233616863,0.2493370344300299,0.40042534220828385,A
2025-09-27,Bundesliga,St Pauli,Leverkusen,A,1.0944631064319292,2.0913186809883046,0.1913411995980258,0.20607048071914957,0.6025883196828247,A
2025-09-27,Ligue 1,Paris SG,Auxerre,H,2.6857709808156387,0.646334439954299,0.8040362807180496,0.13043740398309217,0.06552631529885831,H
2025-09-27,Ligue 1,Toulouse,Nantes,D,1.5670750847690775,1.0160312568875427,0.5012742793336279,0.25305523471547015,0.24567048595090185,H
2025-09-27,La Liga,Getafe,Levante,D,1.4991012011276603,1.1103446471267922,0.461613574172686,0.25747957239692154,0.28090685343039246,H
2025-09-27,Serie A,Juventus,Atalanta,D,1.683417657538342,1.3111551579756042,0.4621273432750691,0.23872488329620806,0.29914777342872284,H
2025-09-27,Ligue 1,Lorient,Monaco,H,0.9927543611664077,2.011305389215183,0.17971733753092728,0.21046837019023934,0.6098142922788333,A
2025-09-27,Premier League,Brentford,Man United,H,1.5071185261075475,1.1952662216065355,0.4443356376868231,0.25441906516736884,0.3012452971458081,H
2025-09-27,Serie A,Cagliari,Inter,A,0.8806101633684513,2.2743997622904626,0.13046254277658423,0.18160864071974567,0.6879288165036701,A
2025-09-27,Bundesliga,M'gladbach,Ein Frankfurt,A,1.199715452556593,1.7746763811296162,0.25800540374225206,0.23339754626639606,0.5085970499913519,A
2025-09-27,La Liga,Mallorca,Alaves,H,1.3404081846630327,1.1341744533378348,0.4143255709352034,0.26989828545837175,0.3157761436064248,H
2025-09-27,Serie A,Como,Cremonese,D,1.573307353532353,0.9937831888317019,0.5082394839589106,0.2526821505079268,0.23907836553316258,H
2025-09-27,Bundesliga,Wolfsburg,RB Leipzig,A,1.3747227169766634,1.5093601159465626,0.3459311617978307,0.24791415990752771,0.40615467829464164,A
2025-09-27,La Liga,Ath Madrid,Real Madrid,H,1.237606136264698,1.605120688015389,0.2947191827166187,0.24589231932704134,0.45938849795633996,A
2025-09-27,Premier League,Crystal Palace,Liverpool,H,1.1071768356572007,1.7066934825617117,0.24655165896947534,0.23950562105878212,0.5139427199717426,A
2025-09-27,La Liga,Villarreal,Ath Bilbao,H,1.6410062626152864,1.036827255719575,0.514708218796453,0.24582192981880108,0.23946985138474594,H
2025-09-28,Serie A,Sassuolo,Udinese,H,1.2776748357215393,1.282232679398158,0.3657641015251186,0.2663216275311171,0.36791427094376433,A
2025-09-28,Ligue 1,Metz,Le Havre,D,1.2716958026176615,1.3198080013711884,0.35654936640993634,0.2643275447022379,0.37912308888782575,A
2025-09-28,La Liga,Barcelona,Sociedad,H,2.921026006303352,0.6834297972763892,0.8255319843750237,0.11546069277836085,0.05900732284661544,H
2025-09-28,Ligue 1,Angers,Brest,A,1.1036798841358497,1.511055989796584,0.27715495111122856,0.25661324606206465,0.46623180282670684,A
2025-09-28,Serie A,Roma,Verona,H,2.0418279577543963,0.7359022145501315,0.6787997283136594,0.19715241605228606,0.12404785563405454,H
2025-09-28,Premier League,Newcastle,Arsenal,A,1.1253708645252694,1.6424768286544353,0.26096996509325077,0.2448962750812941,0.49413375982545515,A
2025-09-28,Ligue 1,Lille,Lyon,A,1.7048273683616182,1.1501764459649755,0.5034718774866817,0.23939191126631346,0.257136211247005,H
2025-09-28,Serie A,Pisa,Fiorentina,D,1.1377177502310092,1.484364683997455,0.29051501087306586,0.2579635672149309,0.4515214219120033,A
2025-09-28,Bundesliga,Freiburg,Hoffenheim,D,2.0256829630989195,1.1050789381860915,0.5864120090323295,0.2119003504674072,0.2016876405002632,H
2025-09-28,Bundesliga,Union Berlin,Hamburg,D,1.9693447779264794,0.9772064792017185,0.604634563193203,0.21397371113466016,0.18139172567213696,H
2025-09-28,La Liga,Vallecano,Sevilla,A,1.5064818605021442,1.07371165762652,0.4720570939143377,0.25772380517336924,0.27021910091229306,H
2025-09-28,La Liga,Elche,Celta,H,1.2521105724624868,1.2078878333454823,0.37434255830102103,0.2725385997049446,0.35311884199403437,H
2025-09-28,Bundesliga,FC Koln,Stuttgart,A,1.4307613954634144,1.5305961654232776,0.35568977976769733,0.24447273746837944,0.39983748276392317,A
2025-09-28,Serie A,Lecce,Bologna,D,0.9635688017937439,1.6227159805407272,0.22410927611689582,0.24788936702596173,0.5280013568571424,A
2025-09-28,Premier League,Aston Villa,Fulham,H,1.4828635036589124,1.0728441234284363,0.46614833665842015,0.2598762696008572,0.2739753937407227,H
2025-09-28,La Liga,Betis,Osasuna,H,1.6348678163336028,0.9878500135865038,0.5250541206680436,0.246617280518383,0.2283285988135734,H
2025-09-28,Serie A,Milan,Napoli,H,1.3520102410996604,1.431779823666248,0.35515665786414946,0.25342426534026596,0.3914190767955846,A
2025-09-28,Ligue 1,Nice,Paris FC,D,1.8373529836403653,0.9995311464948606,0.5701440185406581,0.22698943737698943,0.20286654408235255,H
2025-09-28,Ligue 1,Rennes,Lens,D,1.2797328888849626,1.3774732811902468,0.347216255732282,0.26022210802482,0.3925616362428981,A
2025-09-29,Premier League,Everton,West Ham,D,1.7718268127539745,0.9718179223764392,0.5618192925512047,0.23297852756271345,0.20520217988608194,H
2025-09-29,Serie A,Genoa,Lazio,A,1.1691368536952185,1.42732395599296,0.308894374629266,0.2615048737990517,0.42960075157168226,A
2025-09-29,Serie A,Parma,Torino,H,1.18079807296261,1.2360456816975436,0.34896659621499654,0.2753501448282085,0.375683258956795,A
2025-09-30,La Liga,Valencia,Oviedo,A,1.6274041017141523,0.9329870850483128,0.5367285692876338,0.24741283039158976,0.21585860032077642,H
2025-10-03,La Liga,Osasuna,Getafe,H,1.5237847608007091,0.964691804725666,0.5027022709966809,0.25799679875942894,0.2393009302438901,H
2025-10-03,Serie A,Verona,Sassuolo,A,1.3461677266270167,1.1715587144613837,0.40758901949620413,0.2676816407005986,0.3247293398031973,H
2025-10-03,Premier League,Bournemouth,Fulham,H,1.5073956996576887,1.0950174390483967,0.4673070291666035,0.25714287098842825,0.2755500998449682,H
2025-10-03,Bundesliga,Hoffenheim,FC Koln,A,1.7442929301268593,1.2763072693458288,0.4842296820567518,0.23500757177398862,0.2807627461692596,H
2025-10-03,Ligue 1,Paris FC,Lorient,H,1.716495224470375,1.1239975697720448,0.512346818660631,0.23857665424114902,0.24907652709821995,H
2025-10-04,Ligue 1,Metz,Marseille,A,0.8930431107641318,2.1029857312401643,0.14925606403683567,0.19830090590496854,0.6524430300581958,A
2025-10-04,Premier League,Arsenal,West Ham,H,2.7104276672362526,0.7342998155760116,0.789118847576317,0.1349814690901503,0.07589968333353267,H
2025-10-04,Serie A,Atalanta,Como,D,1.9668631644240988,0.9377132931893659,0.6136480911350947,0.2131021461386196,0.17324976272628578,H
2025-10-04,Serie A,Inter,Cremonese,H,2.732976820275333,0.7243134075223502,0.7941851003424161,0.13249199119687613,0.07332290846070787,H
2025-10-04,Serie A,Lazio,Torino,D,1.8191776503921742,0.9020292592830131,0.5899368421591701,0.22701593230101835,0.18304722553981162,H
2025-10-04,Bundesliga,Werder Bremen,St Pauli,H,1.8382649839535077,1.1896597328930714,0.5255772456141786,0.22835439047660522,0.24606836390921605,H
2025-10-04,Ligue 1,Brest,Nantes,D,1.7645292183741084,0.9693434652907728,0.5607224681574232,0.23367196072729815,0.20560557111527863,H
2025-10-04,Premier League,Chelsea,Liverpool,H,1.3450494667115984,1.5941571799393135,0.32296304857868985,0.2437739683175597,0.4332629831037504,A
2025-10-04,La Liga,Girona,Valencia,H,1.2506181530812326,1.2317535053976214,0.3689308085575449,0.27115730866410437,0.35991188277835073,H
2025-10-04,Ligue 1,Auxerre,Lens,A,1.0952660867266637,1.49085831938411,0.2784267052882082,0.25858854786882507,0.46298474684296675,A
2025-10-04,La Liga,Oviedo,Levante,A,1.45607863989123,1.0807668113662336,0.4573063608186687,0.26206277967942615,0.28063085950190514,H
2025-10-04,Bundesliga,Ein Frankfurt,Bayern Munich,A,1.4631967675893267,2.560927455892566,0.20631848180642914,0.18091887852837693,0.6127626396651938,A
2025-10-04,Bundesliga,Dortmund,RB Leipzig,D,1.880069935460432,1.1061312607299432,0.5544030408582749,0.2244276676996631,0.22116929144206207,H
2025-10-04,Premier League,Man United,Sunderland,H,1.7869307639886483,0.897542270456952,0.5836822495376564,0.2302856333599473,0.18603211710239637,H
2025-10-04,La Liga,Real Madrid,Villarreal,H,2.0137844783197547,0.9435848023972467,0.6221237812596031,0.20875212997383352,0.16912408876656337,H
2025-10-04,Bundesliga,Leverkusen,Union Berlin,H,2.580471203328162,0.8886759085275493,0.7376284232771152,0.15559325054271333,0.10677832618017151,H
2025-10-04,La Liga,Ath Bilbao,Mallorca,H,1.7737028944847923,0.8592222822654324,0.5902574639242072,0.2309077856410781,0.17883475043471464,H
2025-10-04,Bundesliga,Augsburg,Wolfsburg,H,1.5833926352843863,1.3570131983249603,0.42809065160181375,0.24407956899509206,0.3278297794030941,H
2025-10-04,Serie A,Parma,Lecce,A,1.3811287577755056,1.093213365217221,0.4345543561428947,0.2682354152013391,0.2972102286557661,H
2025-10-04,Premier League,Leeds,Tottenham,A,1.2399126827316027,1.3962911396234856,0.3331969341284217,0.2608495667982409,0.4059534990733374,A
2025-10-05,Serie A,Bologna,Pisa,H,1.8000321715912955,0.8905145503753163,0.5884450385572221,0.22876749042351122,0.1827874710192667,H
2025-10-05,Premier League,Brentford,Man City,A,1.1364506682076239,1.8851792172315993,0.22726131987625856,0.22426509498168457,0.5484735851420569,A
2025-10-05,Premier League,Wolves,Brighton,D,1.1454040047411642,1.601765836958725,0.27250997306773217,0.24803198771956195,0.4794580392127058,A
2025-10-05,Premier League,Newcastle,Nott'm Forest,H,1.6627316729606194,0.9740102586506333,0.5352740012678345,0.24384806544371698,0.2208779332884485,H
2025-10-05,Ligue 1,Lille,Paris SG,D,1.2062279691475282,1.762983961937758,0.26134041928905105,0.23428074069999144,0.5043788400109575,A
2025-10-05,La Liga,Sociedad,Vallecano,A,1.4162862226848603,1.0917878127843132,0.4442597771769945,0.2652252537140227,0.29051496910898267,H
2025-10-05,Serie A,Juventus,Milan,D,1.6037251638228713,1.206404375040152,0.4660371776844653,0.24669029389765382,0.28727252841788087,H
2025-10-05,Premier League,Everton,Crystal Palace,H,1.3255016600222351,1.34893283071667,0.3647832507049504,0.25958959440139256,0.375627154893657,A
2025-10-05,Ligue 1,Le Havre,Rennes,D,1.2384130272162601,1.2869805938094543,0.3543009855501239,0.2683528839605463,0.3773461304893297,A
2025-10-05,Ligue 1,Monaco,Nice,D,1.8147370075765845,1.0956433953881453,0.5420231456199532,0.23004084804214228,0.2279360063379045,H
2025-10-05,Serie A,Napoli,Genoa,H,2.3019484163696933,0.7580722722511928,0.7213897518947747,0.1721369125151704,0.10647333559005481,H
2025-10-05,La Liga,Celta,Ath Madrid,D,1.0829707401315105,1.6862847348399126,0.24383589855647184,0.24142359256957585,0.5147405088739524,A
2025-10-05,Bundesliga,Stuttgart,Heidenheim,H,2.099523779006503,0.8866798821481287,0.6532852508779187,0.19836852961194404,0.14834621951013738,H
2025-10-05,Ligue 1,Strasbourg,Angers,H,2.0004517031360844,0.787550582205004,0.6576183459562577,0.20408141658470208,0.13830023745904038,H
2025-10-05,Bundesliga,Hamburg,Mainz,H,1.1506927305625358,1.504670941589535,0.2903017258525284,0.255919781829645,0.45377849231782674,A
2025-10-05,La Liga,Espanol,Betis,A,1.2054735466964124,1.3948586993997518,0.32445769681999526,0.26248557405495415,0.41305672912505054,A
2025-10-05,La Liga,Sevilla,Barcelona,H,0.8833032178336855,2.2627990442074437,0.13200283544018032,0.18280856123822256,0.685188603321597,A
2025-10-05,Premier League,Aston Villa,Burnley,H,2.136996086872216,0.7844773566437688,0.6852564720309141,0.18981630107661124,0.12492722689247461,H
2025-10-05,Serie A,Fiorentina,Roma,A,1.1501701946661784,1.3890541925650235,0.31095049102692174,0.2652846440430713,0.4237648649300069,A
2025-10-05,Bundesliga,M'gladbach,Freiburg,D,1.3495165953152013,1.5813971065769257,0.3263612537536613,0.2444427043297217,0.42919604191661703,A
2025-10-05,La Liga,Alaves,Elche,H,1.4197518343478877,1.0315841529969985,0.45924988358605534,0.26685957716261366,0.27389053925133094,H
2025-10-05,Serie A,Udinese,Cagliari,D,1.427696119658495,1.0909010874207186,0.44748517605452165,0.26425654167141427,0.28825828227406414,H
2025-10-05,Ligue 1,Lyon,Toulouse,A,1.8894643605034505,0.9329275351864691,0.5980341618613271,0.22059234496364755,0.18137349317502546,H
2025-10-17,La Liga,Oviedo,Espanol,A,1.3234482348264305,1.15527098139662,0.40506416057470357,0.2702278711347187,0.3247079682905777,H
2025-10-17,Bundesliga,Union Berlin,M'gladbach,H,1.7029727110923742,1.1835987964094654,0.4953365387010469,0.239236291857856,0.2654271694410971,H
2025-10-17,Ligue 1,Paris SG,Strasbourg,D,2.3455798630109976,0.947441007339206,0.6853845715349834,0.17858863986785625,0.13602678859716025,H
2025-10-18,Premier League,Sunderland,Wolves,H,1.2339300434183904,1.2550219078516824,0.3595980049839167,0.2707318522058463,0.369670142810237,A
2025-10-18,Serie A,Pisa,Verona,D,1.3962173774620459,1.042230331889782,0.45043696866474314,0.26873452979131673,0.28082850154394023,H
2025-10-18,Premier League,Crystal Palace,Bournemouth,D,1.5734691819160231,1.1404299095276766,0.47355143142649714,0.2504834017163336,0.2759651668571694,H
2025-10-18,Bundesliga,FC Koln,Augsburg,D,1.743577706218575,1.2896268881504516,0.4811086686400122,0.23488255114507642,0.2840087802149113,H
2025-10-18,La Liga,Ath Madrid,Osasuna,H,2.0973353378339765,0.8672266829355311,0.6575383370693076,0.19774804421502973,0.14471361871566255,H
2025-10-18,Premier League,Fulham,Arsenal,A,1.0094408725354433,1.895391669045363,0.19755741025438084,0.22166942980218937,0.5807731599434297,A
2025-10-18,Ligue 1,Angers,Monaco,D,0.9123119626830263,2.0141455177796113,0.1625723452143159,0.2076672329638132,0.6297604218218709,A
2025-10-18,Ligue 1,Marseille,Le Havre,H,2.1694604292558446,0.7852957221063753,0.6911680674604637,0.1866110731756144,0.12222085936392191,H
2025-10-18,Ligue 1,Nice,Lyon,H,1.3736884955027877,1.24228379480541,0.39953169327859595,0.2622987699682076,0.33816953675319655,H
2025-10-18,Serie A,Roma,Inter,A,1.336484868395537,1.5155946654165902,0.335257700122121,0.2490158315578777,0.41572646832000126,A
2025-10-18,Bundesliga,Mainz,Leverkusen,A,1.1204090298140716,1.981274167600856,0.21069485174682168,0.21595283991891923,0.5733523083342591,A
2025-10-18,Premier League,Nott'm Forest,Chelsea,A,1.1253754180303832,1.5872653695829049,0.26991422308242163,0.24960399461824612,0.48048178229933225,A
2025-10-18,Premier League,Man City,Everton,H,2.233106865177488,0.8988763071596042,0.6760729857201381,0.18630179382188905,0.13762522045797293,H
2025-10-18,La Liga,Barcelona,Girona,H,2.9224015090685866,0.6401801737099849,0.8338817311946483,0.11209101179991603,0.054027257005435696,H
2025-10-18,Serie A,Lecce,Sassuolo,D,1.3490720917310615,1.2445520384652706,0.39257124263427357,0.26386170089065103,0.34356705647507546,H
2025-10-18,Bundesliga,Heidenheim,Werder Bremen,D,1.2381455521488423,1.5289472117874292,0.30820227088185037,0.25147234377225347,0.44032538534589616,A
2025-10-18,Premier League,Burnley,Leeds,H,1.2981608286158144,1.321279883776923,0.36322702802920165,0.26274861510782727,0.37402435686297114,A
2025-10-18,Bundesliga,RB Leipzig,Hamburg,H,2.269725293922921,0.8097292284575498,0.7036434004069033,0.17824354636439102,0.11811305322870555,H
2025-10-18,Premier League,Brighton,Newcastle,H,1.4653017432001851,1.2241456731316545,0.4272425601022015,0.25658022279876,0.31617721709903845,H
2025-10-18,La Liga,Villarreal,Betis,D,1.5693515410414927,1.12546106070162,0.4759769785069287,0.25112626142731753,0.2728967600657538,H
2025-10-18,Bundesliga,Wolfsburg,Stuttgart,A,1.2904073215879812,1.4800286013059523,0.33033310726115445,0.25305524237507593,0.4166116503637696,A
2025-10-18,Bundesliga,Bayern Munich,Dortmund,H,2.5211791777270744,1.052193257437901,0.692648469714912,0.16911911968279833,0.1382324106022896,H
2025-10-18,Serie A,Torino,Napoli,H,1.0284371788919213,1.8250649427589778,0.2110904392218415,0.22853147354137654,0.560378087236782,A
2025-10-18,La Liga,Sevilla,Mallorca,A,1.6211245629021025,1.0131128803159533,0.5155163121231667,0.24785626805681632,0.23662741982001703,H
2025-10-19,Serie A,Genoa,Parma,D,1.484217654611016,1.0164589792273275,0.47987222708636873,0.26106632534945823,0.25906144756417293,H
2025-10-19,Ligue 1,Rennes,Auxerre,D,1.6525677444743614,0.9829948163156389,0.5305899956633781,0.2448672415638593,0.22454276277276272,H
2025-10-19,Ligue 1,Lens,Paris FC,H,1.8371236735273242,0.9694450944648297,0.5774004353556569,0.226525594339185,0.19607397030515825,H
2025-10-19,Serie A,Milan,Fiorentina,H,1.7368537492077831,0.9722782119655214,0.5534982191215333,0.2364462772603695,0.2100555036180973,H
2025-10-19,La Liga,Celta,Sociedad,D,1.4941871246871434,1.027911870369713,0.47972731971012395,0.25986622278733645,0.2604064575025396,H
2025-10-19,Serie A,Cagliari,Bologna,A,1.0482570532371451,1.6362713729017022,0.24300345163163742,0.24619171235437967,0.5108048360139829,A
2025-10-19,Serie A,Como,Juventus,H,1.1008432785594942,1.5906947050789675,0.26322954101620233,0.24971488064235994,0.48705557834143776,A
2025-10-19,La Liga,Levante,Vallecano,A,1.4457717450126415,1.1387855165433352,0.44126175133734197,0.2611150752158052,0.29762317344685285,H
2025-10-19,Premier League,Liverpool,Man United,A,2.1946627956823663,0.8371144266220149,0.6834713864063612,0.18687268033387122,0.12965593325976757,H
2025-10-19,Premier League,Tottenham,Aston Villa,A,1.2939472835541377,1.3853909576899832,0.34935519948155735,0.25901747287219573,0.3916273276462469,A
2025-10-19,La Liga,Elche,Ath Bilbao,D,1.070212060436502,1.4495877167933895,0.27898166488010745,0.262952373663894,0.45806596145599854,A
2025-10-19,Bundesliga,Freiburg,Ein Frankfurt,D,1.644182424393969,1.4941629082242829,0.4142209930761061,0.23616268493351908,0.3496163219903749,H
2025-10-19,Ligue 1,Nantes,Lille,A,1.0648723212949338,1.6896616180122797,0.2389587157552715,0.24119083738609962,0.5198504468586288,A
2025-10-19,Ligue 1,Toulouse,Metz,H,1.9927721026843146,0.8918500090347734,0.6302890289331077,0.20905929040660878,0.16065168066028349,H
2025-10-19,La Liga,Getafe,Real Madrid,A,0.8643271014458731,2.196216000567725,0.13461497430055713,0.18808221733746722,0.6773028083619757,A
2025-10-19,Bundesliga,St Pauli,Hoffenheim,A,1.5240636198547515,1.2523070836667223,0.4359818502157181,0.2513788334338802,0.3126393163504017,H
2025-10-19,Serie A,Atalanta,Lazio,D,1.7519325182840475,1.2005191857830866,0.5030851359324574,0.235190825275115,0.2617240387924276,H
2025-10-19,Ligue 1,Lorient,Brest,D,1.143513884181477,1.5540492514943,0.28000307333784236,0.25203447292730935,0.46796245373484824,A
2025-10-20,Serie A,Cremonese,Udinese,D,1.353122869630367,1.1599558007360866,0.41201057344516123,0.26769138030940565,0.3202980462454331,H
2025-10-20,La Liga,Alaves,Valencia,D,1.4662513671325152,1.0849819908284999,0.45898514532498175,0.26103763685380094,0.2799772178212174,H
2025-10-20,Premier League,West Ham,Brentford,A,1.309948403054781,1.3831355180079572,0.3539380044703194,0.25836314005074557,0.3876988554789349,A
2025-10-24,Serie A,Milan,Pisa,D,2.1389847447602097,0.7461825447881953,0.6949453627182789,0.18752609095369965,0.11752854632802148,H
2025-10-24,La Liga,Sociedad,Sevilla,H,1.4057297433851277,1.1303938513915566,0.432637774838478,0.2647171062264098,0.30264511893511226,H
2025-10-24,Bundesliga,Werder Bremen,Union Berlin,H,1.716489463257986,1.2320210755647776,0.4875667353831333,0.2376280497689951,0.2748052148478716,H
2025-10-24,Premier League,Leeds,West Ham,H,1.3927294465064868,1.1690276065065985,0.4205316748369715,0.2642088398941212,0.31525948526890735,H
2025-10-24,Ligue 1,Paris FC,Nantes,A,1.5540741034838814,1.059789249192485,0.4875134894274561,0.253660479593966,0.25882603097857804,H
2025-10-25,Serie A,Napoli,Inter,H,1.4339908240688033,1.5510912417516018,0.3525845606155798,0.24323997943886236,0.40417545994555776,A
2025-10-25,Premier League,Man United,Brighton,H,1.358150951323695,1.4063704230331087,0.3617099966670092,0.2545889314199754,0.3837010719130154,A
2025-10-25,Bundesliga,Hoffenheim,Heidenheim,H,1.8505699298478806,1.0641341801442272,0.5576580605644028,0.2265952074279728,0.2157467320076244,H
2025-10-25,Premier League,Newcastle,Fulham,H,1.6786208344205995,1.017227782946587,0.5286117592699013,0.24231070614458933,0.22907753458550925,H
2025-10-25,Serie A,Parma,Como,D,1.0366625135656655,1.4563802367346814,0.26899452680215363,0.2632506477478346,0.4677548254500118,A
2025-10-25,Serie A,Udinese,Lecce,H,1.4886213382235352,1.05781683846013,0.4711793468667067,0.2597205939373182,0.2691000591959751,H
2025-10-25,La Liga,Ath Bilbao,Getafe,A,1.7977688365437279,0.8132581483954622,0.6074426379958933,0.2271123898341333,0.1654449721699735,H
2025-10-25,Ligue 1,Brest,Paris SG,A,1.0676264357129632,1.8973532418580106,0.21022295914862305,0.22244369430728128,0.5673333465440956,A
2025-10-25,Bundesliga,Augsburg,RB Leipzig,A,1.2191066911958148,1.669750471324651,0.27933858394069017,0.24137720835061524,0.4792842077086947,A
2025-10-25,La Liga,Espanol,Elche,H,1.516114331825516,0.9576308247274022,0.5024541095994963,0.258878524351149,0.23866736604935462,H
2025-10-25,Premier League,Chelsea,Sunderland,A,2.3187081574395703,0.7415351230159892,0.7281133504517858,0.1695080809497186,0.10237856859849548,H
2025-10-25,La Liga,Valencia,Villarreal,A,1.1523206180916798,1.4603839808233616,0.2985342246044945,0.2594696048089347,0.4419961705865708,A
2025-10-25,Bundesliga,Hamburg,Wolfsburg,A,1.483837500195631,1.280940404677004,0.4196096028776514,0.2531633922493684,0.32722700487298007,H
2025-10-25,Premier League,Brentford,Liverpool,H,1.1508500417019523,1.7027306662178037,0.2576251490159567,0.23956094683009957,0.5028139041539438,A
2025-10-25,Ligue 1,Monaco,Toulouse,H,1.9418219974102007,1.0536155164285745,0.5804478726780224,0.2182326402906414,0.20131948703133606,H
2025-10-25,Ligue 1,Lens,Marseille,H,1.352622137699141,1.4892399615127292,0.34424625646328905,0.2499981711716911,0.4057555723650199,A
2025-10-25,Serie A,Cremonese,Atalanta,D,0.9377386316278686,1.8434438234899946,0.18810878626705874,0.22529792412188837,0.586593289611053,A
2025-10-25,Bundesliga,Dortmund,FC Koln,H,2.2220757389028036,0.8930054935481521,0.6753899839925862,0.18704105978632568,0.13756895622108814,H
2025-10-25,Bundesliga,Ein Frankfurt,St Pauli,H,2.3571155101309786,0.9623382958281281,0.6840646211624171,0.1783122010579087,0.13762317777967437,H
2025-10-25,Bundesliga,M'gladbach,Bayern Munich,A,0.883201329825197,3.0687376935487016,0.0752594664750292,0.11927545745847207,0.8054650760664988,A
2025-10-25,La Liga,Girona,Oviedo,D,1.4124554076190263,1.018966999158888,0.46029176311279246,0.26793839788828167,0.2717698389989258,H
2025-10-26,Ligue 1,Rennes,Nice,A,1.3865412530218097,1.3543253770197676,0.37942239712965525,0.2559042505020879,0.3646733523682567,H
2025-10-26,Bundesliga,Stuttgart,Mainz,H,1.959532492767828,1.070912287773183,0.5802179796554924,0.21697549882511566,0.2028065215193919,H
2025-10-26,Premier League,Arsenal,Crystal Palace,H,2.0553161269543816,0.9406151783480524,0.6314223487619977,0.20469036735295595,0.1638872838850463,H
2025-10-26,La Liga,Real Madrid,Barcelona,H,1.7573117047940408,1.24057783036606,0.4952754189953709,0.23444135250294149,0.2702832285016876,H
2025-10-26,La Liga,Osasuna,Celta,A,1.4251670447461975,1.083333247880682,0.4485679014010588,0.2647293273860274,0.2867027712129137,H
2025-10-26,Ligue 1,Lille,Metz,H,2.3451776882231488,0.6586171063360157,0.7518020476388989,0.16139314638341926,0.0868048059776818,H
2025-10-26,Premier League,Bournemouth,Nott'm Forest,H,1.8007905968098838,0.9824009096445312,0.5659438146602109,0.23027088888326086,0.2037852964565282,H
2025-10-26,Serie A,Sassuolo,Roma,A,0.9440362396945408,1.6767029220782774,0.21161355876334373,0.2423288478142529,0.5460575934224033,A
2025-10-26,La Liga,Vallecano,Alaves,H,1.525297320457526,1.0249646918015263,0.48847191070410334,0.25694668135392923,0.25458140794196754,H
2025-10-26,Serie A,Fiorentina,Bologna,D,1.287160057620797,1.4840540909918238,0.328760504606189,0.2529127164016227,0.4183267789921883,A
2025-10-26,Ligue 1,Angers,Lorient,H,1.2710547688186042,1.2328933267787339,0.37421953938135605,0.26973623631026844,0.3560442243083755,H
2025-10-26,Premier League,Aston Villa,Man City,H,1.2359384396899689,1.6541012578003562,0.2860071080775057,0.24227642336772723,0.4717164685547671,A
2025-10-26,Ligue 1,Auxerre,Le Havre,A,1.524863234675575,1.059313184540774,0.48017735512397364,0.2563547551014048,0.26346788977462143,H
2025-10-26,Serie A,Lazio,Juventus,H,1.3300937886573299,1.3914165629266717,0.35749263701280054,0.256855337358094,0.38565202562910544,A
2025-10-26,Premier League,Everton,Tottenham,A,1.5260549641220595,1.1576153895777879,0.4576531731740449,0.25399082081800733,0.28835600600794764,H
2025-10-26,La Liga,Mallorca,Levante,D,1.5013263353261892,1.0521694399718997,0.47580767966098664,0.25867587137213904,0.2655164489668744,H
2025-10-26,Premier League,Wolves,Burnley,A,1.5305554468002036,1.032692328304277,0.4879704960705519,0.2563129254481782,0.2557165784812699,H
2025-10-26,Serie A,Verona,Cagliari,D,1.2664945673446633,1.1190101786424578,0.39749856046224374,0.27666464363955906,0.3258367958981972,H
2025-10-26,Ligue 1,Lyon,Strasbourg,H,1.5203609028286182,1.323567203223993,0.419655577582994,0.24919095458326168,0.3311534678337444,H
2025-10-26,Bundesliga,Leverkusen,Freiburg,H,2.3066153996411276,1.004673832229508,0.6652972032872954,0.1845649420298011,0.15013785468290353,H
2025-10-26,Serie A,Torino,Genoa,H,1.576106984864241,1.0405602096864772,0.4976628868709466,0.25189310993852587,0.2504440031905274,H
2025-10-27,La Liga,Betis,Ath Madrid,A,1.4257627503523922,1.3950618858982122,0.38109152404117974,0.25169490735686145,0.36721356860195875,H
2025-10-28,Serie A,Lecce,Napoli,A,0.9063655158397703,2.0671339429474602,0.15564485722811242,0.2022964930511314,0.6420586497207562,A
2025-10-28,Serie A,Atalanta,Milan,D,1.4462383688883635,1.2776823193201534,0.4107408371122942,0.25581011013575766,0.3334490527519481,H
2025-10-29,Serie A,Inter,Fiorentina,H,2.158078881206773,0.9075320013565974,0.6597818882905241,0.1936766440297351,0.14654146767974074,H
2025-10-29,Serie A,Juventus,Udinese,H,1.9099031475282207,0.8690079091791644,0.6182788015475731,0.2167191345966996,0.16500206385572724,H
2025-10-29,Ligue 1,Nice,Lille,H,1.4553238916156856,1.398067036779282,0.3878959575757193,0.24995648194248932,0.36214756048179136,H
2025-10-29,Ligue 1,Le Havre,Brest,H,1.222102718458607,1.437945366845352,0.32070847068462843,0.25864808180089804,0.4206434475144736,A
2025-10-29,Ligue 1,Nantes,Monaco,A,1.0973598200042145,1.687050564185618,0.24719190629910484,0.2412789774587727,0.5115291162421225,A
2025-10-29,Ligue 1,Strasbourg,Auxerre,H,2.111245178571882,0.9026855383163286,0.6517680692134811,0.19790909623047553,0.15032283455604348,H
2025-10-29,Ligue 1,Lorient,Paris SG,D,0.8038473006851359,2.4339944794427373,0.10415013925647114,0.16285753043082818,0.7329923303127007,A
2025-10-29,Ligue 1,Marseille,Angers,D,2.480681281572827,0.7054162993793412,0.7623844050536311,0.15218756087624266,0.08542803407012625,H
2025-10-29,Serie A,Como,Verona,H,1.7080122289421336,0.8997825937230828,0.5646182727336578,0.23866364403414306,0.1967180832321991,H
2025-10-29,Serie A,Genoa,Cremonese,A,1.3911897485222828,1.1372581891988762,0.4272315301890361,0.26564023027352907,0.3071282395374349,H
2025-10-29,Serie A,Roma,Parma,H,2.1191425376461814,0.6856218413682516,0.7060983605468489,0.18604945183832985,0.1078521876148212,H
2025-10-29,Ligue 1,Metz,Lens,H,0.848497080478559,2.005471382506058,0.15029521616452643,0.2061484772164696,0.643556306619004,A
2025-10-29,Serie A,Bologna,Torino,D,1.939677720024084,1.0145734973605336,0.5892698944965857,0.21764797119210505,0.19308213431130927,H
2025-10-29,Ligue 1,Toulouse,Rennes,D,1.5391731584166861,1.1612261443789622,0.4601548746270031,0.25283490590769514,0.2870102194653017,H
2025-10-29,Ligue 1,Paris FC,Lyon,D,1.1528490347878715,1.5318170743188961,0.286153164446955,0.2536439692504531,0.46020286630259183,A
2025-10-30,Serie A,Cagliari,Sassuolo,A,1.3682859233533968,1.1423422557467284,0.4199869710630762,0.2672816902075223,0.31273133872940145,H
2025-10-30,Serie A,Pisa,Lazio,D,1.0550464225618723,1.6369312895005308,0.24457328723795313,0.24608096655655334,0.5093457462054936,A
2025-10-31,Bundesliga,Augsburg,Dortmund,A,1.1083747558125547,1.8181359363268892,0.23037841624818964,0.22981059419569574,0.5398109895561146,A
2025-10-31,La Liga,Getafe,Girona,H,1.4187862589927442,1.0695979782398364,0.45006688695667674,0.2657511381271345,0.2841819749161887,H
2025-11-01,Premier League,Burnley,Arsenal,A,0.8123641971091451,2.2481260267742433,0.12040918886338306,0.1804400831316611,0.6991507280049559,A
2025-11-01,La Liga,Sociedad,Ath Bilbao,H,1.153695861185552,1.2748245086048375,0.3337524484879952,0.27407115180784497,0.3921763997041599,A
2025-11-01,Premier League,Crystal Palace,Brentford,H,1.6328172271596906,1.202891743836247,0.47397540107327774,0.24450573855012495,0.28151886037659724,H
2025-11-01,La Liga,Ath Madrid,Sevilla,H,2.354681697026964,0.7926698240877282,0.7223670568455357,0.16932469170057723,0.10830825145388705,H
2025-11-01,La Liga,Villarreal,Vallecano,H,1.8431615097867438,0.903397411433345,0.5950120968113405,0.22456907254273428,0.18041883064592523,H
2025-11-01,Bundesliga,Union Berlin,Freiburg,D,1.4275559139189975,1.3742025180147448,0.3857881053169318,0.2526122286519644,0.3615996660311038,H
2025-11-01,Ligue 1,Monaco,Paris FC,A,2.140626869348508,0.9203496546839725,0.6533421854397027,0.19585939700096447,0.15079841755933288,H
2025-11-01,Premier League,Brighton,Leeds,H,2.100199925929612,0.9312006379411333,0.6427572535646733,0.20009604645410292,0.15714669998122377,H
2025-11-01,Bundesliga,Heidenheim,Ein Frankfurt,D,1.2037345724566382,1.9446700976452735,0.2338448159092253,0.21994493214591476,0.54621025194486,A
2025-11-01,Premier League,Nott'm Forest,Man United,D,1.24575353018688,1.4074403031960212,0.3325874922275404,0.2598151954664527,0.4075973123060068,A
2025-11-01,Premier League,Tottenham,Chelsea,A,1.321100007241201,1.5092068388597757,0.33260980403814766,0.24999351358983782,0.4173966823720145,A
2025-11-01,Serie A,Napoli,Como,D,1.9028671099351535,0.9410313898824114,0.5989997019738633,0.21946452670701966,0.18153577131911697,H
2025-11-01,Ligue 1,Auxerre,Marseille,A,1.022183342216729,1.9184668515493188,0.19742367608742048,0.21976465969259462,0.5828116642199849,A
2025-11-01,Premier League,Fulham,Wolves,H,1.7503051427763863,1.0275661793038577,0.5432420491324838,0.23552839217749247,0.22122955869002375,H
2025-11-01,Bundesliga,RB Leipzig,Stuttgart,H,1.889745451042335,1.173959918315237,0.5408277107334286,0.22414685527067044,0.23502543399590092,H
2025-11-01,Premier League,Liverpool,Aston Villa,H,1.7757525670221674,1.147380766007045,0.5208891209544899,0.23348713263269955,0.2456237464128105,H
2025-11-01,Serie A,Udinese,Atalanta,H,1.0857913223150355,1.6461666332265767,0.25069316064550284,0.24498988872318578,0.5043169506313113,A
2025-11-01,Ligue 1,Paris SG,Nice,H,2.1588429676357124,0.952379900762805,0.6493354324843034,0.19547397927063004,0.1551905882450666,H
2025-11-01,Serie A,Cremonese,Juventus,A,1.015948728123847,1.6835621658207558,0.22804525402344575,0.2418375051704152,0.5301172408061391,A
2025-11-01,Bundesliga,Mainz,Werder Bremen,D,1.5880794186400051,1.2789090885481598,0.44607408958968997,0.24607990791280268,0.3078460024975074,H
2025-11-01,Bundesliga,St Pauli,M'gladbach,A,1.4526081649089266,1.272381973949566,0.4135066578083789,0.2556016592345315,0.33089168295708965,H
2025-11-01,La Liga,Real Madrid,Valencia,H,2.7505302071785827,0.6819620721081552,0.8050982454979797,0.1280122184821741,0.06688953601984621,H
2025-11-01,Bundesliga,Bayern Munich,Leverkusen,H,2.224828930515459,1.1982781141082623,0.6059538755507125,0.19785239395400148,0.19619373049528593,H
2025-11-02,La Liga,Alaves,Espanol,H,1.3016327230980569,1.118931199367641,0.4071873084356583,0.27379911523210626,0.31901357633223537,H
2025-11-02,Ligue 1,Toulouse,Le Havre,D,1.7332303248059875,0.9905942113162161,0.5481649216071436,0.23694338688293032,0.21489169150992607,H
2025-11-02,Serie A,Verona,Inter,A,0.790976626490127,2.3474023402763584,0.10858539853228377,0.16989209265397526,0.7215225088137409,A
2025-11-02,Ligue 1,Brest,Lyon,D,1.2614543002112808,1.4448493653406576,0.3295536696872024,0.2565745144191908,0.41387181589360683,A
2025-11-02,Serie A,Parma,Bologna,A,0.9486264633095987,1.7923440862193423,0.1971132951738745,0.23062030931361455,0.572266395512511,A
2025-11-02,Bundesliga,Wolfsburg,Hoffenheim,A,1.416365941078493,1.3048973534121069,0.3973114706954239,0.2565470592684448,0.3461414700361314,H
2025-11-02,Serie A,Milan,Roma,H,1.4123190206920133,1.267797085178262,0.4041326941975136,0.25850001991004745,0.337367285892439,H
2025-11-02,Serie A,Fiorentina,Lecce,A,1.7773426208772392,0.9291450092106239,0.573607107360838,0.23183619724256255,0.1945566953965995,H
2025-11-02,Ligue 1,Lille,Angers,H,2.304641220771194,0.7512258387815494,0.7234532059776098,0.17145592480367305,0.10509086921871721,H
2025-11-02,Bundesliga,FC Koln,Hamburg,H,1.5979212908575127,1.1245223073237183,0.48333476878546744,0.24871064061003295,0.2679545906044996,H
2025-11-02,Ligue 1,Rennes,Strasbourg,H,1.3135126296150972,1.594511868119958,0.31519728767907185,0.24467758180420704,0.44012513051672114,A
2025-11-02,La Liga,Betis,Mallorca,H,1.8432845370795627,0.8909268633855298,0.5981388509310271,0.22425575957681748,0.17760538949215537,H
2025-11-02,La Liga,Barcelona,Elche,H,2.6309740652106006,0.645049844571001,0.7970417300399324,0.13481901544287114,0.06813925451719641,H
2025-11-02,Ligue 1,Lens,Lorient,H,1.912400248520146,0.8638927470759479,0.620090469920369,0.21629624094621502,0.1636132891334159,H
2025-11-02,Premier League,West Ham,Newcastle,H,1.0578978072827008,1.618090462123265,0.24819255677277272,0.2477937985267538,0.5040136447004735,A
2025-11-02,Premier League,Man City,Bournemouth,H,2.0348266468968363,1.002890707681109,0.6123303401490925,0.20858876420502034,0.17908089564588725,H
2025-11-02,La Liga,Levante,Celta,A,1.2593135840592269,1.2760828565871698,0.36211991122313913,0.267816154861871,0.37006393391498993,A
2025-11-02,Ligue 1,Nantes,Metz,A,1.7474125054408862,0.8985566212367387,0.5742458921556848,0.23446462407458857,0.1912894837697267,H
2025-11-02,Serie A,Torino,Pisa,D,1.6433963477804683,0.9547381580859501,0.5352827547379363,0.2457818029110579,0.2189354423510059,H
2025-11-03,Serie A,Sassuolo,Genoa,A,1.4254730649213294,1.0493886111989144,0.456573412145212,0.26578147889347453,0.2776451089613135,H
2025-11-03,Serie A,Lazio,Cagliari,H,2.0142082328171083,0.8267845154545557,0.6506993316925865,0.20435928692456856,0.14494138138284496,H
2025-11-03,Premier League,Sunderland,Everton,D,1.1705335420251708,1.3526099535424145,0.323224771519508,0.2672375656248363,0.40953766285565574,A
2025-11-03,La Liga,Oviedo,Osasuna,D,1.3255943688440006,1.2292222953103984,0.38961268441640995,0.26625958868081784,0.3441277269027722,H
2025-11-07,Bundesliga,Werder Bremen,Wolfsburg,H,1.745731527994068,1.0384290887704144,0.5395519430237953,0.23600752656148877,0.22444053041471593,H
2025-11-07,La Liga,Elche,Sociedad,D,1.2257546205247059,1.2607289137875786,0.3562172122706244,0.27085746040065833,0.37292532732871725,A
2025-11-07,Serie A,Pisa,Cremonese,H,1.402193043100684,1.1687489132944553,0.42309058909333663,0.26348405730555546,0.31342535360110796,H
2025-11-07,Ligue 1,Paris FC,Rennes,A,1.4328365038797988,1.3579770788368188,0.39045488491792696,0.2530837036735103,0.35646141140856263,H
2025-11-08,Bundesliga,Leverkusen,Heidenheim,H,2.8319189773432303,0.736082355052362,0.804582620726223,0.12579599069592692,0.06962138857785001,H
2025-11-08,Premier League,Everton,Fulham,H,1.4689022071184308,1.1977068823171224,0.434013689125534,0.2572589584303721,0.30872735244409394,H
2025-11-08,Premier League,Tottenham,Man United,D,1.4104291182322948,1.3590206833457823,0.3845555501109921,0.2543155982152463,0.3611288516737615,H
2025-11-08,Bundesliga,Hamburg,Dortmund,D,0.9900299400248829,1.924128510887853,0.18966499168682943,0.21856597478887635,0.5917690335242942,A
2025-11-08,Ligue 1,Le Havre,Nantes,D,1.4809413432576255,1.0710663012316624,0.46606555866335186,0.26009516134315913,0.27383927999348906,H
2025-11-08,Bundesliga,Union Berlin,Bayern Munich,D,0.862211861022797,2.5493490905765674,0.10494497502774593,0.1565569409898411,0.738498083982413,A
2025-11-08,Serie A,Lecce,Verona,D,1.38161072530906,1.0883455544686333,0.4358007320518689,0.26838245106119346,0.2958168168869376,H
2025-11-08,Premier League,Chelsea,Wolves,H,2.23673542942584,0.7902867643649903,0.7023146432714581,0.18029635089184262,0.11738900583669931,H
2025-11-08,Serie A,Juventus,Torino,D,1.8190586352331863,0.9671743509087347,0.5738471386088593,0.2282591061820884,0.19789375520905236,H
2025-11-08,La Liga,Girona,Alaves,H,1.3616004791395924,1.1414025315005274,0.4184083554385809,0.267860665821416,0.3137309787400031,H
2025-11-08,Premier League,West Ham,Burnley,H,1.6451161071622926,1.0296287150963748,0.5174482697318669,0.24547146277045478,0.23708026749767827,H
2025-11-08,Ligue 1,Monaco,Lens,A,1.6056210340363701,1.1743958336517129,0.47376391826321096,0.24718681523109884,0.2790492665056902,H
2025-11-08,Bundesliga,M'gladbach,FC Koln,H,1.6231709441972586,1.3053352195749812,0.4488866335395877,0.2429693514110833,0.30814401504932903,H
2025-11-08,Premier League,Sunderland,Arsenal,D,0.7833167709582065,2.1188164739944644,0.12633389939501913,0.1915940456803476,0.6820720549246333,A
2025-11-08,Serie A,Como,Cagliari,D,1.7988678753254563,0.8848486877219686,0.5895959622021298,0.22876907020504422,0.181634967592826,H
2025-11-08,Serie A,Parma,Milan,D,0.8549554762541907,1.857972876832103,0.16785199682797988,0.22174533973684585,0.6104026634351742,A
2025-11-08,La Liga,Sevilla,Osasuna,H,1.366438028098405,1.161418226925144,0.41524350170943414,0.2665862622881347,0.3181702360024312,H
2025-11-08,La Liga,Espanol,Villarreal,A,1.0617332377843491,1.5828213172639594,0.2547030256913942,0.2509912150745,0.4943057592341058,A
2025-11-08,La Liga,Ath Madrid,Levante,H,2.4788701458589655,0.6918832849550342,0.7651230580848737,0.15138948500278349,0.08348745691234286,H
2025-11-08,Bundesliga,Hoffenheim,RB Leipzig,H,1.2974248330858391,1.7791699577638813,0.2800499799647541,0.2322528782337717,0.4876971418014743,A
2025-11-08,Ligue 1,Marseille,Brest,H,2.0294602858314823,0.9257316982486492,0.6296855427237897,0.20664648192958138,0.1636679753466289,H
2025-11-09,La Liga,Valencia,Betis,D,1.1096925314348596,1.4661853096107114,0.28643035852165005,0.2603274378993121,0.4532422035790378,A
2025-11-09,Premier League,Nott'm Forest,Leeds,H,1.5979200804969866,1.0177152177829947,0.5086271158363386,0.2500617114325965,0.24131117273106498,H
2025-11-09,Bundesliga,Freiburg,St Pauli,H,1.8919787715143825,0.889005729025824,0.6094115113321613,0.2191718289763894,0.1714166596914494,H
2025-11-09,Serie A,Roma,Udinese,H,1.9354161983380576,0.8659089031713553,0.6245414528101938,0.21397912715661227,0.1614794200331939,H
2025-11-09,Serie A,Bologna,Napoli,H,1.384837194853731,1.3680591113226248,0.376191115066415,0.25528451044818024,0.36852437448540465,H
2025-11-09,Ligue 1,Lyon,Paris SG,A,1.1675060754899036,1.7888209142715557,0.24834888257212923,0.23237235513492904,0.5192787622929417,A
2025-11-09,Ligue 1,Lorient,Toulouse,D,1.1851888387256977,1.4160283838228316,0.3151759763985664,0.26175162149621317,0.4230724021052204,A
2025-11-09,La Liga,Celta,Barcelona,A,1.0569168470959982,1.7782380460396743,0.22415180818297895,0.23309610516287388,0.5427520866541472,A
2025-11-09,Premier League,Crystal Palace,Brighton,D,1.5726279548849988,1.3079821512531375,0.43594802180690456,0.2462982890249565,0.31775368916813884,H
2025-11-09,Serie A,Genoa,Fiorentina,D,1.2358734869722123,1.351339776709672,0.34083163219473284,0.2641475081176987,0.39502085968756845,A
2025-11-09,La Liga,Mallorca,Getafe,H,1.359091087534024,1.0992712763141235,0.42724066378287234,0.26989035880248596,0.30286897741464175,H
2025-11-09,Premier League,Aston Villa,Bournemouth,H,1.6902879964542066,1.1864351970755191,0.49164719766489556,0.24022001545772997,0.26813278687737446,H
2025-11-09,La Liga,Vallecano,Real Madrid,D,0.8997200347666774,2.007960914149628,0.16063338513712072,0.2078311835495105,0.6315354313133688,A
2025-11-09,Premier League,Brentford,Newcastle,H,1.4292431582551957,1.3183778600020584,0.39777523900588924,0.2551272167031616,0.34709754429094936,H
2025-11-09,Bundesliga,Stuttgart,Augsburg,H,2.093559633552661,0.9332701937246217,0.6409325245233938,0.20080157060773018,0.15826590486887598,H
2025-11-09,La Liga,Ath Bilbao,Oviedo,H,1.7820836123554404,0.8573681221509318,0.5926570341162948,0.22995759076058442,0.17738537512312086,H
2025-11-09,Ligue 1,Strasbourg,Lille,H,1.5334389807047748,1.4290524464107806,0.40088127213542785,0.24438840978466872,0.3547303180799034,H
2025-11-09,Premier League,Man City,Liverpool,H,1.725885701378274,1.271750000882884,0.48090400962817914,0.2364034414531692,0.2826925489186516,H
2025-11-09,Ligue 1,Angers,Auxerre,H,1.3334567654705554,1.1586198806322283,0.4070256537720034,0.26928477189207234,0.3236895743359242,H
2025-11-09,Bundesliga,Ein Frankfurt,Mainz,H,2.138550054226218,1.0672102206952447,0.6185108594521108,0.20128161738379013,0.18020752316409905,H
2025-11-09,Serie A,Inter,Lazio,H,2.000882446875956,0.9660855593882153,0.6140038334424006,0.21067650898493342,0.17531965757266602,H
2025-11-09,Ligue 1,Metz,Nice,H,0.9476513286597034,1.8290285361994452,0.192168510985844,0.22693318613803212,0.5808983028761239,A
2025-11-09,Serie A,Atalanta,Sassuolo,A,1.885041834544408,0.804883198523707,0.6289577939783106,0.2172053730993575,0.1538368329223318,H
2025-11-21,Ligue 1,Nice,Marseille,A,1.398043025663228,1.4709397508823672,0.35909774739242395,0.2491047778913344,0.39179747471624166,A
2025-11-21,La Liga,Valencia,Levante,H,1.471780910245656,1.002659446680973,0.47993258119017296,0.26257732487894664,0.25749009393088035,H
2025-11-21,Bundesliga,Mainz,Hoffenheim,D,1.4975434918873647,1.4524996920196656,0.3873429290650725,0.24527315669527514,0.36738391423965244,H
2025-11-22,Ligue 1,Lens,Strasbourg,H,1.7128156475356116,1.1872481821221523,0.4968524940806038,0.2384113856216125,0.26473612029778376,H
2025-11-22,La Liga,Osasuna,Sociedad,A,1.3739065960533372,1.119204576628251,0.42669826874941935,0.26780410564217955,0.3054976256084011,H
2025-11-22,La Liga,Alaves,Celta,A,1.3280592363447805,1.203296602942923,0.39582987771291134,0.26744532538825805,0.33672479689883067,H
2025-11-22,Premier League,Newcastle,Man City,H,1.1532964561356427,1.7258247366808785,0.2546180480960202,0.23762412395815818,0.5077578279458216,A
2025-11-22,Ligue 1,Paris SG,Le Havre,H,2.8725420431580684,0.6305434972656554,0.8300647674469127,0.11491965162434364,0.055015580928743535,H
2025-11-22,Ligue 1,Rennes,Monaco,H,1.4028641430776925,1.3867609668037488,0.37698854881274474,0.2533382861099839,0.36967316507727144,H
2025-11-22,Bundesliga,Heidenheim,M'gladbach,A,1.3446019510964073,1.4556035332941237,0.3486647296723031,0.2523536227941132,0.39898164753358356,A
2025-11-22,Serie A,Fiorentina,Juventus,D,1.1709700257100084,1.5400940335493094,0.2893136531636674,0.25251453377369043,0.4581718130626422,A
2025-11-22,Bundesliga,FC Koln,Ein Frankfurt,A,1.2593403096536973,1.532934968031645,0.3128070868403962,0.2505260437246261,0.43666686943497757,A
2025-11-22,Serie A,Napoli,Atalanta,H,1.597062139759865,1.0205766608697437,0.5077222013251002,0.2501189567782362,0.24215884189666376,H
2025-11-22,Premier League,Liverpool,Nott'm Forest,A,2.196664697901403,0.8723795349100326,0.6754808426379908,0.18843025167808342,0.13608890568392581,H
2025-11-22,Serie A,Udinese,Bologna,A,1.0935101578707014,1.6418614689143973,0.25325811128314774,0.24530007501286621,0.5014418137039861,A
2025-11-22,Premier League,Brighton,Brentford,H,1.6255647808030191,1.1575088902647204,0.4825482152334983,0.24586212811898106,0.27158965664752077,H
2025-11-22,Bundesliga,Wolfsburg,Leverkusen,A,1.0044925637291333,2.366695423004846,0.14426502026484114,0.17946433739623122,0.6762706423389278,A
2025-11-22,La Liga,Villarreal,Mallorca,H,2.239727340570339,0.7820909567889817,0.7047951919153485,0.1795394062277665,0.11566540185688513,H
2025-11-22,Premier League,Burnley,Chelsea,A,0.9710479596009959,1.9680700887003642,0.18022591329037516,0.2139298033487357,0.6058442833608891,A
2025-11-22,La Liga,Barcelona,Ath Bilbao,H,2.1585983950194407,0.8770554493282127,0.6671258410389516,0.19226501558751963,0.1406091433735287,H
2025-11-22,Bundesliga,Bayern Munich,Freiburg,H,2.738585929818801,0.7953734235159836,0.7803825710165154,0.1370354618101952,0.08258196717328938,H
2025-11-22,Bundesliga,Dortmund,Stuttgart,D,1.7356008984984375,1.1632301657139876,0.5077818753731111,0.23675522825398346,0.25546289637290553,H
2025-11-22,Premier League,Fulham,Sunderland,H,1.6785437112030588,1.0136266470002322,0.5294643218373924,0.2423194658531077,0.22821621230949984,H
2025-11-22,Bundesliga,Augsburg,Hamburg,H,1.6851893985455417,1.1872757096129283,0.4902294581763324,0.240616801450084,0.2691537403735836,H
2025-11-22,Premier League,Wolves,Crystal Palace,A,1.023143668971973,1.7165050157445358,0.22500075085285437,0.23870537580080795,0.5362938733463377,A
2025-11-22,Premier League,Bournemouth,West Ham,D,1.8658249382070187,1.0398392546593238,0.5668877839762644,0.2249070103183965,0.20820520570533915,H
2025-11-22,Serie A,Cagliari,Genoa,D,1.290680975176715,1.2201561260396803,0.38219353171872467,0.2691569886994834,0.34864947958179193,H
2025-11-23,La Liga,Elche,Real Madrid,D,0.7473801210716577,2.269497540887142,0.10713027933130245,0.17459244016663067,0.7182772805020669,A
2025-11-23,Ligue 1,Lille,Paris FC,H,2.0096998113320668,0.8912295223742057,0.6339646777874579,0.20735332177006724,0.15868200044247488,H
2025-11-23,Bundesliga,St Pauli,Union Berlin,A,1.230587762307515,1.4396811504971025,0.3225777158491747,0.2581852265915997,0.4192370575592256,A
2025-11-23,Bundesliga,RB Leipzig,Werder Bremen,H,2.085883692932482,1.0568317729732086,0.6102098255233266,0.20554400784580923,0.18424616663086432,H
2025-11-23,Serie A,Inter,Milan,A,1.8249528576314646,1.0805704138107648,0.5479264850300403,0.22903939831509626,0.22303411665486345,H
2025-11-23,La Liga,Getafe,Ath Madrid,A,0.9370347216434427,1.7273846499902432,0.20299713324363994,0.237062801321817,0.5599400654345431,A
2025-11-23,Ligue 1,Nantes,Lorient,D,1.4991007529265037,1.1129590602271437,0.4610087942141812,0.25741120727972544,0.28157999850609344,H
2025-11-23,La Liga,Oviedo,Vallecano,D,1.188554892890302,1.1993059246444198,0.35866257834798265,0.2774481409108413,0.36388928074117605,A
2025-11-23,Ligue 1,Auxerre,Lyon,D,1.0278599129494512,1.7159743933730274,0.22620313508179105,0.23876681162753705,0.5350300532906719,A
2025-11-23,Premier League,Leeds,Aston Villa,A,0.9573107187748036,1.8565549343394827,0.19086355347476128,0.2243926785795095,0.5847437679457292,A
2025-11-23,Ligue 1,Toulouse,Angers,A,1.674203015569297,0.9673467893826189,0.53970059046848,0.24268103846714198,0.21761837106437806,H
2025-11-23,Premier League,Arsenal,Tottenham,H,2.281508671372306,0.8122105169238898,0.7051563933546836,0.17727299583732106,0.11757061080799533,H
2025-11-23,Serie A,Cremonese,Roma,A,0.9496209701346399,1.7189380148307902,0.20713073440371782,0.23804865410532514,0.5548206114909571,A
2025-11-23,Serie A,Verona,Parma,A,1.3951528567234053,1.1137048464665877,0.43362020825430525,0.2662405798998057,0.30013921184588904,H
2025-11-23,Serie A,Lazio,Lecce,H,1.781606853298757,0.8030647706271345,0.6063671197265683,0.22864401549547542,0.16498886477795627,H
2025-11-23,Ligue 1,Brest,Metz,H,1.7266957122840771,0.9133855437241477,0.5656572244719446,0.2368578794913791,0.1974848960366763,H
2025-11-23,La Liga,Betis,Girona,D,1.9128177426389312,0.8969685378935437,0.6119903548174578,0.21727335419133667,0.17073629099120563,H
2025-11-24,La Liga,Espanol,Sevilla,H,1.4463914671782192,1.0825025234678278,0.4543597838615807,0.2628732097003322,0.2827670064380871,H
2025-11-24,Serie A,Torino,Como,A,1.3092852452444776,1.1688700701858812,0.3982511174452869,0.27062080843435604,0.3311280741203569,H
2025-11-24,Premier League,Man United,Everton,A,1.6791661315457111,1.1267648680205293,0.5027362080975137,0.24174953179339115,0.2555142601090951,H
2025-11-24,Serie A,Sassuolo,Pisa,D,1.3612711493748764,1.146679905371354,0.41714162061806825,0.26765254675325995,0.31520583262867186,H
2025-11-28,Ligue 1,Metz,Rennes,A,1.1659316067444148,1.6459934832023289,0.27032013062900456,0.2440623320588307,0.4856175373121648,A
2025-11-28,Serie A,Como,Sassuolo,H,1.7854410644261094,0.9837702981532933,0.5620641098696268,0.23178385342533336,0.20615203670503987,H
2025-11-28,Bundesliga,M'gladbach,RB Leipzig,D,1.3215346923429958,1.8774526529384716,0.2700287502640866,0.22512088750768608,0.5048503622282273,A
2025-11-28,La Liga,Getafe,Elche,H,1.3996958580927612,0.9942283324251017,0.46276722327139114,0.2699349925339969,0.267297784194612,H
2025-11-29,La Liga,Levante,Ath Bilbao,A,1.0631326557907923,1.418862975910815,0.2824496999425844,0.2659550570699784,0.4515952429874372,A
2025-11-29,Premier League,Tottenham,Fulham,A,1.4566240034158573,1.2216478787403815,0.4255618706265249,0.25730624587016654,0.3171318835033086,H
2025-11-29,Premier League,Everton,Newcastle,A,1.3501374442546816,1.3021259022565665,0.38075876491486227,0.26078177936475244,0.35845945572038523,H
2025-11-29,Bundesliga,Bayern Munich,St Pauli,H,3.900851941508226,0.5757497482257168,0.9227429457869403,0.05551258807012585,0.02174446614293386,H
2025-11-29,Premier League,Man City,Leeds,H,2.7770913807603255,0.6515212242480952,0.8145721235874878,0.12365943699744208,0.0617684394150701,H
2025-11-29,Premier League,Sunderland,Bournemouth,H,1.2040148115276643,1.518314232206704,0.30148047731297123,0.25329843720890227,0.44522108547812655,A
2025-11-29,Bundesliga,Hoffenheim,Augsburg,H,1.9915502523449158,1.0191015375058616,0.5993583508540969,0.2129816451785902,0.18766000396731283,H
2025-11-29,Ligue 1,Marseille,Toulouse,D,2.1301772878024905,0.8484977361775867,0.6684793343744269,0.1936849329039021,0.13783573272167104,H
2025-11-29,Premier League,Brentford,Burnley,H,2.0735571304201015,0.8713687195123304,0.6518053309573468,0.200260381500267,0.14793428754238624,H
2025-11-29,La Liga,Ath Madrid,Oviedo,H,2.326305720529625,0.6693193514433529,0.746237833975136,0.16396598594008407,0.08979618008477999,H
2025-11-29,Serie A,Juventus,Cagliari,H,2.191747952092696,0.7950920059877654,0.6929560381422741,0.18494203117183944,0.12210193068588641,H
2025-11-29,Ligue 1,Paris FC,Auxerre,D,1.5492979301138545,0.9948360656237508,0.501888443349077,0.2550491631750189,0.24306239347590405,H
2025-11-29,Serie A,Milan,Lazio,H,1.615466014368281,1.0567884267998626,0.503627240009366,0.24804643514920344,0.2483263248414306,H
2025-11-29,Bundesliga,Werder Bremen,FC Koln,D,1.82734353185482,1.1230729869544558,0.5384818963364835,0.22908688855985215,0.2324312151036644,H
2025-11-29,Ligue 1,Monaco,Paris SG,H,1.093799368665435,1.9346009601477046,0.21105825451893442,0.21954263365573876,0.5693991118253268,A
2025-11-29,Bundesliga,Leverkusen,Dortmund,A,2.1699111784064358,1.1603236161477184,0.6035259909145261,0.20123181525663358,0.1952421938288403,H
2025-11-29,Serie A,Parma,Udinese,A,1.34605629296098,1.2196908434610971,0.3970920146928083,0.265329193636524,0.3375787916706677,H
2025-11-29,La Liga,Barcelona,Alaves,H,2.8130310469396247,0.6308690436332605,0.8230373173440998,0.11934005906704012,0.05762262358886002,H
2025-11-29,Serie A,Genoa,Verona,H,1.65019248537968,1.0827362594810777,0.5060242721098263,0.2446561632376773,0.2493195646524964,H
2025-11-29,Bundesliga,Union Berlin,Heidenheim,A,1.968258087375617,0.9133069323161079,0.6198855002333654,0.21221477202045283,0.1678997277461817,H
2025-11-29,La Liga,Mallorca,Osasuna,D,1.3928569586251391,1.094272523635201,0.4374510835874745,0.26717675286924986,0.29537216354327567,H
2025-11-30,Ligue 1,Lorient,Nice,H,1.072113013575722,1.5010587154440918,0.2707158430857523,0.25825051901742163,0.47103363789682606,A
2025-11-30,Ligue 1,Angers,Lens,A,1.0313951737957912,1.63937928182673,0.23838052610899943,0.2460059802267423,0.5156134936642582,A
2025-11-30,Serie A,Lecce,Torino,H,1.1525121563402347,1.3433847317495502,0.32015112389896755,0.26880173307130484,0.41104714302972767,A
2025-11-30,La Liga,Sevilla,Betis,A,1.1277275583221114,1.4665279469972314,0.29106015643522726,0.259751166230971,0.4491886773338017,A
2025-11-30,Premier League,Crystal Palace,Man United,A,1.6895538256527705,1.1402493590348552,0.5021059781816127,0.24075244622655337,0.2571415755918339,H
2025-11-30,Premier League,West Ham,Liverpool,A,1.1162718703050765,1.7816692545681856,0.23749009815249855,0.23298884629145,0.5295210555560514,A
2025-11-30,Premier League,Chelsea,Arsenal,D,1.3220137601255908,1.5329489352562806,0.3284415611533866,0.2484395937473619,0.4231188450992516,A
2025-11-30,Premier League,Aston Villa,Wolves,H,2.369314723657366,0.7176979845174061,0.7420518106939882,0.16318384573439026,0.0947643435716215,H
2025-11-30,Serie A,Roma,Napoli,A,1.453332020945575,1.259397958641205,0.41648999553100025,0.25607605109978865,0.32743395336921105,H
2025-11-30,Ligue 1,Strasbourg,Brest,A,1.6605542794773225,1.001041790223637,0.5281423644181551,0.24406900857103533,0.22778862701080957,H
2025-11-30,Ligue 1,Le Havre,Lille,A,1.002942343677304,1.6815608303491179,0.22518965694663023,0.24202436399124852,0.5327859790621212,A
2025-11-30,Bundesliga,Hamburg,Stuttgart,H,1.088263460881426,1.9304451787195787,0.21039267261736164,0.21982200305750127,0.5697853243251371,A
2025-11-30,Bundesliga,Freiburg,Mainz,H,1.7470961517981771,1.1934495927313378,0.5035599775596512,0.23562510980139742,0.26081491263895135,H
2025-11-30,La Liga,Girona,Real Madrid,D,0.8687554368036968,2.0972998061941004,0.1450195288482934,0.19781809792874516,0.6571623732229616,A
2025-11-30,Premier League,Nott'm Forest,Brighton,A,1.3527907178122456,1.4310050468467854,0.3555057124893798,0.25343283339627254,0.3910614541143476,A
2025-11-30,La Liga,Celta,Espanol,A,1.5859375371734257,1.015231922815427,0.5062232863577808,0.251240714333131,0.2425359993090881,H
2025-11-30,Serie A,Atalanta,Fiorentina,H,1.5898546896742034,1.1046617578881417,0.48595236666056035,0.24972824518590062,0.26431938815353906,H
2025-11-30,Serie A,Pisa,Inter,A,0.9371964963027821,2.003120210725284,0.16899288641529572,0.2095719710558909,0.6214351425288134,A
2025-11-30,Bundesliga,Ein Frankfurt,Wolfsburg,D,2.248536232989991,0.913934713431796,0.675427020108976,0.18560407949191382,0.1389689003991101,H
2025-11-30,Ligue 1,Lyon,Nantes,H,2.0063302185058327,0.8846816916858619,0.6348635710769621,0.20744889745372472,0.1576875314693132,H
2025-11-30,La Liga,Sociedad,Villarreal,A,1.1725951863609674,1.6140525481091001,0.2772016243526251,0.24654196514374133,0.4762564105036336,A
2025-12-01,La Liga,Vallecano,Valencia,D,1.4309430652803579,0.9443488348934173,0.48328263462174365,0.26803382187355235,0.24868354350470398,H
2025-12-01,Serie A,Bologna,Cremonese,A,2.1777656349142527,0.8168561809412616,0.685143181908296,0.1874676147188187,0.1273892033728853,H
2025-12-02,Premier League,Bournemouth,Everton,A,1.5402477569103363,1.1933343401023173,0.4531565018016606,0.25191583950598934,0.2949276586923499,H
2025-12-02,Premier League,Newcastle,Tottenham,D,1.9634658887708303,1.0257673427658995,0.5917538951171398,0.21570444196899177,0.1925416629138684,H
2025-12-02,Premier League,Fulham,Man City,A,1.0811450662111701,1.8314933853813027,0.22225101532085198,0.228462320513328,0.5492866641658201,A
2025-12-02,La Liga,Barcelona,Ath Madrid,H,1.9488017192541618,1.117625608512512,0.5669434056464157,0.21866723787151027,0.21438935648207405,H
2025-12-03,Premier League,Leeds,Chelsea,H,0.9593598352741056,1.9433646508379026,0.18065863428523268,0.2159839481589259,0.6033574175558414,A
2025-12-03,Premier League,Burnley,Crystal Palace,A,0.9984902594734685,1.7413555471696525,0.21562774119941086,0.23620675591830076,0.5481655028822885,A
2025-12-03,La Liga,Ath Bilbao,Real Madrid,A,1.0593271380118487,1.7262693193223368,0.2322058219172591,0.2378540916156324,0.5299400864671086,A
2025-12-03,Premier League,Liverpool,Sunderland,D,2.3555958684596123,0.7868669978837671,0.7238563295089278,0.16888721082555794,0.10725645966551428,H
2025-12-03,Premier League,Brighton,Aston Villa,A,1.4530277938714293,1.2943639711200665,0.40891189739216405,0.25466731305466656,0.3364207895531694,H
2025-12-03,Premier League,Arsenal,Brentford,H,2.284045295177875,0.9152695591663367,0.6816509016406942,0.1824578303732716,0.1358912679860341,H
2025-12-03,Premier League,Wolves,Nott'm Forest,A,1.1272278701203835,1.5351162921519643,0.2790868749739602,0.25399103568262155,0.4669220893434182,A
2025-12-04,Premier League,Man United,West Ham,D,1.8817622676108325,1.0650685497301142,0.5644605595987302,0.22380361243768,0.2117358279635899,H
2025-12-05,Ligue 1,Lille,Marseille,H,1.4117759241489887,1.3938385000389035,0.3778128451526321,0.2525023535717143,0.36968480127565356,H
2025-12-05,Ligue 1,Brest,Monaco,H,1.3059524807020084,1.36561592537439,0.35637072771071515,0.25963689070695845,0.38399238158232635,A
2025-12-05,La Liga,Oviedo,Mallorca,D,1.3193001731966503,1.1014832368745409,0.41593431430962413,0.27318255654467255,0.3108831291457033,H
2025-12-05,Bundesliga,Mainz,M'gladbach,A,1.4570440450832,1.3351104188240868,0.401328181978864,0.25268071632584277,0.34599110169529323,H
2025-12-06,Bundesliga,Heidenheim,Freiburg,H,1.1825688239911014,1.693387867031071,0.2667082190227627,0.24001630692342674,0.4932754740538105,A
2025-12-06,Ligue 1,Toulouse,Strasbourg,H,1.2823684217194387,1.3337588035747987,0.35656377806574363,0.26286036850984157,0.38057585342441486,A
2025-12-06,Serie A,Verona,Atalanta,H,0.9889969367389079,1.7070760322848355,0.2181806134956692,0.2394953010778833,0.5423240854264475,A
2025-12-06,Serie A,Inter,Como,H,2.033335708378191,0.9464761367040216,0.6254917888043121,0.2069799655773243,0.1675282456183636,H
2025-12-06,La Liga,Alaves,Sociedad,H,1.274804519453367,1.2823283563161612,0.364979824112996,0.26648929974823227,0.3685308761387717,A
2025-12-06,Premier League,Newcastle,Burnley,H,2.4203265357361614,0.7729518998443091,0.7377409504815328,0.16212812602673266,0.10013092349173458,H
2025-12-06,Ligue 1,Nantes,Lens,A,1.01315314243114,1.7955357019425189,0.2115875078363177,0.2311401903377944,0.5572723018258878,A
2025-12-06,Bundesliga,Wolfsburg,Union Berlin,H,1.458460145906117,1.2749993447280645,0.41443850596409937,0.2551019020193715,0.3304595920165291,H
2025-12-06,Premier League,Everton,Nott'm Forest,H,1.5047248715255923,1.1587699373144915,0.45195484340297926,0.2556866694096286,0.29235848718739216,H
2025-12-06,Bundesliga,Stuttgart,Bayern Munich,A,1.2063858698292331,2.4190610678198823,0.17557222003928516,0.18326577959841744,0.6411620003622974,A
2025-12-06,Bundesliga,Augsburg,Leverkusen,H,0.9556372837574768,2.352386501411523,0.13686412805204856,0.17839679610673198,0.6847390758412195,A
2025-12-06,La Liga,Betis,Barcelona,A,1.1202637561198554,1.8816065797488317,0.22412830864411165,0.2244295559028397,0.5514421354530487,A
2025-12-06,Premier League,Aston Villa,Arsenal,H,1.3680614855727846,1.6302557829680027,0.32206571917877386,0.24082896119982256,0.43710531962140353,A
2025-12-06,Premier League,Bournemouth,Chelsea,D,1.2374718837233234,1.5555091467227982,0.30331902243006514,0.249552552335442,0.44712842523449287,A
2025-12-06,Premier League,Tottenham,Brentford,H,1.3765157685350056,1.3820770914296712,0.37123616264417253,0.2549887214020292,0.37377511595379825,A
2025-12-06,La Liga,Villarreal,Getafe,H,2.250493446760522,0.720918879877742,0.7212277652405373,0.17480216183637,0.1039700729230927,H
2025-12-06,Premier League,Man City,Sunderland,H,2.9254326060597933,0.747054525198242,0.8139185704794658,0.11979442028402128,0.0662870092365129,H
2025-12-06,La Liga,Ath Bilbao,Ath Madrid,H,1.1819702763778563,1.5101835331778852,0.2973192891147098,0.2545797727664085,0.4481009381188817,A
2025-12-06,Premier League,Leeds,Liverpool,D,0.9665124399906968,1.9419204167767892,0.18237789954099162,0.21630796152438975,0.6013141389346186,A
2025-12-06,Bundesliga,RB Leipzig,Ein Frankfurt,H,1.8949669592595884,1.2063363055663816,0.5345884590401005,0.22388460705115315,0.2415269339087463,H
2025-12-06,Bundesliga,FC Koln,St Pauli,D,1.8774132023569696,1.0490210856508932,0.5672989484707877,0.22397712597022193,0.2087239255589904,H
2025-12-06,Ligue 1,Paris SG,Rennes,H,2.2373935014223534,0.8686014814599601,0.6839628600227031,0.18442106073876036,0.13161607923853652,H
2025-12-06,Serie A,Sassuolo,Fiorentina,H,1.3059108772905286,1.3123079982133092,0.36708615542704987,0.2628393594259989,0.3700744851469512,A
2025-12-07,Ligue 1,Lorient,Lyon,H,1.083741943108641,1.6331017147102511,0.2522307582686213,0.24617687094089907,0.5015923707904797,A
2025-12-07,Ligue 1,Auxerre,Metz,H,1.377621258854658,1.0619415856508452,0.4408261318606405,0.26974330812563835,0.2894305600137211,H
2025-12-07,Premier League,Fulham,Crystal Palace,A,1.3632175021938067,1.3481260526533658,0.37469887888428355,0.25754467401216313,0.36775644710355315,H
2025-12-07,Serie A,Cagliari,Roma,H,0.9391108768243207,1.8993367270416182,0.18154068285492894,0.21976548159177614,0.5986938355532949,A
2025-12-07,Ligue 1,Le Havre,Paris FC,D,1.2978248326866206,1.1709423508527497,0.39469384736903235,0.27137545366222005,0.33393069896874766,H
2025-12-07,Serie A,Lazio,Bologna,D,1.3419575274010895,1.2970853100041402,0.3796673364785394,0.2615524923202664,0.3587801712011942,H
2025-12-07,Serie A,Cremonese,Lecce,H,1.4855803565808807,1.037968037830687,0.47509092554656746,0.260463889337216,0.2644451851162167,H
2025-12-07,La Liga,Real Madrid,Celta,A,2.567518120584611,0.7172971915680999,0.7726934338003246,0.14548174603884384,0.08182482016083148,H
2025-12-07,La Liga,Elche,Girona,H,1.3053474481165124,1.202074545399594,0.3899995543067791,0.2691378879084769,0.340862557784744,H
2025-12-07,Ligue 1,Nice,Angers,A,1.7937628755919144,0.9273639793507807,0.5778407644965097,0.23012750728132184,0.19203172822216852,H
2025-12-07,Bundesliga,Hamburg,Werder Bremen,H,1.1990330319371254,1.4649058631142642,0.30979435255224747,0.25751532691762463,0.4326903205301279,A
2025-12-07,La Liga,Espanol,Vallecano,H,1.3381730122920859,1.0208625996483571,0.439677431391332,0.2750136658636885,0.2853089027449796,H
2025-12-07,Bundesliga,Dortmund,Hoffenheim,H,2.0668133371117894,1.0678883023365981,0.6036930406543561,0.2075018398310269,0.18880511951461698,H
2025-12-07,La Liga,Valencia,Sevilla,D,1.4524163418080214,0.9812484870334258,0.4799992477915822,0.26498328859942893,0.25501746360898897,H
2025-12-07,Premier League,Brighton,West Ham,D,1.9974739942634643,0.9729404020005195,0.6116390039303641,0.2111985268980486,0.17716246917158743,H
2025-12-07,Serie A,Napoli,Juventus,H,1.5147875073451813,1.1603140398378744,0.4541725916303052,0.25483059172012984,0.2909968166495651,H
2025-12-08,La Liga,Osasuna,Levante,H,1.613568649719013,0.9572935369898904,0.5272756282390668,0.24883598296906953,0.22388838879186365,H
2025-12-08,Serie A,Pisa,Parma,A,1.558452692720206,1.0468597496146925,0.4916978920262835,0.25345912325688635,0.25484298471683026,H
2025-12-08,Serie A,Torino,Milan,A,1.0362079623487135,1.6404614617396651,0.23940023725423784,0.24587678173939423,0.5147229810063679,A
2025-12-08,Serie A,Udinese,Genoa,A,1.432030857731988,1.189250574521961,0.42634941766900036,0.2603723668795,0.31327821545149964,H
2025-12-08,Premier League,Wolves,Man United,A,1.0051717595220002,1.618593560874865,0.2350400144833746,0.24814742055838482,0.5168125649582406,A
2025-12-12,Bundesliga,Union Berlin,RB Leipzig,H,1.1606985688501217,1.8742631587400767,0.23425729625532693,0.22533921956589284,0.5404034841787803,A
2025-12-12,Ligue 1,Angers,Nantes,H,1.420119871677037,1.0136191491207922,0.4636164908443268,0.2673545563953808,0.2690289527602923,H
2025-12-12,La Liga,Sociedad,Girona,A,1.6245326139775278,0.9918806397377462,0.5215168768631944,0.24762716649972802,0.23085595663707764,H
2025-12-12,Serie A,Lecce,Pisa,H,1.2610036961258784,1.1754104737884672,0.3836894025571706,0.2738610849270983,0.34244951251573114,H
2025-12-13,Serie A,Torino,Cremonese,H,1.5585208024974442,1.1768038272343948,0.4614859157032424,0.2509006393285847,0.28761344496817304,H
2025-12-13,Bundesliga,Ein Frankfurt,Augsburg,H,1.9498281851389148,1.0018976190155477,0.5945069054493194,0.21642165511442968,0.18907143943625085,H
2025-12-13,Premier League,Chelsea,Everton,H,1.6667247534087473,1.068030874392292,0.5135432475666604,0.24326581333225925,0.24319093910108025,H
2025-12-13,Serie A,Parma,Lazio,A,1.0366024804568879,1.5992971721782507,0.2458184133851184,0.24975427700759417,0.5044273096072874,A
2025-12-13,Bundesliga,St Pauli,Heidenheim,H,1.4930519999715788,1.178108480858971,0.44459638453873646,0.2560399515115301,0.29936366394973357,H
2025-12-13,La Liga,Getafe,Espanol,A,1.2385709450123923,1.113490287626092,0.39095507259095347,0.2792509913749385,0.32979393603410795,H
2025-12-13,Bundesliga,Leverkusen,FC Koln,H,2.6939173559547553,0.9093625609574396,0.7504429621828389,0.1478321832229459,0.1017248545942152,H
2025-12-13,Bundesliga,M'gladbach,Wolfsburg,A,1.8168779086331774,1.1456939377214082,0.5308117650438103,0.23004667958021924,0.23914155537597034,H
2025-12-13,Premier League,Arsenal,Wolves,H,3.0448255602767267,0.594052088534819,0.8553144308467048,0.10019558719564245,0.044489981957652726,H
2025-12-13,Premier League,Liverpool,Brighton,H,1.7583100646862846,1.125436396207006,0.5219116060392369,0.2349937841118233,0.24309460984893969,H
2025-12-13,La Liga,Barcelona,Osasuna,H,3.0889195267263143,0.6847421795441968,0.8436914899252503,0.10418058355260905,0.052127926522140655,H
2025-12-13,Ligue 1,Rennes,Brest,H,1.5139807912527048,1.1258560622302294,0.4618509680092947,0.25581092283497103,0.28233810915573426,H
2025-12-13,Ligue 1,Metz,Paris SG,A,0.7357068878503575,2.6641525940117567,0.07872432427763501,0.13877975645884794,0.782495919263517,A
2025-12-13,La Liga,Mallorca,Elche,H,1.4336891150998434,1.0738689001307333,0.453021376100278,0.2642735463793406,0.28270507752038143,H
2025-12-13,Serie A,Atalanta,Cagliari,H,1.8457624992218291,0.9139790125489089,0.5929746172269974,0.22454780860987783,0.18247757416312477,H
2025-12-13,Ligue 1,Paris FC,Toulouse,A,1.25436869464704,1.1890852050176597,0.3789466711981479,0.27352621218187967,0.3475271166199725,H
2025-12-13,La Liga,Ath Madrid,Valencia,H,2.046376904707763,0.7673405603939174,0.6718807188548195,0.19827142640570677,0.12984785473947372,H
2025-12-13,Premier League,Burnley,Fulham,A,1.1396372925224476,1.584388026937714,0.2739493052069247,0.2495864523181338,0.47646424247494146,A
2025-12-13,Bundesliga,Hoffenheim,Hamburg,H,1.9818651033484238,1.012384097955666,0.5988906743683753,0.2137042250023156,0.18740510062930915,H
2025-12-14,Ligue 1,Auxerre,Lille,A,0.9805112127007969,1.5914810957962415,0.23297079688881003,0.2509759164086822,0.5160532867025077,A
2025-12-14,Ligue 1,Lens,Nice,H,1.926309097450714,0.9447423307118356,0.60321305024376,0.21725669760778693,0.17953025214845303,H
2025-12-14,Bundesliga,Bayern Munich,Mainz,D,3.718720229336972,0.6610566283243905,0.900880499831793,0.06841308497077904,0.03070641519742795,H
2025-12-14,La Liga,Celta,Ath Bilbao,H,1.3201922692967654,1.152766244372003,0.40473585430450987,0.2706068538850438,0.3246572918104464,H
2025-12-14,Serie A,Milan,Sassuolo,D,2.186403595050254,0.8393147043776975,0.6814006900055528,0.18777900566812833,0.13082030432631886,H
2025-12-14,Serie A,Genoa,Inter,A,0.9773352424150767,2.1008178467549237,0.16634963626541432,0.2017262699863225,0.6319240937482632,A
2025-12-14,Serie A,Fiorentina,Verona,A,1.6815791714653512,1.0098383857339444,0.5311170538654956,0.24202693209254256,0.2268560140419619,H
2025-12-14,Premier League,West Ham,Aston Villa,A,1.085632636884699,1.8501375156773452,0.2206804299149256,0.22684881901206977,0.5524707510730047,A
2025-12-14,Bundesliga,Werder Bremen,Stuttgart,A,1.5451737905676304,1.4040790231101168,0.40888554890231665,0.24471177118597306,0.3464026799117103,H
2025-12-14,Serie A,Udinese,Napoli,H,0.9085356880828594,1.8283376955161037,0.18339210004103967,0.22621175291395917,0.5903961470450011,A
2025-12-14,Ligue 1,Marseille,Monaco,H,1.7696298120995928,1.0344605726872145,0.5461180672834589,0.23375744002470084,0.22012449269184034,H
2025-12-14,La Liga,Alaves,Real Madrid,A,0.8468592625389484,1.9269939913123342,0.1583287146938833,0.21420104544846663,0.62747023985765,A
2025-12-14,Premier League,Nott'm Forest,Tottenham,H,1.5381348049393178,1.1956324147246047,0.45210734330314484,0.2520172313231913,0.29587542537366396,H
2025-12-14,Premier League,Crystal Palace,Man City,A,1.207109566250325,1.767745002524511,0.2608061466426928,0.23390117764835427,0.505292675708953,A
2025-12-14,Ligue 1,Strasbourg,Lorient,D,1.6528156288613467,0.9640320736326556,0.535302590030628,0.2448335486363687,0.2198638613330034,H
2025-12-14,Premier League,Brentford,Leeds,D,1.8857074122284236,1.0529287629151585,0.5682240092636184,0.2232803631232766,0.20849562761310503,H
2025-12-14,Ligue 1,Lyon,Le Havre,H,1.8181643478342782,0.8096375948142641,0.6129737115909295,0.22473388338054648,0.16229240502852407,H
2025-12-14,Premier League,Sunderland,Newcastle,H,1.106264849881224,1.755764643459971,0.23896583314661096,0.23522957557350954,0.5258045912798794,A
2025-12-14,Bundesliga,Freiburg,Dortmund,D,1.347722503705625,1.6673495006360302,0.3106483038640487,0.23899424603370797,0.45035745010224326,A
2025-12-14,La Liga,Sevilla,Oviedo,H,1.339551792153822,0.9742379534463995,0.45112646992441885,0.27667014649064364,0.2722033835849375,H
2025-12-14,Serie A,Bologna,Juventus,A,1.4776425677562914,1.291069783110793,0.415865756353447,0.2531872375903777,0.3309470060561753,H
2025-12-15,Premier League,Man United,Bournemouth,D,1.6667964049304185,1.1133104454893137,0.5028809199868911,0.24293124433744895,0.25418783567566006,H
2025-12-15,La Liga,Vallecano,Betis,D,1.1500758548192662,1.4020068382037882,0.3085325231856351,0.26425202387140145,0.4272154529429635,A
2025-12-15,Serie A,Roma,Como,H,1.6762133967787096,1.0424713626669908,0.5219498686447532,0.24249744032356768,0.23555269103167906,H
2025-12-19,La Liga,Valencia,Mallorca,D,1.4201566999237838,1.0703885727202194,0.45024684714061886,0.2656017319403021,0.2841514209190791,H
2025-12-19,Bundesliga,Dortmund,M'gladbach,H,2.262973278019719,0.9193253794681745,0.6768458522657224,0.18455060704151813,0.13860354069275957,H
2025-12-20,Bundesliga,Stuttgart,Hoffenheim,D,1.928957029874308,1.264596075318984,0.5289989951338654,0.22146120616014525,0.24953979870598936,H
2025-12-20,Bundesliga,RB Leipzig,Leverkusen,A,1.5535951386387872,1.6505545944026179,0.36239914794178,0.23381531656226623,0.40378553549595375,A
2025-12-20,Bundesliga,Augsburg,Werder Bremen,D,1.4486132302206456,1.2846382787915327,0.4098601197154372,0.2553625575860082,0.33477732269855465,H
2025-12-20,Serie A,Juventus,Roma,H,1.4336548287974584,1.2009144717116882,0.4241902931111396,0.25979766664429016,0.31601204024457036,H
2025-12-20,Bundesliga,Wolfsburg,Freiburg,A,1.5323505375591049,1.4747426971020625,0.391371001993726,0.2425652657568327,0.36606373224944116,H
2025-12-20,Bundesliga,Hamburg,Ein Frankfurt,D,1.197639013105924,1.6344159858763403,0.2799685626274028,0.24447542179748258,0.4755560155751147,A
2025-12-20,Premier League,Newcastle,Chelsea,D,1.464714172928931,1.3043335677157897,0.4097608072443871,0.25349902902551913,0.3367401637300937,H
2025-12-20,Bundesliga,FC Koln,Union Berlin,A,1.477958007092615,1.3997269346567918,0.3931998902677937,0.24864447648566443,0.3581556332465418,H
2025-12-20,La Liga,Osasuna,Alaves,H,1.4765360333301036,1.0162545983104905,0.4779129514977901,0.26181468465738916,0.26027236384482066,H
2025-12-20,La Liga,Real Madrid,Sevilla,H,2.5024163297280957,0.7017923072344461,0.7664713432950079,0.15000940993284834,0.08351924677214376,H
2025-12-20,Premier League,Wolves,Brentford,A,1.0659457754243356,1.5444329318595977,0.26195635181311844,0.25443732924253043,0.4836063189443511,A
2025-12-20,La Liga,Oviedo,Celta,D,1.0512222943555962,1.3441147106361229,0.2925594947730907,0.2732222997283406,0.43421820549856877,A
2025-12-20,Premier League,Everton,Arsenal,A,1.0653509217228552,1.833098475527248,0.2184220203144294,0.22818153812152694,0.5533964415640437,A
2025-12-20,Premier League,Bournemouth,Burnley,D,2.1469237689166087,0.8615073464632133,0.6685918798990734,0.19266586591195592,0.1387422541889707,H
2025-12-20,Premier League,Brighton,Sunderland,D,1.9485916764222768,0.8991017584031675,0.6191741529336485,0.21372423995736245,0.16710160710898905,H
2025-12-20,Serie A,Lazio,Cremonese,D,1.7781836728312315,0.9063784651876331,0.5794586694085628,0.2313653545417817,0.1891759760496555,H
2025-12-20,La Liga,Levante,Sociedad,D,1.1990080912889938,1.3135348887033886,0.3384233338019666,0.26871572979505076,0.39286093640298264,A
2025-12-20,Premier League,Man City,West Ham,H,2.8795174389635703,0.7727345845589868,0.8033469754545697,0.12490418906677421,0.07174883547865613,H
2025-12-20,Premier League,Leeds,Crystal Palace,H,1.2169361582009697,1.5618278729311565,0.297086249146188,0.2496383721502685,0.45327537870354356,A
2025-12-20,Premier League,Tottenham,Liverpool,A,1.0802143665223285,1.8236376091761235,0.22313682177672717,0.22915376670959073,0.5477094115136821,A
2025-12-21,Bundesliga,Mainz,St Pauli,D,1.6472524690267532,1.093985549322029,0.5026509887544077,0.24481848155232946,0.25253052969326284,H
2025-12-21,Serie A,Cagliari,Pisa,D,1.4009768064840455,1.1187229654342208,0.4340266696346051,0.26555809797148777,0.30041523239390716,H
2025-12-21,Serie A,Genoa,Atalanta,A,1.2861641818035736,1.4928950768231668,0.32686581484038096,0.2523597529811713,0.4207744321784477,A
2025-12-21,La Liga,Girona,Ath Madrid,A,0.9756467830633968,1.5931336292524652,0.23150182111930018,0.2508396237373047,0.5176585551433951,A
2025-12-21,Serie A,Fiorentina,Udinese,H,1.4938680720544693,1.113809713790813,0.45946419293736707,0.2578371507102352,0.28269865635239766,H
2025-12-21,La Liga,Villarreal,Barcelona,A,1.4086098212116993,1.6557128573688837,0.3272286294681973,0.23814197250908567,0.43462939802271705,A
2025-12-21,Bundesliga,Heidenheim,Bayern Munich,A,0.809113155098189,3.282997714083497,0.057035885230782096,0.1009083658349778,0.8420557489342401,A
2025-12-21,La Liga,Elche,Vallecano,H,1.247723259568232,1.1610248068092217,0.3831373319398557,0.2757032347511463,0.34115943330899806,H
2025-12-21,Serie A,Sassuolo,Torino,A,1.4767244985009582,1.2362795117990715,0.42750296561420625,0.2553109143111614,0.3171861200746323,H
2025-12-21,La Liga,Betis,Getafe,H,1.8242739511335444,0.8219171751528691,0.6112221939716068,0.22442377203571237,0.16435403399268086,H
2025-12-21,Premier League,Aston Villa,Man United,H,2.001371733913234,1.090324857834943,0.5846748478735496,0.21369099545019957,0.20163415667625076,H
2025-12-22,Premier League,Fulham,Nott'm Forest,H,1.577805304042517,1.2236125387798595,0.45576126584515325,0.24826526668164567,0.295973467473201,H
2025-12-22,La Liga,Ath Bilbao,Espanol,A,1.4741529476861457,0.9604982026982337,0.4907972339500908,0.26318046548573565,0.24602230056417368,H
2025-12-26,Premier League,Man United,Newcastle,H,1.5671449320923554,1.4203760846715474,0.4108746793442502,0.2428691824104584,0.34625613824529133,H
2025-12-27,Serie A,Udinese,Lazio,D,1.0984421752089057,1.472130989092188,0.28246975798805873,0.26014012726088603,0.45739011475105523,A
2025-12-27,Premier League,Nott'm Forest,Man City,A,0.9732915607832245,2.1874638739855348,0.15628797255719398,0.19370937186760087,0.6500026555752052,A
2025-12-27,Premier League,Burnley,Everton,D,1.0637470035085563,1.6059329884521845,0.2515479050459006,0.24884857977373415,0.4996035151803652,A
2025-12-27,Premier League,Chelsea,Aston Villa,A,1.428381550735139,1.3985184209802455,0.3810506565871867,0.2513851152900672,0.367564228122746,H
2025-12-27,Premier League,Liverpool,Wolves,H,2.778081838907895,0.6366629196717662,0.817665915103936,0.12243988278468657,0.059894202111377325,H
2025-12-27,Premier League,Brentford,Bournemouth,H,1.521003706380874,1.2152116371837354,0.44340506742572816,0.25275865673257597,0.30383627584169587,H
2025-12-27,Serie A,Pisa,Juventus,A,0.9465865928222271,1.8314534586759466,0.19161893808627797,0.2266713821244477,0.5817096797892743,A
2025-12-27,Premier League,Arsenal,Brighton,H,2.0339028192602653,0.9227378863728009,0.6313249329553838,0.20611271892978092,0.16256234811483533,H
2025-12-27,Serie A,Lecce,Como,A,1.0803437342165372,1.4629135014608863,0.27934051549273375,0.261465388612651,0.45919409589461524,A
2025-12-27,Serie A,Torino,Cagliari,A,1.6789446495047637,1.0799116866013747,0.5136900758769487,0.24209695419111493,0.24421296993193634,H
2025-12-27,Premier League,West Ham,Fulham,A,1.3093715861601531,1.4541227714448548,0.34002933654913375,0.2539654061229057,0.4060052573279606,A
2025-12-27,Serie A,Parma,Fiorentina,H,1.1917178918384623,1.456537496252763,0.3094298953041622,0.258412105757831,0.43215799893800677,A
2025-12-28,Serie A,Milan,Verona,H,2.3156620216356893,0.7835270151905179,0.7178161433066227,0.1723928893089336,0.10979096738444372,H
2025-12-28,Serie A,Cremonese,Napoli,A,0.9639588977681444,1.77562583090716,0.20286523140666501,0.23250611562724,0.564628652966095,A
2025-12-28,Premier League,Crystal Palace,Tottenham,A,1.690871623921968,1.0606729877392316,0.5211425309218547,0.24109261336804377,0.2377648557101015,H
2025-12-28,Serie A,Bologna,Sassuolo,D,1.9519770275141712,0.9222592086775172,0.6142303388136414,0.21410119806283498,0.17166846312352363,H
2025-12-28,Premier League,Sunderland,Leeds,D,1.4354251366390054,1.295849507217876,0.40410401063343504,0.25574244595725815,0.3401535434093068,H
2025-12-28,Serie A,Atalanta,Inter,A,1.1458417326430919,1.7207611995964098,0.25362721842442787,0.23809268443905923,0.5082800971365129,A
2025-12-29,Serie A,Roma,Genoa,H,1.9823829121058547,0.8917844947189735,0.628127859244749,0.21009430511617566,0.16177783563907547,H
2025-12-30,Premier League,Nott'm Forest,Everton,A,1.3124094015195158,1.2223056258019007,0.3875673999232608,0.2675401407213345,0.34489245935540475,H
2025-12-30,Premier League,Man United,Wolves,D,2.2625853538692273,0.8209888904248404,0.6997240653769592,0.1795458185242581,0.12073011609878273,H
2025-12-30,Premier League,Burnley,Newcastle,A,0.991440327495712,1.7209180979376337,0.216814323871031,0.23815162027109438,0.5450340558578746,A
2025-12-30,Premier League,Arsenal,Aston Villa,H,1.7766188001682006,1.1813893934356694,0.513243968995606,0.2333252791642144,0.2534307518401797,H
2025-12-30,Premier League,Chelsea,Bournemouth,D,1.8208830536899676,1.0344597278628838,0.5579763751530941,0.22898773417862223,0.2130358906682836,H
2025-12-30,Premier League,West Ham,Brighton,D,1.1766592860555949,1.5138675472679566,0.2953197378859579,0.25444426513140683,0.4502359969826353,A
2026-01-01,Premier League,Crystal Palace,Fulham,D,1.4998007665249466,1.23102758990259,0.43453171763339693,0.25382322114918165,0.31164506121742136,H
2026-01-01,Premier League,Liverpool,Leeds,D,2.4515387999788567,0.8591466955265534,0.7234726987481719,0.16465851881537621,0.11186878243645182,H
2026-01-01,Premier League,Sunderland,Man City,D,0.8274728822400982,2.3956354009298586,0.11098257520182533,0.16770235742201914,0.7213150673761556,A
2026-01-01,Premier League,Brentford,Tottenham,D,1.6285803858401433,1.0769601026490412,0.5020814823114224,0.2466508569907609,0.2512676606978168,H
2026-01-02,La Liga,Vallecano,Getafe,D,1.4137888794719446,0.9199471806393104,0.4846837184006685,0.27042918965153667,0.24488709194779482,H
2026-01-02,Ligue 1,Toulouse,Lens,A,1.1757132685247205,1.5037862304076084,0.29685199471236956,0.2552677990754713,0.4478802062121591,A
2026-01-02,Serie A,Cagliari,Milan,A,0.9739401612031887,1.9018958286904628,0.18889153829057231,0.2203303941226993,0.5907780675867284,A
2026-01-03,La Liga,Osasuna,Ath Bilbao,D,1.3285681658692652,1.2131007053161338,0.3938548505001547,0.26690063425760907,0.3392445152422363,H
2026-01-03,La Liga,Espanol,Barcelona,A,0.9313407683263879,1.9932979875794825,0.16887468869870315,0.21033523573812365,0.6207900755631731,A
2026-01-03,Ligue 1,Nice,Strasbourg,D,1.3537589403092376,1.2084116070276065,0.4015702109926489,0.26533893897766825,0.33309085002968297,H
2026-01-03,Ligue 1,Lille,Rennes,A,1.8450811680620631,1.0047972686026758,0.5706229092792546,0.22633350093708,0.20304358978366527,H
2026-01-03,Serie A,Sassuolo,Parma,D,1.4766792172007532,1.03242900380898,0.4740863535550409,0.26143337543649753,0.26448027100846166,H
2026-01-03,Serie A,Genoa,Pisa,D,1.4876292645584617,1.067887577908559,0.46854972099223047,0.25956850897499784,0.2718817700327717,H
2026-01-03,Serie A,Atalanta,Roma,H,1.3224265361311176,1.3156633923889558,0.37073267001273236,0.26168353441749703,0.3675837955697706,H
2026-01-03,Premier League,Aston Villa,Nott'm Forest,H,2.1514082500879637,0.8778142317604061,0.6655601166317532,0.19298676270635695,0.14145312066188978,H
2026-01-03,Serie A,Juventus,Lecce,D,2.321381954965105,0.6882439364139464,0.7410027710430591,0.16574505675925572,0.09325217219768521,H
2026-01-03,Ligue 1,Monaco,Lyon,A,1.3521267707698317,1.247933748510494,0.3926573578787417,0.26348347286050594,0.3438591692607524,H
2026-01-03,Premier League,Wolves,West Ham,H,1.2701340525034996,1.3462437103871814,0.3508607232192381,0.2627226768256246,0.38641659995513733,A
2026-01-03,Premier League,Bournemouth,Arsenal,A,1.0573003508074827,2.0231026088777804,0.1919043095255287,0.2110718446769617,0.5970238457975097,A
2026-01-03,La Liga,Elche,Villarreal,A,1.0757324884754251,1.6783978031073072,0.24328425181206148,0.24216775086879902,0.5145479973191396,A
2026-01-03,Premier League,Brighton,Burnley,H,2.0616984955007966,0.8154272733817791,0.6630694256323684,0.19898589388249932,0.13794468048513228,H
2026-01-03,La Liga,Celta,Valencia,H,1.5073088893059263,0.9460994622354024,0.5030106625947399,0.25994747448392574,0.2370418629213343,H
2026-01-03,Serie A,Como,Udinese,H,1.8165003593060718,0.9998438714096347,0.565314356552959,0.22898590217812195,0.20569974126891902,H
2026-01-04,Premier League,Newcastle,Crystal Palace,H,1.6240807255107819,1.09811706851883,0.49598349239700645,0.24681924648288642,0.25719726112010727,H
2026-01-04,La Liga,Sevilla,Levante,A,1.5988228788646983,0.931359772690053,0.5300192106745587,0.2504185520042611,0.21956223732118013,H
2026-01-04,Premier League,Everton,Brentford,A,1.4398114738259367,1.1748732839635228,0.4315765106611061,0.2603145811531088,0.30810890818578507,H
2026-01-04,Premier League,Leeds,Man United,D,1.3331965453616348,1.522090347405573,0.3332298463690332,0.2487304166662695,0.4180397369646972,A
2026-01-04,Ligue 1,Lorient,Metz,D,1.6551762470700027,0.9616741053900467,0.5364607525676321,0.24459071576651611,0.2189485316658517,H
2026-01-04,Premier League,Fulham,Liverpool,D,1.1463238521871628,1.6247603980498075,0.2689696665235289,0.24610334968792066,0.4849269837885504,A
2026-01-04,Serie A,Verona,Torino,A,1.2716609280014575,1.3611141303146284,0.3483226989590997,0.26168300444966286,0.38999429659123747,A
2026-01-04,Premier League,Tottenham,Sunderland,D,1.4879410633858325,0.9701850974246727,0.4920454819068383,0.26158883653780307,0.24636568155535854,H
2026-01-04,Ligue 1,Le Havre,Angers,H,1.2484767562301629,1.1795012297857466,0.37937770110103,0.2745313559547808,0.34609094294418913,H
2026-01-04,La Liga,Mallorca,Girona,A,1.5235419658490748,1.0067748307479196,0.49239746090008585,0.2574177918275755,0.2501847472723387,H
2026-01-04,Serie A,Lazio,Napoli,A,1.141156494796479,1.4768678349588165,0.29271947269382154,0.2584796317135945,0.4488008955925839,A
2026-01-04,La Liga,Sociedad,Ath Madrid,D,1.0544940043639226,1.6995915222915532,0.23497947405601724,0.24030469390782191,0.5247158320361609,A
2026-01-04,Ligue 1,Paris SG,Paris FC,H,3.0877606742431576,0.62806037857118,0.8535926938301774,0.10002384946732147,0.04638345670250098,H
2026-01-04,Ligue 1,Brest,Auxerre,H,1.7311539555888378,0.9911099259422393,0.5475470713376023,0.237149577427415,0.21530335123498273,H
2026-01-04,La Liga,Alaves,Oviedo,D,1.3858104785170748,0.9553760115979517,0.4683876748551039,0.2725041814126039,0.2591081437322922,H
2026-01-04,La Liga,Real Madrid,Betis,H,2.051645783910571,0.9276219483548408,0.6337913363078714,0.2045793670113583,0.16162929668077025,H
2026-01-04,Serie A,Fiorentina,Cremonese,H,1.5873682700085054,1.0805467237978983,0.49099359203680704,0.25031478439063365,0.2586916235725594,H
2026-01-04,Serie A,Inter,Bologna,H,2.0257257583243797,0.9396706701853075,0.6255517219435748,0.2074798826677357,0.16696839538868946,H
2026-01-04,Ligue 1,Marseille,Nantes,A,2.417900279108315,0.7389424713929024,0.7450509754172994,0.16012654964778789,0.09482247493491276,H
2026-01-04,Premier League,Man City,Chelsea,D,2.032473535926854,0.9940591766646958,0.6139380215107371,0.20854857217907843,0.17751340631018456,H
2026-01-06,Serie A,Lecce,Roma,A,0.9418496337196046,1.7209509426648124,0.20500827147926487,0.23777133501560951,0.5572203935051256,A
2026-01-06,Serie A,Pisa,Como,A,1.0952652171873518,1.4604620294455881,0.28366453656640045,0.26125108207434394,0.45508438135925566,A
2026-01-06,Premier League,West Ham,Nott'm Forest,A,1.3094159499623441,1.337330176678768,0.36293286615329584,0.26115663077585605,0.3759105030708482,A
2026-01-06,Serie A,Sassuolo,Juventus,A,1.010718691187407,1.7613117036265749,0.21572885438144587,0.23437589660851701,0.5498952490100372,A
2026-01-07,Premier League,Newcastle,Leeds,H,1.8727086428244435,0.9454766370834781,0.5912476818249297,0.22254901470724953,0.18620330346782077,H
2026-01-07,Serie A,Parma,Inter,A,0.7505415583736752,2.3252561425826044,0.10341528035169974,0.16945870127829943,0.7271260183700008,A
2026-01-07,Premier League,Man City,Brighton,D,2.0742490020673663,0.9013509384276226,0.644702646099209,0.20141277004921293,0.15388458385157794,H
2026-01-07,Serie A,Napoli,Verona,D,2.4805730927670995,0.6753382192996813,0.7690644394113895,0.1500462985817689,0.08088926200684171,H
2026-01-07,Premier League,Burnley,Man United,D,1.0267811399610964,1.7254970225223432,0.22457614354328928,0.2378645175149039,0.5375593389418069,A
2026-01-07,Premier League,Brentford,Sunderland,H,1.8460447829471816,0.9074955586466082,0.5946431417700114,0.2243690320305426,0.18098782619944606,H
2026-01-07,Premier League,Everton,Wolves,D,1.8196541482848512,0.9191587467581385,0.5857940194658774,0.2273265759953391,0.1868794045387836,H
2026-01-07,Premier League,Fulham,Chelsea,H,1.3208078726213308,1.4421552611738155,0.3452261287769875,0.2542201749558369,0.40055369626717574,A
2026-01-07,Serie A,Torino,Udinese,A,1.621436646973598,1.0313361873234188,0.5111984960304095,0.24770611246878546,0.2410953915008051,H
2026-01-07,Serie A,Bologna,Atalanta,A,1.383456881157917,1.2414365927453492,0.4022725719781281,0.26166745635968947,0.3360599716621824,H
2026-01-07,Premier League,Crystal Palace,Aston Villa,D,1.1492257742898286,1.6821812920200148,0.2604649816168581,0.24128579210865525,0.49824922627448665,A
2026-01-07,Premier League,Bournemouth,Tottenham,H,1.6575400400158666,1.150687420192328,0.4919408773612306,0.24331802062183594,0.2647411020169334,H
2026-01-07,Serie A,Lazio,Fiorentina,D,1.5634412508091584,1.0834525068895622,0.48429481670455815,0.2524124293659736,0.26329275392946827,H
2026-01-08,Serie A,Cremonese,Cagliari,D,1.3309316773998796,1.1155360699799113,0.4159366881685379,0.27154458262973213,0.3125187292017299,H
2026-01-08,Premier League,Arsenal,Liverpool,D,1.8729197536192825,1.1117055429961504,0.5514903474115728,0.22509778028392735,0.22341187230449996,H
2026-01-08,Serie A,Milan,Genoa,D,2.309295816700282,0.78036645313931,0.7174531518998775,0.1728004580151087,0.10974639008501373,H
2026-01-09,Bundesliga,Ein Frankfurt,Dortmund,D,1.389994376542689,1.6130461393209197,0.33044824089382424,0.24123430036414686,0.4283174587420289,A
2026-01-09,La Liga,Getafe,Sociedad,A,1.257744454508056,1.1819859891381173,0.3813866465268604,0.2737092500585061,0.34490410341463357,H
2026-01-10,La Liga,Villarreal,Alaves,H,2.293279814864264,0.7263140869160291,0.7273478518905762,0.17097089158066986,0.10168125652875402,H
2026-01-10,La Liga,Oviedo,Betis,D,1.0360821131105955,1.5571282499998755,0.25232124607832973,0.2537425964054944,0.4939361575161758,A
2026-01-10,Serie A,Roma,Sassuolo,H,2.0884292967744056,0.8092336397313716,0.6698630003328834,0.195975359915755,0.13416163975136153,H
2026-01-10,La Liga,Valencia,Elche,D,1.5210007152070597,1.10825546390798,0.46771632556558956,0.255641548329779,0.2766421261046315,H
2026-01-10,La Liga,Girona,Osasuna,H,1.3263309928542426,1.1978854519132616,0.3965362376003751,0.26784952228227904,0.335614240117346,H
2026-01-10,Bundesliga,Heidenheim,FC Koln,D,1.4451014366459445,1.2906945071304756,0.4076718895665792,0.25533783519935915,0.3369902752340617,H
2026-01-10,Serie A,Atalanta,Torino,H,1.7163586171605754,0.9445918653780415,0.5554489819630153,0.2382665741959733,0.20628444384101138,H
2026-01-10,Serie A,Udinese,Pisa,D,1.5412146240233184,1.0204802746253425,0.4936271177785793,0.2554901665975278,0.25088271562389297,H
2026-01-10,Bundesliga,Union Berlin,Mainz,D,1.6566255423916787,1.094725601623501,0.5047674967754087,0.24398303775993194,0.25124946546465937,H
2026-01-10,Bundesliga,Leverkusen,Stuttgart,A,2.156258700693021,1.071426760042695,0.6210890193209924,0.19989338934935233,0.17901759132965525,H
2026-01-10,Bundesliga,Freiburg,Hamburg,H,2.2632093667241975,0.9939225219405461,0.659673287555987,0.1878534452906048,0.15247326715340823,H
2026-01-10,Serie A,Como,Bologna,D,1.4610126113739683,1.1774881580929022,0.43649181827759803,0.258567913472034,0.30494026825036796,H
2026-01-11,Serie A,Verona,Lazio,A,1.0849179935532136,1.5538391990624532,0.2652333221093991,0.25324399875283005,0.48152267913777086,A
2026-01-11,Bundesliga,M'gladbach,Augsburg,H,1.5191002998287348,1.0855700326245252,0.47251883559124835,0.2563264640109777,0.27115470039777395,H
2026-01-11,Bundesliga,Bayern Munich,Wolfsburg,H,3.8598728021942743,0.7700411246038339,0.8962236534031286,0.06905624822360673,0.03472009837326464,H
2026-01-11,La Liga,Vallecano,Mallorca,H,1.3881468798181724,1.0814075730850012,0.4391510576701087,0.2680717860831914,0.29277715624669987,H
2026-01-11,Serie A,Lecce,Parma,A,1.26932889671004,1.097101235737035,0.4031566325575678,0.27762951376287276,0.31921385367955946,H
2026-01-11,La Liga,Levante,Espanol,D,1.1360863334836784,1.2202780885203526,0.3397599448393789,0.27932887704083686,0.38091117811978426,A
2026-01-11,Serie A,Fiorentina,Milan,D,1.1721182882866557,1.7140524876904533,0.2609334693752414,0.2384509791880485,0.5006155514367101,A
2026-01-11,Serie A,Inter,Napoli,D,1.8149233786202192,1.1311270432659317,0.5337503252698632,0.23017512643615423,0.2360745482939827,H
2026-01-12,Serie A,Juventus,Cremonese,H,2.235522918245588,0.7329636589816066,0.7157259682437495,0.1770296763677858,0.10724435538846473,H
2026-01-12,Serie A,Genoa,Cagliari,H,1.4602391931477958,1.1665353089333594,0.43875069187717586,0.2590041575127716,0.3022451506100525,H
2026-01-12,La Liga,Sevilla,Celta,A,1.1643234649838117,1.3688447140622646,0.31849054428832213,0.2662689150632084,0.4152405406484695,A
2026-01-13,Bundesliga,Stuttgart,Ein Frankfurt,H,1.7661557258942973,1.235761128541459,0.4984309080026699,0.23381358353261714,0.26775550846471285,H
2026-01-13,Bundesliga,Mainz,Heidenheim,H,1.723523515707885,1.0799852308328606,0.5243756709337476,0.2380975315902582,0.23752679747599414,H
2026-01-13,Bundesliga,Dortmund,Werder Bremen,H,2.298857739357747,0.8885994691585897,0.6904957632347146,0.17979070232528704,0.12971353443999833,H
2026-01-14,Bundesliga,FC Koln,Bayern Munich,A,0.8255221918085548,3.3749345593123756,0.05493120450386194,0.09667016269115611,0.848398632804982,A
2026-01-14,Serie A,Napoli,Parma,D,2.3790150438668656,0.713472435157595,0.7445998782973133,0.16199471019789244,0.09340541150479412,H
2026-01-14,Bundesliga,Hoffenheim,M'gladbach,H,1.7137222148309041,1.1178492207662651,0.51312219631229,0.2388452911557261,0.24803251253198388,H
2026-01-14,Bundesliga,RB Leipzig,Freiburg,H,1.9317008899772468,1.2535746863348856,0.5320781603139982,0.22122292102969524,0.24669891865630647,H
2026-01-14,Bundesliga,Wolfsburg,St Pauli,H,1.8139908093870645,1.138417983643034,0.5318378570912378,0.2302732339006567,0.23788890900810558,H
2026-01-14,Serie A,Inter,Lecce,H,2.848878425795084,0.606201777922683,0.8320473253948579,0.11474597317258305,0.053206701432558935,H
2026-01-15,Serie A,Verona,Bologna,A,1.0365657203834537,1.586884625362524,0.24774527503550328,0.2509259245655278,0.5013288003989689,A
2026-01-15,Bundesliga,Augsburg,Union Berlin,D,1.3291340740830242,1.3807012008920212,0.3593687585530939,0.2575369426857792,0.38309429876112683,A
2026-01-15,Serie A,Como,Milan,A,1.252616084588636,1.4762122533059883,0.32144672906169197,0.2547484919309166,0.42380477900739144,A
2026-01-16,Bundesliga,Werder Bremen,Ein Frankfurt,D,1.372445025362406,1.481835908547949,0.35061144588832444,0.249608044861581,0.3997805092500946,A
2026-01-16,La Liga,Espanol,Girona,A,1.502278503112416,0.9375409997837206,0.5038170770006901,0.2605902738669775,0.23559264913233235,H
2026-01-16,Serie A,Pisa,Atalanta,D,0.982780359551349,1.6914052522762737,0.21890756115746485,0.24101498810267996,0.5400774507398552,A
2026-01-16,Ligue 1,Monaco,Lorient,A,1.6567146894079694,0.9400290856237389,0.5421866345615757,0.24437508283074819,0.21343828260767614,H
2026-01-16,Ligue 1,Paris SG,Lille,H,2.2506791006513995,0.9500790957526521,0.6674340929687589,0.18706782361577304,0.14549808341546794,H
2026-01-17,Bundesliga,Hamburg,M'gladbach,D,1.469996704098409,1.3701606395037695,0.39729345656509224,0.25038992134907423,0.3523166220858336,H
2026-01-17,Premier League,Leeds,Fulham,H,1.2884997982120985,1.3961272686636275,0.3458482813375846,0.25859969362736507,0.39555202503505027,A
2026-01-17,La Liga,Osasuna,Oviedo,H,1.5408664029930776,0.90935795567505,0.5208188534913528,0.25671256228455713,0.22246858422409008,H
2026-01-17,Premier League,Sunderland,Crystal Palace,H,1.1401215630802002,1.323844353992683,0.32053275963867894,0.2709451309526868,0.4085221094086342,A
2026-01-17,Serie A,Cagliari,Juventus,H,0.9214153483305264,2.1605230217314846,0.14898781981106501,0.19404418610911708,0.656967994079818,A
2026-01-17,Serie A,Udinese,Inter,A,0.8903492178942877,2.130040607917955,0.14599545887293258,0.19558851899567686,0.6584160221313906,A
2026-01-17,Bundesliga,RB Leipzig,Bayern Munich,A,1.2929109868769766,2.5097345171811205,0.18141421039534433,0.17953233357227874,0.639053456032377,A
2026-01-17,La Liga,Mallorca,Ath Bilbao,H,1.2073519392180707,1.271439562301517,0.3490577414999984,0.27123100600463873,0.37971125249536286,A
2026-01-17,La Liga,Betis,Villarreal,H,1.358804111371539,1.492226064721737,0.34522300672652584,0.24956718600576167,0.4052098072677125,A
2026-01-17,Premier League,Nott'm Forest,Arsenal,D,0.9237537738138472,2.070471785639434,0.15881045835364413,0.20263610353591707,0.6385534381104387,A
2026-01-17,Ligue 1,Toulouse,Nice,H,1.4091085403930323,1.163044769241291,0.42618390548563295,0.26317217337451976,0.31064392113984735,H
2026-01-17,Serie A,Napoli,Sassuolo,H,2.362159024823706,0.7139211361038779,0.7417531436295224,0.16360083203146902,0.0946460243390086,H
2026-01-17,La Liga,Real Madrid,Levante,H,2.922124825682803,0.6066715011956957,0.8401620487948237,0.10951256007116981,0.05032539113400645,H
2026-01-17,Ligue 1,Angers,Marseille,A,1.0825042887037584,1.6446445677471648,0.25012449816824306,0.24515509489236811,0.5047204069393888,A
2026-01-17,Premier League,Tottenham,West Ham,A,1.6447410194157224,0.9896601543553049,0.5270423685548533,0.24563641775955725,0.22732121368558944,H
2026-01-17,Premier League,Liverpool,Burnley,D,2.577568490079538,0.6382309925266515,0.7911937160258323,0.13879427061314725,0.07001201336102039,H
2026-01-17,Bundesliga,Hoffenheim,Leverkusen,H,1.4015097996823564,1.6485887884939348,0.3268098799969593,0.2387661346302963,0.4344239853727443,A
2026-01-17,Bundesliga,Wolfsburg,Heidenheim,D,1.9841222171330324,1.1148912986947317,0.5752486544670841,0.2156200855344501,0.2091312599984659,H
2026-01-17,Ligue 1,Lens,Auxerre,H,2.234621782645822,0.775238129685702,0.70550424670449,0.17963950630765196,0.11485624698785804,H
2026-01-17,Premier League,Chelsea,Brentford,H,1.638495848192349,1.2948292671617907,0.4548968083396624,0.2421738149495316,0.302929376710806,H
2026-01-17,Premier League,Man United,Man City,H,1.0714999578452746,1.7379354118047585,0.23338661177946812,0.23680240680718748,0.5298109814133444,A
2026-01-17,Bundesliga,FC Koln,Mainz,H,1.3767936830238976,1.3539390970914968,0.3770039975458222,0.2564725950062065,0.3665234074479712,H
2026-01-17,Bundesliga,Dortmund,St Pauli,H,2.707906953361747,0.7537557673192373,0.7847574937155077,0.13655831417567305,0.07868419210881923,H
2026-01-18,Serie A,Bologna,Fiorentina,A,1.6427637644412794,1.1502377496152274,0.48844030210692374,0.24455021411096675,0.26700948378210954,H
2026-01-18,La Liga,Ath Madrid,Alaves,H,2.270076832897987,0.7148274559787373,0.7260731436263893,0.17249015588639058,0.1014367004872201,H
2026-01-18,Serie A,Parma,Genoa,D,1.2827502349140218,1.2104305302775533,0.382119600434546,0.2702635217594948,0.34761687780595907,H
2026-01-18,Bundesliga,Augsburg,Freiburg,D,1.2630883851201355,1.4848640270328524,0.32251203321784644,0.25375917411567234,0.4237287926664812,A
2026-01-18,Premier League,Aston Villa,Everton,A,1.936631796460094,0.9507361226045588,0.6039935595105341,0.21640831556103796,0.1795981249284278,H
2026-01-18,Serie A,Milan,Lecce,H,2.4836367058120605,0.6771722164301262,0.7691156032586789,0.1499057901459663,0.08097860659535479,H
2026-01-18,Ligue 1,Strasbourg,Metz,H,1.846214320986423,0.862695206359475,0.6058461633546688,0.22321285183638456,0.1709409848089467,H
2026-01-18,Ligue 1,Rennes,Le Havre,D,1.8473838673901988,0.8663279410896081,0.6051971452364406,0.22318818925070044,0.17161466551285898,H
2026-01-18,Ligue 1,Lyon,Brest,H,1.6439759785484374,1.0260787152314503,0.5180233345529033,0.24559642148020386,0.23638024396689283,H
2026-01-18,La Liga,Getafe,Valencia,A,1.2868436757023667,1.177895790886893,0.3902037861014022,0.2718133193358808,0.3379828945627169,H
2026-01-18,La Liga,Sociedad,Barcelona,H,0.8663692339157385,2.1919329742126195,0.13539982544701926,0.18858781637909405,0.6760123581738867,A
2026-01-18,Premier League,Wolves,Newcastle,D,1.0496382772505168,1.797027954506192,0.21981859830537165,0.23132850919634462,0.5488528924982837,A
2026-01-18,Serie A,Torino,Roma,A,1.0991301052551683,1.6466690015792147,0.2538813925962011,0.2448205462156995,0.5012980611880993,A
2026-01-18,Ligue 1,Nantes,Paris FC,A,1.400157844592815,1.1501594109574615,0.42670797132969135,0.2643968353429245,0.3088951933273841,H
2026-01-18,Bundesliga,Stuttgart,Union Berlin,D,2.064597257180605,1.0729610030656789,0.6020504174642036,0.20782338789834554,0.1901261946374508,H
2026-01-18,La Liga,Celta,Vallecano,H,1.659373909840389,0.8956767987299041,0.5539162218320153,0.24384069613930115,0.20224308202868366,H
2026-01-19,La Liga,Elche,Sevilla,D,1.5468549531885345,1.0732539440166988,0.48249643871242137,0.25408479773202863,0.26341876355555,H
2026-01-19,Premier League,Brighton,Bournemouth,D,1.7018840789237326,1.1363198651188193,0.5059810537996167,0.2397440988379821,0.25427484736240136,H
2026-01-19,Serie A,Lazio,Como,A,1.4445690611423305,1.2041170965474943,0.42631329837896764,0.25885837720738974,0.31482832441364256,H
2026-01-19,Serie A,Cremonese,Verona,D,1.4499783408244111,1.0866363433147255,0.45434120407828554,0.2624303043654695,0.28322849155624513,H
2026-01-23,Serie A,Inter,Pisa,H,2.729261927442185,0.6442519247180688,0.8100546076534973,0.12681528362816308,0.06313010871833967,H
2026-01-23,Bundesliga,St Pauli,Hamburg,D,1.5655364020442484,1.1828574705680825,0.46187105607058276,0.25020024733544216,0.287928696593975,H
2026-01-23,La Liga,Levante,Elche,H,1.3927417203577253,1.1692342432955118,0.42048900329862565,0.2641992065832739,0.3153117901181004,H
2026-01-23,Ligue 1,Auxerre,Paris SG,A,0.8026903051623289,2.601613533186943,0.09222009360661287,0.14846577976691935,0.7593141266264678,A
2026-01-24,Premier League,Man City,Wolves,H,2.380269313089819,0.7029479718323511,0.7472185697057613,0.1611622306768941,0.09161919961734467,H
2026-01-24,Premier League,West Ham,Sunderland,H,1.381921960292034,1.162146290927842,0.4191999562426984,0.2653439094702218,0.3154561342870798,H
2026-01-24,La Liga,Valencia,Espanol,H,1.3382575877240175,1.1109400408406436,0.4189596521094043,0.2711450084511723,0.3098953394394234,H
2026-01-24,La Liga,Vallecano,Osasuna,A,1.331966932451719,1.1478565837806813,0.40900334948292405,0.2699239148315787,0.3210727356854972,H
2026-01-24,La Liga,Sevilla,Ath Bilbao,H,1.2032124380148586,1.355292232130077,0.3314149241676812,0.2654803705255641,0.4031047053067547,A
2026-01-24,Bundesliga,Leverkusen,Werder Bremen,H,2.2361580834393022,0.9308923644577755,0.6691700126617437,0.18751209900757385,0.14331788833068257,H
2026-01-24,Serie A,Lecce,Lazio,D,1.0181994038462918,1.5369175976543934,0.2509840412865842,0.2559389920625197,0.49307696665089623,A
2026-01-24,Premier League,Fulham,Brighton,H,1.3665702230591823,1.3096562665056533,0.38347123800471783,0.25938649249672957,0.35714226949855254,H
2026-01-24,La Liga,Villarreal,Real Madrid,A,1.2779890256970228,1.5377774283768657,0.31659719970211536,0.2495946882108899,0.4338081120869947,A
2026-01-24,Bundesliga,Bayern Munich,Augsburg,A,4.168379690737505,0.6376649134240767,0.9298114507939754,0.0496200253421338,0.02056852386389077,H
2026-01-24,Bundesliga,Union Berlin,Dortmund,A,1.2202695919909488,1.8522652362729464,0.2509573840112396,0.22725427299096418,0.5217883429977962,A
2026-01-24,Ligue 1,Rennes,Lorient,A,1.6355372165780695,1.001288886565752,0.5219459751270177,0.24651103186968676,0.2315429930032956,H
2026-01-24,Serie A,Como,Torino,H,1.7904843565796287,0.997334321762447,0.5599336160154023,0.23145212433382054,0.20861425965077712,H
2026-01-24,Bundesliga,Mainz,Wolfsburg,H,1.719641558221717,1.2345189156813747,0.48775293638380096,0.23735805113559058,0.2748890124806085,H
2026-01-24,Ligue 1,Le Havre,Monaco,D,1.1290936976262587,1.3163273289497708,0.31897501672432566,0.2720919132496317,0.4089330700260426,A
2026-01-24,Ligue 1,Marseille,Lens,H,1.4457117425330541,1.297426170359669,0.40639645818361275,0.25501168534948737,0.3385918564668999,H
2026-01-24,Serie A,Fiorentina,Cagliari,A,1.6450467168943523,0.9668503703251754,0.5327042185463775,0.24562192604805574,0.22167385540556672,H
2026-01-24,Premier League,Burnley,Tottenham,D,1.1442150413613805,1.4028322956260018,0.30683156294097047,0.26441764505829884,0.42875079200073063,A
2026-01-24,Bundesliga,Ein Frankfurt,Hoffenheim,A,1.823133953817916,1.2811210667218766,0.501458934409303,0.22923535026923744,0.2693057153214595,H
2026-01-24,Bundesliga,Heidenheim,RB Leipzig,A,1.130306501538559,2.013350002958475,0.20863378163373708,0.2134207881673105,0.5779454301989524,A
2026-01-24,Premier League,Bournemouth,Liverpool,H,1.2068969912006897,1.6449054396795213,0.2804857489701807,0.24349540781911516,0.4760188432107041,A
2026-01-25,La Liga,Barcelona,Oviedo,H,3.0172964246364975,0.5938630589622329,0.8525687443478338,0.10199613413447327,0.045435121517692904,H
2026-01-25,Ligue 1,Paris FC,Angers,D,1.4737808352689665,1.1295865372186542,0.45064472086056495,0.259087296718272,0.290267982421163,H
2026-01-25,Premier League,Brentford,Nott'm Forest,A,1.7806406050741574,1.0346024346648368,0.5486521293041133,0.2327313933129764,0.21861647738291015,H
2026-01-25,Serie A,Sassuolo,Cremonese,H,1.3627680314979551,1.086263744217228,0.431205113013813,0.27011248305655233,0.29868240392963474,H
2026-01-25,Ligue 1,Lille,Strasbourg,A,1.6018080794799021,1.0297680591203322,0.5066950319942145,0.24958202799024257,0.24372294001554295,H
2026-01-25,Serie A,Juventus,Napoli,H,1.5362239923478005,1.3032173897226977,0.42796247344597443,0.2488703081998566,0.323167218354169,H
2026-01-25,La Liga,Sociedad,Celta,H,1.2939279127732837,1.2838102007993015,0.3697597010073993,0.265239211299775,0.3650010876928256,H
2026-01-25,Premier League,Crystal Palace,Chelsea,A,1.2277970425572153,1.4418487960506714,0.3214533187938877,0.25814046022941894,0.4204062209766933,A
2026-01-25,Serie A,Roma,Milan,D,1.4457744792091674,1.2650195778152782,0.4133409733156836,0.25636517116589796,0.33029385551841844,H
2026-01-25,Serie A,Atalanta,Parma,H,1.9070231052898108,0.7936047364960391,0.6365531238650544,0.21438697458569214,0.14905990154925353,H
2026-01-25,Premier League,Newcastle,Aston Villa,A,1.4065753893424733,1.356090853344936,0.38417558330876544,0.25467953324293363,0.361144883448301,H
2026-01-25,Serie A,Genoa,Bologna,H,1.2419634113489613,1.4205371700329257,0.3291164332606729,0.25906997153400385,0.41181359520532324,A
2026-01-25,Ligue 1,Brest,Toulouse,A,1.5063517252811662,1.2015413513771733,0.442737598339931,0.2542846555569964,0.3029777461030726,H
2026-01-25,Bundesliga,Freiburg,FC Koln,H,2.0057457028025736,1.0121227676545415,0.6040296235226131,0.2115058354324542,0.18446454104493273,H
2026-01-25,Premier League,Arsenal,Man United,A,2.169749892088071,0.8751574857678402,0.6697149383793864,0.19111410461358613,0.13917095700702736,H
2026-01-25,Bundesliga,M'gladbach,Stuttgart,A,1.258992117762524,1.768391952836498,0.27282837763024476,0.23343621166115336,0.4937354107086018,A
2026-01-25,La Liga,Alaves,Betis,H,1.064436051657866,1.54610703181749,0.2612993745588818,0.25431138107854984,0.48438924436256836,A
2026-01-25,Ligue 1,Metz,Lyon,A,0.9363190203393782,1.8490510351562823,0.18708968565220155,0.22470639652312055,0.5882039178246778,A
2026-01-25,La Liga,Ath Madrid,Mallorca,H,2.170822455185664,0.7898697855945078,0.6903211445740122,0.1867231523694275,0.12295570305656031,H
2026-01-25,Ligue 1,Nantes,Nice,A,1.2201044165848562,1.3580009617565136,0.3353673271545369,0.2644656211984419,0.4001670516470212,A
2026-01-26,La Liga,Girona,Getafe,D,1.6064650717587057,0.8946496015221133,0.5411221107965155,0.24958389009447413,0.20929399910901034,H
2026-01-26,Serie A,Verona,Udinese,A,1.2274714659567392,1.3220131675773534,0.3443692919403812,0.2665991021673021,0.38903160589231667,A
2026-01-26,Premier League,Everton,Leeds,D,1.6965975811226786,0.9914360069306566,0.5392143163113664,0.24053276493916073,0.22025291874947292,H
2026-01-27,Bundesliga,St Pauli,RB Leipzig,D,1.1134321920818226,1.8075133813706548,0.23306972549107435,0.23075152645760388,0.5361787480513218,A
2026-01-27,Bundesliga,Werder Bremen,Hoffenheim,A,1.3215284352235863,1.5986570530428843,0.3164180644928532,0.24417417878197847,0.43940775672516824,A
2026-01-30,Ligue 1,Lens,Le Havre,H,2.029213608810229,0.7764634295143634,0.6661948820709054,0.20052500816971883,0.13328010975937576,H
2026-01-30,Serie A,Lazio,Genoa,H,1.5593313005876714,1.0619798713197193,0.4883262593420335,0.2531420684258061,0.25853167223216034,H
2026-01-30,Bundesliga,FC Koln,Wolfsburg,H,1.6302202281704223,1.2722570329929797,0.4578467416148092,0.2432749909618181,0.29887826742337276,H
2026-01-30,La Liga,Espanol,Alaves,A,1.5596386995940223,0.9875612821317935,0.5062907511162698,0.2541029662706903,0.2396062826130399,H
2026-01-31,La Liga,Oviedo,Girona,H,1.2259011407911184,1.1973071777515039,0.36939709442897295,0.27501901556121655,0.35558389000981055,H
2026-01-31,Bundesliga,Augsburg,St Pauli,H,1.6435425506389822,1.0829835786421198,0.5043369258286574,0.24524954210491484,0.25041353206642775,H
2026-01-31,Serie A,Napoli,Fiorentina,H,1.9358730785092881,0.9180889108488838,0.6117901135285763,0.21557423742210854,0.17263564904931522,H
2026-01-31,Bundesliga,Hoffenheim,Union Berlin,H,1.9210642005982217,1.0205644961528118,0.5837691625792284,0.21949310530766006,0.1967377321131116,H
2026-01-31,Serie A,Cagliari,Verona,H,1.5537478300265843,1.0392525467622462,0.4923197565462433,0.2540147876063261,0.2536654558474305,H
2026-01-31,Premier League,Liverpool,Newcastle,H,1.726125766200792,1.1023198666032723,0.5197219490989049,0.23782507141281273,0.24245297948828237,H
2026-01-31,Premier League,Wolves,Bournemouth,A,1.145297600023482,1.5894150401478193,0.2745263304639075,0.24906082124285758,0.47641284829323477,A
2026-01-31,Serie A,Pisa,Sassuolo,A,1.396744472691419,1.1577586547426126,0.42410397409745865,0.2643610730550715,0.31153495284746985,H
2026-01-31,Premier League,Brighton,Everton,D,1.5684578728690253,1.1660307316487992,0.46642735838596006,0.25035306289797193,0.283219578716068,H
2026-01-31,Bundesliga,Hamburg,Bayern Munich,D,0.7894312098200622,3.3749091693879327,0.05148645575445605,0.09427021460692556,0.8542433296386184,A
2026-01-31,La Liga,Elche,Barcelona,A,0.8597033466347331,2.293851572883707,0.12497455915335083,0.1787362518813403,0.696289188965309,A
2026-01-31,Ligue 1,Monaco,Rennes,H,1.4462447045742308,1.1241678124899164,0.4447158547843712,0.26156550049544963,0.2937186447201792,H
2026-01-31,Bundesliga,Werder Bremen,M'gladbach,D,1.5792086575801096,1.1678549838169812,0.4686977747534127,0.2494452427329859,0.2818569825136014,H
2026-01-31,Premier League,Leeds,Arsenal,A,0.9291483084369306,2.0908321421737472,0.15772793184630426,0.20090285730148633,0.6413692108522094,A
2026-01-31,La Liga,Osasuna,Villarreal,D,1.231581793426727,1.434498888849548,0.3238027527935807,0.25851582120393773,0.4176814260024817,A
2026-01-31,La Liga,Levante,Ath Madrid,D,0.9422485716240657,1.84532923619321,0.18888854769755128,0.22520165161031938,0.5859098006921294,A
2026-01-31,Bundesliga,RB Leipzig,Mainz,A,2.0488590231910884,1.0365583359089219,0.6072992513925171,0.20825844185438866,0.18444230675309434,H
2026-01-31,Premier League,Chelsea,West Ham,H,2.153587434378212,0.8952978405780118,0.6618173769713639,0.193564056510035,0.1446185665186012,H
2026-01-31,Ligue 1,Paris FC,Marseille,D,0.9976457938223557,1.6781091593810291,0.22440662541009587,0.24235552967411453,0.5332378449157895,A
2026-01-31,Ligue 1,Lorient,Nantes,H,1.6674081911582552,0.9531356854681934,0.5415504720128417,0.24332244586093818,0.21512708212622023,H
2026-01-31,Bundesliga,Ein Frankfurt,Leverkusen,A,1.4705188706551244,1.628398152830888,0.3469260200874507,0.23777729816426968,0.41529668174827955,A
2026-02-01,Premier League,Man United,Fulham,H,1.626546117753858,1.1513719708311216,0.4842020139411702,0.24587757227510618,0.2699204137837236,H
2026-02-01,Serie A,Cremonese,Inter,A,0.7519443984679689,2.4951949436772103,0.09161087252073846,0.15411222188705118,0.7542769055922104,A
2026-02-01,Premier League,Nott'm Forest,Crystal Palace,D,1.4112728218860286,1.1673694949782194,0.42578743368472755,0.26283054906155234,0.3113820172537201,H
2026-02-01,Bundesliga,Stuttgart,Freiburg,H,1.9475224994029297,1.1599126263536532,0.5568709753450867,0.21930576658758144,0.22382325806733183,H
2026-02-01,La Liga,Betis,Valencia,H,1.8255774704562329,0.9571232116152861,0.5777915240438983,0.22744696419096397,0.1947615117651377,H
2026-02-01,Ligue 1,Strasbourg,Paris SG,A,1.0143911018959122,2.0041873616220363,0.18513166508517523,0.21170745691360685,0.6031608780012179,A
2026-02-01,Serie A,Torino,Lecce,H,1.5304241882705543,1.0094279671796518,0.4935261796584706,0.2567037816469649,0.24977003869456446,H
2026-02-01,Ligue 1,Angers,Metz,H,1.7223925386211838,1.0275983807718316,0.5366235252581275,0.23816010095873275,0.22521637378313963,H
2026-02-01,Serie A,Parma,Juventus,A,0.857149524361171,2.1108322933875248,0.14139549796114584,0.19597802824198518,0.6626264737968689,A
2026-02-01,Premier League,Aston Villa,Brentford,A,1.8551195263835474,0.9937696030297595,0.5755549264132832,0.22520182547339082,0.1992432481133259,H
2026-02-01,Premier League,Tottenham,Man City,D,0.990712453769422,1.828478967710347,0.20202884286681724,0.2277080057064538,0.570263151426729,A
2026-02-01,Ligue 1,Lyon,Lille,H,1.69981145206573,1.1146435615272001,0.5105416946935293,0.24006371876860338,0.2493945865378673,H
2026-02-01,La Liga,Ath Bilbao,Sociedad,D,1.5093302242362328,1.1360903178783204,0.4583087903397793,0.2559347234436708,0.2857564862165499,H
2026-02-01,La Liga,Getafe,Celta,D,1.1010452981853251,1.4494911577508034,0.2870920905342576,0.26203088687917403,0.4508770225865684,A
2026-02-01,La Liga,Real Madrid,Vallecano,H,2.8979818202906493,0.6135871312038177,0.836187092587522,0.11176695917742764,0.052045948235050335,H
2026-02-01,Bundesliga,Dortmund,Heidenheim,H,3.091410863018197,0.7082154323569395,0.8397750292381695,0.10573312126185037,0.05449184949998026,H
2026-02-01,Ligue 1,Toulouse,Auxerre,D,1.9022749393647738,0.9286376729209596,0.6019026117845819,0.21920882822413973,0.17888855999127834,H
2026-02-01,Ligue 1,Nice,Brest,D,1.5098695114741143,1.1308670645477186,0.459645869375839,0.25602765089553003,0.28432647972863084,H
2026-02-01,Serie A,Como,Atalanta,D,1.5448081720015627,1.3736916325441098,0.4151216459144036,0.24586093768536993,0.3390174164002264,H
2026-02-02,Premier League,Sunderland,Burnley,H,1.6172639382380851,1.0126340852340814,0.51467456644981,0.24823246075925762,0.2370929727909324,H
2026-02-02,La Liga,Mallorca,Sevilla,H,1.4860623804446806,1.0523872549751845,0.4717969848217084,0.26008526745854227,0.26811774771974933,H
2026-02-02,Serie A,Udinese,Roma,H,1.0739325048309392,1.6476486606525218,0.24755815894623914,0.24495620871730783,0.507485632336453,A
2026-02-03,Serie A,Bologna,Milan,A,1.2163098356692472,1.5976019603699678,0.290759606825691,0.24694240662242334,0.4622979865518857,A
2026-02-06,Bundesliga,Union Berlin,Ein Frankfurt,D,1.4687665774249739,1.572382058010651,0.3569731635231573,0.24077719307750622,0.4022496433993365,A
2026-02-06,Ligue 1,Metz,Lille,D,1.0235901071944802,1.754846135496461,0.21965368179388764,0.2350777105577277,0.5452686076483847,A
2026-02-06,Premier League,Leeds,Nott'm Forest,H,1.2934422443950206,1.3325798365374621,0.3597082746388083,0.2623257850176488,0.3779659403435429,A
2026-02-06,Serie A,Verona,Pisa,D,1.3658162396508944,1.2375396363806948,0.39848034466999493,0.2630693965108955,0.33845025881910956,H
2026-02-06,La Liga,Celta,Osasuna,A,1.6476611103541061,1.0558410061727581,0.5117912130271361,0.24508536939645695,0.24312341757640688,H
2026-02-07,Bundesliga,Heidenheim,Hamburg,A,1.4758887892271446,1.2583098897627747,0.42248481407186783,0.25455871064945335,0.3229564752786789,H
2026-02-07,Bundesliga,St Pauli,Stuttgart,H,1.0788888580096603,1.9561316630323984,0.20497816740515978,0.2174186498352556,0.5776031827595846,A
2026-02-07,Serie A,Fiorentina,Torino,D,1.6132726913099056,1.033736573980429,0.5085964028244102,0.24846036502276744,0.2429432321528224,H
2026-02-07,Ligue 1,Lens,Rennes,H,1.8233177292335905,0.9274772619888692,0.5845694413599161,0.22712019866353017,0.18831035997655382,H
2026-02-07,Bundesliga,M'gladbach,Leverkusen,D,1.1000890882061054,1.9117293754864422,0.21550399480975785,0.2216162252657069,0.5628797799245353,A
2026-02-07,Premier League,Wolves,Chelsea,A,0.9307308859506984,1.8956089419880877,0.1801480455938146,0.219925970899194,0.5999259835069914,A
2026-02-07,Bundesliga,Mainz,Augsburg,H,1.7610280624789323,1.1521102822435816,0.5163459836636555,0.23470408399720866,0.24894993233913582,H
2026-02-07,Bundesliga,Freiburg,Werder Bremen,H,1.7690036198890422,1.0816054080438022,0.534727757858903,0.23403085953292946,0.23124138260816757,H
2026-02-07,La Liga,Sociedad,Elche,H,1.8430475901828738,0.9271588403719355,0.5891091255298897,0.2251153812305068,0.18577549323960346,H
2026-02-07,Ligue 1,Nantes,Lyon,A,0.9856366316697229,1.893373662043372,0.19254006646493704,0.22139559030276143,0.5860643432323015,A
2026-02-07,Premier League,Man United,Tottenham,H,1.942117096824502,1.062059673296634,0.5785152052854968,0.21835999259713673,0.20312480211736644,H
2026-02-07,Premier League,Bournemouth,Aston Villa,D,1.3210409099618414,1.4714554133984776,0.3396891505691887,0.25238443078915646,0.40792641864165485,A
2026-02-07,Ligue 1,Brest,Lorient,H,1.5143287093839806,1.1198536247829851,0.4633244040093874,0.2559328487084698,0.2807427472821428,H
2026-02-07,La Liga,Barcelona,Mallorca,H,2.828475532366303,0.6814236651282098,0.8149422994518647,0.12204019912045605,0.0630175014276793,H
2026-02-07,Premier League,Fulham,Everton,A,1.5155711029592698,1.227543530642779,0.43929574789711484,0.2527811951006873,0.30792305700219774,H
2026-02-07,Premier League,Newcastle,Brentford,A,1.5469752014152711,1.217256653260241,0.4494878033321135,0.2507489303323032,0.2997632663355832,H
2026-02-07,Premier League,Burnley,West Ham,A,1.2564449056577986,1.397814716967422,0.3372099184154859,0.2599903555052585,0.4027997260792555,A
2026-02-07,Premier League,Arsenal,Sunderland,H,2.623898697023018,0.7367837980685888,0.7766175884521325,0.14214129540838524,0.08124111613948234,H
2026-02-07,Serie A,Genoa,Napoli,A,1.0677324032407778,1.6999666467835215,0.23810452314532346,0.24024500968989076,0.5216504671647858,A
2026-02-07,Bundesliga,Wolfsburg,Dortmund,A,1.0368391841496547,2.3253890467292475,0.15419662833727224,0.18433103229381,0.6614723393689178,A
2026-02-08,La Liga,Ath Madrid,Betis,A,1.834811895107034,0.9323457827987661,0.5859727710601668,0.22605526926242406,0.18797195967740918,H
2026-02-08,Ligue 1,Le Havre,Strasbourg,H,1.1073239561513317,1.4299986474423036,0.2921839553361503,0.26350668683627126,0.4443093578275784,A
2026-02-08,Ligue 1,Nice,Monaco,D,1.4444777036013001,1.3112904437653452,0.40314779925774336,0.25449264634426405,0.3423595543979927,H
2026-02-08,Premier League,Brighton,Crystal Palace,A,1.5805920568199658,1.0831669573115177,0.4886779445336639,0.2508830209840994,0.2604390344822367,H
2026-02-08,La Liga,Valencia,Real Madrid,A,0.88060756214383,2.1845404602810965,0.13879405187415425,0.1899667354074722,0.6712392127183735,A
2026-02-08,Serie A,Bologna,Parma,A,1.868891757032101,0.9101863073822146,0.5990773797133984,0.22209999610015962,0.17882262418644213,H
2026-02-08,La Liga,Ath Bilbao,Levante,H,1.7463364532073307,0.9455145631076137,0.5623178561305795,0.2352228918032364,0.2024592520661841,H
2026-02-08,Ligue 1,Auxerre,Paris FC,D,1.302202639939295,1.1871241037658067,0.3923716259288568,0.2701766879127179,0.3374516861584252,H
2026-02-08,Serie A,Lecce,Udinese,H,1.1023039034759805,1.3903724091461351,0.29796687813180806,0.267085920990354,0.434947200877838,A
2026-02-08,Bundesliga,Bayern Munich,Hoffenheim,H,3.004773333604289,1.0141775315691033,0.7728738207529728,0.13167721868131624,0.09544896056571092,H
2026-02-08,Bundesliga,FC Koln,RB Leipzig,A,1.2363535815472964,1.6785356520122865,0.2820441481338352,0.24043515670561655,0.47752069516054824,A
2026-02-08,Serie A,Sassuolo,Inter,A,0.8097506905967728,2.3449330250343525,0.11198169767557774,0.1712417827752961,0.7167765195491261,A
2026-02-08,Ligue 1,Paris SG,Marseille,H,2.130747922804621,0.9848253918625542,0.6361581019342695,0.19926259685817185,0.16457930120755868,H
2026-02-08,La Liga,Sevilla,Girona,D,1.2750494660448402,1.1867557245049503,0.3850876345608239,0.27217503492811157,0.3427373305110645,H
2026-02-08,Ligue 1,Angers,Toulouse,H,1.2649334617934411,1.4280165824931181,0.3336317683675219,0.257571957144507,0.4087962744879711,A
2026-02-08,Serie A,Juventus,Lazio,D,2.1265789553393453,0.9685212714807642,0.6391677398176174,0.19904959675015854,0.16178266343222414,H
2026-02-08,Premier League,Liverpool,Man City,A,1.5314154949112069,1.366670814234589,0.41329283268681327,0.2469199898318023,0.3397871774813844,H
2026-02-08,La Liga,Alaves,Getafe,A,1.4757680058520883,0.9941728201960992,0.48302695330005235,0.26236223001411235,0.2546108166858353,H
2026-02-09,Serie A,Roma,Cagliari,H,1.9796695999552396,0.8827268994420309,0.6297770649499895,0.21005012914587295,0.16017280590413754,H
2026-02-09,Serie A,Atalanta,Cremonese,H,2.215631603212978,0.7364319639026561,0.7113543111728063,0.1792140072134564,0.10943168161373733,H
2026-02-09,La Liga,Villarreal,Espanol,H,2.0528460124605767,0.8500867051165069,0.6528199305739332,0.20141969152778866,0.14576037789827812,H
2026-02-10,Premier League,West Ham,Man United,D,1.2683586468710795,1.5969641075127248,0.3036921545239952,0.2457335283575623,0.4505743171184426,A
2026-02-10,Premier League,Chelsea,Leeds,D,2.260571543204934,0.8920594781339752,0.6827410218031417,0.18344898803055215,0.1338099901663062,H
2026-02-10,Premier League,Everton,Bournemouth,A,1.4827229736981626,1.213042367593488,0.4341548001583689,0.2556899642815965,0.3101552355600345,H
2026-02-10,Premier League,Tottenham,Newcastle,A,1.3773921594043528,1.4530137559067302,0.35741943434139456,0.2510352362961929,0.3915453293624125,A
2026-02-11,Premier League,Aston Villa,Brighton,H,1.6796669711852488,0.9911362185344901,0.535201066736781,0.24219418876253204,0.22260474450068693,H
2026-02-11,Premier League,Nott'm Forest,Wolves,D,1.788190492256219,0.8594404828315644,0.5935362431385971,0.22934383066694938,0.17711992619445346,H
2026-02-11,Premier League,Crystal Palace,Burnley,A,1.987741335851821,0.8127208428861911,0.6487450237506474,0.20651793384436382,0.1447370424049888,H
2026-02-11,Premier League,Man City,Fulham,H,2.145831765784474,0.8920318198795286,0.6610914041388113,0.19415586184377503,0.14475273401741368,H
2026-02-11,Premier League,Sunderland,Liverpool,A,1.0266013914693009,1.9003143689643542,0.20072715129851876,0.22152265854505462,0.5777501901564266,A
2026-02-12,Premier League,Brentford,Arsenal,D,1.0961771043889055,1.8233381055990354,0.22683803737289177,0.22928922949619754,0.5438727331309107,A
2026-02-13,Serie A,Pisa,Milan,A,0.8955671595376918,2.1373597977107757,0.14628357249942459,0.19511648984964125,0.658599937650934,A
2026-02-13,Ligue 1,Rennes,Paris SG,H,0.8736998824453381,2.2479758371706993,0.13159116388786912,0.1836934993388153,0.6847153367733155,A
2026-02-13,Ligue 1,Monaco,Nantes,H,1.9754889397350932,0.8384829490133966,0.6398080674916006,0.20883786125950754,0.15135407124889186,H
2026-02-13,La Liga,Elche,Osasuna,D,1.2560046188825844,1.4337158158054997,0.33025209722460674,0.2575631477444169,0.4121847550309763,A
2026-02-13,Bundesliga,Dortmund,Mainz,H,2.488075014049303,0.9294031558299353,0.7139274562010544,0.16553530501198274,0.12053723878696299,H
2026-02-14,Ligue 1,Marseille,Strasbourg,D,1.8268808428793355,1.140373750214333,0.5343442567744922,0.2291934167195577,0.23646232650595017,H
2026-02-14,La Liga,Real Madrid,Sociedad,H,2.570536833639044,0.7541123982716814,0.7651697090287288,0.14779369252732394,0.08703659844394714,H
2026-02-14,Ligue 1,Lille,Brest,D,1.4816820063283929,1.1145849942173707,0.45613708081355125,0.25885819557804984,0.28500472360839896,H
2026-02-14,Serie A,Como,Fiorentina,A,1.8586748105129007,1.0603198565693535,0.5603973684743165,0.22582128708224783,0.21378134444343572,H
2026-02-14,Bundesliga,Leverkusen,St Pauli,H,2.4691290277211366,0.7980132661489343,0.7399579236116269,0.15940137104448987,0.10064070534388325,H
2026-02-14,Bundesliga,Stuttgart,FC Koln,H,2.1906552040517884,0.9050099400762446,0.6666351839039306,0.19051804902620895,0.14284676706986052,H
2026-02-14,Bundesliga,Werder Bremen,Bayern Munich,A,0.938320821849699,2.7173395157949485,0.10434453230153529,0.14776860955208007,0.7478868581463847,A
2026-02-14,La Liga,Getafe,Villarreal,H,0.9990897623454267,1.674487164828194,0.2252816660355982,0.24271024105758382,0.5320080929068179,A
2026-02-14,Bundesliga,Hoffenheim,Freiburg,H,1.6996861201572855,1.1795247833912967,0.49548257101898413,0.2395429354395429,0.26497449354147296,H
2026-02-14,Serie A,Inter,Juventus,H,2.072534217510676,1.2206340981944448,0.5698724919082119,0.21013134575588488,0.21999616233590327,H
2026-02-14,La Liga,Sevilla,Alaves,D,1.412306461685759,1.090632788031944,0.4434698802503418,0.2656134887443822,0.290916631005276,H
2026-02-14,Bundesliga,Hamburg,Union Berlin,H,1.4009558130013502,1.267020433593965,0.4013565331122806,0.25929259753492223,0.3393508693527971,H
2026-02-14,Serie A,Lazio,Atalanta,A,1.2940792037634392,1.4136555975157383,0.3438870587303193,0.25721776188960105,0.39889517938007973,A
2026-02-14,Bundesliga,Ein Frankfurt,M'gladbach,H,1.9868644335752843,1.0476075421831201,0.5916041419663828,0.21407218920797413,0.19432366882564306,H
2026-02-14,Ligue 1,Paris FC,Lens,A,1.0143838668175529,1.6563448129517149,0.2316679514936102,0.24445382674044308,0.5238782217659468,A
2026-02-14,La Liga,Espanol,Celta,D,1.3066182156073254,1.2709852568120203,0.3757788712301295,0.2652008751070659,0.35902025366280454,H
2026-02-15,Serie A,Parma,Verona,H,1.4603211515565095,1.0003693573996535,0.4774683112588535,0.2637588211518653,0.2587728675892812,H
2026-02-15,Bundesliga,RB Leipzig,Wolfsburg,D,2.1716921381675105,0.9363806796345924,0.655601403079892,0.19363995796290515,0.15075863895720273,H
2026-02-15,Ligue 1,Lyon,Nice,H,1.9185139371212676,1.0042594468959471,0.587116974875638,0.21940112545986099,0.19348189966450102,H
2026-02-15,La Liga,Mallorca,Betis,A,1.174674142958015,1.4599188899571218,0.3044097941423797,0.25875059966897374,0.43683960618864653,A
2026-02-15,Serie A,Napoli,Roma,D,1.542645898921259,1.1604524477471687,0.46120876441289815,0.25257274729127227,0.2862184882958297,H
2026-02-15,Bundesliga,Augsburg,Heidenheim,H,1.8445345719342834,1.006615327434232,0.5700603137453955,0.22641260921068382,0.2035270770439206,H
2026-02-15,Ligue 1,Lorient,Angers,H,1.5504630672953998,1.0121789040035054,0.4979863295321317,0.25471353821704223,0.2473001322508261,H
2026-02-15,La Liga,Oviedo,Ath Bilbao,A,1.185243283495873,1.4516104443472428,0.3086517915314572,0.2590227712169984,0.43232543725154443,A
2026-02-15,La Liga,Levante,Valencia,A,1.3145718917478808,1.192534942802418,0.3945367481107164,0.2689838796964339,0.3364793721928497,H
2026-02-15,Serie A,Cremonese,Genoa,D,1.206638667980378,1.4150612934528841,0.3209621438344216,0.2609491007488271,0.4180887554167513,A
2026-02-15,Serie A,Udinese,Sassuolo,A,1.5738100676927809,1.0271521406279327,0.500298401316698,0.2522760922924384,0.24742550639086355,H
2026-02-15,Serie A,Torino,Bologna,A,1.2689423744637605,1.3799131448576578,0.34392958321630995,0.26059232617823685,0.3954780906054533,A
2026-02-15,Ligue 1,Metz,Auxerre,A,1.2165623503377894,1.1454794521565281,0.37784500231557544,0.27902129379430557,0.3431337038901191,H
2026-02-15,La Liga,Vallecano,Ath Madrid,H,0.996785281238154,1.6150767864903854,0.23348624371515692,0.24853706907486808,0.517976687209975,A
2026-02-15,Ligue 1,Le Havre,Toulouse,H,1.2540438671935332,1.2554941150121226,0.36493339533945224,0.26944311750086497,0.36562348715968274,A
2026-02-16,Serie A,Cagliari,Lecce,A,1.5201855719721735,0.9896471626520601,0.4956809184850881,0.2580152167117954,0.24630386480311664,H
2026-02-16,La Liga,Girona,Barcelona,H,0.8421449191982142,2.111748480258243,0.1383717229766776,0.19519975389616728,0.6664285231271552,A
2026-02-18,Premier League,Wolves,Arsenal,D,0.7235965202152083,2.4943637876170257,0.08732283149318684,0.1522483124299522,0.760428856076861,A
2026-02-18,Serie A,Milan,Como,D,1.9464004018053545,1.07339773321219,0.5767756791826087,0.21817957820761,0.2050447426097813,H
2026-02-18,La Liga,Levante,Villarreal,A,0.9917614502227199,1.7484425770660066,0.2130576301170896,0.23546863915484115,0.5514737307280693,A
2026-02-20,Serie A,Sassuolo,Verona,H,1.62509335534233,0.9325741866301057,0.5362592802408905,0.24765469318832128,0.2160860265707881,H
2026-02-20,La Liga,Ath Bilbao,Elche,H,2.051288998441266,0.8849740364053261,0.644018274114516,0.20300624179764912,0.15297548408783493,H
2026-02-20,Ligue 1,Brest,Marseille,H,1.325812344687003,1.5185165289114726,0.3320551108557543,0.249226651419147,0.41871823772509875,A
2026-02-20,Bundesliga,Mainz,Hamburg,D,1.723035748262908,1.1092228616578312,0.5173646880598494,0.23807423160140967,0.2445610803387409,H
2026-02-21,La Liga,Ath Madrid,Espanol,H,1.959042715327354,0.8374601526539085,0.6366136730401649,0.21050894093805125,0.15287738602178388,H
2026-02-21,Bundesliga,Wolfsburg,Augsburg,A,1.4815170558584976,1.268228330310203,0.4217655920558662,0.253799059779014,0.3244353481651198,H
2026-02-21,Ligue 1,Toulouse,Paris FC,D,1.6544602857122293,0.9611981565573715,0.5364028384028834,0.24466260790603453,0.21893455369108214,H
2026-02-21,Serie A,Juventus,Como,A,1.89876698989646,1.1840847671973362,0.5405225874187555,0.2234748339812151,0.2360025786000294,H
2026-02-21,Serie A,Cagliari,Lazio,D,1.198309121314962,1.408405633736865,0.3200309675225167,0.2617892512537555,0.41817978122372773,A
2026-02-21,Premier League,West Ham,Bournemouth,D,1.3033733849773796,1.442083298362802,0.3408010286407895,0.25498830483190466,0.40421066652730586,A
2026-02-21,Premier League,Brentford,Brighton,A,1.4899677920816385,1.1315525349574471,0.45437678620689204,0.25767593572182834,0.28794727807127973,H
2026-02-21,La Liga,Betis,Vallecano,D,1.8498375479259128,0.8930644320033223,0.5990745348665819,0.22362883119332674,0.1772966339400914,H
2026-02-21,Premier League,Chelsea,Burnley,D,2.6504698360381314,0.7252845313750745,0.7827857228591232,0.13914821528067592,0.07806606186020089,H
2026-02-21,Serie A,Lecce,Inter,A,0.753063883857473,2.688189346463414,0.07973087018811881,0.13807400016216437,0.7821951296497169,A
2026-02-21,La Liga,Sociedad,Oviedo,D,1.8365433607553037,0.9096554063716068,0.5919712624263456,0.22539332729321168,0.18263541028044278,H
2026-02-21,Ligue 1,Paris SG,Metz,H,3.4997127089534685,0.5303133777517534,0.9037117498821917,0.06968884636635295,0.026599403751455353,H
2026-02-21,Bundesliga,Bayern Munich,Ein Frankfurt,H,3.0087562867638473,0.933686204533618,0.7886717697627756,0.12651723974670356,0.08481099049052084,H
2026-02-21,Ligue 1,Lens,Monaco,A,1.8095425836159489,1.0582743359316324,0.549680673269556,0.23025261363065894,0.2200667130997851,H
2026-02-21,Bundesliga,Union Berlin,Leverkusen,H,1.0809838921949593,1.9929204870674957,0.2007098123515848,0.21423904717239137,0.5850511404760238,A
2026-02-21,Bundesliga,FC Koln,Hoffenheim,D,1.232661674260356,1.7125278743260446,0.2755987008753414,0.23792075252326292,0.4864805466013957,A
2026-02-21,Premier League,Aston Villa,Leeds,D,1.9902427802262448,0.8402875179810029,0.6424318591558812,0.2073835667378631,0.15018457410625574,H
2026-02-21,La Liga,Osasuna,Real Madrid,H,0.9707462524349928,1.994272691038135,0.17707302302642608,0.21143764530413087,0.6114893316694431,A
2026-02-21,Premier League,Man City,Newcastle,H,2.1183210609412098,0.9173382405639808,0.6496682297599907,0.19783674829815293,0.15249502194185638,H
2026-02-21,Bundesliga,RB Leipzig,Dortmund,D,1.4480041495436287,1.7269696985862135,0.3238962896616917,0.23294739155426333,0.443156318784045,A
2026-02-22,Serie A,Atalanta,Napoli,H,1.451408460042667,1.3234804983884292,0.4023413460830995,0.2535305493938909,0.3441281045230096,H
2026-02-22,Ligue 1,Nice,Lorient,D,1.5672066191443372,1.1234381855759765,0.475906819842957,0.2513482976863476,0.2727448824706955,H
2026-02-22,Premier League,Crystal Palace,Wolves,H,1.873827568899902,0.8979939868029019,0.6031876804530749,0.2212825221738245,0.17552979737310065,H
2026-02-22,La Liga,Barcelona,Levante,H,3.0363986747321814,0.5945797898044386,0.8543746403236011,0.10078914378655479,0.04483621588984406,H
2026-02-22,Bundesliga,Heidenheim,Stuttgart,D,0.9981765465218964,1.9551050677579431,0.18761948516381013,0.21584138812508843,0.5965391267111014,A
2026-02-22,Ligue 1,Strasbourg,Lyon,H,1.352320801442837,1.459724366034615,0.34981673457016504,0.2517698506537835,0.3984134147760514,A
2026-02-22,Ligue 1,Auxerre,Rennes,A,1.16438088903694,1.3093816067494575,0.32989393722735433,0.27084786135037275,0.3992582014222729,A
2026-02-22,Serie A,Genoa,Torino,H,1.5183254949184635,1.1250683436452533,0.4631431607154714,0.25546334553906147,0.28139349374546724,H
2026-02-22,Bundesliga,St Pauli,Werder Bremen,H,1.3456272517693257,1.2485685926268209,0.3908086788534017,0.26388709762431806,0.3453042235222803,H
2026-02-22,Ligue 1,Nantes,Le Havre,H,1.2073733680396377,1.2962006824519745,0.3441041354831443,0.26949466311061193,0.3864012014062438,A
2026-02-22,La Liga,Villarreal,Valencia,H,1.983033692577755,0.8614315964532347,0.6357157527511649,0.20893665485836635,0.15534759239046877,H
2026-02-22,La Liga,Getafe,Sevilla,A,1.4630844397859482,1.0211657076364984,0.473208031369076,0.26300004734036636,0.2637919212905575,H
2026-02-22,Premier League,Sunderland,Fulham,A,1.3063218930502665,1.3392101055880052,0.3617461399858877,0.2612147416577929,0.3770391183563193,A
2026-02-22,Ligue 1,Angers,Lille,A,1.071677996401094,1.4138471551143883,0.2856040779237072,0.26612662456648745,0.4482692975098054,A
2026-02-22,Serie A,Milan,Parma,A,2.312329008188013,0.7150551933280296,0.7332198207445336,0.16840720477332205,0.09837297448214444,H
2026-02-22,Serie A,Roma,Cremonese,H,2.1517079317178807,0.7355043849725798,0.699920203354349,0.1856137427572078,0.11446605388844316,H
2026-02-22,Premier League,Nott'm Forest,Liverpool,A,1.0780073314679481,1.7044638109902301,0.2398977723957632,0.23981209421814692,0.5202901333860899,A
2026-02-22,Bundesliga,Freiburg,M'gladbach,H,1.751607715388378,0.9968598245262055,0.5509782236876752,0.23520181832177006,0.21381995799055467,H
2026-02-22,Premier League,Tottenham,Arsenal,A,0.9610003178974267,2.299491703742447,0.14279933570952832,0.18324581500326947,0.6739548492872023,A
2026-02-22,La Liga,Celta,Mallorca,H,1.7548066140159726,0.9853302409279657,0.5545373373455426,0.23479245421362316,0.2106702084408343,H
2026-02-23,Premier League,Everton,Man United,A,1.3696231933486627,1.345226697215526,0.37693916489286355,0.2573380944109194,0.36572274069621696,H
2026-02-23,La Liga,Alaves,Girona,D,1.269553019263456,1.1674962299631808,0.3877362755542685,0.27368745813415474,0.33857626631157667,H
2026-02-23,Serie A,Bologna,Udinese,H,1.6253210415348243,1.0766848089825332,0.5013422392386467,0.24694752923917407,0.2517102315221792,H
2026-02-23,Serie A,Fiorentina,Pisa,H,1.8519441826545762,0.9655888992663187,0.5816868549567371,0.22500586305135217,0.1933072819919107,H
2026-02-27,Premier League,Wolves,Aston Villa,H,0.8658521783605883,1.8853891152725988,0.16710276607376506,0.21917559310188806,0.6137216408243468,A
2026-02-27,Ligue 1,Strasbourg,Lens,D,1.4395815905513125,1.5451751807046918,0.35506607484293273,0.243339582808185,0.4015943423488823,A
2026-02-27,Serie A,Parma,Cagliari,D,1.3871412793808018,1.1455736908456278,0.42428708561761985,0.26562812062830315,0.31008479375407694,H
2026-02-27,Bundesliga,Augsburg,FC Koln,H,1.7307596235180784,1.0964191481592525,0.5222124976414826,0.23743069814930892,0.2403568042092085,H
2026-02-27,La Liga,Levante,Alaves,H,1.2334640969304345,1.2053744277575302,0.36977653369572816,0.2739789947549989,0.356244471549273,H
2026-02-28,La Liga,Mallorca,Sociedad,A,1.2980067016424688,1.388630627698495,0.3497709218933297,0.25861473380164895,0.39161434430502134,A
2026-02-28,Premier League,Leeds,Man City,A,0.9717493376530186,2.0745820683282794,0.16811954437817275,0.2039532880643097,0.6279271675575175,A
2026-02-28,Ligue 1,Le Havre,Paris SG,A,0.7887384334838244,2.3257981008664514,0.1098907389861297,0.17175917133908672,0.7183500896747836,A
2026-02-28,Serie A,Inter,Genoa,H,3.187969227578543,0.7579548822488831,0.8411074864251741,0.10315853701359899,0.05573397656122692,H
2026-02-28,Premier League,Burnley,Brentford,A,1.0646419576520698,1.5877698902701678,0.2546447544848588,0.25049897652541564,0.4948562689897255,A
2026-02-28,Bundesliga,Hoffenheim,St Pauli,A,2.2373631908240297,0.9241415549140716,0.6709680732194416,0.18709486831080388,0.14193705846975452,H
2026-02-28,Serie A,Verona,Napoli,A,0.8149352076803839,2.2031136740448716,0.12477754785215264,0.18490187749112075,0.6903205746567266,A
2026-02-28,Ligue 1,Rennes,Toulouse,H,1.5823737402435807,1.061721693060124,0.49419615424148394,0.2510324307869827,0.2547714149715335,H
2026-02-28,Premier League,Liverpool,West Ham,H,2.2403951343147845,0.8551309645768341,0.6876783683017297,0.183454632802355,0.12886699889591538,H
2026-02-28,Ligue 1,Monaco,Angers,H,1.9684518294659852,0.7768170291248613,0.653726374682536,0.20702452285115625,0.13924910246630773,H
2026-02-28,La Liga,Vallecano,Ath Bilbao,D,1.3084796739010847,1.3510530964658996,0.35993196597619437,0.2603858404906924,0.3796821935331132,A
2026-02-28,Bundesliga,Leverkusen,Mainz,D,2.2795170683400654,0.9011610058182091,0.684089769789076,0.18217424415406921,0.13373598605685477,H
2026-02-28,Bundesliga,Werder Bremen,Heidenheim,H,1.718956881661669,1.05631643076688,0.5289168348896547,0.23852292592706906,0.23256023918327628,H
2026-02-28,La Liga,Barcelona,Villarreal,H,2.102775481530653,0.9949564920650187,0.6281599924667037,0.20214873879720535,0.16969126873609092,H
2026-02-28,Bundesliga,Dortmund,Bayern Munich,A,1.6274379165603632,1.7980696405099892,0.35235135139510665,0.22468835666598194,0.4229602919389115,A
2026-02-28,Premier League,Newcastle,Everton,A,1.5643432327874602,1.187119480437921,0.4606077862079518,0.2501926684366703,0.28919954535537795,H
2026-02-28,Serie A,Como,Lecce,H,2.0444692178303243,0.8255832055770226,0.6571308248138547,0.20120330174174444,0.14166587344440082,H
2026-02-28,Premier League,Bournemouth,Sunderland,D,1.8935501214467505,0.9106851652110859,0.6043999740449353,0.21961157327892364,0.1759884526761411,H
2026-02-28,La Liga,Oviedo,Ath Madrid,A,1.010843120309195,1.7602307778684767,0.21590818012286225,0.2344800744327963,0.5496117454443414,A
2026-02-28,Bundesliga,M'gladbach,Union Berlin,H,1.4301953135426386,1.2989681924967686,0.40210563776102004,0.25594018155370724,0.34195418068527283,H
2026-03-01,La Liga,Valencia,Osasuna,H,1.3513780541585738,1.246282140359734,0.39281130155594113,0.26361789957583665,0.3435707988682223,H
2026-03-01,Premier League,Fulham,Tottenham,H,1.7935368734402286,1.0755635574869615,0.5418736091359622,0.23181230681785217,0.22631408404618564,H
2026-03-01,Ligue 1,Metz,Brest,A,0.9640865034904275,1.680666126068888,0.21591330108146414,0.24201810842546537,0.5420685904930704,A
2026-03-01,Bundesliga,Ein Frankfurt,Freiburg,H,1.6992093797674277,1.1955674032949672,0.49170309177160476,0.23940449779856363,0.2688924104298316,H
2026-03-01,Serie A,Sassuolo,Atalanta,H,1.0704122488104113,1.7352315931146696,0.23352513062080088,0.2370460042638216,0.5294288651153775,A
2026-03-01,Serie A,Cremonese,Milan,A,0.8359919771386426,1.9827466628606638,0.15007460416507581,0.20798792776794153,0.6419374680669826,A
2026-03-01,La Liga,Elche,Espanol,D,1.3527947876191686,1.3287809910523896,0.3759569048953436,0.2591867121779197,0.3648563829267367,H
2026-03-01,Serie A,Torino,Lazio,H,1.1484695765226474,1.4812549970253346,0.2938346095428724,0.2578965677897392,0.4482688226673884,A
2026-03-01,Ligue 1,Paris FC,Nice,H,1.2066043388865402,1.4102164974071345,0.32186115878723415,0.26130766152472856,0.4168311796880373,A
2026-03-01,La Liga,Girona,Celta,A,1.3546307798225996,1.2002179890563307,0.4035797194876639,0.26567313697224426,0.3307471435400918,H
2026-03-01,Premier League,Brighton,Nott'm Forest,H,1.570252806404436,1.0320782829803912,0.49821782820232613,0.2525538804199041,0.24922829137776975,H
2026-03-01,Premier League,Man United,Crystal Palace,H,1.7419228874237076,1.0478694431659274,0.5363895434329337,0.23639400716844033,0.22721644939862598,H
2026-03-01,Ligue 1,Marseille,Lyon,H,1.4614596786977447,1.3429328725884284,0.40080688491459104,0.25207505223033316,0.34711806285507585,H
2026-03-01,La Liga,Betis,Sevilla,D,1.8886511359547689,0.8219176479984678,0.6254428401486871,0.21741125315255008,0.15714590669876294,H
2026-03-01,Bundesliga,Hamburg,RB Leipzig,A,1.2495251307945128,1.6621111298425622,0.28795147432125745,0.2414312675690503,0.47061725810969224,A
2026-03-01,Premier League,Arsenal,Chelsea,H,2.199386817402108,1.094357174022475,0.6243859159818348,0.19696469970941083,0.17864938430875438,H
2026-03-01,Ligue 1,Lorient,Auxerre,D,1.6479793919462562,0.9453254413165274,0.5387353344263989,0.24529455958624874,0.21597010598735245,H
2026-03-01,Serie A,Roma,Juventus,D,1.5646725447265033,1.3640330078954426,0.4220275094901089,0.24500238033217128,0.3329701101777198,H
2026-03-01,Bundesliga,Stuttgart,Wolfsburg,H,2.334738512439815,0.9455959773691823,0.6838640035748589,0.179442093807589,0.13669390261755215,H
2026-03-01,Ligue 1,Lille,Nantes,H,1.940742779220128,0.8069023662679601,0.6403810663621953,0.2112601196333632,0.14835881400444156,H
2026-03-02,La Liga,Real Madrid,Getafe,A,2.7043755401650458,0.6249584949738893,0.810840808057243,0.127292047284685,0.06186714465807202,H
2026-03-02,Serie A,Pisa,Bologna,A,1.099369957166348,1.5473521700706498,0.269965504900682,0.25354043368450085,0.47649406141481715,A
2026-03-02,Serie A,Udinese,Fiorentina,H,1.3073446341183506,1.318953302344258,0.3661102371925702,0.2623640169076103,0.3715257458998195,A
2026-03-03,Premier League,Bournemouth,Brentford,D,1.4626052146525226,1.214364077786938,0.42870417768741986,0.2571364861283742,0.3141593361842059,H
2026-03-03,Premier League,Everton,Burnley,H,2.0957900411194608,0.8569432758655361,0.6597175850610477,0.19744727108335972,0.14283514385559262,H
2026-03-03,Premier League,Wolves,Liverpool,H,0.8984228282239987,2.120759893331823,0.14851302744070236,0.19682162275107828,0.6546653498082194,A
2026-03-03,Premier League,Leeds,Sunderland,A,1.5421890075354938,1.111584597672335,0.4723395657893485,0.25373623385939054,0.2739242003512609,H
2026-03-04,Premier League,Fulham,West Ham,A,1.7885835376233592,1.0669927626203322,0.5427594184816228,0.23221158856514423,0.22502899295323295,H
2026-03-04,Premier League,Man City,Nott'm Forest,D,2.4157262515939175,0.7538472236475553,0.7413230146632808,0.16130688169910623,0.09737010363761289,H
2026-03-04,La Liga,Vallecano,Oviedo,H,1.683200544928782,0.9506299315042265,0.5459991535631273,0.2416978005376647,0.212303045899208,H
2026-03-04,Premier League,Aston Villa,Chelsea,A,1.4899393560302308,1.267319311928861,0.4240977485073355,0.25325401232712225,0.32264823916554236,H
2026-03-04,Premier League,Newcastle,Man United,H,1.4264866815381851,1.412139846188328,0.3778281544319832,0.2508111322658253,0.37136071330219156,H
2026-03-04,Premier League,Brighton,Arsenal,A,1.0764122687804567,1.8615875997258091,0.21701815859983853,0.22574164093983848,0.557240200460323,A
2026-03-04,Bundesliga,Hamburg,Leverkusen,A,1.106733818146301,1.9922953945335535,0.20631365646682634,0.21478145868024023,0.5789048848529335,A
2026-03-05,Premier League,Tottenham,Crystal Palace,A,1.2827417646313994,1.392757646611978,0.345013622160127,0.25909110785246064,0.39589526998741237,A
2026-03-06,Bundesliga,Bayern Munich,M'gladbach,H,3.4300251820628285,0.6886570161160043,0.8750242484999814,0.08437327883154357,0.04060247266847513,H
2026-03-06,Ligue 1,Paris SG,Monaco,A,2.277026642263489,0.9395109525372579,0.6747673932730688,0.18423774772637552,0.14099485900055567,H
2026-03-06,Serie A,Napoli,Torino,H,2.256431019663134,0.8392979296612667,0.6943182348499307,0.18111939044453204,0.1245623747055372,H
2026-03-06,La Liga,Celta,Real Madrid,A,1.0625572142545767,1.7192285375096152,0.23400880300198162,0.2384980448478473,0.5274931521501711,A
2026-03-07,Bundesliga,Wolfsburg,Hamburg,A,1.536580278661841,1.268740506320079,0.4355240914208587,0.24997277359596098,0.3145031349831804,H
2026-03-07,Serie A,Atalanta,Udinese,D,1.9006613321115597,0.9023935144890212,0.6080025108396423,0.21866381921170597,0.1733336699486518,H
2026-03-07,Ligue 1,Nantes,Angers,A,1.2991582884208133,1.0740236667723395,0.4166252565938596,0.27624188257296267,0.3071328608331778,H
2026-03-07,La Liga,Ath Madrid,Sociedad,H,1.8380772145802053,0.9361596227020212,0.5857713074119618,0.22580412833311336,0.1884245642549248,H
2026-03-07,Serie A,Cagliari,Como,A,1.1086324233983982,1.5283806208651531,0.27549256250676857,0.254994436948196,0.4695130005450354,A
2026-03-07,Bundesliga,Freiburg,Leverkusen,D,1.1607112890855456,1.6545905253660416,0.26765509715676167,0.24343228487633864,0.4889126179668998,A
2026-03-07,La Liga,Ath Bilbao,Barcelona,A,1.0880085366414662,1.94932813602333,0.20785068011693217,0.2181691197640555,0.5739802001190123,A
2026-03-07,Bundesliga,FC Koln,Dortmund,A,1.0164682555030071,2.2541670151635915,0.15765087053834415,0.1895540579027832,0.6527950715588726,A
2026-03-07,Bundesliga,Mainz,Stuttgart,D,1.3065390137204296,1.660522180117251,0.30195749149614703,0.24039136822724197,0.45765114027661097,A
2026-03-07,Bundesliga,Heidenheim,Hoffenheim,A,1.1654822788381263,1.800585818218781,0.24611605120149768,0.2314103461278339,0.5224736026706684,A
2026-03-07,Ligue 1,Toulouse,Marseille,A,1.1516160907898092,1.4586581920684072,0.2986596831404212,0.2596326027091951,0.4417077141503838,A
2026-03-07,La Liga,Osasuna,Mallorca,D,1.6605442102127081,0.9311945835501598,0.5453160015731446,0.243939286216445,0.21074471221041038,H
2026-03-07,Serie A,Juventus,Pisa,H,2.5103945677911668,0.7609007513460117,0.7546346707923988,0.15339182974695884,0.09197349946064233,H
2026-03-07,La Liga,Levante,Girona,D,1.2281860891343563,1.2730251719567895,0.354374020038647,0.26988664507502824,0.3757393348863247,A
2026-03-07,Bundesliga,RB Leipzig,Augsburg,H,2.0223674705375774,1.0179024646622148,0.6061621221085546,0.2101424833490921,0.18369539454235345,H
2026-03-07,Ligue 1,Auxerre,Strasbourg,D,1.1280517637725862,1.520724445290415,0.2817453859842054,0.25518644649474714,0.4630681675210474,A
2026-03-08,Ligue 1,Lille,Lorient,D,1.6774327237804139,0.9566225882091987,0.5431240707690552,0.24231460887745687,0.21456132035348788,H
2026-03-08,Ligue 1,Brest,Le Havre,H,1.741770449495599,0.890512906284592,0.5749381624418797,0.2349350101156763,0.19012682744244397,H
2026-03-08,Serie A,Lecce,Cremonese,H,1.4160583762715342,1.0465288360603777,0.454739006599232,0.2667446638044289,0.27851632959633904,H
2026-03-08,La Liga,Sevilla,Vallecano,D,1.3044051128938094,1.2760482823794395,0.3741411312804895,0.26504814297502083,0.3608107257444898,H
2026-03-08,La Liga,Villarreal,Elche,H,2.326828840304132,0.7448002980854151,0.7287271168373755,0.1689465717922802,0.1023263113703443,H
2026-03-08,Serie A,Genoa,Roma,H,1.1145451592739455,1.8088695586736647,0.23313069462280053,0.23063851453485706,0.5362307908423424,A
2026-03-08,Bundesliga,St Pauli,Ein Frankfurt,D,1.226858498824223,1.64677846623574,0.2850292318865856,0.24299478214910733,0.4719759859643071,A
2026-03-08,La Liga,Valencia,Alaves,H,1.5419247832483012,0.974251505509458,0.5050223638055353,0.25603050867990307,0.2389471275145616,H
2026-03-08,Ligue 1,Lens,Metz,H,2.7045419291936765,0.621978868780847,0.811473690124373,0.12704595264847854,0.06148035722714853,H
2026-03-08,Serie A,Fiorentina,Parma,D,1.5439787186890837,1.0525628509299167,0.48666289823762554,0.2547138755833835,0.258623226178991,H
2026-03-08,Serie A,Bologna,Verona,A,1.9315360644081958,0.765477436163128,0.6488795775289872,0.2105567346112213,0.14056368785979154,H
2026-03-08,Serie A,Milan,Inter,H,1.2660061610762767,1.709216379705545,0.2840697960046089,0.23770012476221522,0.4782300792331759,A
2026-03-08,La Liga,Getafe,Betis,H,1.1024850920064988,1.3566515339768195,0.3041864444241082,0.2699625584013118,0.4258509971745799,A
2026-03-08,Ligue 1,Nice,Rennes,A,1.3631501595513298,1.2820449491441719,0.38834235624424673,0.2610224817879962,0.35063516196775707,H
2026-03-08,Bundesliga,Union Berlin,Werder Bremen,A,1.572731246220021,1.1683003010431317,0.4669788061929223,0.24995804452768974,0.2830631492793879,H
2026-03-08,Ligue 1,Lyon,Paris FC,D,1.9196887160095628,0.837288432034962,0.6282915237578246,0.21463406461146475,0.15707441163071054,H
2026-03-09,Serie A,Lazio,Sassuolo,H,1.6369474210509303,1.087313216190441,0.501695496866452,0.24579784133067528,0.25250666180287273,H
2026-03-09,La Liga,Espanol,Oviedo,D,1.704135658929734,1.0175254971610466,0.5346910284888732,0.2398703420089184,0.2254386295022084,H
2026-03-13,La Liga,Alaves,Villarreal,D,1.028057242063832,1.639314346804338,0.23756915100625184,0.24603000799936556,0.5164008409943827,A
2026-03-13,Bundesliga,M'gladbach,St Pauli,H,1.54455847864367,1.1145900551475048,0.4722425858350567,0.2534678272240067,0.27428958694093664,H
2026-03-13,Serie A,Torino,Parma,H,1.4077383265156753,1.1306855126830486,0.4331032325662539,0.2645401271971848,0.3023566402365613,H
2026-03-13,Ligue 1,Marseille,Auxerre,H,2.0013512393153587,0.8315478717194932,0.6468862454676932,0.20588448775850743,0.14722926677379936,H
2026-03-14,La Liga,Ath Madrid,Getafe,H,2.009362918622297,0.813078050894233,0.6530970815249068,0.20427395410785826,0.14262896436723502,H
2026-03-14,Ligue 1,Angers,Nice,A,1.1953240176155637,1.201946051386674,0.35998970577864997,0.2768066550837987,0.3632036391375513,A
2026-03-14,La Liga,Real Madrid,Elche,H,2.864569112185617,0.6125196517352984,0.8326214085123645,0.11409468153113546,0.053283909956499974,H
2026-03-14,Bundesliga,Dortmund,Augsburg,H,2.521971152010128,0.8805315031508906,0.7301717869099207,0.15993283480688708,0.10989537828319214,H
2026-03-14,Premier League,West Ham,Man City,D,0.935032467600266,1.9850422945587498,0.1705913727753998,0.21125329444293237,0.6181553327816679,A
2026-03-14,Ligue 1,Lorient,Lens,H,1.1613068107292017,1.8323783745667308,0.24045467441159488,0.2287925062711462,0.5307528193172589,A
2026-03-14,Serie A,Udinese,Juventus,A,1.1525244172575968,1.8573367725310275,0.23483533011564256,0.22669703349624795,0.5384676363881095,A
2026-03-14,Serie A,Inter,Atalanta,D,2.1425872338485497,0.9943883632397168,0.6362684636259773,0.1985368626983177,0.16519467367570506,H
2026-03-14,Premier League,Chelsea,Newcastle,A,1.9057515557063907,1.1487531377932818,0.5502175711899442,0.22264760520692192,0.22713482360313395,H
2026-03-14,Serie A,Napoli,Lecce,H,2.4803997379223794,0.7529340579405247,0.7517678490268835,0.15547532695409177,0.0927568240190246,H
2026-03-14,Ligue 1,Monaco,Brest,H,1.6619257843449424,1.0610562125986427,0.5140343540837706,0.24374266285827595,0.24222298305795345,H
2026-03-14,Bundesliga,Ein Frankfurt,Heidenheim,H,2.361122027556246,0.8306637682871976,0.714744523526951,0.17099056791933553,0.11426490855371353,H
2026-03-14,La Liga,Oviedo,Valencia,H,1.2381314236520147,1.28538900409921,0.3545471481407926,0.268474794670298,0.3769780571889094,A
2026-03-14,La Liga,Girona,Ath Bilbao,H,1.319774807883571,1.2950361406490034,0.3742729318573885,0.26301677864398537,0.3627102894986261,H
2026-03-14,Bundesliga,Hamburg,FC Koln,D,1.670948311799313,1.1542108437621543,0.49438214868234853,0.24216493488541688,0.2634529164322346,H
2026-03-14,Premier League,Arsenal,Everton,H,2.2546025219523633,0.8890392106534463,0.6823489330108999,0.18384704538820001,0.13380402160090007,H
2026-03-14,Premier League,Burnley,Bournemouth,D,1.045757865374415,1.6199266137232557,0.2448999946525641,0.24773396014307072,0.5073660452043652,A
2026-03-14,Premier League,Sunderland,Brighton,A,1.1309175188080938,1.397111049775152,0.30435756124247576,0.26540765790383225,0.43023478085369193,A
2026-03-14,Bundesliga,Leverkusen,Bayern Munich,D,1.3975052971251416,2.0261324621487122,0.26416094993699635,0.21485378545539344,0.5209852646076102,A
2026-03-14,Bundesliga,Hoffenheim,Wolfsburg,D,2.2588155798339833,0.9882290212919225,0.6601560030387996,0.18799820341738552,0.1518457935438149,H
2026-03-15,La Liga,Mallorca,Espanol,H,1.362781274887802,1.2345789621274321,0.3983161261164828,0.2634235114413853,0.33826036244213176,H
2026-03-15,La Liga,Sociedad,Osasuna,H,1.5648303746657177,1.1221813878281808,0.4756006280243415,0.2515755897588976,0.27282378221676085,H
2026-03-15,Premier League,Man United,Aston Villa,H,1.433884852364089,1.2162796032701182,0.42086838794970854,0.2591751920232124,0.3199564200270791,H
2026-03-15,Premier League,Liverpool,Tottenham,D,2.3841474395271405,0.7939815949064721,0.7270161276670499,0.16671485890042906,0.10626901343252103,H
2026-03-15,La Liga,Barcelona,Sevilla,H,2.8267440223846876,0.6351751762231078,0.823821563139005,0.11864795858633331,0.0575304782746617,H
2026-03-15,Premier League,Nott'm Forest,Fulham,D,1.376299310509963,1.2604915600748672,0.396329211013318,0.26124210481090165,0.34242868417578043,H
2026-03-15,Bundesliga,Werder Bremen,Mainz,A,1.5603564204770732,1.2551636405515534,0.4444287242529295,0.24870116252915345,0.306870113217917,H
2026-03-15,Ligue 1,Strasbourg,Paris FC,D,1.7368627133444978,0.9106857692952364,0.5687335108239676,0.23575589347756798,0.1955105956984644,H
2026-03-15,Ligue 1,Metz,Toulouse,A,1.0099149049484324,1.4101925972672027,0.2697295459524032,0.2684298313999218,0.46184062264767484,A
2026-03-15,Serie A,Lazio,Milan,H,1.1143800884546151,1.536468874746162,0.27559414566214147,0.2541678195134202,0.4702380348244383,A
2026-03-15,Serie A,Verona,Genoa,A,1.1480781479527662,1.421867801851591,0.3043706339036683,0.26273138747425795,0.43289797862207374,A
2026-03-15,Serie A,Sassuolo,Bologna,A,1.2857940140962876,1.3101057249789243,0.36223336164974534,0.2641340842024633,0.37363255414779123,A
2026-03-15,La Liga,Betis,Celta,D,1.556037780984163,1.0854844669825532,0.48194615280810515,0.2530375753837455,0.26501627180814935,H
2026-03-15,Ligue 1,Rennes,Lille,A,1.502479859551563,1.1493884943550476,0.45351473014479743,0.25613556124454906,0.2903497086106534,H
2026-03-15,Serie A,Como,Roma,H,1.4516347768230664,1.440099942835975,0.3785000019634456,0.24815717382647348,0.37334282421008097,H
2026-03-15,Bundesliga,Stuttgart,RB Leipzig,H,1.8302692505072427,1.3632311808484037,0.48504498823008896,0.22800976725319108,0.28694524451671993,H
2026-03-15,Ligue 1,Le Havre,Lyon,D,1.0459392800653644,1.5745322804067496,0.2520483252530954,0.2519707096543352,0.49598096509256934,A
2026-03-15,Bundesliga,Freiburg,Union Berlin,A,1.7828441957309655,1.0824327561323095,0.5377624027187938,0.23279932053772354,0.22943827674348272,H
2026-03-15,Serie A,Pisa,Cagliari,H,1.201250308393888,1.1998810930431996,0.36205943151739356,0.2765452127941116,0.3613953556884948,H
2026-03-15,Premier League,Crystal Palace,Leeds,D,1.7088723046486762,1.035953212469154,0.5313844550197895,0.2394474349521151,0.22916811002809528,H
2026-03-16,Serie A,Cremonese,Fiorentina,A,1.1035780602369334,1.3900639413770577,0.2983631191576219,0.2670633471747145,0.43457353366766355,A
2026-03-16,La Liga,Vallecano,Levante,D,1.7437365651465508,0.863902420791224,0.5821047514874328,0.23426070704822297,0.18363454146434413,H
2026-03-16,Premier League,Brentford,Wolves,D,1.9006219766739658,0.9138712690233194,0.6051663187246045,0.2189837626486864,0.1758499186267091,H
2026-03-20,La Liga,Villarreal,Sociedad,H,1.8374109180584022,0.9946026236761235,0.5713502532620388,0.226909338675724,0.20174040806223714,H
2026-03-20,Serie A,Cagliari,Napoli,A,0.896447062062755,2.0056551379705487,0.16020426828338794,0.20794250096213734,0.6318532307544747,A
2026-03-20,Ligue 1,Lens,Angers,H,2.358485648136019,0.7369054244406656,0.7358474526207505,0.16546441847037238,0.09868812890887713,H
2026-03-20,Bundesliga,RB Leipzig,Hoffenheim,H,1.7776239915905163,1.2600823015537648,0.49564328044456324,0.23274176774384722,0.2716149518115896,H
2026-03-20,Serie A,Genoa,Udinese,A,1.487350709760207,1.1256996721921388,0.45504473841115767,0.2580620387620843,0.2868932228267581,H
2026-03-20,Premier League,Bournemouth,Man United,D,1.2635910513654396,1.3033837113620566,0.3577108480750868,0.2658298450278285,0.37645930689708457,A
2026-03-21,Premier League,Everton,Chelsea,H,1.3321340716202859,1.4562638462584214,0.34538840625618694,0.2528571411205653,0.4017544526232477,A
2026-03-21,Premier League,Leeds,Brentford,D,1.1946863186226708,1.4228010564488411,0.31640132007067245,0.26085819757386564,0.422740482355462,A
2026-03-21,La Liga,Osasuna,Girona,H,1.4383142519658212,1.1532614372390182,0.43603791711183243,0.2612169462302857,0.3027451366578818,H
2026-03-21,La Liga,Sevilla,Valencia,A,1.356132865989756,1.1880515005754109,0.40663221512977743,0.26614440710640047,0.327223377763822,H
2026-03-21,Bundesliga,Wolfsburg,Werder Bremen,A,1.4689635413182063,1.3811002775692975,0.39477847836251156,0.24996853668911753,0.3552529849483709,H
2026-03-21,La Liga,Elche,Mallorca,H,1.3150295124375542,1.1918966312493582,0.3947978530149404,0.26898418953897735,0.33621795744608224,H
2026-03-21,Serie A,Milan,Torino,H,1.986395485930351,0.8787229820641772,0.6321690494204597,0.2092301651213341,0.1586007854582061,H
2026-03-21,Bundesliga,Bayern Munich,Union Berlin,H,3.2205469660425714,0.711679928107047,0.852292703752729,0.09790155012141567,0.04980574612585525,H
2026-03-21,Bundesliga,Dortmund,Hamburg,H,2.7323464055086077,0.7905460766043978,0.7805183386394924,0.13719060001340094,0.08229106134710666,H
2026-03-21,Serie A,Parma,Cremonese,A,1.5901124757311256,0.9437406173208096,0.5247602233013522,0.2513000451845125,0.22393973151413524,H
2026-03-21,La Liga,Espanol,Getafe,A,1.4567994512930234,1.1102760875339017,0.4506606895588843,0.2611146001748334,0.28822471026628244,H
2026-03-21,Ligue 1,Nice,Paris SG,A,0.9409320485587667,2.149171424371652,0.15395243278112145,0.19590537233777103,0.6501421948811076,A
2026-03-21,Bundesliga,FC Koln,M'gladbach,D,1.4432823358086442,1.296378486205211,0.4059991154974949,0.25521323752236297,0.3387876469801422,H
2026-03-21,Premier League,Fulham,Burnley,H,1.8768211626436313,0.890180487452262,0.6057862194795199,0.22076474648888594,0.17344903403159403,H
2026-03-21,Ligue 1,Auxerre,Brest,H,1.1081874386280055,1.4040797875293467,0.297054969300348,0.265691624470783,0.43725340622886905,A
2026-03-21,Premier League,Brighton,Liverpool,H,1.2254421496316492,1.4604423167504026,0.3174038529731827,0.2568859676027166,0.42571017942410083,A
2026-03-21,Bundesliga,Heidenheim,Leverkusen,D,0.9268804354392137,2.196740286274988,0.14642040240236445,0.19092899200148344,0.6626506055961522,A
2026-03-21,Ligue 1,Toulouse,Lorient,H,1.430222625235427,1.2654937435725726,0.40924407168924526,0.25739897066784084,0.33335695764291395,H
2026-03-21,Serie A,Juventus,Sassuolo,D,2.2029067823176933,0.8936479354870024,0.6716367003958968,0.18885374645974343,0.13950955314435975,H
2026-03-21,La Liga,Levante,Oviedo,H,1.3585212272078675,1.0628754114045063,0.43544137564304713,0.2714368316367876,0.2931217927201652,H
2026-03-22,Ligue 1,Nantes,Strasbourg,A,1.005597661677663,1.5299104963129313,0.2488682533979863,0.2568125060080737,0.49431924059394006,A
2026-03-22,Premier League,Newcastle,Sunderland,A,1.8785352822550538,0.8967498086976764,0.6045363008915091,0.22076654689190853,0.17469715221658244,H
2026-03-22,Ligue 1,Marseille,Lille,A,1.4990975226752044,1.1122868911940524,0.4611633625535362,0.25742911440231225,0.28140752304415156,H
2026-03-22,Bundesliga,Augsburg,Stuttgart,A,1.2722908267153712,1.740114349206504,0.2804976467102898,0.23536240439687978,0.48413994889283035,A
2026-03-22,La Liga,Ath Bilbao,Betis,H,1.3302541602686622,1.2126828488632906,0.39439456013289487,0.2668030041838965,0.33880243568320856,H
2026-03-22,Serie A,Fiorentina,Inter,D,0.9566628526742358,1.9390267044127643,0.18059446658745573,0.21633213728580233,0.6030733961267419,A
2026-03-22,Serie A,Bologna,Lazio,A,1.3547315144848675,1.1278699076207859,0.41959738529450136,0.26901822207812603,0.31138439262737266,H
2026-03-22,Ligue 1,Rennes,Metz,D,2.462221352297114,0.7088789094493905,0.7587855066060024,0.15407742453093257,0.08713706886306494,H
2026-03-22,Ligue 1,Lyon,Monaco,A,1.4449283957871477,1.3377759366257673,0.3977060433684971,0.25329651380912915,0.3489974428223737,H
2026-03-22,La Liga,Celta,Alaves,A,1.81539125363861,0.9259927196358453,0.583132981802532,0.22789677690065158,0.18897024129681625,H
2026-03-22,Serie A,Roma,Lecce,H,2.294945176158539,0.8420400920925402,0.7005859831172635,0.17768141141994864,0.12173260546278795,H
2026-03-22,La Liga,Barcelona,Vallecano,H,2.759650228414668,0.7144907411159854,0.7996797894481289,0.12970705987391823,0.07061315067795289,H
2026-03-22,Premier League,Aston Villa,West Ham,H,1.812196130069035,0.9451903917971356,0.577669587506965,0.2285721225039674,0.1937582899890677,H
2026-03-22,Serie A,Como,Pisa,H,2.171126890140927,0.7898691323211235,0.6903781353254829,0.18669293232025902,0.12292893235425817,H
2026-03-22,La Liga,Real Madrid,Ath Madrid,H,1.9554249468157756,1.0248871588991109,0.5902261839639391,0.21642075303392766,0.19335306300213329,H
2026-03-22,Serie A,Atalanta,Verona,H,2.38912677575551,0.7220687687704375,0.7442657415264955,0.16163534003424535,0.09409891843925926,H
2026-03-22,Ligue 1,Paris FC,Le Havre,H,1.3793846823818081,1.0153578769782199,0.4522329583105264,0.2712495583592411,0.27651748333023246,H
2026-03-22,Bundesliga,Mainz,Ein Frankfurt,H,1.3865852947377795,1.4351745381341319,0.3632218869801473,0.25159653297176104,0.38518158004809167,A
2026-03-22,Bundesliga,St Pauli,Freiburg,A,1.2531573875328577,1.408362563589614,0.3343335918341565,0.25942246921670026,0.40624393894914324,A
2026-03-22,Premier League,Tottenham,Nott'm Forest,A,1.328331513861736,1.2859592074059105,0.378402065740705,0.26300105217595565,0.3585968820833394,H
2026-04-03,Ligue 1,Paris SG,Toulouse,H,2.568369621682008,0.7348760508595934,0.7690129143232283,0.14664668593892147,0.08434039973785021,H
2026-04-03,La Liga,Vallecano,Elche,H,1.6988098140865269,0.9422807880330307,0.5518240860217145,0.2400449003106923,0.20813101366759315,H
2026-04-04,Bundesliga,Leverkusen,Wolfsburg,H,2.6509668428445123,0.7944615575820088,0.7682741717808567,0.1438978912018568,0.08782793701728644,H
2026-04-04,La Liga,Betis,Espanol,D,1.820735169502986,0.9532049209355864,0.5776496257891623,0.227859055853819,0.19449131835701863,H
2026-04-04,Bundesliga,M'gladbach,Heidenheim,D,1.9897451876281522,1.061964456349929,0.5888361345308525,0.21412664613435395,0.19703721933479368,H
2026-04-04,Bundesliga,Hoffenheim,Mainz,A,1.661413241089617,1.265333975719457,0.46693347782855377,0.24118282190479703,0.2918837002666492,H
2026-04-04,Ligue 1,Strasbourg,Nice,H,1.6753498971899339,0.9979631781988093,0.5324915288536352,0.24262531835884382,0.22488315278752097,H
2026-04-04,Ligue 1,Lille,Lens,H,1.4338242705500643,1.3602901961428864,0.3902280286297481,0.25291839232577895,0.35685357904447296,H
2026-04-04,La Liga,Mallorca,Real Madrid,H,0.8456018273739988,2.171248061108797,0.1334038371365876,0.18955381177061117,0.6770423510928013,A
2026-04-04,Serie A,Lazio,Parma,D,1.7684458526045892,0.8479448805538902,0.5918972562871797,0.23123256453188487,0.17687017918093542,H
2026-04-04,Bundesliga,Hamburg,Augsburg,D,1.5208124005588453,1.325613013757143,0.4193326619999525,0.249087883978239,0.33157945402180844,H
2026-04-04,Bundesliga,Werder Bremen,RB Leipzig,A,1.2866726455163302,1.683613090738338,0.29326436818615326,0.23918800346647784,0.4675476283473689,A
2026-04-04,Serie A,Verona,Fiorentina,A,1.0289317112164122,1.531373232804556,0.2546209061704996,0.25629880161374996,0.48908029221575045,A
2026-04-04,Ligue 1,Brest,Rennes,A,1.3196186354674544,1.253217229840243,0.38294374712335966,0.2653629140361198,0.35169333884052056,H
2026-04-04,Bundesliga,Freiburg,Bayern Munich,A,1.050748317116177,2.4157053898334504,0.14782261473513494,0.17748221969647868,0.6746951655683864,A
2026-04-04,Serie A,Sassuolo,Cagliari,H,1.5755404554373225,1.0237718114980903,0.5015477178655752,0.2521503235463665,0.24630195858805823,H
2026-04-04,La Liga,Sociedad,Levante,H,1.8354917765866332,0.9733315824740849,0.5760830600625096,0.22675168227189801,0.1971652576655924,H
2026-04-04,La Liga,Ath Madrid,Barcelona,A,1.3076778433155851,1.6573218046801113,0.3027818969145129,0.24058523474253607,0.456632868342951,A
2026-04-04,Bundesliga,Stuttgart,Dortmund,A,1.7183689935857225,1.580223471831976,0.41421210403410075,0.2297514144972061,0.3560364814686931,H
2026-04-05,La Liga,Alaves,Osasuna,D,1.3945661745166802,1.2432746127469798,0.404779685225841,0.2608160086210425,0.3344043061531164,H
2026-04-05,Bundesliga,Ein Frankfurt,FC Koln,D,2.01698272337173,0.9824263551383052,0.6134723539651492,0.2096443040300249,0.1768833420048259,H
2026-04-05,Ligue 1,Le Havre,Auxerre,D,1.3368239478558381,1.1258072404437787,0.415228716427217,0.27057945285593876,0.3141918307168443,H
2026-04-05,La Liga,Oviedo,Sevilla,H,1.3559613909762518,1.126335051427658,0.4202731834283147,0.26898516883925633,0.310741647732429,H
2026-04-05,Ligue 1,Angers,Lyon,D,1.0070298254062997,1.6197610808950194,0.2353250317892451,0.24802339503448864,0.5166515731762663,A
2026-04-05,La Liga,Getafe,Ath Bilbao,H,1.2500884689201657,1.1675698854980694,0.3823791010124695,0.2751337304327738,0.3424871685547566,H
2026-04-05,Serie A,Pisa,Torino,A,1.195154564039092,1.4693951548240392,0.30798134818306144,0.2573101654997082,0.4347084863172303,A
2026-04-05,Ligue 1,Lorient,Paris FC,D,1.5047933158085467,1.1130188544640338,0.46245889162803155,0.25692114972213126,0.2806199586498372,H
2026-04-05,Bundesliga,Union Berlin,St Pauli,D,1.5608327761602023,1.0597120966214721,0.4892440866747056,0.2530403298065371,0.25771558351875723,H
2026-04-05,Ligue 1,Metz,Nantes,D,1.2575265361809793,1.2167376649765989,0.3739510883546137,0.2716249172824104,0.35442399436297595,H
2026-04-05,Serie A,Inter,Roma,H,1.8855223555863603,1.0481579671565848,0.5693175690592047,0.22322737719116933,0.20745505374962603,H
2026-04-05,Serie A,Cremonese,Bologna,A,1.0676935753512606,1.4611191145654596,0.27633787210036487,0.26197999687266105,0.4616821310269742,A
2026-04-05,La Liga,Valencia,Celta,A,1.4003972349589207,1.2145687020491664,0.4125214858991906,0.2616845844030819,0.3257939296977275,H
2026-04-05,Ligue 1,Monaco,Marseille,H,1.6329798614419893,1.116318159402952,0.4939139748252512,0.24582206117921584,0.2602639639955329,H
2026-04-06,Serie A,Juventus,Genoa,H,2.0705949057366873,0.8927115557239595,0.646049822583841,0.20142439238661788,0.15252578502954098,H
2026-04-06,Serie A,Napoli,Milan,H,1.5328785378917136,1.1993630631394172,0.44994434832915825,0.2523191948430278,0.297736456827814,H
2026-04-06,Serie A,Lecce,Atalanta,A,0.9573467617705096,1.8180507131530472,0.19578132918031976,0.22819661771283603,0.5760220531068442,A
2026-04-06,Serie A,Udinese,Como,D,1.1807848003926174,1.6464172193839113,0.27387419991680845,0.24380504297296074,0.4823207571102307,A
2026-04-06,La Liga,Girona,Villarreal,H,1.168949150514271,1.518968570381376,0.29246635763290074,0.2542563456824574,0.45327729668464184,A
2026-04-10,La Liga,Real Madrid,Girona,D,2.376997402237711,0.7606597050188583,0.7334480396925019,0.16528083566195234,0.10127112464554575,H
2026-04-10,Serie A,Roma,Pisa,H,2.3525495653445527,0.7684952957154824,0.7275738621543943,0.16803291264962575,0.1043932251959799,H
2026-04-10,Ligue 1,Marseille,Metz,H,2.3077509945450707,0.6787870358050851,0.7409552218479895,0.16642018634904865,0.09262459180296191,H
2026-04-10,Bundesliga,Augsburg,Hoffenheim,D,1.465079579669973,1.3981584076650126,0.3903132006244597,0.2494205845075908,0.3602662148679496,H
2026-04-10,Ligue 1,Paris FC,Monaco,H,1.0847039100856541,1.5684855029908829,0.26278699377149456,0.2519404983893834,0.4852725078391221,A
2026-04-10,Premier League,West Ham,Wolves,H,1.4891863063939836,1.119054067738683,0.4570469245567074,0.25809332133975504,0.28485975410353753,H
2026-04-11,Bundesliga,Dortmund,Leverkusen,A,1.9350594797243243,1.3985254096443576,0.5009267657156977,0.22082828038008928,0.2782449539042129,H
2026-04-11,La Liga,Elche,Valencia,H,1.2420379893195206,1.3120903490173939,0.35022472986350534,0.26647765436332554,0.383297615773169,A
2026-04-11,Serie A,Torino,Verona,H,1.88669505478433,0.881565246680971,0.6100981765244757,0.21950306958692806,0.17039875388859618,H
2026-04-11,Bundesliga,Heidenheim,Union Berlin,H,1.37742043337891,1.3837733825958876,0.3711256737808984,0.2548494996466263,0.3740248265724753,A
2026-04-11,Premier League,Liverpool,Fulham,H,1.902553177052895,1.0227777252769712,0.5791605977830557,0.22124739184959344,0.1995920103673508,H
2026-04-11,Ligue 1,Auxerre,Nantes,D,1.541298366992686,0.9703615700644995,0.5058143470374106,0.25613794595239175,0.2380477070101978,H
2026-04-11,Ligue 1,Rennes,Angers,H,1.989504165862898,0.8080561089488888,0.6502683880715217,0.20613561115007561,0.14359600077840273,H
2026-04-11,Serie A,Cagliari,Cremonese,H,1.4786571661324608,1.1122666244674042,0.4558882065976665,0.2591828764341281,0.2849289169682054,H
2026-04-11,Bundesliga,RB Leipzig,M'gladbach,H,2.2696730971402164,0.9610191899048486,0.6684484094456146,0.1858679748663948,0.14568361568799068,H
2026-04-11,Bundesliga,St Pauli,Bayern Munich,A,0.7906988171401522,2.8417279280018537,0.07605607719996431,0.12891778529440814,0.7950261375056277,A
2026-04-11,La Liga,Sociedad,Alaves,D,1.7821102570496838,1.017774569955359,0.5530447101215359,0.2324566984193387,0.2144985914591255,H
2026-04-11,Premier League,Brentford,Everton,D,1.4675688475302184,1.2448866960868477,0.4232826064648106,0.2556459266398742,0.3210714668953152,H
2026-04-11,Premier League,Burnley,Brighton,A,0.9792725434421972,1.718536862923123,0.21424868440780134,0.2383135701273092,0.5474377454648894,A
2026-04-11,Serie A,Milan,Udinese,A,1.9370944804714831,0.8869828905940208,0.6196934826757162,0.21449986701069387,0.1658066503135899,H
2026-04-11,La Liga,Sevilla,Ath Madrid,H,0.9954067524811979,1.746191410438419,0.21422795164417577,0.23571578187675182,0.5500562664790724,A
2026-04-11,Bundesliga,Wolfsburg,Ein Frankfurt,A,1.185266018563379,1.663552662664088,0.272167624988415,0.24236917960106563,0.48546319541051924,A
2026-04-11,Serie A,Atalanta,Juventus,A,1.4762605952669003,1.3895684383721474,0.39485905237639135,0.24918549251980637,0.35595545510380233,H
2026-04-11,La Liga,Barcelona,Espanol,H,2.9263249137742218,0.6314143542543591,0.8359718485085026,0.11113997534903093,0.05288817614246645,H
2026-04-11,Premier League,Arsenal,Bournemouth,A,2.246186877456757,0.8213709330254171,0.6966775442391762,0.1811189208254241,0.12220353493539973,H
2026-04-12,Premier League,Nott'm Forest,Aston Villa,D,1.2623735432400491,1.4292728555183376,0.33273380034539934,0.25759670982635446,0.4096694898282462,A
2026-04-12,La Liga,Mallorca,Vallecano,H,1.3258335654780902,1.1772263936066747,0.40089134488597417,0.26894246377166175,0.3301661913423641,H
2026-04-12,Bundesliga,Stuttgart,Hamburg,H,2.3740733935860234,0.9100511104194777,0.6988956693646765,0.17421839746915196,0.1268859331661715,H
2026-04-12,Premier League,Sunderland,Tottenham,H,1.5273332348663928,1.0722934040223837,0.4777452798527499,0.25586970895346606,0.26638501119378405,H
2026-04-12,Ligue 1,Lyon,Lorient,H,1.6809467258424655,0.9837222646653089,0.5373211317087241,0.2420528383945624,0.22062602989671343,H
2026-04-12,Ligue 1,Nice,Le Havre,D,1.4992756760615098,1.0365251235473232,0.47899286755046216,0.2592025479270484,0.2618045845224894,H
2026-04-12,Premier League,Chelsea,Man City,A,1.2314607241240492,1.6271643798113218,0.2894524641494264,0.24438299019353035,0.46616454565704335,A
2026-04-12,Ligue 1,Toulouse,Lille,A,1.1266717286090626,1.541544580001449,0.27785862898731656,0.2534598883877345,0.4686814826249489,A
2026-04-12,La Liga,Ath Bilbao,Villarreal,A,1.194327859246338,1.374788558207118,0.3253271129511796,0.2644647251251093,0.4102081619237111,A
2026-04-12,La Liga,Celta,Oviedo,A,1.9092780583321662,0.8846917327203522,0.6142546195687607,0.21726882995877522,0.16847655047246407,H
2026-04-12,La Liga,Osasuna,Betis,D,1.339754180125251,1.2215851743020483,0.39501183048657185,0.2656758079921318,0.3393123615212964,H
2026-04-12,Bundesliga,FC Koln,Werder Bremen,H,1.4701044138586739,1.372024820429686,0.39693509979626773,0.25030235418506336,0.3527625460186688,H
2026-04-12,Serie A,Bologna,Lecce,H,1.8058850021913528,0.8698496836297556,0.5949588716223002,0.22768597012001204,0.17735515825768783,H
2026-04-12,Premier League,Crystal Palace,Newcastle,H,1.4473104219063955,1.2787418002947835,0.4107881617561636,0.2556946223219331,0.3335172159219032,H
2026-04-12,Serie A,Genoa,Sassuolo,H,1.3554677270454196,1.178669912912118,0.40851101213963886,0.26663755416311197,0.32485143369724906,H
2026-04-12,Bundesliga,Mainz,Freiburg,A,1.6899583029582528,1.2407427842717995,0.47927742152655184,0.23950889733569705,0.28121368113775114,H
2026-04-12,Serie A,Como,Inter,A,1.2493058265939898,1.7243090360867677,0.27763901745774183,0.2368216105301614,0.4855393720120967,A
2026-04-12,Serie A,Parma,Napoli,D,0.8792553353750207,1.888550898523291,0.1696770316944695,0.21924394634315875,0.6110790219623718,A
2026-04-13,La Liga,Levante,Getafe,H,1.2714970121263758,1.2027737124870665,0.38069966710392245,0.271496524926986,0.34780380796909155,H
2026-04-13,Premier League,Man United,Leeds,A,1.8927953128493151,0.8721708125300143,0.6137691921116569,0.21859337119104602,0.16763743669729703,H
2026-04-13,Serie A,Fiorentina,Lazio,H,1.3039783452202567,1.2679967830732823,0.37569983725756323,0.26553901104933697,0.35876115169309986,H
2026-04-17,Ligue 1,Lens,Toulouse,H,2.0943901469805706,0.8941882808045295,0.6504598486811012,0.19917743827685794,0.1503627130420409,H
2026-04-17,Serie A,Inter,Cagliari,H,2.9820943034211473,0.6615396018745359,0.8364989065472844,0.10956317764823403,0.05393791580448161,H
2026-04-17,Serie A,Sassuolo,Como,H,1.1531812401089538,1.678937361490194,0.26193344293656173,0.24151465911916659,0.49655189794427157,A
2026-04-17,Bundesliga,St Pauli,FC Koln,D,1.4197377342970734,1.3739160693319792,0.383869910917472,0.25306129141417394,0.3630687976683539,H
2026-04-18,Premier League,Newcastle,Bournemouth,A,1.4487774528954243,1.2304050030314753,0.42162256286624306,0.257539778897552,0.3208376582362049,H
2026-04-18,Bundesliga,Union Berlin,Wolfsburg,A,1.704760247152105,1.1442076562466872,0.5048386062293742,0.23944375309737995,0.25571764067324587,H
2026-04-18,Ligue 1,Lille,Nice,D,2.1553862843128373,0.8320481589345243,0.6772735836660142,0.19042552633874424,0.13230088999524156,H
2026-04-18,Bundesliga,Hoffenheim,Dortmund,H,1.2598623901315353,1.7973735146441854,0.2684475751456683,0.2312779759663878,0.5002744488879439,A
2026-04-18,Bundesliga,Leverkusen,Augsburg,A,2.769020932393532,0.9047844997740858,0.7622550911881475,0.1418218777832471,0.0959230310286055,H
2026-04-18,Serie A,Roma,Atalanta,D,1.5027271235793234,1.3091467283235096,0.4183215035624299,0.25085612655650824,0.33082236988106184,H
2026-04-18,Ligue 1,Angers,Le Havre,D,1.287726436105473,1.1676503591608507,0.3926642307521099,0.27231457457688374,0.3350211946710064,H
2026-04-18,Bundesliga,Ein Frankfurt,RB Leipzig,A,1.3863249874494108,1.4755763464900993,0.3552791502371886,0.24936596794931692,0.39535488181349454,A
2026-04-18,Bundesliga,Werder Bremen,Hamburg,H,1.7113644714868754,1.1321955806180866,0.5092098831660306,0.2389685731815133,0.25182154365245607,H
2026-04-18,Premier League,Tottenham,Brighton,D,1.0567774922871882,1.5679382782301414,0.25583256339503574,0.25243071701155834,0.4917367195934059,A
2026-04-18,Ligue 1,Lorient,Marseille,H,1.110720478688343,1.470254155043511,0.2859884214218244,0.2599479204910287,0.45406365808714694,A
2026-04-18,Premier League,Leeds,Wolves,H,1.501314032677769,0.994823639708489,0.48953912877353095,0.2598100567847222,0.25065081444174686,H
2026-04-18,Premier League,Chelsea,Man United,A,1.519735619143738,1.3109162975642672,0.42219993939548184,0.24968655789121802,0.3281135027133002,H
2026-04-18,Serie A,Napoli,Lazio,A,1.7789409833883267,0.9436512943890351,0.570392533528055,0.23189526705878538,0.19771219941315965,H
2026-04-18,Premier League,Brentford,Fulham,D,1.6077778109551588,1.106144111464383,0.49006730767884754,0.2481425223761759,0.2617901699449766,H
2026-04-18,Serie A,Udinese,Parma,A,1.5995756648966595,0.9987760365157071,0.5136283271764848,0.2500492816646758,0.23632239115883938,H
2026-04-19,Premier League,Man City,Arsenal,H,1.5672981159207735,1.3364566706901402,0.428523276240335,0.2457536993786336,0.3257230243810314,H
2026-04-19,Ligue 1,Nantes,Brest,D,1.0736679774572175,1.4132647852534717,0.2862363732703596,0.2661118661103935,0.4476517606192469,A
2026-04-19,Ligue 1,Strasbourg,Rennes,A,1.4762041367983179,1.248230892760763,0.4247579069984701,0.2549113426439845,0.3203307503575454,H
2026-04-19,Ligue 1,Metz,Paris FC,A,1.0391694335828596,1.5922241496117768,0.2475627162193533,0.2503938596997053,0.5020434240809415,A
2026-04-19,Premier League,Aston Villa,Sunderland,H,1.8340768154861253,0.9103192157059659,0.591250471011547,0.2256612851932812,0.18308824379517175,H
2026-04-19,Bundesliga,M'gladbach,Mainz,D,1.4620843383618383,1.413240891622528,0.3865001304715204,0.24889081803111293,0.36460905149736655,H
2026-04-19,Premier League,Everton,Liverpool,A,1.3794786419556762,1.5496860626622044,0.33953042633608166,0.2453611104201302,0.41510846324378814,A
2026-04-19,Serie A,Juventus,Bologna,H,1.8462088808877375,0.9406608052476606,0.5864977808254572,0.2250813306386115,0.18842088853593128,H
2026-04-19,Ligue 1,Monaco,Auxerre,D,2.0304612051332613,0.8188682486092572,0.6559560591112911,0.20234277976452475,0.14170116112418424,H
2026-04-19,Serie A,Pisa,Genoa,A,1.121358542886247,1.4207190240919383,0.29754402984277456,0.26380406993726435,0.438651900219961,A
2026-04-19,Serie A,Cremonese,Torino,D,1.1875638672868867,1.509285151037898,0.2989015947408414,0.2544841565660117,0.446614248693147,A
2026-04-19,Ligue 1,Paris SG,Lyon,A,2.208361007372725,0.8574189811144476,0.6812129150251998,0.18658990543765425,0.1321971795371459,H
2026-04-19,Bundesliga,Bayern Munich,Stuttgart,H,2.845570830123802,1.013058537702879,0.7512897051984883,0.1426543713990857,0.10605592340242602,H
2026-04-19,Serie A,Verona,Milan,A,0.8276872058659991,1.91447972781529,0.15557862173869247,0.21484592879958797,0.6295754494617195,A
2026-04-19,Premier League,Nott'm Forest,Burnley,H,1.976272842956421,0.8536126019399778,0.6362300180145778,0.20933549031311066,0.1544344916723116,H
2026-04-19,Bundesliga,Freiburg,Heidenheim,H,2.1862540700256146,1.000996054046212,0.6433150757685108,0.19488670618112386,0.16179821805036537,H
2026-04-20,Premier League,Crystal Palace,West Ham,D,1.6603694464599756,1.0623940285071707,0.513336288481307,0.2438776472965917,0.24278606422210133,H
2026-04-20,Serie A,Lecce,Fiorentina,D,1.0367804378814474,1.5262395804051683,0.2574633479389578,0.25665003472950165,0.4858866173315404,A
2026-04-21,Premier League,Brighton,Chelsea,H,1.5130051873541153,1.1580033858606877,0.45424352474689217,0.25503847757873477,0.29071799767437295,H
2026-04-21,La Liga,Girona,Betis,A,1.2992073991111246,1.1627811384335134,0.39684782782504835,0.2717083370193301,0.3314438351556214,H
2026-04-21,La Liga,Real Madrid,Alaves,H,2.7197400112874903,0.784279588991013,0.7800762881607427,0.13774504479642397,0.0821786670428333,H
2026-04-21,La Liga,Ath Bilbao,Osasuna,H,1.4265771738282835,1.128662643355542,0.4385320499047618,0.2630538369322226,0.2984141131630156,H
2026-04-21,La Liga,Mallorca,Valencia,D,1.512166861076174,1.1239991863093726,0.4618146388629195,0.2560116951551557,0.2821736659819248,H
2026-04-22,La Liga,Barcelona,Celta,H,2.738326642199184,0.7410950260026008,0.7914624649756798,0.1332775453360739,0.07525998968824626,H
2026-04-22,Premier League,Burnley,Man City,A,0.6962211072864901,2.5626955535838065,0.07905787406719468,0.14438233998468739,0.7765597859481179,A
2026-04-22,La Liga,Sociedad,Getafe,A,1.677448103610003,1.0411618895388768,0.5225632597114179,0.24238549742674434,0.23505124286183765,H
2026-04-22,Premier League,Bournemouth,Leeds,D,1.6428528069705486,0.9785358065009282,0.5292976767812779,0.24583845936821605,0.22486386385050594,H
2026-04-22,Ligue 1,Paris SG,Nantes,H,2.950759745471653,0.5939015587801525,0.8456338504651082,0.10651107220976638,0.04785507732512542,H
2026-04-22,La Liga,Elche,Ath Madrid,H,0.9831722793149148,1.7249742355243953,0.21428000303737837,0.2377034991963429,0.5480164977662787,A
2026-04-23,La Liga,Oviedo,Villarreal,D,1.0517633257139358,1.5827384981807895,0.2522131173878691,0.25113059118955955,0.4966562914225714,A
2026-04-23,La Liga,Levante,Sevilla,H,1.4466411129891574,1.067127512082899,0.4580121594708101,0.26330915536505245,0.2786786851641375,H
2026-04-23,La Liga,Vallecano,Espanol,H,1.447943368822683,1.0099900369273809,0.47188645924029493,0.2647430688224058,0.2633704719372992,H
2026-04-24,Bundesliga,RB Leipzig,Union Berlin,H,2.4120063208847777,0.8302965194323823,0.7234097871784508,0.1664139925302758,0.11017622029127336,H
2026-04-24,Premier League,Sunderland,Nott'm Forest,A,1.3234079032795716,1.3748776027768546,0.3590494226721179,0.2581758950528247,0.3827746822750574,A
2026-04-24,Serie A,Napoli,Cremonese,H,2.3091397874479465,0.6824742685420315,0.7403207174369693,0.16653696457571868,0.09314231798731205,H
2026-04-24,Ligue 1,Brest,Lens,D,1.2476858860865108,1.6279768571802347,0.2932762955159633,0.24398122530904767,0.46274247917498906,A
2026-04-24,La Liga,Betis,Real Madrid,D,1.1368259213452758,1.6820007047228436,0.2575006824986825,0.24141935537862008,0.5010799621226973,A
2026-04-25,Bundesliga,Hamburg,Hoffenheim,A,1.2909619295258368,1.5618657763242754,0.31548347215845274,0.24754005809805843,0.4369764697434888,A
2026-04-25,Premier League,Liverpool,Crystal Palace,H,1.8437492138955258,0.9818061354606007,0.5758904817971053,0.2260931611780123,0.19801635702488238,H
2026-04-25,La Liga,Valencia,Girona,H,1.3673093229563995,1.1604814931416465,0.41568360891685585,0.26656006215028005,0.31775632893286415,H
2026-04-25,Premier League,Arsenal,Newcastle,H,2.0970938298595154,0.8837338264457386,0.6535118728384626,0.19847988357534554,0.14800824358619177,H
2026-04-25,Ligue 1,Toulouse,Monaco,D,1.2125673417517402,1.5879770721189095,0.2914812442852863,0.24776135808882963,0.4607573976258841,A
2026-04-25,La Liga,Alaves,Mallorca,H,1.5508021187260772,1.1873807836783623,0.4571537309912244,0.25124870585316894,0.29159756315560653,H
2026-04-25,Bundesliga,Heidenheim,St Pauli,H,1.586652038909052,1.2127502440816074,0.46038798321070695,0.24785818764224282,0.29175382914705017,H
2026-04-25,Ligue 1,Angers,Paris SG,A,0.7741217292415958,2.523817304916123,0.09309997789692011,0.15311618890063605,0.7537838332024438,A
2026-04-25,Bundesliga,Wolfsburg,M'gladbach,D,1.46624990391295,1.4112425570416067,0.387941851776801,0.24876107776012557,0.36329707046307347,H
2026-04-25,La Liga,Ath Madrid,Ath Bilbao,H,1.7902366245079058,0.9541956983452775,0.5704106526456448,0.23091562093421983,0.19867372642013534,H
2026-04-25,Serie A,Bologna,Roma,A,1.260651432886408,1.4140395648942568,0.3351900657946622,0.2587033347312277,0.4061065994741101,A
2026-04-25,Premier League,West Ham,Everton,H,1.2873369772303507,1.3608275770813107,0.3524752818317554,0.2608975004801705,0.386627217688074,A
2026-04-25,Serie A,Parma,Pisa,H,1.651795021803318,0.946256719892333,0.5394399539702804,0.2449032251821775,0.21565682084754198,H
2026-04-25,Premier League,Wolves,Tottenham,A,1.3938597093694274,1.1930568086826938,0.4155177092490262,0.26309915895811337,0.32138313179286043,H
2026-04-25,Premier League,Fulham,Aston Villa,H,1.2353465165441082,1.4624174552516926,0.3195812413725263,0.25637185886960506,0.4240468997578686,A
2026-04-25,Bundesliga,Mainz,Bayern Munich,A,0.9832692471935828,2.5825212538457514,0.12158698093600494,0.16078920394272234,0.7176238151212727,A
2026-04-25,La Liga,Getafe,Barcelona,A,0.851513298659293,2.081328390260882,0.14319277816655515,0.19863775493154354,0.6581694669019013,A
2026-04-25,Ligue 1,Lyon,Auxerre,H,1.855777907615059,0.8494331306820732,0.6113020096174335,0.22181790514808428,0.16688008523448228,H
2026-04-25,Bundesliga,FC Koln,Leverkusen,A,1.197684000277548,2.0696770737261394,0.21555186538668794,0.20999260396998962,0.5744555306433224,A
2026-04-25,Serie A,Verona,Lecce,D,1.2087755474875437,1.1830944935318026,0.36766327231688956,0.27714921753720445,0.3551875101459061,H
2026-04-25,Bundesliga,Augsburg,Ein Frankfurt,D,1.458397339593004,1.4330196302666698,0.38159567892716273,0.24815523710507173,0.37024908396776557,H
2026-04-26,La Liga,Vallecano,Sociedad,D,1.3143976158887953,1.1917131846937241,0.3946675363130415,0.2690399817080674,0.336292481978891,H
2026-04-26,La Liga,Oviedo,Elche,A,1.5231891194680867,1.0074372127821631,0.4921467201833437,0.257441701739023,0.25041157807763337,H
2026-04-26,Bundesliga,Dortmund,Freiburg,H,2.0561963226835887,1.0019961480271258,0.6169783348674978,0.20660896070462687,0.17641270442787546,H
2026-04-26,Serie A,Fiorentina,Sassuolo,D,1.6180830462258904,1.0348573174132005,0.5095213374628539,0.24799666082503832,0.2424820017121077,H
2026-04-26,Serie A,Genoa,Como,A,1.2234139356851266,1.5635872145163463,0.2983956940212091,0.24933615185297953,0.4522681541258114,A
2026-04-26,Ligue 1,Rennes,Nantes,H,2.1451260265003467,0.7711677471345283,0.690022482658618,0.18828301804812114,0.12169449929326087,H
2026-04-26,Ligue 1,Lorient,Strasbourg,A,1.2708772657658671,1.249545801511858,0.3706951182260282,0.26874096845551165,0.36056391331846016,H
2026-04-26,Ligue 1,Le Havre,Metz,D,1.7319688542427703,0.8993111066915774,0.5704233232187785,0.2361112028105483,0.19346547397067315,H
2026-04-26,La Liga,Villarreal,Celta,H,1.8813718794791763,0.9336584650064845,0.596066526536658,0.2214161560421512,0.18251731742119082,H
2026-04-26,Serie A,Milan,Juventus,D,1.334716220106397,1.2908843169012632,0.3790567354979733,0.2623351876126153,0.35860807688941154,H
2026-04-26,Bundesliga,Stuttgart,Werder Bremen,D,2.2723512686502443,0.9724324870966604,0.6663198694658455,0.18613593583909155,0.14754419469506283,H
2026-04-26,Serie A,Torino,Inter,D,0.9622992732734886,2.3087373970699074,0.14215414965858084,0.18249777225960187,0.6753480780818173,A
2026-04-26,Ligue 1,Paris FC,Lille,A,1.2376596341569746,1.562469008903619,0.3021412906097366,0.249036858953658,0.4488218504366055,A
2026-04-26,La Liga,Osasuna,Sevilla,H,1.6386952050026038,0.9320447486758775,0.5397497823149013,0.24622781771899574,0.21402239996610298,H
2026-04-26,Ligue 1,Marseille,Nice,D,1.7436397558665515,0.9475751973628117,0.5611744639271703,0.2355201775692785,0.20330535850355122,H
2026-04-27,Serie A,Cagliari,Atalanta,H,0.9333239222299571,1.7744517641740543,0.19590151762404237,0.23219655830509733,0.5719019240708604,A
2026-04-27,La Liga,Espanol,Levante,D,1.3615022331635152,1.1206078786851792,0.4230531416760878,0.26877718356097613,0.308169674762936,H
2026-04-27,Premier League,Man United,Brentford,H,1.6290604656748717,1.1102661589109286,0.49436381479160163,0.2462360892719896,0.25940009593640884,H
2026-04-27,Serie A,Lazio,Udinese,D,1.6258225065249465,0.9727818720835819,0.5265068973517766,0.2475565656463479,0.22593653700187555,H
2026-05-01,Serie A,Pisa,Lecce,A,1.21361375187211,1.1740686034459091,0.370913725876423,0.2773971191829422,0.3516891549406348,H
2026-05-01,La Liga,Girona,Mallorca,A,1.488518792048058,1.0876295525661641,0.46415791096639153,0.2589924210739298,0.2768496679596787,H
2026-05-01,Premier League,Leeds,Burnley,H,1.8955147469723677,0.8112502112025133,0.6296195409314268,0.21629432758107428,0.15408613148749895,H
2026-05-02,Premier League,Brentford,West Ham,H,1.5758590010091877,1.0978948338998318,0.4840313209064338,0.2510652531389704,0.2649034259545959,H
2026-05-02,Bundesliga,Ein Frankfurt,Hamburg,A,2.1236228203078134,0.9641738721436438,0.6396055697481497,0.19916003190735998,0.16123439834449027,H
2026-05-02,Ligue 1,Metz,Monaco,A,0.9284444815277626,1.9583700978747771,0.17225373304338573,0.2136566127961769,0.6140896541604374,A
2026-05-02,La Liga,Valencia,Ath Madrid,A,1.2140260452033589,1.5486217135233793,0.2986645633839801,0.25071359470550447,0.4506218419105154,A
2026-05-02,Serie A,Como,Napoli,D,1.385388893425083,1.4656396726142882,0.3569689003212002,0.24996476188746397,0.3930663377913358,A
2026-05-02,Ligue 1,Nice,Lens,D,1.1684607133286153,1.6602865581032287,0.2686196784706649,0.24286349335695198,0.48851682817238307,A
2026-05-02,Ligue 1,Paris SG,Lorient,D,2.8076271245222055,0.7081160878194014,0.807078922982331,0.12558180991263976,0.0673392671050292,H
2026-05-02,Premier League,Arsenal,Fulham,H,2.012829613844001,0.8306946967053044,0.6494528926457467,0.2046660872765426,0.1458810200777107,H
2026-05-02,Ligue 1,Nantes,Marseille,H,0.9327114065601447,1.694381768125984,0.2064389273271525,0.2404274483720513,0.5531336243007963,A
2026-05-02,Premier League,Wolves,Sunderland,D,1.304550629870432,1.2689264337948654,0.375658398234269,0.2654494069812194,0.35889219478451156,H
2026-05-02,La Liga,Villarreal,Levante,H,2.0648894907428694,0.7771655367777169,0.6731082841185084,0.19682241683337381,0.13006929904811787,H
2026-05-02,Bundesliga,Hoffenheim,Stuttgart,D,1.50965825161691,1.5968849103420784,0.3621265074299705,0.2379896781753053,0.3998838143947242,A
2026-05-02,La Liga,Osasuna,Barcelona,A,0.8806976887892987,1.958202837669391,0.16210643819783435,0.21214920962890768,0.625744352173258,A
2026-05-02,La Liga,Alaves,Ath Bilbao,A,1.4603248878718562,1.267144469282177,0.4166054423234988,0.25528914608565423,0.328105411590847,H
2026-05-02,Bundesliga,Bayern Munich,Heidenheim,D,4.382917432133625,0.6548362320309203,0.9379983154053337,0.04383521050414892,0.018166474090517314,H
2026-05-02,Bundesliga,Leverkusen,RB Leipzig,H,1.8983471659666082,1.4075103939924132,0.49084564431677064,0.22313672223343042,0.2860176334497989,H
2026-05-02,Bundesliga,Union Berlin,FC Koln,D,1.568801474562176,1.3417436069347415,0.42776532314795906,0.24548680151051683,0.32674787534152416,H
2026-05-02,Serie A,Atalanta,Genoa,D,1.8960606285090593,0.8909432589151813,0.6098255796284845,0.21880838858427698,0.17136603178723858,H
2026-05-02,Serie A,Udinese,Torino,H,1.4873459821059667,1.1663747442925005,0.4457785177071317,0.2568549451969782,0.29736653709589006,H
2026-05-02,Bundesliga,Werder Bremen,Augsburg,A,1.5848442740645963,1.283496304240311,0.44427478801998926,0.24617888050069317,0.30954633147931765,H
2026-05-02,Premier League,Newcastle,Brighton,H,1.2895379616073535,1.3978719458787496,0.3457771724494053,0.25843870926222157,0.39578411828837307,A
2026-05-03,Serie A,Sassuolo,Milan,H,1.0738497931339064,1.5392200284915736,0.26482253825024754,0.25476397696086617,0.48041348478888635,A
2026-05-03,Bundesliga,St Pauli,Mainz,A,1.240398337216735,1.5613039730178468,0.3030281392244052,0.2490470288374617,0.44792483193813315,A
2026-05-03,Premier League,Bournemouth,Crystal Palace,H,1.6165937925444167,1.0993177800490972,0.4938513276420317,0.24746294077436173,0.2586857315836065,H
2026-05-03,Bundesliga,M'gladbach,Dortmund,H,1.0928642045141517,2.006394979204231,0.2015377018353152,0.2133077327545078,0.5851545654101771,A
2026-05-03,Bundesliga,Freiburg,Wolfsburg,D,1.9823993287527741,0.9878732209573523,0.6048609129928204,0.21302827993920329,0.18211080706797633,H
2026-05-03,Premier League,Man United,Liverpool,H,1.4069585296209288,1.426210302644037,0.37011543869981917,0.25108322008956074,0.3788013412106201,A
2026-05-03,Ligue 1,Auxerre,Angers,H,1.5941816168427767,1.0092029878442843,0.5097491967511852,0.25049621916778314,0.23975458408103154,H
2026-05-03,Ligue 1,Lyon,Rennes,H,1.5916482600952409,1.1666438195402393,0.47207120831296684,0.24846463662942328,0.2794641550576098,H
2026-05-03,Ligue 1,Strasbourg,Toulouse,A,1.817761109279372,0.9934864348779633,0.5671439220482665,0.22877905597607515,0.20407702197565836,H
2026-05-03,La Liga,Celta,Elche,H,1.6698781889938867,1.0018194688266078,0.5302247477799883,0.2431600101242215,0.2266152420957901,H
2026-05-03,Ligue 1,Paris FC,Brest,H,1.5810291623720651,1.23052468781641,0.4550189824285659,0.24785167601349362,0.2971293415579405,H
2026-05-03,Serie A,Juventus,Verona,D,2.4218902931130595,0.6122905412379538,0.7744203075092887,0.15070716641782925,0.07487252607288196,H
2026-05-03,La Liga,Betis,Oviedo,H,1.855593490312463,0.8911996109269106,0.6008234339863933,0.2229853826262199,0.17619118338738676,H
2026-05-03,La Liga,Espanol,Real Madrid,A,0.8364993722964394,1.9793559171186883,0.1505346391946979,0.20835935685183404,0.6411060039534681,A
2026-05-03,Premier League,Aston Villa,Tottenham,A,2.041714840608123,0.865333002795148,0.6468496252233146,0.2031683421871187,0.14998203258956663,H
2026-05-03,Serie A,Bologna,Cagliari,D,1.6530594160388339,0.9600324102530929,0.536347208623761,0.24480306115390377,0.2188497302223353,H
2026-05-03,La Liga,Getafe,Vallecano,A,1.3892447311398919,1.0386191511997342,0.44940890965464414,0.26951065074537295,0.28108043959998286,H
2026-05-03,Serie A,Inter,Parma,H,2.8706641382922884,0.7047830754628136,0.8154883294931579,0.12066510308286703,0.06384656742397511,H
2026-05-03,Ligue 1,Lille,Le Havre,D,2.2428572585981783,0.834053731382986,0.6930858040554956,0.18211805998669364,0.12479613595781079,H
2026-05-04,Premier League,Chelsea,Nott'm Forest,A,1.3970791583445719,1.3371485418192735,0.3856472377920783,0.25616936294042647,0.35818339926749526,H
2026-05-04,La Liga,Sevilla,Sociedad,H,1.211266176572008,1.366338591685222,0.33142139340213617,0.2642958009903402,0.4042828056075237,A
2026-05-04,Serie A,Cremonese,Lazio,A,0.9591563237597424,1.7331309205901362,0.20745998708893734,0.23670061058944103,0.5558394023216217,A
2026-05-04,Serie A,Roma,Fiorentina,H,1.7588199082063403,0.9696547405534192,0.5593105121848979,0.23424135112421202,0.20644813669089002,H
2026-05-04,Premier League,Everton,Man City,D,1.0885999969226756,1.8621354809241955,0.21969470891617343,0.22581898535350542,0.5544863057303212,A
2026-05-08,Ligue 1,Lens,Nantes,H,2.4051319110484175,0.7816118591314134,0.7333011418447422,0.16404657552907748,0.10265228262618044,H
2026-05-08,Bundesliga,Dortmund,Ein Frankfurt,H,2.105528597456928,1.012592654491857,0.6245694636790404,0.20248002417575542,0.17295051214520413,H
2026-05-08,La Liga,Levante,Osasuna,H,1.211076431328629,1.2474329686538768,0.35494196620954266,0.27266250892541133,0.37239552486504596,A
2026-05-08,Serie A,Torino,Sassuolo,H,1.3396736041113129,1.1875717214908983,0.4023461670641755,0.2673916841462873,0.33026214878953725,H
2026-05-09,Serie A,Cagliari,Udinese,A,1.2293441313970057,1.364158445820651,0.3366137556165071,0.263583088533346,0.399803155850147,A
2026-05-09,Bundesliga,Stuttgart,Leverkusen,H,1.5724684383390117,1.7128152937004963,0.35526819415678884,0.23025394701165777,0.4144778588315534,A
2026-05-09,La Liga,Sociedad,Betis,D,1.3094662125228707,1.3531991412883047,0.3597592817649076,0.2602038608334445,0.3800368574016477,A
2026-05-09,Premier League,Liverpool,Chelsea,D,1.9937396508424508,0.9433276622502937,0.6179825303518355,0.21066974586624726,0.1713477237819173,H
2026-05-09,Serie A,Lazio,Inter,A,1.1435036939291483,2.049856314443225,0.20672558468538463,0.21062996193666877,0.5826444533779466,A
2026-05-09,La Liga,Sevilla,Espanol,H,1.3656091468476947,0.9900948357450945,0.45449585269198617,0.27347114409882317,0.2720330032091907,H
2026-05-09,Premier League,Sunderland,Man United,D,1.130285258108138,1.68673864077981,0.2551811960183083,0.24107465475870737,0.5037441492229844,A
2026-05-09,La Liga,Elche,Alaves,D,1.4484895994007467,1.195748136911734,0.4291809812929347,0.25887714353879926,0.31194187516826616,H
2026-05-09,La Liga,Ath Madrid,Celta,A,1.9496556366204032,0.9577738119048909,0.6050981505478468,0.2153354895409797,0.17956635991117362,H
2026-05-09,Premier League,Man City,Brentford,H,2.1597265581249117,0.907515970915926,0.6601046381420527,0.19352119252910327,0.146374169328844,H
2026-05-09,Bundesliga,RB Leipzig,St Pauli,H,2.5219450905516627,0.7784455818515912,0.7525478826714268,0.15356272858990375,0.09388938873866948,H
2026-05-09,Bundesliga,Augsburg,M'gladbach,H,1.6739927084271726,1.1241307761370924,0.5020984989004376,0.24221496621736463,0.25568653488219784,H
2026-05-09,Serie A,Lecce,Juventus,A,0.8493694144451899,1.853899359674714,0.16708206865430167,0.2220167809527148,0.6109011503929834,A
2026-05-09,Premier League,Brighton,Wolves,H,2.2029965291832014,0.7991723398343257,0.6940561101862822,0.1840641225635166,0.1218797672502012,H
2026-05-09,Premier League,Fulham,Bournemouth,A,1.2959271230124692,1.4022515212289062,0.34657454150124817,0.2578568683967384,0.39556859010201334,A
2026-05-09,Bundesliga,Hoffenheim,Werder Bremen,H,2.03286734709364,1.0862691860109324,0.5923066408401392,0.21088441417723375,0.19680894498262702,H
2026-05-09,Bundesliga,Wolfsburg,Bayern Munich,A,0.874887642687858,3.204249054915205,0.06748142209135408,0.11005341831294298,0.822465159595703,A
2026-05-10,La Liga,Barcelona,Real Madrid,H,1.7918824239895956,1.078252261700552,0.5408526735466157,0.23197418739493467,0.2271731390584496,H
2026-05-10,Ligue 1,Metz,Lorient,A,1.1229542819573166,1.5863221266004024,0.2694648320893437,0.24972698573815216,0.48080818217250415,A
2026-05-10,Serie A,Milan,Atalanta,A,1.3949760299150917,1.2111821176545035,0.411840242536381,0.26222659011560734,0.32593316734801175,H
2026-05-10,La Liga,Mallorca,Villarreal,D,1.0927326368316692,1.6045272312044616,0.2589808147383434,0.24861428074128541,0.4924049045203713,A
2026-05-10,Ligue 1,Angers,Strasbourg,D,1.101474570197501,1.566791894334556,0.26728789570643274,0.25179792808237156,0.48091417621119575,A
2026-05-10,Ligue 1,Le Havre,Marseille,A,1.2237199800100103,1.4590440515474177,0.3172188834794373,0.25705208276357955,0.4257290337569832,A
2026-05-10,Premier League,Nott'm Forest,Newcastle,D,1.7788257126200244,1.1992146730013806,0.5096790606665936,0.23307151854692928,0.25724942078647706,H
2026-05-10,La Liga,Ath Bilbao,Valencia,A,1.6962729556012741,1.0015631308047561,0.5366711929351999,0.24059325592371505,0.222735551141085,H
2026-05-10,Ligue 1,Monaco,Lille,A,1.4506748107441185,1.3482851907717732,0.39697083002578065,0.252484070304129,0.3505450996700903,H
2026-05-10,Bundesliga,Hamburg,Freiburg,H,1.2924230365118097,1.4895119969010238,0.329073753792819,0.25235036988049236,0.41857587632668863,A
2026-05-10,Premier League,Crystal Palace,Everton,D,1.3583825768334998,1.3727625839802193,0.3684720833263013,0.2564618439772735,0.37506607269642517,A
2026-05-10,Premier League,West Ham,Arsenal,A,0.9504312335491834,1.9684403375904322,0.17577796524108769,0.2133204796998429,0.6109015550590694,A
2026-05-10,La Liga,Oviedo,Getafe,D,1.2911115317145268,1.1034961546225304,0.40774876380001446,0.2754602729984921,0.31679096320149347,H
2026-05-10,Serie A,Fiorentina,Genoa,D,1.4186436967643958,1.03961277298242,0.45705722954716566,0.26671921684864636,0.276223553604188,H
2026-05-10,Bundesliga,Mainz,Union Berlin,A,1.9205428443589785,1.0836246377212884,0.5686952588908177,0.22062080528937159,0.21068393581981062,H
2026-05-10,Ligue 1,Toulouse,Lyon,H,1.1896922967130428,1.6424969043682578,0.276690640198363,0.24397488928182184,0.4793344705198152,A
2026-05-10,Ligue 1,Auxerre,Nice,H,1.3336441074050445,1.2515115208766847,0.38701940046833255,0.2645308819214164,0.3484497176102511,H
2026-05-10,Serie A,Parma,Roma,A,1.0334250147602697,1.770246473947344,0.21979591488541966,0.23369310713319294,0.5465109779813874,A
2026-05-10,Serie A,Verona,Como,A,0.8985347550885648,1.7838261229014358,0.1866507936586706,0.2306302638517539,0.5827189424895756,A
2026-05-10,Bundesliga,FC Koln,Heidenheim,A,1.7653124796330812,1.2315436049317887,0.4991852197821568,0.23391268003417942,0.2669021001836637,H
2026-05-10,Ligue 1,Rennes,Paris FC,H,1.8144303536768962,1.1717547851291705,0.5242236488071774,0.23027539433159336,0.2455009568612292,H
2026-05-10,Ligue 1,Paris SG,Brest,H,2.708648125617763,0.7872269273423811,0.7779344992805393,0.1388161715033044,0.08324932921615635,H
2026-05-10,Serie A,Cremonese,Pisa,H,1.3741709778407734,1.0708218503184797,0.4378377405575615,0.2697167679858675,0.29244549145657095,H
2026-05-10,Premier League,Burnley,Aston Villa,D,0.9041169431246493,1.998062222813764,0.16263488107026605,0.2089629778622538,0.6284021410674802,A
2026-05-11,Premier League,Tottenham,Leeds,D,1.3106416915004657,1.320014982969872,0.3667590304631391,0.2621124099529634,0.3711285595838975,A
2026-05-11,La Liga,Vallecano,Girona,D,1.5137792253854023,1.0301230722781234,0.4842712921637807,0.2579540716760962,0.25777463616012325,H
2026-05-11,Serie A,Napoli,Bologna,A,1.8797956270944476,0.8814440336549534,0.6086114565997635,0.22021413216502536,0.1711744112352112,H
2026-05-12,La Liga,Osasuna,Ath Madrid,A,1.2032570707286556,1.4895506810754495,0.3064217214575545,0.2555056754394842,0.43807260310296137,A
2026-05-12,La Liga,Betis,Elche,H,2.021850879872017,0.8488432626602084,0.64683407188285,0.20449573630526688,0.14867019181188304,H
2026-05-12,La Liga,Celta,Levante,A,1.6468805031273397,0.9280798838406344,0.5427484891734263,0.24535705376593725,0.21189445706063648,H
2026-05-13,La Liga,Getafe,Mallorca,H,1.2865720182029148,1.0978626124528381,0.40776033149561886,0.27613289472052766,0.3161067737838534,H
2026-05-13,Ligue 1,Brest,Strasbourg,A,1.441844192656363,1.3407826957428937,0.3962982058732232,0.25334634822591634,0.35035544590086043,H
2026-05-13,La Liga,Villarreal,Sevilla,A,2.220312933028225,0.7607388893854465,0.7063823342160186,0.1801956427383638,0.1134220230456176,H
2026-05-13,La Liga,Espanol,Ath Bilbao,H,1.150098386630748,1.3922986833189377,0.3103304722289607,0.2650282856580524,0.424641242112987,A
2026-05-13,Premier League,Man City,Crystal Palace,H,2.4722326987731766,0.7984042013819913,0.7403650439192145,0.1591552420905736,0.10047971399021188,H
2026-05-13,Ligue 1,Lens,Paris SG,A,1.212034485767731,1.70760672007843,0.2714791106771959,0.23855321971022447,0.4899676696125796,A
2026-05-13,La Liga,Alaves,Barcelona,H,0.8418288373714239,2.3523036175356182,0.11689874073910193,0.1724282809826031,0.710672978278295,A
2026-05-14,La Liga,Valencia,Vallecano,D,1.3572911025707348,1.1075441713260752,0.42487490093917085,0.2696918295130414,0.3054332695477878,H
2026-05-14,La Liga,Real Madrid,Oviedo,H,2.436283699122638,0.6570854098441252,0.7664559251036879,0.15272666555791278,0.08081740933839943,H
2026-05-14,La Liga,Girona,Sociedad,D,1.4127426607486193,1.2434681918068755,0.4094671529150068,0.2595482555477555,0.33098459153723764,H
2026-05-15,Premier League,Aston Villa,Liverpool,H,1.4228375827801154,1.4846520077031433,0.36258719989923255,0.24725943389236596,0.39015336620840146,A
2026-05-16,Bundesliga,Ein Frankfurt,Stuttgart,D,1.45233268793888,1.7085802704873414,0.32814435751336624,0.23389445559178387,0.4379611868948498,A
2026-05-16,Bundesliga,M'gladbach,Hoffenheim,H,1.2711439935166653,1.491747360822377,0.32328286204046097,0.25299038938911883,0.4237267485704202,A
2026-05-16,Bundesliga,Freiburg,RB Leipzig,H,1.3202591954591831,1.5960417155823134,0.3165743606746916,0.24438305578155836,0.43904258354375003,A
2026-05-16,Bundesliga,St Pauli,Wolfsburg,A,1.3938001873849584,1.251458919053926,0.40282277000822514,0.2604925044703083,0.3366847255214665,H
2026-05-16,Bundesliga,Werder Bremen,Dortmund,A,1.097116981424521,1.979077910346983,0.2059535784721188,0.2157443355240926,0.5783020860037886,A
2026-05-16,Bundesliga,Union Berlin,Augsburg,H,1.505411885802375,1.4751500689620587,0.3847376172491374,0.24387292137344063,0.371389461377422,H
2026-05-16,Bundesliga,Bayern Munich,FC Koln,H,3.9080451968507326,0.6792575398887225,0.9107798255754771,0.06155370394092051,0.027666470483602386,H
2026-05-16,Bundesliga,Leverkusen,Hamburg,D,2.55128503463013,0.8343341559807453,0.744859091885952,0.15467418634743793,0.10046672176661015,H
2026-05-16,Bundesliga,Heidenheim,Mainz,A,1.5019152774613826,1.4621370692799527,0.38648184803943836,0.24462518414197612,0.36889296781858555,H
2026-05-17,Serie A,Sassuolo,Lecce,A,1.6032486562778068,0.9514650097580587,0.5261410191620173,0.24991235989223537,0.22394662094574744,H
2026-05-17,Premier League,Brentford,Crystal Palace,D,1.61802307571949,1.0755324661370156,0.4998103133894009,0.24761833935146133,0.2525713472591379,H
2026-05-17,Premier League,Wolves,Fulham,D,1.0484442193614698,1.3966239598607069,0.28242621750226155,0.2684852415230822,0.4490885409746563,A
2026-05-17,Ligue 1,Nantes,Toulouse,D,1.1996443193840913,1.399271583400189,0.322095417432296,0.26241227940133804,0.41549230316636593,A
2026-05-17,Serie A,Cagliari,Torino,H,1.209581742310284,1.2881396662017708,0.34630807422089394,0.26993602439043796,0.3837559013886681,A
2026-05-17,Serie A,Como,Parma,H,1.8605590859003631,0.9126647787422246,0.5966105818478341,0.22300890139196086,0.180380516760205,H
2026-05-17,La Liga,Ath Madrid,Girona,H,2.0210816479567315,0.8683949810015593,0.6418878547555213,0.20535523337425501,0.15275691187022356,H
2026-05-17,La Liga,Levante,Mallorca,H,1.4914813399984304,1.0852420001001044,0.4654820966680829,0.25879048954770784,0.2757274137842093,H
2026-05-17,Serie A,Inter,Verona,D,3.4281659712990167,0.5456064919091654,0.8963754370982806,0.07432897490279154,0.029295587998927917,H
2026-05-17,Ligue 1,Brest,Angers,D,1.6990120801254163,0.9777746326521455,0.5431326390418698,0.24024059477345233,0.216626766184678,H
2026-05-17,Ligue 1,Lyon,Lens,A,1.6370118775890183,1.2302516836010295,0.4688383121863479,0.24366742611390546,0.28749426169974673,H
2026-05-17,Serie A,Roma,Lazio,H,1.9037018360367783,1.0631701224418084,0.5697983887890984,0.22181096369622486,0.20839064751467684,H
2026-05-17,La Liga,Elche,Getafe,H,1.3273280822525004,1.1622168628460194,0.4045822477278957,0.26958179502748486,0.3258359572446194,H
2026-05-17,La Liga,Ath Bilbao,Celta,D,1.4668304316107903,1.1655267932982363,0.4406833133825679,0.2585149378902607,0.3008017487271714,H
2026-05-17,Serie A,Pisa,Napoli,A,0.7823168864815563,2.2595514221595527,0.11407622154633354,0.17764219380560195,0.7082815846480646,A
2026-05-17,La Liga,Sevilla,Real Madrid,A,0.9139339575232005,1.8390438006601901,0.18329215340659466,0.22523299675439815,0.5914748498390072,A
2026-05-17,Serie A,Juventus,Fiorentina,A,1.7965745055448887,0.8317067135672428,0.6024737882955076,0.22774627578397869,0.16977993592051374,H
2026-05-17,Ligue 1,Strasbourg,Monaco,H,1.4104665659554176,1.327766820937828,0.39101785994539756,0.2558327901175618,0.35314934993704056,H
2026-05-17,Serie A,Atalanta,Bologna,A,1.6732791916223058,1.052052055393847,0.5189444681418796,0.24273914732201762,0.23831638453610277,H
2026-05-17,Premier League,Newcastle,West Ham,H,1.655202903822124,1.0576808233971546,0.5131980855825282,0.24437928612318674,0.24242262829428504,H
2026-05-17,Ligue 1,Lorient,Le Havre,A,1.761287627985212,1.0518892508828344,0.5399885690482215,0.23462423122003345,0.2253871997317451,H
2026-05-17,Serie A,Genoa,Milan,A,1.0995734560950823,1.4319406510526018,0.28979681947834723,0.26359919097720313,0.4466039895444495,A
2026-05-17,Ligue 1,Nice,Metz,D,1.997745253695649,0.8214743008100608,0.6486357395610426,0.20584009156974997,0.14552416886920755,H
2026-05-17,Premier League,Everton,Sunderland,A,1.909175691035811,1.006820567977577,0.5844487963027495,0.22032784027317853,0.19522336342407187,H
2026-05-17,Ligue 1,Paris FC,Paris SG,H,1.0233747511541293,2.0548463962633208,0.18099489252369771,0.2073569944207715,0.6116481130555308,A
2026-05-17,Premier League,Man United,Nott'm Forest,H,1.6685066227219107,1.2211618111789824,0.4785205353305384,0.24143973607211777,0.28003972859734394,H
2026-05-17,Ligue 1,Marseille,Rennes,H,1.4585016838087275,1.2382787267936315,0.42240204872665765,0.2565402171301053,0.3210577341432371,H
2026-05-17,Premier League,Leeds,Brighton,H,1.3709010563746167,1.4944042881507946,0.34782365859518316,0.24894261418109337,0.4032337272237234,A
2026-05-17,La Liga,Osasuna,Espanol,A,1.551433166670574,0.9887442827940366,0.5039142768485363,0.25490877483693336,0.24117694831453046,H
2026-05-17,La Liga,Sociedad,Valencia,A,1.4830844086764892,1.0579655512935358,0.46970481308961004,0.2602263253870646,0.2700688615233254,H
2026-05-17,Serie A,Udinese,Cremonese,A,1.9017879503523496,0.8833752415870343,0.6129506084343722,0.21799887217369981,0.16905051939192794,H
2026-05-17,Ligue 1,Lille,Auxerre,A,2.040505823419653,0.8370609886099769,0.6535160861134142,0.20210777613840103,0.1443761377481847,H
2026-05-17,La Liga,Barcelona,Betis,H,2.113453490489978,0.8602264898405028,0.6623982525921791,0.19586026763448355,0.14174147977333743,H
2026-05-17,La Liga,Oviedo,Alaves,A,1.2480537752952408,1.1976344749258538,0.37540303596439933,0.27345193952722713,0.3511450245083735,H
2026-05-17,La Liga,Vallecano,Villarreal,H,1.2235995156351924,1.5284302780391439,0.30463297956962443,0.25195201234974246,0.44341500808063317,A
2026-05-18,Premier League,Arsenal,Burnley,H,3.0406563314098842,0.5752694680031423,0.8582373165727112,0.0990012528195563,0.042761430607732444,H
2026-05-19,Premier League,Chelsea,Tottenham,H,1.61607884178768,1.0245256238542242,0.5115090526662808,0.24826561197337532,0.24022533536034388,H
2026-05-19,Premier League,Bournemouth,Man City,D,1.2096735965966399,1.7464586264862958,0.2647370190188572,0.23554972502563584,0.4997132559555069,A
2026-05-22,Serie A,Fiorentina,Atalanta,D,1.2177217311033737,1.3823203061900307,0.33005872331338976,0.26284678972750947,0.40709448695910083,A
2026-05-23,La Liga,Espanol,Sociedad,D,1.3559992789875328,1.242951831944227,0.39473863609584875,0.263473361682391,0.34178800222176015,H
2026-05-23,Serie A,Lazio,Pisa,H,2.1929648110379816,0.7563846655669226,0.702464569513587,0.18265147962973147,0.11488395085668146,H
2026-05-23,La Liga,Betis,Levante,H,1.9020833379949984,0.9307777770033412,0.6013362341298117,0.2192830521057762,0.17938071376441195,H
2026-05-23,La Liga,Real Madrid,Ath Bilbao,H,2.182246039529386,0.7844403620956119,0.6937510237543814,0.18529629752488988,0.12095267872072869,H
2026-05-23,Serie A,Bologna,Inter,D,0.9755440365009261,1.9750747159175202,0.1803543218116015,0.21338701064790871,0.6062586675404898,A
2026-05-23,La Liga,Getafe,Osasuna,H,1.3966772979540187,1.130860450611865,0.43013255571112763,0.2654456313171451,0.30442181297172727,H
2026-05-23,La Liga,Valencia,Barcelona,H,0.9012068355799379,2.003850448266173,0.1613919294650968,0.20828977376147634,0.6303182967734268,A
2026-05-23,La Liga,Alaves,Vallecano,A,1.3438320644081447,1.2203735023062832,0.3963549604940036,0.26545129477181545,0.3381937447341809,H
2026-05-23,La Liga,Mallorca,Oviedo,H,1.4773374967279924,0.9482564016413026,0.49464129761811626,0.2630632359086846,0.24229546647319908,H
2026-05-23,La Liga,Celta,Sevilla,H,1.6703957708499488,0.9808814488919162,0.5354566084727841,0.24309372750029531,0.2214496640269207,H
2026-05-23,La Liga,Girona,Elche,D,1.4504696241958903,1.0177361534252907,0.47070145950286824,0.26430188459388904,0.26499665590324284,H
2026-05-24,Premier League,Sunderland,Chelsea,H,1.2845278792863561,1.4109079832509739,0.3419580645689001,0.25783348867431416,0.4002084467567857,A
2026-05-24,Premier League,Burnley,Wolves,D,1.2998486605801478,1.1896119144199306,0.39119855661022096,0.270213418009411,0.338588025380368,H
2026-05-24,Premier League,Liverpool,Brentford,D,1.9035200747896561,1.076926995063,0.5665061017220422,0.22202617931109664,0.21146771896686117,H
2026-05-24,Premier League,West Ham,Leeds,H,1.272750843184199,1.3473687265913334,0.35132484260673785,0.2625127872815228,0.38616237011173926,A
2026-05-24,Serie A,Milan,Cagliari,A,2.0130299402123586,0.8113655849071757,0.6542691874853933,0.2038178482951106,0.14191296421949606,H
2026-05-24,Premier League,Tottenham,Everton,H,1.3499306246767788,1.4140998558076265,0.3580924746998917,0.2545497514775634,0.3873577738225448,A
2026-05-24,Serie A,Verona,Roma,A,0.8040051896344915,2.1294928438291785,0.12932850201683072,0.1915804863834587,0.6790910115997106,A
2026-05-24,Premier League,Brighton,Man United,A,1.4652898228343934,1.3254421517099355,0.4054414275962275,0.2525863054413832,0.34197226696238925,H
2026-05-24,Premier League,Fulham,Newcastle,H,1.2759033437416802,1.315966373358251,0.358434829624301,0.2643337906125362,0.3772313797631628,A
2026-05-24,Serie A,Napoli,Udinese,H,2.1083410567276104,0.9072379505449669,0.650103463526272,0.1983736571588199,0.15152287931490802,H
2026-05-24,Serie A,Parma,Sassuolo,H,1.3233011648117066,1.2231091054011343,0.3903056405916736,0.26674290671156237,0.3429514526967639,H
2026-05-24,Premier League,Man City,Aston Villa,A,2.1811237739581424,1.0479572852245735,0.6314355785062311,0.19700631480795652,0.17155810668581242,H
2026-05-24,Serie A,Cremonese,Como,A,0.957331128810729,1.62085681604596,0.22283367241803811,0.2480891579276523,0.5290771696543096,A
2026-05-24,Serie A,Torino,Juventus,D,1.0412925022506383,1.584352079322654,0.24932908393453207,0.2511095594061278,0.49956135665934015,A
2026-05-24,Serie A,Lecce,Genoa,H,1.2617477895716211,1.2073283037044529,0.3770842839405755,0.27190616162161935,0.35100955443780507,H
2026-05-24,Premier League,Crystal Palace,Arsenal,A,0.9908083147273604,1.9118893865618982,0.19135866902976964,0.21974200353765985,0.5888993274325705,A
2026-05-24,La Liga,Villarreal,Ath Madrid,H,1.5356524815181432,1.21200454001647,0.44781502699945946,0.2517501536968256,0.30043481930371496,H
2026-05-24,Premier League,Nott'm Forest,Bournemouth,D,1.567742736007954,1.3837624258566745,0.4186312514152095,0.2441395095613575,0.337229239023433,H
