date,league,home_team,away_team,result,prob_home,prob_draw,prob_away,prediction,logistic_weight,poisson_weight
2025-08-15,Premier League,Liverpool,Bournemouth,H,0.7174036979260925,0.17032059183454476,0.11227571023936271,H,0.44,0.56
2025-08-15,Ligue 1,Rennes,Marseille,H,0.25323992608094775,0.24198888212275627,0.5047711917962959,A,0.44,0.56
2025-08-15,La Liga,Girona,Vallecano,A,0.3922633077057768,0.2871041123454209,0.32063257994880223,H,0.44,0.56
2025-08-15,La Liga,Villarreal,Oviedo,H,0.6244231570552403,0.2258565150000139,0.1497203279447457,H,0.44,0.56
2025-08-16,La Liga,Alaves,Levante,H,0.4671882423376823,0.26824537378675023,0.2645663838755674,H,0.44,0.56
2025-08-16,Ligue 1,Lens,Lyon,A,0.412848639748494,0.25192718206432535,0.33522417818718053,H,0.44,0.56
2025-08-16,Premier League,Tottenham,Burnley,H,0.5017803841694644,0.25903072693297435,0.23918888889756132,H,0.44,0.56
2025-08-16,La Liga,Mallorca,Barcelona,A,0.1335219111821305,0.18744223466450943,0.6790358541533601,A,0.44,0.56
2025-08-16,Premier League,Sunderland,West Ham,H,0.23313767293902116,0.26326177011046753,0.5036005569505113,A,0.44,0.56
2025-08-16,Ligue 1,Nice,Toulouse,A,0.6216448077073683,0.21904164304674328,0.15931354924588842,H,0.44,0.56
2025-08-16,Premier League,Aston Villa,Newcastle,D,0.4258910238335075,0.2649101213252828,0.3091988548412096,H,0.44,0.56
2025-08-16,Premier League,Wolves,Man City,A,0.1722802760368143,0.21666678195880074,0.611052942004385,A,0.44,0.56
2025-08-16,La Liga,Valencia,Sociedad,D,0.4802579652051746,0.2544992041166344,0.26524283067819104,H,0.44,0.56
2025-08-16,Premier League,Brighton,Fulham,D,0.5685389215427825,0.22906072033656016,0.20240035812065732,H,0.44,0.56
2025-08-16,Ligue 1,Monaco,Le Havre,H,0.665695645263896,0.2038451429318991,0.13045921180420492,H,0.44,0.56
2025-08-17,La Liga,Celta,Getafe,A,0.558545063615113,0.24249897672966003,0.1989559596552271,H,0.44,0.56
2025-08-17,La Liga,Espanol,Ath Madrid,H,0.16181483018229736,0.214575613709737,0.6236095561079658,A,0.44,0.56
2025-08-17,Premier League,Man United,Arsenal,A,0.2126769212429755,0.2198326951434658,0.5674903836135587,A,0.44,0.56
2025-08-17,Ligue 1,Nantes,Paris SG,A,0.11142119275378203,0.16867481749636037,0.7199039897498576,A,0.44,0.56
2025-08-17,Premier League,Nott'm Forest,Brentford,H,0.42667593755918715,0.2590173740860538,0.31430668835475906,H,0.44,0.56
2025-08-17,Ligue 1,Brest,Lille,D,0.32238979538282236,0.2648055371144621,0.41280466750271544,A,0.44,0.56
2025-08-17,Ligue 1,Auxerre,Lorient,H,0.5092155592852472,0.24278886880756562,0.24799557190718724,H,0.44,0.56
2025-08-17,Ligue 1,Angers,Paris FC,H,0.2984491290477073,0.2938617128676152,0.4076891580846775,A,0.44,0.56
2025-08-17,La Liga,Ath Bilbao,Sevilla,H,0.6278572866348652,0.22004798651973473,0.15209472684540007,H,0.44,0.56
2025-08-17,Premier League,Chelsea,Crystal Palace,D,0.4850424332977671,0.257441336628047,0.25751623007418595,H,0.44,0.56
2025-08-17,Ligue 1,Metz,Strasbourg,A,0.22875107950780332,0.24492923719587834,0.5263196832963184,A,0.44,0.56
2025-08-18,Premier League,Leeds,Everton,H,0.2649884907286661,0.26079252398263447,0.47421898528869944,A,0.44,0.56
2025-08-18,La Liga,Elche,Betis,D,0.23691979228780186,0.254372036047306,0.5087081716648921,A,0.44,0.56
2025-08-19,La Liga,Real Madrid,Osasuna,H,0.723944371380054,0.1736676647545275,0.10238796386541864,H,0.44,0.56
2025-08-22,Bundesliga,Bayern Munich,RB Leipzig,H,0.7277012822501099,0.15843089127619847,0.11386782647369181,H,0.44,0.56
2025-08-22,Premier League,West Ham,Chelsea,A,0.27420371478490346,0.26047340229655047,0.465322882918546,A,0.44,0.56
2025-08-22,Ligue 1,Paris SG,Angers,H,0.8560325318734072,0.1071956505287138,0.03677181759787891,H,0.44,0.56
2025-08-22,La Liga,Betis,Alaves,H,0.5589982128855728,0.24550780847238923,0.1954939786420378,H,0.44,0.56
2025-08-23,Serie A,Milan,Cremonese,A,0.7157084736419831,0.18177340159533129,0.10251812476268549,H,0.44,0.56
2025-08-23,Premier League,Burnley,Sunderland,H,0.45353542549364445,0.2744161235777494,0.2720484509286062,H,0.44,0.56
2025-08-23,Serie A,Roma,Bologna,H,0.5203504864727201,0.2346732083778447,0.2449763051494352,H,0.44,0.56
2025-08-23,Premier League,Man City,Tottenham,A,0.7685420472295128,0.15309542382050814,0.07836252894997914,H,0.44,0.56
2025-08-23,Bundesliga,Heidenheim,Wolfsburg,A,0.37568473383859463,0.27576589612725183,0.34854937003415354,H,0.44,0.56
2025-08-23,Bundesliga,Leverkusen,Hoffenheim,A,0.7697335916598428,0.14373403580314636,0.0865323725370109,H,0.44,0.56
2025-08-23,Premier League,Bournemouth,Wolves,H,0.5387597703054474,0.23756488390157982,0.22367534579297266,H,0.44,0.56
2025-08-23,Ligue 1,Lyon,Metz,H,0.7157393754288521,0.1821657518985703,0.10209487267257769,H,0.44,0.56
2025-08-23,Serie A,Sassuolo,Napoli,A,0.14266356647786038,0.21380100011988448,0.6435354334022552,A,0.44,0.56
2025-08-23,La Liga,Mallorca,Celta,D,0.3858597939119842,0.27281194213724586,0.34132826395077,H,0.44,0.56
2025-08-23,Ligue 1,Nice,Auxerre,H,0.5960195442729254,0.22431147175059457,0.17966898397648004,H,0.44,0.56
2025-08-23,La Liga,Ath Madrid,Elche,D,0.771396558894524,0.1549695701627089,0.07363387094276726,H,0.44,0.56
2025-08-23,Serie A,Genoa,Lecce,D,0.5337612261580171,0.2533445502234949,0.2128942236184881,H,0.44,0.56
2025-08-23,Ligue 1,Marseille,Paris FC,H,0.6251342030730983,0.2219816159967559,0.15288418093014583,H,0.44,0.56
2025-08-23,Bundesliga,Ein Frankfurt,Werder Bremen,H,0.5335674182959076,0.2442128628288049,0.22221971887528746,H,0.44,0.56
2025-08-23,Bundesliga,Freiburg,Augsburg,A,0.5707874799596198,0.23326965822735862,0.19594286181302153,H,0.44,0.56
2025-08-23,Premier League,Arsenal,Leeds,H,0.7853404836541817,0.1463314355371571,0.06832808080866105,H,0.44,0.56
2025-08-23,Bundesliga,St Pauli,Dortmund,D,0.1859574971538277,0.22512328863807363,0.5889192142080986,A,0.44,0.56
2025-08-23,La Liga,Levante,Barcelona,A,0.10662140135241098,0.1730946568271933,0.7202839418203957,A,0.44,0.56
2025-08-23,Premier League,Brentford,Aston Villa,H,0.35400520634402777,0.265046702270954,0.3809480913850182,A,0.44,0.56
2025-08-23,Bundesliga,Union Berlin,Stuttgart,H,0.3260372245087869,0.2553534476443187,0.4186093278468943,A,0.44,0.56
2025-08-24,Ligue 1,Toulouse,Brest,H,0.4217619583833848,0.2565989389590403,0.3216391026575749,H,0.44,0.56
2025-08-24,Ligue 1,Le Havre,Lens,A,0.288468513762596,0.2596307261218205,0.4519007601155835,A,0.44,0.56
2025-08-24,Serie A,Atalanta,Pisa,D,0.6590954102494812,0.20877306397596918,0.13213152577454965,H,0.44,0.56
2025-08-24,Ligue 1,Lorient,Rennes,H,0.35760958827506095,0.2545934972432671,0.387796914481672,A,0.44,0.56
2025-08-24,La Liga,Osasuna,Valencia,H,0.44925553258316264,0.269780315223213,0.28096415219362414,H,0.44,0.56
2025-08-24,Ligue 1,Strasbourg,Nantes,H,0.5843230682634957,0.23979958510511962,0.1758773466313848,H,0.44,0.56
2025-08-24,La Liga,Sociedad,Espanol,D,0.46789015768565523,0.26454587135047586,0.26756397096386886,H,0.44,0.56
2025-08-24,Ligue 1,Lille,Monaco,H,0.4347394275492411,0.2468742703916979,0.31838630205906104,H,0.44,0.56
2025-08-24,La Liga,Villarreal,Girona,H,0.6948462312186077,0.1880380375049913,0.11711573127640115,H,0.44,0.56
2025-08-24,La Liga,Oviedo,Real Madrid,A,0.14246066125862156,0.19509879826451595,0.6624405404768625,A,0.44,0.56
2025-08-24,Bundesliga,Mainz,FC Koln,A,0.6020553562960667,0.22356873064782154,0.17437591305611186,H,0.44,0.56
2025-08-24,Serie A,Como,Lazio,H,0.30443156654899406,0.26245414281899204,0.43311429063201384,A,0.44,0.56
2025-08-24,Bundesliga,M'gladbach,Hamburg,D,0.5691167156919044,0.23567880910873273,0.19520447519936301,H,0.44,0.56
2025-08-24,Premier League,Everton,Brighton,H,0.365719055417661,0.26554459728424,0.36873634729809923,A,0.44,0.56
2025-08-24,Premier League,Fulham,Man United,D,0.45269895381915004,0.25689306783905874,0.2904079783417912,H,0.44,0.56
2025-08-24,Serie A,Cagliari,Fiorentina,D,0.25097609674938665,0.24423791827000568,0.5047859849806076,A,0.44,0.56
2025-08-24,Serie A,Juventus,Parma,H,0.7378764683944543,0.173146586268686,0.08897694533685972,H,0.44,0.56
2025-08-24,Premier League,Crystal Palace,Nott'm Forest,D,0.46875851011861147,0.2536456178387451,0.27759587204264335,H,0.44,0.56
2025-08-25,La Liga,Ath Bilbao,Vallecano,H,0.5639779113821329,0.24828366286235748,0.1877384257555096,H,0.44,0.56
2025-08-25,Serie A,Inter,Torino,H,0.7417432826767312,0.16642319526366633,0.09183352205960238,H,0.44,0.56
2025-08-25,Serie A,Udinese,Verona,D,0.46052742829562177,0.2686121055135121,0.2708604661908661,H,0.44,0.56
2025-08-25,La Liga,Sevilla,Getafe,A,0.44746618078797273,0.26301599955651467,0.2895178196555126,H,0.44,0.56
2025-08-25,Premier League,Newcastle,Liverpool,A,0.2775010117725333,0.2253905313629349,0.49710845686453176,A,0.44,0.56
2025-08-27,La Liga,Celta,Betis,D,0.34622592817546727,0.26374919588312307,0.3900248759414096,A,0.44,0.56
2025-08-29,La Liga,Elche,Levante,H,0.4172711242970929,0.2650352553187292,0.3176936203841778,H,0.44,0.56
2025-08-29,La Liga,Valencia,Getafe,H,0.4552871546033359,0.26750565423459083,0.2772071911620733,H,0.44,0.56
2025-08-29,Serie A,Cremonese,Sassuolo,H,0.46701609675794314,0.271386414503997,0.2615974887380599,H,0.44,0.56
2025-08-29,Ligue 1,Lens,Brest,H,0.5327802494660066,0.2349559019738648,0.23226384856012877,H,0.44,0.56
2025-08-29,Serie A,Lecce,Milan,A,0.21845586750765267,0.24818583331632002,0.5333582991760273,A,0.44,0.56
2025-08-29,Bundesliga,Hamburg,St Pauli,A,0.3747259894446153,0.2844507309517888,0.3408232796035959,H,0.44,0.56
2025-08-30,Ligue 1,Toulouse,Paris SG,A,0.1570948131615354,0.20832384254344172,0.6345813442950229,A,0.44,0.56
2025-08-30,Bundesliga,Hoffenheim,Ein Frankfurt,A,0.25777295942797906,0.24437501756379504,0.49785202300822584,A,0.44,0.56
2025-08-30,Premier League,Leeds,Newcastle,D,0.20460853211148589,0.24418969189443235,0.5512017759940817,A,0.44,0.56
2025-08-30,Ligue 1,Lorient,Lille,A,0.2559826946111239,0.23648199284510496,0.507535312543771,A,0.44,0.56
2025-08-30,Serie A,Bologna,Como,H,0.5229508416407953,0.24371876536331338,0.23333039299589126,H,0.44,0.56
2025-08-30,La Liga,Girona,Sevilla,A,0.4354790045147387,0.2679000545741343,0.29662094091112695,H,0.44,0.56
2025-08-30,La Liga,Oviedo,Sociedad,H,0.37764400234886203,0.26717918939663177,0.35517680825450615,H,0.44,0.56
2025-08-30,Bundesliga,RB Leipzig,Heidenheim,H,0.6057218580121159,0.2289270615332934,0.16535108045459074,H,0.44,0.56
2025-08-30,Premier League,Man United,Burnley,H,0.5947300836405564,0.23234008207103674,0.17292983428840691,H,0.44,0.56
2025-08-30,Bundesliga,Werder Bremen,Leverkusen,D,0.23597937524931567,0.22203280260787195,0.5419878221428123,A,0.44,0.56
2025-08-30,Premier League,Wolves,Everton,A,0.31377197130614276,0.27604123705991346,0.4101867916339438,A,0.44,0.56
2025-08-30,Serie A,Napoli,Cagliari,H,0.736910299366287,0.17295135494725716,0.09013834568645576,H,0.44,0.56
2025-08-30,Serie A,Parma,Atalanta,D,0.16294717385965207,0.2135640465413295,0.6234887795990185,A,0.44,0.56
2025-08-30,Premier League,Chelsea,Fulham,H,0.5917028948346845,0.22444038982518197,0.18385671534013343,H,0.44,0.56
2025-08-30,Serie A,Pisa,Roma,A,0.2255806590807901,0.24010964419553404,0.5343096967236758,A,0.44,0.56
2025-08-30,Premier League,Tottenham,Bournemouth,A,0.39468218913627473,0.2636000162249825,0.3417177946387428,H,0.44,0.56
2025-08-30,Premier League,Sunderland,Brentford,H,0.20760792881756918,0.2488680002772869,0.5435240709051439,A,0.44,0.56
2025-08-30,Ligue 1,Nantes,Auxerre,H,0.41063211561612434,0.2650861133516834,0.32428177103219225,H,0.44,0.56
2025-08-30,Bundesliga,Augsburg,Bayern Munich,A,0.1018990052746096,0.1680366376102235,0.7300643571151668,A,0.44,0.56
2025-08-30,La Liga,Alaves,Ath Madrid,D,0.20976846945031632,0.24259439159127427,0.5476371389584094,A,0.44,0.56
2025-08-30,La Liga,Real Madrid,Mallorca,H,0.7888859362823379,0.14567656443499846,0.06543749928266349,H,0.44,0.56
2025-08-30,Bundesliga,Stuttgart,M'gladbach,H,0.56242468745725,0.22993111311205802,0.2076441994306919,H,0.44,0.56
2025-08-31,Serie A,Lazio,Verona,H,0.6140494022419953,0.22759884116936302,0.15835175658864165,H,0.44,0.56
2025-08-31,Ligue 1,Lyon,Marseille,H,0.42256743794520285,0.25063203724812194,0.3268005248066752,H,0.44,0.56
2025-08-31,Ligue 1,Le Havre,Nice,H,0.2153652575251278,0.24318189752346786,0.5414528449514042,A,0.44,0.56
2025-08-31,Premier League,Aston Villa,Crystal Palace,A,0.4543415263728575,0.26326928627596535,0.282389187351177,H,0.44,0.56
2025-08-31,Bundesliga,Wolfsburg,Mainz,D,0.38571980077216095,0.2662937539377043,0.34798644529013467,H,0.44,0.56
2025-08-31,La Liga,Vallecano,Barcelona,D,0.1544670181674998,0.20129745023149045,0.6442355316010098,A,0.44,0.56
2025-08-31,Premier League,Brighton,Man City,H,0.2644421377358275,0.24111454176872454,0.4944433204954479,A,0.44,0.56
2025-08-31,Bundesliga,Dortmund,Union Berlin,H,0.6866293098646191,0.18607847220669818,0.12729221792868278,H,0.44,0.56
2025-08-31,Ligue 1,Monaco,Strasbourg,H,0.5107653665960121,0.2450066167907765,0.24422801661321142,H,0.44,0.56
2025-08-31,La Liga,Betis,Ath Bilbao,A,0.3799834903566477,0.26175240845829234,0.35826410118505986,H,0.44,0.56
2025-08-31,Serie A,Torino,Fiorentina,D,0.2846644636639292,0.253242141176188,0.4620933951598828,A,0.44,0.56
2025-08-31,Premier League,Liverpool,Arsenal,H,0.475051077873371,0.23015576039437685,0.29479316173225223,H,0.44,0.56
2025-08-31,Serie A,Inter,Udinese,A,0.8073064258650348,0.13147102831357077,0.061222545821394386,H,0.44,0.56
2025-08-31,La Liga,Espanol,Osasuna,H,0.352093705465449,0.28350552439117027,0.36440077014338074,A,0.44,0.56
2025-08-31,La Liga,Celta,Villarreal,D,0.23187558806185976,0.24320972868822596,0.5249146832499143,A,0.44,0.56
2025-08-31,Serie A,Genoa,Juventus,A,0.23649699280500433,0.23526594687160646,0.5282370603233891,A,0.44,0.56
2025-08-31,Bundesliga,FC Koln,Freiburg,H,0.3374699165148767,0.2679783158365523,0.3945517676485709,A,0.44,0.56
2025-08-31,Ligue 1,Paris FC,Metz,H,0.5347107195361076,0.24582788052592774,0.2194613999379647,H,0.44,0.56
2025-08-31,Premier League,Nott'm Forest,West Ham,A,0.5840121961569664,0.22690140482231705,0.18908639902071656,H,0.44,0.56
2025-08-31,Ligue 1,Angers,Rennes,D,0.3242564867176886,0.2766899159839272,0.3990535972983842,A,0.44,0.56
2025-09-12,Bundesliga,Leverkusen,Ein Frankfurt,H,0.5489406441661703,0.21825375531988656,0.23280560051394317,H,0.44,0.56
2025-09-12,La Liga,Sevilla,Elche,D,0.4754454435764861,0.2714735950913656,0.2530809613321483,H,0.44,0.56
2025-09-12,Ligue 1,Marseille,Lorient,H,0.6835452651384759,0.1877066023467449,0.12874813251477926,H,0.44,0.56
2025-09-13,Serie A,Fiorentina,Napoli,A,0.3230153812239941,0.2540040066797915,0.4229806120962144,A,0.44,0.56
2025-09-13,La Liga,Ath Madrid,Villarreal,H,0.455949563215138,0.238172759314969,0.30587767746989303,H,0.44,0.56
2025-09-13,Premier League,Bournemouth,Brighton,H,0.3839177634762466,0.2629041510255089,0.35317808549824437,H,0.44,0.56
2025-09-13,La Liga,Sociedad,Real Madrid,A,0.1499283721894169,0.2073124181820602,0.6427592096285228,A,0.44,0.56
2025-09-13,Premier League,Crystal Palace,Sunderland,D,0.7344110996763791,0.1745027127882129,0.0910861875354079,H,0.44,0.56
2025-09-13,Premier League,Arsenal,Nott'm Forest,H,0.6784616149891172,0.19320992417344804,0.1283284608374347,H,0.44,0.56
2025-09-13,Premier League,Everton,Aston Villa,D,0.4021456806985966,0.2656365437799148,0.33221777552148857,H,0.44,0.56
2025-09-13,Bundesliga,Bayern Munich,Hamburg,H,0.8862242252022662,0.08533946818390589,0.028436306613827997,H,0.44,0.56
2025-09-13,Premier League,Newcastle,Wolves,H,0.6202214728923872,0.2114193208747875,0.16835920623282538,H,0.44,0.56
2025-09-13,Premier League,Brentford,Chelsea,D,0.28923390680794636,0.257890868499373,0.4528752246926806,A,0.44,0.56
2025-09-13,Premier League,West Ham,Tottenham,A,0.43578299973701917,0.2647640266455654,0.2994529736174154,H,0.44,0.56
2025-09-13,Serie A,Juventus,Inter,H,0.34114449835244615,0.24686540231992035,0.4119900993276335,A,0.44,0.56
2025-09-13,Bundesliga,Union Berlin,Hoffenheim,A,0.47382858896202706,0.25304839504132265,0.27312301599665023,H,0.44,0.56
2025-09-13,Serie A,Cagliari,Parma,H,0.4515163775966786,0.2704465425040286,0.2780370798992927,H,0.44,0.56
2025-09-13,La Liga,Getafe,Oviedo,H,0.4222703718861668,0.28087195647748076,0.2968576716363525,H,0.44,0.56
2025-09-13,Bundesliga,Heidenheim,Dortmund,A,0.15340751625243923,0.21191747382344153,0.6346750099241193,A,0.44,0.56
2025-09-13,Ligue 1,Nice,Nantes,H,0.6228361478333333,0.2192310695384277,0.1579327826282389,H,0.44,0.56
2025-09-13,Bundesliga,Wolfsburg,FC Koln,D,0.4721443581782716,0.2665250169751361,0.2613306248465923,H,0.44,0.56
2025-09-13,La Liga,Ath Bilbao,Alaves,A,0.6235325143951983,0.23053754348869723,0.1459299421161045,H,0.44,0.56
2025-09-13,Ligue 1,Auxerre,Monaco,A,0.24555897288019352,0.24252833325137044,0.5119126938684361,A,0.44,0.56
2025-09-13,Bundesliga,Freiburg,Stuttgart,H,0.37237059142077705,0.2650417588673403,0.3625876497118826,H,0.44,0.56
2025-09-13,Premier League,Fulham,Leeds,H,0.5939667763056995,0.22907314081996183,0.17696008287433862,H,0.44,0.56
2025-09-13,Bundesliga,Mainz,RB Leipzig,A,0.4103800595037097,0.24146428415255827,0.348155656343732,H,0.44,0.56
2025-09-14,Bundesliga,St Pauli,Augsburg,H,0.4298324335911802,0.25102874266609354,0.3191388237427261,H,0.44,0.56
2025-09-14,La Liga,Osasuna,Vallecano,H,0.4308690249822704,0.2752088059624951,0.2939221690552344,H,0.44,0.56
2025-09-14,Ligue 1,Strasbourg,Le Havre,H,0.6091280049955065,0.21869257441093937,0.17217942059355404,H,0.44,0.56
2025-09-14,Serie A,Roma,Torino,A,0.6816179904264773,0.1941259040149889,0.12425610555853384,H,0.44,0.56
2025-09-14,Ligue 1,Lille,Toulouse,H,0.6510588315292873,0.19768628967724744,0.15125487879346525,H,0.44,0.56
2025-09-14,Serie A,Atalanta,Lecce,H,0.7058621056055419,0.19143452224993976,0.10270337214451836,H,0.44,0.56
2025-09-14,Serie A,Pisa,Udinese,A,0.4240868211529173,0.2606156011438075,0.3152975777032753,H,0.44,0.56
2025-09-14,Ligue 1,Brest,Paris FC,A,0.511405000448046,0.25132401868364124,0.23727098086831272,H,0.44,0.56
2025-09-14,Ligue 1,Metz,Angers,D,0.3880860892017659,0.28498954464755266,0.32692436615068143,H,0.44,0.56
2025-09-14,Ligue 1,Rennes,Lyon,H,0.2824668747050268,0.26716078077375094,0.45037234452122227,A,0.44,0.56
2025-09-14,Premier League,Man City,Man United,H,0.6907716565349371,0.18777082814930837,0.12145751531575454,H,0.44,0.56
2025-09-14,Serie A,Milan,Bologna,H,0.4978231058042116,0.2339218009280915,0.2682550932676967,H,0.44,0.56
2025-09-14,Serie A,Sassuolo,Lazio,H,0.19201342440205815,0.2270234282415067,0.5809631473564352,A,0.44,0.56
2025-09-14,La Liga,Levante,Betis,D,0.2900485383611524,0.25739810250701517,0.45255335913183237,A,0.44,0.56
2025-09-14,La Liga,Celta,Girona,D,0.5622252592708985,0.22967130821873422,0.2081034325103674,H,0.44,0.56
2025-09-14,La Liga,Barcelona,Valencia,H,0.7513692320756356,0.16090445022012834,0.087726317704236,H,0.44,0.56
2025-09-14,Premier League,Burnley,Liverpool,A,0.08627924694361452,0.15101138940550485,0.7627093636508806,A,0.44,0.56
2025-09-14,Ligue 1,Paris SG,Lens,H,0.7171411794933698,0.17314921710296563,0.1097096034036647,H,0.44,0.56
2025-09-14,Bundesliga,M'gladbach,Werder Bremen,A,0.3544600579177829,0.2552644086737443,0.39027553340847276,A,0.44,0.56
2025-09-15,Serie A,Como,Genoa,D,0.46822492259713994,0.25997891053343936,0.27179616686942065,H,0.44,0.56
2025-09-15,La Liga,Espanol,Mallorca,H,0.46735747685148177,0.26891601751332644,0.2637265056351918,H,0.44,0.56
2025-09-15,Serie A,Verona,Cremonese,D,0.4288275067903844,0.2677344554031206,0.30343803780649503,H,0.44,0.56
2025-09-19,Serie A,Lecce,Cagliari,A,0.37355169583900805,0.295468892570454,0.33097941159053784,H,0.44,0.56
2025-09-19,Ligue 1,Lyon,Angers,H,0.6835148109983136,0.20525988080096724,0.11122530820071927,H,0.44,0.56
2025-09-19,La Liga,Betis,Sociedad,H,0.5400084647297949,0.24135565357573963,0.21863588169446546,H,0.44,0.56
2025-09-19,Bundesliga,Stuttgart,St Pauli,H,0.5645657858931308,0.23509244261228582,0.20034177149458338,H,0.44,0.56
2025-09-20,Serie A,Bologna,Genoa,H,0.5513301147756349,0.2390947360591389,0.20957514916522624,H,0.44,0.56
2025-09-20,Bundesliga,RB Leipzig,FC Koln,H,0.5759619557996781,0.23419409624292434,0.18984394795739756,H,0.44,0.56
2025-09-20,Ligue 1,Lens,Lille,H,0.3440347037005739,0.24847380036389116,0.4074914959355349,A,0.44,0.56
2025-09-20,Serie A,Udinese,Milan,A,0.26998553795533187,0.25497107912157513,0.4750433829230929,A,0.44,0.56
2025-09-20,Premier League,Wolves,Leeds,A,0.5029023188486784,0.2568239061981813,0.2402737749531403,H,0.44,0.56
2025-09-20,Bundesliga,Hoffenheim,Bayern Munich,A,0.09335901651357083,0.16321736520192798,0.7434236182845011,A,0.44,0.56
2025-09-20,La Liga,Girona,Levante,A,0.409456583298963,0.27086118746609383,0.31968222923494316,H,0.44,0.56
2025-09-20,Premier League,Brighton,Tottenham,D,0.5243959178035741,0.24708581885113928,0.22851826334528658,H,0.44,0.56
2025-09-20,Premier League,Burnley,Nott'm Forest,D,0.266080896778749,0.25484228776672624,0.47907681545452474,A,0.44,0.56
2025-09-20,Premier League,Fulham,Brentford,H,0.4108942605389753,0.2642937760895034,0.3248119633715213,H,0.44,0.56
2025-09-20,Bundesliga,Werder Bremen,Freiburg,A,0.5022722948860869,0.2320017020778194,0.2657260030360936,H,0.44,0.56
2025-09-20,Bundesliga,Hamburg,Heidenheim,H,0.3838530816083802,0.28253393201769844,0.3336129863739214,H,0.44,0.56
2025-09-20,Premier League,West Ham,Crystal Palace,A,0.2853598036322338,0.2700796165292217,0.4445605798385446,A,0.44,0.56
2025-09-20,Bundesliga,Augsburg,Mainz,A,0.37130122214259353,0.2624613244610656,0.36623745339634073,H,0.44,0.56
2025-09-20,Ligue 1,Nantes,Rennes,D,0.37525929132347613,0.2655242795383947,0.35921642913812923,H,0.44,0.56
2025-09-20,La Liga,Real Madrid,Espanol,H,0.7600600862644253,0.16260299928903832,0.07733691444653629,H,0.44,0.56
2025-09-20,Premier League,Liverpool,Everton,H,0.6934347553662781,0.1920743943665693,0.11449085026715258,H,0.44,0.56
2025-09-20,Premier League,Man United,Chelsea,H,0.2582452226096562,0.2543893646141335,0.48736541277621026,A,0.44,0.56
2025-09-20,La Liga,Villarreal,Osasuna,H,0.6001106003552399,0.22423073911717206,0.17565866052758794,H,0.44,0.56
2025-09-20,La Liga,Valencia,Ath Bilbao,H,0.2918874295842552,0.25549755677952274,0.45261501363622214,A,0.44,0.56
2025-09-20,La Liga,Alaves,Sevilla,A,0.4718405586314216,0.2603026344766438,0.26785680689193453,H,0.44,0.56
2025-09-20,Ligue 1,Brest,Nice,H,0.2990813884209511,0.2537640458795073,0.44715456569954154,A,0.44,0.56
2025-09-20,Serie A,Verona,Juventus,D,0.1570643685844993,0.21705624299566995,0.6258793884198308,A,0.44,0.56
2025-09-21,La Liga,Elche,Oviedo,H,0.41139511184291383,0.27432947768371263,0.3142754104733735,H,0.44,0.56
2025-09-21,Premier League,Bournemouth,Newcastle,D,0.3797672814299465,0.2710944024875817,0.3491383160824718,H,0.44,0.56
2025-09-21,Serie A,Cremonese,Parma,D,0.507053571482416,0.26410551449282316,0.2288409140247608,H,0.44,0.56
2025-09-21,La Liga,Vallecano,Celta,D,0.42827116858094816,0.2688656811344462,0.30286315028460564,H,0.44,0.56
2025-09-21,Ligue 1,Monaco,Metz,H,0.7507308781102954,0.16720932809147807,0.08205979379822662,H,0.44,0.56
2025-09-21,Bundesliga,Dortmund,Wolfsburg,H,0.6675041531677601,0.19542979426624602,0.13706605256599397,H,0.44,0.56
2025-09-21,Ligue 1,Paris FC,Strasbourg,A,0.3231685838749533,0.26239852140292935,0.4144328947221173,A,0.44,0.56
2025-09-21,La Liga,Barcelona,Getafe,H,0.8231768660890294,0.12228287986196902,0.05454025404900149,H,0.44,0.56
2025-09-21,La Liga,Mallorca,Ath Madrid,D,0.18810585488845816,0.22708036434008816,0.5848137807714537,A,0.44,0.56
2025-09-21,Serie A,Lazio,Roma,A,0.3794505409610502,0.2545553024900085,0.36599415654894124,H,0.44,0.56
2025-09-21,Premier League,Sunderland,Aston Villa,D,0.20231946026645042,0.2465050286433546,0.551175511090195,A,0.44,0.56
2025-09-21,Serie A,Torino,Atalanta,A,0.23896849383278468,0.24258490206288558,0.5184466041043299,A,0.44,0.56
2025-09-21,Ligue 1,Auxerre,Toulouse,H,0.3745901598822663,0.2620004359802407,0.36340940413749306,H,0.44,0.56
2025-09-21,Bundesliga,Leverkusen,M'gladbach,D,0.7702568881220908,0.14941872549183582,0.0803243863860734,H,0.44,0.56
2025-09-21,Premier League,Arsenal,Man City,D,0.46712650720459076,0.23528151296128336,0.2975919798341258,H,0.44,0.56
2025-09-21,Serie A,Inter,Sassuolo,H,0.829390096382399,0.11788523811269365,0.0527246655049072,H,0.44,0.56
2025-09-21,Ligue 1,Le Havre,Lorient,D,0.4671868112874019,0.2554079483932914,0.27740524031930675,H,0.44,0.56
2025-09-21,Serie A,Fiorentina,Como,A,0.5338459010448794,0.24595018288347142,0.22020391607164924,H,0.44,0.56
2025-09-21,Bundesliga,Ein Frankfurt,Union Berlin,A,0.6665958997955688,0.19273662926782614,0.14066747093660498,H,0.44,0.56
2025-09-22,Serie A,Napoli,Pisa,H,0.7148359935456835,0.18788165716980745,0.09728234928450903,H,0.44,0.56
2025-09-22,Ligue 1,Marseille,Paris SG,H,0.2514383974586938,0.21738357339481726,0.5311780291464889,A,0.44,0.56
2025-09-23,La Liga,Ath Bilbao,Girona,D,0.6930788586689631,0.1890824604118992,0.11783868091913768,H,0.44,0.56
2025-09-23,La Liga,Levante,Real Madrid,A,0.12650130702561574,0.1846418582994738,0.6888568346749105,A,0.44,0.56
2025-09-23,La Liga,Espanol,Valencia,D,0.42233692588724675,0.27019145446829146,0.30747161964446157,H,0.44,0.56
2025-09-23,La Liga,Sevilla,Villarreal,A,0.24147674865333885,0.24508444394684809,0.513438807399813,A,0.44,0.56
2025-09-24,La Liga,Getafe,Alaves,D,0.4124355996433227,0.2842871720056632,0.3032772283510141,H,0.44,0.56
2025-09-24,La Liga,Ath Madrid,Vallecano,H,0.6179730034178326,0.2182447413950322,0.16378225518713524,H,0.44,0.56
2025-09-24,La Liga,Sociedad,Mallorca,H,0.4751974929752326,0.25233386518504497,0.2724686418397224,H,0.44,0.56
2025-09-25,La Liga,Osasuna,Elche,D,0.5270688426398515,0.2621886576990182,0.21074249966113018,H,0.44,0.56
2025-09-25,La Liga,Oviedo,Barcelona,A,0.08665768896633438,0.16380170571130603,0.7495406053223597,A,0.44,0.56
2025-09-26,Bundesliga,Bayern Munich,Werder Bremen,H,0.8274084694763197,0.11124524157609791,0.0613462889475824,H,0.44,0.56
2025-09-26,La Liga,Girona,Espanol,D,0.3535334692209564,0.277432390938685,0.3690341398403585,A,0.44,0.56
2025-09-26,Ligue 1,Strasbourg,Marseille,A,0.36513390121244554,0.2661289214446049,0.36873717734294953,A,0.44,0.56
2025-09-27,La Liga,Getafe,Levante,D,0.4456442233191146,0.26718853742258936,0.2871672392582961,H,0.44,0.56
2025-09-27,Premier League,Tottenham,Wolves,D,0.5763750699781938,0.22871187152642725,0.194913058495379,H,0.44,0.56
2025-09-27,Ligue 1,Paris SG,Auxerre,H,0.8038997745080649,0.1364466364448385,0.059653589047096625,H,0.44,0.56
2025-09-27,Bundesliga,St Pauli,Leverkusen,A,0.1746104465497202,0.20921736405532643,0.6161721893949534,A,0.44,0.56
2025-09-27,Bundesliga,Heidenheim,Augsburg,H,0.3359047004656839,0.2604795391531391,0.40361576038117697,A,0.44,0.56
2025-09-27,Premier League,Nott'm Forest,Sunderland,A,0.6020404317220546,0.2406936869047097,0.15726588137323577,H,0.44,0.56
2025-09-27,Premier League,Man City,Burnley,H,0.8237086246424137,0.12463679048709486,0.05165458487049142,H,0.44,0.56
2025-09-27,Premier League,Chelsea,Brighton,A,0.5574666208859651,0.22365795353600526,0.21887542557802972,H,0.44,0.56
2025-09-27,Premier League,Leeds,Bournemouth,D,0.2853786934437843,0.27634220183289243,0.43827910472332327,A,0.44,0.56
2025-09-27,Bundesliga,Mainz,Dortmund,A,0.28709486060932626,0.24917725724640494,0.46372788214426863,A,0.44,0.56
2025-09-27,Ligue 1,Toulouse,Nantes,D,0.4963218884986426,0.2625576278163858,0.24112048368497146,H,0.44,0.56
2025-09-27,Serie A,Cagliari,Inter,A,0.1246626482084489,0.18546180869287165,0.6898755430986794,A,0.44,0.56
2025-09-27,Serie A,Juventus,Atalanta,D,0.4647388945152369,0.24224330296930646,0.2930178025154565,H,0.44,0.56
2025-09-27,Bundesliga,Wolfsburg,RB Leipzig,A,0.33803869695478134,0.2519137806500794,0.4100475223951392,A,0.44,0.56
2025-09-27,Premier League,Crystal Palace,Liverpool,H,0.25088126912368836,0.23599237856419403,0.5131263523121177,A,0.44,0.56
2025-09-27,La Liga,Ath Madrid,Real Madrid,H,0.28328616608296825,0.23844241890846316,0.4782714150085685,A,0.44,0.56
2025-09-27,Serie A,Como,Cremonese,D,0.5210770300996509,0.2638871405008195,0.21503582939952962,H,0.44,0.56
2025-09-27,La Liga,Villarreal,Ath Bilbao,H,0.5102985004745646,0.24150808000006166,0.24819341952537385,H,0.44,0.56
2025-09-27,Bundesliga,M'gladbach,Ein Frankfurt,A,0.2502566871408323,0.24347853811363945,0.5062647747455282,A,0.44,0.56
2025-09-27,Premier League,Brentford,Man United,H,0.4531703324043552,0.2552862660685298,0.291543401527115,H,0.44,0.56
2025-09-27,Ligue 1,Lorient,Monaco,H,0.16974879572174395,0.21699156566783961,0.6132596386104165,A,0.44,0.56
2025-09-27,La Liga,Mallorca,Alaves,H,0.40182003072362715,0.27056790976853556,0.32761205950783734,H,0.44,0.56
2025-09-28,Ligue 1,Lille,Lyon,A,0.5089228145725103,0.2399060725198456,0.25117111290764405,H,0.44,0.56
2025-09-28,Bundesliga,Freiburg,Hoffenheim,D,0.5834575211296638,0.21960905989519805,0.19693341897513827,H,0.44,0.56
2025-09-28,Serie A,Sassuolo,Udinese,H,0.37304922643694327,0.2706545481844007,0.3562962253786559,H,0.44,0.56
2025-09-28,Ligue 1,Metz,Le Havre,D,0.345861233170956,0.2727924293705497,0.38134633745849433,A,0.44,0.56
2025-09-28,La Liga,Barcelona,Sociedad,H,0.8151151520555437,0.1246458840341935,0.06023896391026276,H,0.44,0.56
2025-09-28,Ligue 1,Angers,Brest,A,0.26690025039226895,0.25270879138423136,0.48039095822349964,A,0.44,0.56
2025-09-28,Serie A,Roma,Verona,H,0.6931299823441643,0.19892946291552271,0.10794055474031289,H,0.44,0.56
2025-09-28,Premier League,Newcastle,Arsenal,A,0.25660604770610856,0.24478280321017348,0.4986111490837179,A,0.44,0.56
2025-09-28,Serie A,Pisa,Fiorentina,D,0.2956863171889548,0.25021880743171965,0.4540948753793256,A,0.44,0.56
2025-09-28,Bundesliga,Union Berlin,Hamburg,D,0.5867591009141393,0.23889828861734866,0.17434261046851207,H,0.44,0.56
2025-09-28,La Liga,Elche,Celta,H,0.3484511038911995,0.27935468041448186,0.37219421569431854,A,0.44,0.56
2025-09-28,Bundesliga,FC Koln,Stuttgart,A,0.3382602612624114,0.25986991406833565,0.401869824669253,A,0.44,0.56
2025-09-28,Premier League,Aston Villa,Fulham,H,0.48277619339602806,0.25840610590803237,0.25881770069593946,H,0.44,0.56
2025-09-28,La Liga,Betis,Osasuna,H,0.5162572640444257,0.25234879343670047,0.2313939425188738,H,0.44,0.56
2025-09-28,Serie A,Milan,Napoli,H,0.36730025365442326,0.2539597969030258,0.37873994944255096,A,0.44,0.56
2025-09-28,Ligue 1,Nice,Paris FC,D,0.5829244194427239,0.22563134018589565,0.19144424037138047,H,0.44,0.56
2025-09-28,La Liga,Vallecano,Sevilla,A,0.4685746989003266,0.2604442988241059,0.27098100227556754,H,0.44,0.56
2025-09-28,Ligue 1,Rennes,Lens,D,0.33858742620395743,0.2662367584713799,0.39517581532466267,A,0.44,0.56
2025-09-28,Serie A,Lecce,Bologna,D,0.21739050341490457,0.2484524610918285,0.5341570354932669,A,0.44,0.56
2025-09-29,Serie A,Genoa,Lazio,A,0.30346031774220406,0.25884950147054236,0.43769018078725364,A,0.44,0.56
2025-09-29,Premier League,Everton,West Ham,D,0.5776094333794191,0.2278816878307423,0.19450887878983866,H,0.44,0.56
2025-09-29,Serie A,Parma,Torino,H,0.35660208768557977,0.2704037714731052,0.372994140841315,A,0.44,0.56
2025-09-30,La Liga,Valencia,Oviedo,A,0.5303607101032537,0.2503715741192117,0.2192677157775345,H,0.44,0.56
2025-10-03,Premier League,Bournemouth,Fulham,H,0.4694424188813966,0.264615682748319,0.2659418983702844,H,0.44,0.56
2025-10-03,Serie A,Verona,Sassuolo,A,0.4153721334619514,0.27690965022941827,0.30771821630863033,H,0.44,0.56
2025-10-03,Ligue 1,Paris FC,Lorient,H,0.5160752822204686,0.2435426728619639,0.24038204491756754,H,0.44,0.56
2025-10-03,Bundesliga,Hoffenheim,FC Koln,A,0.4630091273569015,0.25950691861357056,0.277483954029528,H,0.44,0.56
2025-10-03,La Liga,Osasuna,Getafe,H,0.5037761040610429,0.25565917507899993,0.24056472085995717,H,0.44,0.56
2025-10-04,Premier League,Arsenal,West Ham,H,0.7942125215027641,0.13575647309866573,0.07003100539857025,H,0.44,0.56
2025-10-04,Serie A,Inter,Cremonese,H,0.7987610103106844,0.13734082951369214,0.06389816017562351,H,0.44,0.56
2025-10-04,Ligue 1,Auxerre,Lens,A,0.2725055809429855,0.2615567372748485,0.465937681782166,A,0.44,0.56
2025-10-04,Bundesliga,Leverkusen,Union Berlin,H,0.7298195231931943,0.16632182061662784,0.10385865619017778,H,0.44,0.56
2025-10-04,Ligue 1,Brest,Nantes,D,0.5629054402071666,0.23891301042275498,0.1981815493700783,H,0.44,0.56
2025-10-04,Premier League,Chelsea,Liverpool,H,0.33076701627420996,0.23388236774994337,0.4353506159758467,A,0.44,0.56
2025-10-04,Serie A,Lazio,Torino,D,0.6193358531662362,0.2124787609419661,0.1681853858917977,H,0.44,0.56
2025-10-04,Ligue 1,Metz,Marseille,A,0.13812003020104435,0.20685616400410384,0.6550238057948518,A,0.44,0.56
2025-10-04,Bundesliga,Werder Bremen,St Pauli,H,0.5100090654111391,0.2490242266297616,0.24096670795909936,H,0.44,0.56
2025-10-04,La Liga,Girona,Valencia,H,0.3605353642708071,0.27000445031179987,0.3694601854173931,A,0.44,0.56
2025-10-04,Serie A,Parma,Lecce,A,0.43960846846852036,0.27364311799096136,0.2867484135405184,H,0.44,0.56
2025-10-04,La Liga,Oviedo,Levante,A,0.44320987092463315,0.2713973490441468,0.28539278003121993,H,0.44,0.56
2025-10-04,Bundesliga,Dortmund,RB Leipzig,D,0.5541049719196196,0.23119685592112427,0.21469817215925607,H,0.44,0.56
2025-10-04,Premier League,Man United,Sunderland,H,0.5817902221120081,0.2492455698549138,0.16896420803307785,H,0.44,0.56
2025-10-04,La Liga,Real Madrid,Villarreal,H,0.6238751063461446,0.20730408247578172,0.16882081117807368,H,0.44,0.56
2025-10-04,La Liga,Ath Bilbao,Mallorca,H,0.5931289549264313,0.2309141420021347,0.17595690307143408,H,0.44,0.56
2025-10-04,Bundesliga,Augsburg,Wolfsburg,H,0.40842611440752075,0.26098949499831847,0.3305843905941608,H,0.44,0.56
2025-10-04,Premier League,Leeds,Tottenham,A,0.32242806579269045,0.2790766710744291,0.3984952631328806,A,0.44,0.56
2025-10-04,Bundesliga,Ein Frankfurt,Bayern Munich,A,0.19412210749634656,0.19592318890685978,0.6099547035967936,A,0.44,0.56
2025-10-04,Serie A,Atalanta,Como,D,0.6300056298357803,0.21167272749126537,0.15832164267295423,H,0.44,0.56
2025-10-05,La Liga,Sociedad,Vallecano,A,0.4322757295634695,0.26354399898582437,0.30418027145070614,H,0.44,0.56
2025-10-05,Ligue 1,Lyon,Toulouse,A,0.6025038143721235,0.2227243013230121,0.1747718843048643,H,0.44,0.56
2025-10-05,Serie A,Juventus,Milan,D,0.48149089033830583,0.24718138904536016,0.2713277206163339,H,0.44,0.56
2025-10-05,Premier League,Newcastle,Nott'm Forest,H,0.5509627944725013,0.23563736298939125,0.2133998425381075,H,0.44,0.56
2025-10-05,Ligue 1,Le Havre,Rennes,D,0.35134132978536814,0.266898967131195,0.38175970308343676,A,0.44,0.56
2025-10-05,Premier League,Everton,Crystal Palace,H,0.36518835073534417,0.26706446925274685,0.36774718001190887,A,0.44,0.56
2025-10-05,Serie A,Bologna,Pisa,H,0.5987556008226327,0.23106443664097714,0.17017996253639023,H,0.44,0.56
2025-10-05,Serie A,Napoli,Genoa,H,0.7264935617757232,0.17594135153445145,0.09756508668982537,H,0.44,0.56
2025-10-05,Premier League,Wolves,Brighton,D,0.27103785466901326,0.24597816962783547,0.4829839757031512,A,0.44,0.56
2025-10-05,Ligue 1,Monaco,Nice,D,0.5506433640408588,0.22555796020746596,0.22379867575167528,H,0.44,0.56
2025-10-05,Premier League,Brentford,Man City,A,0.2165805187421112,0.22191037613065273,0.5615091051272358,A,0.44,0.56
2025-10-05,Bundesliga,Stuttgart,Heidenheim,H,0.6377972655638251,0.21719341905660305,0.14500931537957173,H,0.44,0.56
2025-10-05,La Liga,Celta,Ath Madrid,D,0.2291090484719967,0.23288202648281003,0.5380089250451933,A,0.44,0.56
2025-10-05,Serie A,Udinese,Cagliari,D,0.4495251592550906,0.27983088521571475,0.2706439555291947,H,0.44,0.56
2025-10-05,La Liga,Alaves,Elche,H,0.45429440165369395,0.27782204496945895,0.267883553376847,H,0.44,0.56
2025-10-05,Bundesliga,M'gladbach,Freiburg,D,0.31369896668402975,0.25483658662606395,0.4314644466899063,A,0.44,0.56
2025-10-05,Serie A,Fiorentina,Roma,A,0.3250304193391129,0.2611756067637557,0.41379397389713135,A,0.44,0.56
2025-10-05,Ligue 1,Lille,Paris SG,D,0.25630914788421566,0.2252577145090771,0.5184331376067073,A,0.44,0.56
2025-10-05,Premier League,Aston Villa,Burnley,H,0.6954331860842788,0.192820575353996,0.11174623856172525,H,0.44,0.56
2025-10-05,La Liga,Sevilla,Barcelona,H,0.11293777194528157,0.18181242260906869,0.7052498054456496,A,0.44,0.56
2025-10-05,La Liga,Espanol,Betis,A,0.3025524578791414,0.2648316276046739,0.4326159145161847,A,0.44,0.56
2025-10-05,Bundesliga,Hamburg,Mainz,H,0.2650002847212296,0.2746372869301626,0.46036242834860774,A,0.44,0.56
2025-10-05,Ligue 1,Strasbourg,Angers,H,0.6530828087178426,0.21583621029217748,0.13108098098997994,H,0.44,0.56
2025-10-17,Ligue 1,Paris SG,Strasbourg,D,0.6950482255427513,0.17656427052024998,0.12838750393699877,H,0.44,0.56
2025-10-17,Bundesliga,Union Berlin,M'gladbach,H,0.4808722745826104,0.25175357154480954,0.26737415387258,H,0.44,0.56
2025-10-17,La Liga,Oviedo,Espanol,A,0.39221052905747167,0.27309883687074316,0.3346906340717851,H,0.44,0.56
2025-10-18,Ligue 1,Nice,Lyon,H,0.4052591630020816,0.2581369662602049,0.3366038707377135,H,0.44,0.56
2025-10-18,Ligue 1,Marseille,Le Havre,H,0.6895819703183956,0.19645534024389621,0.11396268943770821,H,0.44,0.56
2025-10-18,Ligue 1,Angers,Monaco,D,0.1543298305286282,0.20878891586461001,0.6368812536067618,A,0.44,0.56
2025-10-18,Premier League,Fulham,Arsenal,A,0.18842176431760213,0.22330748336755268,0.588270752314845,A,0.44,0.56
2025-10-18,Premier League,Sunderland,Wolves,H,0.3449758174007156,0.2836731890202634,0.37135099357902096,A,0.44,0.56
2025-10-18,Premier League,Crystal Palace,Bournemouth,D,0.48018992808323013,0.2576254307034437,0.26218464121332624,H,0.44,0.56
2025-10-18,Serie A,Pisa,Verona,D,0.46321301070204984,0.26803705930818217,0.268749929989768,H,0.44,0.56
2025-10-18,Serie A,Roma,Inter,A,0.3430654117093992,0.24281504245926205,0.4141195458313387,A,0.44,0.56
2025-10-18,Premier League,Nott'm Forest,Chelsea,A,0.26977124723162105,0.2465937685251163,0.4836349842432626,A,0.44,0.56
2025-10-18,La Liga,Ath Madrid,Osasuna,H,0.6522387394939124,0.20346864172354454,0.14429261878254301,H,0.44,0.56
2025-10-18,Bundesliga,Mainz,Leverkusen,A,0.20118406878861927,0.2219496994642586,0.576866231747122,A,0.44,0.56
2025-10-18,Bundesliga,FC Koln,Augsburg,D,0.4612223081065266,0.24878966038897699,0.28998803150449637,H,0.44,0.56
2025-10-18,La Liga,Barcelona,Girona,H,0.8249202263864139,0.12191034886875735,0.053169424744828706,H,0.44,0.56
2025-10-18,Premier League,Man City,Everton,H,0.6870298404758068,0.18521039986143073,0.12775975966276248,H,0.44,0.56
2025-10-18,Bundesliga,Heidenheim,Werder Bremen,D,0.2969257469344828,0.26156564027059503,0.4415086127949221,A,0.44,0.56
2025-10-18,Serie A,Torino,Napoli,H,0.2135769867637671,0.22892070808712323,0.5575023051491097,A,0.44,0.56
2025-10-18,Bundesliga,Bayern Munich,Dortmund,H,0.6772508396483068,0.18314028209419497,0.13960887825749818,H,0.44,0.56
2025-10-18,Bundesliga,Wolfsburg,Stuttgart,A,0.32562860247912007,0.26411259545328236,0.41025880206759757,A,0.44,0.56
2025-10-18,La Liga,Sevilla,Mallorca,A,0.49568631445145017,0.259658857239763,0.24465482830878682,H,0.44,0.56
2025-10-18,Premier League,Brighton,Newcastle,H,0.42664476776257376,0.26055114344544494,0.3128040887919813,H,0.44,0.56
2025-10-18,Bundesliga,RB Leipzig,Hamburg,H,0.686224368932667,0.20123103563089137,0.11254459543644163,H,0.44,0.56
2025-10-18,Premier League,Burnley,Leeds,H,0.3538109882487851,0.2782322202135376,0.36795679153767735,A,0.44,0.56
2025-10-18,Serie A,Lecce,Sassuolo,D,0.39689946269324106,0.2792122156825787,0.32388832162418024,H,0.44,0.56
2025-10-18,La Liga,Villarreal,Betis,D,0.47018108969261563,0.25470646495476623,0.27511244535261814,H,0.44,0.56
2025-10-19,Premier League,Liverpool,Man United,A,0.7009568404555984,0.1838801342055772,0.11516302533882436,H,0.44,0.56
2025-10-19,Serie A,Como,Juventus,H,0.2654994691340017,0.24559122767705438,0.4889093031889438,A,0.44,0.56
2025-10-19,Serie A,Genoa,Parma,D,0.49304410263639686,0.2657975985463372,0.24115829881726591,H,0.44,0.56
2025-10-19,Ligue 1,Rennes,Auxerre,D,0.5313849964136242,0.24721963478573572,0.22139536880063995,H,0.44,0.56
2025-10-19,Ligue 1,Lens,Paris FC,H,0.5852614862315118,0.23212725063610945,0.18261126313237874,H,0.44,0.56
2025-10-19,Serie A,Milan,Fiorentina,H,0.5619993756694845,0.23424241158475892,0.20375821274575656,H,0.44,0.56
2025-10-19,La Liga,Celta,Sociedad,D,0.47361017060666755,0.25727872920495615,0.26911110018837625,H,0.44,0.56
2025-10-19,Serie A,Cagliari,Bologna,A,0.2383737972787348,0.25548533349737507,0.5061408692238901,A,0.44,0.56
2025-10-19,La Liga,Levante,Vallecano,A,0.4210891298678351,0.264928818310125,0.3139820518220398,H,0.44,0.56
2025-10-19,Serie A,Atalanta,Lazio,D,0.5134825266792928,0.23358931023979956,0.2529281630809076,H,0.44,0.56
2025-10-19,Premier League,Tottenham,Aston Villa,A,0.34821309887797114,0.2590883736234,0.392698527498629,A,0.44,0.56
2025-10-19,Ligue 1,Lorient,Brest,D,0.2626659045208579,0.2643647697038587,0.47296932577528333,A,0.44,0.56
2025-10-19,Bundesliga,St Pauli,Hoffenheim,A,0.4216134138612595,0.2648696745365398,0.31351691160220063,H,0.44,0.56
2025-10-19,La Liga,Elche,Ath Bilbao,D,0.24984952321447879,0.2559564154039544,0.49419406138156674,A,0.44,0.56
2025-10-19,Ligue 1,Toulouse,Metz,H,0.634792754869042,0.2127817861914511,0.1524254589395069,H,0.44,0.56
2025-10-19,Bundesliga,Freiburg,Ein Frankfurt,D,0.4072669181034001,0.23754325664892323,0.35518982524767667,H,0.44,0.56
2025-10-19,Ligue 1,Nantes,Lille,A,0.22616327052600085,0.23860366684149353,0.5352330626325057,A,0.44,0.56
2025-10-19,La Liga,Getafe,Real Madrid,A,0.12006991430644656,0.17706476481435313,0.7028653208792004,A,0.44,0.56
2025-10-20,Serie A,Cremonese,Udinese,D,0.4212485958881996,0.27354529144823836,0.305206112663562,H,0.44,0.56
2025-10-20,Premier League,West Ham,Brentford,A,0.34976468145356604,0.26002899534877194,0.390206323197662,A,0.44,0.56
2025-10-20,La Liga,Alaves,Valencia,D,0.45329607140388317,0.2568672596059695,0.28983666899014726,H,0.44,0.56
2025-10-24,Serie A,Milan,Pisa,D,0.7024727891935989,0.19090295632474258,0.1066242544816586,H,0.44,0.56
2025-10-24,Bundesliga,Werder Bremen,Union Berlin,H,0.475265692690662,0.253739200635519,0.270995106673819,H,0.44,0.56
2025-10-24,Premier League,Leeds,West Ham,H,0.41810814654197626,0.26539162735801947,0.3165002261000043,H,0.44,0.56
2025-10-24,Ligue 1,Paris FC,Nantes,A,0.4811382755016316,0.2607468971036136,0.2581148273947548,H,0.44,0.56
2025-10-24,La Liga,Sociedad,Sevilla,H,0.42672821719299797,0.269955078358474,0.303316704448528,H,0.44,0.56
2025-10-25,Serie A,Parma,Como,D,0.26660802192179256,0.2736184636286408,0.4597735144495667,A,0.44,0.56
2025-10-25,Bundesliga,Augsburg,RB Leipzig,A,0.2693152442313912,0.2550735319991078,0.47561122376950105,A,0.44,0.56
2025-10-25,Ligue 1,Brest,Paris SG,A,0.19743068385533918,0.2095792346787495,0.5929900814659114,A,0.44,0.56
2025-10-25,Serie A,Udinese,Lecce,H,0.4801552165545558,0.26735023606424146,0.2524945473812027,H,0.44,0.56
2025-10-25,Serie A,Napoli,Inter,H,0.3671973987711601,0.2360814752743735,0.3967211259544662,A,0.44,0.56
2025-10-25,Premier League,Newcastle,Fulham,H,0.542281375746221,0.24054045926068987,0.217178164993089,H,0.44,0.56
2025-10-25,Premier League,Man United,Brighton,H,0.35606198060389027,0.2631905246976324,0.3807474946984773,A,0.44,0.56
2025-10-25,Premier League,Chelsea,Sunderland,A,0.7283770562478656,0.18092469499871916,0.09069824875341513,H,0.44,0.56
2025-10-25,La Liga,Espanol,Elche,H,0.4988259013485647,0.26582336662156997,0.23535073202986534,H,0.44,0.56
2025-10-25,La Liga,Ath Bilbao,Getafe,A,0.6106801092290475,0.22571193995401198,0.16360795081694057,H,0.44,0.56
2025-10-25,Bundesliga,Hoffenheim,Heidenheim,H,0.537024447848651,0.24864239114481995,0.21433316100652897,H,0.44,0.56
2025-10-25,Premier League,Brentford,Liverpool,H,0.24995124647323136,0.23024961885170953,0.5197991346750592,A,0.44,0.56
2025-10-25,La Liga,Valencia,Villarreal,A,0.2875476797274341,0.24882538005915006,0.4636269402134158,A,0.44,0.56
2025-10-25,La Liga,Girona,Oviedo,D,0.44933775539512266,0.2713751792931373,0.27928706531174,H,0.44,0.56
2025-10-25,Bundesliga,M'gladbach,Bayern Munich,A,0.07216253436586242,0.14060305904927645,0.7872344065848611,A,0.44,0.56
2025-10-25,Bundesliga,Ein Frankfurt,St Pauli,H,0.6670006007620002,0.1948619621037489,0.13813743713425092,H,0.44,0.56
2025-10-25,Bundesliga,Hamburg,Wolfsburg,A,0.39535030810342486,0.26816990099998766,0.3364797908965874,H,0.44,0.56
2025-10-25,Serie A,Cremonese,Atalanta,D,0.1816674744589078,0.23108283846472522,0.5872496870763669,A,0.44,0.56
2025-10-25,Ligue 1,Lens,Marseille,H,0.3424557762205981,0.2601949581582223,0.3973492656211796,A,0.44,0.56
2025-10-25,Ligue 1,Monaco,Toulouse,H,0.5808078726579576,0.22363910118106206,0.19555302616098036,H,0.44,0.56
2025-10-25,Bundesliga,Dortmund,FC Koln,H,0.6630050904916245,0.20299854894652106,0.13399636056185443,H,0.44,0.56
2025-10-26,Ligue 1,Angers,Lorient,H,0.3725744186817802,0.27460673550125825,0.35281884581696166,H,0.44,0.56
2025-10-26,La Liga,Vallecano,Alaves,H,0.47493392770774184,0.2637043967738989,0.2613616755183592,H,0.44,0.56
2025-10-26,Premier League,Bournemouth,Nott'm Forest,H,0.5703568875931062,0.22862278492113372,0.20102032748576001,H,0.44,0.56
2025-10-26,Ligue 1,Lille,Metz,H,0.7622780753752016,0.16028197987230908,0.07743994475248922,H,0.44,0.56
2025-10-26,La Liga,Osasuna,Celta,A,0.4367710186823924,0.26643908930766363,0.2967898920099441,H,0.44,0.56
2025-10-26,Ligue 1,Rennes,Nice,A,0.3813882996119675,0.249872545360134,0.36873915502789845,H,0.44,0.56
2025-10-26,La Liga,Real Madrid,Barcelona,H,0.49770618195610605,0.22359319156258736,0.27870062648130656,H,0.44,0.56
2025-10-26,Premier League,Arsenal,Crystal Palace,H,0.6422723704143662,0.20434719269290758,0.1533804368927263,H,0.44,0.56
2025-10-26,Bundesliga,Stuttgart,Mainz,H,0.5637700535147471,0.23094693991858656,0.2052830065666664,H,0.44,0.56
2025-10-26,Serie A,Fiorentina,Bologna,D,0.3407456709782244,0.2517266843232669,0.40752764469850866,A,0.44,0.56
2025-10-26,Ligue 1,Lyon,Strasbourg,H,0.4242354289811914,0.25049353464207175,0.32527103637673693,H,0.44,0.56
2025-10-26,Premier League,Aston Villa,Man City,H,0.2815717669797561,0.24858641620631602,0.46984181681392784,A,0.44,0.56
2025-10-26,Serie A,Lazio,Juventus,H,0.37036269283316003,0.2430202612689951,0.3866170458978449,A,0.44,0.56
2025-10-26,Premier League,Everton,Tottenham,A,0.46409661734986274,0.2611123576480833,0.27479102500205393,H,0.44,0.56
2025-10-26,La Liga,Mallorca,Levante,D,0.4659817763915657,0.2667676342372198,0.2672505893712146,H,0.44,0.56
2025-10-26,Premier League,Wolves,Burnley,A,0.4944860328401105,0.2633067014824233,0.24220726567746614,H,0.44,0.56
2025-10-26,Serie A,Verona,Cagliari,D,0.4096291994100194,0.28235756703676085,0.3080132335532197,H,0.44,0.56
2025-10-26,Bundesliga,Leverkusen,Freiburg,H,0.6434053433589482,0.2077955596327726,0.14879909700827929,H,0.44,0.56
2025-10-26,Serie A,Torino,Genoa,H,0.5023508984690144,0.25660047396198593,0.24104862756899958,H,0.44,0.56
2025-10-26,Ligue 1,Auxerre,Le Havre,A,0.4829709446475138,0.25768709964982495,0.2593419557026613,H,0.44,0.56
2025-10-26,Serie A,Sassuolo,Roma,A,0.20223736768095724,0.24669315741984194,0.5510694748992009,A,0.44,0.56
2025-10-27,La Liga,Betis,Ath Madrid,A,0.3669174791586167,0.24921883764603459,0.3838636831953487,A,0.44,0.56
2025-10-28,Serie A,Lecce,Napoli,A,0.1508630113235546,0.20173518624240283,0.6474018024340427,A,0.44,0.56
2025-10-28,Serie A,Atalanta,Milan,D,0.4316642404452072,0.24882486470680945,0.31951089484798334,H,0.44,0.56
2025-10-29,Ligue 1,Nantes,Monaco,A,0.23678588248461813,0.23844124049361215,0.5247728770217697,A,0.44,0.56
2025-10-29,Ligue 1,Le Havre,Brest,H,0.31019575937031285,0.2665320237425528,0.42327221688713423,A,0.44,0.56
2025-10-29,Ligue 1,Lorient,Paris SG,D,0.09256653675640467,0.15812176708299774,0.7493116961605976,A,0.44,0.56
2025-10-29,Serie A,Juventus,Udinese,H,0.6503918700003246,0.20361192567809877,0.14599620432157664,H,0.44,0.56
2025-10-29,Serie A,Inter,Fiorentina,H,0.6682906738618065,0.19242308959932286,0.13928623653887062,H,0.44,0.56
2025-10-29,Ligue 1,Nice,Lille,H,0.380222065262564,0.25021011759798856,0.36956781713944736,H,0.44,0.56
2025-10-29,Ligue 1,Strasbourg,Auxerre,H,0.6539137611658625,0.20067048410888552,0.14541575472525195,H,0.44,0.56
2025-10-29,Ligue 1,Marseille,Angers,D,0.7616360585745756,0.15880871548539616,0.07955522594002817,H,0.44,0.56
2025-10-29,Serie A,Genoa,Cremonese,A,0.4379689166906283,0.26729475186423435,0.29473633144513733,H,0.44,0.56
2025-10-29,Serie A,Roma,Parma,H,0.7101778987726115,0.19633140842863733,0.09349069279875122,H,0.44,0.56
2025-10-29,Ligue 1,Metz,Lens,H,0.1375314896428055,0.22181633585638458,0.64065217450081,A,0.44,0.56
2025-10-29,Serie A,Bologna,Torino,D,0.6052552094983052,0.21460836917010273,0.1801364213315921,H,0.44,0.56
2025-10-29,Ligue 1,Toulouse,Rennes,D,0.4577186762332306,0.253206936118649,0.28907438764812055,H,0.44,0.56
2025-10-29,Ligue 1,Paris FC,Lyon,D,0.2814435558925336,0.24867961466818933,0.46987682943927706,A,0.44,0.56
2025-10-29,Serie A,Como,Verona,H,0.5714988487015215,0.2452959294862591,0.1832052218122194,H,0.44,0.56
2025-10-30,Serie A,Cagliari,Sassuolo,A,0.4213752812689181,0.28231165966255367,0.2963130590685282,H,0.44,0.56
2025-10-30,Serie A,Pisa,Lazio,D,0.24063496089204212,0.2506390386206092,0.5087260004873486,A,0.44,0.56
2025-10-31,Bundesliga,Augsburg,Dortmund,A,0.21288504177724468,0.24443978624223878,0.5426751719805165,A,0.44,0.56
2025-10-31,La Liga,Getafe,Girona,H,0.44025775878045403,0.27118195015863256,0.2885602910609134,H,0.44,0.56
2025-11-01,Premier League,Tottenham,Chelsea,A,0.32695647386354987,0.24855411357908674,0.4244894125573634,A,0.44,0.56
2025-11-01,Bundesliga,Union Berlin,Freiburg,D,0.3646112486049913,0.2693157678380269,0.36607298355698165,A,0.44,0.56
2025-11-01,Premier League,Nott'm Forest,Man United,D,0.3434632363785902,0.2657786027118926,0.3907581609095172,A,0.44,0.56
2025-11-01,Bundesliga,Heidenheim,Ein Frankfurt,D,0.22134817962210557,0.2261203749832222,0.5525314453946721,A,0.44,0.56
2025-11-01,Premier League,Brighton,Leeds,H,0.644455248655535,0.210587525718854,0.14495722562561078,H,0.44,0.56
2025-11-01,Ligue 1,Monaco,Paris FC,A,0.6547853867421242,0.20158760095993755,0.14362701229793814,H,0.44,0.56
2025-11-01,La Liga,Villarreal,Vallecano,H,0.5901354497081486,0.23341548588079913,0.17644906441105232,H,0.44,0.56
2025-11-01,La Liga,Ath Madrid,Sevilla,H,0.7120294168241406,0.18101800514299224,0.10695257803286723,H,0.44,0.56
2025-11-01,Premier League,Crystal Palace,Brentford,H,0.4822744462333179,0.24786394304764608,0.2698616107190359,H,0.44,0.56
2025-11-01,Serie A,Napoli,Como,D,0.6160775236989104,0.22031197013262316,0.1636105061684664,H,0.44,0.56
2025-11-01,Premier League,Burnley,Arsenal,A,0.11182501930033048,0.18941616335008413,0.6987588173495853,A,0.44,0.56
2025-11-01,La Liga,Sociedad,Ath Bilbao,H,0.3113471979722202,0.2706332503439154,0.4180195516838644,A,0.44,0.56
2025-11-01,Bundesliga,RB Leipzig,Stuttgart,H,0.5308320778481587,0.24255120603788713,0.22661671611395423,H,0.44,0.56
2025-11-01,Ligue 1,Auxerre,Marseille,A,0.18931709305626443,0.22193182236336634,0.5887510845803692,A,0.44,0.56
2025-11-01,Premier League,Fulham,Wolves,H,0.5485164397270164,0.23865889135398793,0.21282466891899565,H,0.44,0.56
2025-11-01,La Liga,Real Madrid,Valencia,H,0.7942099473243419,0.13873282418813782,0.06705722848752027,H,0.44,0.56
2025-11-01,Bundesliga,St Pauli,M'gladbach,A,0.4051210320892533,0.2629830556139277,0.331895912296819,H,0.44,0.56
2025-11-01,Bundesliga,Mainz,Werder Bremen,D,0.4412382358769966,0.25272116811408407,0.30604059600891925,H,0.44,0.56
2025-11-01,Bundesliga,Bayern Munich,Leverkusen,H,0.6018956791737017,0.20231719921388586,0.19578712161241246,H,0.44,0.56
2025-11-01,Serie A,Cremonese,Juventus,A,0.21919295336657124,0.23894307080855087,0.5418639758248779,A,0.44,0.56
2025-11-01,Ligue 1,Paris SG,Nice,H,0.6681484608052327,0.18814131102164228,0.14371022817312498,H,0.44,0.56
2025-11-01,Serie A,Udinese,Atalanta,H,0.2417899036687482,0.2447737474693471,0.5134363488619047,A,0.44,0.56
2025-11-01,Premier League,Liverpool,Aston Villa,H,0.547696426068121,0.22570125279112696,0.22660232114075202,H,0.44,0.56
2025-11-02,Serie A,Fiorentina,Lecce,A,0.5904738872764349,0.2333637540297857,0.1761623586937793,H,0.44,0.56
2025-11-02,La Liga,Alaves,Espanol,H,0.39553919614140765,0.2786287234695308,0.32583208038906153,H,0.44,0.56
2025-11-02,Ligue 1,Toulouse,Le Havre,D,0.5558270253748941,0.2394367881900355,0.2047361864350703,H,0.44,0.56
2025-11-02,Serie A,Verona,Inter,A,0.10602173123891254,0.17598656702605814,0.7179917017350294,A,0.44,0.56
2025-11-02,Ligue 1,Brest,Lyon,D,0.32842244309753127,0.25027885662759475,0.4212987002748739,A,0.44,0.56
2025-11-02,Serie A,Parma,Bologna,A,0.19010183818557716,0.23903480862957727,0.5708633531848455,A,0.44,0.56
2025-11-02,Bundesliga,Wolfsburg,Hoffenheim,A,0.3848341968375327,0.27443856674648476,0.34072723641598257,H,0.44,0.56
2025-11-02,Bundesliga,FC Koln,Hamburg,H,0.46383301408800154,0.2765706124391736,0.2595963734728248,H,0.44,0.56
2025-11-02,Ligue 1,Lille,Angers,H,0.7343374692962128,0.16978526329976115,0.09587726740402605,H,0.44,0.56
2025-11-02,Ligue 1,Lens,Lorient,H,0.6236186209903214,0.22347693576950634,0.15290444324017233,H,0.44,0.56
2025-11-02,Ligue 1,Rennes,Strasbourg,H,0.3060990233492563,0.24494920736778875,0.448951769282955,A,0.44,0.56
2025-11-02,La Liga,Barcelona,Elche,H,0.7897141883486269,0.14554664279207427,0.0647391688592988,H,0.44,0.56
2025-11-02,Premier League,West Ham,Newcastle,H,0.24188728644355506,0.24865820463473914,0.5094545089217057,A,0.44,0.56
2025-11-02,Premier League,Man City,Bournemouth,H,0.6245163209822069,0.20829175860328167,0.16719192041451145,H,0.44,0.56
2025-11-02,La Liga,Levante,Celta,A,0.3417791681684796,0.2727221334006693,0.3854986984308512,A,0.44,0.56
2025-11-02,Ligue 1,Nantes,Metz,A,0.586196705405274,0.2339650113450755,0.1798382832496505,H,0.44,0.56
2025-11-02,Serie A,Torino,Pisa,D,0.5445039751135579,0.2501338948190663,0.20536213006737586,H,0.44,0.56
2025-11-02,La Liga,Betis,Mallorca,H,0.5880958003161152,0.2361874700529949,0.17571672963088997,H,0.44,0.56
2025-11-02,Serie A,Milan,Roma,H,0.42252114877131663,0.25523640828615723,0.3222424429425261,H,0.44,0.56
2025-11-03,La Liga,Oviedo,Osasuna,D,0.3704853889016301,0.2681392741875227,0.3613753369108472,H,0.44,0.56
2025-11-03,Serie A,Sassuolo,Genoa,A,0.45597677395151837,0.2721081860793852,0.2719150399690963,H,0.44,0.56
2025-11-03,Serie A,Lazio,Cagliari,H,0.6629657998219858,0.2044578018661224,0.13257639831189189,H,0.44,0.56
2025-11-03,Premier League,Sunderland,Everton,D,0.31082285617993166,0.2735468685592327,0.4156302752608356,A,0.44,0.56
2025-11-07,La Liga,Elche,Sociedad,D,0.3394478676412222,0.27462456731022333,0.3859275650485544,A,0.44,0.56
2025-11-07,Bundesliga,Werder Bremen,Wolfsburg,H,0.5256566917068974,0.25240826717785875,0.22193504111524387,H,0.44,0.56
2025-11-07,Ligue 1,Paris FC,Rennes,A,0.3821841886459839,0.2578992456757336,0.35991656567828245,H,0.44,0.56
2025-11-07,Serie A,Pisa,Cremonese,H,0.43022033065144577,0.2693523352233844,0.3004273341251698,H,0.44,0.56
2025-11-08,Ligue 1,Le Havre,Nantes,D,0.4619632814134783,0.2685054924261024,0.2695312261604193,H,0.44,0.56
2025-11-08,La Liga,Girona,Alaves,H,0.40091131100077093,0.2762283040368867,0.32286038496234226,H,0.44,0.56
2025-11-08,Bundesliga,Leverkusen,Heidenheim,H,0.779878545594606,0.151393667301718,0.06872778710367593,H,0.44,0.56
2025-11-08,Premier League,Everton,Fulham,H,0.43480960280738123,0.2596780571528803,0.30551234003973843,H,0.44,0.56
2025-11-08,Premier League,Tottenham,Man United,D,0.3891903684929764,0.2592793180973127,0.35153031340971086,H,0.44,0.56
2025-11-08,Bundesliga,Hamburg,Dortmund,D,0.17492380696122267,0.2273699556916501,0.5977062373471272,A,0.44,0.56
2025-11-08,Bundesliga,Union Berlin,Bayern Munich,D,0.09936266192298118,0.1719214800384543,0.7287158580385644,A,0.44,0.56
2025-11-08,Serie A,Lecce,Verona,D,0.43481159010459625,0.2779100748523348,0.2872783350430688,H,0.44,0.56
2025-11-08,Premier League,Chelsea,Wolves,H,0.7054282216096837,0.1857800424591815,0.10879173593113478,H,0.44,0.56
2025-11-08,Ligue 1,Monaco,Lens,A,0.4857104037235871,0.24554715375973973,0.26874244251667334,H,0.44,0.56
2025-11-08,Serie A,Juventus,Torino,D,0.5978338550637321,0.22466477160036186,0.177501373335906,H,0.44,0.56
2025-11-08,Bundesliga,M'gladbach,FC Koln,H,0.42784567425257547,0.26559934991862055,0.3065549758288039,H,0.44,0.56
2025-11-08,Premier League,Sunderland,Arsenal,D,0.11787327430892672,0.2029551836863705,0.6791715420047029,A,0.44,0.56
2025-11-08,Serie A,Como,Cagliari,D,0.600990478420494,0.2301652514199124,0.16884427015959352,H,0.44,0.56
2025-11-08,La Liga,Sevilla,Osasuna,H,0.3959321416388075,0.2701763417975096,0.3338915165636828,H,0.44,0.56
2025-11-08,La Liga,Espanol,Villarreal,A,0.23504479143408563,0.24648437035945275,0.5184708382064616,A,0.44,0.56
2025-11-08,La Liga,Ath Madrid,Levante,H,0.7557116854817683,0.1626414425506586,0.08164687196757314,H,0.44,0.56
2025-11-08,Bundesliga,Hoffenheim,RB Leipzig,H,0.26285225510821414,0.25137112654571014,0.48577661834607566,A,0.44,0.56
2025-11-08,Ligue 1,Marseille,Brest,H,0.6325987913414366,0.20565545378380076,0.16174575487476273,H,0.44,0.56
2025-11-08,Serie A,Parma,Milan,D,0.1631159869311874,0.22216211040460895,0.6147219026642037,A,0.44,0.56
2025-11-08,Premier League,West Ham,Burnley,H,0.5273816413024919,0.25107396524757963,0.22154439344992854,H,0.44,0.56
2025-11-09,Ligue 1,Lorient,Toulouse,D,0.3042042591695935,0.272661559511483,0.4231341813189234,A,0.44,0.56
2025-11-09,Premier League,Crystal Palace,Brighton,D,0.44444788717233047,0.24829019434488836,0.3072619184827811,H,0.44,0.56
2025-11-09,La Liga,Celta,Barcelona,A,0.20618462344121652,0.21713946041825588,0.5766759161405275,A,0.44,0.56
2025-11-09,Ligue 1,Lyon,Paris SG,A,0.24305475187526926,0.21952616117371943,0.5374190869510114,A,0.44,0.56
2025-11-09,Serie A,Inter,Lazio,H,0.6297676452079686,0.20920652235489662,0.1610258324371347,H,0.44,0.56
2025-11-09,Serie A,Roma,Udinese,H,0.6450677967551606,0.2127245696283363,0.14220763361650307,H,0.44,0.56
2025-11-09,Premier League,Nott'm Forest,Leeds,H,0.5215055706839756,0.2515085268562122,0.2269859024598121,H,0.44,0.56
2025-11-09,La Liga,Valencia,Betis,D,0.2728347644130634,0.2584828614593119,0.46868237412762465,A,0.44,0.56
2025-11-09,Premier League,Aston Villa,Bournemouth,H,0.4948690143345703,0.2468395559828664,0.25829142968256324,H,0.44,0.56
2025-11-09,Serie A,Genoa,Fiorentina,D,0.3404844692263585,0.25906311322803205,0.40045241754560945,A,0.44,0.56
2025-11-09,Serie A,Bologna,Napoli,H,0.38506231507475797,0.2501826720839803,0.36475501284126166,H,0.44,0.56
2025-11-09,La Liga,Mallorca,Getafe,H,0.4102880077418414,0.2801143044927983,0.30959768776536023,H,0.44,0.56
2025-11-09,Premier League,Man City,Liverpool,H,0.48531846021626146,0.22450070496746383,0.2901808348162747,H,0.44,0.56
2025-11-09,La Liga,Vallecano,Real Madrid,D,0.14351578994891248,0.198469521218966,0.6580146888321217,A,0.44,0.56
2025-11-09,Ligue 1,Strasbourg,Lille,H,0.3984454917707693,0.2432699630507762,0.35828454517845454,H,0.44,0.56
2025-11-09,Bundesliga,Freiburg,St Pauli,H,0.6074920782587024,0.22466930165615906,0.1678386200851385,H,0.44,0.56
2025-11-09,La Liga,Ath Bilbao,Oviedo,H,0.5983275895664473,0.22847507241961484,0.17319733801393772,H,0.44,0.56
2025-11-09,Premier League,Brentford,Newcastle,H,0.39638493681220166,0.25661461456872536,0.3470004486190731,H,0.44,0.56
2025-11-09,Bundesliga,Stuttgart,Augsburg,H,0.625449108760888,0.2186999582346045,0.15585093300450745,H,0.44,0.56
2025-11-09,Serie A,Atalanta,Sassuolo,A,0.6522974648443025,0.21361954795002114,0.1340829872056764,H,0.44,0.56
2025-11-09,Ligue 1,Metz,Nice,H,0.17682989258028198,0.23776413942079017,0.5854059679989279,A,0.44,0.56
2025-11-09,Ligue 1,Angers,Auxerre,H,0.39515430355025144,0.27550546999757897,0.32934022645216954,H,0.44,0.56
2025-11-09,Bundesliga,Ein Frankfurt,Mainz,H,0.6041041576439123,0.21121875895393621,0.18467708340215164,H,0.44,0.56
2025-11-21,Bundesliga,Mainz,Hoffenheim,D,0.3795751641826739,0.2651783446233426,0.35524649119398344,H,0.44,0.56
2025-11-21,La Liga,Valencia,Levante,H,0.4760251514324871,0.26447754524650263,0.25949730332101023,H,0.44,0.56
2025-11-21,Ligue 1,Nice,Marseille,A,0.35501668467568065,0.251382123235824,0.3936011920884953,A,0.44,0.56
2025-11-22,Ligue 1,Paris SG,Le Havre,H,0.8310941234691518,0.1199556636879424,0.0489502128429057,H,0.44,0.56
2025-11-22,Ligue 1,Lens,Strasbourg,H,0.4974634301565054,0.23865583973065618,0.26388073011283836,H,0.44,0.56
2025-11-22,La Liga,Alaves,Celta,A,0.3856227941539919,0.2685421983948596,0.3458350074511485,H,0.44,0.56
2025-11-22,Premier League,Newcastle,Man City,H,0.2520005179891874,0.24009642014567317,0.5079030618651394,A,0.44,0.56
2025-11-22,La Liga,Osasuna,Sociedad,A,0.42020500943820427,0.2696540659424428,0.3101409246193529,H,0.44,0.56
2025-11-22,Serie A,Udinese,Bologna,A,0.24953129003786162,0.25648540870374475,0.4939833012583937,A,0.44,0.56
2025-11-22,Serie A,Fiorentina,Juventus,D,0.294342120272706,0.24565021688626754,0.46000766284102645,A,0.44,0.56
2025-11-22,Bundesliga,FC Koln,Ein Frankfurt,A,0.2965647176320856,0.26087453921445225,0.44256074315346206,A,0.44,0.56
2025-11-22,Serie A,Napoli,Atalanta,H,0.5292384763504627,0.23810892440746412,0.2326525992420732,H,0.44,0.56
2025-11-22,Ligue 1,Rennes,Monaco,H,0.37513392113676725,0.24753854051263458,0.3773275383505982,A,0.44,0.56
2025-11-22,Bundesliga,Heidenheim,M'gladbach,A,0.32972307246819293,0.2753502723527246,0.3949266551790825,A,0.44,0.56
2025-11-22,Premier League,Liverpool,Nott'm Forest,A,0.6945155008232512,0.1809454775384175,0.12453902163833125,H,0.44,0.56
2025-11-22,Bundesliga,Bayern Munich,Freiburg,H,0.7638455140773517,0.15288434286508246,0.08327014305756597,H,0.44,0.56
2025-11-22,Premier League,Brighton,Brentford,H,0.4907344902311237,0.24919625245774474,0.2600692573111316,H,0.44,0.56
2025-11-22,Serie A,Cagliari,Genoa,D,0.3879945644725612,0.2739811851153603,0.3380242504120785,H,0.44,0.56
2025-11-22,Bundesliga,Augsburg,Hamburg,H,0.46671649314197605,0.26682626190050374,0.2664572449575201,H,0.44,0.56
2025-11-22,Premier League,Fulham,Sunderland,H,0.53889351530306,0.2500658025696291,0.2110406821273108,H,0.44,0.56
2025-11-22,Bundesliga,Dortmund,Stuttgart,D,0.5099421188667499,0.24593980984119612,0.24411807129205404,H,0.44,0.56
2025-11-22,Premier League,Wolves,Crystal Palace,A,0.21314081517172717,0.24238190898562595,0.5444772758426468,A,0.44,0.56
2025-11-22,La Liga,Barcelona,Ath Bilbao,H,0.6673348643956407,0.1931840384872963,0.13948109711706302,H,0.44,0.56
2025-11-22,Premier League,Burnley,Chelsea,A,0.16974522992263524,0.2270428989203775,0.6032118711569873,A,0.44,0.56
2025-11-22,La Liga,Villarreal,Mallorca,H,0.7027820357840568,0.1848892430960003,0.11232872111994287,H,0.44,0.56
2025-11-22,Bundesliga,Wolfsburg,Leverkusen,A,0.1362581847361879,0.1920567610652557,0.6716850541985564,A,0.44,0.56
2025-11-22,Premier League,Bournemouth,West Ham,D,0.570841600312965,0.23254946892100975,0.19660893076602518,H,0.44,0.56
2025-11-23,Ligue 1,Nantes,Lorient,D,0.4579803666313713,0.2628804887678995,0.2791391446007292,H,0.44,0.56
2025-11-23,La Liga,Oviedo,Vallecano,D,0.3501465200047205,0.2793593024033157,0.3704941775919637,A,0.44,0.56
2025-11-23,La Liga,Elche,Real Madrid,D,0.0928306184039033,0.16795985467091218,0.7392095269251846,A,0.44,0.56
2025-11-23,Ligue 1,Lille,Paris FC,H,0.638265518411832,0.2097451338032579,0.15198934778491022,H,0.44,0.56
2025-11-23,Bundesliga,St Pauli,Union Berlin,A,0.3046974785671558,0.27513233593974945,0.4201701854930947,A,0.44,0.56
2025-11-23,Bundesliga,RB Leipzig,Werder Bremen,H,0.5998166580204303,0.22079383205882536,0.17938950992074443,H,0.44,0.56
2025-11-23,La Liga,Getafe,Ath Madrid,A,0.18401761207471146,0.23529688511359714,0.5806855028116915,A,0.44,0.56
2025-11-23,Premier League,Arsenal,Tottenham,H,0.7078524942911896,0.18490582387394977,0.10724168183486063,H,0.44,0.56
2025-11-23,Serie A,Inter,Milan,A,0.5697466459508644,0.22191101714060918,0.20834233690852627,H,0.44,0.56
2025-11-23,Ligue 1,Toulouse,Angers,A,0.5423067556136711,0.2516549837118767,0.20603826067445213,H,0.44,0.56
2025-11-23,Serie A,Cremonese,Roma,A,0.20237753237617284,0.23752527262691964,0.5600971949969075,A,0.44,0.56
2025-11-23,Serie A,Verona,Parma,A,0.43719955899023577,0.27321657572331776,0.2895838652864465,H,0.44,0.56
2025-11-23,Serie A,Lazio,Lecce,H,0.6201989629647046,0.2327645425344618,0.14703649450083361,H,0.44,0.56
2025-11-23,Ligue 1,Brest,Metz,H,0.5886493765035117,0.2332593205567447,0.17809130293974373,H,0.44,0.56
2025-11-23,La Liga,Betis,Girona,D,0.609340016050814,0.22318299043778037,0.1674769935114055,H,0.44,0.56
2025-11-23,Premier League,Leeds,Aston Villa,A,0.18395680594317243,0.23579198823476957,0.5802512058220579,A,0.44,0.56
2025-11-23,Ligue 1,Auxerre,Lyon,D,0.21622448187330456,0.23162450922424357,0.5521510089024518,A,0.44,0.56
2025-11-24,La Liga,Espanol,Sevilla,H,0.44585983243732924,0.26598674992564586,0.28815341763702484,H,0.44,0.56
2025-11-24,Serie A,Torino,Como,A,0.4007555020383783,0.28199205283363965,0.317252445127982,H,0.44,0.56
2025-11-24,Premier League,Man United,Everton,A,0.5035064020642651,0.24748793464574198,0.2490056632899929,H,0.44,0.56
2025-11-24,Serie A,Sassuolo,Pisa,D,0.41960966301031477,0.27813965960847464,0.3022506773812107,H,0.44,0.56
2025-11-28,Serie A,Como,Sassuolo,H,0.5728245897233772,0.23692480383416026,0.1902506064424626,H,0.44,0.56
2025-11-28,Ligue 1,Metz,Rennes,A,0.25193482050818006,0.2615242852149947,0.48654089427682523,A,0.44,0.56
2025-11-28,La Liga,Getafe,Elche,H,0.44888818318008605,0.27666799689563815,0.27444381992427574,H,0.44,0.56
2025-11-28,Bundesliga,M'gladbach,RB Leipzig,D,0.2530851243541099,0.24194997147149844,0.5049649041743917,A,0.44,0.56
2025-11-29,Premier League,Brentford,Burnley,H,0.6521147419809984,0.21241609170426262,0.13546916631473901,H,0.44,0.56
2025-11-29,Ligue 1,Marseille,Toulouse,D,0.6683235052811979,0.1975673731687407,0.1341091215500614,H,0.44,0.56
2025-11-29,Bundesliga,Hoffenheim,Augsburg,H,0.5797799123936518,0.2311430883128358,0.18907699929351238,H,0.44,0.56
2025-11-29,Premier League,Man City,Leeds,H,0.8168340009292299,0.1273661128899955,0.05579988618077457,H,0.44,0.56
2025-11-29,La Liga,Ath Madrid,Oviedo,H,0.7346908226719605,0.17706882341709107,0.08824035391094845,H,0.44,0.56
2025-11-29,Bundesliga,Bayern Munich,St Pauli,H,0.8995813555007799,0.07545866532259976,0.02495997917662019,H,0.44,0.56
2025-11-29,Premier League,Everton,Newcastle,A,0.38625846401066427,0.2581823703212782,0.35555916566805745,H,0.44,0.56
2025-11-29,Premier League,Tottenham,Fulham,A,0.425515247747414,0.26269579551103606,0.31178895674154994,H,0.44,0.56
2025-11-29,La Liga,Levante,Ath Bilbao,A,0.2636125832938156,0.25343196937969326,0.4829554473264912,A,0.44,0.56
2025-11-29,Bundesliga,Werder Bremen,FC Koln,D,0.5200612049248234,0.24907224759891708,0.23086654747625962,H,0.44,0.56
2025-11-29,Premier League,Sunderland,Bournemouth,H,0.2941281367068967,0.2536443932107217,0.4522274700823816,A,0.44,0.56
2025-11-29,Serie A,Milan,Lazio,H,0.5228823678704524,0.24645049969304378,0.23066713243650372,H,0.44,0.56
2025-11-29,Ligue 1,Monaco,Paris SG,H,0.20477015241894486,0.21714404996693523,0.5780857976141198,A,0.44,0.56
2025-11-29,Bundesliga,Leverkusen,Dortmund,A,0.5922198829079954,0.20911563064138877,0.19866448645061582,H,0.44,0.56
2025-11-29,Serie A,Parma,Udinese,A,0.4066390875606983,0.26711905840312816,0.32624185403617345,H,0.44,0.56
2025-11-29,La Liga,Barcelona,Alaves,H,0.8105775683251482,0.13216519591954878,0.05725723575530296,H,0.44,0.56
2025-11-29,Serie A,Genoa,Verona,H,0.5083482546039955,0.25210434456311637,0.23954740083288806,H,0.44,0.56
2025-11-29,Bundesliga,Union Berlin,Heidenheim,A,0.6141062055822414,0.22219541443063281,0.16369837998712572,H,0.44,0.56
2025-11-29,La Liga,Mallorca,Osasuna,D,0.4157956082058839,0.27109744409271136,0.3131069477014047,H,0.44,0.56
2025-11-29,Ligue 1,Paris FC,Auxerre,D,0.49965853178615816,0.2580308703159794,0.2423105978978624,H,0.44,0.56
2025-11-29,Serie A,Juventus,Cagliari,H,0.7059599857148422,0.1848827507758989,0.10915726350925897,H,0.44,0.56
2025-11-30,Ligue 1,Lorient,Nice,H,0.263502417944388,0.2527934049893778,0.4837041770662341,A,0.44,0.56
2025-11-30,Ligue 1,Angers,Lens,A,0.22553170063089759,0.2537159609813508,0.5207523383877516,A,0.44,0.56
2025-11-30,Serie A,Lecce,Torino,H,0.3235802581481091,0.27045783299569376,0.4059619088561971,A,0.44,0.56
2025-11-30,La Liga,Sevilla,Betis,A,0.269280502151859,0.25631652359605256,0.47440297425208844,A,0.44,0.56
2025-11-30,Premier League,Crystal Palace,Man United,A,0.5119461852436419,0.24231754990768328,0.24573626484867483,H,0.44,0.56
2025-11-30,Premier League,West Ham,Liverpool,A,0.22616029807489552,0.22259213493906366,0.5512475669860408,A,0.44,0.56
2025-11-30,Premier League,Chelsea,Arsenal,D,0.3312178811113981,0.24721798782907,0.42156413105953194,A,0.44,0.56
2025-11-30,Serie A,Roma,Napoli,A,0.4303987745082354,0.2523311083530163,0.31727011713874825,H,0.44,0.56
2025-11-30,Ligue 1,Strasbourg,Brest,A,0.5408042885366054,0.2363186557477862,0.22287705571560829,H,0.44,0.56
2025-11-30,Bundesliga,Freiburg,Mainz,H,0.48468038602001223,0.2512513996673856,0.26406821431260213,H,0.44,0.56
2025-11-30,Premier League,Aston Villa,Wolves,H,0.7444544046939522,0.1675884008857343,0.08795719442031355,H,0.44,0.56
2025-11-30,Bundesliga,Hamburg,Stuttgart,H,0.20126736734390538,0.23010870721070736,0.5686239254453871,A,0.44,0.56
2025-11-30,La Liga,Sociedad,Villarreal,A,0.25438779316161353,0.2516258538915033,0.4939863529468831,A,0.44,0.56
2025-11-30,Ligue 1,Lyon,Nantes,H,0.646191175697657,0.20645426541529815,0.1473545588870447,H,0.44,0.56
2025-11-30,Bundesliga,Ein Frankfurt,Wolfsburg,D,0.6585245003873188,0.2031155002720592,0.13835999934062204,H,0.44,0.56
2025-11-30,Serie A,Pisa,Inter,A,0.16312774267083224,0.2085170867785247,0.628355170550643,A,0.44,0.56
2025-11-30,Ligue 1,Le Havre,Lille,A,0.21250491557272244,0.2457192436202243,0.5417758408070531,A,0.44,0.56
2025-11-30,La Liga,Celta,Espanol,A,0.4929727108323554,0.2648490127029878,0.24217827646465687,H,0.44,0.56
2025-11-30,Premier League,Nott'm Forest,Brighton,A,0.35598873131281406,0.25889736875754327,0.3851138999296426,A,0.44,0.56
2025-11-30,La Liga,Girona,Real Madrid,D,0.12630027405920113,0.18754582458719676,0.686153901353602,A,0.44,0.56
2025-11-30,Serie A,Atalanta,Fiorentina,H,0.5077047051359986,0.2397453668926049,0.2525499279713964,H,0.44,0.56
2025-12-01,La Liga,Vallecano,Valencia,D,0.47837348641634925,0.2696500071518996,0.2519765064317511,H,0.44,0.56
2025-12-01,Serie A,Bologna,Cremonese,A,0.6933707441223858,0.19087477275438086,0.11575448312323333,H,0.44,0.56
2025-12-02,Premier League,Bournemouth,Everton,A,0.4634512553303281,0.2515900832445826,0.2849586614250892,H,0.44,0.56
2025-12-02,Premier League,Newcastle,Tottenham,D,0.5933690668333866,0.2218909615014739,0.1847399716651395,H,0.44,0.56
2025-12-02,Premier League,Fulham,Man City,A,0.21464189208202344,0.2291368334707553,0.5562212744472212,A,0.44,0.56
2025-12-02,La Liga,Barcelona,Ath Madrid,H,0.5691202119758478,0.21760738955583142,0.21327239846832086,H,0.44,0.56
2025-12-03,Premier League,Burnley,Crystal Palace,A,0.20089032776010227,0.2464445186087869,0.5526651536311108,A,0.44,0.56
2025-12-03,Premier League,Liverpool,Sunderland,D,0.7316769770986025,0.1742044462889088,0.09411857661248876,H,0.44,0.56
2025-12-03,Premier League,Leeds,Chelsea,H,0.17038534817144102,0.22615336109047984,0.6034612907380792,A,0.44,0.56
2025-12-03,La Liga,Ath Bilbao,Real Madrid,A,0.2139531412525742,0.22620053068512475,0.5598463280623011,A,0.44,0.56
2025-12-03,Premier League,Arsenal,Brentford,H,0.6943185390607979,0.1815589488021785,0.1241225121370236,H,0.44,0.56
2025-12-03,Premier League,Brighton,Aston Villa,A,0.4150944389475316,0.2590355115645922,0.3258700494878761,H,0.44,0.56
2025-12-03,Premier League,Wolves,Nott'm Forest,A,0.2728334745197581,0.2638074769071223,0.4633590485731196,A,0.44,0.56
2025-12-04,Premier League,Man United,West Ham,D,0.5685491234495611,0.2311312547541507,0.2003196217962883,H,0.44,0.56
2025-12-05,Ligue 1,Lille,Marseille,H,0.3785834453138981,0.2561337858313014,0.3652827688548004,H,0.44,0.56
2025-12-05,Ligue 1,Brest,Monaco,H,0.3589951949709346,0.2509516981472665,0.39005310688179884,A,0.44,0.56
2025-12-05,La Liga,Oviedo,Mallorca,D,0.4062120190077422,0.2733060715058823,0.32048190948637545,H,0.44,0.56
2025-12-05,Bundesliga,Mainz,M'gladbach,A,0.38877324688295367,0.2755901972624678,0.3356365558545785,H,0.44,0.56
2025-12-06,Ligue 1,Toulouse,Strasbourg,H,0.354390176594648,0.25896865782536965,0.3866411655799823,A,0.44,0.56
2025-12-06,Serie A,Verona,Atalanta,H,0.21294181857008046,0.23328891331967364,0.5537692681102458,A,0.44,0.56
2025-12-06,Serie A,Inter,Como,H,0.6407221145326146,0.20953215089677746,0.1497457345706079,H,0.44,0.56
2025-12-06,Bundesliga,Heidenheim,Freiburg,H,0.24856805967946122,0.25768763746582357,0.49374430285471516,A,0.44,0.56
2025-12-06,Bundesliga,Wolfsburg,Union Berlin,H,0.39510889620800627,0.2727430073359822,0.3321480964560114,H,0.44,0.56
2025-12-06,Ligue 1,Nantes,Lens,A,0.20309216550850478,0.23677117615088905,0.5601366583406062,A,0.44,0.56
2025-12-06,La Liga,Alaves,Sociedad,H,0.3558465187327964,0.26963337314896174,0.37452010811824177,A,0.44,0.56
2025-12-06,Premier League,Everton,Nott'm Forest,H,0.45279220334336956,0.2698340415778867,0.2773737550787437,H,0.44,0.56
2025-12-06,Bundesliga,Augsburg,Leverkusen,H,0.1260078448312717,0.19247544727758442,0.6815167078911439,A,0.44,0.56
2025-12-06,Premier League,Newcastle,Burnley,H,0.736656921109172,0.1695949671740595,0.09374811171676853,H,0.44,0.56
2025-12-06,Bundesliga,Stuttgart,Bayern Munich,A,0.16846549657169763,0.19376173933890992,0.6377727640893924,A,0.44,0.56
2025-12-06,Premier League,Tottenham,Brentford,H,0.37369102330580883,0.25504705902577796,0.3712619176684131,H,0.44,0.56
2025-12-06,Bundesliga,FC Koln,St Pauli,D,0.5525270209153555,0.2355440480068089,0.21192893107783561,H,0.44,0.56
2025-12-06,Serie A,Sassuolo,Fiorentina,H,0.3648546038481909,0.2614206055475826,0.3737247906042266,A,0.44,0.56
2025-12-06,Premier League,Bournemouth,Chelsea,D,0.30552738125151113,0.2527144630457456,0.4417581557027434,A,0.44,0.56
2025-12-06,La Liga,Villarreal,Getafe,H,0.7126006636195665,0.18772443261070207,0.09967490376973127,H,0.44,0.56
2025-12-06,Premier League,Man City,Sunderland,H,0.8048188211934972,0.13345043797762202,0.061730740828880776,H,0.44,0.56
2025-12-06,La Liga,Betis,Barcelona,A,0.21218914710695325,0.21837651182538775,0.569434341067659,A,0.44,0.56
2025-12-06,Premier League,Leeds,Liverpool,D,0.1733697839866455,0.2136109217918078,0.6130192942215467,A,0.44,0.56
2025-12-06,Premier League,Aston Villa,Arsenal,H,0.32058535760838947,0.24178165576520377,0.43763298662640676,A,0.44,0.56
2025-12-06,Ligue 1,Paris SG,Rennes,H,0.6976337776162039,0.18495884939024423,0.11740737299355171,H,0.44,0.56
2025-12-06,La Liga,Ath Bilbao,Ath Madrid,H,0.2845873773435096,0.2528818809327492,0.4625307417237412,A,0.44,0.56
2025-12-06,Bundesliga,RB Leipzig,Ein Frankfurt,H,0.5286841921907434,0.23327277340852748,0.23804303440072916,H,0.44,0.56
2025-12-07,Ligue 1,Lorient,Lyon,H,0.23663751405597755,0.24658078615749995,0.5167816997865224,A,0.44,0.56
2025-12-07,Premier League,Fulham,Crystal Palace,A,0.3689900026252937,0.269327746637886,0.36168225073682037,H,0.44,0.56
2025-12-07,Serie A,Cagliari,Roma,H,0.17716653347602473,0.22145021033933637,0.6013832561846388,A,0.44,0.56
2025-12-07,Ligue 1,Le Havre,Paris FC,D,0.39176996695845245,0.2761994956479577,0.3320305373935899,H,0.44,0.56
2025-12-07,Serie A,Lazio,Bologna,D,0.39337734952539805,0.261494475028965,0.345128175445637,H,0.44,0.56
2025-12-07,Serie A,Cremonese,Lecce,H,0.48144272742578875,0.27064232434847235,0.2479149482257389,H,0.44,0.56
2025-12-07,La Liga,Real Madrid,Celta,A,0.7787057824134309,0.14417218483487804,0.07712203275169091,H,0.44,0.56
2025-12-07,Ligue 1,Auxerre,Metz,H,0.44217957481464665,0.2837706184582369,0.27404980672711643,H,0.44,0.56
2025-12-07,Bundesliga,Hamburg,Werder Bremen,H,0.2924657509057913,0.2746260834947173,0.43290816559949136,A,0.44,0.56
2025-12-07,La Liga,Espanol,Vallecano,H,0.4265589017006722,0.2810412703066224,0.2923998279927053,H,0.44,0.56
2025-12-07,Bundesliga,Dortmund,Hoffenheim,H,0.5925301783196681,0.2295048390986675,0.17796498258166424,H,0.44,0.56
2025-12-07,La Liga,Valencia,Sevilla,D,0.4726551672841377,0.26741884411944744,0.25992598859641475,H,0.44,0.56
2025-12-07,Premier League,Brighton,West Ham,D,0.6170876160725208,0.2182406473611348,0.16467173656634437,H,0.44,0.56
2025-12-07,Serie A,Napoli,Juventus,H,0.4778365415152974,0.24961548211259593,0.2725479763721066,H,0.44,0.56
2025-12-07,La Liga,Elche,Girona,H,0.3755489239121136,0.27220707934777566,0.3522439967401108,H,0.44,0.56
2025-12-07,Ligue 1,Nice,Angers,A,0.5853562857614094,0.23632160115231315,0.17832211308627743,H,0.44,0.56
2025-12-08,Serie A,Udinese,Genoa,A,0.43627905324912997,0.26916883239034634,0.29455211436052364,H,0.44,0.56
2025-12-08,Serie A,Torino,Milan,A,0.24262136561483794,0.24651279594344538,0.5108658384417166,A,0.44,0.56
2025-12-08,Premier League,Wolves,Man United,A,0.22630897935588112,0.25439904267081026,0.5192919779733087,A,0.44,0.56
2025-12-08,La Liga,Osasuna,Levante,H,0.5209817687827502,0.2493335546889275,0.2296846765283222,H,0.44,0.56
2025-12-08,Serie A,Pisa,Parma,A,0.501233488850539,0.25836588275797046,0.24040062839149048,H,0.44,0.56
2025-12-12,Serie A,Lecce,Pisa,H,0.38223654261330825,0.2862767959476401,0.3314866614390516,H,0.44,0.56
2025-12-12,La Liga,Sociedad,Girona,A,0.5107256238563271,0.25398449889474767,0.23528987724892522,H,0.44,0.56
2025-12-12,Bundesliga,Union Berlin,RB Leipzig,H,0.21909805944162236,0.24010785324633227,0.5407940873120453,A,0.44,0.56
2025-12-12,Ligue 1,Angers,Nantes,H,0.4572385925725009,0.27434851565111773,0.2684128917763814,H,0.44,0.56
2025-12-13,Bundesliga,M'gladbach,Wolfsburg,A,0.5067720285512451,0.2499407736062232,0.24328719784253167,H,0.44,0.56
2025-12-13,Premier League,Arsenal,Wolves,H,0.8535627137491909,0.10541213447996514,0.04102515177084396,H,0.44,0.56
2025-12-13,Serie A,Torino,Cremonese,H,0.47245796197027484,0.25521371185199515,0.27232832617773,H,0.44,0.56
2025-12-13,Premier League,Chelsea,Everton,H,0.5299150939312935,0.24462877407191175,0.22545613199679465,H,0.44,0.56
2025-12-13,Serie A,Parma,Lazio,A,0.2363725409748379,0.258048466663951,0.5055789923612112,A,0.44,0.56
2025-12-13,Bundesliga,St Pauli,Heidenheim,H,0.44242267902484733,0.2672176702842791,0.29035965069087344,H,0.44,0.56
2025-12-13,La Liga,Getafe,Espanol,A,0.3804658041903015,0.2844772638974743,0.3350569319122242,H,0.44,0.56
2025-12-13,Bundesliga,Leverkusen,FC Koln,H,0.7366100959039064,0.16230946526150947,0.10108043883458402,H,0.44,0.56
2025-12-13,Bundesliga,Hoffenheim,Hamburg,H,0.5816305025436868,0.23584857710020263,0.1825209203561107,H,0.44,0.56
2025-12-13,Bundesliga,Ein Frankfurt,Augsburg,H,0.579252252500053,0.2379212158424621,0.18282653165748486,H,0.44,0.56
2025-12-13,Ligue 1,Rennes,Brest,H,0.4620967428117546,0.26348839740428454,0.27441485978396085,H,0.44,0.56
2025-12-13,Ligue 1,Metz,Paris SG,A,0.0708453657354785,0.14519018060629707,0.7839644536582244,A,0.44,0.56
2025-12-13,La Liga,Mallorca,Elche,H,0.43744585428804916,0.2741557134602595,0.2883984322516914,H,0.44,0.56
2025-12-13,Serie A,Atalanta,Cagliari,H,0.6125191764060092,0.22342868558474704,0.16405213800924384,H,0.44,0.56
2025-12-13,Ligue 1,Paris FC,Toulouse,A,0.3723038467351487,0.27943643937093354,0.34825971389391774,H,0.44,0.56
2025-12-13,La Liga,Ath Madrid,Valencia,H,0.6766374096899677,0.19869534457128335,0.12466724573874904,H,0.44,0.56
2025-12-13,Premier League,Liverpool,Brighton,H,0.5380124022319498,0.23231207121163377,0.22967552655641632,H,0.44,0.56
2025-12-13,Premier League,Burnley,Fulham,A,0.26875802663935716,0.25308514197241194,0.47815683138823095,A,0.44,0.56
2025-12-13,La Liga,Barcelona,Osasuna,H,0.82801903116034,0.11839290992388785,0.05358805891577206,H,0.44,0.56
2025-12-14,Premier League,West Ham,Aston Villa,A,0.2194292486714945,0.23740255790478815,0.5431681934237174,A,0.44,0.56
2025-12-14,Serie A,Fiorentina,Verona,A,0.5443386811925377,0.24508757183421198,0.21057374697325035,H,0.44,0.56
2025-12-14,Serie A,Genoa,Inter,A,0.15905247942103468,0.21196578265343724,0.628981737925528,A,0.44,0.56
2025-12-14,Serie A,Milan,Sassuolo,D,0.6885196668918059,0.19565500690776075,0.11582532620043334,H,0.44,0.56
2025-12-14,Ligue 1,Auxerre,Lille,A,0.2262477518482759,0.2510910932807581,0.522661154870966,A,0.44,0.56
2025-12-14,Bundesliga,Bayern Munich,Mainz,D,0.8770760287835536,0.08802859148782918,0.03489537972861724,H,0.44,0.56
2025-12-14,Ligue 1,Lens,Nice,H,0.6055426706868554,0.21342300718289958,0.181034322130245,H,0.44,0.56
2025-12-14,Bundesliga,Werder Bremen,Stuttgart,A,0.4046061452541275,0.24270757335410437,0.35268628139176805,H,0.44,0.56
2025-12-14,La Liga,Celta,Ath Bilbao,H,0.3985936609086202,0.26706220851122164,0.3343441305801582,H,0.44,0.56
2025-12-14,Premier League,Nott'm Forest,Tottenham,H,0.4512809322152184,0.2587580798983705,0.28996098788641095,H,0.44,0.56
2025-12-14,Serie A,Udinese,Napoli,H,0.1790834717758349,0.22820786757221495,0.5927086606519502,A,0.44,0.56
2025-12-14,Ligue 1,Lyon,Le Havre,H,0.6249545365203241,0.22206868588469453,0.15297677759498135,H,0.44,0.56
2025-12-14,Ligue 1,Marseille,Monaco,H,0.5585770066143518,0.2206357967396828,0.22078719664596544,H,0.44,0.56
2025-12-14,Ligue 1,Strasbourg,Lorient,D,0.5491486386023587,0.2451872172756292,0.20566414412201214,H,0.44,0.56
2025-12-14,Premier League,Brentford,Leeds,D,0.5728399198217131,0.2289318715046076,0.19822820867367935,H,0.44,0.56
2025-12-14,La Liga,Sevilla,Oviedo,H,0.4339249328582365,0.286677261739734,0.27939780540202946,H,0.44,0.56
2025-12-14,Premier League,Crystal Palace,Man City,A,0.2624864698921684,0.23459078952515877,0.5029227405826728,A,0.44,0.56
2025-12-14,Bundesliga,Freiburg,Dortmund,D,0.29979142831354777,0.2480980770073008,0.4521104946791515,A,0.44,0.56
2025-12-14,La Liga,Alaves,Real Madrid,A,0.1357069918546908,0.1991789878002469,0.6651140203450623,A,0.44,0.56
2025-12-14,Premier League,Sunderland,Newcastle,H,0.23335521073360838,0.24271054073413198,0.5239342485322597,A,0.44,0.56
2025-12-14,Serie A,Bologna,Juventus,A,0.42763050891659365,0.2481043006856733,0.32426519039773294,H,0.44,0.56
2025-12-15,Serie A,Roma,Como,H,0.5460592332508705,0.23626050285802658,0.21768026389110295,H,0.44,0.56
2025-12-15,La Liga,Vallecano,Betis,D,0.29498269536159705,0.26032583273734117,0.4446914719010618,A,0.44,0.56
2025-12-15,Premier League,Man United,Bournemouth,D,0.5071991943791501,0.23981121602193267,0.25298958959891726,H,0.44,0.56
2025-12-19,La Liga,Valencia,Mallorca,D,0.43903963223572295,0.2738751230667823,0.28708524469749475,H,0.44,0.56
2025-12-19,Bundesliga,Dortmund,M'gladbach,H,0.6640675364397082,0.20412323907841667,0.13180922448187507,H,0.44,0.56
2025-12-20,Premier League,Newcastle,Chelsea,D,0.40939048120985394,0.2561425010596736,0.3344670177304725,H,0.44,0.56
2025-12-20,Bundesliga,Hamburg,Ein Frankfurt,D,0.2682306859900013,0.25500128453288506,0.4767680294771135,A,0.44,0.56
2025-12-20,Bundesliga,Wolfsburg,Freiburg,A,0.37631699730559043,0.25432303862210975,0.3693599640722998,H,0.44,0.56
2025-12-20,Bundesliga,RB Leipzig,Leverkusen,A,0.35214534178158247,0.2369133897337951,0.4109412684846224,A,0.44,0.56
2025-12-20,Bundesliga,Augsburg,Werder Bremen,D,0.39676382046237235,0.2649203351450145,0.3383158443926131,H,0.44,0.56
2025-12-20,Bundesliga,FC Koln,Union Berlin,A,0.38041772146599545,0.26282875971161795,0.3567535188223866,H,0.44,0.56
2025-12-20,Bundesliga,Stuttgart,Hoffenheim,D,0.5123959735946579,0.24333687924422942,0.24426714716111259,H,0.44,0.56
2025-12-20,La Liga,Real Madrid,Sevilla,H,0.7649575186643862,0.15609013336460265,0.07895234797101108,H,0.44,0.56
2025-12-20,Serie A,Juventus,Roma,H,0.4424694289250545,0.25467904636633365,0.30285152470861176,H,0.44,0.56
2025-12-20,La Liga,Osasuna,Alaves,H,0.46762348454763863,0.26412196973308044,0.2682545457192809,H,0.44,0.56
2025-12-20,Premier League,Everton,Arsenal,A,0.21184447681943624,0.2304831265716077,0.5576723966089561,A,0.44,0.56
2025-12-20,Premier League,Wolves,Brentford,A,0.2531565813635632,0.25599285295825014,0.49085056567818663,A,0.44,0.56
2025-12-20,Premier League,Bournemouth,Burnley,D,0.6723827026006406,0.19661093947411207,0.13100635792524723,H,0.44,0.56
2025-12-20,Premier League,Brighton,Sunderland,D,0.6281254173572396,0.218837693770275,0.1530368888724853,H,0.44,0.56
2025-12-20,Premier League,Man City,West Ham,H,0.797072423173228,0.13439509553533938,0.06853248129143258,H,0.44,0.56
2025-12-20,Premier League,Leeds,Crystal Palace,H,0.2922133218786908,0.252952712877822,0.4548339652434873,A,0.44,0.56
2025-12-20,Premier League,Tottenham,Liverpool,A,0.21758525531532696,0.2280703400475775,0.5543444046370954,A,0.44,0.56
2025-12-20,La Liga,Oviedo,Celta,D,0.27642673440035026,0.2750323384676794,0.44854092713197036,A,0.44,0.56
2025-12-20,Serie A,Lazio,Cremonese,D,0.5965326193268583,0.23258106066064438,0.17088632001249732,H,0.44,0.56
2025-12-20,La Liga,Levante,Sociedad,D,0.31929261670031195,0.2686535323624904,0.41205385093719754,A,0.44,0.56
2025-12-21,La Liga,Girona,Ath Madrid,A,0.20955381313766563,0.2443132954888304,0.546132891373504,A,0.44,0.56
2025-12-21,Serie A,Fiorentina,Udinese,H,0.47690192916998697,0.2556808249229123,0.2674172459071007,H,0.44,0.56
2025-12-21,Bundesliga,Mainz,St Pauli,D,0.4908925112109963,0.2614972959543476,0.24761019283465607,H,0.44,0.56
2025-12-21,Serie A,Cagliari,Pisa,D,0.4364891020099545,0.27290007607979055,0.290610821910255,H,0.44,0.56
2025-12-21,Serie A,Genoa,Atalanta,A,0.32852333619343177,0.24956445318993425,0.421912210616634,A,0.44,0.56
2025-12-21,La Liga,Villarreal,Barcelona,A,0.31418613592010214,0.23516465322147193,0.45064921085842585,A,0.44,0.56
2025-12-21,Bundesliga,Heidenheim,Bayern Munich,A,0.054296725830041526,0.12261950206820169,0.8230837721017566,A,0.44,0.56
2025-12-21,La Liga,Elche,Vallecano,H,0.3585140380412901,0.2804288104704254,0.36105715148828443,A,0.44,0.56
2025-12-21,La Liga,Betis,Getafe,H,0.608688276121846,0.22761573616147562,0.1636959877166785,H,0.44,0.56
2025-12-21,Premier League,Aston Villa,Man United,H,0.5826814043342952,0.22548666144748936,0.19183193421821554,H,0.44,0.56
2025-12-21,Serie A,Sassuolo,Torino,A,0.4321039375669541,0.2550815705676967,0.3128144918653492,H,0.44,0.56
2025-12-22,Premier League,Fulham,Nott'm Forest,H,0.45259761296959466,0.26150818178659296,0.28589420524381237,H,0.44,0.56
2025-12-22,La Liga,Ath Bilbao,Espanol,A,0.49313004917913966,0.26992675363025675,0.23694319719060364,H,0.44,0.56
2025-12-26,Premier League,Man United,Newcastle,H,0.4096280203512961,0.24655878665121847,0.3438131929974854,H,0.44,0.56
2025-12-27,Premier League,Brentford,Bournemouth,H,0.44271066013004323,0.2548404014489616,0.3024489384209952,H,0.44,0.56
2025-12-27,Serie A,Udinese,Lazio,D,0.27686522285400106,0.27034732367953346,0.45278745346646554,A,0.44,0.56
2025-12-27,Premier League,Nott'm Forest,Man City,A,0.15533135577350202,0.20329044177496097,0.641378202451537,A,0.44,0.56
2025-12-27,Premier League,Chelsea,Aston Villa,A,0.4036067631233348,0.24611967138808816,0.3502735654885769,H,0.44,0.56
2025-12-27,Premier League,Liverpool,Wolves,H,0.812840263744295,0.13169229412727296,0.055467442128432076,H,0.44,0.56
2025-12-27,Premier League,Burnley,Everton,D,0.24261905855607696,0.25128832165183557,0.5060926197920874,A,0.44,0.56
2025-12-27,Serie A,Torino,Cagliari,A,0.5214843344265347,0.25042775558239183,0.22808790999107342,H,0.44,0.56
2025-12-27,Premier League,Arsenal,Brighton,H,0.6452067588115794,0.20248633048450637,0.15230691070391422,H,0.44,0.56
2025-12-27,Serie A,Lecce,Como,A,0.2737833685808604,0.2710818225931289,0.45513480882601076,A,0.44,0.56
2025-12-27,Premier League,West Ham,Fulham,A,0.345045385927797,0.25831201111491264,0.39664260295729037,A,0.44,0.56
2025-12-27,Serie A,Parma,Fiorentina,H,0.3022536986632053,0.2657819137026888,0.43196438763410594,A,0.44,0.56
2025-12-27,Serie A,Pisa,Juventus,A,0.1907465458584091,0.22601846086882826,0.5832349932727625,A,0.44,0.56
2025-12-28,Premier League,Crystal Palace,Tottenham,A,0.5270248127041046,0.24572970156077695,0.22724548573511838,H,0.44,0.56
2025-12-28,Serie A,Milan,Verona,H,0.7243018379607824,0.17964841699510675,0.0960497450441109,H,0.44,0.56
2025-12-28,Serie A,Cremonese,Napoli,A,0.1985128118986338,0.23143452268292852,0.5700526654184377,A,0.44,0.56
2025-12-28,Serie A,Bologna,Sassuolo,D,0.630220721925461,0.21329296854917323,0.15648630952536574,H,0.44,0.56
2025-12-28,Serie A,Atalanta,Inter,A,0.2553247907668171,0.24175160055307038,0.5029236086801125,A,0.44,0.56
2025-12-28,Premier League,Sunderland,Leeds,D,0.39682345093227706,0.2758481752753442,0.3273283737923788,H,0.44,0.56
2025-12-29,Serie A,Roma,Genoa,H,0.6506980907262849,0.20593125886678904,0.14337065040692606,H,0.44,0.56
2025-12-30,Premier League,West Ham,Brighton,D,0.2874184591768675,0.2501370841861922,0.46244445663694034,A,0.44,0.56
2025-12-30,Premier League,Nott'm Forest,Everton,A,0.3851101432833149,0.2754793255177224,0.3394105311989627,H,0.44,0.56
2025-12-30,Premier League,Man United,Wolves,D,0.6982529677199918,0.18687833035129298,0.11486870192871526,H,0.44,0.56
2025-12-30,Premier League,Burnley,Newcastle,A,0.20509925292231873,0.238445980027619,0.5564547670500621,A,0.44,0.56
2025-12-30,Premier League,Arsenal,Aston Villa,H,0.5399978757540405,0.2268050715650894,0.2331970526808701,H,0.44,0.56
2025-12-30,Premier League,Chelsea,Bournemouth,D,0.5719602886148281,0.22328342567718845,0.2047562857079836,H,0.44,0.56
2026-01-01,Premier League,Liverpool,Leeds,D,0.7211203181818212,0.17748071652819977,0.101398965289979,H,0.44,0.56
2026-01-01,Premier League,Crystal Palace,Fulham,D,0.4441191234571515,0.2589851062072738,0.29689577033557474,H,0.44,0.56
2026-01-01,Premier League,Sunderland,Man City,D,0.10776329677906259,0.1794028963666115,0.712833806854326,A,0.44,0.56
2026-01-01,Premier League,Brentford,Tottenham,D,0.5105088735226958,0.24992821899005013,0.23956290748725406,H,0.44,0.56
2026-01-02,La Liga,Vallecano,Getafe,D,0.4854752873810475,0.2676775265521003,0.24684718606685213,H,0.44,0.56
2026-01-02,Ligue 1,Toulouse,Lens,A,0.29686878391584187,0.25911861184644025,0.4440126042377178,A,0.44,0.56
2026-01-02,Serie A,Cagliari,Milan,A,0.18711862070495736,0.22771259165628155,0.5851687876387611,A,0.44,0.56
2026-01-03,Serie A,Genoa,Pisa,D,0.470846086179543,0.2654625114707947,0.2636914023496624,H,0.44,0.56
2026-01-03,Premier League,Aston Villa,Nott'm Forest,H,0.6661673501788334,0.2008042635692448,0.13302838625192168,H,0.44,0.56
2026-01-03,Serie A,Atalanta,Roma,H,0.3785085937021723,0.25748891207346614,0.3640024942243616,H,0.44,0.56
2026-01-03,La Liga,Espanol,Barcelona,A,0.15076031327955158,0.20918122234825143,0.6400584643721969,A,0.44,0.56
2026-01-03,La Liga,Osasuna,Ath Bilbao,D,0.38123564852223285,0.2623041297225774,0.35646022175518977,H,0.44,0.56
2026-01-03,Ligue 1,Nice,Strasbourg,D,0.40304407096968836,0.2636464417377265,0.33330948729258514,H,0.44,0.56
2026-01-03,Serie A,Sassuolo,Parma,D,0.4862263446404732,0.2704201425256909,0.24335351283383583,H,0.44,0.56
2026-01-03,Ligue 1,Lille,Rennes,A,0.5831589358188879,0.22825330083197826,0.18858776334913374,H,0.44,0.56
2026-01-03,Premier League,Wolves,West Ham,H,0.34307386458865463,0.2685712072440019,0.3883549281673435,A,0.44,0.56
2026-01-03,Serie A,Como,Udinese,H,0.5804285277063934,0.22944749533576153,0.19012397695784516,H,0.44,0.56
2026-01-03,Premier League,Bournemouth,Arsenal,A,0.1909498335820286,0.2096447050793705,0.5994054613386008,A,0.44,0.56
2026-01-03,La Liga,Elche,Villarreal,A,0.22527116043991696,0.23503577852355967,0.5396930610365234,A,0.44,0.56
2026-01-03,Premier League,Brighton,Burnley,H,0.6692130517612354,0.20434154894374187,0.12644539929502285,H,0.44,0.56
2026-01-03,La Liga,Celta,Valencia,H,0.49382027732656397,0.2674012526942122,0.2387784699792237,H,0.44,0.56
2026-01-03,Ligue 1,Monaco,Lyon,A,0.3972388103917983,0.26150934930918585,0.3412518402990159,H,0.44,0.56
2026-01-03,Serie A,Juventus,Lecce,D,0.7533426463112531,0.16678873562694896,0.07986861806179793,H,0.44,0.56
2026-01-04,Premier League,Tottenham,Sunderland,D,0.4958821417305835,0.2720038395290605,0.2321140187403561,H,0.44,0.56
2026-01-04,Serie A,Verona,Torino,A,0.34643498607880424,0.2703902936893067,0.3831747202318889,A,0.44,0.56
2026-01-04,Premier League,Fulham,Liverpool,D,0.2658865671410886,0.24924572400195083,0.48486770885696057,A,0.44,0.56
2026-01-04,La Liga,Sevilla,Levante,A,0.5219051748323754,0.2528621541170658,0.22523267105055866,H,0.44,0.56
2026-01-04,Premier League,Leeds,Man United,D,0.32693907459330396,0.25540745959099365,0.4176534658157022,A,0.44,0.56
2026-01-04,Premier League,Everton,Brentford,A,0.4362919453264848,0.2652956718104016,0.29841238286311367,H,0.44,0.56
2026-01-04,Ligue 1,Le Havre,Angers,H,0.3810475532555452,0.288535705116822,0.33041674162763274,H,0.44,0.56
2026-01-04,La Liga,Mallorca,Girona,A,0.4872977030253348,0.25747181873687625,0.255230478237789,H,0.44,0.56
2026-01-04,Ligue 1,Lorient,Metz,D,0.5328203088328881,0.2544283499113091,0.2127513412558028,H,0.44,0.56
2026-01-04,Premier League,Newcastle,Crystal Palace,H,0.5094281963616543,0.23934856409796915,0.2512232395403767,H,0.44,0.56
2026-01-04,Serie A,Fiorentina,Cremonese,H,0.5029442893169732,0.2553819620837662,0.2416737485992606,H,0.44,0.56
2026-01-04,La Liga,Sociedad,Ath Madrid,D,0.21661312444955377,0.22881215639906494,0.5545747191513812,A,0.44,0.56
2026-01-04,Premier League,Man City,Chelsea,D,0.6243406752018346,0.20506661591611994,0.17059270888204559,H,0.44,0.56
2026-01-04,Serie A,Inter,Bologna,H,0.6447249525814053,0.20027905280236902,0.1549959946162257,H,0.44,0.56
2026-01-04,Ligue 1,Marseille,Nantes,A,0.7488145606875324,0.16180891765986327,0.0893765216526044,H,0.44,0.56
2026-01-04,La Liga,Real Madrid,Betis,H,0.6371524893910966,0.20334197942643856,0.1595055311824648,H,0.44,0.56
2026-01-04,La Liga,Alaves,Oviedo,D,0.4600106660481148,0.27697369709404107,0.2630156368578441,H,0.44,0.56
2026-01-04,Ligue 1,Brest,Auxerre,H,0.5438964100709379,0.24989233877579972,0.2062112511532624,H,0.44,0.56
2026-01-04,Ligue 1,Paris SG,Paris FC,H,0.8492368424159915,0.10658338858224467,0.044179769001763874,H,0.44,0.56
2026-01-04,Serie A,Lazio,Napoli,A,0.3060595759007888,0.2539352024479061,0.4400052216513052,A,0.44,0.56
2026-01-06,Serie A,Sassuolo,Juventus,A,0.213519007917378,0.23500689407494607,0.551474098007676,A,0.44,0.56
2026-01-06,Premier League,West Ham,Nott'm Forest,A,0.3581314287931767,0.2663630101827432,0.37550556102408,A,0.44,0.56
2026-01-06,Serie A,Lecce,Roma,A,0.19600679017676115,0.24124098065169075,0.5627522291715481,A,0.44,0.56
2026-01-06,Serie A,Pisa,Como,A,0.2884440585018183,0.26340965380320014,0.44814628769498166,A,0.44,0.56
2026-01-07,Serie A,Napoli,Verona,D,0.779990022414099,0.1508983108895961,0.06911166669630497,H,0.44,0.56
2026-01-07,Premier League,Man City,Brighton,D,0.6571436643377593,0.19788969892190583,0.14496663674033483,H,0.44,0.56
2026-01-07,Premier League,Everton,Wolves,D,0.589795947626116,0.23670039329595838,0.1735036590779256,H,0.44,0.56
2026-01-07,Premier League,Newcastle,Leeds,H,0.5950198781643379,0.23222463974198235,0.17275548209367986,H,0.44,0.56
2026-01-07,Serie A,Parma,Inter,A,0.10077697584046447,0.1810851773008519,0.7181378468586835,A,0.44,0.56
2026-01-07,Premier League,Brentford,Sunderland,H,0.5927762560131904,0.2378394427110849,0.1693843012757246,H,0.44,0.56
2026-01-07,Serie A,Bologna,Atalanta,A,0.4269319009138881,0.252454181661116,0.3206139174249959,H,0.44,0.56
2026-01-07,Premier League,Fulham,Chelsea,H,0.33773752956116876,0.2580253150707524,0.40423715536807886,A,0.44,0.56
2026-01-07,Premier League,Crystal Palace,Aston Villa,D,0.27112137728067415,0.23715597617041878,0.491722646548907,A,0.44,0.56
2026-01-07,Premier League,Bournemouth,Tottenham,H,0.4963344152172031,0.24638885239214864,0.2572767323906483,H,0.44,0.56
2026-01-07,Serie A,Lazio,Fiorentina,D,0.5007501683147617,0.2520731180036539,0.2471767136815844,H,0.44,0.56
2026-01-07,Serie A,Torino,Udinese,A,0.5221078300545478,0.2486225535907201,0.2292696163547321,H,0.44,0.56
2026-01-07,Premier League,Burnley,Man United,D,0.21370708535253477,0.24338621844194555,0.5429066962055196,A,0.44,0.56
2026-01-08,Premier League,Arsenal,Liverpool,D,0.5647252043238066,0.2235779924342655,0.21169680324192794,H,0.44,0.56
2026-01-08,Serie A,Milan,Genoa,D,0.7248376962739337,0.17661745269261264,0.09854485103345362,H,0.44,0.56
2026-01-08,Serie A,Cremonese,Cagliari,D,0.4255184258900604,0.2790492943017326,0.29543227980820697,H,0.44,0.56
2026-01-09,Bundesliga,Ein Frankfurt,Dortmund,D,0.32031459567536935,0.2541787757120053,0.42550662861262534,A,0.44,0.56
2026-01-09,La Liga,Getafe,Sociedad,A,0.3608949135428761,0.2769300651648463,0.3621750212922775,A,0.44,0.56
2026-01-10,La Liga,Valencia,Elche,D,0.45388159044301984,0.2656693350633942,0.28044907449358614,H,0.44,0.56
2026-01-10,Serie A,Roma,Sassuolo,H,0.6839335827927611,0.19511781879293788,0.12094859841430104,H,0.44,0.56
2026-01-10,Bundesliga,Heidenheim,FC Koln,D,0.38019539081119585,0.28021955334948023,0.33958505583932386,H,0.44,0.56
2026-01-10,La Liga,Oviedo,Betis,D,0.23434310704013706,0.2468126113064322,0.5188442816534308,A,0.44,0.56
2026-01-10,La Liga,Villarreal,Alaves,H,0.7231294937277792,0.1781464025330984,0.09872410373912227,H,0.44,0.56
2026-01-10,La Liga,Girona,Osasuna,H,0.37667186970302813,0.2819239559126151,0.34140417438435666,H,0.44,0.56
2026-01-10,Serie A,Atalanta,Torino,H,0.5687936687647989,0.24489466273286112,0.18631166850234002,H,0.44,0.56
2026-01-10,Bundesliga,Union Berlin,Mainz,D,0.4863356715643008,0.26178119648336534,0.2518831319523338,H,0.44,0.56
2026-01-10,Bundesliga,Freiburg,Hamburg,H,0.6422921854029837,0.20894454331472617,0.1487632712822901,H,0.44,0.56
2026-01-10,Serie A,Como,Bologna,D,0.44470934557840947,0.25246539440870686,0.30282526001288357,H,0.44,0.56
2026-01-10,Serie A,Udinese,Pisa,D,0.49958449269788946,0.261908138874454,0.2385073684276564,H,0.44,0.56
2026-01-10,Bundesliga,Leverkusen,Stuttgart,A,0.6157771444460316,0.20538282868977986,0.17884002686418848,H,0.44,0.56
2026-01-11,La Liga,Levante,Espanol,D,0.3300088410608526,0.28305938790728713,0.38693177103186027,A,0.44,0.56
2026-01-11,Bundesliga,Bayern Munich,Wolfsburg,H,0.8695701271659338,0.09089651726830746,0.039533355565758606,H,0.44,0.56
2026-01-11,Bundesliga,M'gladbach,Augsburg,H,0.4576179807073435,0.2781839707357647,0.2641980485568917,H,0.44,0.56
2026-01-11,Serie A,Verona,Lazio,A,0.25729231347294296,0.2603580037782111,0.482349682748846,A,0.44,0.56
2026-01-11,La Liga,Vallecano,Mallorca,H,0.42889909013764094,0.2745512800355488,0.2965496298268103,H,0.44,0.56
2026-01-11,Serie A,Lecce,Parma,A,0.40768283766599656,0.292072647683455,0.30024451465054836,H,0.44,0.56
2026-01-11,Serie A,Fiorentina,Milan,D,0.2640893646885746,0.23771932184043243,0.49819131347099305,A,0.44,0.56
2026-01-11,Serie A,Inter,Napoli,D,0.5550252661569421,0.22200904202078126,0.22296569182227663,H,0.44,0.56
2026-01-12,Serie A,Juventus,Cremonese,H,0.7220299399351433,0.1812810998398493,0.09668896022500727,H,0.44,0.56
2026-01-12,Serie A,Genoa,Cagliari,H,0.4485184301064736,0.26294176218647053,0.2885398077070559,H,0.44,0.56
2026-01-12,La Liga,Sevilla,Celta,A,0.2988047387883752,0.2738542073503595,0.4273410538612653,A,0.44,0.56
2026-01-13,Bundesliga,Stuttgart,Ein Frankfurt,H,0.49705922405171543,0.23408432516626415,0.2688564507820205,H,0.44,0.56
2026-01-13,Bundesliga,Mainz,Heidenheim,H,0.5177180373716443,0.2543115169738986,0.22797044565445698,H,0.44,0.56
2026-01-13,Bundesliga,Dortmund,Werder Bremen,H,0.6789790739431987,0.19100124487093167,0.13001968118586965,H,0.44,0.56
2026-01-14,Bundesliga,FC Koln,Bayern Munich,A,0.05401160630358355,0.11718001386147328,0.8288083798349433,A,0.44,0.56
2026-01-14,Serie A,Napoli,Parma,D,0.7582112173538516,0.16167559874888168,0.08011318389726682,H,0.44,0.56
2026-01-14,Bundesliga,Hoffenheim,M'gladbach,H,0.497901726812552,0.2573991264868318,0.24469914670061615,H,0.44,0.56
2026-01-14,Bundesliga,Wolfsburg,St Pauli,H,0.5043742248682889,0.2605032486079386,0.23512252652377247,H,0.44,0.56
2026-01-14,Serie A,Inter,Lecce,H,0.8334351742712496,0.12043794342224244,0.04612688230650796,H,0.44,0.56
2026-01-14,Bundesliga,RB Leipzig,Freiburg,H,0.5251791888806323,0.2316734459341897,0.24314736518517815,H,0.44,0.56
2026-01-15,Serie A,Verona,Bologna,A,0.23926277373166088,0.2494524906438214,0.5112847356245176,A,0.44,0.56
2026-01-15,Bundesliga,Augsburg,Union Berlin,D,0.34520286656111027,0.2753441128548999,0.3794530205839899,A,0.44,0.56
2026-01-15,Serie A,Como,Milan,A,0.32594525999143614,0.25202254225314946,0.4220321977554144,A,0.44,0.56
2026-01-16,Bundesliga,Werder Bremen,Ein Frankfurt,D,0.34604134601657366,0.24935783661467692,0.4046008173687495,A,0.44,0.56
2026-01-16,La Liga,Espanol,Girona,A,0.5043271569512535,0.264291250689471,0.2313815923592755,H,0.44,0.56
2026-01-16,Serie A,Pisa,Atalanta,D,0.2177497782073537,0.249993622573318,0.5322565992193282,A,0.44,0.56
2026-01-16,Ligue 1,Monaco,Lorient,A,0.5534712773594995,0.2500234487922528,0.19650527384824756,H,0.44,0.56
2026-01-16,Ligue 1,Paris SG,Lille,H,0.6867096229223653,0.17847594514896753,0.13481443192866713,H,0.44,0.56
2026-01-17,Bundesliga,Hamburg,M'gladbach,D,0.3773187301534904,0.2697162162112172,0.3529650536352924,H,0.44,0.56
2026-01-17,Premier League,Leeds,Fulham,H,0.34510141347272605,0.26686140742575504,0.3880371791015189,A,0.44,0.56
2026-01-17,La Liga,Osasuna,Oviedo,H,0.5131304660409902,0.26212799238642126,0.2247415415725885,H,0.44,0.56
2026-01-17,Serie A,Cagliari,Juventus,H,0.14504179832070377,0.2081615493691918,0.6467966523101043,A,0.44,0.56
2026-01-17,Premier League,Nott'm Forest,Arsenal,D,0.15721278727780882,0.20419247216829647,0.6385947405538945,A,0.44,0.56
2026-01-17,Bundesliga,RB Leipzig,Bayern Munich,A,0.1745375127734493,0.1882641679230187,0.637198319303532,A,0.44,0.56
2026-01-17,La Liga,Mallorca,Ath Bilbao,H,0.3333177388414007,0.2612224197011041,0.40545984145749525,A,0.44,0.56
2026-01-17,La Liga,Betis,Villarreal,H,0.3386358308822935,0.2424879661633993,0.41887620295430716,A,0.44,0.56
2026-01-17,Ligue 1,Toulouse,Nice,H,0.4275368442480769,0.2535447341603819,0.31891842159154116,H,0.44,0.56
2026-01-17,Serie A,Napoli,Sassuolo,H,0.7545247486782907,0.16144908190837215,0.08402616941333706,H,0.44,0.56
2026-01-17,Premier League,Sunderland,Crystal Palace,H,0.31527663176406684,0.26751705121632396,0.4172063170196092,A,0.44,0.56
2026-01-17,Serie A,Udinese,Inter,A,0.14500155108744855,0.2001367098845933,0.6548617390279583,A,0.44,0.56
2026-01-17,Ligue 1,Lens,Auxerre,H,0.7020941542061706,0.19080746101473178,0.10709838477909756,H,0.44,0.56
2026-01-17,Premier League,Tottenham,West Ham,A,0.5337273124805676,0.24608263058732502,0.2201900569321074,H,0.44,0.56
2026-01-17,Premier League,Liverpool,Burnley,D,0.7895685607998268,0.14814323775704125,0.062288201443131894,H,0.44,0.56
2026-01-17,Bundesliga,Hoffenheim,Leverkusen,H,0.31209815540450486,0.2353462838933833,0.4525555607021118,A,0.44,0.56
2026-01-17,Bundesliga,Wolfsburg,Heidenheim,D,0.547931564811894,0.24393992946091214,0.20812850572719377,H,0.44,0.56
2026-01-17,La Liga,Real Madrid,Levante,H,0.8292873638118717,0.12181755340818504,0.04889508277994324,H,0.44,0.56
2026-01-17,Bundesliga,Dortmund,St Pauli,H,0.7638065093642,0.15840486035711743,0.07778863027868257,H,0.44,0.56
2026-01-17,Premier League,Chelsea,Brentford,H,0.46733067679376444,0.2476838175658444,0.28498550564039105,H,0.44,0.56
2026-01-17,Premier League,Man United,Man City,H,0.22878175974956583,0.23378290670603663,0.5374353335443974,A,0.44,0.56
2026-01-17,Ligue 1,Angers,Marseille,A,0.234413159538031,0.24515387063267302,0.520432969829296,A,0.44,0.56
2026-01-17,Bundesliga,FC Koln,Mainz,H,0.36113481050615237,0.2732239363953807,0.36564125309846696,A,0.44,0.56
2026-01-18,Serie A,Milan,Lecce,H,0.7759076059472445,0.15187171239561215,0.07222068165714329,H,0.44,0.56
2026-01-18,Ligue 1,Rennes,Le Havre,D,0.6028592547390321,0.23350055452846386,0.1636401907325041,H,0.44,0.56
2026-01-18,Serie A,Bologna,Fiorentina,A,0.5020921424290188,0.2487760748367543,0.24913178273422681,H,0.44,0.56
2026-01-18,La Liga,Ath Madrid,Alaves,H,0.7299891819405806,0.17299948384845415,0.0970113342109652,H,0.44,0.56
2026-01-18,Serie A,Parma,Genoa,D,0.3792216657892654,0.28277865287588183,0.3379996813348527,H,0.44,0.56
2026-01-18,Bundesliga,Augsburg,Freiburg,D,0.30955891616149206,0.26462919965092746,0.42581188418758054,A,0.44,0.56
2026-01-18,Premier League,Aston Villa,Everton,A,0.6111601714409349,0.21980409949460444,0.16903572906446068,H,0.44,0.56
2026-01-18,Ligue 1,Strasbourg,Metz,H,0.6169407946219894,0.22110239984277003,0.16195680553524053,H,0.44,0.56
2026-01-18,La Liga,Getafe,Valencia,A,0.3764064866537342,0.2713792389443163,0.3522142744019495,H,0.44,0.56
2026-01-18,Premier League,Wolves,Newcastle,D,0.21236740886847938,0.23796924966866018,0.5496633414628604,A,0.44,0.56
2026-01-18,Serie A,Torino,Roma,A,0.2530911235454508,0.24649008398000832,0.5004187924745409,A,0.44,0.56
2026-01-18,Ligue 1,Nantes,Paris FC,A,0.4218293377473689,0.2676723990333057,0.3104982632193254,H,0.44,0.56
2026-01-18,Bundesliga,Stuttgart,Union Berlin,D,0.5869381656502913,0.22672386257138707,0.18633797177832162,H,0.44,0.56
2026-01-18,La Liga,Celta,Vallecano,H,0.5473768908288086,0.24782566453451554,0.20479744463667587,H,0.44,0.56
2026-01-18,Ligue 1,Lyon,Brest,H,0.5337322109528878,0.2442726251665553,0.2219951638805568,H,0.44,0.56
2026-01-18,La Liga,Sociedad,Barcelona,H,0.12263763912941389,0.18163439677322257,0.6957279640973635,A,0.44,0.56
2026-01-19,La Liga,Elche,Sevilla,D,0.4629724312538417,0.2632567792943138,0.2737707894518446,H,0.44,0.56
2026-01-19,Premier League,Brighton,Bournemouth,D,0.5195062621579056,0.23429899034838125,0.24619474749371306,H,0.44,0.56
2026-01-19,Serie A,Lazio,Como,A,0.44267536762792437,0.2610992361209804,0.2962253962510951,H,0.44,0.56
2026-01-19,Serie A,Cremonese,Verona,D,0.4643732668333791,0.263952761144426,0.27167397202219484,H,0.44,0.56
2026-01-23,Bundesliga,St Pauli,Hamburg,D,0.44390274125351825,0.27065721104718515,0.2854400476992966,H,0.44,0.56
2026-01-23,Serie A,Inter,Pisa,H,0.814393612696539,0.13027052696332192,0.05533586034013911,H,0.44,0.56
2026-01-23,Ligue 1,Auxerre,Paris SG,A,0.0853542278159844,0.1505625602249735,0.7640832119590419,A,0.44,0.56
2026-01-23,La Liga,Levante,Elche,H,0.4017501599723307,0.2725358322425878,0.32571400778508147,H,0.44,0.56
2026-01-24,Bundesliga,Leverkusen,Werder Bremen,H,0.6666635347677172,0.1922277563807896,0.14110870885149313,H,0.44,0.56
2026-01-24,Bundesliga,Bayern Munich,Augsburg,A,0.9042315100524616,0.07061262453767198,0.025155865409866383,H,0.44,0.56
2026-01-24,Premier League,Man City,Wolves,H,0.750541656446688,0.16912553797855145,0.08033280557476054,H,0.44,0.56
2026-01-24,Premier League,West Ham,Sunderland,H,0.41880700863909903,0.2755538015641812,0.30563918979671967,H,0.44,0.56
2026-01-24,La Liga,Valencia,Espanol,H,0.41037631901731686,0.2726356190167639,0.3169880619659192,H,0.44,0.56
2026-01-24,La Liga,Vallecano,Osasuna,A,0.3949409929704282,0.2788373105735051,0.32622169645606675,H,0.44,0.56
2026-01-24,La Liga,Sevilla,Ath Bilbao,H,0.31160947861914734,0.2586307181418686,0.42975980323898405,A,0.44,0.56
2026-01-24,Serie A,Lecce,Lazio,D,0.25093585856787237,0.2507115737798874,0.4983525676522401,A,0.44,0.56
2026-01-24,Premier League,Fulham,Brighton,H,0.3812595983566456,0.26332725080545166,0.35541315083790276,H,0.44,0.56
2026-01-24,Ligue 1,Rennes,Lorient,A,0.5218392805954969,0.26258397451501764,0.21557674488948536,H,0.44,0.56
2026-01-24,La Liga,Villarreal,Real Madrid,A,0.3078225730009478,0.2387387596065007,0.45343866739255145,A,0.44,0.56
2026-01-24,Serie A,Como,Torino,H,0.5691096495028922,0.23248742435614694,0.19840292614096083,H,0.44,0.56
2026-01-24,Bundesliga,Mainz,Wolfsburg,H,0.4830708716301061,0.24566691343794667,0.2712622149319472,H,0.44,0.56
2026-01-24,Ligue 1,Marseille,Lens,H,0.41966350324640894,0.2535613232094014,0.3267751735441896,H,0.44,0.56
2026-01-24,Serie A,Fiorentina,Cagliari,A,0.5479053381909883,0.24914962770399235,0.2029450341050193,H,0.44,0.56
2026-01-24,Premier League,Burnley,Tottenham,D,0.29571273545905913,0.2752282241576943,0.4290590403832465,A,0.44,0.56
2026-01-24,Bundesliga,Ein Frankfurt,Hoffenheim,A,0.488735233605222,0.2468917641544714,0.26437300224030663,H,0.44,0.56
2026-01-24,Bundesliga,Heidenheim,RB Leipzig,A,0.19467169982174298,0.21898974218430095,0.5863385579939562,A,0.44,0.56
2026-01-24,Premier League,Bournemouth,Liverpool,H,0.2750970899536004,0.24172784086525925,0.4831750691811403,A,0.44,0.56
2026-01-24,Ligue 1,Le Havre,Monaco,D,0.31155686941412336,0.2643878441205232,0.4240552864653534,A,0.44,0.56
2026-01-24,Bundesliga,Union Berlin,Dortmund,A,0.2377366810728384,0.2371926622128342,0.5250706567143274,A,0.44,0.56
2026-01-25,Ligue 1,Lille,Strasbourg,A,0.5105215977131473,0.25201650570468653,0.2374618965821661,H,0.44,0.56
2026-01-25,La Liga,Sociedad,Celta,H,0.35356886373237956,0.2776904381854166,0.3687406980822039,A,0.44,0.56
2026-01-25,Serie A,Juventus,Napoli,H,0.44644806079264776,0.23680933652617825,0.31674260268117393,H,0.44,0.56
2026-01-25,Serie A,Sassuolo,Cremonese,H,0.44360057447025036,0.26828511347709105,0.2881143120526585,H,0.44,0.56
2026-01-25,Premier League,Crystal Palace,Chelsea,A,0.3236035986653547,0.2520193163150406,0.42437708501960475,A,0.44,0.56
2026-01-25,Ligue 1,Paris FC,Angers,D,0.45068736530007625,0.26631443293515633,0.2829982017647673,H,0.44,0.56
2026-01-25,La Liga,Barcelona,Oviedo,H,0.8432259793297938,0.11217035444605167,0.04460366622415436,H,0.44,0.56
2026-01-25,Serie A,Atalanta,Parma,H,0.6510932912854228,0.2169413983459173,0.13196531036865977,H,0.44,0.56
2026-01-25,Premier League,Brentford,Nott'm Forest,A,0.5519250788671175,0.23496376573963068,0.21311115539325182,H,0.44,0.56
2026-01-25,Serie A,Roma,Milan,D,0.43049602764963557,0.25114430726830483,0.31835966508205954,H,0.44,0.56
2026-01-25,Ligue 1,Brest,Toulouse,A,0.4414856640419206,0.26459458416020504,0.29391975179787444,H,0.44,0.56
2026-01-25,Bundesliga,M'gladbach,Stuttgart,A,0.2586236658843991,0.2516139997611471,0.48976233435445377,A,0.44,0.56
2026-01-25,Bundesliga,Freiburg,FC Koln,H,0.5871182576610807,0.23062504304447218,0.18225669929444704,H,0.44,0.56
2026-01-25,Serie A,Genoa,Bologna,H,0.3321265645234659,0.252809611037611,0.41506382443892287,A,0.44,0.56
2026-01-25,Premier League,Arsenal,Man United,A,0.6813117832517706,0.19225373954934205,0.1264344771988874,H,0.44,0.56
2026-01-25,Premier League,Newcastle,Aston Villa,A,0.3880944591492919,0.24924474712967898,0.3626607937210291,H,0.44,0.56
2026-01-25,La Liga,Alaves,Betis,H,0.24369337672451902,0.24915886071335142,0.5071477625621296,A,0.44,0.56
2026-01-25,Ligue 1,Metz,Lyon,A,0.17757889007578925,0.229178737078561,0.5932423728456497,A,0.44,0.56
2026-01-25,La Liga,Ath Madrid,Mallorca,H,0.6898328791640639,0.19200464778953025,0.11816247304640584,H,0.44,0.56
2026-01-25,Ligue 1,Nantes,Nice,A,0.3277461841443064,0.25637993721417096,0.41587387864152264,A,0.44,0.56
2026-01-26,La Liga,Girona,Getafe,D,0.5242317248237642,0.26152182610751434,0.21424644906872145,H,0.44,0.56
2026-01-26,Serie A,Verona,Udinese,A,0.3443702550439084,0.273720661201611,0.3819090837544806,A,0.44,0.56
2026-01-26,Premier League,Everton,Leeds,D,0.5425032858634115,0.25006677460053184,0.20742993953605662,H,0.44,0.56
2026-01-27,Bundesliga,Werder Bremen,Hoffenheim,A,0.3059775636183787,0.268242517094833,0.4257799192867883,A,0.44,0.56
2026-01-27,Bundesliga,St Pauli,RB Leipzig,D,0.21861158788644341,0.23265549239023178,0.5487329197233248,A,0.44,0.56
2026-01-30,La Liga,Espanol,Alaves,A,0.5025458671941664,0.2549986961114845,0.24245543669434916,H,0.44,0.56
2026-01-30,Bundesliga,FC Koln,Wolfsburg,H,0.45195996408175954,0.248178689773581,0.29986134614465937,H,0.44,0.56
2026-01-30,Ligue 1,Lens,Le Havre,H,0.6673704183715916,0.2096538118962839,0.12297576973212447,H,0.44,0.56
2026-01-30,Serie A,Lazio,Genoa,H,0.5038325122475563,0.25995355517647706,0.23621393257596673,H,0.44,0.56
2026-01-31,Bundesliga,Hamburg,Bayern Munich,D,0.05023546762573723,0.11434615926762684,0.835418373106636,A,0.44,0.56
2026-01-31,La Liga,Oviedo,Girona,H,0.35929249004030134,0.2797605262949609,0.36094698366473765,A,0.44,0.56
2026-01-31,Bundesliga,Augsburg,St Pauli,H,0.4807154170458078,0.2716104734267714,0.24767410952742086,H,0.44,0.56
2026-01-31,Serie A,Napoli,Fiorentina,H,0.6365374112649904,0.21046368489333345,0.1529989038416762,H,0.44,0.56
2026-01-31,Bundesliga,Hoffenheim,Union Berlin,H,0.5671789257615698,0.23715824784862238,0.1956628263898078,H,0.44,0.56
2026-01-31,Serie A,Cagliari,Verona,H,0.49365951572591066,0.2648646570265619,0.24147582724752742,H,0.44,0.56
2026-01-31,Premier League,Liverpool,Newcastle,H,0.5432046574675515,0.2307166574147786,0.22607868511766982,H,0.44,0.56
2026-01-31,Premier League,Wolves,Bournemouth,A,0.26808162550063963,0.2545047343525278,0.4774136401468325,A,0.44,0.56
2026-01-31,Serie A,Pisa,Sassuolo,A,0.4290404480629172,0.27129486285739807,0.2996646890796847,H,0.44,0.56
2026-01-31,Premier League,Brighton,Everton,D,0.47640174865394747,0.25081986463849687,0.2727783867075557,H,0.44,0.56
2026-01-31,Bundesliga,Werder Bremen,M'gladbach,D,0.46172741798029315,0.2592837397677227,0.2789888422519842,H,0.44,0.56
2026-01-31,La Liga,Elche,Barcelona,A,0.10826755336371757,0.1711619066209227,0.7205705400153597,A,0.44,0.56
2026-01-31,Bundesliga,Ein Frankfurt,Leverkusen,A,0.3419393282225357,0.2375324485964332,0.42052822318103106,A,0.44,0.56
2026-01-31,Ligue 1,Monaco,Rennes,H,0.4642928427509895,0.25017749969480185,0.2855296575542086,H,0.44,0.56
2026-01-31,Ligue 1,Lorient,Nantes,H,0.5415565552595887,0.24853911860494998,0.20990432613546128,H,0.44,0.56
2026-01-31,Ligue 1,Paris FC,Marseille,D,0.2148911852769831,0.24123092901152093,0.5438778857114959,A,0.44,0.56
2026-01-31,La Liga,Levante,Ath Madrid,D,0.16812546219425945,0.22418978758588212,0.6076847502198583,A,0.44,0.56
2026-01-31,Bundesliga,RB Leipzig,Mainz,A,0.5951222876257444,0.22691490291400118,0.17796280946025442,H,0.44,0.56
2026-01-31,La Liga,Osasuna,Villarreal,D,0.30381949374766465,0.24765797213932136,0.4485225341130139,A,0.44,0.56
2026-01-31,Premier League,Leeds,Arsenal,A,0.14934815793065329,0.19902405932900397,0.6516277827403427,A,0.44,0.56
2026-01-31,Premier League,Chelsea,West Ham,H,0.670582174989784,0.19673605619393103,0.13268176881628485,H,0.44,0.56
2026-02-01,Ligue 1,Angers,Metz,H,0.5315639183363077,0.24618244274253992,0.2222536389211525,H,0.44,0.56
2026-02-01,Premier League,Man United,Fulham,H,0.4889416664496675,0.25024420227905964,0.26081413127127273,H,0.44,0.56
2026-02-01,Serie A,Cremonese,Inter,A,0.09035755475900582,0.16326456941437617,0.746377875826618,A,0.44,0.56
2026-02-01,Premier League,Nott'm Forest,Crystal Palace,D,0.4236829543976339,0.2647029937790154,0.31161405182335056,H,0.44,0.56
2026-02-01,Bundesliga,Stuttgart,Freiburg,H,0.5503736411475622,0.2298470043208609,0.2197793545315769,H,0.44,0.56
2026-02-01,La Liga,Betis,Valencia,H,0.5778003534600147,0.22906415974215638,0.19313548679782894,H,0.44,0.56
2026-02-01,Ligue 1,Strasbourg,Paris SG,A,0.18090249199403097,0.20978707124044588,0.6093104367655231,A,0.44,0.56
2026-02-01,Serie A,Torino,Lecce,H,0.49581329335646307,0.26596058969564096,0.23822611694789592,H,0.44,0.56
2026-02-01,Serie A,Parma,Juventus,A,0.13441962942476093,0.20982305121517691,0.6557573193600622,A,0.44,0.56
2026-02-01,Premier League,Aston Villa,Brentford,A,0.5881265671660059,0.22484633321408692,0.1870270996199072,H,0.44,0.56
2026-02-01,Bundesliga,Dortmund,Heidenheim,H,0.8157740333023381,0.12724792256740652,0.05697804413025539,H,0.44,0.56
2026-02-01,Premier League,Tottenham,Man City,D,0.1933981166376902,0.22028480205378032,0.5863170813085294,A,0.44,0.56
2026-02-01,Ligue 1,Nice,Brest,D,0.4652507020759371,0.25431581893649446,0.28043347898756843,H,0.44,0.56
2026-02-01,Ligue 1,Toulouse,Auxerre,D,0.5955910013643392,0.22979027299186178,0.17461872564379907,H,0.44,0.56
2026-02-01,Serie A,Como,Atalanta,D,0.42562677447438846,0.24727160355816674,0.32710162196744474,H,0.44,0.56
2026-02-01,La Liga,Real Madrid,Vallecano,H,0.8314169535724072,0.11738284080300243,0.0512002056245903,H,0.44,0.56
2026-02-01,La Liga,Ath Bilbao,Sociedad,D,0.46000428218144096,0.2552703242922615,0.28472539352629744,H,0.44,0.56
2026-02-01,Ligue 1,Lyon,Lille,H,0.5219535470494948,0.22983606424806402,0.24821038870244122,H,0.44,0.56
2026-02-01,La Liga,Getafe,Celta,D,0.26918457518894834,0.26599682477106806,0.4648186000399836,A,0.44,0.56
2026-02-02,Premier League,Sunderland,Burnley,H,0.512460443002453,0.2621914720048943,0.22534808499265277,H,0.44,0.56
2026-02-02,La Liga,Mallorca,Sevilla,H,0.4617487073093688,0.2631745600756288,0.2750767326150023,H,0.44,0.56
2026-02-02,Serie A,Udinese,Roma,H,0.24466041421406373,0.24946367936936387,0.5058759064165723,A,0.44,0.56
2026-02-03,Serie A,Bologna,Milan,A,0.2964030541799241,0.24224429255074334,0.4613526532693326,A,0.44,0.56
2026-02-06,Premier League,Leeds,Nott'm Forest,H,0.3549919251822048,0.2741291514682367,0.3708789233495585,A,0.44,0.56
2026-02-06,Ligue 1,Metz,Lille,D,0.20810962238595665,0.22241445588804692,0.5694759217259964,A,0.44,0.56
2026-02-06,La Liga,Celta,Osasuna,A,0.5020221961095794,0.2518001563003545,0.2461776475900661,H,0.44,0.56
2026-02-06,Serie A,Verona,Pisa,D,0.4076807439061917,0.2625676142552115,0.32975164183859684,H,0.44,0.56
2026-02-06,Bundesliga,Union Berlin,Ein Frankfurt,D,0.3435127308632456,0.24233190158616208,0.4141553675505924,A,0.44,0.56
2026-02-07,La Liga,Sociedad,Elche,H,0.574729360005984,0.23544930488535015,0.1898213351086659,H,0.44,0.56
2026-02-07,Bundesliga,Freiburg,Werder Bremen,H,0.5208903015831043,0.24661191679118777,0.23249778162570778,H,0.44,0.56
2026-02-07,Bundesliga,Mainz,Augsburg,H,0.5012617660047961,0.2540694366668723,0.24466879732833147,H,0.44,0.56
2026-02-07,Bundesliga,M'gladbach,Leverkusen,D,0.20340720221685865,0.2267717003812565,0.5698210974018849,A,0.44,0.56
2026-02-07,Ligue 1,Nantes,Lyon,A,0.18563186234793416,0.23104508155629366,0.5833230560957722,A,0.44,0.56
2026-02-07,Ligue 1,Lens,Rennes,H,0.594863942349432,0.22605842875997811,0.17907762889058987,H,0.44,0.56
2026-02-07,Serie A,Fiorentina,Torino,D,0.5298078178099201,0.23891321670204058,0.23127896548803936,H,0.44,0.56
2026-02-07,Bundesliga,St Pauli,Stuttgart,H,0.19535864843101824,0.2331340847294429,0.5715072668395388,A,0.44,0.56
2026-02-07,Bundesliga,Heidenheim,Hamburg,A,0.3990561846631908,0.27767342050246185,0.32327039483434716,H,0.44,0.56
2026-02-07,Premier League,Wolves,Chelsea,A,0.17226783045069005,0.22715793483657684,0.6005742347127331,A,0.44,0.56
2026-02-07,Premier League,Newcastle,Brentford,A,0.45473008622469896,0.2565506742867275,0.2887192394885735,H,0.44,0.56
2026-02-07,Ligue 1,Brest,Lorient,H,0.46831866538443,0.2637791244390406,0.2679022101765294,H,0.44,0.56
2026-02-07,La Liga,Barcelona,Mallorca,H,0.808731578564262,0.1295381108692455,0.061730310566492474,H,0.44,0.56
2026-02-07,Bundesliga,Wolfsburg,Dortmund,A,0.14571752035868213,0.2028343452463631,0.6514481343949547,A,0.44,0.56
2026-02-07,Premier League,Fulham,Everton,A,0.4408356069708032,0.25579647022230767,0.30336792280688907,H,0.44,0.56
2026-02-07,Premier League,Burnley,West Ham,A,0.33090900312722116,0.2718025672926031,0.39728842958017563,A,0.44,0.56
2026-02-07,Premier League,Arsenal,Sunderland,H,0.7818550868358395,0.14485990180156733,0.07328501136259319,H,0.44,0.56
2026-02-07,Serie A,Genoa,Napoli,A,0.23600676910588217,0.23510331808028861,0.5288899128138291,A,0.44,0.56
2026-02-07,Premier League,Bournemouth,Aston Villa,D,0.33044114185139284,0.2553921291329016,0.4141667290157056,A,0.44,0.56
2026-02-07,Premier League,Man United,Tottenham,H,0.573597433119353,0.22751816337011022,0.19888440351053685,H,0.44,0.56
2026-02-08,Serie A,Bologna,Parma,A,0.6184333440095433,0.21917781794119934,0.16238883804925736,H,0.44,0.56
2026-02-08,La Liga,Valencia,Real Madrid,A,0.12302334271441479,0.18899835988168417,0.687978297403901,A,0.44,0.56
2026-02-08,Premier League,Brighton,Crystal Palace,A,0.4951565510566387,0.2471564310918855,0.25768701785147574,H,0.44,0.56
2026-02-08,Ligue 1,Auxerre,Paris FC,D,0.3933822896194581,0.27057255097509486,0.33604515940544705,H,0.44,0.56
2026-02-08,La Liga,Ath Madrid,Betis,A,0.5931840084802515,0.21866160081099045,0.1881543907087579,H,0.44,0.56
2026-02-08,Serie A,Lecce,Udinese,H,0.30441312984947855,0.2749702328932432,0.42061663725727827,A,0.44,0.56
2026-02-08,Ligue 1,Nice,Monaco,D,0.39730693668238304,0.25254743921784517,0.35014562409977185,H,0.44,0.56
2026-02-08,La Liga,Ath Bilbao,Levante,H,0.561683189102197,0.23966833114200947,0.19864847975579353,H,0.44,0.56
2026-02-08,Ligue 1,Le Havre,Strasbourg,H,0.28382797535989396,0.26702374983626326,0.4491482748038428,A,0.44,0.56
2026-02-08,Serie A,Sassuolo,Inter,A,0.109671749556632,0.17988594897600368,0.7104423014673642,A,0.44,0.56
2026-02-08,Ligue 1,Paris SG,Marseille,H,0.6454843582180745,0.19804933486275456,0.1564663069191709,H,0.44,0.56
2026-02-08,La Liga,Sevilla,Girona,D,0.36859980854917107,0.28520356350945253,0.3461966279413764,H,0.44,0.56
2026-02-08,Ligue 1,Angers,Toulouse,H,0.321969152752293,0.2710601724433314,0.40697067480437565,A,0.44,0.56
2026-02-08,Serie A,Juventus,Lazio,D,0.659578114278137,0.1898963556072687,0.1505255301145943,H,0.44,0.56
2026-02-08,Premier League,Liverpool,Man City,A,0.42326971044153683,0.23301573717873342,0.3437145523797297,H,0.44,0.56
2026-02-08,Bundesliga,Bayern Munich,Hoffenheim,H,0.7566060361822864,0.14708394826156435,0.09631001555614913,H,0.44,0.56
2026-02-08,La Liga,Alaves,Getafe,A,0.4631603576539255,0.2752387833080987,0.2616008590379757,H,0.44,0.56
2026-02-08,Bundesliga,FC Koln,RB Leipzig,A,0.2641773994653651,0.2515072438933893,0.4843153566412456,A,0.44,0.56
2026-02-09,Serie A,Roma,Cagliari,H,0.6471059030285375,0.2116637668523853,0.14123033011907724,H,0.44,0.56
2026-02-09,Serie A,Atalanta,Cremonese,H,0.7247282356018122,0.1767472780594359,0.09852448633875191,H,0.44,0.56
2026-02-09,La Liga,Villarreal,Espanol,H,0.6505887030104471,0.2014093686886324,0.14800192830092046,H,0.44,0.56
2026-02-10,Premier League,Everton,Bournemouth,A,0.4408735000783745,0.26350113151467547,0.2956253684069499,H,0.44,0.56
2026-02-10,Premier League,Tottenham,Newcastle,A,0.35994478064141217,0.2443174330690677,0.39573778628952017,A,0.44,0.56
2026-02-10,Premier League,West Ham,Man United,D,0.3004904642871289,0.25797840344209266,0.44153113227077845,A,0.44,0.56
2026-02-10,Premier League,Chelsea,Leeds,D,0.6854323254941546,0.19011658068021442,0.12445109382563102,H,0.44,0.56
2026-02-11,Premier League,Aston Villa,Brighton,H,0.5495492889742766,0.23599687369456784,0.21445383733115547,H,0.44,0.56
2026-02-11,Premier League,Nott'm Forest,Wolves,D,0.5938779918505421,0.23963535442014666,0.1664866537293111,H,0.44,0.56
2026-02-11,Premier League,Crystal Palace,Burnley,A,0.6547462782966398,0.21320373719984376,0.13204998450351652,H,0.44,0.56
2026-02-11,Premier League,Man City,Fulham,H,0.6733752959482854,0.192645155051974,0.13397954899974066,H,0.44,0.56
2026-02-11,Premier League,Sunderland,Liverpool,A,0.18757850237111104,0.22394793171119104,0.5884735659176978,A,0.44,0.56
2026-02-12,Premier League,Brentford,Arsenal,D,0.2167796701454336,0.23017077444576195,0.5530495554088044,A,0.44,0.56
2026-02-13,Serie A,Pisa,Milan,A,0.14183079201782184,0.20283459554828398,0.6553346124338941,A,0.44,0.56
2026-02-13,Ligue 1,Rennes,Paris SG,H,0.12599789280054957,0.18642551625416104,0.6875765909452893,A,0.44,0.56
2026-02-13,Ligue 1,Monaco,Nantes,H,0.647687993043033,0.2098670393161329,0.142444967640834,H,0.44,0.56
2026-02-13,La Liga,Elche,Osasuna,D,0.31463416869758787,0.2610408833657102,0.42432494793670195,A,0.44,0.56
2026-02-13,Bundesliga,Dortmund,Mainz,H,0.6932891987282608,0.18953734838740838,0.11717345288433073,H,0.44,0.56
2026-02-14,La Liga,Getafe,Villarreal,H,0.2055857678649068,0.23094481872867068,0.5634694134064225,A,0.44,0.56
2026-02-14,Ligue 1,Marseille,Strasbourg,D,0.5364134263681949,0.2315832078524212,0.23200336577938402,H,0.44,0.56
2026-02-14,La Liga,Real Madrid,Sociedad,H,0.7608847984911076,0.15623095485739047,0.08288424665150192,H,0.44,0.56
2026-02-14,Ligue 1,Lille,Brest,D,0.4677249077173188,0.2560956911346134,0.27617940114806794,H,0.44,0.56
2026-02-14,Serie A,Como,Fiorentina,A,0.5748363782398819,0.2216852983648002,0.2034783233953179,H,0.44,0.56
2026-02-14,Bundesliga,Werder Bremen,Bayern Munich,A,0.099638535365286,0.1561707271867091,0.7441907374480048,A,0.44,0.56
2026-02-14,Bundesliga,Leverkusen,St Pauli,H,0.7234689185154053,0.17920091997411497,0.09733016151047967,H,0.44,0.56
2026-02-14,Bundesliga,Stuttgart,FC Koln,H,0.650633187279609,0.21026077568424245,0.13910603703614866,H,0.44,0.56
2026-02-14,Serie A,Inter,Juventus,H,0.5802588495133142,0.2082407951522302,0.21150035533445555,H,0.44,0.56
2026-02-14,La Liga,Sevilla,Alaves,D,0.43137371277056547,0.27165821009807467,0.2969680771313598,H,0.44,0.56
2026-02-14,La Liga,Espanol,Celta,D,0.36248051890623956,0.2649817067259901,0.37253777436777025,A,0.44,0.56
2026-02-14,Bundesliga,Hamburg,Union Berlin,H,0.3844648055477905,0.27093219665544577,0.34460299779676373,H,0.44,0.56
2026-02-14,Serie A,Lazio,Atalanta,A,0.34866188736842463,0.26451763805946593,0.38682047457210944,A,0.44,0.56
2026-02-14,Bundesliga,Ein Frankfurt,M'gladbach,H,0.5848049551072503,0.22149225879103968,0.19370278610171004,H,0.44,0.56
2026-02-14,Ligue 1,Paris FC,Lens,A,0.22474597206720343,0.24557849105386143,0.5296755368789352,A,0.44,0.56
2026-02-14,Bundesliga,Hoffenheim,Freiburg,H,0.4768951749405398,0.2581990321500896,0.26490579290937055,H,0.44,0.56
2026-02-15,Bundesliga,Augsburg,Heidenheim,H,0.5475992075246481,0.24917930005606784,0.20322149241928403,H,0.44,0.56
2026-02-15,Ligue 1,Lorient,Angers,H,0.4969071529694612,0.2643558465130418,0.2387370005174969,H,0.44,0.56
2026-02-15,Serie A,Parma,Verona,H,0.48402636369399926,0.27200011164483584,0.24397352466116493,H,0.44,0.56
2026-02-15,Bundesliga,RB Leipzig,Wolfsburg,D,0.6394085945228403,0.21202367300350072,0.14856773247365906,H,0.44,0.56
2026-02-15,Ligue 1,Lyon,Nice,H,0.586477152484548,0.22428555420967555,0.1892372933057764,H,0.44,0.56
2026-02-15,Serie A,Napoli,Roma,D,0.47629364000335006,0.2529552335905762,0.2707511264060738,H,0.44,0.56
2026-02-15,Ligue 1,Le Havre,Toulouse,H,0.3552893612138991,0.27912333912009296,0.365587299666008,A,0.44,0.56
2026-02-15,La Liga,Mallorca,Betis,A,0.28422934630810154,0.2608168805843426,0.4549537731075559,A,0.44,0.56
2026-02-15,Serie A,Cremonese,Genoa,D,0.3225529905159363,0.2727896358779981,0.40465737360606563,A,0.44,0.56
2026-02-15,Serie A,Udinese,Sassuolo,A,0.5158323190481131,0.2525915038642866,0.23157617708760025,H,0.44,0.56
2026-02-15,La Liga,Oviedo,Ath Bilbao,A,0.28576585645710895,0.2580295094500783,0.45620463409281276,A,0.44,0.56
2026-02-15,Serie A,Torino,Bologna,A,0.3452478266106913,0.2620102831836399,0.39274189020566874,A,0.44,0.56
2026-02-15,Ligue 1,Metz,Auxerre,A,0.36481853712960455,0.28758209048561617,0.34759937238477934,H,0.44,0.56
2026-02-15,La Liga,Vallecano,Ath Madrid,H,0.21070152860097713,0.24226638665381117,0.5470320847452117,A,0.44,0.56
2026-02-15,La Liga,Levante,Valencia,A,0.3784030204597395,0.275444569055762,0.3461524104844984,H,0.44,0.56
2026-02-16,Serie A,Cagliari,Lecce,A,0.49363822537576174,0.27365748196178585,0.23270429266245235,H,0.44,0.56
2026-02-16,La Liga,Girona,Barcelona,H,0.12118351340902525,0.1885648597090942,0.6902516268818806,A,0.44,0.56
2026-02-18,Premier League,Wolves,Arsenal,D,0.08070377125253678,0.15885928570408325,0.7604369430433799,A,0.44,0.56
2026-02-18,Serie A,Milan,Como,D,0.5831235372029064,0.2232146755224766,0.19366178727461691,H,0.44,0.56
2026-02-18,La Liga,Levante,Villarreal,A,0.18834141007750088,0.22411881380867876,0.5875397761138204,A,0.44,0.56
2026-02-20,La Liga,Ath Bilbao,Elche,H,0.6349012901943335,0.20981830722212969,0.15528040258353676,H,0.44,0.56
2026-02-20,Serie A,Sassuolo,Verona,H,0.5378150254889777,0.26009977118470406,0.2020852033263182,H,0.44,0.56
2026-02-20,Bundesliga,Mainz,Hamburg,D,0.4947666055418291,0.2688453560833193,0.2363880383748516,H,0.44,0.56
2026-02-20,Ligue 1,Brest,Marseille,H,0.3355214380227811,0.23997839103476493,0.424500170942454,A,0.44,0.56
2026-02-21,Premier League,Chelsea,Burnley,D,0.7744438211742104,0.15346219240298298,0.07209398642280651,H,0.44,0.56
2026-02-21,La Liga,Ath Madrid,Espanol,H,0.6411635284418851,0.20609510537011377,0.15274136618800116,H,0.44,0.56
2026-02-21,Bundesliga,Wolfsburg,Augsburg,A,0.4150843796208749,0.2696701636002147,0.31524545677891047,H,0.44,0.56
2026-02-21,Ligue 1,Toulouse,Paris FC,D,0.5461479728443164,0.24338966280532287,0.2104623643503607,H,0.44,0.56
2026-02-21,Serie A,Juventus,Como,A,0.5510750949539783,0.22398079127295129,0.2249441137730704,H,0.44,0.56
2026-02-21,Serie A,Cagliari,Lazio,D,0.31853306998918984,0.26237759885237383,0.4190893311584363,A,0.44,0.56
2026-02-21,Premier League,West Ham,Bournemouth,D,0.3351112032051022,0.26776941148272937,0.3971193853121684,A,0.44,0.56
2026-02-21,Serie A,Lecce,Inter,A,0.07922909287264698,0.15273565951366758,0.7680352476136854,A,0.44,0.56
2026-02-21,Premier League,Brentford,Brighton,A,0.45220812012956835,0.26092861447706067,0.286863265393371,H,0.44,0.56
2026-02-21,La Liga,Betis,Vallecano,D,0.593472801660784,0.23031092263155117,0.17621627570766485,H,0.44,0.56
2026-02-21,Bundesliga,Bayern Munich,Ein Frankfurt,H,0.7730526429402023,0.137271048865208,0.08967630819458972,H,0.44,0.56
2026-02-21,Ligue 1,Lens,Monaco,A,0.5514985031609417,0.23324769950537083,0.21525379733368744,H,0.44,0.56
2026-02-21,Bundesliga,Union Berlin,Leverkusen,H,0.18863515996098257,0.22334742614905134,0.5880174138899661,A,0.44,0.56
2026-02-21,Bundesliga,FC Koln,Hoffenheim,D,0.2631062305061451,0.2566582759697127,0.4802354935241422,A,0.44,0.56
2026-02-21,Premier League,Aston Villa,Leeds,D,0.6597974293877336,0.2056770113637862,0.1345255592484803,H,0.44,0.56
2026-02-21,La Liga,Osasuna,Real Madrid,H,0.1590352922095828,0.20831340898609613,0.632651298804321,A,0.44,0.56
2026-02-21,Premier League,Man City,Newcastle,H,0.6636356494180962,0.1916400217037999,0.14472432887810402,H,0.44,0.56
2026-02-21,Bundesliga,RB Leipzig,Dortmund,D,0.32020165506058634,0.24169638894370227,0.43810195599571145,A,0.44,0.56
2026-02-21,Ligue 1,Paris SG,Metz,H,0.892608493374859,0.08162801094971606,0.025763495675424984,H,0.44,0.56
2026-02-21,La Liga,Sociedad,Oviedo,D,0.5785791477521054,0.23711512860635173,0.18430572364154302,H,0.44,0.56
2026-02-22,Serie A,Genoa,Torino,H,0.4793178705947989,0.2501498046376359,0.27053232476756517,H,0.44,0.56
2026-02-22,Ligue 1,Auxerre,Rennes,A,0.32770261860218713,0.2629262663389514,0.4093711150588615,A,0.44,0.56
2026-02-22,Ligue 1,Strasbourg,Lyon,H,0.3539033210723915,0.2533625708721446,0.39273410805546394,A,0.44,0.56
2026-02-22,Serie A,Atalanta,Napoli,H,0.4234041175804377,0.24123123959686749,0.3353646428226948,H,0.44,0.56
2026-02-22,La Liga,Barcelona,Levante,H,0.8466852929583402,0.10933860957858751,0.043976097463072315,H,0.44,0.56
2026-02-22,Premier League,Crystal Palace,Wolves,H,0.6084593067851165,0.22622663980334107,0.16531405341154243,H,0.44,0.56
2026-02-22,Bundesliga,St Pauli,Werder Bremen,H,0.3681829765898068,0.2792911904720413,0.352525832938152,H,0.44,0.56
2026-02-22,Bundesliga,Heidenheim,Stuttgart,D,0.17425822531539914,0.23139666680056278,0.594345107884038,A,0.44,0.56
2026-02-22,Ligue 1,Nice,Lorient,D,0.48145782277896076,0.26013112262005283,0.25841105460098635,H,0.44,0.56
2026-02-22,Bundesliga,Freiburg,M'gladbach,H,0.5382782596120851,0.25067902302893125,0.21104271735898378,H,0.44,0.56
2026-02-22,Premier League,Nott'm Forest,Liverpool,A,0.23386366391215735,0.23795165763737602,0.5281846784504667,A,0.44,0.56
2026-02-22,La Liga,Getafe,Sevilla,A,0.4631877293426969,0.2703843920748124,0.2664278785824908,H,0.44,0.56
2026-02-22,Premier League,Tottenham,Arsenal,A,0.13640286299707616,0.1837019847617451,0.6798951522411787,A,0.44,0.56
2026-02-22,La Liga,Celta,Mallorca,H,0.5554048448275254,0.2339028729522457,0.21069228222022887,H,0.44,0.56
2026-02-22,Serie A,Roma,Cremonese,H,0.7102212679018477,0.18692572047578748,0.10285301162236471,H,0.44,0.56
2026-02-22,Serie A,Milan,Parma,A,0.7500407224622834,0.1650605350058771,0.08489874253183952,H,0.44,0.56
2026-02-22,Ligue 1,Angers,Lille,A,0.2711617850660233,0.26046777557220135,0.46837043936177536,A,0.44,0.56
2026-02-22,Premier League,Sunderland,Fulham,A,0.3554293600352624,0.2641821760980937,0.38038846386664404,A,0.44,0.56
2026-02-22,Ligue 1,Nantes,Le Havre,H,0.3385083327693881,0.27791101214831376,0.3835806550822981,A,0.44,0.56
2026-02-22,La Liga,Villarreal,Valencia,H,0.6388544494871023,0.21090963011199848,0.15023592040089911,H,0.44,0.56
2026-02-23,Serie A,Bologna,Udinese,H,0.5154412755451274,0.24890746877365133,0.2356512556812213,H,0.44,0.56
2026-02-23,Serie A,Fiorentina,Pisa,H,0.5926960022572889,0.22597105197148484,0.18133294577122616,H,0.44,0.56
2026-02-23,Premier League,Everton,Man United,A,0.38326796315393175,0.265687933513779,0.3510441033322892,H,0.44,0.56
2026-02-23,La Liga,Alaves,Girona,D,0.3693352334882315,0.28400984742007207,0.3466549190916964,H,0.44,0.56
2026-02-27,La Liga,Levante,Alaves,H,0.35749129778422406,0.2804452948757006,0.3620634073400754,A,0.44,0.56
2026-02-27,Bundesliga,Augsburg,FC Koln,H,0.49494723291544596,0.26610737819855523,0.2389453888859988,H,0.44,0.56
2026-02-27,Premier League,Wolves,Aston Villa,H,0.15713810462879077,0.22201533196661113,0.6208465634045979,A,0.44,0.56
2026-02-27,Ligue 1,Strasbourg,Lens,D,0.3524056770236279,0.23887204875091922,0.4087222742254529,A,0.44,0.56
2026-02-27,Serie A,Parma,Cagliari,D,0.4201183834342115,0.28695835727013363,0.2929232592956548,H,0.44,0.56
2026-02-28,Ligue 1,Monaco,Angers,H,0.6573359046530474,0.2138140919056548,0.1288500034412979,H,0.44,0.56
2026-02-28,La Liga,Mallorca,Sociedad,A,0.33521354468944575,0.26047820670560307,0.4043082486049512,A,0.44,0.56
2026-02-28,Premier League,Leeds,Man City,A,0.1632832102449301,0.2101526133584024,0.6265641763966676,A,0.44,0.56
2026-02-28,Ligue 1,Le Havre,Paris SG,A,0.10137281834609088,0.17353812337689573,0.7250890582770134,A,0.44,0.56
2026-02-28,Serie A,Inter,Genoa,H,0.8356333628587289,0.11206058355978057,0.05230605358149028,H,0.44,0.56
2026-02-28,Premier League,Burnley,Brentford,A,0.24415305704985563,0.2580874344605346,0.49775950848960976,A,0.44,0.56
2026-02-28,Bundesliga,Hoffenheim,St Pauli,A,0.6538730766541805,0.20800345208595383,0.13812347125986563,H,0.44,0.56
2026-02-28,Ligue 1,Rennes,Toulouse,H,0.4915038354112906,0.25778412030295933,0.2507120442857501,H,0.44,0.56
2026-02-28,Premier League,Liverpool,West Ham,H,0.6902486618673223,0.19196854340009378,0.11778279473258406,H,0.44,0.56
2026-02-28,Serie A,Verona,Napoli,A,0.12030387802993836,0.18590240067454955,0.6937937212955121,A,0.44,0.56
2026-02-28,Bundesliga,Werder Bremen,Heidenheim,H,0.5177407235138328,0.2526196333342613,0.22963964315190588,H,0.44,0.56
2026-02-28,La Liga,Vallecano,Ath Bilbao,D,0.34923266139867326,0.26013667951944003,0.39063065908188666,A,0.44,0.56
2026-02-28,Bundesliga,M'gladbach,Union Berlin,H,0.3906849576688305,0.26615150712412916,0.34316353520704024,H,0.44,0.56
2026-02-28,La Liga,Oviedo,Ath Madrid,A,0.1928550011257186,0.2255744095824302,0.581570589291851,A,0.44,0.56
2026-02-28,Premier League,Bournemouth,Sunderland,D,0.6053894286536665,0.2276831468387598,0.1669274245075737,H,0.44,0.56
2026-02-28,Bundesliga,Leverkusen,Mainz,D,0.6771956417442939,0.19518199847026058,0.12762235978544548,H,0.44,0.56
2026-02-28,Premier League,Newcastle,Everton,A,0.46487095671384504,0.25196416744885153,0.2831648758373034,H,0.44,0.56
2026-02-28,Bundesliga,Dortmund,Bayern Munich,A,0.34094434453590594,0.2234575058761031,0.4355981495879909,A,0.44,0.56
2026-02-28,La Liga,Barcelona,Villarreal,H,0.6324299514290553,0.19644092495255222,0.17112912361839228,H,0.44,0.56
2026-02-28,Serie A,Como,Lecce,H,0.6705639335132807,0.20259230375406884,0.12684376273265038,H,0.44,0.56
2026-03-01,La Liga,Girona,Celta,A,0.38882619305753763,0.2644038617241232,0.34676994521833926,H,0.44,0.56
2026-03-01,Premier League,Brighton,Nott'm Forest,H,0.5077489737355407,0.25320236511305816,0.2390486611514012,H,0.44,0.56
2026-03-01,La Liga,Valencia,Osasuna,H,0.38112939559951486,0.27026225067535975,0.3486083537251254,H,0.44,0.56
2026-03-01,Premier League,Fulham,Tottenham,H,0.5440879966871643,0.23491435722936813,0.22099764608346753,H,0.44,0.56
2026-03-01,Ligue 1,Metz,Brest,A,0.20215660234139077,0.2493686205086898,0.5484747771499193,A,0.44,0.56
2026-03-01,Bundesliga,Ein Frankfurt,Freiburg,H,0.4894100109001319,0.24666124237157758,0.2639287467282905,H,0.44,0.56
2026-03-01,Serie A,Sassuolo,Atalanta,H,0.2269262973853733,0.2542454140777898,0.5188282885368369,A,0.44,0.56
2026-03-01,Serie A,Cremonese,Milan,A,0.14496015258284284,0.21020302776782915,0.6448368196493279,A,0.44,0.56
2026-03-01,Ligue 1,Paris FC,Nice,H,0.3133013577366216,0.26581740151236605,0.4208812407510123,A,0.44,0.56
2026-03-01,La Liga,Elche,Espanol,D,0.35946446059762865,0.25217659203125414,0.3883589473711171,A,0.44,0.56
2026-03-01,Bundesliga,Hamburg,RB Leipzig,A,0.2675703159810919,0.25167354295487604,0.4807561410640321,A,0.44,0.56
2026-03-01,Ligue 1,Lorient,Auxerre,D,0.5325961905363996,0.2584511345025168,0.20895267496108344,H,0.44,0.56
2026-03-01,Premier League,Man United,Crystal Palace,H,0.5375291963488451,0.24436856984569563,0.21810223380545923,H,0.44,0.56
2026-03-01,Serie A,Torino,Lazio,H,0.29027574121490235,0.26497595963622445,0.44474829914887315,A,0.44,0.56
2026-03-01,Premier League,Arsenal,Chelsea,H,0.6383212503685493,0.19238163327218075,0.16929711635926997,H,0.44,0.56
2026-03-01,La Liga,Betis,Sevilla,D,0.6238237581336734,0.22481995812923836,0.1513562837370882,H,0.44,0.56
2026-03-01,Serie A,Roma,Juventus,D,0.43693282318156207,0.23580382139002803,0.3272633554284099,H,0.44,0.56
2026-03-01,Bundesliga,Stuttgart,Wolfsburg,H,0.6613307393166015,0.1984500999808141,0.1402191607025845,H,0.44,0.56
2026-03-01,Ligue 1,Marseille,Lyon,H,0.4083026386348295,0.25164714311182707,0.3400502182533435,H,0.44,0.56
2026-03-01,Ligue 1,Lille,Nantes,H,0.6515781522037201,0.21078998487809164,0.13763186291818824,H,0.44,0.56
2026-03-02,La Liga,Real Madrid,Getafe,A,0.8021379067662975,0.13888370563081165,0.058978387602890786,H,0.44,0.56
2026-03-02,Serie A,Udinese,Fiorentina,H,0.3710229426373861,0.2663643436626849,0.36261271369992887,H,0.44,0.56
2026-03-02,Serie A,Pisa,Bologna,A,0.26993995394400805,0.2545349410025345,0.47552510505345746,A,0.44,0.56
2026-03-03,Premier League,Leeds,Sunderland,A,0.47069168604759304,0.2634039317953053,0.2659043821571016,H,0.44,0.56
2026-03-03,Premier League,Wolves,Liverpool,H,0.14261184967982363,0.20578595548862594,0.6516021948315504,A,0.44,0.56
2026-03-03,Premier League,Bournemouth,Brentford,D,0.4390276093459414,0.2590289724747209,0.30194341817933756,H,0.44,0.56
2026-03-03,Premier League,Everton,Burnley,H,0.6635231799752213,0.20491945795672323,0.13155736206805552,H,0.44,0.56
2026-03-04,Bundesliga,Hamburg,Leverkusen,A,0.18764407870371372,0.2262076522142204,0.5861482690820657,A,0.44,0.56
2026-03-04,Premier League,Newcastle,Man United,H,0.38749906325190214,0.2547370701759169,0.35776386657218096,H,0.44,0.56
2026-03-04,Premier League,Brighton,Arsenal,A,0.21469336235002603,0.2251255435992295,0.5601810940507443,A,0.44,0.56
2026-03-04,La Liga,Vallecano,Oviedo,H,0.5403901255669554,0.24520683138567184,0.21440304304737268,H,0.44,0.56
2026-03-04,Premier League,Man City,Nott'm Forest,D,0.7396855716860986,0.16827018513774436,0.09204424317615698,H,0.44,0.56
2026-03-04,Premier League,Fulham,West Ham,A,0.544996950575012,0.23958467004848344,0.2154183793765045,H,0.44,0.56
2026-03-04,Premier League,Aston Villa,Chelsea,A,0.4385225795914406,0.24761903033240099,0.31385839007615846,H,0.44,0.56
2026-03-05,Premier League,Tottenham,Crystal Palace,A,0.3440455105619584,0.2644680481345581,0.3914864413034836,A,0.44,0.56
2026-03-06,Bundesliga,Bayern Munich,M'gladbach,H,0.8503117733371381,0.10602954665037864,0.04365868001248316,H,0.44,0.56
2026-03-06,Ligue 1,Paris SG,Monaco,A,0.6843183686855732,0.1849694074077342,0.13071222390669265,H,0.44,0.56
2026-03-06,Serie A,Napoli,Torino,H,0.7056716564389276,0.18293883883499906,0.1113895047260732,H,0.44,0.56
2026-03-06,La Liga,Celta,Real Madrid,A,0.21489040879417462,0.2254039781929918,0.5597056130128335,A,0.44,0.56
2026-03-07,Ligue 1,Auxerre,Strasbourg,D,0.268120268167622,0.25614289572473375,0.4757368361076443,A,0.44,0.56
2026-03-07,Bundesliga,FC Koln,Dortmund,A,0.1479408747352087,0.20047363034805077,0.6515854949167406,A,0.44,0.56
2026-03-07,Bundesliga,Wolfsburg,Hamburg,A,0.41960611032388717,0.2721173070963965,0.30827658257971624,H,0.44,0.56
2026-03-07,Bundesliga,RB Leipzig,Augsburg,H,0.5984431154571337,0.22771396373182934,0.1738429208110368,H,0.44,0.56
2026-03-07,La Liga,Ath Madrid,Sociedad,H,0.5918842495252086,0.2234599327460994,0.18465581772869202,H,0.44,0.56
2026-03-07,Serie A,Cagliari,Como,A,0.2742905859156338,0.2588410801805699,0.46686833390379634,A,0.44,0.56
2026-03-07,Bundesliga,Freiburg,Leverkusen,D,0.25166990173987686,0.2536761956849555,0.4946539025751676,A,0.44,0.56
2026-03-07,La Liga,Ath Bilbao,Barcelona,A,0.18747368766026967,0.21321841535681635,0.599307896982914,A,0.44,0.56
2026-03-07,Serie A,Atalanta,Udinese,D,0.6187661930654835,0.22297478290997944,0.15825902402453695,H,0.44,0.56
2026-03-07,Bundesliga,Mainz,Stuttgart,D,0.2855589790721824,0.25862729425238806,0.4558137266754295,A,0.44,0.56
2026-03-07,Serie A,Juventus,Pisa,H,0.7591387476911844,0.1564056732714078,0.08445557903740777,H,0.44,0.56
2026-03-07,Bundesliga,Heidenheim,Hoffenheim,A,0.23178815842121175,0.24194315753529677,0.5262686840434915,A,0.44,0.56
2026-03-07,La Liga,Levante,Girona,D,0.33370569398927363,0.2745716505493375,0.39172265546138885,A,0.44,0.56
2026-03-07,Ligue 1,Nantes,Angers,A,0.416232786206252,0.28258957366043447,0.3011776401333135,H,0.44,0.56
2026-03-07,La Liga,Osasuna,Mallorca,D,0.535804139545603,0.25029051850364437,0.21390534195075256,H,0.44,0.56
2026-03-07,Ligue 1,Toulouse,Marseille,A,0.30251687950664125,0.24218051238361626,0.45530260810974255,A,0.44,0.56
2026-03-08,Ligue 1,Brest,Le Havre,H,0.5777315059862471,0.24148228510968783,0.1807862089040651,H,0.44,0.56
2026-03-08,Serie A,Lecce,Cremonese,H,0.45707163869632694,0.273004868429199,0.26992349287447404,H,0.44,0.56
2026-03-08,La Liga,Sevilla,Vallecano,D,0.35158389184715333,0.27753412727477866,0.37088198087806795,A,0.44,0.56
2026-03-08,Ligue 1,Lille,Lorient,D,0.5559352817704516,0.24277891563396367,0.2012858025955846,H,0.44,0.56
2026-03-08,La Liga,Valencia,Alaves,H,0.4980389358628812,0.2610663050536714,0.24089475908344732,H,0.44,0.56
2026-03-08,La Liga,Villarreal,Elche,H,0.7199177615552559,0.1785763784830668,0.10150585996167724,H,0.44,0.56
2026-03-08,Serie A,Genoa,Roma,H,0.23159038856004432,0.2304894526941063,0.5379201587458493,A,0.44,0.56
2026-03-08,Bundesliga,St Pauli,Ein Frankfurt,D,0.26196548588563984,0.26347333409395896,0.47456118002040115,A,0.44,0.56
2026-03-08,Bundesliga,Union Berlin,Werder Bremen,A,0.45225265360135114,0.2650392491026706,0.28270809729597823,H,0.44,0.56
2026-03-08,Ligue 1,Lens,Metz,H,0.8058386804644732,0.13634781719010597,0.05781350234542085,H,0.44,0.56
2026-03-08,Ligue 1,Nice,Rennes,A,0.3971482002710064,0.2559823614597057,0.34686943826928784,H,0.44,0.56
2026-03-08,Ligue 1,Lyon,Paris FC,D,0.6387466684963503,0.21502169297429669,0.1462316385293528,H,0.44,0.56
2026-03-08,Serie A,Fiorentina,Parma,D,0.5016086144058751,0.26168162101872516,0.23670976457539974,H,0.44,0.56
2026-03-08,La Liga,Getafe,Betis,H,0.2871506759687611,0.2727358942868246,0.4401134297444142,A,0.44,0.56
2026-03-08,Serie A,Bologna,Verona,A,0.6600523780150903,0.21363326167855978,0.1263143603063499,H,0.44,0.56
2026-03-08,Serie A,Milan,Inter,H,0.29557562347022337,0.23570383135749737,0.46872054517227935,A,0.44,0.56
2026-03-09,Serie A,Lazio,Sassuolo,H,0.5261565083176533,0.24650589051244648,0.2273376011699002,H,0.44,0.56
2026-03-09,La Liga,Espanol,Oviedo,D,0.525336474760902,0.24569232114830394,0.22897120409079405,H,0.44,0.56
2026-03-13,La Liga,Alaves,Villarreal,D,0.22248436654468637,0.23422802379854407,0.5432876096567694,A,0.44,0.56
2026-03-13,Bundesliga,M'gladbach,St Pauli,H,0.4640805058515825,0.2750856464608789,0.26083384768753853,H,0.44,0.56
2026-03-13,Serie A,Torino,Parma,H,0.4448218317326099,0.2746666232094259,0.28051154505796416,H,0.44,0.56
2026-03-13,Ligue 1,Marseille,Auxerre,H,0.6495969297341774,0.21453482926390216,0.13586824100192038,H,0.44,0.56
2026-03-14,Premier League,Chelsea,Newcastle,A,0.5598576909730312,0.21882591820123654,0.2213163908257323,H,0.44,0.56
2026-03-14,La Liga,Ath Madrid,Getafe,H,0.6509248551372089,0.2149107956401073,0.13416434922268378,H,0.44,0.56
2026-03-14,Serie A,Napoli,Lecce,H,0.7593067513514005,0.16049297097414134,0.08020027767445814,H,0.44,0.56
2026-03-14,La Liga,Real Madrid,Elche,H,0.8240204000938512,0.12346858990657229,0.05251100999957646,H,0.44,0.56
2026-03-14,Bundesliga,Dortmund,Augsburg,H,0.7153721615669395,0.17736844836611082,0.10725939006694968,H,0.44,0.56
2026-03-14,Premier League,West Ham,Man City,D,0.16498023059242084,0.21808425112962915,0.61693551827795,A,0.44,0.56
2026-03-14,Ligue 1,Lorient,Lens,H,0.22952888885036396,0.23260457775110832,0.5378665333985277,A,0.44,0.56
2026-03-14,Serie A,Udinese,Juventus,A,0.23304288140346535,0.22021470200911275,0.546742416587422,A,0.44,0.56
2026-03-14,Serie A,Inter,Atalanta,D,0.6592933318493042,0.18926129079175674,0.15144537735893912,H,0.44,0.56
2026-03-14,Ligue 1,Angers,Nice,A,0.3530734691840415,0.27553969739917394,0.3713868334167846,A,0.44,0.56
2026-03-14,Bundesliga,Ein Frankfurt,Heidenheim,H,0.6970397971432016,0.18914908602861807,0.11381111682818018,H,0.44,0.56
2026-03-14,Bundesliga,Hoffenheim,Wolfsburg,D,0.6408500951958546,0.20481819433510848,0.15433171046903682,H,0.44,0.56
2026-03-14,Bundesliga,Leverkusen,Bayern Munich,D,0.26375622292357803,0.21641111443108557,0.5198326626453365,A,0.44,0.56
2026-03-14,Premier League,Sunderland,Brighton,A,0.29641765080688615,0.27271069287447486,0.4308716563186389,A,0.44,0.56
2026-03-14,Premier League,Burnley,Bournemouth,D,0.23077035861470147,0.25887959356874807,0.5103500478165504,A,0.44,0.56
2026-03-14,Ligue 1,Monaco,Brest,H,0.516120412594622,0.25366208195659823,0.23021750544877975,H,0.44,0.56
2026-03-14,Bundesliga,Hamburg,FC Koln,D,0.47122642393546765,0.26132336509046544,0.2674502109740669,H,0.44,0.56
2026-03-14,La Liga,Girona,Ath Bilbao,H,0.36232473993729464,0.265037761510431,0.37263749855227435,A,0.44,0.56
2026-03-14,La Liga,Oviedo,Valencia,H,0.34167524790918663,0.2717792771374922,0.38654547495332114,A,0.44,0.56
2026-03-14,Premier League,Arsenal,Everton,H,0.6921450627697926,0.18482897388418584,0.12302596334602145,H,0.44,0.56
2026-03-15,Ligue 1,Metz,Toulouse,A,0.25020225004280283,0.27217662436456813,0.4776211255926289,A,0.44,0.56
2026-03-15,Serie A,Lazio,Milan,H,0.2815608917351912,0.2511607775711697,0.46727833069363905,A,0.44,0.56
2026-03-15,La Liga,Mallorca,Espanol,H,0.38730735328426236,0.2594369689092061,0.35325567780653144,H,0.44,0.56
2026-03-15,Premier League,Man United,Aston Villa,H,0.42554562269486684,0.2540273346694602,0.3204270426356729,H,0.44,0.56
2026-03-15,Premier League,Liverpool,Tottenham,D,0.7309805483401617,0.16808746790984488,0.1009319837499933,H,0.44,0.56
2026-03-15,La Liga,Barcelona,Sevilla,H,0.8154606524564658,0.1286499511854191,0.05588939635811492,H,0.44,0.56
2026-03-15,Premier League,Nott'm Forest,Fulham,D,0.40336466620767186,0.26009774095669136,0.3365375928356368,H,0.44,0.56
2026-03-15,Ligue 1,Strasbourg,Paris FC,D,0.5820271853785763,0.2324811758016455,0.18549163881977795,H,0.44,0.56
2026-03-15,La Liga,Sociedad,Osasuna,H,0.4621815640044996,0.25902123098271973,0.2787972050127806,H,0.44,0.56
2026-03-15,Bundesliga,Werder Bremen,Mainz,A,0.43098941643570676,0.26228393474895456,0.30672664881533873,H,0.44,0.56
2026-03-15,Ligue 1,Le Havre,Lyon,D,0.24047830607558515,0.25156787152779025,0.5079538223966245,A,0.44,0.56
2026-03-15,Serie A,Sassuolo,Bologna,A,0.36181237160260693,0.2759918100055704,0.36219581839182263,A,0.44,0.56
2026-03-15,Serie A,Pisa,Cagliari,H,0.36307970740605755,0.2809919388421835,0.355928353751759,H,0.44,0.56
2026-03-15,Bundesliga,Freiburg,Union Berlin,A,0.5222202856207728,0.2503081586362663,0.2274715557429609,H,0.44,0.56
2026-03-15,Premier League,Crystal Palace,Leeds,D,0.527839758512434,0.2519716605947113,0.22018858089285465,H,0.44,0.56
2026-03-15,Bundesliga,Stuttgart,RB Leipzig,H,0.48016574204154583,0.23373980338086975,0.28609445457758453,H,0.44,0.56
2026-03-15,Serie A,Como,Roma,H,0.38431753421817183,0.24754051824442141,0.36814194753740664,H,0.44,0.56
2026-03-15,Ligue 1,Rennes,Lille,A,0.4524644575112994,0.25786397822232504,0.2896715642663755,H,0.44,0.56
2026-03-15,La Liga,Betis,Celta,D,0.47449451084959915,0.25525817697354053,0.27024731217686043,H,0.44,0.56
2026-03-15,Serie A,Verona,Genoa,A,0.30102206903309314,0.27507022364721356,0.42390770731969335,A,0.44,0.56
2026-03-16,Serie A,Cremonese,Fiorentina,A,0.3026004281943206,0.2726116653712985,0.4247879064343808,A,0.44,0.56
2026-03-16,La Liga,Vallecano,Levante,D,0.5744743144107542,0.24096898811685097,0.18455669747239475,H,0.44,0.56
2026-03-16,Premier League,Brentford,Wolves,D,0.6047804837347168,0.233806710109297,0.1614128061559862,H,0.44,0.56
2026-03-20,Ligue 1,Lens,Angers,H,0.7422017070000333,0.16481412231822237,0.09298417068174433,H,0.44,0.56
2026-03-20,La Liga,Villarreal,Sociedad,H,0.5690715677778928,0.22917492318455945,0.2017535090375477,H,0.44,0.56
2026-03-20,Serie A,Cagliari,Napoli,A,0.1595938134164273,0.20784433794428409,0.6325618486392885,A,0.44,0.56
2026-03-20,Premier League,Bournemouth,Man United,D,0.3642575127480036,0.2679286329355413,0.36781385431645497,A,0.44,0.56
2026-03-20,Serie A,Genoa,Udinese,A,0.45401319557881514,0.2679832758308176,0.27800352859036725,H,0.44,0.56
2026-03-20,Bundesliga,RB Leipzig,Hoffenheim,H,0.4819488236589461,0.24791736891006005,0.2701338074309939,H,0.44,0.56
2026-03-21,Premier League,Everton,Chelsea,H,0.34127814810021506,0.2521846988749158,0.40653715302486915,A,0.44,0.56
2026-03-21,Bundesliga,Wolfsburg,Werder Bremen,A,0.37842794806077307,0.2671351249162467,0.3544369270229803,H,0.44,0.56
2026-03-21,Bundesliga,Bayern Munich,Union Berlin,H,0.8311571959750408,0.11718671692173918,0.05165608710322001,H,0.44,0.56
2026-03-21,La Liga,Elche,Mallorca,H,0.3776555029965093,0.2722108830991324,0.35013361390435827,H,0.44,0.56
2026-03-21,Serie A,Parma,Cremonese,A,0.5317088705663757,0.25671097095691287,0.2115801584767114,H,0.44,0.56
2026-03-21,La Liga,Sevilla,Valencia,A,0.3906807146227159,0.2763072424699079,0.33301204290737607,H,0.44,0.56
2026-03-21,La Liga,Osasuna,Girona,H,0.42505420058832416,0.267382810620045,0.3075629887916309,H,0.44,0.56
2026-03-21,Premier League,Leeds,Brentford,D,0.3165106486072416,0.25976312452909944,0.4237262268636589,A,0.44,0.56
2026-03-21,Bundesliga,Dortmund,Hamburg,H,0.7589319760178939,0.15824538383064152,0.0828226401514646,H,0.44,0.56
2026-03-21,Serie A,Milan,Torino,H,0.6534297122118615,0.20449370117392193,0.14207658661421663,H,0.44,0.56
2026-03-21,La Liga,Espanol,Getafe,A,0.44006427954110217,0.26882768516395816,0.29110803529493967,H,0.44,0.56
2026-03-21,Serie A,Juventus,Sassuolo,D,0.6855415152813764,0.19017154954729942,0.12428693517132422,H,0.44,0.56
2026-03-21,Ligue 1,Auxerre,Brest,H,0.28902995034744866,0.2729512407743554,0.4380188088781959,A,0.44,0.56
2026-03-21,Ligue 1,Toulouse,Lorient,H,0.41127038285300277,0.26167514097093214,0.32705447617606503,H,0.44,0.56
2026-03-21,Bundesliga,Heidenheim,Leverkusen,D,0.13296998727352818,0.196203114246881,0.6708268984795909,A,0.44,0.56
2026-03-21,Ligue 1,Nice,Paris SG,A,0.14479682357344453,0.19043231204807337,0.6647708643784821,A,0.44,0.56
2026-03-21,La Liga,Levante,Oviedo,H,0.42243964250658517,0.27831558355139924,0.29924477394201554,H,0.44,0.56
2026-03-21,Premier League,Fulham,Burnley,H,0.6073265983691001,0.2331425065313362,0.15953089509956372,H,0.44,0.56
2026-03-21,Bundesliga,FC Koln,M'gladbach,D,0.3955450080127322,0.2675435388130416,0.3369114531742262,H,0.44,0.56
2026-03-21,Premier League,Brighton,Liverpool,H,0.31778042058621986,0.259230555953891,0.42298902345988915,A,0.44,0.56
2026-03-22,Ligue 1,Rennes,Metz,D,0.7549869981562457,0.16181415792704285,0.08319884391671137,H,0.44,0.56
2026-03-22,Ligue 1,Lyon,Monaco,A,0.41100150982357475,0.2529598355014106,0.3360386546750147,H,0.44,0.56
2026-03-22,Ligue 1,Nantes,Strasbourg,A,0.23610507742255205,0.2595852271933518,0.5043096953840962,A,0.44,0.56
2026-03-22,Premier League,Newcastle,Sunderland,A,0.604776825153727,0.23043291999829624,0.16479025484797674,H,0.44,0.56
2026-03-22,Ligue 1,Marseille,Lille,A,0.4691877950266753,0.25833869266971,0.2724735123036147,H,0.44,0.56
2026-03-22,Bundesliga,Augsburg,Stuttgart,A,0.26432257857980673,0.2544417678443534,0.48123565357583986,A,0.44,0.56
2026-03-22,La Liga,Ath Bilbao,Betis,H,0.3813563243968624,0.26457851643540187,0.35406515916773573,H,0.44,0.56
2026-03-22,Serie A,Fiorentina,Inter,D,0.17593950455443128,0.21651381492769273,0.607546680517876,A,0.44,0.56
2026-03-22,Serie A,Bologna,Lazio,A,0.42697203960015795,0.2721059523574085,0.30092200804243363,H,0.44,0.56
2026-03-22,La Liga,Celta,Alaves,A,0.573152032171856,0.2346886407381441,0.1921593270899998,H,0.44,0.56
2026-03-22,Premier League,Tottenham,Nott'm Forest,A,0.3716739903382964,0.26914931240801526,0.3591766972536884,H,0.44,0.56
2026-03-22,La Liga,Barcelona,Vallecano,H,0.7893393919563,0.14035326946578708,0.07030733857791291,H,0.44,0.56
2026-03-22,Premier League,Aston Villa,West Ham,H,0.589944747803374,0.2306065882993764,0.17944866389724948,H,0.44,0.56
2026-03-22,Serie A,Como,Pisa,H,0.6941012347107153,0.19391172456686528,0.11198704072241936,H,0.44,0.56
2026-03-22,La Liga,Real Madrid,Ath Madrid,H,0.6045652519869629,0.20404319606763188,0.1913915519454052,H,0.44,0.56
2026-03-22,Serie A,Atalanta,Verona,H,0.7531052272940028,0.16353133500593833,0.08336343770005893,H,0.44,0.56
2026-03-22,Ligue 1,Paris FC,Le Havre,H,0.44981720019200233,0.27901230375273806,0.27117049605525967,H,0.44,0.56
2026-03-22,Bundesliga,Mainz,Ein Frankfurt,H,0.34845629020776303,0.26993771984162074,0.38160598995061623,A,0.44,0.56
2026-03-22,Bundesliga,St Pauli,Freiburg,A,0.31476581358503897,0.2736325528350986,0.4116016335798624,A,0.44,0.56
2026-03-22,Serie A,Roma,Lecce,H,0.7145137897121995,0.1766335809189904,0.10885262936881014,H,0.44,0.56
2026-04-03,Ligue 1,Paris SG,Toulouse,H,0.7751829224641441,0.14723282841758534,0.07758424911827053,H,0.44,0.56
2026-04-03,La Liga,Vallecano,Elche,H,0.5474944468573578,0.24301736230858478,0.20948819083405734,H,0.44,0.56
2026-04-04,Serie A,Lazio,Parma,D,0.6063481620351752,0.23314163834444743,0.16051019962037744,H,0.44,0.56
2026-04-04,Bundesliga,Leverkusen,Wolfsburg,H,0.7501307093995275,0.16073910466041907,0.08913018594005341,H,0.44,0.56
2026-04-04,La Liga,Betis,Espanol,D,0.575327420958534,0.22651129900404238,0.19816128003742367,H,0.44,0.56
2026-04-04,Bundesliga,M'gladbach,Heidenheim,D,0.5643664234031067,0.2382946671790554,0.19733890941783788,H,0.44,0.56
2026-04-04,Bundesliga,Hoffenheim,Mainz,A,0.4548268039259905,0.25877359549825607,0.28639960057575337,H,0.44,0.56
2026-04-04,Ligue 1,Strasbourg,Nice,H,0.5430195927266404,0.23671241121940684,0.22026799605395284,H,0.44,0.56
2026-04-04,Ligue 1,Lille,Lens,H,0.381221117322583,0.257188403182451,0.361590479494966,H,0.44,0.56
2026-04-04,La Liga,Mallorca,Real Madrid,H,0.11694320251764506,0.17764303828462952,0.7054137591977254,A,0.44,0.56
2026-04-04,La Liga,Ath Madrid,Barcelona,A,0.29065684328475094,0.23697845357691555,0.47236470313833334,A,0.44,0.56
2026-04-04,Bundesliga,Hamburg,Augsburg,D,0.40786072098895654,0.2617659488857138,0.33037333012532966,H,0.44,0.56
2026-04-04,Bundesliga,Stuttgart,Dortmund,A,0.4054223636964608,0.231558717635506,0.3630189186680331,H,0.44,0.56
2026-04-04,Serie A,Verona,Fiorentina,A,0.25033487502773877,0.2673611140417105,0.48230401093055075,A,0.44,0.56
2026-04-04,Ligue 1,Brest,Rennes,A,0.3757228825903241,0.2784968419275088,0.3457802754821671,H,0.44,0.56
2026-04-04,Bundesliga,Freiburg,Bayern Munich,A,0.14239874036717276,0.1868721606291411,0.670729099003686,A,0.44,0.56
2026-04-04,Serie A,Sassuolo,Cagliari,H,0.5046752659647913,0.25782347584018916,0.23750125819501955,H,0.44,0.56
2026-04-04,La Liga,Sociedad,Levante,H,0.5663189107820015,0.23830674033852609,0.1953743488794725,H,0.44,0.56
2026-04-04,Bundesliga,Werder Bremen,RB Leipzig,A,0.27629641340494265,0.25563913088310075,0.4680644557119566,A,0.44,0.56
2026-04-05,Serie A,Pisa,Torino,A,0.30432529831422034,0.2707283900807811,0.4249463116049985,A,0.44,0.56
2026-04-05,La Liga,Alaves,Osasuna,D,0.38947083994113707,0.2632573994929085,0.34727176056595443,H,0.44,0.56
2026-04-05,Bundesliga,Ein Frankfurt,FC Koln,D,0.5971730962301336,0.22749569848655182,0.17533120528331475,H,0.44,0.56
2026-04-05,Ligue 1,Le Havre,Auxerre,D,0.4146491094849709,0.2753607070815862,0.3099901834334428,H,0.44,0.56
2026-04-05,La Liga,Oviedo,Sevilla,H,0.4068975086984332,0.2743359383056699,0.31876655299589685,H,0.44,0.56
2026-04-05,Ligue 1,Angers,Lyon,D,0.21843642293964677,0.2426929696049846,0.5388706074553686,A,0.44,0.56
2026-04-05,La Liga,Getafe,Ath Bilbao,H,0.369056618670197,0.2752024750549762,0.35574090627482674,H,0.44,0.56
2026-04-05,Ligue 1,Metz,Nantes,D,0.3609227326071513,0.2842086399537836,0.3548686274390652,H,0.44,0.56
2026-04-05,Ligue 1,Lorient,Paris FC,D,0.4639474151204881,0.26408805578030303,0.2719645290992089,H,0.44,0.56
2026-04-05,Bundesliga,Union Berlin,St Pauli,D,0.47137358772563487,0.2807011426238018,0.24792526965056336,H,0.44,0.56
2026-04-05,Serie A,Inter,Roma,H,0.5957892219707255,0.21052987032921494,0.19368090770005975,H,0.44,0.56
2026-04-05,Serie A,Cremonese,Bologna,A,0.2757901910271123,0.27078836048013527,0.45342144849275234,A,0.44,0.56
2026-04-05,Ligue 1,Monaco,Marseille,H,0.49693241924059717,0.2460725244030269,0.2569950563563759,H,0.44,0.56
2026-04-05,La Liga,Valencia,Celta,A,0.39615853590766903,0.2666168589776795,0.33722460511465135,H,0.44,0.56
2026-04-06,La Liga,Girona,Villarreal,H,0.2820666332165509,0.2430503117075808,0.4748830550758683,A,0.44,0.56
2026-04-06,Serie A,Udinese,Como,D,0.28053494689261477,0.25564390540940646,0.4638211476979789,A,0.44,0.56
2026-04-06,Serie A,Lecce,Atalanta,A,0.19197136410214544,0.23025454598481032,0.5777740899130442,A,0.44,0.56
2026-04-06,Serie A,Napoli,Milan,H,0.465460043016961,0.24738390104881414,0.28715605593422483,H,0.44,0.56
2026-04-06,Serie A,Juventus,Genoa,H,0.6634235233274568,0.20058497576571854,0.13599150090682458,H,0.44,0.56
2026-04-10,Premier League,West Ham,Wolves,H,0.45648362896978056,0.27468361941174596,0.2688327516184736,H,0.44,0.56
2026-04-10,Ligue 1,Paris FC,Monaco,H,0.2591314734731201,0.2606875585891488,0.48018096793773096,A,0.44,0.56
2026-04-10,Bundesliga,Augsburg,Hoffenheim,D,0.37672822868635136,0.25650298089106705,0.3667687904225815,H,0.44,0.56
2026-04-10,Serie A,Roma,Pisa,H,0.7425523838407599,0.16467291430112188,0.0927747018581181,H,0.44,0.56
2026-04-10,La Liga,Real Madrid,Girona,D,0.7299027846407212,0.17125778483302706,0.0988394305262518,H,0.44,0.56
2026-04-10,Ligue 1,Marseille,Metz,H,0.7373718301918277,0.17708809633358336,0.08554007347458883,H,0.44,0.56
2026-04-11,La Liga,Elche,Valencia,H,0.3325073123977712,0.27474627971980264,0.3927464078824261,A,0.44,0.56
2026-04-11,Serie A,Torino,Verona,H,0.6117037610517153,0.22997558714754146,0.15832065180074328,H,0.44,0.56
2026-04-11,Bundesliga,RB Leipzig,M'gladbach,H,0.652678580650532,0.20490876419273796,0.14241265515673002,H,0.44,0.56
2026-04-11,Bundesliga,Heidenheim,Union Berlin,H,0.3553156105270593,0.2650001936421809,0.3796841958307597,A,0.44,0.56
2026-04-11,Ligue 1,Auxerre,Nantes,D,0.5007135484490124,0.26756403031698484,0.23172242123400277,H,0.44,0.56
2026-04-11,Ligue 1,Rennes,Angers,H,0.6564919237150967,0.207759947693347,0.13574812859155627,H,0.44,0.56
2026-04-11,Bundesliga,Dortmund,Leverkusen,A,0.4920387535373155,0.22715320050602505,0.2808080459566594,H,0.44,0.56
2026-04-11,Premier League,Liverpool,Fulham,H,0.5911511206939687,0.22326136678831146,0.18558751251771982,H,0.44,0.56
2026-04-11,Serie A,Cagliari,Cremonese,H,0.466010143827774,0.261224375083382,0.272765481088844,H,0.44,0.56
2026-04-11,La Liga,Sevilla,Ath Madrid,H,0.19680770199168085,0.22628057777281751,0.5769117202355016,A,0.44,0.56
2026-04-11,Bundesliga,St Pauli,Bayern Munich,A,0.07347498488521398,0.1438469649346531,0.7826780501801329,A,0.44,0.56
2026-04-11,La Liga,Barcelona,Espanol,H,0.8205086923025282,0.12576517432173626,0.05372613337573551,H,0.44,0.56
2026-04-11,Serie A,Atalanta,Juventus,A,0.4102664333513488,0.24589210648420523,0.34384146016444583,H,0.44,0.56
2026-04-11,Bundesliga,Wolfsburg,Ein Frankfurt,A,0.25509185932613226,0.2585547079247121,0.48635343274915566,A,0.44,0.56
2026-04-11,La Liga,Sociedad,Alaves,D,0.5412867039439834,0.24043448397631034,0.21827881207970623,H,0.44,0.56
2026-04-11,Serie A,Milan,Udinese,A,0.6332680446425123,0.21789127051148804,0.14884068484599963,H,0.44,0.56
2026-04-11,Premier League,Burnley,Brighton,A,0.20889353175073044,0.2500883858262314,0.5410180824230383,A,0.44,0.56
2026-04-11,Premier League,Brentford,Everton,D,0.4290391989902678,0.2601365074217601,0.31082429358797203,H,0.44,0.56
2026-04-11,Premier League,Arsenal,Bournemouth,A,0.6982364795886529,0.18608888714608274,0.11567463326526428,H,0.44,0.56
2026-04-12,Premier League,Chelsea,Man City,A,0.29557604500987955,0.23851980300992942,0.4659041519801909,A,0.44,0.56
2026-04-12,Premier League,Nott'm Forest,Aston Villa,D,0.3336081065505099,0.24747684336782078,0.4189150500816694,A,0.44,0.56
2026-04-12,La Liga,Mallorca,Vallecano,H,0.3811289102775104,0.27985106445049746,0.33902002527199215,H,0.44,0.56
2026-04-12,Bundesliga,Stuttgart,Hamburg,H,0.6770945685000669,0.19590161818697277,0.12700381331296037,H,0.44,0.56
2026-04-12,Premier League,Sunderland,Tottenham,H,0.47750755488936597,0.26001131107904873,0.26248113403158535,H,0.44,0.56
2026-04-12,Ligue 1,Lyon,Lorient,H,0.5511672958952946,0.23743780060384811,0.21139490350085738,H,0.44,0.56
2026-04-12,Ligue 1,Nice,Le Havre,D,0.4747038620142674,0.26631878503096673,0.25897735295476587,H,0.44,0.56
2026-04-12,La Liga,Ath Bilbao,Villarreal,A,0.31423362695555435,0.25407447818068285,0.4316918948637628,A,0.44,0.56
2026-04-12,Ligue 1,Toulouse,Lille,A,0.27466029530247493,0.25807520298123,0.467264501716295,A,0.44,0.56
2026-04-12,Serie A,Como,Inter,A,0.2757175780842091,0.23045770447312186,0.493824717442669,A,0.44,0.56
2026-04-12,La Liga,Celta,Oviedo,A,0.6105463429217896,0.2238415533456044,0.16561210373260604,H,0.44,0.56
2026-04-12,Serie A,Bologna,Lecce,H,0.605783347836899,0.23152558871327994,0.16269106344982104,H,0.44,0.56
2026-04-12,Premier League,Crystal Palace,Newcastle,H,0.41275016352274607,0.25652902155645896,0.33072081492079497,H,0.44,0.56
2026-04-12,Serie A,Genoa,Sassuolo,H,0.4141043111802516,0.27571697831235176,0.31017871050739665,H,0.44,0.56
2026-04-12,Bundesliga,Mainz,Freiburg,A,0.45919753923498063,0.25415881080086944,0.2866436499641499,H,0.44,0.56
2026-04-12,Serie A,Parma,Napoli,D,0.17325214205386302,0.22429794998358418,0.6024499079625528,A,0.44,0.56
2026-04-12,La Liga,Osasuna,Betis,D,0.37799026487716547,0.25999190525309807,0.36201782986973646,H,0.44,0.56
2026-04-12,Bundesliga,FC Koln,Werder Bremen,H,0.38202932388423677,0.2708832997748451,0.34708737634091813,H,0.44,0.56
2026-04-13,Premier League,Man United,Leeds,A,0.6098803746416128,0.22963470547548365,0.16048491988290345,H,0.44,0.56
2026-04-13,Serie A,Fiorentina,Lazio,H,0.3859858773165714,0.2685279224054683,0.3454862002779603,H,0.44,0.56
2026-04-13,La Liga,Levante,Getafe,H,0.36394307816922966,0.28574390991055776,0.3503130119202126,H,0.44,0.56
2026-04-17,Bundesliga,St Pauli,FC Koln,D,0.3661344660379642,0.2758309652692852,0.3580345686927505,H,0.44,0.56
2026-04-17,Serie A,Sassuolo,Como,H,0.26439406899286655,0.24731630034349641,0.48828963066363695,A,0.44,0.56
2026-04-17,Ligue 1,Lens,Toulouse,H,0.6654094498188063,0.19280445189528234,0.14178609828591118,H,0.44,0.56
2026-04-17,Serie A,Inter,Cagliari,H,0.8375055544889034,0.1136203536917886,0.04887409181930802,H,0.44,0.56
2026-04-18,Ligue 1,Angers,Le Havre,D,0.3815501578318027,0.28177878380731497,0.3366710583608823,H,0.44,0.56
2026-04-18,Bundesliga,Ein Frankfurt,RB Leipzig,A,0.3456033958156609,0.26430758344057237,0.39008902074376667,A,0.44,0.56
2026-04-18,Premier League,Newcastle,Bournemouth,A,0.4234154143970431,0.26082183572287077,0.315762749880086,H,0.44,0.56
2026-04-18,Bundesliga,Union Berlin,Wolfsburg,A,0.48231989157636346,0.26103402211105076,0.2566460863125858,H,0.44,0.56
2026-04-18,Ligue 1,Lille,Nice,D,0.6862820791492826,0.18710538764898724,0.1266125332017301,H,0.44,0.56
2026-04-18,Bundesliga,Hoffenheim,Dortmund,H,0.25969869250947547,0.24011231991904414,0.5001889875714802,A,0.44,0.56
2026-04-18,Bundesliga,Leverkusen,Augsburg,A,0.7417384741211007,0.15781270429434763,0.10044882158455168,H,0.44,0.56
2026-04-18,Serie A,Roma,Atalanta,D,0.43120532946363566,0.24640871858518776,0.32238595195117653,H,0.44,0.56
2026-04-18,Premier League,Leeds,Wolves,H,0.49977466481384464,0.2662820976309908,0.23394323755516455,H,0.44,0.56
2026-04-18,Ligue 1,Lorient,Marseille,H,0.2811418888393297,0.2584036658925494,0.46045444526812096,A,0.44,0.56
2026-04-18,Premier League,Tottenham,Brighton,D,0.25578946681615417,0.26092894523414967,0.4832815879496962,A,0.44,0.56
2026-04-18,Serie A,Udinese,Parma,A,0.523968930029752,0.25010932209826753,0.22592174787198055,H,0.44,0.56
2026-04-18,Premier League,Brentford,Fulham,D,0.4953258117938051,0.2519809274934562,0.2526932607127387,H,0.44,0.56
2026-04-18,Bundesliga,Werder Bremen,Hamburg,H,0.49395267882155514,0.2571110895234673,0.24893623165497764,H,0.44,0.56
2026-04-18,Premier League,Chelsea,Man United,A,0.4317264486251421,0.2466449733562314,0.32162857801862643,H,0.44,0.56
2026-04-18,Serie A,Napoli,Lazio,A,0.5876747811874903,0.2330831358479868,0.17924208296452293,H,0.44,0.56
2026-04-19,Serie A,Juventus,Bologna,H,0.6054671500443936,0.22246508648611407,0.17206776346949237,H,0.44,0.56
2026-04-19,Premier League,Man City,Arsenal,H,0.4431203258930253,0.23916850190735126,0.3177111721996235,H,0.44,0.56
2026-04-19,Ligue 1,Nantes,Brest,D,0.2812358405238869,0.26236827908177207,0.45639588039434104,A,0.44,0.56
2026-04-19,Ligue 1,Strasbourg,Rennes,A,0.4271438165376766,0.25848022311926677,0.31437596034305654,H,0.44,0.56
2026-04-19,Ligue 1,Metz,Paris FC,A,0.2345372448941369,0.26276854618231815,0.5026942089235449,A,0.44,0.56
2026-04-19,Premier League,Aston Villa,Sunderland,H,0.6053002148400426,0.22979540584525152,0.16490437931470586,H,0.44,0.56
2026-04-19,Bundesliga,M'gladbach,Mainz,D,0.3730682940798804,0.26731267707594963,0.35961902884416985,H,0.44,0.56
2026-04-19,Premier League,Everton,Liverpool,A,0.33333564008898975,0.24674717362390297,0.4199171862871073,A,0.44,0.56
2026-04-19,Serie A,Pisa,Genoa,A,0.2957040999580819,0.2809008814153685,0.42339501862654955,A,0.44,0.56
2026-04-19,Serie A,Cremonese,Torino,D,0.29973945996321993,0.26631744876334684,0.4339430912734332,A,0.44,0.56
2026-04-19,Bundesliga,Bayern Munich,Stuttgart,H,0.7359867489543612,0.15509287756874646,0.10892037347689229,H,0.44,0.56
2026-04-19,Serie A,Verona,Milan,A,0.14857762538254832,0.21249265273855364,0.6389297218788981,A,0.44,0.56
2026-04-19,Premier League,Nott'm Forest,Burnley,H,0.6383630730316494,0.21560582932703098,0.1460310976413196,H,0.44,0.56
2026-04-19,Bundesliga,Freiburg,Heidenheim,H,0.6230401906370091,0.21799644988248867,0.15896335948050233,H,0.44,0.56
2026-04-19,Ligue 1,Paris SG,Lyon,A,0.6887834821567731,0.18377941688633773,0.1274371009568892,H,0.44,0.56
2026-04-19,Ligue 1,Monaco,Auxerre,D,0.6476706685682663,0.21886104537572756,0.13346828605600614,H,0.44,0.56
2026-04-20,Premier League,Crystal Palace,West Ham,D,0.5152774408414775,0.25380067580450905,0.2309218833540133,H,0.44,0.56
2026-04-20,Serie A,Lecce,Fiorentina,D,0.2559519227152589,0.2712351212890221,0.472812955995719,A,0.44,0.56
2026-04-21,La Liga,Girona,Betis,A,0.37880732091925706,0.2670694902564127,0.35412318882433014,H,0.44,0.56
2026-04-21,La Liga,Real Madrid,Alaves,H,0.7721658230478976,0.14624301635263823,0.08159116059946404,H,0.44,0.56
2026-04-21,La Liga,Ath Bilbao,Osasuna,H,0.4323936304910738,0.26204758523039184,0.30555878427853433,H,0.44,0.56
2026-04-21,La Liga,Mallorca,Valencia,D,0.4413245854681719,0.2669080173603232,0.291767397171505,H,0.44,0.56
2026-04-21,Premier League,Brighton,Chelsea,H,0.45578768549315485,0.25256016781726365,0.2916521466895815,H,0.44,0.56
2026-04-22,La Liga,Elche,Ath Madrid,H,0.19081198710128078,0.22948506186536408,0.5797029510333551,A,0.44,0.56
2026-04-22,La Liga,Barcelona,Celta,H,0.7838202057083112,0.13978373105634367,0.07639606323534504,H,0.44,0.56
2026-04-22,Premier League,Burnley,Man City,A,0.0745391375561369,0.15442265053434073,0.7710382119095224,A,0.44,0.56
2026-04-22,La Liga,Sociedad,Getafe,A,0.5111492889819368,0.25251044867938727,0.2363402623386759,H,0.44,0.56
2026-04-22,Premier League,Bournemouth,Leeds,D,0.5314615294139975,0.25754409280322654,0.2109943777827759,H,0.44,0.56
2026-04-22,Ligue 1,Paris SG,Nantes,H,0.8387066270533773,0.11658879902262798,0.04470457392399466,H,0.44,0.56
2026-04-23,La Liga,Vallecano,Espanol,H,0.4603217199972842,0.2672051054378161,0.2724731745648995,H,0.44,0.56
2026-04-23,La Liga,Oviedo,Villarreal,D,0.2299524552089936,0.2500736780251629,0.5199738667658436,A,0.44,0.56
2026-04-23,La Liga,Levante,Sevilla,H,0.4422343346329517,0.2698077033734925,0.2879579619935557,H,0.44,0.56
2026-04-24,La Liga,Betis,Real Madrid,D,0.24477561334823977,0.22712649747414757,0.5280978891776127,A,0.44,0.56
2026-04-24,Ligue 1,Brest,Lens,D,0.28989085531471026,0.2419345560137076,0.4681745886715821,A,0.44,0.56
2026-04-24,Premier League,Sunderland,Nott'm Forest,A,0.3481063553142029,0.2785336920116221,0.3733599526741751,A,0.44,0.56
2026-04-24,Bundesliga,RB Leipzig,Union Berlin,H,0.707736916882328,0.1825540996277705,0.10970898348990155,H,0.44,0.56
2026-04-24,Serie A,Napoli,Cremonese,H,0.747042376836922,0.17168626670091774,0.08127135646216022,H,0.44,0.56
2026-04-25,Ligue 1,Angers,Paris SG,A,0.08543982263516295,0.15402259332140406,0.760537584043433,A,0.44,0.56
2026-04-25,Bundesliga,Hamburg,Hoffenheim,A,0.3020088793659206,0.25407340419657365,0.44391771643750577,A,0.44,0.56
2026-04-25,Premier League,Liverpool,Crystal Palace,H,0.5881970267412961,0.22644063771350237,0.18536233554520148,H,0.44,0.56
2026-04-25,La Liga,Valencia,Girona,H,0.40375038397648033,0.2695758684572804,0.32667374756623924,H,0.44,0.56
2026-04-25,Bundesliga,Wolfsburg,M'gladbach,D,0.36593972164055744,0.27081129660367753,0.36324898175576503,H,0.44,0.56
2026-04-25,Premier League,Arsenal,Newcastle,H,0.6655294401924896,0.19683419277252456,0.13763636703498586,H,0.44,0.56
2026-04-25,Ligue 1,Toulouse,Monaco,D,0.2859337549566621,0.24997293831164386,0.4640933067316939,A,0.44,0.56
2026-04-25,La Liga,Alaves,Mallorca,H,0.44168282057142916,0.2637382569407172,0.29457892248785367,H,0.44,0.56
2026-04-25,Bundesliga,Heidenheim,St Pauli,H,0.44013151313216203,0.2627869661581872,0.29708152070965077,H,0.44,0.56
2026-04-25,La Liga,Ath Madrid,Ath Bilbao,H,0.5795935335572275,0.22139070721274634,0.199015759230026,H,0.44,0.56
2026-04-25,Ligue 1,Lyon,Auxerre,H,0.6156155124160385,0.2281589687200397,0.1562255188639217,H,0.44,0.56
2026-04-25,Premier League,West Ham,Everton,H,0.3473662745084003,0.26813516979802865,0.38449855569357105,A,0.44,0.56
2026-04-25,Serie A,Bologna,Roma,A,0.33938095541759145,0.25846479311038434,0.4021542514720242,A,0.44,0.56
2026-04-25,Serie A,Verona,Lecce,D,0.36944474719524756,0.2792547487419127,0.35130050406283964,H,0.44,0.56
2026-04-25,Bundesliga,FC Koln,Leverkusen,A,0.2011633040789092,0.21727238187778,0.5815643140433108,A,0.44,0.56
2026-04-25,La Liga,Getafe,Barcelona,A,0.1294833720041922,0.1941044856112305,0.6764121423845773,A,0.44,0.56
2026-04-25,Bundesliga,Augsburg,Ein Frankfurt,D,0.36765695762943806,0.26041410742051635,0.37192893495004553,A,0.44,0.56
2026-04-25,Premier League,Fulham,Aston Villa,H,0.3255724290770903,0.24978933946924908,0.42463823145366064,A,0.44,0.56
2026-04-25,Premier League,Wolves,Tottenham,A,0.4030423352148397,0.27762678091772536,0.3193308838674349,H,0.44,0.56
2026-04-25,Serie A,Parma,Pisa,H,0.553123411215853,0.2472408822315733,0.19963570655257373,H,0.44,0.56
2026-04-25,Bundesliga,Mainz,Bayern Munich,A,0.1154475131186632,0.17465410460163303,0.7098983822797038,A,0.44,0.56
2026-04-26,Ligue 1,Lorient,Strasbourg,A,0.3698328205748701,0.2698446432737013,0.3603225361514286,H,0.44,0.56
2026-04-26,La Liga,Vallecano,Sociedad,D,0.3801476166301868,0.2747229639156402,0.34512941945417297,H,0.44,0.56
2026-04-26,La Liga,Oviedo,Elche,A,0.48142084431864174,0.27023669257934363,0.24834246310201458,H,0.44,0.56
2026-04-26,Bundesliga,Dortmund,Freiburg,H,0.612593494092392,0.21671869414861444,0.17068781175899356,H,0.44,0.56
2026-04-26,Serie A,Fiorentina,Sassuolo,D,0.5177544450744176,0.25472372598448767,0.22752182894109474,H,0.44,0.56
2026-04-26,Serie A,Genoa,Como,A,0.2931388237783473,0.2587597211726746,0.448101455048978,A,0.44,0.56
2026-04-26,Ligue 1,Rennes,Nantes,H,0.6867678494288667,0.19810713214178788,0.11512501842934542,H,0.44,0.56
2026-04-26,La Liga,Villarreal,Celta,H,0.5975040692169034,0.21757245975746847,0.18492347102562817,H,0.44,0.56
2026-04-26,Ligue 1,Le Havre,Metz,D,0.5709150796226383,0.2435932157585719,0.1854917046187899,H,0.44,0.56
2026-04-26,La Liga,Osasuna,Sevilla,H,0.537660711768166,0.24581567301487284,0.21652361521696117,H,0.44,0.56
2026-04-26,Ligue 1,Marseille,Nice,D,0.5739029206150272,0.2306094452251893,0.1954876341597834,H,0.44,0.56
2026-04-26,Ligue 1,Paris FC,Lille,A,0.29349050965442136,0.2577673126222129,0.4487421777233658,A,0.44,0.56
2026-04-26,Bundesliga,Stuttgart,Werder Bremen,D,0.6502856447941276,0.20299310312784086,0.1467212520780315,H,0.44,0.56
2026-04-26,Serie A,Torino,Inter,D,0.13986718676202536,0.18690884040559358,0.6732239728323811,A,0.44,0.56
2026-04-26,Serie A,Milan,Juventus,D,0.40026114683582903,0.25870170410213683,0.3410371490620341,H,0.44,0.56
2026-04-27,Serie A,Lazio,Udinese,D,0.5347819124246618,0.25508606349908375,0.21013202407625448,H,0.44,0.56
2026-04-27,Serie A,Cagliari,Atalanta,H,0.18969685154701388,0.23731030380122572,0.5729928446517604,A,0.44,0.56
2026-04-27,La Liga,Espanol,Levante,D,0.4175049299858601,0.2761547927676279,0.30634027724651186,H,0.44,0.56
2026-04-27,Premier League,Man United,Brentford,H,0.497066272075822,0.24797714907636528,0.25495657884781286,H,0.44,0.56
2026-05-01,La Liga,Girona,Mallorca,A,0.4539752039549294,0.2662560763711408,0.27976871967392974,H,0.44,0.56
2026-05-01,Serie A,Pisa,Lecce,A,0.3693776352150552,0.2872308659085935,0.3433914988763513,H,0.44,0.56
2026-05-01,Premier League,Leeds,Burnley,H,0.6291229897393988,0.22624135115202246,0.1446356591085787,H,0.44,0.56
2026-05-02,La Liga,Villarreal,Levante,H,0.6696562299071946,0.20682937427806342,0.1235143958147418,H,0.44,0.56
2026-05-02,Premier League,Brentford,West Ham,H,0.49212755690116494,0.25637373099757504,0.25149871210125996,H,0.44,0.56
2026-05-02,Bundesliga,Ein Frankfurt,Hamburg,A,0.6259581735489212,0.21281589706903636,0.16122592938204244,H,0.44,0.56
2026-05-02,Ligue 1,Metz,Monaco,A,0.16232400388281332,0.21327180242091198,0.6244041936962748,A,0.44,0.56
2026-05-02,La Liga,Valencia,Ath Madrid,A,0.2763446683047761,0.23789095842895086,0.485764373266273,A,0.44,0.56
2026-05-02,Ligue 1,Nice,Lens,D,0.2647178735190836,0.23779390138149414,0.49748822509942214,A,0.44,0.56
2026-05-02,Premier League,Arsenal,Fulham,H,0.6627545367675924,0.20392153450775347,0.13332392872465398,H,0.44,0.56
2026-05-02,Ligue 1,Nantes,Marseille,H,0.19196905622482954,0.23586248330156812,0.5721684604736024,A,0.44,0.56
2026-05-02,Premier League,Wolves,Sunderland,D,0.3745603027708293,0.2765744007724228,0.3488652964567479,H,0.44,0.56
2026-05-02,Serie A,Como,Napoli,D,0.36926855899880656,0.2411551925906641,0.38957624841052935,A,0.44,0.56
2026-05-02,Ligue 1,Paris SG,Lorient,D,0.8050795344545751,0.12983381713286327,0.06508664841256163,H,0.44,0.56
2026-05-02,La Liga,Alaves,Ath Bilbao,A,0.39602198628044066,0.25836755242119686,0.3456104612983625,H,0.44,0.56
2026-05-02,Bundesliga,Hoffenheim,Stuttgart,D,0.34353500929247205,0.25123335452675255,0.4052316361807754,A,0.44,0.56
2026-05-02,Bundesliga,Werder Bremen,Augsburg,A,0.42947068389758747,0.26207254580221406,0.3084567703001984,H,0.44,0.56
2026-05-02,Serie A,Udinese,Torino,H,0.4559168088190897,0.26125341458407514,0.28282977659683506,H,0.44,0.56
2026-05-02,Serie A,Atalanta,Genoa,D,0.6333181404097397,0.21147695313458464,0.15520490645567558,H,0.44,0.56
2026-05-02,La Liga,Osasuna,Barcelona,A,0.14791139899097336,0.20463627880757762,0.6474523222014491,A,0.44,0.56
2026-05-02,Premier League,Newcastle,Brighton,H,0.3557918828561231,0.2637751149023283,0.3804330022415486,A,0.44,0.56
2026-05-02,Bundesliga,Leverkusen,RB Leipzig,H,0.4820790276416872,0.23733256910670675,0.280588403251606,H,0.44,0.56
2026-05-02,Bundesliga,Bayern Munich,Heidenheim,D,0.9060160413482252,0.07145062505268995,0.022533333599084802,H,0.44,0.56
2026-05-02,Bundesliga,Union Berlin,FC Koln,D,0.4104382534500297,0.26774315771768586,0.3218185888322843,H,0.44,0.56
2026-05-03,Ligue 1,Lyon,Rennes,H,0.48203243821000175,0.2506943115234417,0.2672732502665566,H,0.44,0.56
2026-05-03,La Liga,Celta,Elche,H,0.5310702596066998,0.2507874481131821,0.21814229228011806,H,0.44,0.56
2026-05-03,Serie A,Sassuolo,Milan,H,0.2638359651338124,0.25092022234911593,0.48524381251707166,A,0.44,0.56
2026-05-03,Bundesliga,St Pauli,Mainz,A,0.28756368865350657,0.2659380221317463,0.446498289214747,A,0.44,0.56
2026-05-03,Premier League,Bournemouth,Crystal Palace,H,0.4976964293308607,0.2537035875249498,0.2485999831441894,H,0.44,0.56
2026-05-03,Bundesliga,M'gladbach,Dortmund,H,0.1895707420374011,0.22003365961274982,0.590395598349849,A,0.44,0.56
2026-05-03,Bundesliga,Freiburg,Wolfsburg,D,0.5824406579229331,0.23787545319445969,0.1796838888826072,H,0.44,0.56
2026-05-03,Ligue 1,Auxerre,Angers,H,0.5122537479380953,0.25094487906968377,0.2368013729922211,H,0.44,0.56
2026-05-03,Ligue 1,Strasbourg,Toulouse,A,0.5700940688502272,0.23042476708884813,0.1994811640609248,H,0.44,0.56
2026-05-03,La Liga,Betis,Oviedo,H,0.598351753199228,0.2292490795254531,0.17239916727531882,H,0.44,0.56
2026-05-03,Ligue 1,Paris FC,Brest,H,0.4486370479212691,0.24550607317691925,0.30585687890181157,H,0.44,0.56
2026-05-03,Premier League,Aston Villa,Tottenham,A,0.6524617430148367,0.20789742103441147,0.1396408359507518,H,0.44,0.56
2026-05-03,Serie A,Inter,Parma,H,0.8173905251581441,0.12517500082761615,0.05743447401423978,H,0.44,0.56
2026-05-03,La Liga,Getafe,Vallecano,A,0.439526302226343,0.27532404397266086,0.2851496538009962,H,0.44,0.56
2026-05-03,Serie A,Bologna,Cagliari,D,0.5524742324995087,0.24712632884086147,0.20039943865962986,H,0.44,0.56
2026-05-03,Serie A,Juventus,Verona,D,0.7742372100399371,0.15913002950640903,0.06663276045365392,H,0.44,0.56
2026-05-03,La Liga,Espanol,Real Madrid,A,0.134194385437088,0.1935046631447553,0.6723009514181566,A,0.44,0.56
2026-05-03,Premier League,Man United,Liverpool,H,0.37147259291777046,0.25184347751627306,0.3766839295659564,A,0.44,0.56
2026-05-03,Ligue 1,Lille,Le Havre,D,0.690860634739356,0.18946254676659235,0.11967681849405148,H,0.44,0.56
2026-05-04,La Liga,Sevilla,Sociedad,H,0.31342620285945444,0.26401994490170383,0.4225538522388417,A,0.44,0.56
2026-05-04,Serie A,Roma,Fiorentina,H,0.5731630008312751,0.23608754871529336,0.1907494504534315,H,0.44,0.56
2026-05-04,Premier League,Chelsea,Nott'm Forest,A,0.38796778243220914,0.2714891480788816,0.34054306948890933,H,0.44,0.56
2026-05-04,Premier League,Everton,Man City,D,0.21942992223858765,0.22174698831044387,0.5588230894509685,A,0.44,0.56
2026-05-04,Serie A,Cremonese,Lazio,A,0.2012370497733651,0.24597356976569798,0.5527893804609368,A,0.44,0.56
2026-05-08,Ligue 1,Lens,Nantes,H,0.7283478939424296,0.17453942222677113,0.09711268383079924,H,0.44,0.56
2026-05-08,Bundesliga,Dortmund,Ein Frankfurt,H,0.6222476933508583,0.206533683928243,0.17121862272089866,H,0.44,0.56
2026-05-08,La Liga,Levante,Osasuna,H,0.3309564979704585,0.27951584354198505,0.38952765848755655,A,0.44,0.56
2026-05-08,Serie A,Torino,Sassuolo,H,0.4090426329172653,0.27916049313348823,0.3117968739492464,H,0.44,0.56
2026-05-09,Premier League,Sunderland,Man United,D,0.2480159111454453,0.25096994712830767,0.501014141726247,A,0.44,0.56
2026-05-09,Serie A,Cagliari,Udinese,A,0.3313635007952581,0.28007458812639896,0.3885619110783431,A,0.44,0.56
2026-05-09,Bundesliga,Stuttgart,Leverkusen,H,0.3521136752430105,0.23395023790538833,0.41393608685160105,A,0.44,0.56
2026-05-09,La Liga,Sociedad,Betis,D,0.34495361913305733,0.2591705154857195,0.39587586538122305,A,0.44,0.56
2026-05-09,Premier League,Liverpool,Chelsea,D,0.6305490816009963,0.2006829466298829,0.16876797176912062,H,0.44,0.56
2026-05-09,Serie A,Lazio,Inter,A,0.2123754421641353,0.2101938085641455,0.5774307492717192,A,0.44,0.56
2026-05-09,La Liga,Ath Madrid,Celta,A,0.6069227411434743,0.21242328839448477,0.18065397046204085,H,0.44,0.56
2026-05-09,La Liga,Elche,Alaves,D,0.40793995101667957,0.26992633161344776,0.3221337173698727,H,0.44,0.56
2026-05-09,Serie A,Lecce,Juventus,A,0.1612930857633741,0.23045279425570042,0.6082541199809255,A,0.44,0.56
2026-05-09,Premier League,Man City,Brentford,H,0.6627514977015485,0.19726060946903715,0.13998789282941423,H,0.44,0.56
2026-05-09,Bundesliga,Augsburg,M'gladbach,H,0.47994941525156576,0.264694919393248,0.25535566535518617,H,0.44,0.56
2026-05-09,Premier League,Brighton,Wolves,H,0.6944049980156783,0.19097242435323358,0.11462257763108796,H,0.44,0.56
2026-05-09,Premier League,Fulham,Bournemouth,A,0.3488211204763471,0.26727250890888155,0.38390637061477145,A,0.44,0.56
2026-05-09,Bundesliga,Hoffenheim,Werder Bremen,H,0.5728569202219407,0.22875494172484506,0.19838813805321426,H,0.44,0.56
2026-05-09,Bundesliga,Wolfsburg,Bayern Munich,A,0.06746607856338294,0.12688639936806456,0.8056475220685524,A,0.44,0.56
2026-05-09,Bundesliga,RB Leipzig,St Pauli,H,0.7290700106464856,0.17642562791170263,0.0945043614418119,H,0.44,0.56
2026-05-09,La Liga,Sevilla,Espanol,H,0.4385612554896,0.27949880327435805,0.28193994123604194,H,0.44,0.56
2026-05-10,Premier League,West Ham,Arsenal,A,0.16704885356176094,0.21383614863777964,0.6191149978004595,A,0.44,0.56
2026-05-10,Bundesliga,Hamburg,Freiburg,H,0.3154669904105719,0.26555488186127174,0.41897812772815635,A,0.44,0.56
2026-05-10,Ligue 1,Monaco,Lille,A,0.3922825887363409,0.2571155493595312,0.3506018619041279,H,0.44,0.56
2026-05-10,La Liga,Ath Bilbao,Valencia,A,0.5275205209284958,0.2437400022730265,0.22873947679847775,H,0.44,0.56
2026-05-10,Premier League,Nott'm Forest,Newcastle,D,0.5010236470126679,0.2359026265975876,0.2630737263897446,H,0.44,0.56
2026-05-10,Ligue 1,Metz,Lorient,A,0.25395579575856386,0.2554940687683032,0.49055013547313286,A,0.44,0.56
2026-05-10,La Liga,Mallorca,Villarreal,D,0.23682624788445866,0.24725449576106745,0.5159192563544739,A,0.44,0.56
2026-05-10,Serie A,Milan,Atalanta,A,0.4254311917351201,0.25527656485644146,0.3192922434084383,H,0.44,0.56
2026-05-10,La Liga,Barcelona,Real Madrid,H,0.5386904035955368,0.22238683333884002,0.23892276306562316,H,0.44,0.56
2026-05-10,Premier League,Crystal Palace,Everton,D,0.36504516628494,0.26190085918540895,0.37305397452965094,A,0.44,0.56
2026-05-10,Ligue 1,Le Havre,Marseille,A,0.3086624363220275,0.24986646197918433,0.44147110169878817,A,0.44,0.56
2026-05-10,Ligue 1,Angers,Strasbourg,D,0.26518739370411415,0.25323384859873466,0.4815787576971512,A,0.44,0.56
2026-05-10,Serie A,Fiorentina,Genoa,D,0.468963610601275,0.2719106652242156,0.25912572417450946,H,0.44,0.56
2026-05-10,Bundesliga,FC Koln,Heidenheim,A,0.47847657487303535,0.26103897712407165,0.26048444800289283,H,0.44,0.56
2026-05-10,Premier League,Burnley,Aston Villa,D,0.15304263688110326,0.2171340444949253,0.6298233186239716,A,0.44,0.56
2026-05-10,Ligue 1,Paris SG,Brest,H,0.7848793650399553,0.13459787114813518,0.08052276381190973,H,0.44,0.56
2026-05-10,Ligue 1,Rennes,Paris FC,H,0.5110307100785946,0.24845504746841568,0.24051424245298975,H,0.44,0.56
2026-05-10,Serie A,Cremonese,Pisa,H,0.43926039653921883,0.27782471444951723,0.2829148890112639,H,0.44,0.56
2026-05-10,Serie A,Verona,Como,A,0.17960596533966872,0.23180784427390655,0.5885861903864248,A,0.44,0.56
2026-05-10,Serie A,Parma,Roma,A,0.21664138996412535,0.24221434172740042,0.5411442683084742,A,0.44,0.56
2026-05-10,Ligue 1,Auxerre,Nice,H,0.37712275138022655,0.26688151703348173,0.3559957315862916,H,0.44,0.56
2026-05-10,Ligue 1,Toulouse,Lyon,H,0.274007528214454,0.24891376606836918,0.47707870571717675,A,0.44,0.56
2026-05-10,Bundesliga,Mainz,Union Berlin,A,0.5494046565462214,0.23741723124133096,0.2131781122124477,H,0.44,0.56
2026-05-10,La Liga,Oviedo,Getafe,D,0.3904361212251932,0.28263404852957186,0.326929830245235,H,0.44,0.56
2026-05-11,Serie A,Napoli,Bologna,A,0.6334447385977658,0.21152235242786216,0.15503290897437197,H,0.44,0.56
2026-05-11,La Liga,Vallecano,Girona,D,0.4638674740083543,0.26916431781718975,0.26696820817445593,H,0.44,0.56
2026-05-11,Premier League,Tottenham,Leeds,D,0.36176423958079706,0.28270830961476145,0.3555274508044414,H,0.44,0.56
2026-05-12,La Liga,Celta,Levante,A,0.5458497871957031,0.2500533579816915,0.20409685482260537,H,0.44,0.56
2026-05-12,La Liga,Betis,Elche,H,0.6457555018782704,0.2117137451432362,0.14253075297849355,H,0.44,0.56
2026-05-12,La Liga,Osasuna,Ath Madrid,A,0.2895328266432662,0.24533153435741684,0.465135638999317,A,0.44,0.56
2026-05-13,La Liga,Getafe,Mallorca,H,0.3964081451491179,0.28503028518357465,0.31856156966730753,H,0.44,0.56
2026-05-13,Ligue 1,Brest,Strasbourg,A,0.39987302837444905,0.24979055167264774,0.35033641995290316,H,0.44,0.56
2026-05-13,La Liga,Villarreal,Sevilla,A,0.7037531043157192,0.18745759796709882,0.10878929771718199,H,0.44,0.56
2026-05-13,La Liga,Espanol,Ath Bilbao,H,0.2938877196882466,0.26324621463232245,0.442866065679431,A,0.44,0.56
2026-05-13,Premier League,Man City,Crystal Palace,H,0.7443214078421503,0.16092523004132792,0.09475336211652183,H,0.44,0.56
2026-05-13,Ligue 1,Lens,Paris SG,A,0.2643102296273293,0.2312998576532181,0.5043899127194527,A,0.44,0.56
2026-05-13,La Liga,Alaves,Barcelona,H,0.10414809645368622,0.16787980154771512,0.7279721019985985,A,0.44,0.56
2026-05-14,La Liga,Real Madrid,Oviedo,H,0.7631824963415569,0.15942419288010415,0.07739331077833903,H,0.44,0.56
2026-05-14,La Liga,Girona,Sociedad,D,0.3962688497016378,0.25555798814259156,0.34817316215577065,H,0.44,0.56
2026-05-14,La Liga,Valencia,Vallecano,D,0.41596949809448835,0.27458451549611124,0.30944598640940046,H,0.44,0.56
2026-05-15,Premier League,Aston Villa,Liverpool,H,0.3698018823586889,0.24427117501243756,0.3859269426288736,A,0.44,0.56
2026-05-16,Bundesliga,M'gladbach,Hoffenheim,H,0.31696582078678937,0.2677083918915751,0.4153257873216355,A,0.44,0.56
2026-05-16,Bundesliga,Bayern Munich,FC Koln,H,0.8809371405582465,0.0868957925609749,0.032167066880778784,H,0.44,0.56
2026-05-16,Bundesliga,Heidenheim,Mainz,A,0.36015744352049917,0.2603736517411988,0.3794689047383021,A,0.44,0.56
2026-05-16,Bundesliga,Leverkusen,Hamburg,D,0.7327702354558547,0.16927736810941546,0.09795239643472989,H,0.44,0.56
2026-05-16,Bundesliga,Union Berlin,Augsburg,H,0.3724049023961005,0.264237565957141,0.36335753164675844,H,0.44,0.56
2026-05-16,Bundesliga,Ein Frankfurt,Stuttgart,D,0.31657422334356305,0.24174764977565666,0.4416781268807803,A,0.44,0.56
2026-05-16,Bundesliga,St Pauli,Wolfsburg,A,0.3813481993901736,0.28584968339112804,0.33280211721869835,H,0.44,0.56
2026-05-16,Bundesliga,Freiburg,RB Leipzig,H,0.30925065230851,0.256577471563174,0.434171876128316,A,0.44,0.56
2026-05-16,Bundesliga,Werder Bremen,Dortmund,A,0.189486161681443,0.22054597844510188,0.589967859873455,A,0.44,0.56
2026-05-17,Serie A,Cagliari,Torino,H,0.3465083042165822,0.2829331728408514,0.3705585229425664,A,0.44,0.56
2026-05-17,Serie A,Juventus,Fiorentina,A,0.6239070085719228,0.22206731765810833,0.15402567376996876,H,0.44,0.56
2026-05-17,Premier League,Wolves,Fulham,D,0.27258713488175285,0.27475143541470504,0.4526614297035423,A,0.44,0.56
2026-05-17,La Liga,Levante,Mallorca,H,0.44104289663747154,0.2733492121893707,0.28560789117315777,H,0.44,0.56
2026-05-17,Serie A,Sassuolo,Lecce,A,0.5340701875895381,0.2575876272152142,0.20834218519524766,H,0.44,0.56
2026-05-17,Serie A,Como,Parma,H,0.6145292185534004,0.22193318805878165,0.16353759338781804,H,0.44,0.56
2026-05-17,Premier League,Brentford,Crystal Palace,D,0.510736511049123,0.240992936461434,0.248270552489443,H,0.44,0.56
2026-05-17,La Liga,Ath Madrid,Girona,H,0.6307740882249439,0.21199668775568906,0.15722922401936712,H,0.44,0.56
2026-05-17,La Liga,Elche,Getafe,H,0.3850112200578014,0.27856569514541873,0.33642308479677974,H,0.44,0.56
2026-05-17,Serie A,Inter,Verona,D,0.8829991442583223,0.0891539106115403,0.027846945130137545,H,0.44,0.56
2026-05-17,Ligue 1,Brest,Angers,D,0.547929250258748,0.24136828041800007,0.21070246932325204,H,0.44,0.56
2026-05-17,Ligue 1,Lyon,Lens,A,0.4700621267143361,0.24086659098996008,0.2890712822957037,H,0.44,0.56
2026-05-17,Serie A,Roma,Lazio,H,0.5852417373697176,0.21623059348412188,0.19852766914616055,H,0.44,0.56
2026-05-17,La Liga,Ath Bilbao,Celta,D,0.42748327627235116,0.26055662245192757,0.3119601012757214,H,0.44,0.56
2026-05-17,Serie A,Pisa,Napoli,A,0.10681933698799606,0.18084246916775268,0.7123381938442512,A,0.44,0.56
2026-05-17,Ligue 1,Nantes,Toulouse,D,0.32057403410203744,0.262873496184617,0.4165524697133455,A,0.44,0.56
2026-05-17,La Liga,Sevilla,Real Madrid,A,0.16163453015024615,0.2169490480845128,0.621416421765241,A,0.44,0.56
2026-05-17,Ligue 1,Marseille,Rennes,H,0.4334107511429839,0.25691765363151947,0.3096715952254966,H,0.44,0.56
2026-05-17,Ligue 1,Strasbourg,Monaco,H,0.38952289839415977,0.2495085116489144,0.36096858995692577,H,0.44,0.56
2026-05-17,Premier League,Newcastle,West Ham,H,0.5218218241113378,0.24824063009831931,0.22993754579034287,H,0.44,0.56
2026-05-17,Ligue 1,Lorient,Le Havre,A,0.5359349503677902,0.24140168763779976,0.22266336199441011,H,0.44,0.56
2026-05-17,Serie A,Genoa,Milan,A,0.2882775033387461,0.25758759638335316,0.45413490027790077,A,0.44,0.56
2026-05-17,Ligue 1,Lille,Auxerre,A,0.6602844263308442,0.2064484291607982,0.13326714450835764,H,0.44,0.56
2026-05-17,Premier League,Everton,Sunderland,A,0.597184064767051,0.2184000373186558,0.1844158979142932,H,0.44,0.56
2026-05-17,Ligue 1,Paris FC,Paris SG,H,0.17258342538001886,0.20421895933534936,0.6231976152846317,A,0.44,0.56
2026-05-17,Premier League,Man United,Nott'm Forest,H,0.4759159192971797,0.25758266074545455,0.2665014199573658,H,0.44,0.56
2026-05-17,Ligue 1,Nice,Metz,D,0.6589995297722779,0.20562291285893486,0.13537755736878715,H,0.44,0.56
2026-05-17,Serie A,Atalanta,Bologna,A,0.5426596281222003,0.23430207430990085,0.2230382975678989,H,0.44,0.56
2026-05-17,La Liga,Osasuna,Espanol,A,0.49372601571620545,0.25996179459568247,0.24631218968811214,H,0.44,0.56
2026-05-17,La Liga,Sociedad,Valencia,A,0.46816119832712233,0.2600718949586046,0.271766906714273,H,0.44,0.56
2026-05-17,Serie A,Udinese,Cremonese,A,0.6172246062902301,0.22630697780133424,0.15646841590843566,H,0.44,0.56
2026-05-17,La Liga,Barcelona,Betis,H,0.6681363864307843,0.1950535296242466,0.13681008394496913,H,0.44,0.56
2026-05-17,La Liga,Oviedo,Alaves,A,0.36528025150997684,0.2767388131738835,0.3579809353161396,H,0.44,0.56
2026-05-17,La Liga,Vallecano,Villarreal,H,0.282955960227172,0.24934726100516066,0.46769677876766724,A,0.44,0.56
2026-05-17,Premier League,Leeds,Brighton,H,0.33969084990997345,0.2607375506540889,0.3995715994359377,A,0.44,0.56
2026-05-18,Premier League,Arsenal,Burnley,H,0.8522171382356372,0.1082715510080531,0.039511310756309814,H,0.44,0.56
2026-05-19,Premier League,Chelsea,Tottenham,H,0.5237994547127673,0.25350409232101173,0.22269645296622087,H,0.44,0.56
2026-05-19,Premier League,Bournemouth,Man City,D,0.26090812175104544,0.2392833500789979,0.4998085281699566,A,0.44,0.56
2026-05-22,Serie A,Fiorentina,Atalanta,D,0.3336076141474104,0.2591360053663335,0.4072563804862561,A,0.44,0.56
2026-05-23,La Liga,Espanol,Sociedad,D,0.3736604047212281,0.2665320235397624,0.35980757173900946,H,0.44,0.56
2026-05-23,Serie A,Lazio,Pisa,H,0.7076702041933354,0.18766302392710743,0.10466677187955722,H,0.44,0.56
2026-05-23,La Liga,Betis,Levante,H,0.6044908282034572,0.22179186892704292,0.17371730286949977,H,0.44,0.56
2026-05-23,La Liga,Getafe,Osasuna,H,0.4177217398603671,0.26599356800101276,0.3162846921386202,H,0.44,0.56
2026-05-23,Serie A,Bologna,Inter,D,0.17812787307720906,0.21486727417084472,0.6070048527519462,A,0.44,0.56
2026-05-23,La Liga,Girona,Elche,D,0.4708325815398231,0.2655102589576204,0.2636571595025564,H,0.44,0.56
2026-05-23,La Liga,Valencia,Barcelona,H,0.14199710533630103,0.20022994642637754,0.6577729482373214,A,0.44,0.56
2026-05-23,La Liga,Alaves,Vallecano,A,0.3744014323909378,0.2790657480640931,0.34653281954496906,H,0.44,0.56
2026-05-23,La Liga,Mallorca,Oviedo,H,0.482579589972061,0.26786767928083055,0.24955273074710832,H,0.44,0.56
2026-05-23,La Liga,Celta,Sevilla,H,0.5313000443372626,0.24998208822983248,0.21871786743290478,H,0.44,0.56
2026-05-23,La Liga,Real Madrid,Ath Bilbao,H,0.6942602415609607,0.18583631488289104,0.11990344355614829,H,0.44,0.56
2026-05-24,La Liga,Villarreal,Ath Madrid,H,0.44862265002278484,0.24539213710770352,0.3059852128695117,H,0.44,0.56
2026-05-24,Premier League,Sunderland,Chelsea,H,0.3363543311076447,0.2577552214164706,0.40589044747588465,A,0.44,0.56
2026-05-24,Premier League,Burnley,Wolves,D,0.3850271301279691,0.28065152409710936,0.33432134577492156,H,0.44,0.56
2026-05-24,Premier League,Liverpool,Brentford,D,0.5709320021255526,0.22256102970712272,0.20650696816732464,H,0.44,0.56
2026-05-24,Premier League,West Ham,Leeds,H,0.35065631217557136,0.27915033954783286,0.3701933482765957,A,0.44,0.56
2026-05-24,Serie A,Milan,Cagliari,A,0.6751677482911795,0.20043261024968587,0.12439964145913457,H,0.44,0.56
2026-05-24,Premier League,Tottenham,Everton,H,0.34741809694190184,0.2580738516101735,0.39450805144792456,A,0.44,0.56
2026-05-24,Serie A,Verona,Roma,A,0.12759287438510453,0.20473721789743293,0.6676699077174626,A,0.44,0.56
2026-05-24,Serie A,Napoli,Udinese,H,0.6668476808460776,0.19516044783729514,0.1379918713166272,H,0.44,0.56
2026-05-24,Serie A,Parma,Sassuolo,H,0.39353611833366375,0.2773629750087176,0.32910090665761865,H,0.44,0.56
2026-05-24,Premier League,Man City,Aston Villa,A,0.6427613883173646,0.19235935923663947,0.16487925244599597,H,0.44,0.56
2026-05-24,Serie A,Cremonese,Como,A,0.2165691824842823,0.2581851604350383,0.5252456570806794,A,0.44,0.56
2026-05-24,Serie A,Torino,Juventus,D,0.24787371782307904,0.24932670451127675,0.5027995776656443,A,0.44,0.56
2026-05-24,Serie A,Lecce,Genoa,H,0.37397169724803325,0.2817006839595553,0.3443276187924114,H,0.44,0.56
2026-05-24,Premier League,Crystal Palace,Arsenal,A,0.18856152714935823,0.22060191374379237,0.5908365591068494,A,0.44,0.56
2026-05-24,Premier League,Brighton,Man United,A,0.42076138855987694,0.2510117953611958,0.32822681607892734,H,0.44,0.56
2026-05-24,Premier League,Fulham,Newcastle,H,0.3583749472660756,0.26998349111912345,0.37164156161480094,A,0.44,0.56
2026-05-24,Premier League,Nott'm Forest,Bournemouth,D,0.419710825763826,0.24817866683493123,0.3321105074012428,H,0.44,0.56
