date,season,league,home_team,away_team,bet,bet_result,odds,odds_source,model_probability,market_probability,break_even_probability,signal,expected_roi,actual_clv,actual_result,won,stake,profit,signal_label
2022-08-05,2022/23,Bundesliga,Ein Frankfurt,Bayern Munich,Bayern Munich,A,1.6,Max market,0.6475332335054693,0.6425013465570428,0.625,0.005031886948426489,0.036053173608751043,0.008709382843808733,A,True,10.0,6.000000000000001,STRONG
2022-08-06,2022/23,Premier League,Leeds,Wolves,DRAW,D,3.54,Max market,0.29087539331420326,0.2875492696498957,0.2824858757062147,0.0033261236643075676,0.029698892332279625,-0.0014506988562300593,H,False,10.0,-10.0,STANDARD
2022-08-06,2022/23,Ligue 1,Strasbourg,Monaco,DRAW,D,3.56,Max market,0.2885246365438392,0.2845657884263313,0.2808988764044944,0.003958848117507907,0.027147706096067648,0.011474430388068113,A,False,10.0,-10.0,STANDARD
2022-08-07,2022/23,Ligue 1,Toulouse,Nice,DRAW,D,3.64,Max market,0.2838088812010186,0.2800977545758093,0.2747252747252747,0.0037111266252092823,0.03306432757170774,0.011855552071042219,D,True,10.0,26.400000000000002,STANDARD
2022-08-07,2022/23,Ligue 1,Montpellier,Troyes,DRAW,D,3.58,Max market,0.2827075550158203,0.27913161589298147,0.27932960893854747,0.0035759391228388226,0.01209304695663671,0.019087780211060223,H,False,10.0,-10.0,STANDARD
2022-08-12,2022/23,Ligue 1,Nantes,Lille,DRAW,D,3.52,Max market,0.28697833013584106,0.28408600970470416,0.2840909090909091,0.0028923204311369077,0.01016372207816052,0.003364397805547259,D,True,10.0,25.2,STANDARD
2022-08-12,2022/23,La Liga,Osasuna,Sevilla,DRAW,D,3.24,Max market,0.3152812652602077,0.31186514954689876,0.30864197530864196,0.003416115713308965,0.021511299443073062,0.003990820130928219,H,False,10.0,-10.0,STANDARD
2022-08-13,2022/23,Premier League,Brighton,Newcastle,DRAW,D,3.46,Max market,0.29937556227112766,0.2958269779811491,0.28901734104046245,0.0035485842899785625,0.03583944545810169,-0.0019104745150793079,D,True,10.0,24.6,STANDARD
2022-08-13,2022/23,Bundesliga,Werder Bremen,Stuttgart,DRAW,D,3.75,Max market,0.2704768908118333,0.26727666839308667,0.26666666666666666,0.0032002224187466233,0.014288340544374778,-0.0005693141056286599,D,True,10.0,27.5,STANDARD
2022-08-13,2022/23,Premier League,Man City,Bournemouth,Bournemouth,A,50.0,Max market,0.02825408256875128,0.02559785984859527,0.02,0.0026562227201560075,0.4127041284375639,0.004561433311169049,H,False,10.0,-10.0,STANDARD
2022-08-13,2022/23,Bundesliga,Hertha,Ein Frankfurt,DRAW,D,3.72,Max market,0.2750942723546996,0.2723801311859083,0.26881720430107525,0.002714141168791262,0.02335069315948246,-0.006770904840654568,D,True,10.0,27.200000000000003,STANDARD
2022-08-13,2022/23,Premier League,Wolves,Fulham,DRAW,D,3.46,Max market,0.29697180254735145,0.29343269678621337,0.28901734104046245,0.003539105761138084,0.027522436813836038,-0.01063014901551268,D,True,10.0,24.6,STANDARD
2022-08-13,2022/23,Ligue 1,Monaco,Rennes,DRAW,D,3.8,Max market,0.26829021383809226,0.2657255974337207,0.2631578947368421,0.002564616404371556,0.019502812584750506,-0.0006344418240605831,D,True,10.0,28.0,STANDARD
2022-08-13,2022/23,Serie A,Monza,Torino,DRAW,D,3.48,Max market,0.2948272009441546,0.2912357406892166,0.28735632183908044,0.003591460254938006,0.025998659285658032,0.0060945500585572465,A,False,10.0,-10.0,STANDARD
2022-08-13,2022/23,Bundesliga,Schalke 04,M'gladbach,DRAW,D,3.9,Max market,0.25937637898728305,0.2564920934281155,0.25641025641025644,0.002884285559167532,0.011567878050403824,-0.0014536547006779865,D,True,10.0,29.0,STANDARD
2022-08-13,2022/23,Premier League,Southampton,Leeds,DRAW,D,3.64,Max market,0.2774880308687308,0.27433419030980843,0.2747252747252747,0.0031538405589223717,0.010056432362180123,-0.004575527777787358,D,True,10.0,26.400000000000002,STANDARD
2022-08-14,2022/23,Ligue 1,Auxerre,Angers,DRAW,D,3.48,Max market,0.2959593441281017,0.29218338754353096,0.28735632183908044,0.00377595658457075,0.02993851756579402,0.0009738545003707411,D,True,10.0,24.8,STANDARD
2022-08-14,2022/23,Ligue 1,Troyes,Toulouse,DRAW,D,3.46,Max market,0.2923831821356523,0.2891696750902527,0.28901734104046245,0.0032135070453995773,0.011645810189356842,0.004801426055736302,A,False,10.0,-10.0,STANDARD
2022-08-14,2022/23,Ligue 1,Reims,Clermont,DRAW,D,3.5,Max market,0.29454806529239613,0.291011395904667,0.2857142857142857,0.003536669387729119,0.030918228523386437,4.4822153254631125e-05,A,False,10.0,-10.0,STANDARD
2022-08-14,2022/23,Serie A,Spezia,Empoli,DRAW,D,3.62,Max market,0.2903087915782811,0.2872177232349898,0.27624309392265195,0.0030910683432913144,0.050917825513377535,-0.007786188762164692,H,False,10.0,-10.0,STANDARD
2022-08-14,2022/23,Serie A,Lazio,Bologna,Lazio,H,1.66,Max market,0.6089858359914926,0.6041427810990091,0.6024096385542169,0.004843054892483489,0.010916487745877612,-0.04365948787441287,H,True,10.0,6.6,STANDARD
2022-08-14,2022/23,Ligue 1,Nice,Strasbourg,DRAW,D,3.58,Max market,0.2918414874968778,0.2888032468196855,0.27932960893854747,0.0030382406771923276,0.0447925252388226,0.0007831991027910656,D,True,10.0,25.8,STANDARD
2022-08-19,2022/23,Bundesliga,M'gladbach,Hertha,M'gladbach,H,1.6,Max market,0.6357025433742075,0.630988782247289,0.625,0.004713761126918459,0.01712406939873201,0.002615760279945256,H,True,10.0,6.000000000000001,STANDARD
2022-08-20,2022/23,Premier League,Crystal Palace,Aston Villa,DRAW,D,3.35,Max market,0.30352192768641545,0.2997145575642246,0.29850746268656714,0.003807370122190845,0.016798457749491735,-0.0003391368732739708,H,False,10.0,-10.0,STANDARD
2022-08-20,2022/23,Bundesliga,Augsburg,Mainz,Mainz,A,2.2,Max market,0.46150197392693876,0.4547803617571059,0.45454545454545453,0.006721612169832858,0.01530434263926539,0.02716343371716151,A,True,10.0,12.000000000000002,STRONG
2022-08-20,2022/23,Serie A,Sassuolo,Lecce,DRAW,D,4.2,Max market,0.242464193890835,0.2398030920115137,0.23809523809523808,0.0026611018793213093,0.01834961434150717,-0.005737976152214497,H,False,10.0,-10.0,STANDARD
2022-08-20,2022/23,La Liga,Mallorca,Betis,DRAW,D,3.42,Max market,0.29760206517901816,0.294228385861977,0.29239766081871343,0.003373679317041134,0.01779906291224198,0.00512373341052319,A,False,10.0,-10.0,STANDARD
2022-08-21,2022/23,Ligue 1,Montpellier,Auxerre,DRAW,D,3.75,Max market,0.2736454343068453,0.2704707049756403,0.26666666666666666,0.003174729331204995,0.026170378650669956,-0.0032501113833837136,A,False,10.0,-10.0,STANDARD
2022-08-21,2022/23,Serie A,Atalanta,Milan,DRAW,D,3.68,Max market,0.27771949664287693,0.2742057860369303,0.2717391304347826,0.0035137106059466294,0.022007747645787168,-0.0015360932257827975,D,True,10.0,26.8,STANDARD
2022-08-21,2022/23,La Liga,Ath Madrid,Villarreal,DRAW,D,3.78,Max market,0.27523204981912186,0.27217729573588223,0.2645502645502646,0.0030547540832396303,0.040377148316280476,0.008838192049524074,A,False,10.0,-10.0,STANDARD
2022-08-21,2022/23,Ligue 1,Lille,Paris SG,Paris SG,A,1.55,Max market,0.6530970240493376,0.6451419014268541,0.6451612903225806,0.007955122622483435,0.012300387276473312,0.05823599797801582,A,True,10.0,5.5,STRONG
2022-08-22,2022/23,La Liga,Elche,Almeria,DRAW,D,3.39,Max market,0.3030406365864578,0.29912151687403105,0.2949852507374631,0.003919119712426755,0.027307758028092044,-0.001152749810582332,D,True,10.0,23.900000000000002,STANDARD
2022-08-26,2022/23,La Liga,Girona,Celta,DRAW,D,3.38,Max market,0.30829834310490306,0.3046329807442362,0.2958579881656805,0.003665362360666835,0.042048399694572414,0.004552978927160334,A,False,10.0,-10.0,STANDARD
2022-08-27,2022/23,La Liga,Almeria,Sevilla,DRAW,D,3.37,Max market,0.29992272490602795,0.29683791931242387,0.29673590504451036,0.0030848055936040786,0.010739582933314118,-0.009561979271392962,H,False,10.0,-10.0,STANDARD
2022-08-27,2022/23,Premier League,Brentford,Everton,Brentford,H,2.16,Max market,0.4698991790008685,0.46727246100377556,0.4629629629629629,0.0026267179970929644,0.014982226641875984,-0.007498381500455731,D,False,10.0,-10.0,STANDARD
2022-08-27,2022/23,Bundesliga,Schalke 04,Union Berlin,DRAW,D,3.6,Max market,0.2825034795398651,0.27878694104904844,0.2777777777777778,0.0037165384908166565,0.017012526343514356,0.0030365865421743687,A,False,10.0,-10.0,STANDARD
2022-08-27,2022/23,Bundesliga,Bayern Munich,M'gladbach,Bayern Munich,H,1.25,Max market,0.8111093452964873,0.8065620769292028,0.8,0.004547268367284474,0.013886681620609131,0.007993069640749195,D,False,10.0,-10.0,STANDARD
2022-08-27,2022/23,La Liga,Elche,Sociedad,DRAW,D,3.34,Max market,0.305787919127034,0.3032144257154057,0.29940119760479045,0.002573493411628325,0.02133164988429348,-0.011748561896961773,A,False,10.0,-10.0,STANDARD
2022-08-27,2022/23,Bundesliga,Mainz,Leverkusen,DRAW,D,3.91,Max market,0.25926510149469484,0.25630966392049165,0.2557544757033248,0.00295543757420319,0.013726546844256893,0.009096574046393191,A,False,10.0,-10.0,STANDARD
2022-08-27,2022/23,Serie A,Cremonese,Torino,DRAW,D,3.6,Max market,0.2862991707872013,0.28329535226641644,0.2777777777777778,0.003003818520784851,0.0306770148339246,-0.0006878651359643051,A,False,10.0,-10.0,STANDARD
2022-08-27,2022/23,Serie A,Spezia,Sassuolo,DRAW,D,3.83,Max market,0.2677739423083134,0.26512656747773616,0.2610966057441253,0.0026473748305772538,0.025574199040840462,0.003410781424304399,D,True,10.0,28.3,STANDARD
2022-08-27,2022/23,Ligue 1,Lens,Rennes,DRAW,D,3.76,Max market,0.2743852880721917,0.27174323473882944,0.26595744680851063,0.0026420533333622598,0.03168868315144069,0.002907823343115623,H,False,10.0,-10.0,STANDARD
2022-08-27,2022/23,La Liga,Vallecano,Mallorca,DRAW,D,3.4,Max market,0.30093267815203484,0.29727673164928675,0.29411764705882354,0.0036559465027480864,0.023171105716918383,-0.0030878653527227073,A,False,10.0,-10.0,STANDARD
2022-08-28,2022/23,Serie A,Salernitana,Sampdoria,DRAW,D,3.4,Max market,0.29915055643812405,0.2960743182499251,0.29411764705882354,0.0030762381881989653,0.01711189188962181,0.004129243085279177,H,False,10.0,-10.0,STANDARD
2022-08-28,2022/23,Premier League,Wolves,Newcastle,DRAW,D,3.46,Max market,0.2984936058265675,0.2947364242616704,0.28901734104046245,0.003757181564897072,0.0327878761599234,-0.002270306386306542,D,True,10.0,24.6,STANDARD
2022-08-28,2022/23,Ligue 1,Lorient,Clermont,DRAW,D,3.66,Max market,0.2794448139688467,0.27683520913824966,0.27322404371584696,0.002609604830597023,0.022768019125978922,0.0023171826901984827,H,False,10.0,-10.0,STANDARD
2022-08-28,2022/23,Ligue 1,Troyes,Angers,DRAW,D,3.48,Max market,0.2908555432406071,0.28696900365199396,0.28735632183908044,0.003886539588613125,0.012177290477312752,0.005673470423181115,H,False,10.0,-10.0,STANDARD
2022-08-28,2022/23,Serie A,Lecce,Empoli,DRAW,D,3.6,Max market,0.28083621809708026,0.27738244569231313,0.2777777777777778,0.0034537724047671303,0.011010385149488933,0.006937658406580838,D,True,10.0,26.0,STANDARD
2022-08-28,2022/23,Premier League,Aston Villa,West Ham,DRAW,D,3.6,Max market,0.28332233543805213,0.2801182670506771,0.2777777777777778,0.0032040683873750253,0.019960407576987693,-4.7660651246173025e-06,A,False,10.0,-10.0,STANDARD
2022-08-28,2022/23,Bundesliga,Werder Bremen,Ein Frankfurt,DRAW,D,3.75,Max market,0.27088035898636187,0.2678908088063445,0.26666666666666666,0.002989550180017342,0.01580134619885709,-0.0008124845101825651,A,False,10.0,-10.0,STANDARD
2022-08-28,2022/23,Ligue 1,Nice,Marseille,DRAW,D,3.62,Max market,0.2803614056737081,0.2772533806599551,0.27624309392265195,0.003108025013753013,0.014908288538823422,0.002277430508060785,A,False,10.0,-10.0,STANDARD
2022-08-29,2022/23,La Liga,Cadiz,Ath Bilbao,Ath Bilbao,A,2.29,Max market,0.44214044416522347,0.43904242605318194,0.4366812227074236,0.003098018112041523,0.012501617138361842,0.0203377752625033,A,True,10.0,12.9,STANDARD
2022-08-30,2022/23,Premier League,Crystal Palace,Brentford,DRAW,D,3.58,Max market,0.2856091443895352,0.2818547863358878,0.27932960893854747,0.003754358053647433,0.022480736914536115,-0.004128425361121291,D,True,10.0,25.8,STANDARD
2022-08-30,2022/23,Premier League,Leeds,Everton,DRAW,D,3.72,Max market,0.2733473570748668,0.2702690864493145,0.26881720430107525,0.0030782706255522707,0.016852168318504557,-0.00257283748641729,D,True,10.0,27.200000000000003,STANDARD
2022-08-31,2022/23,Serie A,Empoli,Verona,DRAW,D,3.55,Max market,0.28825836668411225,0.28471951423319036,0.28169014084507044,0.003538852450921892,0.023317201728598524,0.006592952669454644,D,True,10.0,25.5,STANDARD
2022-08-31,2022/23,Ligue 1,Lille,Nice,DRAW,D,3.8,Max market,0.27301739967200617,0.2700872509441334,0.2631578947368421,0.0029301487278727834,0.03746611875362338,0.006750339794380333,A,False,10.0,-10.0,STANDARD
2022-08-31,2022/23,Premier League,Bournemouth,Wolves,Wolves,A,2.24,Max market,0.45244044085669866,0.4442566183862679,0.4464285714285714,0.008183822470430757,0.01346658751900498,-0.03220532454980146,D,False,10.0,-10.0,STRONG
2022-08-31,2022/23,Premier League,Man City,Nott'm Forest,Nott'm Forest,A,43.0,Max market,0.033866010599242095,0.03114489003880984,0.023255813953488372,0.0027211205604322566,0.4562384557674102,0.004336193419786111,H,False,10.0,-10.0,STANDARD
2022-08-31,2022/23,Ligue 1,Montpellier,Ajaccio,DRAW,D,3.54,Max market,0.2856787929541531,0.28304355056262825,0.2824858757062147,0.00263524239152485,0.011302927057702084,0.01852626491520154,H,False,10.0,-10.0,STANDARD
2022-09-01,2022/23,Serie A,Bologna,Salernitana,DRAW,D,3.75,Max market,0.27021888815470163,0.26759688057577036,0.26666666666666666,0.0026220075789312736,0.013320830580131116,0.013245820817548049,D,True,10.0,27.5,STANDARD
2022-09-03,2022/23,Serie A,Lazio,Napoli,DRAW,D,3.84,Max market,0.2722023027589606,0.2694825520732697,0.2604166666666667,0.0027197506856909137,0.04525684259440865,0.005062306309767395,A,False,10.0,-10.0,STANDARD
2022-09-03,2022/23,Bundesliga,Union Berlin,Bayern Munich,Bayern Munich,A,1.43,Max market,0.7071312475247915,0.6969461978164875,0.6993006993006994,0.010185049708304028,0.011197683960451732,-0.00015722871572498853,D,False,10.0,-10.0,STRONG
2022-09-03,2022/23,Premier League,Brentford,Leeds,DRAW,D,3.75,Max market,0.27083365096574824,0.2679201070775757,0.26666666666666666,0.002913543888172554,0.015626191121555832,0.0020346251154347295,H,False,10.0,-10.0,STANDARD
2022-09-03,2022/23,La Liga,Mallorca,Girona,DRAW,D,3.3,Max market,0.30722292388946865,0.3039518957494854,0.30303030303030304,0.0032710281399832564,0.013835648835246461,0.0041198151379128745,D,True,10.0,23.0,STANDARD
2022-09-03,2022/23,La Liga,Sevilla,Barcelona,Barcelona,A,1.89,Max market,0.5344782744659844,0.5282952238015362,0.5291005291005292,0.006183050664448242,0.010163938740710421,0.02937334067221742,A,True,10.0,8.899999999999999,STRONG
2022-09-04,2022/23,Bundesliga,M'gladbach,Mainz,DRAW,D,3.87,Max market,0.2618755441500538,0.2590343724778807,0.25839793281653745,0.002841171672173126,0.013458355860708204,0.0046547894506332455,A,False,10.0,-10.0,STANDARD
2022-09-04,2022/23,Ligue 1,Clermont,Toulouse,DRAW,D,3.53,Max market,0.2890240977880745,0.2863822326125073,0.28328611898017,0.002641865175567193,0.0202550651919029,-0.004575774984861891,H,False,10.0,-10.0,STANDARD
2022-09-04,2022/23,Bundesliga,Augsburg,Hertha,DRAW,D,3.52,Max market,0.28838311973502795,0.2846252791565723,0.2840909090909091,0.003757840578455629,0.015108581467298432,-0.006105600284436019,A,False,10.0,-10.0,STANDARD
2022-09-04,2022/23,Ligue 1,Brest,Strasbourg,DRAW,D,3.61,Max market,0.28425591191949556,0.28078739532484026,0.2770083102493075,0.003468516594655302,0.026163842029379047,0.007569410696023238,D,True,10.0,26.099999999999998,STANDARD
2022-09-04,2022/23,Serie A,Spezia,Bologna,DRAW,D,3.5,Max market,0.2963045729957804,0.29322488317067125,0.2857142857142857,0.0030796898251091442,0.037066005485231424,0.00183012642174879,D,True,10.0,25.0,STANDARD
2022-09-04,2022/23,Ligue 1,Ajaccio,Lorient,DRAW,D,3.43,Max market,0.3000220301295345,0.29628152567517985,0.29154518950437314,0.003740504454354643,0.02907556334430339,0.011935209034875993,A,False,10.0,-10.0,STANDARD
2022-09-04,2022/23,Premier League,Man United,Arsenal,DRAW,D,3.74,Max market,0.2745112027241382,0.2710217130056354,0.267379679144385,0.003489489718502825,0.026671898188276977,0.005286551498972836,H,False,10.0,-10.0,STANDARD
2022-09-04,2022/23,Ligue 1,Nice,Monaco,DRAW,D,3.78,Max market,0.26998118263519133,0.26716149699195246,0.2645502645502646,0.0028196856432388673,0.020528870361023133,0.012137276803010966,A,False,10.0,-10.0,STANDARD
2022-09-04,2022/23,La Liga,Osasuna,Vallecano,DRAW,D,3.3,Max market,0.31047429035150603,0.3068077390278683,0.30303030303030304,0.0036665513236377456,0.024565158159969958,0.0037629631211488213,H,False,10.0,-10.0,STANDARD
2022-09-04,2022/23,Serie A,Cremonese,Sassuolo,DRAW,D,3.7,Max market,0.27421774640503743,0.2713324578395844,0.27027027027027023,0.002885288565453059,0.014605661698638528,0.0008983518303176674,D,True,10.0,27.0,STANDARD
2022-09-04,2022/23,Ligue 1,Reims,Lens,DRAW,D,3.79,Max market,0.2748103603901195,0.272145640891481,0.2638522427440633,0.0026647194986385014,0.041531265878552936,0.00668511860560822,D,True,10.0,27.9,STANDARD
2022-09-05,2022/23,Serie A,Salernitana,Empoli,DRAW,D,3.69,Max market,0.28264015214502103,0.27936479942951564,0.2710027100271003,0.0032753527155053863,0.04294216141512752,0.006410735035434767,D,True,10.0,26.9,STANDARD
2022-09-09,2022/23,Bundesliga,Werder Bremen,Augsburg,Werder Bremen,H,1.65,Max market,0.6282848990735496,0.6225022176015567,0.6060606060606061,0.005782681471992901,0.036670083471356696,0.015339466518522804,A,False,10.0,-10.0,STRONG
2022-09-10,2022/23,La Liga,Vallecano,Valencia,DRAW,D,3.32,Max market,0.3057488880557176,0.30190190190190186,0.30120481927710846,0.0038469861538157346,0.015086308344982369,0.01153129335867037,H,False,10.0,-10.0,STANDARD
2022-09-10,2022/23,Bundesliga,RB Leipzig,Dortmund,DRAW,D,4.05,Max market,0.25313028948116567,0.25021285291012496,0.2469135802469136,0.00291743657104071,0.02517767239872093,0.003317717428893585,H,False,10.0,-10.0,STANDARD
2022-09-10,2022/23,Bundesliga,Ein Frankfurt,Wolfsburg,DRAW,D,3.8,Max market,0.2669407393647548,0.2640093179759286,0.2631578947368421,0.0029314213888262386,0.014374809586068293,-0.010259508128557748,A,False,10.0,-10.0,STANDARD
2022-09-10,2022/23,Bundesliga,Schalke 04,Bochum,DRAW,D,3.85,Max market,0.2636410926408821,0.26110216290842153,0.2597402597402597,0.0025389297324605598,0.015018206667396061,0.001064299137447433,H,False,10.0,-10.0,STANDARD
2022-09-10,2022/23,La Liga,Espanol,Sevilla,DRAW,D,3.4,Max market,0.2996891460563599,0.29573614146632227,0.29411764705882354,0.003953004590037612,0.01894309659162352,0.005671502073919088,A,False,10.0,-10.0,STANDARD
2022-09-11,2022/23,Ligue 1,Ajaccio,Nice,DRAW,D,3.26,Max market,0.31543505080840534,0.31143864146107025,0.3067484662576687,0.003996409347335084,0.028318265635401296,0.005303439986893532,A,False,10.0,-10.0,STANDARD
2022-09-11,2022/23,Ligue 1,Toulouse,Reims,DRAW,D,3.7,Max market,0.2783859582012234,0.27464312084666503,0.27027027027027023,0.0037428373545583815,0.030028045344526744,0.0012543190662630543,H,False,10.0,-10.0,STANDARD
2022-09-11,2022/23,Ligue 1,Angers,Montpellier,DRAW,D,3.82,Max market,0.26778899703139664,0.2640471099582881,0.2617801047120419,0.0037418870731085185,0.022953968659935153,0.008538773399399568,H,False,10.0,-10.0,STANDARD
2022-09-11,2022/23,Bundesliga,Freiburg,M'gladbach,DRAW,D,3.95,Max market,0.2611390283789282,0.2586160420657655,0.2531645569620253,0.002522986313162723,0.0314991620967664,0.004744778492465018,D,True,10.0,29.5,STANDARD
2022-09-11,2022/23,La Liga,Betis,Villarreal,DRAW,D,3.65,Max market,0.27828529968244575,0.27557763509396827,0.273972602739726,0.0027076645884774875,0.01574134384092707,0.008555725332434927,H,False,10.0,-10.0,STANDARD
2022-09-11,2022/23,Serie A,Sassuolo,Udinese,DRAW,D,3.7,Max market,0.275443655365055,0.2728291250456995,0.27027027027027023,0.0026145303193554903,0.01914152485070364,0.005600884276910134,A,False,10.0,-10.0,STANDARD
2022-09-16,2022/23,Premier League,Nott'm Forest,Fulham,DRAW,D,3.54,Max market,0.28600009010207106,0.2830518505743973,0.2824858757062147,0.002948239527673757,0.012440318961331576,0.0006628323673751879,A,False,10.0,-10.0,STANDARD
2022-09-16,2022/23,Premier League,Aston Villa,Southampton,DRAW,D,3.72,Max market,0.27362284443884605,0.27055238234274354,0.26881720430107525,0.003070462096102511,0.017876981312507256,0.0008407070253215188,H,False,10.0,-10.0,STANDARD
2022-09-17,2022/23,Serie A,Bologna,Empoli,DRAW,D,3.7,Max market,0.2747792677885107,0.27160466208809647,0.27027027027027023,0.0031746057004142236,0.01668329081748965,0.0038610207012854114,A,False,10.0,-10.0,STANDARD
2022-09-17,2022/23,Serie A,Spezia,Sampdoria,DRAW,D,3.4,Max market,0.29868714291294857,0.29525152420705175,0.29411764705882354,0.0034356187058968146,0.015536285904025116,0.007190756112366636,H,False,10.0,-10.0,STANDARD
2022-09-17,2022/23,Bundesliga,Stuttgart,Ein Frankfurt,DRAW,D,3.74,Max market,0.27106663695076094,0.2678232989777912,0.267379679144385,0.0032433379729697176,0.013789222195845996,0.0202801986830089,A,False,10.0,-10.0,STANDARD
2022-09-18,2022/23,Ligue 1,Clermont,Troyes,DRAW,D,3.59,Max market,0.2825386369931527,0.2797415667515686,0.2785515320334262,0.0027970702415840987,0.014313706805417992,0.012042560629207166,A,False,10.0,-10.0,STANDARD
2022-09-18,2022/23,Serie A,Milan,Napoli,DRAW,D,3.75,Max market,0.2764913366730652,0.2737509110651653,0.26666666666666666,0.002740425607899888,0.0368425125239944,0.02418044491642085,A,False,10.0,-10.0,STANDARD
2022-09-18,2022/23,Ligue 1,Marseille,Rennes,DRAW,D,3.88,Max market,0.26927347456037354,0.2659775639267151,0.2577319587628866,0.0032959106336584165,0.04478108129424929,0.005877190932118803,D,True,10.0,28.799999999999997,STANDARD
2022-09-18,2022/23,Premier League,Everton,West Ham,DRAW,D,3.45,Max market,0.29319465904032654,0.2901886718212044,0.2898550724637681,0.0030059872191221526,0.01152157368912654,0.0014118125545328208,H,False,10.0,-10.0,STANDARD
2022-10-01,2022/23,Bundesliga,Ein Frankfurt,Union Berlin,DRAW,D,3.64,Max market,0.28192950045042287,0.27877909089865677,0.2747252747252747,0.003150409551766098,0.02622338163953919,0.007901525780899976,H,False,10.0,-10.0,STANDARD
2022-10-01,2022/23,Premier League,West Ham,Wolves,DRAW,D,3.65,Max market,0.2788457557655818,0.27623009140167476,0.273972602739726,0.002615664363907033,0.017787008544373428,0.009723824021650007,H,False,10.0,-10.0,STANDARD
2022-10-01,2022/23,La Liga,Sevilla,Ath Madrid,DRAW,D,3.35,Max market,0.3041982125960748,0.3005687237553974,0.29850746268656714,0.0036294888406774306,0.01906401219685061,0.005978147317736493,A,False,10.0,-10.0,STANDARD
2022-10-01,2022/23,Premier League,Fulham,Newcastle,DRAW,D,3.68,Max market,0.28118360187364194,0.2779265065539243,0.2717391304347826,0.003257095319717629,0.03475565489500232,0.0034236373023597277,A,False,10.0,-10.0,STANDARD
2022-10-01,2022/23,Bundesliga,Werder Bremen,M'gladbach,DRAW,D,4.04,Max market,0.25794421167133286,0.2547047572036774,0.24752475247524752,0.003239454467655445,0.04209461515218482,-0.002839802962348481,H,False,10.0,-10.0,STANDARD
2022-10-01,2022/23,Serie A,Inter,Roma,DRAW,D,3.96,Max market,0.2766575355938566,0.2738059641625158,0.25252525252525254,0.0028515714313407936,0.09556384095167214,0.0033044058804751475,A,False,10.0,-10.0,STANDARD
2022-10-01,2022/23,Bundesliga,Wolfsburg,Stuttgart,DRAW,D,3.63,Max market,0.279785205523588,0.2763562083254046,0.27548209366391185,0.0034289971981834033,0.015620296050624427,0.01404225200676451,H,False,10.0,-10.0,STANDARD
2022-10-02,2022/23,Ligue 1,Lens,Lyon,DRAW,D,3.96,Max market,0.25872752513226455,0.25554797451227557,0.25252525252525254,0.00317955061998898,0.024560999523767668,0.009308551251377584,H,False,10.0,-10.0,STANDARD
2022-10-02,2022/23,La Liga,Espanol,Valencia,DRAW,D,3.43,Max market,0.2977686518840132,0.29360497657236984,0.29154518950437314,0.004163675311643356,0.021346475962165323,0.0038243016034686383,D,True,10.0,24.3,STANDARD
2022-10-02,2022/23,Serie A,Atalanta,Fiorentina,DRAW,D,3.88,Max market,0.27178997749323985,0.26848287295922674,0.2577319587628866,0.0033071045340131167,0.0545451126737706,0.010576108204936208,H,False,10.0,-10.0,STANDARD
2022-10-02,2022/23,Ligue 1,Auxerre,Brest,DRAW,D,3.66,Max market,0.27930927968644326,0.27647109979681705,0.27322404371584696,0.0028381798896262023,0.022271963652382265,0.01447908198563358,D,True,10.0,26.6,STANDARD
2022-10-02,2022/23,Premier League,Leeds,Aston Villa,DRAW,D,3.66,Max market,0.28024458569303246,0.2771606421655646,0.27322404371584696,0.0030839435274678806,0.02569518363649892,0.004407554423832172,D,True,10.0,26.6,STANDARD
2022-10-02,2022/23,Ligue 1,Troyes,Reims,DRAW,D,3.58,Max market,0.28593235533361416,0.28240930325017394,0.27932960893854747,0.0035230520834402257,0.023637832094338673,0.011836082200423259,D,True,10.0,25.8,STANDARD
2022-10-02,2022/23,Bundesliga,Schalke 04,Augsburg,DRAW,D,3.82,Max market,0.2649565598831504,0.2616507106406309,0.2617801047120419,0.003305849242519532,0.012134058753634491,-0.004331525441191697,A,False,10.0,-10.0,STANDARD
2022-10-02,2022/23,Bundesliga,Hertha,Hoffenheim,DRAW,D,3.99,Max market,0.2595954438034845,0.2566382895388621,0.2506265664160401,0.002957154264622397,0.0357858207759032,0.009439427147367618,D,True,10.0,29.900000000000002,STANDARD
2022-10-02,2022/23,Ligue 1,Ajaccio,Clermont,DRAW,D,3.34,Max market,0.30671710749858594,0.3024896329053879,0.29940119760479045,0.004227474593198055,0.024435139045277054,0.014780895137322725,A,False,10.0,-10.0,STANDARD
2022-10-02,2022/23,La Liga,Celta,Betis,DRAW,D,3.57,Max market,0.287631326484354,0.284015069542622,0.2801120448179272,0.00361625694173201,0.026843835549143824,0.013240852691982996,H,False,10.0,-10.0,STANDARD
2022-10-07,2022/23,La Liga,Osasuna,Valencia,DRAW,D,3.42,Max market,0.29919972866191025,0.29516014541917823,0.29239766081871343,0.004039583242732014,0.02326307202373301,0.0010578073768011675,A,False,10.0,-10.0,STANDARD
2022-10-08,2022/23,Bundesliga,Dortmund,Bayern Munich,Bayern Munich,A,1.73,Max market,0.586314237621658,0.5781654467553334,0.5780346820809249,0.008148790866324584,0.014323631085468413,-0.023963002774451847,D,False,10.0,-10.0,STRONG
2022-10-08,2022/23,La Liga,Almeria,Vallecano,DRAW,D,3.4,Max market,0.2995730825461255,0.2965236785486299,0.29411764705882354,0.0030494039974956477,0.018548480656826793,-0.0008272852912610262,H,False,10.0,-10.0,STANDARD
2022-10-08,2022/23,Serie A,Bologna,Sampdoria,DRAW,D,3.74,Max market,0.2749965107429622,0.2718547548588339,0.267379679144385,0.0031417558841282944,0.02848695017867886,0.018076948159452044,D,True,10.0,27.400000000000002,STANDARD
2022-10-08,2022/23,Bundesliga,Augsburg,Wolfsburg,DRAW,D,3.62,Max market,0.28344215732837535,0.2806771089414905,0.27624309392265195,0.0027650483868848497,0.026060609528718803,0.00011385151048687314,D,True,10.0,26.200000000000003,STANDARD
2022-10-08,2022/23,Serie A,Milan,Juventus,DRAW,D,3.58,Max market,0.2866941977166157,0.28345288789597467,0.27932960893854747,0.003241309820641025,0.026365227825484228,0.00900340396358107,H,False,10.0,-10.0,STANDARD
2022-10-08,2022/23,Premier League,Newcastle,Brentford,Newcastle,H,1.88,Max market,0.5399543543954796,0.5347185888332461,0.5319148936170213,0.005235765562233485,0.015114186263501583,0.03711283839532986,H,True,10.0,8.799999999999999,STRONG
2022-10-08,2022/23,Premier League,Brighton,Tottenham,DRAW,D,3.66,Max market,0.28095167046300945,0.2776075413440621,0.27322404371584696,0.0033441291189473255,0.028283113894614687,0.012444189029056973,A,False,10.0,-10.0,STANDARD
2022-10-09,2022/23,Bundesliga,Hertha,Freiburg,DRAW,D,3.7,Max market,0.2797208218070519,0.2764804003336113,0.27027027027027023,0.003240421473440558,0.03496704068609202,0.004227009973577944,D,True,10.0,27.0,STANDARD
2022-10-09,2022/23,Premier League,Crystal Palace,Leeds,DRAW,D,3.85,Max market,0.26869491066107654,0.26575969100972063,0.2597402597402597,0.0029352196513559026,0.03447540604514465,0.002973833881404264,H,False,10.0,-10.0,STANDARD
2022-10-09,2022/23,La Liga,Sociedad,Villarreal,DRAW,D,3.55,Max market,0.29388251724641845,0.2902521373427843,0.28169014084507044,0.003630379903634129,0.04328293622478552,-0.0002287055111763192,H,False,10.0,-10.0,STANDARD
2022-10-09,2022/23,Ligue 1,Lille,Lens,DRAW,D,3.94,Max market,0.26878636267514816,0.2657722352611483,0.25380710659898476,0.0030141274139998675,0.05901826894008377,0.019942050453137405,H,False,10.0,-10.0,STANDARD
2022-10-09,2022/23,La Liga,Cadiz,Espanol,DRAW,D,3.28,Max market,0.31279907215554836,0.3093807744918447,0.3048780487804878,0.003418297663703662,0.025980956670198507,0.0030037801746510273,D,True,10.0,22.799999999999997,STANDARD
2022-10-09,2022/23,Serie A,Udinese,Atalanta,DRAW,D,3.66,Max market,0.2839077634705915,0.2803053144389609,0.27322404371584696,0.0036024490316305946,0.03910241430236483,-0.0023552419179416195,D,True,10.0,26.6,STANDARD
2022-10-09,2022/23,Premier League,Arsenal,Liverpool,DRAW,D,3.96,Max market,0.26260021999869815,0.25895278812117867,0.25252525252525254,0.0036474318775194803,0.03989687119484464,-0.0016656324828455693,H,False,10.0,-10.0,STANDARD
2022-10-09,2022/23,Bundesliga,Stuttgart,Union Berlin,DRAW,D,3.44,Max market,0.3016233292386334,0.29735501824056915,0.29069767441860467,0.00426831099806424,0.037584252580898925,0.01941850746578383,A,False,10.0,-10.0,STANDARD
2022-10-09,2022/23,Serie A,Salernitana,Verona,DRAW,D,3.68,Max market,0.28007028976803944,0.27672975707708114,0.2717391304347826,0.0033405326909582977,0.030658666346385255,0.011434908446074976,H,False,10.0,-10.0,STANDARD
2022-10-09,2022/23,La Liga,Valladolid,Betis,DRAW,D,3.65,Max market,0.28395446483487796,0.2803843979649519,0.273972602739726,0.0035700668699260585,0.036433796647304506,-0.00414940289674498,D,True,10.0,26.5,STANDARD
2022-10-10,2022/23,La Liga,Elche,Mallorca,DRAW,D,3.22,Max market,0.3187089108976831,0.3150089491178727,0.3105590062111801,0.0036999617798104123,0.026242693090539726,-0.0017328377404776663,D,True,10.0,22.200000000000003,STANDARD
2022-10-10,2022/23,Serie A,Fiorentina,Lazio,DRAW,D,3.68,Max market,0.2819874213991964,0.27844924092149975,0.2717391304347826,0.003538180477696662,0.03771371074904284,-0.0033140049580600572,A,False,10.0,-10.0,STANDARD
2022-10-14,2022/23,La Liga,Vallecano,Getafe,DRAW,D,3.34,Max market,0.30535205187902115,0.3022904659620169,0.29940119760479045,0.003061585917004228,0.019875853275930666,-0.004718635960806905,D,True,10.0,23.4,STANDARD
2022-10-14,2022/23,Ligue 1,Strasbourg,Lille,DRAW,D,3.56,Max market,0.28488229676634735,0.2817414690234444,0.2808988764044944,0.003140827742902974,0.014180976488196606,-0.0028305886594759966,A,False,10.0,-10.0,STANDARD
2022-10-15,2022/23,Ligue 1,Lorient,Reims,DRAW,D,3.7,Max market,0.2811351909404573,0.2777321059842915,0.27027027027027023,0.003403084956165814,0.040200206479692024,0.006186450802182553,D,True,10.0,27.0,STANDARD
2022-10-15,2022/23,Bundesliga,Werder Bremen,Mainz,DRAW,D,3.78,Max market,0.2699022662087924,0.2666728161608708,0.2645502645502646,0.003229450047921578,0.02023056626923503,0.0005381691796376709,A,False,10.0,-10.0,STANDARD
2022-10-15,2022/23,Serie A,Empoli,Monza,DRAW,D,3.45,Max market,0.29294597096402863,0.28931336791430695,0.2898550724637681,0.0036326030497216832,0.010663599825898817,0.002611007399931309,H,False,10.0,-10.0,STANDARD
2022-10-15,2022/23,Bundesliga,Wolfsburg,M'gladbach,DRAW,D,3.84,Max market,0.26902832362946455,0.26570871140565483,0.2604166666666667,0.0033196122238097203,0.033068762737143764,0.001068585427459967,D,True,10.0,28.4,STANDARD
2022-10-15,2022/23,Bundesliga,Ein Frankfurt,Leverkusen,DRAW,D,3.86,Max market,0.266528494924769,0.26375632319044595,0.2590673575129534,0.0027721717343230368,0.028799990409608345,0.007827248666040731,H,False,10.0,-10.0,STANDARD
2022-10-15,2022/23,La Liga,Mallorca,Sevilla,DRAW,D,3.25,Max market,0.3121488920929968,0.30826682668266825,0.3076923076923077,0.003882065410328539,0.014483899302239589,0.013402921609126317,A,False,10.0,-10.0,STANDARD
2022-10-15,2022/23,Premier League,Leicester,Crystal Palace,DRAW,D,3.68,Max market,0.2791147087444832,0.2755267051254114,0.2717391304347826,0.0035880036190718,0.02714212817969819,0.0017605476209920923,D,True,10.0,26.8,STANDARD
2022-10-15,2022/23,Premier League,Fulham,Bournemouth,DRAW,D,3.9,Max market,0.2620783582115663,0.2584660315694319,0.25641025641025644,0.0036123266421344002,0.022105597025108503,0.008169330140923636,D,True,10.0,29.0,STANDARD
2022-10-16,2022/23,Bundesliga,Union Berlin,Dortmund,DRAW,D,3.68,Max market,0.27886105920641835,0.2759494455594387,0.2717391304347826,0.0029116136469796716,0.026208697879619658,0.016438972698242404,H,False,10.0,-10.0,STANDARD
2022-10-16,2022/23,Ligue 1,Troyes,Ajaccio,DRAW,D,3.42,Max market,0.3020510722823479,0.29921390841409146,0.29239766081871343,0.0028371638682564426,0.03301466720562973,0.007458080286820434,D,True,10.0,24.2,STANDARD
2022-10-16,2022/23,La Liga,Espanol,Valladolid,DRAW,D,3.52,Max market,0.2884477491310205,0.28492229391984003,0.2840909090909091,0.0035254552111804727,0.0153360769411921,-0.007928766365510043,H,False,10.0,-10.0,STANDARD
2022-10-16,2022/23,Ligue 1,Nantes,Brest,DRAW,D,3.56,Max market,0.29037660006402244,0.2860375581863329,0.2808988764044944,0.00433904187768952,0.033740696227919864,-0.003898264021918285,H,False,10.0,-10.0,STANDARD
2022-10-16,2022/23,Premier League,Southampton,West Ham,DRAW,D,3.6,Max market,0.28408497026953183,0.28113225173605705,0.2777777777777778,0.002952718533474785,0.022705892970314556,0.005266361538559083,D,True,10.0,26.0,STANDARD
2022-10-16,2022/23,La Liga,Celta,Sociedad,DRAW,D,3.38,Max market,0.299086944106992,0.29514526084987724,0.2958579881656805,0.0039416832571147475,0.010913871081632998,0.011909794141996222,A,False,10.0,-10.0,STANDARD
2022-10-16,2022/23,Ligue 1,Toulouse,Angers,Toulouse,H,1.94,Max market,0.5235655819176854,0.5156923260920842,0.5154639175257733,0.007873255825601277,0.0157172289203098,0.00024093627198817913,H,True,10.0,9.399999999999999,STRONG
2022-10-16,2022/23,Ligue 1,Rennes,Lyon,DRAW,D,3.82,Max market,0.26749272839527066,0.2644820720206214,0.2617801047120419,0.0030106563746492565,0.021822222469933816,-0.005864543258110866,H,False,10.0,-10.0,STANDARD
2022-10-16,2022/23,Premier League,Man United,Newcastle,DRAW,D,4.0,Max market,0.25793413344944344,0.2547370624978191,0.25,0.003197070951624359,0.03173653379777375,0.007407758767075501,D,True,10.0,30.0,STANDARD
2022-10-18,2022/23,Premier League,Crystal Palace,Wolves,DRAW,D,3.38,Max market,0.3042225459549814,0.301661089092702,0.2958579881656805,0.0025614568622793765,0.02827220532783703,-0.010126334912300139,H,False,10.0,-10.0,STANDARD
2022-10-19,2022/23,Premier League,Man United,Tottenham,DRAW,D,3.75,Max market,0.2732003579552938,0.2698767895176728,0.26666666666666666,0.003323568437620994,0.024501342332351683,0.0051708617366311715,H,False,10.0,-10.0,STANDARD
2022-10-19,2022/23,La Liga,Valladolid,Celta,DRAW,D,3.44,Max market,0.29556937676206607,0.29229316971208946,0.29069767441860467,0.0032762070499766094,0.01675865606150717,0.0064877477708222275,H,False,10.0,-10.0,STANDARD
2022-10-20,2022/23,Premier League,Fulham,Aston Villa,DRAW,D,3.58,Max market,0.28458043022396223,0.28168618924037314,0.27932960893854747,0.0028942409835890914,0.018797940201784824,-0.0002461333158711998,H,False,10.0,-10.0,STANDARD
2022-10-20,2022/23,La Liga,Osasuna,Espanol,DRAW,D,3.6,Max market,0.28391101610569025,0.2808427013933184,0.2777777777777778,0.0030683147123718446,0.022079657980484946,0.014493596024144462,H,False,10.0,-10.0,STANDARD
2022-10-22,2022/23,Premier League,Chelsea,Man United,DRAW,D,3.68,Max market,0.2775296762605638,0.27449571947930107,0.2717391304347826,0.0030339567812627255,0.021309208638874866,-0.004444913496704561,D,True,10.0,26.8,STANDARD
2022-10-22,2022/23,Bundesliga,M'gladbach,Ein Frankfurt,DRAW,D,3.97,Max market,0.2574357761215784,0.254293893129771,0.2518891687657431,0.0031418829918073987,0.02202003120266638,0.0072040849287782205,A,False,10.0,-10.0,STANDARD
2022-10-22,2022/23,Serie A,Salernitana,Spezia,DRAW,D,3.66,Max market,0.2775246114072259,0.2742623571699097,0.27322404371584696,0.0032622542373161867,0.015740077750446835,0.010913278830626816,H,False,10.0,-10.0,STANDARD
2022-10-23,2022/23,Ligue 1,Troyes,Lorient,Troyes,H,2.5,Max market,0.4055528173462967,0.40168324407039024,0.4,0.0038695732759064794,0.013882043365741836,-0.021254034955162038,D,False,10.0,-10.0,STANDARD
2022-10-23,2022/23,Ligue 1,Lille,Monaco,DRAW,D,3.88,Max market,0.2645246988315635,0.2615938661710037,0.2577319587628866,0.002930832660559768,0.02635583146646625,0.004566820675206695,H,False,10.0,-10.0,STANDARD
2022-10-23,2022/23,Premier League,Tottenham,Newcastle,DRAW,D,3.76,Max market,0.27095334836003604,0.2683063428045662,0.26595744680851063,0.002647005555469817,0.018784589833735543,0.00995544186540287,A,False,10.0,-10.0,STANDARD
2022-10-23,2022/23,Serie A,Atalanta,Lazio,DRAW,D,3.98,Max market,0.2629827284263259,0.25989982043285137,0.25125628140703515,0.0030829079934745485,0.046671259136777055,0.008365618114806295,A,False,10.0,-10.0,STANDARD
2022-10-23,2022/23,Serie A,Roma,Napoli,DRAW,D,3.75,Max market,0.2746710313424,0.2718444707250722,0.26666666666666666,0.0028265606173278335,0.030016367533999944,0.0057953884054630644,A,False,10.0,-10.0,STANDARD
2022-10-23,2022/23,Ligue 1,Toulouse,Strasbourg,DRAW,D,3.74,Max market,0.2703269266858281,0.26727666746929934,0.267379679144385,0.003050259216528739,0.011022705804997202,0.0029319226078379224,D,True,10.0,27.400000000000002,STANDARD
2022-10-23,2022/23,Serie A,Bologna,Lecce,DRAW,D,3.4,Max market,0.30171262018147865,0.298285417583782,0.29411764705882354,0.0034272025976966325,0.025822908617027407,0.00608441538399257,H,False,10.0,-10.0,STANDARD
2022-10-23,2022/23,La Liga,Girona,Osasuna,DRAW,D,3.4,Max market,0.30426252960715794,0.30015065476880287,0.29411764705882354,0.004111874838355067,0.0344926006643369,-0.00039713141672048646,D,True,10.0,24.0,STANDARD
2022-10-23,2022/23,La Liga,Betis,Ath Madrid,DRAW,D,3.48,Max market,0.29150188626729073,0.28873370866900994,0.28735632183908044,0.0027681775982807966,0.014426564210171744,0.016935218410951858,A,False,10.0,-10.0,STANDARD
2022-10-24,2022/23,Serie A,Cremonese,Sampdoria,DRAW,D,3.48,Max market,0.29164173514550384,0.2877683577733542,0.28735632183908044,0.0038733773721496556,0.014913238306353271,0.0007273788551625526,A,False,10.0,-10.0,STANDARD
2022-10-28,2022/23,La Liga,Mallorca,Espanol,DRAW,D,3.3,Max market,0.31384936020540677,0.310399764889676,0.30303030303030304,0.003449595315730747,0.035702888677842326,0.006867014093985768,D,True,10.0,23.0,STANDARD
2022-10-29,2022/23,Premier League,Fulham,Everton,DRAW,D,3.62,Max market,0.2834851733215118,0.28006076513040146,0.27624309392265195,0.0034244081911103397,0.0262163274238727,1.155276447933895e-05,D,True,10.0,26.200000000000003,STANDARD
2022-10-29,2022/23,Ligue 1,Paris SG,Troyes,Troyes,A,31.0,Max market,0.04042725877762404,0.03768608025207016,0.03225806451612903,0.002741178525553882,0.25324502210634536,0.0015271334846082701,H,False,10.0,-10.0,STANDARD
2022-10-29,2022/23,Ligue 1,Strasbourg,Marseille,DRAW,D,3.7,Max market,0.2781670874351372,0.2745152442408003,0.27027027027027023,0.003651843194336868,0.02921822351000758,-0.00041726460357000006,D,True,10.0,27.0,STANDARD
2022-10-29,2022/23,Bundesliga,Ein Frankfurt,Dortmund,DRAW,D,3.9,Max market,0.26389622142509345,0.26074147390072183,0.25641025641025644,0.003154747524371615,0.029195263557864504,-0.00018938129163909023,A,False,10.0,-10.0,STANDARD
2022-10-30,2022/23,Ligue 1,Auxerre,Ajaccio,DRAW,D,3.28,Max market,0.30861970357343543,0.30566549354376477,0.3048780487804878,0.0029542100296706675,0.012272627720868234,0.00810110887714438,H,False,10.0,-10.0,STANDARD
2022-10-30,2022/23,Ligue 1,Lyon,Lille,DRAW,D,4.05,Max market,0.25564632927844066,0.25309287173641487,0.2469135802469136,0.0025534575420257943,0.03536763357768469,0.0012954228396990786,H,False,10.0,-10.0,STANDARD
2022-10-30,2022/23,Serie A,Torino,Milan,DRAW,D,3.52,Max market,0.289468013342497,0.2866881992020296,0.2840909090909091,0.002779814140467407,0.018927406965589366,0.0022675775981556567,H,False,10.0,-10.0,STANDARD
2022-10-31,2022/23,Serie A,Monza,Bologna,DRAW,D,3.6,Max market,0.28887669586002646,0.2854686156491832,0.2777777777777778,0.0034080802108432673,0.03995610509609526,0.011793016752100483,A,False,10.0,-10.0,STANDARD
2022-11-04,2022/23,Bundesliga,M'gladbach,Stuttgart,DRAW,D,3.96,Max market,0.25811447239535484,0.2554760857081062,0.25252525252525254,0.0026383866872486395,0.0221333106856052,0.0022074845001059384,H,False,10.0,-10.0,STANDARD
2022-11-05,2022/23,Serie A,Empoli,Sassuolo,DRAW,D,3.8,Max market,0.27856308259095897,0.27519658583167295,0.2631578947368421,0.0033664967592860195,0.05853971384564405,-0.006305141190664831,H,False,10.0,-10.0,STANDARD
2022-11-05,2022/23,Premier League,Everton,Leicester,DRAW,D,3.5,Max market,0.2916508922561774,0.28823591586513053,0.2857142857142857,0.0034149763910468756,0.020778122896620843,-0.00031393890454251006,A,False,10.0,-10.0,STANDARD
2022-11-05,2022/23,Premier League,Nott'm Forest,Brentford,DRAW,D,3.54,Max market,0.2865346805716861,0.28342222834537184,0.2824858757062147,0.003112452226314233,0.014332769223768693,0.01648396191028939,D,True,10.0,25.4,STANDARD
2022-11-05,2022/23,Ligue 1,Ajaccio,Strasbourg,DRAW,D,3.32,Max market,0.3052756496850644,0.30166106546173765,0.30120481927710846,0.0036145842233267222,0.013515156954413632,0.012709038557782104,H,False,10.0,-10.0,STANDARD
2022-11-05,2022/23,Serie A,Salernitana,Cremonese,DRAW,D,3.64,Max market,0.2840144518194033,0.2798673439844182,0.2747252747252747,0.00414710783498512,0.03381260462262814,-0.00035283339767089306,D,True,10.0,26.400000000000002,STANDARD
2022-11-06,2022/23,Serie A,Monza,Verona,DRAW,D,3.66,Max market,0.28048210491955816,0.2772126916654016,0.27322404371584696,0.0032694132541565835,0.026564504005582856,0.001127107212230194,H,False,10.0,-10.0,STANDARD
2022-11-06,2022/23,Ligue 1,Lille,Rennes,DRAW,D,3.82,Max market,0.26851759258652486,0.2657416290333903,0.2617801047120419,0.0027759635531345306,0.02573720368052501,0.007255403607559163,D,True,10.0,28.2,STANDARD
2022-11-06,2022/23,Bundesliga,Leverkusen,Union Berlin,DRAW,D,3.65,Max market,0.2785445888000164,0.27524082872701355,0.273972602739726,0.0033037600730028704,0.01668774912005988,0.025308683440755875,H,False,10.0,-10.0,STANDARD
2022-11-06,2022/23,Ligue 1,Clermont,Montpellier,DRAW,D,3.76,Max market,0.2725620884970024,0.2694106641721235,0.26595744680851063,0.0031514243248789153,0.024833452748729057,0.008421082476409603,D,True,10.0,27.599999999999998,STANDARD
2022-11-06,2022/23,Serie A,Juventus,Inter,DRAW,D,3.54,Max market,0.2887838963365949,0.285711486075999,0.2824858757062147,0.0030724102605959036,0.022294993031545918,0.005362024115106223,H,False,10.0,-10.0,STANDARD
2022-11-06,2022/23,Serie A,Bologna,Torino,DRAW,D,3.38,Max market,0.3090609111983517,0.3055075563785252,0.2958579881656805,0.003553354819826493,0.04462587985042887,0.0011910831674277755,H,False,10.0,-10.0,STANDARD
2022-11-08,2022/23,Bundesliga,Stuttgart,Hertha,DRAW,D,3.93,Max market,0.26123713595866443,0.2584531675087447,0.2544529262086514,0.002783968449919738,0.02666194431755131,0.0057262031218983656,H,False,10.0,-10.0,STANDARD
2022-11-08,2022/23,Bundesliga,Wolfsburg,Dortmund,DRAW,D,3.8,Max market,0.2704801871035805,0.26772355370012035,0.2631578947368421,0.0027566334034601625,0.02782471099360584,-0.0035559404223214908,H,False,10.0,-10.0,STANDARD
2022-11-09,2022/23,La Liga,Espanol,Villarreal,DRAW,D,3.46,Max market,0.29354587560123313,0.290447655974621,0.28901734104046245,0.0030982196266121087,0.01566872958026666,-0.007134007108525631,A,False,10.0,-10.0,STANDARD
2022-11-09,2022/23,La Liga,Mallorca,Ath Madrid,DRAW,D,3.38,Max market,0.30223130858377745,0.2992320553985469,0.2958579881656805,0.0029992531852305326,0.02154182301316765,0.024161021896374424,H,False,10.0,-10.0,STANDARD
2022-11-09,2022/23,La Liga,Sevilla,Sociedad,DRAW,D,3.32,Max market,0.30460650310803467,0.3009199416137359,0.30120481927710846,0.0036865614942987457,0.01129359031867505,-0.0047114108080487105,A,False,10.0,-10.0,STANDARD
2022-11-09,2022/23,La Liga,Almeria,Getafe,DRAW,D,3.38,Max market,0.3015636941274904,0.29761417859577366,0.2958579881656805,0.003949515531716741,0.019285286150917624,0.005000219042468612,H,False,10.0,-10.0,STANDARD
2022-11-10,2022/23,La Liga,Valencia,Betis,DRAW,D,3.54,Max market,0.2877167337740502,0.28442603612341727,0.2824858757062147,0.0032906976506329455,0.018517237560137678,0.0049236658938413,H,False,10.0,-10.0,STANDARD
2022-11-10,2022/23,La Liga,Vallecano,Celta,DRAW,D,3.48,Max market,0.2935686125365556,0.2902667401054371,0.28735632183908044,0.0033018724311184577,0.021618771627213373,0.014858614078415655,D,True,10.0,24.8,STANDARD
2022-11-11,2022/23,Serie A,Empoli,Cremonese,DRAW,D,3.58,Max market,0.29157609925087447,0.28754813863928114,0.27932960893854747,0.004027960611593329,0.04384243531813059,0.00591332014225221,H,False,10.0,-10.0,STANDARD
2022-11-12,2022/23,Premier League,Newcastle,Chelsea,DRAW,D,3.6,Max market,0.28292540875190686,0.27913435722017416,0.2777777777777778,0.003791051531732703,0.01853147150686474,0.005710258141598146,H,False,10.0,-10.0,STANDARD
2022-11-12,2022/23,Premier League,Nott'm Forest,Crystal Palace,DRAW,D,3.42,Max market,0.29963365437346706,0.2965779467680608,0.29239766081871343,0.0030557076054062438,0.02474709795725727,0.005439210662961602,H,False,10.0,-10.0,STANDARD
2022-11-12,2022/23,Bundesliga,Hertha,FC Koln,DRAW,D,3.86,Max market,0.2662811099100335,0.26345106687735176,0.2590673575129534,0.0028300430326817505,0.027845084252729357,0.015406071493230311,H,False,10.0,-10.0,STANDARD
2022-11-12,2022/23,Serie A,Bologna,Sassuolo,DRAW,D,3.7,Max market,0.27675802073318806,0.2733347821362599,0.27027027027027023,0.0034232385969281687,0.024004676712795936,0.007796552157310843,H,False,10.0,-10.0,STANDARD
2022-11-12,2022/23,Premier League,West Ham,Leicester,DRAW,D,3.68,Max market,0.2766510626680066,0.2736407973552421,0.2717391304347826,0.003010265312764493,0.018075910618264412,0.0003960850059798182,A,False,10.0,-10.0,STANDARD
2022-11-12,2022/23,Bundesliga,Hoffenheim,Wolfsburg,DRAW,D,3.9,Max market,0.2624960118448093,0.25877744771461514,0.25641025641025644,0.0037185641301941685,0.023734446194756176,0.00567650190794089,A,False,10.0,-10.0,STANDARD
2022-11-13,2022/23,Ligue 1,Brest,Troyes,DRAW,D,3.9,Max market,0.2644596279299676,0.2614249962220756,0.25641025641025644,0.003034631707891977,0.0313925489268736,0.005019387569962064,H,False,10.0,-10.0,STANDARD
2022-11-13,2022/23,Ligue 1,Paris SG,Auxerre,Auxerre,A,26.0,Max market,0.04617771446765328,0.04361503116504933,0.038461538461538464,0.002562683302603952,0.2006205761589852,0.006041254454167526,H,False,10.0,-10.0,STANDARD
2022-11-13,2022/23,Ligue 1,Monaco,Marseille,DRAW,D,3.8,Max market,0.2670970890369445,0.2639119224063615,0.2631578947368421,0.0031851666305829918,0.014968938340389037,0.007040867093271619,A,False,10.0,-10.0,STANDARD
2022-11-13,2022/23,Serie A,Verona,Spezia,DRAW,D,3.7,Max market,0.2787767337173243,0.2754558974606224,0.27027027027027023,0.003320836256701931,0.031473914754099885,-0.010677069832082664,A,False,10.0,-10.0,STANDARD
2022-11-13,2022/23,Ligue 1,Montpellier,Reims,DRAW,D,3.66,Max market,0.2763259308538699,0.2731872639305708,0.27322404371584696,0.003138666923299116,0.011352906925163886,0.01637849527188323,D,True,10.0,26.6,STANDARD
2022-11-13,2022/23,Ligue 1,Strasbourg,Lorient,DRAW,D,3.8,Max market,0.27305498586437205,0.2691879360894566,0.2631578947368421,0.003867049774915421,0.03760894628461364,0.013748955499350402,D,True,10.0,28.0,STANDARD
2022-11-13,2022/23,Serie A,Monza,Salernitana,DRAW,D,3.68,Max market,0.28478837251474476,0.2818354240841181,0.2717391304347826,0.0029529484306266562,0.04802121085426081,-0.0009896432613281103,H,False,10.0,-10.0,STANDARD
2022-12-26,2022/23,Premier League,Everton,Wolves,DRAW,D,3.44,Max market,0.2990607476243949,0.29532804530380313,0.29069767441860467,0.003732702320591752,0.028768971827918488,0.004050321873983853,A,False,10.0,-10.0,STANDARD
2022-12-28,2022/23,Ligue 1,Troyes,Nantes,DRAW,D,3.74,Max market,0.27232373841139756,0.26880295578021846,0.267379679144385,0.003520782631179109,0.018490781658627053,0.008766180443748772,D,True,10.0,27.400000000000002,STANDARD
2022-12-29,2022/23,Ligue 1,Reims,Rennes,DRAW,D,3.67,Max market,0.2807218595414136,0.2779066927210552,0.2724795640326976,0.0028151668203583724,0.03024922451698786,0.002290001341185066,H,False,10.0,-10.0,STANDARD
2022-12-29,2022/23,La Liga,Girona,Vallecano,DRAW,D,3.46,Max market,0.29546382368373536,0.2916592179205173,0.28901734104046245,0.0038046057632180608,0.022304829945724247,-0.014170981957590034,D,True,10.0,24.6,STANDARD
2022-12-29,2022/23,La Liga,Betis,Ath Bilbao,DRAW,D,3.52,Max market,0.2869498595490371,0.2842696629213483,0.2840909090909091,0.0026801966276888134,0.010063505612610602,0.00552760277886899,D,True,10.0,25.2,STANDARD
2022-12-31,2022/23,Premier League,Man City,Everton,Everton,A,25.0,Max market,0.047654764840008905,0.04470936453341312,0.04,0.0029454003065957843,0.19136912100022263,0.006689440462731171,D,False,10.0,-10.0,STANDARD
2022-12-31,2022/23,La Liga,Villarreal,Valencia,DRAW,D,3.6,Max market,0.2815899756569869,0.27818038067552125,0.2777777777777778,0.0034095949814656468,0.013723912365152913,0.0013614156158292534,H,False,10.0,-10.0,STANDARD
2023-01-01,2022/23,Ligue 1,Toulouse,Ajaccio,DRAW,D,3.63,Max market,0.28644513383337256,0.2832139470999419,0.27548209366391185,0.0032311867334306466,0.039795835815142455,0.0016259424275642531,H,False,10.0,-10.0,STANDARD
2023-01-01,2022/23,Ligue 1,Angers,Lorient,DRAW,D,3.74,Max market,0.2780990714689876,0.2746536975118329,0.267379679144385,0.003445373957154718,0.040090527294013745,0.009553140271979732,A,False,10.0,-10.0,STANDARD
2023-01-01,2022/23,Ligue 1,Lens,Paris SG,DRAW,D,3.76,Max market,0.2719636522392573,0.26915393811613636,0.26595744680851063,0.002809714123120921,0.022583332419607416,0.0016839925066953754,H,False,10.0,-10.0,STANDARD
2023-01-01,2022/23,Ligue 1,Nantes,Auxerre,Nantes,H,2.05,Max market,0.5018259924688887,0.4978061672210772,0.48780487804878053,0.004019825247811526,0.02874328456122166,0.010479022071908983,H,True,10.0,10.499999999999998,STANDARD
2023-01-03,2022/23,Premier League,Leicester,Fulham,DRAW,D,3.78,Max market,0.2682897309010045,0.26479286049788636,0.2645502645502646,0.0034968704031181352,0.014135182805796953,0.0037700651588411516,A,False,10.0,-10.0,STANDARD
2023-01-04,2022/23,Serie A,Lecce,Lazio,DRAW,D,3.44,Max market,0.2964760443436302,0.2935253717410149,0.29069767441860467,0.0029506726026152785,0.019877592542087763,-0.0032027910958535855,H,False,10.0,-10.0,STANDARD
2023-01-04,2022/23,Premier League,Aston Villa,Wolves,DRAW,D,3.76,Max market,0.27243889131910454,0.2689010323497597,0.26595744680851063,0.0035378589693448315,0.024370231359833072,0.007529706077332721,D,True,10.0,27.599999999999998,STANDARD
2023-01-04,2022/23,Serie A,Inter,Napoli,DRAW,D,3.7,Max market,0.2811490438830077,0.2779154789936795,0.27027027027027023,0.0032335648893281888,0.04025146236712862,0.0028276646217731405,H,False,10.0,-10.0,STANDARD
2023-01-04,2022/23,Premier League,Leeds,West Ham,DRAW,D,3.7,Max market,0.27597138800372784,0.27234499909780574,0.27027027027027023,0.0036263889059220955,0.02109413561379303,0.011656706218792556,D,True,10.0,27.0,STANDARD
2023-01-08,2022/23,La Liga,Ath Madrid,Barcelona,DRAW,D,3.68,Max market,0.28031055958717327,0.27769234318052505,0.2717391304347826,0.0026182164066482216,0.031542859280797586,0.021584827358023917,A,False,10.0,-10.0,STANDARD
2023-01-08,2022/23,Serie A,Spezia,Lecce,DRAW,D,3.23,Max market,0.3142939539484509,0.31059370052160773,0.30959752321981426,0.0037002534268431586,0.015169471253496436,-0.005949514000271494,D,True,10.0,22.3,STANDARD
2023-01-11,2022/23,Ligue 1,Auxerre,Toulouse,DRAW,D,3.62,Max market,0.2846279698164303,0.2814432989690722,0.27624309392265195,0.003184670847358073,0.030353250735477788,0.004045703550157154,A,False,10.0,-10.0,STANDARD
2023-01-11,2022/23,Ligue 1,Ajaccio,Reims,DRAW,D,3.34,Max market,0.30285465225413283,0.2997749365892772,0.29940119760479045,0.0030797156648556534,0.011534538528803706,0.008700251003342985,A,False,10.0,-10.0,STANDARD
2023-01-14,2022/23,La Liga,Osasuna,Mallorca,DRAW,D,3.3,Max market,0.31007267365447244,0.3071577828935718,0.30303030303030304,0.0029148907609006236,0.023239823059759024,0.01491530405877467,H,False,10.0,-10.0,STANDARD
2023-01-14,2022/23,Premier League,Wolves,West Ham,DRAW,D,3.41,Max market,0.29747664447618893,0.294100172301111,0.29325513196480935,0.003376472175077916,0.014395357663804287,0.008055233184299238,H,False,10.0,-10.0,STANDARD
2023-01-14,2022/23,Premier League,Everton,Southampton,DRAW,D,3.55,Max market,0.2871191923087736,0.2834667182750652,0.28169014084507044,0.003652474033708386,0.019273132696146167,0.014679725789612075,A,False,10.0,-10.0,STANDARD
2023-01-14,2022/23,Serie A,Cremonese,Monza,DRAW,D,3.5,Max market,0.291758409872918,0.28835680602086344,0.2857142857142857,0.003401603852054569,0.021154434555213042,0.020047396080187074,A,False,10.0,-10.0,STANDARD
2023-01-14,2022/23,Premier League,Nott'm Forest,Leicester,DRAW,D,3.55,Max market,0.2861944554009663,0.28304405874499333,0.28169014084507044,0.0031503966559729424,0.015990316673430316,0.021547206652543005,H,False,10.0,-10.0,STANDARD
2023-01-15,2022/23,Ligue 1,Montpellier,Nantes,DRAW,D,3.68,Max market,0.278645098863001,0.27498820516276873,0.2717391304347826,0.0036568937002322555,0.02541396381584371,0.01622049890219457,A,False,10.0,-10.0,STANDARD
2023-01-15,2022/23,Ligue 1,Reims,Nice,DRAW,D,3.46,Max market,0.2928325151476022,0.2888243252411492,0.28901734104046245,0.004008189906453019,0.013200502410703585,0.007720182395121455,D,True,10.0,24.6,STANDARD
2023-01-15,2022/23,La Liga,Getafe,Espanol,DRAW,D,3.14,Max market,0.3218378140065036,0.3173837607245754,0.3184713375796178,0.004454053281928161,0.010570735980421242,0.013749834283790952,A,False,10.0,-10.0,STANDARD
2023-01-16,2022/23,La Liga,Cadiz,Elche,DRAW,D,3.56,Max market,0.2860256947596274,0.28327433628318577,0.2808988764044944,0.0027513584764416454,0.018251473344273572,0.004602877222255997,D,True,10.0,25.6,STANDARD
2023-01-20,2022/23,La Liga,Mallorca,Celta,DRAW,D,2.88,Max market,0.3534409106667912,0.3483857050406271,0.3472222222222222,0.005055205626164072,0.01790982272035846,-0.002157699753407405,H,False,10.0,-10.0,STRONG
2023-01-21,2022/23,Bundesliga,Union Berlin,Hoffenheim,DRAW,D,3.6,Max market,0.28324183804164543,0.28015374290769324,0.2777777777777778,0.0030880951339521956,0.01967061694992367,0.015780379583300086,H,False,10.0,-10.0,STANDARD
2023-01-21,2022/23,Premier League,Bournemouth,Nott'm Forest,DRAW,D,3.35,Max market,0.3067703039317347,0.3026315789473684,0.29850746268656714,0.004138724984366293,0.02768051817131134,-0.0002771602391987149,D,True,10.0,23.5,STANDARD
2023-01-21,2022/23,Serie A,Verona,Lecce,DRAW,D,3.2,Max market,0.3173408024481229,0.3137736940026984,0.3125,0.003567108445424516,0.015490567833993385,0.001338724029777083,H,False,10.0,-10.0,STANDARD
2023-01-21,2022/23,Bundesliga,Wolfsburg,Freiburg,DRAW,D,3.6,Max market,0.28241673336198864,0.2791033530076604,0.2777777777777778,0.0033133803543282103,0.01670024010315907,0.0053922144669326655,H,False,10.0,-10.0,STANDARD
2023-01-21,2022/23,Bundesliga,Stuttgart,Mainz,DRAW,D,3.7,Max market,0.27491205524781587,0.2710343436850433,0.27027027027027023,0.0038777115627725567,0.01717460441691876,0.005945141457974701,D,True,10.0,27.0,STANDARD
2023-01-21,2022/23,Serie A,Fiorentina,Torino,DRAW,D,3.5,Max market,0.28893953414682383,0.2856532544774372,0.2857142857142857,0.0032862796693866048,0.011288369513883456,-0.0046484158048979984,A,False,10.0,-10.0,STANDARD
2023-01-22,2022/23,La Liga,Barcelona,Getafe,Getafe,A,21.0,Max market,0.0573257378061346,0.05444980166936416,0.047619047619047616,0.002875936136770438,0.20384049392882653,0.013723232858067806,H,False,10.0,-10.0,STANDARD
2023-01-22,2022/23,Bundesliga,M'gladbach,Leverkusen,DRAW,D,4.1,Max market,0.25008181419120773,0.247491409719289,0.24390243902439027,0.002590404471918717,0.025335438183951675,0.01190587329030035,A,False,10.0,-10.0,STANDARD
2023-01-22,2022/23,Premier League,Leeds,Brentford,DRAW,D,3.9,Max market,0.2652280150742222,0.2623354729948778,0.25641025641025644,0.002892542079344418,0.03438925878946675,0.008599616114337738,D,True,10.0,29.0,STANDARD
2023-01-22,2022/23,Serie A,Juventus,Atalanta,DRAW,D,3.6,Max market,0.2819952342721341,0.2781578917995826,0.2777777777777778,0.0038373424725514638,0.015182843379682787,0.0090049554930558,D,True,10.0,26.0,STANDARD
2023-01-22,2022/23,La Liga,Elche,Osasuna,DRAW,D,3.44,Max market,0.29399342749353147,0.29137631635824324,0.29069767441860467,0.0026171111352882304,0.011337390577748296,0.017564503549237998,D,True,10.0,24.4,STANDARD
2023-01-23,2022/23,Serie A,Bologna,Cremonese,DRAW,D,3.5,Max market,0.28907835675615917,0.2862858700838388,0.2857142857142857,0.002792486672320349,0.011774248646557073,-0.009911778074153554,D,True,10.0,25.0,STANDARD
2023-01-24,2022/23,Serie A,Lazio,Milan,DRAW,D,3.65,Max market,0.2798964929246109,0.2771501970043021,0.273972602739726,0.0027462959203087833,0.02162219917482977,0.01443496144766726,H,False,10.0,-10.0,STANDARD
2023-01-24,2022/23,Bundesliga,Hoffenheim,Stuttgart,DRAW,D,3.84,Max market,0.26801944854576915,0.2651951505902486,0.2604166666666667,0.002824297955520527,0.029194682415753404,-0.0028140662640271374,D,True,10.0,28.4,STANDARD
2023-01-25,2022/23,Bundesliga,Freiburg,Ein Frankfurt,DRAW,D,3.68,Max market,0.2761170774893583,0.27284655456540585,0.2717391304347826,0.003270522923952468,0.016110845160838716,0.006427441082272167,D,True,10.0,26.8,STANDARD
2023-01-25,2022/23,Bundesliga,Werder Bremen,Union Berlin,DRAW,D,3.44,Max market,0.2962536555828761,0.29228323929110706,0.29069767441860467,0.00397041629176903,0.019112575205093796,0.010780480323410835,A,False,10.0,-10.0,STANDARD
2023-01-27,2022/23,Bundesliga,RB Leipzig,Stuttgart,RB Leipzig,H,1.4,Max market,0.7218186097439756,0.7190519598906107,0.7142857142857143,0.002766649853364944,0.0105460536415658,0.0029139765802861373,H,True,10.0,3.999999999999999,STANDARD
2023-01-27,2022/23,Serie A,Bologna,Spezia,Bologna,H,1.98,Max market,0.5116420538296641,0.5077562064356743,0.5050505050505051,0.003885847393989783,0.013051266582734922,-0.0008099184965538742,H,True,10.0,9.8,STANDARD
2023-01-28,2022/23,Bundesliga,Hertha,Union Berlin,DRAW,D,3.46,Max market,0.29417862625571556,0.2912919842782278,0.28901734104046245,0.0028866419774877805,0.017858046844775766,0.010509366456665448,A,False,10.0,-10.0,STANDARD
2023-01-28,2022/23,Ligue 1,Marseille,Monaco,DRAW,D,3.88,Max market,0.26117489317133397,0.25812251187877233,0.2577319587628866,0.0030523812925616345,0.013358585504775755,0.0003706828484807967,D,True,10.0,28.799999999999997,STANDARD
2023-01-28,2022/23,Bundesliga,Hoffenheim,M'gladbach,DRAW,D,4.12,Max market,0.24682315027196758,0.2440659423165617,0.24271844660194175,0.002757207955405877,0.016911379120506442,0.007717003419872359,A,False,10.0,-10.0,STANDARD
2023-01-29,2022/23,Bundesliga,Leverkusen,Dortmund,DRAW,D,4.01,Max market,0.25475709605313895,0.2520555464494414,0.24937655860349128,0.0027015496036975617,0.02157595517308719,0.004349704075955696,A,False,10.0,-10.0,STANDARD
2023-01-29,2022/23,Ligue 1,Ajaccio,Lyon,Lyon,A,1.91,Max market,0.5395393901566561,0.5321840282067608,0.5235602094240838,0.007355361949895278,0.030520235199213097,-0.005450537078740547,A,True,10.0,9.1,STRONG
2023-01-29,2022/23,Ligue 1,Brest,Angers,DRAW,D,3.66,Max market,0.2766217223679113,0.2736705577172503,0.27322404371584696,0.002951164650661031,0.012435503866555564,0.017630970209264407,H,False,10.0,-10.0,STANDARD
2023-01-29,2022/23,Ligue 1,Auxerre,Montpellier,DRAW,D,3.6,Max market,0.2831415849865327,0.2798271301719252,0.2777777777777778,0.003314454814607515,0.01930970595151771,0.007919672444919312,A,False,10.0,-10.0,STANDARD
2023-01-29,2022/23,La Liga,Celta,Ath Bilbao,DRAW,D,3.2,Max market,0.3184260194458715,0.31433159373745484,0.3125,0.004094425708416671,0.01896326222678879,0.010195773223987292,H,False,10.0,-10.0,STANDARD
2023-01-29,2022/23,Ligue 1,Nice,Lille,DRAW,D,3.48,Max market,0.2905744827984241,0.28762171673341347,0.28735632183908044,0.002952766065010659,0.011199200138515941,0.007206931889613466,H,False,10.0,-10.0,STANDARD
2023-02-01,2022/23,Ligue 1,Angers,Ajaccio,DRAW,D,3.36,Max market,0.30337018310467034,0.2999910863423387,0.2976190476190476,0.003379096762331668,0.019323815231692354,0.009341044533731802,A,False,10.0,-10.0,STANDARD
2023-02-04,2022/23,Serie A,Cremonese,Lecce,DRAW,D,3.3,Max market,0.3126063318957788,0.308581735027457,0.30303030303030304,0.004024596868321795,0.031600895256070016,0.0102391706256022,A,False,10.0,-10.0,STANDARD
2023-02-04,2022/23,Ligue 1,Rennes,Lille,DRAW,D,3.6,Max market,0.2837323168992154,0.2800891530460624,0.2777777777777778,0.0036431638531529975,0.021436340837175605,0.010163922249714463,A,False,10.0,-10.0,STANDARD
2023-02-04,2022/23,Bundesliga,Union Berlin,Mainz,DRAW,D,3.58,Max market,0.2842372690175445,0.2813786792740582,0.27932960893854747,0.002858589743486295,0.017569423082809177,0.0027544336765497612,H,False,10.0,-10.0,STANDARD
2023-02-04,2022/23,Bundesliga,Bochum,Hoffenheim,DRAW,D,3.76,Max market,0.27062182353019265,0.2679507667067787,0.26595744680851063,0.002671056823413953,0.017538056473524355,0.013054674298978164,H,False,10.0,-10.0,STANDARD
2023-02-04,2022/23,La Liga,Espanol,Osasuna,DRAW,D,3.22,Max market,0.3182802822070419,0.3136004236217251,0.3105590062111801,0.004679858585316832,0.024862508706674946,0.0016708293546569553,D,True,10.0,22.200000000000003,STANDARD
2023-02-05,2022/23,Premier League,Nott'm Forest,Leeds,DRAW,D,3.6,Max market,0.2836475768490982,0.28051080380632737,0.2777777777777778,0.003136773042770824,0.021131276656753517,0.0026646677217253,H,False,10.0,-10.0,STANDARD
2023-02-05,2022/23,Ligue 1,Ajaccio,Nantes,DRAW,D,3.24,Max market,0.31432716567352853,0.31054232174691654,0.30864197530864196,0.0037848439266119915,0.018420016782232596,0.016635777220228687,A,False,10.0,-10.0,STANDARD
2023-02-10,2022/23,La Liga,Cadiz,Girona,DRAW,D,3.32,Max market,0.30516828563319753,0.3020038845989862,0.30120481927710846,0.0031644010342113393,0.013158708302215771,0.009414210733488304,H,False,10.0,-10.0,STANDARD
2023-02-11,2022/23,Serie A,Lazio,Atalanta,DRAW,D,3.62,Max market,0.2822580440368288,0.2793160817640029,0.27624309392265195,0.002941962272825893,0.021774119413320303,0.011219454132741502,A,False,10.0,-10.0,STANDARD
2023-02-11,2022/23,Premier League,Fulham,Nott'm Forest,DRAW,D,3.7,Max market,0.2738520499404135,0.2711378026938672,0.27027027027027023,0.0027142472465462864,0.013252584779529952,0.0038058755669441724,H,False,10.0,-10.0,STANDARD
2023-02-11,2022/23,Premier League,Southampton,Wolves,DRAW,D,3.3,Max market,0.30653377218102634,0.30289505997921984,0.30303030303030304,0.0036387122018065043,0.011561448197386914,0.0011545563749849053,A,False,10.0,-10.0,STANDARD
2023-02-11,2022/23,La Liga,Almeria,Betis,DRAW,D,3.5,Max market,0.28877578750025445,0.28555036342701584,0.2857142857142857,0.003225424073238614,0.010715256250890537,0.002658623582283526,A,False,10.0,-10.0,STANDARD
2023-02-11,2022/23,Ligue 1,Monaco,Paris SG,DRAW,D,3.76,Max market,0.271707113911095,0.2686176690104883,0.26595744680851063,0.003089444900606697,0.021618748305717084,0.01141888806307112,H,False,10.0,-10.0,STANDARD
2023-02-12,2022/23,Ligue 1,Lyon,Lens,DRAW,D,3.64,Max market,0.27892846428089435,0.275432602226386,0.2747252747252747,0.0034958620545083585,0.015299609982455387,0.015008868809588682,H,False,10.0,-10.0,STANDARD
2023-02-12,2022/23,Bundesliga,FC Koln,Ein Frankfurt,DRAW,D,3.76,Max market,0.2722731849393905,0.26920821114369503,0.26595744680851063,0.0030649737956954803,0.023747175372108353,0.008895626328088269,H,False,10.0,-10.0,STANDARD
2023-02-12,2022/23,Serie A,Udinese,Sassuolo,DRAW,D,3.74,Max market,0.2753597728020949,0.2723896446191882,0.267379679144385,0.002970128182906706,0.02984555027983493,0.0025496074295839888,D,True,10.0,27.400000000000002,STANDARD
2023-02-12,2022/23,Serie A,Bologna,Monza,DRAW,D,3.48,Max market,0.291772000679308,0.28895837076053343,0.28735632183908044,0.0028136299187745406,0.01536656236399181,0.012001358110203808,A,False,10.0,-10.0,STANDARD
2023-02-12,2022/23,Ligue 1,Montpellier,Brest,DRAW,D,3.58,Max market,0.28796146550882357,0.2838502269288956,0.27932960893854747,0.004111238579927956,0.030902046521588344,0.005622221044045639,H,False,10.0,-10.0,STANDARD
2023-02-15,2022/23,Premier League,Arsenal,Man City,DRAW,D,3.65,Max market,0.27695669291225616,0.27409534927770973,0.273972602739726,0.0028613436345464316,0.010891929129734912,0.0068243515992266746,A,False,10.0,-10.0,STANDARD
2023-02-17,2022/23,Bundesliga,Augsburg,Hoffenheim,DRAW,D,3.76,Max market,0.2713107878003718,0.26821006400971825,0.26595744680851063,0.00310072379065357,0.020128562129398064,-0.0017875595290823831,H,False,10.0,-10.0,STANDARD
2023-02-18,2022/23,Premier League,Brentford,Crystal Palace,DRAW,D,3.7,Max market,0.2746710519426849,0.2721482671563002,0.27027027027027023,0.0025227847863846797,0.016282892187934106,-0.002397397532547474,D,True,10.0,27.0,STANDARD
2023-02-18,2022/23,La Liga,Mallorca,Villarreal,DRAW,D,3.08,Max market,0.3293449852632058,0.32567742546740774,0.3246753246753247,0.003667559795798081,0.014382554610673948,0.004816652487378059,H,False,10.0,-10.0,STANDARD
2023-02-18,2022/23,Premier League,Newcastle,Liverpool,DRAW,D,3.65,Max market,0.27801927629650447,0.2745651827650375,0.273972602739726,0.003454093531466973,0.014770358482241397,0.002478688533394502,A,False,10.0,-10.0,STANDARD
2023-02-19,2022/23,La Liga,Ath Madrid,Ath Bilbao,DRAW,D,3.42,Max market,0.29614970375858424,0.293029821144603,0.29239766081871343,0.0031198826139812175,0.012831986854358046,-0.004410702300033487,H,False,10.0,-10.0,STANDARD
2023-02-19,2022/23,Ligue 1,Troyes,Montpellier,DRAW,D,3.62,Max market,0.29067067261844687,0.287208347519577,0.27624309392265195,0.003462325098869845,0.05222783487877769,0.0027298713254314544,A,False,10.0,-10.0,STANDARD
2023-02-24,2022/23,Premier League,Fulham,Wolves,DRAW,D,3.38,Max market,0.30239683567364184,0.2993071158106431,0.2958579881656805,0.003089719862998719,0.022101304576909397,0.003467979568419377,D,True,10.0,23.799999999999997,STANDARD
2023-02-26,2022/23,Ligue 1,Marseille,Paris SG,DRAW,D,3.98,Max market,0.2617638304171102,0.25913379173481965,0.25125628140703515,0.0026300386822905586,0.04182004506009873,0.007669286762239935,A,False,10.0,-10.0,STANDARD
2023-02-26,2022/23,Serie A,Milan,Atalanta,DRAW,D,3.55,Max market,0.2863835682442434,0.2831511137322506,0.28169014084507044,0.0032324545119927772,0.016661667267063862,0.005632728124216946,H,False,10.0,-10.0,STANDARD
2023-02-26,2022/23,Ligue 1,Clermont,Strasbourg,DRAW,D,3.35,Max market,0.303244766157026,0.29994848597047596,0.29850746268656714,0.003296280186550038,0.015869966626037124,0.024867347264117545,D,True,10.0,23.5,STANDARD
2023-03-04,2022/23,Premier League,Southampton,Leicester,DRAW,D,3.5,Max market,0.2935141744362983,0.2899614986578059,0.2857142857142857,0.003552675778492387,0.027299610527043994,-0.0007050386839227429,H,False,10.0,-10.0,STANDARD
2023-03-04,2022/23,Premier League,Aston Villa,Crystal Palace,DRAW,D,3.5,Max market,0.2927202314114815,0.28905620177358055,0.2857142857142857,0.0036640296379009674,0.02452080994018524,0.001519646974518285,H,False,10.0,-10.0,STANDARD
2023-03-04,2022/23,Serie A,Monza,Empoli,DRAW,D,3.4,Max market,0.29967378005855366,0.29591970898891173,0.29411764705882354,0.003754071069641929,0.018890852199082486,-0.017699568473689253,H,False,10.0,-10.0,STANDARD
2023-03-05,2022/23,Bundesliga,Wolfsburg,Ein Frankfurt,DRAW,D,3.7,Max market,0.27587740392162485,0.2723674911660777,0.27027027027027023,0.0035099127555471288,0.020746394510011923,0.0019360015327121727,D,True,10.0,27.0,STANDARD
2023-03-05,2022/23,La Liga,Vallecano,Ath Bilbao,DRAW,D,3.28,Max market,0.30951681587309776,0.3061137578456774,0.3048780487804878,0.003403058027420358,0.01521515606376056,0.011008370328445927,D,True,10.0,22.799999999999997,STANDARD
2023-03-05,2022/23,Premier League,Nott'm Forest,Everton,DRAW,D,3.26,Max market,0.31522320176121094,0.31210516240188885,0.3067484662576687,0.003118039359322089,0.02762763774154764,0.0050330759136726355,D,True,10.0,22.599999999999998,STANDARD
2023-03-05,2022/23,Premier League,Liverpool,Man United,DRAW,D,3.92,Max market,0.26480616072371255,0.26146788990825687,0.25510204081632654,0.0033382708154556795,0.03804015003695316,0.007970405609175335,H,False,10.0,-10.0,STANDARD
2023-03-05,2022/23,Ligue 1,Rennes,Marseille,DRAW,D,3.74,Max market,0.274457043481997,0.271413674372848,0.267379679144385,0.0030433691091489856,0.02646934262266898,0.012542228021728885,A,False,10.0,-10.0,STANDARD
2023-03-06,2022/23,La Liga,Osasuna,Celta,DRAW,D,3.28,Max market,0.3168275384114727,0.31312026067542287,0.3048780487804878,0.003707277736049841,0.03919432598963035,-0.00588218677441632,D,True,10.0,22.799999999999997,STANDARD
2023-03-11,2022/23,La Liga,Valencia,Osasuna,DRAW,D,3.38,Max market,0.3019390322575044,0.29882576727512167,0.2958579881656805,0.003113264982382735,0.020553929030364904,0.0002328858747696616,H,False,10.0,-10.0,STANDARD
2023-03-11,2022/23,Serie A,Bologna,Lazio,DRAW,D,3.36,Max market,0.30364502096915313,0.3000784177049752,0.2976190476190476,0.003566603264177959,0.02024727045635455,0.02594287370881454,D,True,10.0,23.599999999999998,STANDARD
2023-03-11,2022/23,La Liga,Elche,Valladolid,DRAW,D,3.46,Max market,0.2945268672099105,0.2909228061352778,0.28901734104046245,0.0036040610746326807,0.01906296054629042,0.0025979591002486813,D,True,10.0,24.6,STANDARD
2023-03-12,2022/23,Serie A,Verona,Monza,DRAW,D,3.34,Max market,0.30659433148664905,0.30268156424581,0.29940119760479045,0.003912767240839055,0.024025067165407865,0.005652968646085776,D,True,10.0,23.4,STANDARD
2023-03-12,2022/23,Ligue 1,Monaco,Reims,DRAW,D,4.0,Max market,0.25296115564860006,0.2501874531367158,0.25,0.002773702511884246,0.011844622594400223,0.0055653140496440545,A,False,10.0,-10.0,STANDARD
2023-03-12,2022/23,La Liga,Ath Bilbao,Barcelona,DRAW,D,3.52,Max market,0.28999786072274414,0.28660438484140743,0.2840909090909091,0.003393475881336705,0.02079246974405935,0.000899369705766373,A,False,10.0,-10.0,STANDARD
2023-03-12,2022/23,La Liga,Mallorca,Sociedad,DRAW,D,3.06,Max market,0.33289817924306714,0.32882881118990653,0.32679738562091504,0.004069368053160605,0.01866842848378547,0.01906840755708611,D,True,10.0,20.6,STANDARD
2023-03-12,2022/23,Serie A,Lecce,Torino,DRAW,D,3.16,Max market,0.32417436927353593,0.3201838221978986,0.3164556962025316,0.003990547075637341,0.02439100690437357,0.018101892087815707,A,False,10.0,-10.0,STANDARD
2023-03-12,2022/23,Premier League,West Ham,Aston Villa,DRAW,D,3.56,Max market,0.2879403736740554,0.2845608425018324,0.2808988764044944,0.003379531172223005,0.025067730279637157,0.00974770829160837,D,True,10.0,25.6,STANDARD
2023-03-17,2022/23,Premier League,Nott'm Forest,Newcastle,Newcastle,A,1.74,Max market,0.5825194942810036,0.5762644225194885,0.5747126436781609,0.006255071761515074,0.013583920048946263,-0.008327336748830905,A,True,10.0,7.4,STRONG
2023-03-18,2022/23,Premier League,Wolves,Leeds,DRAW,D,3.42,Max market,0.30031456551049784,0.2972756992371958,0.29239766081871343,0.003038866273302021,0.027075814045902646,-0.0009081020944834428,A,False,10.0,-10.0,STANDARD
2023-03-18,2022/23,La Liga,Espanol,Celta,DRAW,D,3.34,Max market,0.3036230356671148,0.2998894638194256,0.29940119760479045,0.0037335718476891877,0.014100939128163459,0.013486209233101731,A,False,10.0,-10.0,STANDARD
2023-03-18,2022/23,Ligue 1,Toulouse,Lille,DRAW,D,3.84,Max market,0.2633125456081025,0.2607812605781599,0.2604166666666667,0.002531285029942598,0.011120175135113541,-0.009092957229379472,A,False,10.0,-10.0,STANDARD
2023-03-19,2022/23,Ligue 1,Reims,Marseille,DRAW,D,3.66,Max market,0.2760228150921849,0.27308493404304557,0.27322404371584696,0.002937881049139335,0.010243503237396867,0.006751014573318892,A,False,10.0,-10.0,STANDARD
2023-03-19,2022/23,La Liga,Barcelona,Real Madrid,DRAW,D,3.78,Max market,0.27404095935189926,0.2710640021604105,0.2645502645502646,0.0029769571914887716,0.035874826350179134,0.006419459002974803,H,False,10.0,-10.0,STANDARD
2023-03-19,2022/23,Serie A,Lazio,Roma,DRAW,D,3.22,Max market,0.31849499348325244,0.31451847541460576,0.3105590062111801,0.003976518068646684,0.025553879016072978,0.02453513707480487,H,False,10.0,-10.0,STANDARD
2023-03-19,2022/23,La Liga,Betis,Mallorca,DRAW,D,3.5,Max market,0.292609386725785,0.2894288908083939,0.2857142857142857,0.003180495917391113,0.024132853540247634,0.01699733480925736,H,False,10.0,-10.0,STANDARD
2023-03-19,2022/23,Serie A,Sampdoria,Verona,DRAW,D,3.3,Max market,0.3123677339867243,0.3085621841538326,0.30303030303030304,0.0038055498328917192,0.030813522156190043,0.004608803015583474,H,False,10.0,-10.0,STANDARD
2023-03-19,2022/23,Ligue 1,Troyes,Brest,DRAW,D,3.54,Max market,0.28685802048037684,0.2837505080207512,0.2824858757062147,0.00310751245962565,0.015477392500534037,0.008088846025795904,D,True,10.0,25.4,STANDARD
2023-03-19,2022/23,Ligue 1,Strasbourg,Auxerre,DRAW,D,3.62,Max market,0.28397004777347923,0.2814342459165316,0.27624309392265195,0.002535801856947628,0.02797157293999475,0.0075153831346203015,H,False,10.0,-10.0,STANDARD
2023-04-01,2022/23,Premier League,Bournemouth,Fulham,DRAW,D,3.52,Max market,0.29113394094953965,0.28729491353965797,0.2840909090909091,0.003839027409881679,0.024791472142379645,0.005763887698262804,H,False,10.0,-10.0,STANDARD
2023-04-01,2022/23,Premier League,Crystal Palace,Leicester,DRAW,D,3.4,Max market,0.2998325957036513,0.29606546457966604,0.29411764705882354,0.0037671311239852456,0.019430825392414253,-0.005217687085486256,H,False,10.0,-10.0,STANDARD
2023-04-01,2022/23,Premier League,Nott'm Forest,Wolves,DRAW,D,3.3,Max market,0.31049728240749436,0.3070624848467986,0.30303030303030304,0.003434797560695757,0.024641031944731218,0.0010850879687353543,D,True,10.0,23.0,STANDARD
2023-04-01,2022/23,Ligue 1,Auxerre,Troyes,DRAW,D,3.74,Max market,0.2730590209369833,0.2696928699796054,0.267379679144385,0.0033661509573779114,0.021240738304317608,0.006399322208546332,H,False,10.0,-10.0,STANDARD
2023-04-01,2022/23,Ligue 1,Rennes,Lens,DRAW,D,3.56,Max market,0.2856220451457165,0.2821458655201185,0.2808988764044944,0.003476179625597986,0.01681448071875069,0.01915656665495935,A,False,10.0,-10.0,STANDARD
2023-04-02,2022/23,La Liga,Ath Madrid,Betis,Ath Madrid,H,1.63,Max market,0.6271304471715993,0.6221512492649687,0.6134969325153374,0.004979197906630595,0.02222262888970672,0.06326128455674418,H,True,10.0,6.299999999999999,STANDARD
2023-04-02,2022/23,Ligue 1,Clermont,Ajaccio,DRAW,D,3.38,Max market,0.302300538405379,0.2983207391848442,0.2958579881656805,0.003979799220534819,0.021775819810180952,0.015369685331172833,H,False,10.0,-10.0,STANDARD
2023-04-02,2022/23,Bundesliga,Werder Bremen,Hoffenheim,DRAW,D,3.83,Max market,0.2654988135829641,0.26260364874241443,0.2610966057441253,0.002895164840549691,0.016860456022752546,-0.0014963041096460739,A,False,10.0,-10.0,STANDARD
2023-04-02,2022/23,La Liga,Villarreal,Sociedad,DRAW,D,3.4,Max market,0.3023717895473965,0.298211673665833,0.29411764705882354,0.004160115881563509,0.028064084461148164,0.01295943130389493,H,False,10.0,-10.0,STANDARD
2023-04-02,2022/23,Ligue 1,Nantes,Reims,DRAW,D,3.47,Max market,0.2914804849060053,0.2887902858387972,0.2881844380403458,0.002690199067208132,0.011437282623838474,-0.0068133776076989006,A,False,10.0,-10.0,STANDARD
2023-04-02,2022/23,Serie A,Bologna,Udinese,DRAW,D,3.48,Max market,0.2903794329821249,0.287174423672528,0.28735632183908044,0.0032050093095968846,0.010520426777794523,0.0032370441747737733,H,False,10.0,-10.0,STANDARD
2023-04-02,2022/23,Bundesliga,FC Koln,M'gladbach,DRAW,D,3.83,Max market,0.26599445980418046,0.26272270892804406,0.2610966057441253,0.0032717508761364034,0.018758781050011164,0.011543596861904426,D,True,10.0,28.3,STANDARD
2023-04-02,2022/23,Ligue 1,Brest,Toulouse,DRAW,D,3.64,Max market,0.2792432679230248,0.2763280503423965,0.2747252747252747,0.002915217580628293,0.016445495239810315,0.001959411431303848,H,False,10.0,-10.0,STANDARD
2023-04-02,2022/23,Premier League,Newcastle,Man United,DRAW,D,3.62,Max market,0.2813216032561213,0.27800359312707273,0.27624309392265195,0.0033180101290485875,0.018384203787159326,-0.0025951663138572556,H,False,10.0,-10.0,STANDARD
2023-04-03,2022/23,Serie A,Sassuolo,Torino,DRAW,D,3.46,Max market,0.29580455736614286,0.29214875540674184,0.28901734104046245,0.003655801959401017,0.023483768486854295,0.0018666092671540402,D,True,10.0,24.6,STANDARD
2023-04-03,2022/23,Premier League,Everton,Tottenham,DRAW,D,3.55,Max market,0.2878388628414109,0.28524979844280507,0.28169014084507044,0.002589064398605845,0.02182796308700863,0.0019076874073113426,D,True,10.0,25.5,STANDARD
2023-04-03,2022/23,La Liga,Valencia,Vallecano,DRAW,D,3.38,Max market,0.30199188048004516,0.29791424619640383,0.2958579881656805,0.004077634283641329,0.02073255602255264,-0.005016168575801727,D,True,10.0,23.799999999999997,STANDARD
2023-04-03,2022/23,Serie A,Empoli,Lecce,DRAW,D,3.3,Max market,0.31052708239043925,0.3071343453707062,0.30303030303030304,0.0033927370197330275,0.024739371888449435,0.014526558220008368,H,False,10.0,-10.0,STANDARD
2023-04-04,2022/23,Premier League,Leicester,Aston Villa,DRAW,D,3.6,Max market,0.2855411293097618,0.28217280349981766,0.2777777777777778,0.003368325809944117,0.027948065515142506,0.0012722385525411606,A,False,10.0,-10.0,STANDARD
2023-04-04,2022/23,Premier League,Chelsea,Liverpool,DRAW,D,3.58,Max market,0.2824879828579143,0.2783456162451252,0.27932960893854747,0.004142366612789106,0.011306978631333342,-0.005376178299543732,D,True,10.0,25.8,STANDARD
2023-04-08,2022/23,Bundesliga,Augsburg,FC Koln,DRAW,D,3.66,Max market,0.2793443659701143,0.276686377487146,0.27322404371584696,0.002657988482968332,0.022400379450618457,0.010484896319769677,A,False,10.0,-10.0,STANDARD
2023-04-09,2022/23,La Liga,Valladolid,Mallorca,DRAW,D,3.05,Max market,0.33421730231057456,0.3287666851891088,0.3278688524590164,0.005450617121465773,0.019362772047252452,0.0008513575625059833,D,True,10.0,20.5,STRONG
2023-04-09,2022/23,Premier League,Liverpool,Arsenal,DRAW,D,3.88,Max market,0.2621334887363776,0.25949081310131644,0.2577319587628866,0.0026426756350611535,0.017077936297144936,0.008225722331754448,D,True,10.0,28.799999999999997,STANDARD
2023-04-14,2022/23,Bundesliga,Schalke 04,Hertha,DRAW,D,3.44,Max market,0.2949413892799721,0.29103262134115127,0.29069767441860467,0.003908767938820834,0.01459837912310391,-0.0013028414531984778,H,False,10.0,-10.0,STANDARD
2023-04-15,2022/23,Premier League,Southampton,Crystal Palace,DRAW,D,3.34,Max market,0.30381629561643014,0.3004102140108754,0.29940119760479045,0.0034060816055547227,0.014746427358876657,0.008021864990955863,A,False,10.0,-10.0,STANDARD
2023-04-15,2022/23,Bundesliga,Stuttgart,Dortmund,DRAW,D,4.0,Max market,0.2529150488999884,0.25040435178074044,0.25,0.002510697119247951,0.011660195599953571,0.00869922009821228,D,True,10.0,30.0,STANDARD
2023-04-15,2022/23,Premier League,Everton,Fulham,DRAW,D,3.56,Max market,0.28550543775782894,0.28292492433857264,0.2808988764044944,0.002580513419256303,0.01639935841787099,0.009073553069402829,A,False,10.0,-10.0,STANDARD
2023-04-15,2022/23,Bundesliga,FC Koln,Mainz,DRAW,D,3.51,Max market,0.2884613562239714,0.28479514367804737,0.2849002849002849,0.0036662125459240302,0.012499360346139632,0.01199727621180613,D,True,10.0,25.099999999999998,STANDARD
2023-04-15,2022/23,Premier League,Chelsea,Brighton,DRAW,D,3.58,Max market,0.28426423251259575,0.2811343438391363,0.27932960893854747,0.0031298886734594245,0.017665952395092832,0.004161822317551134,A,False,10.0,-10.0,STANDARD
2023-04-15,2022/23,Premier League,Wolves,Brentford,DRAW,D,3.38,Max market,0.3017330254417153,0.29775971263824563,0.2958579881656805,0.003973312803469686,0.019857625992997674,0.005467635202557164,H,False,10.0,-10.0,STANDARD
2023-04-16,2022/23,Bundesliga,Werder Bremen,Freiburg,DRAW,D,3.67,Max market,0.2760600915551427,0.2726248062743625,0.2724795640326976,0.0034352852807802425,0.013140536007373749,0.020695685166808253,A,False,10.0,-10.0,STANDARD
2023-04-16,2022/23,Bundesliga,Wolfsburg,Leverkusen,DRAW,D,3.84,Max market,0.26831355253883993,0.26554731405516535,0.2604166666666667,0.002766238483674577,0.03032404174914527,0.0036426688145630437,D,True,10.0,28.4,STANDARD
2023-04-17,2022/23,Serie A,Fiorentina,Atalanta,DRAW,D,3.74,Max market,0.2786550847398734,0.27501364719928056,0.267379679144385,0.003641437540592818,0.04217001692712641,0.00476103299070707,D,True,10.0,27.400000000000002,STANDARD
2023-04-21,2022/23,La Liga,Espanol,Cadiz,DRAW,D,3.5,Max market,0.29213416373115725,0.28895577680018525,0.2857142857142857,0.003178386930971999,0.022469573059050285,0.009639540925567291,D,True,10.0,25.0,STANDARD
2023-04-22,2022/23,Bundesliga,Bochum,Wolfsburg,DRAW,D,3.71,Max market,0.27306888423090747,0.2703358932886654,0.2695417789757412,0.002732990942242053,0.013085560496666648,-0.007356474155044979,A,False,10.0,-10.0,STANDARD
2023-04-22,2022/23,Bundesliga,Hoffenheim,FC Koln,DRAW,D,3.74,Max market,0.2711981874279604,0.2682491643328214,0.267379679144385,0.002949023095139003,0.014281220980572051,0.006234974872598942,A,False,10.0,-10.0,STANDARD
2023-04-22,2022/23,Bundesliga,Hertha,Werder Bremen,DRAW,D,3.65,Max market,0.27704077997225507,0.27391471379177873,0.273972602739726,0.003126066180476339,0.011198846898730963,0.004662933289805382,A,False,10.0,-10.0,STANDARD
2023-04-22,2022/23,Ligue 1,Lens,Monaco,DRAW,D,3.74,Max market,0.27114510440173745,0.26791696578128743,0.267379679144385,0.003228138620450016,0.014082690462498215,-0.003830998426368415,H,False,10.0,-10.0,STANDARD
2023-04-22,2022/23,Premier League,Brentford,Aston Villa,DRAW,D,3.53,Max market,0.2869788481076084,0.2835987022316248,0.28328611898017,0.0033801458759835645,0.013035333819857442,0.010040070960347924,D,True,10.0,25.299999999999997,STANDARD
2023-04-22,2022/23,Serie A,Salernitana,Sassuolo,DRAW,D,3.66,Max market,0.27612855071325765,0.2731874956657086,0.27322404371584696,0.002941055047549046,0.010630495610522983,-0.0025500713249439477,H,False,10.0,-10.0,STANDARD
2023-04-23,2022/23,Ligue 1,Reims,Strasbourg,DRAW,D,3.86,Max market,0.26257349850096284,0.2599274169726125,0.2590673575129534,0.0026460815283503303,0.013533704213716469,0.01817998523461306,A,False,10.0,-10.0,STANDARD
2023-04-23,2022/23,Serie A,Juventus,Napoli,DRAW,D,3.45,Max market,0.3050528423401883,0.3014223612725247,0.2898550724637681,0.0036304810676636157,0.05243230607364979,0.012433130825770022,A,False,10.0,-10.0,STANDARD
2023-04-23,2022/23,Bundesliga,Leverkusen,RB Leipzig,DRAW,D,3.83,Max market,0.2670959143064845,0.26394386259880676,0.2610966057441253,0.003152051707677739,0.022977351793835643,0.007648228972473192,H,False,10.0,-10.0,STANDARD
2023-04-23,2022/23,Ligue 1,Lyon,Marseille,DRAW,D,3.85,Max market,0.2632833090033557,0.25997031872040705,0.2597402597402597,0.00331299028294868,0.013640739662919676,0.018027463633465968,A,False,10.0,-10.0,STANDARD
2023-04-25,2022/23,Premier League,Leeds,Leicester,DRAW,D,3.67,Max market,0.27541198016553425,0.27162174635407055,0.2724795640326976,0.0037902338114637057,0.01076196720751077,-0.002254961038845482,D,True,10.0,26.7,STANDARD
2023-04-25,2022/23,La Liga,Betis,Sociedad,DRAW,D,3.36,Max market,0.30168461051489953,0.29860576579722103,0.2976190476190476,0.003078844717678497,0.013660291330062302,0.009058861766650883,D,True,10.0,23.599999999999998,STANDARD
2023-04-25,2022/23,La Liga,Cadiz,Osasuna,DRAW,D,3.28,Max market,0.30943966071231754,0.3060127723428757,0.3048780487804878,0.0034268883694418273,0.01496208713640157,-0.003246217401304985,A,False,10.0,-10.0,STANDARD
2023-04-27,2022/23,Premier League,Tottenham,Man United,DRAW,D,3.82,Max market,0.26606235152936125,0.26287113228894354,0.2617801047120419,0.0031912192404177087,0.016358182842159952,-0.006472174659957752,D,True,10.0,28.2,STANDARD
2023-04-29,2022/23,Bundesliga,FC Koln,Freiburg,DRAW,D,3.45,Max market,0.29390130446730517,0.2896381488440102,0.2898550724637681,0.00426315562329499,0.013959500412202841,-9.300154162228402e-05,A,False,10.0,-10.0,STANDARD
2023-04-29,2022/23,La Liga,Elche,Vallecano,Vallecano,A,1.92,Max market,0.5280349042958954,0.5236553405454822,0.5208333333333334,0.004379563750413151,0.013827016248119106,-0.04649692452940973,H,False,10.0,-10.0,STANDARD
2023-04-30,2022/23,Ligue 1,Clermont,Reims,DRAW,D,3.66,Max market,0.28045997626395086,0.2775435279720416,0.27322404371584696,0.002916448291909235,0.02648351312606012,-0.005946366996022134,H,False,10.0,-10.0,STANDARD
2023-04-30,2022/23,Premier League,Liverpool,Tottenham,Liverpool,H,1.6,Max market,0.6326545930206686,0.6252012485625102,0.625,0.007453344458158373,0.012247348833069882,-0.0034468156801458205,H,True,10.0,6.000000000000001,STRONG
2023-05-01,2022/23,Premier League,Leicester,Everton,DRAW,D,3.6,Max market,0.2805805913780484,0.27766465194953516,0.2777777777777778,0.002915939428513259,0.010090128960974276,0.0016242871023836036,D,True,10.0,26.0,STANDARD
2023-05-02,2022/23,La Liga,Sociedad,Real Madrid,DRAW,D,3.55,Max market,0.29039197255919724,0.2868497991209327,0.28169014084507044,0.0035421734382645176,0.030891502585150166,0.01625137492836798,H,False,10.0,-10.0,STANDARD
2023-05-03,2022/23,La Liga,Valencia,Villarreal,DRAW,D,3.64,Max market,0.2826061282183741,0.2791270957445127,0.2747252747252747,0.0034790324738613876,0.028686306714881704,0.005656216155383864,D,True,10.0,26.400000000000002,STANDARD
2023-05-03,2022/23,Ligue 1,Brest,Nantes,DRAW,D,3.6,Max market,0.28337632792786144,0.2800479143723797,0.2777777777777778,0.0033284135554817462,0.020154780540301287,0.026403698530846065,H,False,10.0,-10.0,STANDARD
2023-05-06,2022/23,Bundesliga,Hoffenheim,Ein Frankfurt,DRAW,D,3.8,Max market,0.26655305590939704,0.2632323425403804,0.2631578947368421,0.0033207133690166257,0.012901612455708644,-0.008474305211623734,H,False,10.0,-10.0,STANDARD
2023-05-06,2022/23,Serie A,Milan,Lazio,DRAW,D,3.62,Max market,0.2851069199869742,0.2823872757460237,0.27624309392265195,0.002719644240950503,0.032087050352846536,-0.009179992289099326,H,False,10.0,-10.0,STANDARD
2023-05-06,2022/23,Ligue 1,Lens,Marseille,DRAW,D,3.74,Max market,0.27504667735548116,0.2711506202054248,0.267379679144385,0.0038960571500563645,0.028674573309499518,0.008021443803466644,H,False,10.0,-10.0,STANDARD
2023-05-07,2022/23,Ligue 1,Nantes,Strasbourg,DRAW,D,3.5,Max market,0.2888156414311012,0.2852150494541607,0.2857142857142857,0.003600591976940515,0.010854745008854305,0.018250003973636242,A,False,10.0,-10.0,STANDARD
2023-05-07,2022/23,Ligue 1,Auxerre,Clermont,DRAW,D,3.45,Max market,0.29497922149205663,0.2916991643454039,0.2898550724637681,0.0032800571466527484,0.017678314147595353,0.0002812774976311827,D,True,10.0,24.5,STANDARD
2023-05-07,2022/23,Premier League,Newcastle,Arsenal,DRAW,D,3.94,Max market,0.26093920121151254,0.2581060974070433,0.25380710659898476,0.002833103804469217,0.028100452773359486,-0.0002616226457882176,A,False,10.0,-10.0,STANDARD
2023-05-08,2022/23,Premier League,Fulham,Leicester,DRAW,D,3.7,Max market,0.274803914722512,0.27175466136362747,0.27027027027027023,0.003049253358884507,0.016774484473294438,0.015093711221712602,H,False,10.0,-10.0,STANDARD
2023-05-08,2022/23,Premier League,Nott'm Forest,Southampton,DRAW,D,3.72,Max market,0.2753192111838962,0.27248526617023955,0.26881720430107525,0.0028339450136566358,0.024187465604093905,0.0029065321497966923,H,False,10.0,-10.0,STANDARD
2023-05-08,2022/23,Serie A,Empoli,Salernitana,DRAW,D,3.38,Max market,0.3056118387808973,0.3020838885039706,0.2958579881656805,0.0035279502769267057,0.03296801507943292,0.02100213539176532,H,False,10.0,-10.0,STANDARD
2023-05-13,2022/23,La Liga,Villarreal,Ath Bilbao,DRAW,D,3.65,Max market,0.27707326886390155,0.2743219608969171,0.273972602739726,0.0027513079669844176,0.011317431353240703,-0.007827300036689244,H,False,10.0,-10.0,STANDARD
2023-05-13,2022/23,Premier League,Aston Villa,Tottenham,DRAW,D,3.78,Max market,0.2691421544922116,0.26642963642619566,0.2645502645502646,0.0027125180660159676,0.01735734398055988,-0.0023605694075178874,H,False,10.0,-10.0,STANDARD
2023-05-13,2022/23,Ligue 1,Paris SG,Ajaccio,Ajaccio,A,31.0,Max market,0.042221706128507855,0.03967264083750651,0.03225806451612903,0.002549065291001344,0.3088728899837434,-0.0031226782022701904,H,False,10.0,-10.0,STANDARD
2023-05-13,2022/23,Premier League,Southampton,Fulham,DRAW,D,3.64,Max market,0.28166153059624643,0.2785223543484933,0.2747252747252747,0.003139176247753117,0.025247971370337075,0.0005616775468246238,A,False,10.0,-10.0,STANDARD
2023-05-14,2022/23,Ligue 1,Toulouse,Nantes,DRAW,D,3.82,Max market,0.2645839369662071,0.26178692367804113,0.2617801047120419,0.0027970132881659504,0.010710639210911088,0.0035917870486761316,D,True,10.0,28.2,STANDARD
2023-05-14,2022/23,Bundesliga,Stuttgart,Leverkusen,DRAW,D,3.75,Max market,0.2707560119895643,0.26678723437426916,0.26666666666666666,0.003968777615295127,0.015335044960866018,0.004189114362268764,D,True,10.0,27.5,STANDARD
2023-05-14,2022/23,Ligue 1,Monaco,Lille,DRAW,D,3.94,Max market,0.2603017093821405,0.257589304721761,0.25380710659898476,0.002712404660379475,0.02558873496563341,0.00452292950619293,D,True,10.0,29.4,STANDARD
2023-05-14,2022/23,La Liga,Valladolid,Sevilla,DRAW,D,3.7,Max market,0.27453093179878735,0.2713444553483808,0.27027027027027023,0.003186476450406539,0.015764447655513214,0.01299310291347544,A,False,10.0,-10.0,STANDARD
2023-05-14,2022/23,Premier League,Brentford,West Ham,DRAW,D,3.71,Max market,0.27283217549995614,0.26959533750619824,0.2695417789757412,0.0032368379937579017,0.012207371104837383,-0.0050713424334211665,H,False,10.0,-10.0,STANDARD
2023-05-19,2022/23,La Liga,Cadiz,Valladolid,DRAW,D,3.64,Max market,0.28498882753752897,0.28161739721372747,0.2747252747252747,0.003371430323801494,0.03735933223660548,-0.002232570184396876,H,False,10.0,-10.0,STANDARD
2023-05-19,2022/23,Serie A,Sassuolo,Monza,DRAW,D,3.8,Max market,0.26657946154655526,0.26367586242998475,0.2631578947368421,0.00290359911657051,0.013001953876909944,-0.0005397432740062436,A,False,10.0,-10.0,STANDARD
2023-05-20,2022/23,Premier League,Wolves,Everton,DRAW,D,3.48,Max market,0.29031836981567744,0.28709640553140675,0.28735632183908044,0.003221964284270684,0.010307926958557534,-0.007994686810707419,D,True,10.0,24.8,STANDARD
2023-05-20,2022/23,Bundesliga,Werder Bremen,FC Koln,DRAW,D,3.93,Max market,0.2600976621889022,0.25668694753759613,0.2544529262086514,0.003410714651306046,0.02218381240238565,0.0007392136107733926,D,True,10.0,29.3,STANDARD
2023-05-20,2022/23,La Liga,Almeria,Mallorca,DRAW,D,3.46,Max market,0.2928361106556123,0.2891092376351225,0.28901734104046245,0.0037268730204898515,0.013212942868418676,0.00201845277333651,H,False,10.0,-10.0,STANDARD
2023-05-20,2022/23,Bundesliga,Hertha,Bochum,DRAW,D,3.9,Max market,0.25912235313691967,0.25588842666028194,0.25641025641025644,0.0032339264766377274,0.010577177233986657,-0.0037726543321919825,D,True,10.0,29.0,STANDARD
2023-05-21,2022/23,Premier League,West Ham,Leeds,DRAW,D,3.72,Max market,0.2732488451268892,0.2697903095725541,0.26881720430107525,0.0034585355543350627,0.016485703872027857,0.004901671845341293,H,False,10.0,-10.0,STANDARD
2023-05-21,2022/23,Serie A,Lecce,Spezia,DRAW,D,3.4,Max market,0.30212010469379985,0.29836065573770487,0.29411764705882354,0.0037594489560949795,0.027208355958919572,-0.0023694887596176217,D,True,10.0,24.0,STANDARD
2023-05-21,2022/23,Serie A,Torino,Fiorentina,DRAW,D,3.56,Max market,0.2854321718699107,0.2820227174978319,0.2808988764044944,0.0034094543720787907,0.016138531856882077,0.01375358515152486,D,True,10.0,25.6,STANDARD
2023-05-21,2022/23,La Liga,Valencia,Real Madrid,DRAW,D,3.79,Max market,0.26750626727916954,0.26455272210956415,0.2638522427440633,0.002953545169605387,0.01384875298805266,0.000929361128530426,H,False,10.0,-10.0,STANDARD
2023-05-21,2022/23,Serie A,Napoli,Inter,DRAW,D,3.5,Max market,0.29232178733200126,0.28964039907174166,0.2857142857142857,0.0026813882602595984,0.023126255662004436,-0.02014829298215365,H,False,10.0,-10.0,STANDARD
2023-05-23,2022/23,La Liga,Sociedad,Almeria,Sociedad,H,1.46,Max market,0.7042007347602255,0.6991314602416059,0.684931506849315,0.005069274518619604,0.028133072749929156,-0.006917868369491931,H,True,10.0,4.6,STRONG
2023-05-24,2022/23,La Liga,Espanol,Ath Madrid,DRAW,D,3.74,Max market,0.2721748848539911,0.2683124898489524,0.267379679144385,0.00386239500503871,0.017934069353926718,0.0034144697521339973,D,True,10.0,27.400000000000002,STANDARD
2023-05-25,2022/23,Premier League,Man United,Chelsea,Man United,H,1.7,Max market,0.5952458988396857,0.5906423288365098,0.5882352941176471,0.004603570003175905,0.011918028027465777,0.025699469973002542,H,True,10.0,7.0,STANDARD
2023-05-27,2022/23,Serie A,Salernitana,Udinese,DRAW,D,3.64,Max market,0.27845244880646863,0.2751589109620685,0.2747252747252747,0.0032935378444001184,0.013566913655545854,0.01137273199405342,H,False,10.0,-10.0,STANDARD
2023-05-27,2022/23,Ligue 1,Montpellier,Nice,DRAW,D,3.7,Max market,0.27630295410280326,0.2733954504410367,0.27027027027027023,0.002907503661766564,0.022320930180372178,-0.005954920468300817,A,False,10.0,-10.0,STANDARD
2023-05-27,2022/23,Ligue 1,Clermont,Lorient,DRAW,D,3.64,Max market,0.2788886441166994,0.2760638600079541,0.2747252747252747,0.002824784108745315,0.01515466458478576,0.008916884536333491,H,False,10.0,-10.0,STANDARD
2023-05-27,2022/23,Bundesliga,Ein Frankfurt,Freiburg,DRAW,D,4.0,Max market,0.2547995395071451,0.25149061001522083,0.25,0.003308929491924295,0.019198158028580492,-0.007513549073024539,H,False,10.0,-10.0,STANDARD
2023-05-27,2022/23,La Liga,Sevilla,Real Madrid,DRAW,D,3.68,Max market,0.2787063214791523,0.2759680635576188,0.2717391304347826,0.0027382579215334824,0.025639263043280458,-0.005750512612144265,A,False,10.0,-10.0,STANDARD
2023-05-27,2022/23,Serie A,Fiorentina,Roma,Fiorentina,H,2.2,Max market,0.46479289509951516,0.46151538323631536,0.45454545454545453,0.0032775118631998,0.022544369218933324,-0.03521615658320393,H,True,10.0,12.000000000000002,STANDARD
2023-05-28,2022/23,Serie A,Juventus,Milan,DRAW,D,3.58,Max market,0.2870917992048204,0.2833444501118217,0.27932960893854747,0.0037473490929987308,0.027788641153257077,0.0075449388361690795,A,False,10.0,-10.0,STANDARD
2023-05-28,2022/23,Premier League,Chelsea,Newcastle,DRAW,D,3.86,Max market,0.2665118490034793,0.2633169625991688,0.2590673575129534,0.003194886404310482,0.02873573715343003,-0.008702209192265331,D,True,10.0,28.599999999999998,STANDARD
2023-05-28,2022/23,La Liga,Almeria,Valladolid,DRAW,D,3.83,Max market,0.2717437803144857,0.26847063169560403,0.2610966057441253,0.0032731486188816716,0.04077867860448037,0.007942409725857968,D,True,10.0,28.3,STANDARD
2023-05-28,2022/23,La Liga,Getafe,Osasuna,DRAW,D,3.26,Max market,0.3103601073377874,0.3064350830054697,0.3067484662576687,0.003925024332317728,0.011773949921186855,0.03364209818938341,H,False,10.0,-10.0,STANDARD
2023-05-28,2022/23,Premier League,Leeds,Tottenham,DRAW,D,4.1,Max market,0.2523898369895982,0.24959224408326205,0.24390243902439027,0.0027975929063361604,0.03479833165735258,0.0007369173496117043,A,False,10.0,-10.0,STANDARD
2023-05-28,2022/23,La Liga,Cadiz,Celta,DRAW,D,3.4,Max market,0.3007105697716755,0.2967145914217231,0.29411764705882354,0.0039959783499524115,0.022415937223696725,0.019323427108115188,H,False,10.0,-10.0,STANDARD
2023-05-28,2022/23,La Liga,Vallecano,Villarreal,DRAW,D,3.95,Max market,0.2607140771085515,0.2581524328651203,0.2531645569620253,0.0025616442434311937,0.02982060457877833,-0.0039389129539716405,H,False,10.0,-10.0,STANDARD
2023-05-28,2022/23,Serie A,Bologna,Napoli,DRAW,D,3.6,Max market,0.28246348628831924,0.27953822593945105,0.2777777777777778,0.002925260348868197,0.016868550637949342,-0.007385876458630092,D,True,10.0,26.0,STANDARD
2023-06-02,2022/23,Serie A,Sassuolo,Fiorentina,DRAW,D,4.04,Max market,0.25679904453844304,0.25420088828677656,0.24752475247524752,0.0025981562516664836,0.03746813993530984,0.009885807492199195,A,False,10.0,-10.0,STANDARD
2023-06-03,2022/23,Serie A,Cremonese,Salernitana,DRAW,D,3.9,Max market,0.2640845985554513,0.26128021695422454,0.25641025641025644,0.0028043816012267575,0.029929934366260014,0.015810320519187016,H,False,10.0,-10.0,STANDARD
2023-06-03,2022/23,Ligue 1,Reims,Montpellier,DRAW,D,4.14,Max market,0.2454474439958368,0.2425258522676003,0.24154589371980678,0.0029215917282365,0.016152418142764136,-0.017016812978645518,A,False,10.0,-10.0,STANDARD
2023-06-03,2022/23,Ligue 1,Nice,Lyon,DRAW,D,4.2,Max market,0.24709740182769527,0.2437720257625471,0.23809523809523808,0.0033253760651481556,0.037809087676320186,-0.007719429693758412,H,False,10.0,-10.0,STANDARD
2023-06-03,2022/23,Ligue 1,Auxerre,Lens,DRAW,D,3.81,Max market,0.269966137502682,0.26675873791564864,0.26246719160104987,0.003207399587033366,0.028570983885218393,-0.003242976378922735,A,False,10.0,-10.0,STANDARD
2023-06-03,2022/23,Serie A,Torino,Inter,DRAW,D,3.58,Max market,0.2862548175722037,0.2827431757317589,0.27932960893854747,0.0035116418404448346,0.024792246908489357,-0.005601877313864689,A,False,10.0,-10.0,STANDARD
2023-06-04,2022/23,La Liga,Villarreal,Ath Madrid,DRAW,D,3.88,Max market,0.26564431441997605,0.26239414889689444,0.2577319587628866,0.003250165523081605,0.030699939949506927,-0.007920375527011136,D,True,10.0,28.799999999999997,STANDARD
2023-06-04,2022/23,La Liga,Espanol,Almeria,DRAW,D,3.98,Max market,0.25884245228807956,0.25617004284858624,0.25125628140703515,0.0026724094394933173,0.0301929601065567,0.0015376258085682548,D,True,10.0,29.8,STANDARD
2023-06-04,2022/23,La Liga,Celta,Barcelona,DRAW,D,3.91,Max market,0.2631780496085972,0.2598713130888749,0.2557544757033248,0.0033067365197222975,0.029026173969615154,0.012105311424628729,H,False,10.0,-10.0,STANDARD
2023-06-04,2022/23,La Liga,Elche,Cadiz,DRAW,D,3.6,Max market,0.2847794669780408,0.28118107576450013,0.2777777777777778,0.0035983912135406637,0.02520608112094691,0.010437940736071682,D,True,10.0,26.0,STANDARD
2023-06-04,2022/23,Serie A,Lecce,Bologna,DRAW,D,3.56,Max market,0.28699234484686936,0.283509710709252,0.2808988764044944,0.0034826341376173464,0.02169274765485496,0.0027439422651562295,A,False,10.0,-10.0,STANDARD
2023-08-11,2023/24,La Liga,Almeria,Vallecano,DRAW,D,3.44,Max market,0.297816246153015,0.29412604495487066,0.29069767441860467,0.0036902011981443383,0.02448788676637159,0.008377935360659783,A,False,10.0,-10.0,STANDARD
2023-08-11,2023/24,Ligue 1,Nice,Lille,DRAW,D,3.62,Max market,0.28337822533077334,0.28012226618960734,0.27624309392265195,0.0032559591411659983,0.02582917569739962,0.001229219702125306,D,True,10.0,26.200000000000003,STANDARD
2023-08-12,2023/24,Premier League,Everton,Fulham,DRAW,D,3.57,Max market,0.28320690116087577,0.2800615286691773,0.2801120448179272,0.003145372491698495,0.011048637144326356,0.01260559064444533,A,False,10.0,-10.0,STANDARD
2023-08-12,2023/24,Premier League,Sheffield United,Crystal Palace,DRAW,D,3.42,Max market,0.29952163316882396,0.2956078690380714,0.29239766081871343,0.003913764130752562,0.024363985437377833,0.008125688692563193,A,False,10.0,-10.0,STANDARD
2023-08-12,2023/24,Premier League,Bournemouth,West Ham,DRAW,D,3.62,Max market,0.2822193501332075,0.279186061139766,0.27624309392265195,0.003033288993441463,0.021634047482211205,-0.006731869521833078,D,True,10.0,26.200000000000003,STANDARD
2023-08-12,2023/24,La Liga,Las Palmas,Mallorca,DRAW,D,3.15,Max market,0.32399960319657395,0.31889253901067666,0.31746031746031744,0.005107064185897292,0.02059875006920797,0.013257343443864478,D,True,10.0,21.5,STRONG
2023-08-13,2023/24,Ligue 1,Strasbourg,Lyon,DRAW,D,3.85,Max market,0.265972057797331,0.2634675737353344,0.2597402597402597,0.0025044840619966036,0.023992422519724554,0.0038101077112843718,H,False,10.0,-10.0,STANDARD
2023-08-13,2023/24,La Liga,Celta,Osasuna,DRAW,D,3.44,Max market,0.300085360334629,0.2964205816554811,0.29069767441860467,0.0036647786791479398,0.03229363955112374,0.003794684552147598,A,False,10.0,-10.0,STANDARD
2023-08-13,2023/24,Premier League,Chelsea,Liverpool,DRAW,D,3.82,Max market,0.26639782202770396,0.2637614061532664,0.2617801047120419,0.002636415874437581,0.017639680145829173,-0.00687984895090632,D,True,10.0,28.2,STANDARD
2023-08-14,2023/24,La Liga,Cadiz,Alaves,DRAW,D,3.23,Max market,0.31649245945629007,0.31204673877491174,0.30959752321981426,0.004445720681378329,0.022270644043816956,0.01377261005585434,H,False,10.0,-10.0,STANDARD
2023-08-18,2023/24,Bundesliga,Werder Bremen,Bayern Munich,Bayern Munich,A,1.4,Max market,0.7332023668906241,0.728840191597746,0.7142857142857143,0.004362175292878079,0.02648331364687362,0.00254054873492926,A,True,10.0,3.999999999999999,STANDARD
2023-08-18,2023/24,La Liga,Mallorca,Villarreal,DRAW,D,3.25,Max market,0.3136348826106482,0.3089521867769977,0.3076923076923077,0.0046826958336504965,0.01931336848460674,-0.0120089553359497,A,False,10.0,-10.0,STANDARD
2023-08-18,2023/24,Premier League,Nott'm Forest,Sheffield United,DRAW,D,3.6,Max market,0.28372649619028817,0.2804236384861353,0.2777777777777778,0.003302857704152895,0.021415386285037474,-0.0008473069113961729,H,False,10.0,-10.0,STANDARD
2023-08-19,2023/24,Premier League,Fulham,Brentford,DRAW,D,3.58,Max market,0.28553262245993266,0.2822645559431178,0.27932960893854747,0.0032680665168148826,0.022206788406558875,0.01920547708195508,A,False,10.0,-10.0,STANDARD
2023-08-19,2023/24,Serie A,Empoli,Verona,DRAW,D,3.5,Max market,0.2951956190312963,0.2916178762805053,0.2857142857142857,0.0035777427507910353,0.03318466660953723,-0.007482779963853381,A,False,10.0,-10.0,STANDARD
2023-08-19,2023/24,Serie A,Genoa,Fiorentina,DRAW,D,3.54,Max market,0.289950190641805,0.2864685690826361,0.2824858757062147,0.003481621559168868,0.02642367487198971,0.009146919843083301,A,False,10.0,-10.0,STANDARD
2023-08-19,2023/24,Bundesliga,Hoffenheim,Freiburg,DRAW,D,3.85,Max market,0.2670991593796446,0.2645940325601167,0.2597402597402597,0.002505126819527914,0.02833176361163181,-0.004243893556434952,A,False,10.0,-10.0,STANDARD
2023-08-19,2023/24,La Liga,Osasuna,Ath Bilbao,DRAW,D,3.29,Max market,0.3124133992586088,0.3080200974348058,0.303951367781155,0.004393301823802986,0.027840083560822793,0.01343524524294093,A,False,10.0,-10.0,STANDARD
2023-08-20,2023/24,La Liga,Betis,Ath Madrid,DRAW,D,3.68,Max market,0.2812755309679314,0.2782965091293956,0.2717391304347826,0.0029790218385358225,0.03509395396198767,-0.0022892329645646803,D,True,10.0,26.8,STANDARD
2023-08-20,2023/24,La Liga,Girona,Getafe,DRAW,D,3.37,Max market,0.3054403464825058,0.301433202827431,0.29673590504451036,0.004007143655074763,0.029333967646044457,-9.968349300393253e-06,H,False,10.0,-10.0,STANDARD
2023-08-20,2023/24,Serie A,Lecce,Lazio,DRAW,D,3.56,Max market,0.2907546077505617,0.2870531205817007,0.2808988764044944,0.0037014871688610396,0.03508640359199977,0.0073125495393445705,H,False,10.0,-10.0,STANDARD
2023-08-20,2023/24,Ligue 1,Le Havre,Brest,DRAW,D,3.39,Max market,0.3029196552766154,0.2990114263705225,0.2949852507374631,0.003908228906092881,0.026897631387726273,0.01796203822878567,A,False,10.0,-10.0,STANDARD
2023-08-21,2023/24,La Liga,Alaves,Sevilla,DRAW,D,3.23,Max market,0.31804511003130687,0.31282389522283993,0.30959752321981426,0.005221214808466934,0.027285705401121074,0.0005438160028641836,H,False,10.0,-10.0,STRONG
2023-08-21,2023/24,Serie A,Bologna,Milan,DRAW,D,3.75,Max market,0.2767343158578126,0.2740746757259747,0.26666666666666666,0.0026596401318378926,0.03775368446679739,0.004908399329370539,A,False,10.0,-10.0,STANDARD
2023-08-21,2023/24,La Liga,Granada,Vallecano,DRAW,D,3.26,Max market,0.31555142405754116,0.3108429475849214,0.3067484662576687,0.004708476472619738,0.028697642427584213,-0.00022423355841366677,A,False,10.0,-10.0,STANDARD
2023-08-25,2023/24,La Liga,Las Palmas,Sociedad,DRAW,D,3.46,Max market,0.29766747616511513,0.2934407364787111,0.28901734104046245,0.004226739686404024,0.029929467531298437,-0.0008968548964737866,D,True,10.0,24.6,STANDARD
2023-08-26,2023/24,Premier League,Everton,Wolves,DRAW,D,3.48,Max market,0.2935445350310464,0.28999552476042034,0.28735632183908044,0.0035490102706260407,0.021534981908041484,-0.0038969539667547126,A,False,10.0,-10.0,STANDARD
2023-08-26,2023/24,La Liga,Granada,Mallorca,DRAW,D,3.17,Max market,0.32477663919691246,0.31961613206980144,0.31545741324921134,0.005160507127111025,0.02954194625421258,0.0038083625794256837,H,False,10.0,-10.0,STRONG
2023-08-26,2023/24,Serie A,Monza,Empoli,DRAW,D,3.75,Max market,0.27397227750993863,0.27104247104247103,0.26666666666666666,0.0029298064674675994,0.02739604066226997,-0.00930453774064438,H,False,10.0,-10.0,STANDARD
2023-08-26,2023/24,La Liga,Cadiz,Almeria,DRAW,D,3.52,Max market,0.2891449431914034,0.2857696958634694,0.2840909090909091,0.0033752473279339834,0.01779020003373999,-2.4762387606402925e-05,D,True,10.0,25.2,STANDARD
2023-08-26,2023/24,Bundesliga,Darmstadt,Union Berlin,DRAW,D,3.63,Max market,0.2826471068900208,0.2792376306422565,0.27548209366391185,0.0034094762477643314,0.026008998010775608,0.0028575566586179213,A,False,10.0,-10.0,STANDARD
2023-08-27,2023/24,Ligue 1,Montpellier,Reims,DRAW,D,3.71,Max market,0.2742806098992594,0.271667117758505,0.2695417789757412,0.002613492140754403,0.01758106272625226,-0.0014689295026536486,A,False,10.0,-10.0,STANDARD
2023-08-28,2023/24,La Liga,Getafe,Alaves,DRAW,D,3.06,Max market,0.3322871018817364,0.3272101033295063,0.32679738562091504,0.005076998552230094,0.01679853175811341,0.027016248112299412,H,False,10.0,-10.0,STRONG
2023-08-28,2023/24,La Liga,Vallecano,Ath Madrid,DRAW,D,3.62,Max market,0.27940877392064695,0.27621774515418124,0.27624309392265195,0.003191028766465709,0.011459761592741868,0.012002582639793147,A,False,10.0,-10.0,STANDARD
2023-08-28,2023/24,Serie A,Salernitana,Udinese,DRAW,D,3.52,Max market,0.29131858018062023,0.28781547852069633,0.2840909090909091,0.0035031016599239018,0.025441402235783173,0.005741517285632325,D,True,10.0,25.2,STANDARD
2023-09-01,2023/24,Serie A,Roma,Milan,DRAW,D,3.35,Max market,0.3085341416495849,0.3041674183655061,0.29850746268656714,0.004366723284078833,0.03358937452610955,0.008687476619785028,A,False,10.0,-10.0,STANDARD
2023-09-01,2023/24,La Liga,Cadiz,Villarreal,DRAW,D,3.72,Max market,0.2754940301462501,0.27248986272832115,0.26881720430107525,0.0030041674179289712,0.024837792144050574,-0.0005139189397689314,H,False,10.0,-10.0,STANDARD
2023-09-01,2023/24,Serie A,Sassuolo,Verona,DRAW,D,3.81,Max market,0.26953995015925625,0.26703106014986694,0.26246719160104987,0.0025088900093893085,0.02694721010676626,-0.0019612782031205866,H,False,10.0,-10.0,STANDARD
2023-09-02,2023/24,Bundesliga,M'gladbach,Bayern Munich,Bayern Munich,A,1.37,Max market,0.739622319868673,0.7326881366246367,0.7299270072992701,0.006934183244036274,0.013282578220082053,0.03267072270286231,A,True,10.0,3.700000000000001,STRONG
2023-09-02,2023/24,Premier League,Sheffield United,Everton,DRAW,D,3.36,Max market,0.30112800984910043,0.2971688985597675,0.2976190476190476,0.003959111289332906,0.011790113092977395,-0.012001345120021434,D,True,10.0,23.599999999999998,STANDARD
2023-09-02,2023/24,Bundesliga,Werder Bremen,Mainz,DRAW,D,3.75,Max market,0.2713081368905624,0.2686567164179104,0.26666666666666666,0.0026514204726519885,0.017405513339608936,0.005541244732124695,H,False,10.0,-10.0,STANDARD
2023-09-03,2023/24,Bundesliga,Union Berlin,RB Leipzig,DRAW,D,3.64,Max market,0.28094899673923246,0.27793394237526353,0.2747252747252747,0.0030150543639689276,0.022654348130806135,-0.011551889866507792,A,False,10.0,-10.0,STANDARD
2023-09-03,2023/24,Serie A,Lecce,Salernitana,DRAW,D,3.58,Max market,0.28555921535318,0.28249114301696815,0.27932960893854747,0.003068072336211869,0.022301990964384455,0.004755463686156924,H,False,10.0,-10.0,STANDARD
2023-09-03,2023/24,Ligue 1,Le Havre,Lorient,DRAW,D,3.36,Max market,0.30722639676510816,0.30305232558139533,0.2976190476190476,0.004174071183712824,0.032280693130763316,0.001689978784535695,H,False,10.0,-10.0,STANDARD
2023-09-03,2023/24,Bundesliga,Ein Frankfurt,FC Koln,DRAW,D,3.66,Max market,0.27772252082490295,0.27483870967741936,0.27322404371584696,0.002883811147483595,0.0164644262191449,0.008088156354173592,D,True,10.0,26.6,STANDARD
2023-09-03,2023/24,Serie A,Torino,Genoa,DRAW,D,3.47,Max market,0.2959875134864949,0.2929564859656593,0.2881844380403458,0.003031027520835561,0.02707667179813722,-0.0009618391768665968,H,False,10.0,-10.0,STANDARD
2023-09-15,2023/24,La Liga,Vallecano,Alaves,DRAW,D,3.35,Max market,0.3050013813958635,0.30066283330359955,0.29850746268656714,0.004338548092263972,0.02175462767614289,-0.0007811532996789272,H,False,10.0,-10.0,STANDARD
2023-09-16,2023/24,Serie A,Juventus,Lazio,DRAW,D,3.6,Max market,0.28091316776449843,0.27826441784548417,0.2777777777777778,0.0026487499190142594,0.011287403952194408,-0.004740704594704992,H,False,10.0,-10.0,STANDARD
2023-09-16,2023/24,Bundesliga,Wolfsburg,Union Berlin,DRAW,D,3.62,Max market,0.27973840108453996,0.2767753909815615,0.27624309392265195,0.0029630101029784472,0.01265301192603463,0.008958176301472609,H,False,10.0,-10.0,STANDARD
2023-09-16,2023/24,La Liga,Celta,Mallorca,DRAW,D,3.25,Max market,0.3109292511031055,0.3064382814835658,0.3076923076923077,0.004490969619539709,0.010520066085092816,0.003473311888414432,A,False,10.0,-10.0,STANDARD
2023-09-17,2023/24,Serie A,Frosinone,Sassuolo,DRAW,D,3.68,Max market,0.2769335066416977,0.27394512980744606,0.2717391304347826,0.002988376834251627,0.0191153044414476,-0.0039947862251618615,H,False,10.0,-10.0,STANDARD
2023-09-17,2023/24,Serie A,Monza,Lecce,DRAW,D,3.57,Max market,0.2844195671403896,0.28120262758969183,0.2801120448179272,0.0032169395506977394,0.015377854691190684,0.009385741950291515,D,True,10.0,25.7,STANDARD
2023-09-17,2023/24,La Liga,Getafe,Osasuna,DRAW,D,3.09,Max market,0.33274173277215097,0.32742459988522604,0.3236245954692557,0.005317132886924925,0.02817195426594643,0.01066273504159787,H,False,10.0,-10.0,STRONG
2023-09-17,2023/24,Serie A,Fiorentina,Atalanta,DRAW,D,3.72,Max market,0.27433180771805526,0.27147625967089506,0.26881720430107525,0.0028555480471602057,0.020514324711165655,0.013618772006330715,H,False,10.0,-10.0,STANDARD
2023-09-17,2023/24,Bundesliga,Darmstadt,M'gladbach,DRAW,D,3.79,Max market,0.26829842003826887,0.26579276575822924,0.2638522427440633,0.0025056542800396264,0.01685101194503913,-0.0012274560664602974,D,True,10.0,27.9,STANDARD
2023-09-18,2023/24,Serie A,Salernitana,Torino,DRAW,D,3.44,Max market,0.2992994130125771,0.29570345408593096,0.29069767441860467,0.003595958926646159,0.029589980763265356,0.011884308881182304,A,False,10.0,-10.0,STANDARD
2023-09-18,2023/24,Serie A,Verona,Bologna,DRAW,D,3.46,Max market,0.2919751391993567,0.28840921170581557,0.28901734104046245,0.003565927493541121,0.01023398162977407,-0.004951497889084333,D,True,10.0,24.6,STANDARD
2023-09-18,2023/24,La Liga,Granada,Girona,DRAW,D,3.52,Max market,0.28740237502333377,0.2840862614606951,0.2840909090909091,0.0033161135626386673,0.011656360082134887,-0.012304890510381694,A,False,10.0,-10.0,STANDARD
2023-09-22,2023/24,Serie A,Salernitana,Frosinone,DRAW,D,3.47,Max market,0.2978367592210359,0.29422707015696864,0.2881844380403458,0.0036096890640672785,0.03349355449699476,0.0010735074655087162,D,True,10.0,24.700000000000003,STANDARD
2023-09-22,2023/24,Ligue 1,Monaco,Nice,DRAW,D,3.8,Max market,0.27062131321087823,0.268013104585845,0.2631578947368421,0.002608208625033248,0.02836099020133731,-0.00016323077651503315,A,False,10.0,-10.0,STANDARD
2023-09-23,2023/24,La Liga,Osasuna,Sevilla,DRAW,D,3.36,Max market,0.3024529082410923,0.2984486403210204,0.2976190476190476,0.004004267920071858,0.016241771690070017,-0.001728987309868868,D,True,10.0,23.599999999999998,STANDARD
2023-09-23,2023/24,Premier League,Luton,Wolves,DRAW,D,3.58,Max market,0.2823835721998462,0.27952398497354414,0.27932960893854747,0.002859587226302085,0.010933188475449551,0.010762812188527537,D,True,10.0,25.8,STANDARD
2023-09-24,2023/24,La Liga,Betis,Cadiz,DRAW,D,3.73,Max market,0.2717968687120661,0.26901988217729117,0.2680965147453083,0.002776986534774928,0.013802320296006476,-0.000713565799426441,D,True,10.0,27.3,STANDARD
2023-09-24,2023/24,Serie A,Udinese,Fiorentina,DRAW,D,3.64,Max market,0.27985961246801677,0.2767857142857143,0.2747252747252747,0.0030738981823024702,0.0186889893835811,0.012922036667271763,A,False,10.0,-10.0,STANDARD
2023-09-24,2023/24,La Liga,Ath Madrid,Real Madrid,DRAW,D,3.5,Max market,0.2889296368897457,0.2857323152647188,0.2857142857142857,0.0031973216250268943,0.011253729114109934,0.0023883819668616413,H,False,10.0,-10.0,STANDARD
2023-09-24,2023/24,Ligue 1,Metz,Strasbourg,DRAW,D,3.4,Max market,0.2975466382371739,0.2937514327425407,0.29411764705882354,0.003795205494633247,0.011658570006391367,0.004536716256461626,A,False,10.0,-10.0,STANDARD
2023-09-24,2023/24,Serie A,Torino,Roma,DRAW,D,3.23,Max market,0.3181415220002361,0.3135224974468852,0.30959752321981426,0.004619024553350892,0.02759711606076265,0.005890273362692933,D,True,10.0,22.3,STANDARD
2023-09-24,2023/24,La Liga,Vallecano,Villarreal,DRAW,D,3.73,Max market,0.27341356572157,0.270509143904847,0.2680965147453083,0.002904421816723013,0.019832600141456158,0.0068095006553731685,D,True,10.0,27.3,STANDARD
2023-09-27,2023/24,La Liga,Valencia,Sociedad,DRAW,D,3.3,Max market,0.31011924525880896,0.3056785117006797,0.30303030303030304,0.0044407335581292395,0.023393509354069586,0.011856809378562372,A,False,10.0,-10.0,STANDARD
2023-09-27,2023/24,La Liga,Cadiz,Vallecano,DRAW,D,3.31,Max market,0.3067453832172145,0.3027313840683184,0.3021148036253776,0.004013999148896108,0.015327218448980107,0.008975740289699274,D,True,10.0,23.1,STANDARD
2023-09-27,2023/24,Serie A,Empoli,Salernitana,DRAW,D,3.52,Max market,0.2969034300823382,0.2930004666355576,0.2840909090909091,0.003902963446780594,0.045100073889830616,0.011901670193316505,H,False,10.0,-10.0,STANDARD
2023-09-27,2023/24,Serie A,Lazio,Torino,DRAW,D,3.5,Max market,0.29208841220125265,0.28869580095742187,0.2857142857142857,0.0033926112438307787,0.022309442704384175,0.009478132888025126,H,False,10.0,-10.0,STANDARD
2023-09-28,2023/24,Serie A,Monza,Bologna,DRAW,D,3.54,Max market,0.28938426943981393,0.2859412294706226,0.2824858757062147,0.0034430399691913194,0.02442031381694143,-0.0014429199137533377,D,True,10.0,25.4,STANDARD
2023-09-28,2023/24,La Liga,Osasuna,Ath Madrid,DRAW,D,3.58,Max market,0.28270502932908603,0.27976135366246574,0.27932960893854747,0.0029436756666202935,0.012084004998128117,-0.0008617948771036943,A,False,10.0,-10.0,STANDARD
2023-09-28,2023/24,La Liga,Granada,Betis,DRAW,D,3.64,Max market,0.28121046933405,0.27803010339321976,0.2747252747252747,0.00318036594083021,0.023606108375942014,0.0025518548069046743,D,True,10.0,26.400000000000002,STANDARD
2023-09-28,2023/24,Serie A,Genoa,Roma,DRAW,D,3.44,Max market,0.2979229310754288,0.2943444160524645,0.29069767441860467,0.0035785150229643015,0.024854882899475017,0.00408776869433497,H,False,10.0,-10.0,STANDARD
2023-09-29,2023/24,Ligue 1,Strasbourg,Lens,DRAW,D,3.64,Max market,0.2803583953117023,0.2772599671384679,0.2747252747252747,0.0030984281732344132,0.020504558934596462,-0.0010701317800210775,A,False,10.0,-10.0,STANDARD
2023-09-30,2023/24,Bundesliga,Wolfsburg,Ein Frankfurt,DRAW,D,3.71,Max market,0.2735589852924285,0.27071948415584984,0.2695417789757412,0.0028395011365786593,0.014903835434909807,0.0050566661093478515,H,False,10.0,-10.0,STANDARD
2023-09-30,2023/24,La Liga,Sociedad,Ath Bilbao,DRAW,D,3.39,Max market,0.2995517425352849,0.2956721041145836,0.2949852507374631,0.00387963842070127,0.015480407194615742,0.013662037697672436,H,False,10.0,-10.0,STANDARD
2023-10-01,2023/24,Serie A,Udinese,Genoa,DRAW,D,3.35,Max market,0.30823560819117085,0.30397103992979374,0.29850746268656714,0.004264568261377111,0.03258928744042233,-0.008634742512330873,D,True,10.0,23.5,STANDARD
2023-10-01,2023/24,Ligue 1,Toulouse,Metz,DRAW,D,3.64,Max market,0.2789893608616365,0.2761290322580645,0.2747252747252747,0.0028603286035719933,0.015521273536357016,-0.009618895233221847,H,False,10.0,-10.0,STANDARD
2023-10-01,2023/24,Ligue 1,Lorient,Montpellier,DRAW,D,3.72,Max market,0.2728011320539214,0.27029045255837836,0.26881720430107525,0.0025106794955430667,0.014820211240587744,0.0059236934963912136,A,False,10.0,-10.0,STANDARD
2023-10-01,2023/24,La Liga,Alaves,Osasuna,DRAW,D,3.21,Max market,0.3178153327458195,0.3129544311437481,0.3115264797507788,0.004860901602071421,0.02018721811408075,0.0052977079021269136,A,False,10.0,-10.0,STANDARD
2023-10-01,2023/24,Premier League,Nott'm Forest,Brentford,DRAW,D,3.46,Max market,0.29823557719929933,0.2943199200022133,0.28901734104046245,0.003915657197086031,0.03189509710957572,0.005293290351848001,D,True,10.0,24.6,STANDARD
2023-10-01,2023/24,Ligue 1,Le Havre,Lille,DRAW,D,3.68,Max market,0.278637838011614,0.27573502191227334,0.2717391304347826,0.002902816099340677,0.025387243882739607,-0.011875534851215841,A,False,10.0,-10.0,STANDARD
2023-10-02,2023/24,La Liga,Las Palmas,Celta,DRAW,D,3.37,Max market,0.3022547823844182,0.29817272781382054,0.29673590504451036,0.004082054570597682,0.01859861663548945,0.009231104206551155,H,False,10.0,-10.0,STANDARD
2023-10-02,2023/24,Serie A,Torino,Verona,DRAW,D,3.58,Max market,0.28407059952737346,0.2809329515866761,0.27932960893854747,0.0031376479406973745,0.016972746307996944,-0.001645459037848962,D,True,10.0,25.8,STANDARD
2023-10-03,2023/24,Premier League,Luton,Burnley,DRAW,D,3.3,Max market,0.30731177197397386,0.3031987555569593,0.30303030303030304,0.004113016417014559,0.014128847514113696,0.0015922417365308306,A,False,10.0,-10.0,STANDARD
2023-10-06,2023/24,Ligue 1,Strasbourg,Nantes,DRAW,D,3.4,Max market,0.30034237362138105,0.296724880856312,0.29411764705882354,0.0036174927650690636,0.021164070312695626,0.0019773388444184192,A,False,10.0,-10.0,STANDARD
2023-10-06,2023/24,Serie A,Empoli,Udinese,DRAW,D,3.52,Max market,0.2910524806987926,0.2878630464110159,0.2840909090909091,0.0031894342877766824,0.02450473205974979,-0.001871959412372226,D,True,10.0,25.2,STANDARD
2023-10-07,2023/24,Serie A,Genoa,Milan,DRAW,D,3.7,Max market,0.2743915625898675,0.2712007234759732,0.27027027027027023,0.0031908391138943393,0.015248781582509974,0.012803863989452102,A,False,10.0,-10.0,STANDARD
2023-10-07,2023/24,Premier League,Crystal Palace,Nott'm Forest,DRAW,D,3.44,Max market,0.2994543138003495,0.2956721041145836,0.29069767441860467,0.0037822096857658694,0.030122839473202268,0.008419816672221803,D,True,10.0,24.4,STANDARD
2023-10-07,2023/24,Serie A,Juventus,Torino,DRAW,D,3.6,Max market,0.29014311080422367,0.28678996345075514,0.2777777777777778,0.003353147353468533,0.04451519889520528,0.02069876217436395,H,False,10.0,-10.0,STANDARD
2023-10-08,2023/24,Serie A,Frosinone,Verona,DRAW,D,3.45,Max market,0.2956701825073023,0.2918792267124307,0.2898550724637681,0.0037909557948715977,0.02006212965019305,-0.009667295358576133,H,False,10.0,-10.0,STANDARD
2023-10-08,2023/24,Serie A,Lazio,Atalanta,DRAW,D,3.48,Max market,0.2942533109086115,0.290803763664696,0.28735632183908044,0.003449547243915496,0.02400152196196803,0.007868068100660874,H,False,10.0,-10.0,STANDARD
2023-10-08,2023/24,La Liga,Alaves,Betis,DRAW,D,3.3,Max market,0.3063448942347161,0.3019425675675675,0.30303030303030304,0.004402326667148626,0.010938150974563188,-0.00523214529965671,D,True,10.0,23.0,STANDARD
2023-10-08,2023/24,Premier League,Wolves,Aston Villa,DRAW,D,3.77,Max market,0.2703953740615268,0.26784859707118824,0.26525198938992045,0.0025467769903385618,0.019390560211955954,-0.0009625531076923877,D,True,10.0,27.7,STANDARD
2023-10-08,2023/24,Premier League,Arsenal,Man City,DRAW,D,3.66,Max market,0.27881717877673573,0.2758214871937812,0.27322404371584696,0.0029956915829545405,0.020470874322852772,0.016576173624932244,H,False,10.0,-10.0,STANDARD
2023-10-21,2023/24,Bundesliga,Union Berlin,Stuttgart,DRAW,D,3.7,Max market,0.274202981499239,0.2716672630252493,0.27027027027027023,0.002535718473989701,0.014551031547184401,0.01387596047118389,A,False,10.0,-10.0,STANDARD
2023-10-21,2023/24,La Liga,Getafe,Betis,DRAW,D,3.31,Max market,0.31356836410626937,0.3089950716792928,0.3021148036253776,0.004573292426976572,0.037911285191751576,-0.0030176334829918328,D,True,10.0,23.1,STANDARD
2023-10-21,2023/24,La Liga,Celta,Ath Madrid,DRAW,D,3.66,Max market,0.2787150005360412,0.27556645106687244,0.27322404371584696,0.00314854946916876,0.02009690196191083,-0.0004529849278512854,A,False,10.0,-10.0,STANDARD
2023-10-21,2023/24,Premier League,Bournemouth,Wolves,DRAW,D,3.7,Max market,0.2790750050699524,0.27596526707630914,0.27027027027027023,0.00310973799364328,0.032577518758823976,0.0053288745695416195,A,False,10.0,-10.0,STANDARD
2023-10-21,2023/24,Bundesliga,Hoffenheim,Ein Frankfurt,DRAW,D,3.89,Max market,0.2642956285865,0.2617696307071122,0.2570694087403599,0.0025259978793878424,0.02810999520148516,0.0037436021643246775,A,False,10.0,-10.0,STANDARD
2023-10-22,2023/24,Ligue 1,Nantes,Montpellier,DRAW,D,3.76,Max market,0.27237617029307165,0.2696810090180204,0.26595744680851063,0.002695161275051261,0.024134400301949244,-9.564952485435763e-05,H,False,10.0,-10.0,STANDARD
2023-10-22,2023/24,La Liga,Las Palmas,Vallecano,DRAW,D,3.34,Max market,0.30998927115514735,0.30538754480286734,0.29940119760479045,0.004601726352280011,0.035364165658192004,0.011968142904615175,A,False,10.0,-10.0,STANDARD
2023-10-22,2023/24,Ligue 1,Toulouse,Reims,DRAW,D,3.68,Max market,0.27805304211793913,0.2751869827202176,0.2717391304347826,0.0028660593977215543,0.02323519499401594,0.006730435409825208,D,True,10.0,26.8,STANDARD
2023-10-23,2023/24,Serie A,Udinese,Lecce,DRAW,D,3.5,Max market,0.297434923160638,0.29374486651043274,0.2857142857142857,0.0036900566502052756,0.04102223106223302,0.0023211242812038457,D,True,10.0,25.0,STANDARD
2023-10-27,2023/24,Bundesliga,Bochum,Mainz,DRAW,D,3.74,Max market,0.27405513274326,0.27142322564550336,0.267379679144385,0.002631907097756625,0.024966196459792478,-0.0010727440529547105,D,True,10.0,27.400000000000002,STANDARD
2023-10-27,2023/24,Ligue 1,Clermont,Nice,DRAW,D,3.58,Max market,0.28454082307260836,0.28164879479114113,0.27932960893854747,0.0028920282814672293,0.018656146599937973,0.012089086639147928,A,False,10.0,-10.0,STANDARD
2023-10-28,2023/24,Serie A,Sassuolo,Bologna,DRAW,D,3.64,Max market,0.27913349288560135,0.27612466506839656,0.2747252747252747,0.0030088278172047955,0.01604591410358891,0.0010397970717122007,D,True,10.0,26.400000000000002,STANDARD
2023-10-28,2023/24,La Liga,Mallorca,Getafe,DRAW,D,3.17,Max market,0.32227506168699593,0.31735720238842774,0.31545741324921134,0.004917859298568195,0.02161194554777701,0.003699573046792304,D,True,10.0,21.7,STANDARD
2023-10-28,2023/24,La Liga,Cadiz,Sevilla,DRAW,D,3.52,Max market,0.291139431451168,0.2878764142400263,0.2840909090909091,0.0032630172111416944,0.024810798708111426,-0.002620452566989784,D,True,10.0,25.2,STANDARD
2023-10-28,2023/24,Bundesliga,Werder Bremen,Union Berlin,DRAW,D,3.68,Max market,0.27493189540670904,0.2719447619491941,0.2717391304347826,0.0029871334575149455,0.011749375096689274,0.005883299410647358,H,False,10.0,-10.0,STANDARD
2023-10-28,2023/24,La Liga,Almeria,Las Palmas,DRAW,D,3.6,Max market,0.2808184000095559,0.27769234318052505,0.2777777777777778,0.003126056829030832,0.010946240034401145,0.010810210398520592,A,False,10.0,-10.0,STANDARD
2023-10-28,2023/24,Bundesliga,Augsburg,Wolfsburg,DRAW,D,3.78,Max market,0.2672897413166077,0.264738778004543,0.2645502645502646,0.0025509633120647246,0.01035522217677709,0.0021233920834335396,H,False,10.0,-10.0,STANDARD
2023-10-29,2023/24,Premier League,West Ham,Everton,DRAW,D,3.81,Max market,0.2664463113562491,0.26389340747094137,0.26246719160104987,0.0025529038853077113,0.015160446267308947,-0.0032659590298496077,A,False,10.0,-10.0,STANDARD
2023-10-29,2023/24,La Liga,Betis,Osasuna,DRAW,D,3.56,Max market,0.2843940882916844,0.281595922592976,0.2808988764044944,0.002798165698708388,0.012442954318396371,-0.0018548845823510574,H,False,10.0,-10.0,STANDARD
2023-10-29,2023/24,Serie A,Cagliari,Frosinone,DRAW,D,3.6,Max market,0.28515835643494003,0.28177181041566535,0.2777777777777778,0.0033865460192746832,0.026570083165784242,4.499732314966476e-05,H,False,10.0,-10.0,STANDARD
2023-10-29,2023/24,La Liga,Vallecano,Sociedad,DRAW,D,3.29,Max market,0.3101951176840249,0.3057754048428257,0.303951367781155,0.004419712841199186,0.02054193718044206,-0.002162333109981651,D,True,10.0,22.9,STANDARD
2023-10-30,2023/24,Serie A,Lazio,Fiorentina,DRAW,D,3.6,Max market,0.2835811508062664,0.2804403347898332,0.2777777777777778,0.003140816016433179,0.02089214290255903,0.006291502870479304,H,False,10.0,-10.0,STANDARD
2023-10-30,2023/24,La Liga,Granada,Villarreal,DRAW,D,3.8,Max market,0.2691363750600883,0.2666315041163116,0.2631578947368421,0.002504870943776716,0.022718225228335553,0.0018431397321188592,A,False,10.0,-10.0,STANDARD
2023-11-04,2023/24,La Liga,Sociedad,Barcelona,DRAW,D,3.68,Max market,0.2775356808229593,0.274489518516281,0.2717391304347826,0.0030461623066783128,0.021331305428490266,0.011573382024234913,A,False,10.0,-10.0,STANDARD
2023-11-04,2023/24,Ligue 1,Marseille,Lille,DRAW,D,3.72,Max market,0.27395295272918274,0.27123625045328176,0.26881720430107525,0.002716702275900984,0.0191049841525599,-0.008617461032761287,D,True,10.0,27.200000000000003,STANDARD
2023-11-04,2023/24,La Liga,Betis,Mallorca,DRAW,D,3.54,Max market,0.2854593109586129,0.2824807605251245,0.2824858757062147,0.0029785504334883806,0.010525960793489553,0.0003748318227875247,H,False,10.0,-10.0,STANDARD
2023-11-04,2023/24,Bundesliga,Mainz,RB Leipzig,RB Leipzig,A,1.73,Max market,0.6036199999630656,0.6001364580856584,0.5780346820809249,0.0034835418774071814,0.044262599936103486,-0.04140547931428884,H,False,10.0,-10.0,STANDARD
2023-11-04,2023/24,La Liga,Celta,Sevilla,DRAW,D,3.58,Max market,0.2831029182187769,0.2798848834877786,0.27932960893854747,0.003218034730998298,0.01350844722322142,0.0032959947935097267,D,True,10.0,25.8,STANDARD
2023-11-05,2023/24,Ligue 1,Nantes,Reims,DRAW,D,3.4,Max market,0.2987673964498916,0.2949659820487431,0.29411764705882354,0.0038014144011485063,0.015809147929631395,-0.004513896169881182,A,False,10.0,-10.0,STANDARD
2023-11-05,2023/24,Serie A,Fiorentina,Juventus,DRAW,D,3.48,Max market,0.29386045758366786,0.2902718918146755,0.28735632183908044,0.003588565768992358,0.02263439239116405,0.015470353679489623,A,False,10.0,-10.0,STANDARD
2023-11-05,2023/24,La Liga,Villarreal,Ath Bilbao,DRAW,D,3.72,Max market,0.27153231444399933,0.26894072657743784,0.26881720430107525,0.0025915878665614955,0.010100209731677579,-0.0148391223555433,A,False,10.0,-10.0,STANDARD
2023-11-06,2023/24,Serie A,Torino,Sassuolo,DRAW,D,3.6,Max market,0.2810771072281618,0.27800161160354553,0.2777777777777778,0.0030754956246162868,0.011877586021382669,0.0015954204550021056,H,False,10.0,-10.0,STANDARD
2023-11-06,2023/24,La Liga,Getafe,Cadiz,DRAW,D,3.37,Max market,0.3020178870422932,0.29845591424910006,0.29673590504451036,0.0035619727931931466,0.017800279332528257,0.006450209452746769,H,False,10.0,-10.0,STANDARD
2023-11-10,2023/24,Serie A,Genoa,Verona,DRAW,D,3.45,Max market,0.2965199139671142,0.29303483752639836,0.2898550724637681,0.0034850764407158286,0.022993703186543923,-0.0021424187219830637,H,False,10.0,-10.0,STANDARD
2023-11-11,2023/24,La Liga,Osasuna,Las Palmas,DRAW,D,3.5,Max market,0.2927692090050846,0.2892731485158087,0.2857142857142857,0.003496060489275865,0.02469223151779598,0.0013777004175826724,D,True,10.0,25.0,STANDARD
2023-11-11,2023/24,La Liga,Vallecano,Girona,DRAW,D,3.7,Max market,0.2768199223164173,0.2738673280469487,0.27027027027027023,0.002952594269468589,0.024233712570743915,0.004707945246395895,A,False,10.0,-10.0,STANDARD
2023-11-11,2023/24,La Liga,Granada,Getafe,DRAW,D,3.33,Max market,0.30598507194365554,0.3017344070138657,0.3003003003003003,0.004250664929789816,0.01893028957237286,0.004483691164973436,D,True,10.0,23.3,STANDARD
2023-11-12,2023/24,Serie A,Fiorentina,Bologna,DRAW,D,3.7,Max market,0.27852856713886176,0.27570893194034424,0.27027027027027023,0.0028196351985175228,0.030555698413788468,0.0051158014833074805,H,False,10.0,-10.0,STANDARD
2023-11-12,2023/24,Ligue 1,Lens,Marseille,DRAW,D,3.65,Max market,0.2773385006386044,0.27464312084666503,0.273972602739726,0.002695379791939345,0.012285527330905932,0.007220835658957148,H,False,10.0,-10.0,STANDARD
2023-11-12,2023/24,La Liga,Sevilla,Betis,DRAW,D,3.68,Max market,0.2749628045878862,0.2721408294089274,0.2717391304347826,0.002821975178958769,0.01186312088342123,0.0003160888885155311,D,True,10.0,26.8,STANDARD
2023-11-12,2023/24,Serie A,Lazio,Roma,DRAW,D,3.25,Max market,0.312603863727636,0.3084281168781914,0.3076923076923077,0.004175746849444606,0.015962557114816978,0.021207841069021516,D,True,10.0,22.5,STANDARD
2023-11-12,2023/24,Ligue 1,Clermont,Lorient,DRAW,D,3.5,Max market,0.2898563687197836,0.28666599374179874,0.2857142857142857,0.0031903749779848556,0.014497290519242645,0.004576966730083232,H,False,10.0,-10.0,STANDARD
2023-11-25,2023/24,Premier League,Newcastle,Chelsea,DRAW,D,3.66,Max market,0.27725070014781944,0.274585868698087,0.27322404371584696,0.002664831449732452,0.0147375625410191,-0.0034134656821085407,H,False,10.0,-10.0,STANDARD
2023-11-25,2023/24,Serie A,Milan,Fiorentina,DRAW,D,3.62,Max market,0.2835926401014556,0.28064601535610273,0.27624309392265195,0.002946624745352844,0.026605357167269306,0.0036127497124534558,H,False,10.0,-10.0,STANDARD
2023-11-25,2023/24,Premier League,Sheffield United,Bournemouth,DRAW,D,3.72,Max market,0.2750969116305018,0.2724622366118437,0.26881720430107525,0.002634675018658106,0.0233605112654669,0.004004801989661522,A,False,10.0,-10.0,STANDARD
2023-11-25,2023/24,Serie A,Atalanta,Napoli,DRAW,D,3.66,Max market,0.2833480319932554,0.28016506189821183,0.27322404371584696,0.0031829700950435913,0.03705379709531487,-6.070929626211807e-05,A,False,10.0,-10.0,STANDARD
2023-11-25,2023/24,Premier League,Luton,Crystal Palace,DRAW,D,3.54,Max market,0.2874811830880759,0.2842537140588294,0.2824858757062147,0.0032274690292465325,0.017683388131788824,0.002730173867060759,H,False,10.0,-10.0,STANDARD
2023-11-26,2023/24,Serie A,Empoli,Sassuolo,DRAW,D,3.85,Max market,0.26649061773630695,0.26395481630528517,0.2597402597402597,0.002535801431021778,0.02598887828478169,0.009892691671389953,A,False,10.0,-10.0,STANDARD
2023-11-26,2023/24,Serie A,Cagliari,Monza,DRAW,D,3.58,Max market,0.29227139012274245,0.28859772810088874,0.27932960893854747,0.0036736620218537075,0.04633157663941789,0.006928335656123219,D,True,10.0,25.8,STANDARD
2023-11-26,2023/24,Ligue 1,Lorient,Metz,DRAW,D,3.62,Max market,0.28038704648233037,0.2774017086796279,0.27624309392265195,0.0029853378027024924,0.015001108266035956,0.008941108657945118,A,False,10.0,-10.0,STANDARD
2023-11-26,2023/24,Ligue 1,Montpellier,Brest,DRAW,D,3.6,Max market,0.28193184151399164,0.27880739157490325,0.2777777777777778,0.0031244499390883917,0.01495462945036996,0.006023831241770472,A,False,10.0,-10.0,STANDARD
2023-11-26,2023/24,Premier League,Everton,Man United,DRAW,D,3.7,Max market,0.27621357111665434,0.27324856644228374,0.27027027027027023,0.0029650046743706082,0.021990213131621195,0.008472295484807546,A,False,10.0,-10.0,STANDARD
2023-11-26,2023/24,Serie A,Frosinone,Genoa,DRAW,D,3.45,Max market,0.29982434126052326,0.29589195094725007,0.2898550724637681,0.003932390313273193,0.03439397734880534,0.0035295026900045157,H,False,10.0,-10.0,STANDARD
2023-11-26,2023/24,Ligue 1,Nantes,Le Havre,DRAW,D,3.6,Max market,0.28316292979600144,0.27983153954141315,0.2777777777777778,0.0033313902545882845,0.01938654726560518,0.008083036483409023,D,True,10.0,26.0,STANDARD
2023-11-26,2023/24,Ligue 1,Lyon,Lille,DRAW,D,3.6,Max market,0.28456172032867133,0.2813896949258881,0.2777777777777778,0.0031720254027832184,0.024422193183216923,-0.003997542899297546,A,False,10.0,-10.0,STANDARD
2023-11-27,2023/24,Serie A,Bologna,Torino,DRAW,D,3.33,Max market,0.30516411633439655,0.30123209035329257,0.3003003003003003,0.0039320259811039815,0.016196507393540616,0.014409797292805226,H,False,10.0,-10.0,STANDARD
2023-11-27,2023/24,Serie A,Verona,Lecce,DRAW,D,3.23,Max market,0.32366713720579987,0.31861092380310185,0.30959752321981426,0.005056213402698018,0.04544485317473357,0.004780820095915239,D,True,10.0,22.3,STRONG
2023-11-27,2023/24,Premier League,Fulham,Wolves,DRAW,D,3.48,Max market,0.2907621815711724,0.28731951013248974,0.28735632183908044,0.003442671438682654,0.011852391867679835,0.004335271263186169,H,False,10.0,-10.0,STANDARD
2023-11-29,2023/24,La Liga,Mallorca,Cadiz,DRAW,D,3.39,Max market,0.2996066525970761,0.29620066396163774,0.2949852507374631,0.0034059886354383395,0.015666552304087977,-0.004572599336171768,D,True,10.0,23.900000000000002,STANDARD
2023-12-01,2023/24,Serie A,Monza,Juventus,DRAW,D,3.59,Max market,0.28510125024345884,0.28206555370792263,0.2785515320334262,0.003035696535536203,0.023513488374017122,0.00033935292519443605,A,False,10.0,-10.0,STANDARD
2023-12-01,2023/24,La Liga,Las Palmas,Getafe,DRAW,D,3.13,Max market,0.33120522665939517,0.3258194723397617,0.3194888178913738,0.005385754319633451,0.0366723594439069,0.0004887691529663618,H,False,10.0,-10.0,STRONG
2023-12-01,2023/24,Bundesliga,Darmstadt,FC Koln,DRAW,D,3.7,Max market,0.27725891442532713,0.2744009499153252,0.27027027027027023,0.00285796451000192,0.02585798337371048,0.006648654007722743,A,False,10.0,-10.0,STANDARD
2023-12-02,2023/24,Serie A,Genoa,Empoli,DRAW,D,3.6,Max market,0.2819110458750486,0.27901647891768777,0.2777777777777778,0.0028945669573608446,0.014879765150175084,0.010621125116301089,D,True,10.0,26.0,STANDARD
2023-12-02,2023/24,Premier League,Nott'm Forest,Everton,DRAW,D,3.5,Max market,0.2910799657674713,0.28776526889734433,0.2857142857142857,0.0033146968701269763,0.018779880186149622,0.01723108528583417,A,False,10.0,-10.0,STANDARD
2023-12-02,2023/24,La Liga,Osasuna,Sociedad,DRAW,D,3.37,Max market,0.30216966181456395,0.2982232694389607,0.29673590504451036,0.003946392375603236,0.01831176031508064,0.005272815875709103,D,True,10.0,23.700000000000003,STANDARD
2023-12-03,2023/24,Premier League,West Ham,Crystal Palace,DRAW,D,3.68,Max market,0.2755093235790728,0.2727176840373243,0.2717391304347826,0.002791639541748492,0.013874310770987996,-0.0009842382338658973,D,True,10.0,26.8,STANDARD
2023-12-03,2023/24,Serie A,Lecce,Bologna,DRAW,D,3.37,Max market,0.30657360861968097,0.30235739635584985,0.29673590504451036,0.004216212263831121,0.03315306104832483,0.012276749985613566,D,True,10.0,23.700000000000003,STANDARD
2023-12-03,2023/24,La Liga,Mallorca,Alaves,DRAW,D,3.17,Max market,0.3243039282998369,0.31946802268726776,0.31545741324921134,0.004835905612569136,0.02804345271048292,0.009550115668166492,D,True,10.0,21.7,STANDARD
2023-12-03,2023/24,Serie A,Napoli,Inter,DRAW,D,3.66,Max market,0.27762492735634314,0.2748808145540729,0.27322404371584696,0.0027441128022702155,0.016107234124215886,0.002384804975882504,A,False,10.0,-10.0,STANDARD
2023-12-04,2023/24,Serie A,Torino,Atalanta,DRAW,D,3.39,Max market,0.3033746166924521,0.2992895309952517,0.2949852507374631,0.004085085697200397,0.028439950587412666,0.0045441872495519675,H,False,10.0,-10.0,STANDARD
2023-12-05,2023/24,Premier League,Wolves,Burnley,DRAW,D,3.8,Max market,0.2688590104884455,0.2662937767040755,0.2631578947368421,0.0025652337843700135,0.021664239856092893,0.0006091942177460785,H,False,10.0,-10.0,STANDARD
2023-12-06,2023/24,Premier League,Fulham,Nott'm Forest,DRAW,D,3.64,Max market,0.278704576917227,0.27580732994728724,0.2747252747252747,0.0028972469699397596,0.014484659978706294,0.0037545154418873183,H,False,10.0,-10.0,STANDARD
2023-12-06,2023/24,Premier League,Sheffield United,Liverpool,Liverpool,A,1.29,Max market,0.8092325160792602,0.8031612373340923,0.7751937984496123,0.006071278745167885,0.043909945742245604,0.009767058119195204,A,True,10.0,2.9000000000000004,STRONG
2023-12-07,2023/24,Premier League,Everton,Newcastle,DRAW,D,3.6,Max market,0.28303646476494776,0.27968613975678136,0.2777777777777778,0.0033503250081663993,0.018931273153812045,-0.0004995998215195918,H,False,10.0,-10.0,STANDARD
2023-12-08,2023/24,Serie A,Juventus,Napoli,DRAW,D,3.42,Max market,0.29791785706983515,0.29419256240448294,0.29239766081871343,0.003725294665352208,0.01887907117883625,0.0013034290623305522,H,False,10.0,-10.0,STANDARD
2023-12-08,2023/24,Ligue 1,Montpellier,Lens,DRAW,D,3.68,Max market,0.27661681849245245,0.2740977240053025,0.2717391304347826,0.002519094487149931,0.01794989205222497,-0.001262498621746766,D,True,10.0,26.8,STANDARD
2023-12-09,2023/24,Serie A,Atalanta,Milan,DRAW,D,3.45,Max market,0.2952391267387949,0.2914619614487785,0.2898550724637681,0.003777165290016371,0.018574987248842323,0.0023196058359092886,H,False,10.0,-10.0,STANDARD
2023-12-09,2023/24,Serie A,Verona,Lazio,DRAW,D,3.6,Max market,0.28261004683008517,0.2795754540593623,0.2777777777777778,0.003034592770722877,0.017396168588306615,-0.0008867105243254847,D,True,10.0,26.0,STANDARD
2023-12-09,2023/24,La Liga,Villarreal,Sociedad,DRAW,D,3.68,Max market,0.27487118146129674,0.2721755299367795,0.2717391304347826,0.0026956515245172286,0.011525947777571988,0.006810577202314705,A,False,10.0,-10.0,STANDARD
2023-12-09,2023/24,La Liga,Alaves,Las Palmas,DRAW,D,3.33,Max market,0.3058852982640927,0.30193184905552456,0.3003003003003003,0.0039534492085681605,0.018598043219428817,-0.00016434611674648325,A,False,10.0,-10.0,STANDARD
2023-12-09,2023/24,Bundesliga,Ein Frankfurt,Bayern Munich,Bayern Munich,A,1.4,Max market,0.7315833438408845,0.726409561129859,0.7142857142857143,0.005173782711025532,0.024216681377238203,-0.0005357955652390833,H,False,10.0,-10.0,STRONG
2023-12-09,2023/24,La Liga,Mallorca,Sevilla,DRAW,D,3.29,Max market,0.3077571183176457,0.30342454792766843,0.303951367781155,0.004332570389977253,0.012520919265054387,0.014818313395797922,H,False,10.0,-10.0,STANDARD
2023-12-10,2023/24,Serie A,Monza,Genoa,DRAW,D,3.46,Max market,0.299394547446376,0.2957928388265285,0.28901734104046245,0.003601708619847488,0.03590513416446095,0.005208228070164078,H,False,10.0,-10.0,STANDARD
2023-12-10,2023/24,Serie A,Roma,Fiorentina,DRAW,D,3.52,Max market,0.291227938370995,0.2877178892260099,0.2840909090909091,0.0035100491449850946,0.02512234306590222,-0.005046732367807005,D,True,10.0,25.2,STANDARD
2023-12-10,2023/24,Premier League,Fulham,West Ham,DRAW,D,3.66,Max market,0.27725054072610156,0.2744762935481234,0.27322404371584696,0.0027742471779781397,0.014736979057531796,-0.0027729102080323864,H,False,10.0,-10.0,STANDARD
2023-12-10,2023/24,Bundesliga,FC Koln,Mainz,DRAW,D,3.64,Max market,0.2780991954283194,0.2750777959053971,0.2747252747252747,0.0030213995229222967,0.01228107135908263,0.0037453579822855354,D,True,10.0,26.400000000000002,STANDARD
2023-12-10,2023/24,Serie A,Frosinone,Torino,DRAW,D,3.48,Max market,0.29426127198869056,0.2909023645836544,0.28735632183908044,0.003358907405036138,0.02402922652064321,-0.003186068429411104,D,True,10.0,24.8,STANDARD
2023-12-10,2023/24,Ligue 1,Metz,Brest,DRAW,D,3.52,Max market,0.292188591851946,0.2887001959503593,0.2840909090909091,0.003488395901586727,0.02850384331885003,0.006612727376652416,A,False,10.0,-10.0,STANDARD
2023-12-10,2023/24,La Liga,Cadiz,Osasuna,DRAW,D,3.27,Max market,0.30915266653862666,0.304742304365931,0.3058103975535168,0.004410362172695637,0.010929219581309102,0.008038759301121412,D,True,10.0,22.7,STANDARD
2023-12-10,2023/24,Premier League,Everton,Chelsea,DRAW,D,3.75,Max market,0.26977030509099925,0.2671757771658579,0.26666666666666666,0.0025945279251413655,0.011638644091247263,0.009499666380001326,H,False,10.0,-10.0,STANDARD
2023-12-11,2023/24,Serie A,Empoli,Lecce,DRAW,D,3.49,Max market,0.2947609741081442,0.2910964366606055,0.28653295128939826,0.0036645374475387515,0.028715799637423434,0.014569636595703928,D,True,10.0,24.900000000000002,STANDARD
2023-12-11,2023/24,La Liga,Vallecano,Celta,DRAW,D,3.5,Max market,0.291823702890416,0.2884069848074135,0.2857142857142857,0.003416718083002479,0.021382960116455907,0.012697624436568522,D,True,10.0,25.0,STANDARD
2023-12-11,2023/24,Serie A,Cagliari,Sassuolo,DRAW,D,3.83,Max market,0.2703901833086097,0.2676795290887728,0.2610966057441253,0.0027106542198369055,0.03559440207197517,0.01660140736607668,H,False,10.0,-10.0,STANDARD
2023-12-15,2023/24,La Liga,Osasuna,Vallecano,DRAW,D,3.33,Max market,0.3056287837863302,0.3015345703014402,0.3003003003003003,0.004094213484889975,0.017743850008479445,-0.0015814214508046986,H,False,10.0,-10.0,STANDARD
2023-12-15,2023/24,Serie A,Genoa,Juventus,DRAW,D,3.42,Max market,0.3032421842835203,0.2989687692804888,0.29239766081871343,0.004273415003031467,0.037088270249639343,0.0213911545817711,D,True,10.0,24.2,STANDARD
2023-12-16,2023/24,Bundesliga,Darmstadt,Wolfsburg,DRAW,D,3.8,Max market,0.26811863034905825,0.26555241535495705,0.2631578947368421,0.0025662149941012014,0.0188507953264212,-0.00714481502962433,A,False,10.0,-10.0,STANDARD
2023-12-16,2023/24,Serie A,Lecce,Frosinone,DRAW,D,3.58,Max market,0.2837971609275084,0.2808726648377283,0.27932960893854747,0.002924496089780071,0.01599383612048011,0.011616882862765798,H,False,10.0,-10.0,STANDARD
2023-12-16,2023/24,La Liga,Sevilla,Getafe,DRAW,D,3.6,Max market,0.28386513856547707,0.2810131732872183,0.2777777777777778,0.0028519652782587612,0.02191449883571739,-0.0038343537090396174,A,False,10.0,-10.0,STANDARD
2023-12-16,2023/24,Premier League,Burnley,Everton,DRAW,D,3.62,Max market,0.28197622955076607,0.2790193737948765,0.27624309392265195,0.0029568557558895536,0.020753950973773083,-0.002937431046267036,A,False,10.0,-10.0,STANDARD
2023-12-16,2023/24,La Liga,Ath Bilbao,Ath Madrid,DRAW,D,3.64,Max market,0.28022857093506576,0.276970922096097,0.2747252747252747,0.0032576488389687297,0.020031998203639434,0.007314400459549897,H,False,10.0,-10.0,STANDARD
2023-12-16,2023/24,Bundesliga,Bochum,Union Berlin,DRAW,D,3.6,Max market,0.28065096838724485,0.27765045678586003,0.2777777777777778,0.0030005116013848143,0.01034348619408143,0.005867661594643636,H,False,10.0,-10.0,STANDARD
2023-12-17,2023/24,La Liga,Almeria,Mallorca,DRAW,D,3.43,Max market,0.2950650357032076,0.29134699042948664,0.29154518950437314,0.003718045273720938,0.012073072462001955,0.013725532339289637,D,True,10.0,24.3,STANDARD
2023-12-17,2023/24,Serie A,Udinese,Sassuolo,DRAW,D,3.83,Max market,0.26955116876517926,0.26691150698709254,0.2610966057441253,0.0026396617780867215,0.03238097637063664,0.012520027485732554,D,True,10.0,28.3,STANDARD
2023-12-17,2023/24,La Liga,Las Palmas,Cadiz,DRAW,D,3.49,Max market,0.28987943574672065,0.2866920152091254,0.28653295128939826,0.0031874205375952425,0.011679230756055148,0.006181565564017,D,True,10.0,24.900000000000002,STANDARD
2023-12-17,2023/24,Ligue 1,Nantes,Brest,DRAW,D,3.43,Max market,0.2964542952718766,0.2927924153369165,0.29154518950437314,0.0036618799349600883,0.016838232782536933,0.010014297626046387,A,False,10.0,-10.0,STANDARD
2023-12-17,2023/24,Serie A,Bologna,Roma,DRAW,D,3.27,Max market,0.31993962793235814,0.31518588531821046,0.3058103975535168,0.004753742614147682,0.04620258333881111,0.015107946398155603,H,False,10.0,-10.0,STANDARD
2023-12-17,2023/24,Ligue 1,Lorient,Strasbourg,DRAW,D,3.42,Max market,0.2984556184374729,0.2946549592772052,0.29239766081871343,0.0038006591602677275,0.02071821505615734,0.004463393714295216,A,False,10.0,-10.0,STANDARD
2023-12-19,2023/24,La Liga,Vallecano,Valencia,DRAW,D,3.4,Max market,0.3037644716182036,0.29982344686052304,0.29411764705882354,0.003941024757680545,0.03279920350189225,0.0011601320157486605,A,False,10.0,-10.0,STANDARD
2023-12-20,2023/24,Ligue 1,Strasbourg,Lille,DRAW,D,3.69,Max market,0.27524585079295594,0.2725940780020406,0.2710027100271003,0.00265177279091533,0.015657189426007356,0.004241131136208998,H,False,10.0,-10.0,STANDARD
2023-12-20,2023/24,Bundesliga,Heidenheim,Freiburg,DRAW,D,3.74,Max market,0.27013574020224146,0.2675932258401048,0.267379679144385,0.0025425143621366497,0.010307668356383193,0.009882450043447066,H,False,10.0,-10.0,STANDARD
2023-12-20,2023/24,La Liga,Villarreal,Celta,DRAW,D,3.8,Max market,0.27430861086179875,0.2715936160539068,0.2631578947368421,0.002714994807891946,0.04237272127483527,0.004762592271497779,H,False,10.0,-10.0,STANDARD
2023-12-21,2023/24,La Liga,Mallorca,Osasuna,DRAW,D,3.17,Max market,0.3237942307765259,0.3189397928734422,0.31545741324921134,0.004854437903083708,0.026427711561587186,0.010460030438149692,H,False,10.0,-10.0,STANDARD
2023-12-21,2023/24,Premier League,Crystal Palace,Brighton,DRAW,D,3.7,Max market,0.2766609380226184,0.2739515342486308,0.27027027027027023,0.0027094037739875954,0.02364547068368794,0.01376825169896806,D,True,10.0,27.0,STANDARD
2023-12-23,2023/24,Serie A,Bologna,Atalanta,DRAW,D,3.37,Max market,0.3066119348736728,0.30251909221469686,0.29673590504451036,0.004092842658975915,0.03328222052427732,0.01459202606209925,H,False,10.0,-10.0,STANDARD
2023-12-23,2023/24,Premier League,West Ham,Man United,DRAW,D,3.81,Max market,0.2656172288434561,0.26299777153376613,0.26246719160104987,0.0026194573096899876,0.012001641893567783,-0.0075372493465302726,H,False,10.0,-10.0,STANDARD
2023-12-26,2023/24,Premier League,Bournemouth,Fulham,DRAW,D,3.79,Max market,0.26837412445676717,0.26582448997919506,0.2638522427440633,0.002549634477572116,0.017137931691147523,-0.016059939216339553,H,False,10.0,-10.0,STANDARD
2023-12-29,2023/24,Serie A,Fiorentina,Torino,DRAW,D,3.39,Max market,0.3034875896201024,0.29958960328317374,0.2949852507374631,0.0038979863369286716,0.02882292881214732,0.003380101615250708,H,False,10.0,-10.0,STANDARD
2023-12-30,2023/24,Premier League,Crystal Palace,Brentford,DRAW,D,3.5,Max market,0.292142339240217,0.2886736838927112,0.2857142857142857,0.003468655347505789,0.02249818734075948,0.003531124928566054,H,False,10.0,-10.0,STANDARD
2023-12-30,2023/24,Serie A,Udinese,Bologna,DRAW,D,3.29,Max market,0.3093749646681678,0.3054054467798478,0.303951367781155,0.003969517888319951,0.017843633758271915,0.006568089483070416,H,False,10.0,-10.0,STANDARD
2023-12-30,2023/24,Serie A,Cagliari,Empoli,DRAW,D,3.68,Max market,0.2772110876129334,0.2743648657997939,0.2717391304347826,0.0028462218131394823,0.020136802415595012,-0.0040256239682079364,D,True,10.0,26.8,STANDARD
2024-01-02,2023/24,La Liga,Getafe,Vallecano,DRAW,D,3.11,Max market,0.3249980986258011,0.3200383868174051,0.3215434083601286,0.004959711808395995,0.010744086726241386,0.0011567142045155188,A,False,10.0,-10.0,STANDARD
2024-01-03,2023/24,La Liga,Celta,Betis,DRAW,D,3.55,Max market,0.28782882828171863,0.2842763542717612,0.28169014084507044,0.0035524740099574514,0.02179234040010103,0.005601033809219724,H,False,10.0,-10.0,STANDARD
2024-01-04,2023/24,La Liga,Sevilla,Ath Bilbao,DRAW,D,3.54,Max market,0.2912531273475124,0.287813327181805,0.2824858757062147,0.003439800165707385,0.031036070810193994,0.006868971822469205,A,False,10.0,-10.0,STANDARD
2024-01-05,2023/24,Serie A,Bologna,Genoa,DRAW,D,3.19,Max market,0.31664914830710517,0.31208602271766395,0.31347962382445144,0.004563125589441219,0.010110783099665399,0.007793994466575638,D,True,10.0,21.9,STANDARD
2024-01-06,2023/24,Serie A,Lecce,Cagliari,DRAW,D,3.48,Max market,0.29195894340107964,0.28849573662851674,0.28735632183908044,0.003463206772562899,0.016017123035757086,0.009578629746690936,D,True,10.0,24.8,STANDARD
2024-01-07,2023/24,Serie A,Roma,Atalanta,DRAW,D,3.39,Max market,0.2996252643808015,0.2959197324414716,0.2949852507374631,0.0037055319393299313,0.015729646250917106,0.007045508665706468,D,True,10.0,23.900000000000002,STANDARD
2024-01-07,2023/24,Serie A,Torino,Napoli,DRAW,D,3.41,Max market,0.30018959460239664,0.29602712599162473,0.29325513196480935,0.004162468610771908,0.023646517594172467,0.012309563496897213,H,False,10.0,-10.0,STANDARD
2024-01-12,2023/24,Premier League,Burnley,Luton,DRAW,D,3.75,Max market,0.2712704026493142,0.26876185891082094,0.26666666666666666,0.0025085437384932407,0.01726400993492816,0.009180078002823167,D,True,10.0,27.5,STANDARD
2024-01-13,2023/24,La Liga,Mallorca,Celta,DRAW,D,3.15,Max market,0.32235264471874087,0.3175318049931448,0.31746031746031744,0.004820839725596049,0.01541083086403372,0.003444175288829121,D,True,10.0,21.5,STANDARD
2024-01-13,2023/24,Serie A,Verona,Empoli,DRAW,D,3.49,Max market,0.29364627678924005,0.2902286902286902,0.28653295128939826,0.0034175865605498568,0.024825505994447772,-0.0004360273490370825,H,False,10.0,-10.0,STANDARD
2024-01-13,2023/24,Serie A,Genoa,Torino,DRAW,D,3.11,Max market,0.326306128687861,0.3211001352026212,0.3215434083601286,0.005205993485239813,0.014812060219247636,0.007077790278301688,D,True,10.0,21.099999999999998,STRONG
2024-01-14,2023/24,Serie A,Cagliari,Bologna,DRAW,D,3.27,Max market,0.3142988182391352,0.3095640785630782,0.3058103975535168,0.004734739676056976,0.02775713564197213,0.005610279274314456,H,False,10.0,-10.0,STANDARD
2024-01-14,2023/24,La Liga,Cadiz,Valencia,DRAW,D,3.15,Max market,0.3225594267068913,0.31753740928649415,0.31746031746031744,0.005022017420397151,0.01606219412670762,0.015453406974503814,A,False,10.0,-10.0,STRONG
2024-01-19,2023/24,La Liga,Alaves,Cadiz,DRAW,D,3.61,Max market,0.28164567384454475,0.2788633014358035,0.2770083102493075,0.0027823724087412405,0.01674088257880646,-0.011518197278787945,H,False,10.0,-10.0,STANDARD
2024-01-20,2023/24,Bundesliga,Heidenheim,Wolfsburg,DRAW,D,3.72,Max market,0.2732231262945878,0.2705128655039168,0.26881720430107525,0.002710260790670993,0.01639002981586657,0.01052350390859541,D,True,10.0,27.200000000000003,STANDARD
2024-01-21,2023/24,Serie A,Salernitana,Genoa,DRAW,D,3.35,Max market,0.3016206710421391,0.2981233284591898,0.29850746268656714,0.003497342582949259,0.010429247991165846,0.01980026564098214,A,False,10.0,-10.0,STANDARD
2024-01-21,2023/24,La Liga,Osasuna,Getafe,DRAW,D,3.29,Max market,0.31411480165932865,0.30974570108409877,0.303951367781155,0.004369100575229878,0.03343769745919123,0.02169883823127816,H,False,10.0,-10.0,STANDARD
2024-01-21,2023/24,Serie A,Empoli,Monza,DRAW,D,3.54,Max market,0.2876187789271353,0.2842068377838126,0.2824858757062147,0.003411941143322661,0.018170477402058793,0.009529197964671277,H,False,10.0,-10.0,STANDARD
2024-01-26,2023/24,Bundesliga,Ein Frankfurt,Mainz,DRAW,D,3.66,Max market,0.2810041087839268,0.27779498753521853,0.27322404371584696,0.0032091212487082577,0.02847503814917207,0.00541126606893344,H,False,10.0,-10.0,STANDARD
2024-01-26,2023/24,Ligue 1,Lyon,Rennes,DRAW,D,3.5,Max market,0.2892337607715559,0.285751084867339,0.2857142857142857,0.0034826759042168587,0.012318162700445612,-0.0030059774952771456,A,False,10.0,-10.0,STANDARD
2024-01-26,2023/24,La Liga,Almeria,Alaves,DRAW,D,3.39,Max market,0.3009134050210537,0.2970074842734764,0.2949852507374631,0.003905920747577285,0.020096443021371924,0.011706141405375847,A,False,10.0,-10.0,STANDARD
2024-01-27,2023/24,La Liga,Mallorca,Betis,DRAW,D,3.31,Max market,0.30974970137325875,0.30539133158451115,0.3021148036253776,0.004358369788747596,0.025271511545486458,-0.0005406051527228617,A,False,10.0,-10.0,STANDARD
2024-01-27,2023/24,Bundesliga,Werder Bremen,Freiburg,DRAW,D,3.72,Max market,0.27280321872460145,0.2700223931457502,0.26881720430107525,0.0027808255788512315,0.014827973655517468,0.006202920600723194,H,False,10.0,-10.0,STANDARD
2024-01-28,2023/24,Ligue 1,Lorient,Le Havre,DRAW,D,3.29,Max market,0.30981691753852936,0.3055183000727155,0.303951367781155,0.0042986174658138365,0.0192976587017617,0.006425367272147209,D,True,10.0,22.9,STANDARD
2024-01-28,2023/24,La Liga,Celta,Girona,DRAW,D,3.72,Max market,0.2743976736531149,0.271413674372848,0.26881720430107525,0.00298399928026688,0.020759345989587397,0.0015931825727514837,A,False,10.0,-10.0,STANDARD
2024-01-28,2023/24,Serie A,Monza,Sassuolo,DRAW,D,3.77,Max market,0.273506585821389,0.27069559549306266,0.26525198938992045,0.002810990328326324,0.03111982854663653,0.00955570196664779,H,False,10.0,-10.0,STANDARD
2024-01-28,2023/24,Serie A,Genoa,Lecce,DRAW,D,3.34,Max market,0.31020233314106277,0.30613012410680707,0.29940119760479045,0.004072209034255703,0.03607579269114969,0.0031226201313123703,H,False,10.0,-10.0,STANDARD
2024-01-28,2023/24,La Liga,Sevilla,Osasuna,DRAW,D,3.53,Max market,0.28763037304274885,0.28428381045318496,0.28328611898017,0.003346562589563895,0.015335216840903332,0.013962510262494843,D,True,10.0,25.299999999999997,STANDARD
2024-01-28,2023/24,Serie A,Verona,Frosinone,DRAW,D,3.56,Max market,0.2841639552771436,0.28121321649803227,0.2808988764044944,0.0029507387791113393,0.01162368078663123,0.007590854748787068,D,True,10.0,25.6,STANDARD
2024-02-03,2023/24,Serie A,Empoli,Genoa,DRAW,D,3.35,Max market,0.3165597242197381,0.31197103761822104,0.29850746268656714,0.004588686601517067,0.060475076136122574,0.014048478428933364,D,True,10.0,23.5,STANDARD
2024-02-03,2023/24,Ligue 1,Nantes,Lens,DRAW,D,3.56,Max market,0.2857851054423636,0.28230118236534174,0.2808988764044944,0.0034839230770218332,0.01739497537481438,-0.0002688881106977514,A,False,10.0,-10.0,STANDARD
2024-02-03,2023/24,La Liga,Girona,Sociedad,DRAW,D,3.63,Max market,0.28054731326753823,0.2775037274959387,0.27548209366391185,0.003043585771599522,0.01838674716116384,-0.001844812767256565,D,True,10.0,26.299999999999997,STANDARD
2024-02-03,2023/24,La Liga,Granada,Las Palmas,DRAW,D,3.43,Max market,0.2988098697087329,0.2948148720126636,0.29154518950437314,0.003994997696069313,0.024917853100953957,-0.003682593891530972,D,True,10.0,24.3,STANDARD
2024-02-03,2023/24,Serie A,Udinese,Monza,DRAW,D,3.56,Max market,0.2875780575071033,0.2844955674745931,0.2808988764044944,0.00308249003251021,0.023777884725287857,0.008622244983564786,D,True,10.0,25.6,STANDARD
2024-02-03,2023/24,Premier League,Burnley,Fulham,DRAW,D,3.6,Max market,0.2814127734389144,0.2783017214178032,0.2777777777777778,0.003111052021111227,0.013085984380091897,0.012344696915798814,D,True,10.0,26.0,STANDARD
2024-02-03,2023/24,La Liga,Alaves,Barcelona,DRAW,D,3.88,Max market,0.26079748334634945,0.258296681327469,0.2577319587628866,0.0025008020188804214,0.011894235383835827,0.00652915994772707,A,False,10.0,-10.0,STANDARD
2024-02-04,2023/24,La Liga,Betis,Getafe,DRAW,D,3.59,Max market,0.2823950715988653,0.27955350921354005,0.2785515320334262,0.002841562385325236,0.01379830703992635,0.013620962527782055,D,True,10.0,25.9,STANDARD
2024-02-04,2023/24,Serie A,Inter,Juventus,DRAW,D,3.68,Max market,0.2747745179259742,0.27210324776627426,0.2717391304347826,0.0026712701596999233,0.01117022596758499,0.008441667592677948,H,False,10.0,-10.0,STANDARD
2024-02-04,2023/24,La Liga,Osasuna,Celta,DRAW,D,3.31,Max market,0.30657915018327847,0.30242178478812787,0.3021148036253776,0.004157365395150603,0.014776987106651651,0.008150779779915018,A,False,10.0,-10.0,STANDARD
2024-02-04,2023/24,Ligue 1,Metz,Lorient,DRAW,D,3.34,Max market,0.30727479664189566,0.3035564983123278,0.29940119760479045,0.0037182983295678818,0.026297820783931503,-0.0024923268612800364,A,False,10.0,-10.0,STANDARD
2024-02-04,2023/24,Serie A,Atalanta,Lazio,DRAW,D,3.52,Max market,0.28699513084006323,0.2839631153854618,0.2840909090909091,0.003032015454601411,0.010222860557022484,0.0033955971052146428,H,False,10.0,-10.0,STANDARD
2024-02-05,2023/24,La Liga,Vallecano,Sevilla,DRAW,D,3.5,Max market,0.2894147922757618,0.2862680018641236,0.2857142857142857,0.0031467904116381784,0.012951772965166253,0.005976548469574405,A,False,10.0,-10.0,STANDARD
2024-02-07,2023/24,Bundesliga,Mainz,Union Berlin,DRAW,D,3.47,Max market,0.2935228523832867,0.29001278017354126,0.2881844380403458,0.0035100722097454184,0.01852429777000486,-0.000772671694581506,D,True,10.0,24.700000000000003,STANDARD
2024-02-09,2023/24,Serie A,Salernitana,Empoli,DRAW,D,3.32,Max market,0.30520663116016844,0.3011570648120307,0.30120481927710846,0.004049566348137745,0.013286015451759114,0.0021880322587190526,A,False,10.0,-10.0,STANDARD
2024-02-10,2023/24,Serie A,Sassuolo,Torino,DRAW,D,3.52,Max market,0.2892674335235309,0.28613163773844297,0.2840909090909091,0.003135795785087936,0.018221366002828754,0.007478886466920964,D,True,10.0,25.2,STANDARD
2024-02-10,2023/24,Premier League,Fulham,Bournemouth,DRAW,D,3.74,Max market,0.270351137029979,0.26775753068055036,0.267379679144385,0.0025936063494286232,0.011113252492121362,0.005276835193256557,H,False,10.0,-10.0,STANDARD
2024-02-10,2023/24,La Liga,Alaves,Villarreal,DRAW,D,3.58,Max market,0.28398772115264753,0.28082812719293254,0.27932960893854747,0.0031595939597149902,0.016676041726478186,-0.0005910224148776289,D,True,10.0,25.8,STANDARD
2024-02-11,2023/24,Serie A,Monza,Verona,DRAW,D,3.52,Max market,0.2932200088385668,0.28949601907610234,0.2840909090909091,0.0037239897624644636,0.03213443111175507,0.010153882398902914,D,True,10.0,25.2,STANDARD
2024-02-11,2023/24,Ligue 1,Le Havre,Rennes,DRAW,D,3.5,Max market,0.2892165950680798,0.2861099403937625,0.2857142857142857,0.0031066546743173107,0.012258082738279219,0.0022573058081790665,A,False,10.0,-10.0,STANDARD
2024-02-11,2023/24,Ligue 1,Clermont,Brest,DRAW,D,3.56,Max market,0.2854898274376046,0.282775431451895,0.2808988764044944,0.0027143959857096056,0.016343785677872313,0.002249924203677589,D,True,10.0,25.6,STANDARD
2024-02-14,2023/24,Serie A,Bologna,Fiorentina,DRAW,D,3.42,Max market,0.30014231540089614,0.2962604480565537,0.29239766081871343,0.0038818673443424268,0.02648671867106489,0.011955531108628736,H,False,10.0,-10.0,STANDARD
2024-02-16,2023/24,Bundesliga,FC Koln,Werder Bremen,DRAW,D,3.58,Max market,0.28566085973835104,0.2824415502902872,0.27932960893854747,0.003219309448063812,0.022665877863296657,0.004122809246198844,A,False,10.0,-10.0,STANDARD
2024-02-18,2023/24,La Liga,Mallorca,Sociedad,DRAW,D,2.99,Max market,0.344310836070045,0.3381680874464478,0.33444816053511706,0.006142748623597205,0.02948939984943455,0.0065904939249646355,A,False,10.0,-10.0,STRONG
2024-02-18,2023/24,La Liga,Betis,Alaves,DRAW,D,3.54,Max market,0.2894804131298456,0.2862721980694128,0.2824858757062147,0.0032082150604328397,0.024760662479653472,0.018951090518059377,D,True,10.0,25.4,STANDARD
2024-02-18,2023/24,Serie A,Lazio,Bologna,DRAW,D,3.29,Max market,0.3110816885940389,0.30671467245452444,0.303951367781155,0.004367016139514457,0.023458755474387916,0.01177409201367624,A,False,10.0,-10.0,STANDARD
2024-02-18,2023/24,Serie A,Empoli,Fiorentina,DRAW,D,3.6,Max market,0.2869272200360537,0.28343902954917377,0.2777777777777778,0.0034881904868799274,0.032937992129793425,0.003868517494882151,D,True,10.0,26.0,STANDARD
2024-02-18,2023/24,Bundesliga,Freiburg,Ein Frankfurt,DRAW,D,3.56,Max market,0.2847890442649935,0.2815490314676096,0.2808988764044944,0.0032400127973838955,0.013848997583376876,0.0027885267942466263,D,True,10.0,25.6,STANDARD
2024-02-22,2023/24,Serie A,Torino,Lazio,DRAW,D,3.1,Max market,0.3294556944728055,0.32426468534398484,0.3225806451612903,0.005191009128820645,0.021312652865697057,0.004597384039368491,A,False,10.0,-10.0,STRONG
2024-02-23,2023/24,Ligue 1,Metz,Lyon,DRAW,D,3.56,Max market,0.28434309158624244,0.2812188089164911,0.2808988764044944,0.0031242826697513437,0.012261406047023193,-0.004579785289515637,A,False,10.0,-10.0,STANDARD
2024-02-24,2023/24,Ligue 1,Strasbourg,Brest,DRAW,D,3.4,Max market,0.302735868668919,0.298804780876494,0.29411764705882354,0.003931087792425014,0.029301953474324627,0.0011932133066370754,A,False,10.0,-10.0,STANDARD
2024-02-24,2023/24,Ligue 1,Lorient,Nantes,DRAW,D,3.42,Max market,0.299955491036815,0.2960036152624865,0.29239766081871343,0.003951875774328539,0.025847779345907318,0.011362787882058745,A,False,10.0,-10.0,STANDARD
2024-02-24,2023/24,Bundesliga,Union Berlin,Heidenheim,DRAW,D,3.68,Max market,0.2750754321093797,0.2722785267980624,0.2717391304347826,0.002796905311317266,0.012277590162517171,-0.004325922774915558,D,True,10.0,26.8,STANDARD
2024-02-25,2023/24,La Liga,Las Palmas,Osasuna,DRAW,D,3.17,Max market,0.3207029939577702,0.3157391560932428,0.31545741324921134,0.004963837864527365,0.016628490846131383,0.00203488815959435,D,True,10.0,21.7,STANDARD
2024-02-25,2023/24,La Liga,Betis,Ath Bilbao,DRAW,D,3.41,Max market,0.29708904467256364,0.2935528433069193,0.29325513196480935,0.0035362013656443647,0.013073642333442104,-0.0034253147229263425,H,False,10.0,-10.0,STANDARD
2024-02-25,2023/24,Serie A,Milan,Atalanta,DRAW,D,3.73,Max market,0.27540931263078583,0.27251732101616627,0.2680965147453083,0.00289199161461956,0.027276736112831212,0.002625187526500039,D,True,10.0,27.3,STANDARD
2024-02-25,2023/24,Bundesliga,Ein Frankfurt,Wolfsburg,DRAW,D,3.62,Max market,0.2792237403537507,0.27625362713958346,0.27624309392265195,0.002970113214167236,0.010789940080577543,0.005444035589745544,D,True,10.0,26.200000000000003,STANDARD
2024-02-26,2023/24,Serie A,Roma,Torino,DRAW,D,3.48,Max market,0.2914434246988607,0.288132977063103,0.28735632183908044,0.0033104476357577184,0.014223117952035125,0.007984610645508483,H,False,10.0,-10.0,STANDARD
2024-02-26,2023/24,Serie A,Fiorentina,Lazio,DRAW,D,3.35,Max market,0.3016803658848331,0.2977899471934285,0.29850746268656714,0.003890418691404607,0.010629225714190893,-0.008443925069764768,H,False,10.0,-10.0,STANDARD
2024-03-01,2023/24,Serie A,Lazio,Milan,DRAW,D,3.52,Max market,0.2969491565096629,0.29326065973996485,0.2840909090909091,0.0036884967696980686,0.04526103091401357,0.004289503582480314,A,False,10.0,-10.0,STANDARD
2024-03-02,2023/24,Serie A,Monza,Roma,DRAW,D,3.65,Max market,0.27857989848546383,0.2757089319403443,0.273972602739726,0.0028709665451195354,0.016816629471942957,0.009465046879625516,A,False,10.0,-10.0,STANDARD
2024-03-02,2023/24,Serie A,Torino,Fiorentina,DRAW,D,3.27,Max market,0.3159104867049076,0.3113231526497347,0.3058103975535168,0.00458733405517292,0.03302729152504802,0.007792057379806261,D,True,10.0,22.7,STANDARD
2024-03-02,2023/24,Premier League,Fulham,Brighton,DRAW,D,3.85,Max market,0.2660449758713323,0.2635241668025879,0.2597402597402597,0.002520809068744412,0.024273157104629295,0.01212696223722104,H,False,10.0,-10.0,STANDARD
2024-03-03,2023/24,Serie A,Napoli,Juventus,DRAW,D,3.32,Max market,0.3090274070922652,0.3047226104826352,0.30120481927710846,0.004304796609630013,0.025970991546320432,-0.0027154765773040324,H,False,10.0,-10.0,STANDARD
2024-03-03,2023/24,Serie A,Atalanta,Bologna,DRAW,D,3.66,Max market,0.2772873936576621,0.2742730614973262,0.27322404371584696,0.003014332160335864,0.014871860787043278,0.0027932450906917317,A,False,10.0,-10.0,STANDARD
2024-03-03,2023/24,Serie A,Frosinone,Lecce,DRAW,D,3.64,Max market,0.281845727933213,0.27883075949708924,0.2747252747252747,0.003014968436123755,0.025918449676895383,0.008553827154843985,D,True,10.0,26.400000000000002,STANDARD
2024-03-03,2023/24,Serie A,Verona,Sassuolo,DRAW,D,3.6,Max market,0.28121426033034225,0.2785845807748904,0.2777777777777778,0.002629679555451847,0.012371337189232223,0.006939279529028508,H,False,10.0,-10.0,STANDARD
2024-03-03,2023/24,Serie A,Empoli,Cagliari,DRAW,D,3.57,Max market,0.2894964530630854,0.2863942167376354,0.2801120448179272,0.0031022363254500362,0.0335023374352148,0.006357570500844623,A,False,10.0,-10.0,STANDARD
2024-03-03,2023/24,La Liga,Mallorca,Girona,DRAW,D,3.5,Max market,0.2929707862547822,0.2893138094867202,0.2857142857142857,0.0036569767680619814,0.025397751891737652,0.003234729303193018,H,False,10.0,-10.0,STANDARD
2024-03-03,2023/24,La Liga,Ath Bilbao,Barcelona,DRAW,D,3.75,Max market,0.2729242560031315,0.2702284830785089,0.26666666666666666,0.0026957729246226414,0.02346596001174328,0.004314072536098945,D,True,10.0,27.5,STANDARD
2024-03-04,2023/24,La Liga,Osasuna,Alaves,DRAW,D,3.24,Max market,0.3140147841132335,0.30954012381129675,0.30864197530864196,0.0044746603019367726,0.017407900526876796,0.005050656669124298,H,False,10.0,-10.0,STANDARD
2024-03-09,2023/24,Serie A,Genoa,Monza,DRAW,D,3.34,Max market,0.3082126482136388,0.30400876346469835,0.29940119760479045,0.004203884748940456,0.029430245033553515,-0.0024325942572124837,A,False,10.0,-10.0,STANDARD
2024-03-09,2023/24,La Liga,Granada,Sociedad,DRAW,D,3.6,Max market,0.2808066691172356,0.2780380892290833,0.2777777777777778,0.0027685798881523227,0.010904008822048228,0.011602941821780233,A,False,10.0,-10.0,STANDARD
2024-03-09,2023/24,Premier League,Wolves,Fulham,DRAW,D,3.62,Max market,0.28113390520737847,0.27817751451417266,0.27624309392265195,0.0029563906932058015,0.017704736850710168,0.0014668467399219232,H,False,10.0,-10.0,STANDARD
2024-03-09,2023/24,La Liga,Valencia,Getafe,DRAW,D,3.33,Max market,0.3052464354283955,0.30156566282480274,0.3003003003003003,0.0036807726035927857,0.016470629976557127,-0.005182134485644585,H,False,10.0,-10.0,STANDARD
2024-03-09,2023/24,Serie A,Bologna,Inter,DRAW,D,3.5,Max market,0.29037795449934584,0.2867260042937401,0.2857142857142857,0.003651950205605714,0.01632284074771051,0.004013829121252477,A,False,10.0,-10.0,STANDARD
2024-03-10,2023/24,Ligue 1,Le Havre,Toulouse,DRAW,D,3.4,Max market,0.29968049723832413,0.2960726659648528,0.29411764705882354,0.003607831273471307,0.018913690610302014,0.011752862438209277,H,False,10.0,-10.0,STANDARD
2024-03-10,2023/24,Ligue 1,Lille,Rennes,DRAW,D,3.67,Max market,0.2755794624581428,0.27290072150705064,0.2724795640326976,0.0026787409510921623,0.011376627221383995,0.005800115220188529,D,True,10.0,26.7,STANDARD
2024-03-10,2023/24,Serie A,Fiorentina,Roma,DRAW,D,3.52,Max market,0.29241624361161983,0.2888616006934412,0.2840909090909091,0.003554642918178641,0.029305177512901848,0.005368001885454221,D,True,10.0,25.2,STANDARD
2024-03-10,2023/24,Serie A,Lecce,Verona,DRAW,D,3.4,Max market,0.30530219107939605,0.3008870608818429,0.29411764705882354,0.00441513019755313,0.03802744966994642,0.0031217025828554346,A,False,10.0,-10.0,STANDARD
2024-03-10,2023/24,La Liga,Las Palmas,Ath Bilbao,DRAW,D,3.53,Max market,0.28660070617693684,0.2836490439814733,0.28328611898017,0.002951662195463556,0.01170049280458696,-0.011493316479264104,A,False,10.0,-10.0,STANDARD
2024-03-10,2023/24,Ligue 1,Metz,Clermont,DRAW,D,3.47,Max market,0.29243270354237955,0.2890475523822857,0.2881844380403458,0.0033851511600938577,0.01474148129205699,0.0030760843132315308,H,False,10.0,-10.0,STANDARD
2024-03-10,2023/24,La Liga,Alaves,Vallecano,DRAW,D,3.33,Max market,0.30824549551287045,0.30421428013639795,0.3003003003003003,0.004031215376472497,0.02645750005785863,0.004940432885688406,H,False,10.0,-10.0,STANDARD
2024-03-11,2023/24,Serie A,Lazio,Udinese,DRAW,D,3.6,Max market,0.2835097897888223,0.280581002809745,0.2777777777777778,0.0029287869790772803,0.020635243239760293,-0.0009222170691310372,A,False,10.0,-10.0,STANDARD
2024-03-16,2023/24,Ligue 1,Lens,Nice,DRAW,D,3.6,Max market,0.2840255440610902,0.281003942275103,0.2777777777777778,0.0030216017859872046,0.022491958619924812,-0.0012562060232318983,A,False,10.0,-10.0,STANDARD
2024-03-16,2023/24,Ligue 1,Nantes,Strasbourg,DRAW,D,3.47,Max market,0.2918704027602153,0.2883227438159275,0.2881844380403458,0.0035476589442878237,0.012790297577947252,0.0009384644122649721,A,False,10.0,-10.0,STANDARD
2024-03-16,2023/24,La Liga,Mallorca,Granada,DRAW,D,3.58,Max market,0.28430273826294605,0.28178086517208717,0.27932960893854747,0.0025218730908588838,0.017803802981346983,0.004210826842117765,H,False,10.0,-10.0,STANDARD
2024-03-17,2023/24,La Liga,Vallecano,Betis,DRAW,D,3.37,Max market,0.29979714373764565,0.29576336379906176,0.29673590504451036,0.004033779938583892,0.010316374395865857,0.014958614214117483,H,False,10.0,-10.0,STANDARD
2024-03-17,2023/24,Ligue 1,Rennes,Marseille,DRAW,D,3.65,Max market,0.2788806242790909,0.27599364069952304,0.273972602739726,0.002886983579567848,0.017914278618681667,0.0008420718961075768,H,False,10.0,-10.0,STANDARD
2024-03-17,2023/24,Ligue 1,Clermont,Le Havre,DRAW,D,3.36,Max market,0.3067423517514059,0.30250398031553044,0.2976190476190476,0.004238371435875465,0.030654301884723845,0.0017303828463518522,H,False,10.0,-10.0,STANDARD
2024-03-29,2023/24,La Liga,Cadiz,Granada,DRAW,D,3.5,Max market,0.29140974422962984,0.2883423621652485,0.2857142857142857,0.003067382064381341,0.0199341048037045,0.006727911960580313,H,False,10.0,-10.0,STANDARD
2024-03-30,2023/24,Bundesliga,Ein Frankfurt,Union Berlin,DRAW,D,3.6,Max market,0.28162263037547447,0.27861659568976643,0.2777777777777778,0.0030060346857080367,0.013841469351708158,-0.003807670957477527,D,True,10.0,26.0,STANDARD
2024-03-30,2023/24,Serie A,Lazio,Juventus,DRAW,D,3.29,Max market,0.31473232702037474,0.3101116721423492,0.303951367781155,0.004620654878025543,0.03546935589703293,0.0014662813570016642,H,False,10.0,-10.0,STANDARD
2024-03-30,2023/24,Serie A,Fiorentina,Milan,DRAW,D,3.5,Max market,0.28932455854940164,0.285751084867339,0.2857142857142857,0.0035734736820626223,0.012635954922905812,-0.004060944022268587,A,False,10.0,-10.0,STANDARD
2024-03-30,2023/24,Premier League,Nott'm Forest,Crystal Palace,DRAW,D,3.5,Max market,0.2889257198068937,0.28556486154269006,0.2857142857142857,0.0033608582642036255,0.011240019324127992,0.001354905527903294,D,True,10.0,25.0,STANDARD
2024-03-31,2023/24,Ligue 1,Lorient,Brest,DRAW,D,3.57,Max market,0.2858926147545808,0.2829556078532512,0.2801120448179272,0.0029370069013295863,0.02063663467385335,0.013590927831582222,A,False,10.0,-10.0,STANDARD
2024-03-31,2023/24,La Liga,Celta,Vallecano,DRAW,D,3.59,Max market,0.28552549820111667,0.2821275830092317,0.2785515320334262,0.0033979151918849815,0.025036538542008824,-0.007047452909698104,D,True,10.0,25.9,STANDARD
2024-03-31,2023/24,Ligue 1,Le Havre,Montpellier,DRAW,D,3.5,Max market,0.29035838504629935,0.28707127604594423,0.2857142857142857,0.003287109000355115,0.016254347662047808,0.009246631154133544,A,False,10.0,-10.0,STANDARD
2024-04-01,2023/24,Serie A,Sassuolo,Udinese,DRAW,D,3.52,Max market,0.29550155422135127,0.2918196193030564,0.2840909090909091,0.0036819349182948824,0.04016547085915656,0.0017303898758687652,D,True,10.0,25.2,STANDARD
2024-04-01,2023/24,Serie A,Cagliari,Verona,DRAW,D,3.52,Max market,0.2962144808721547,0.29271290072977196,0.2840909090909091,0.003501580142382721,0.042674972669984435,0.01353071209810286,D,True,10.0,25.2,STANDARD
2024-04-02,2023/24,Premier League,Burnley,Wolves,DRAW,D,3.68,Max market,0.2788691739104177,0.2757954815325258,0.2717391304347826,0.003073692377891901,0.026238559990337196,-0.002540716219628869,D,True,10.0,26.8,STANDARD
2024-04-02,2023/24,Premier League,Nott'm Forest,Fulham,DRAW,D,3.68,Max market,0.27916729115277744,0.27625195024492355,0.2717391304347826,0.0029153409078538917,0.027335631442221064,0.0032839933403750465,H,False,10.0,-10.0,STANDARD
2024-04-05,2023/24,Ligue 1,Lille,Marseille,DRAW,D,3.52,Max market,0.28715761224454417,0.28381748479100605,0.2840909090909091,0.003340127453538122,0.010794795100795396,-0.014770127508758835,H,False,10.0,-10.0,STANDARD
2024-04-06,2023/24,Serie A,Empoli,Torino,DRAW,D,3.32,Max market,0.30925915785051455,0.30507832093395465,0.30120481927710846,0.004180836916559905,0.026740404063708256,-0.00219652420810873,H,False,10.0,-10.0,STANDARD
2024-04-07,2023/24,Ligue 1,Toulouse,Strasbourg,DRAW,D,3.75,Max market,0.2732954908639036,0.2707012319087443,0.26666666666666666,0.002594258955159301,0.024858090739638516,0.009654054871941764,D,True,10.0,27.5,STANDARD
2024-04-07,2023/24,Ligue 1,Nantes,Lyon,DRAW,D,3.52,Max market,0.2911038449123054,0.287542549131102,0.2840909090909091,0.0035612957812033996,0.02468553409131502,-4.5831057107426076e-05,A,False,10.0,-10.0,STANDARD
2024-04-07,2023/24,Serie A,Verona,Genoa,DRAW,D,3.21,Max market,0.32543346824769526,0.32018704638815376,0.3115264797507788,0.005246421859541495,0.04464143307510171,0.009284591167578737,A,False,10.0,-10.0,STRONG
2024-04-07,2023/24,Serie A,Frosinone,Bologna,DRAW,D,3.83,Max market,0.2716220551172148,0.2690955490097599,0.2610966057441253,0.0025265061074549178,0.04031247109893288,0.002831415450624819,D,True,10.0,28.3,STANDARD
2024-04-07,2023/24,Serie A,Juventus,Fiorentina,DRAW,D,3.68,Max market,0.27573500173676857,0.27306811081024784,0.2717391304347826,0.0026668909265207263,0.014704806391308445,-0.006977723886689713,H,False,10.0,-10.0,STANDARD
2024-04-07,2023/24,Ligue 1,Reims,Nice,DRAW,D,3.4,Max market,0.29867297254151426,0.2948014207297385,0.29411764705882354,0.0038715518117757863,0.015488106641148525,0.004074983764643547,D,True,10.0,24.0,STANDARD
2024-04-12,2023/24,Bundesliga,Augsburg,Union Berlin,DRAW,D,3.68,Max market,0.2786740263074032,0.2758426033538104,0.2717391304347826,0.002831422953592788,0.02552041681124373,0.0009368789516086551,H,False,10.0,-10.0,STANDARD
2024-04-13,2023/24,La Liga,Cadiz,Barcelona,DRAW,D,3.8,Max market,0.2710925065334635,0.2685705424924365,0.2631578947368421,0.0025219640410270028,0.030151524827161325,0.01248179961041429,A,False,10.0,-10.0,STANDARD
2024-04-13,2023/24,Serie A,Torino,Juventus,DRAW,D,3.19,Max market,0.3171660501817899,0.31243991540088445,0.31347962382445144,0.004726134780905444,0.011759700079909674,0.019854520386080377,D,True,10.0,21.9,STANDARD
2024-04-13,2023/24,Premier League,Nott'm Forest,Wolves,DRAW,D,3.74,Max market,0.2731281900798134,0.27049463596264683,0.267379679144385,0.002633554117166592,0.02149943089850237,0.0037129825311013054,D,True,10.0,27.400000000000002,STANDARD
2024-04-14,2023/24,La Liga,Las Palmas,Sevilla,DRAW,D,3.41,Max market,0.3056484309766775,0.3014820031048446,0.29325513196480935,0.004166427871832912,0.04226114963047034,-0.0035901938654066545,A,False,10.0,-10.0,STANDARD
2024-04-14,2023/24,Ligue 1,Le Havre,Nantes,DRAW,D,3.19,Max market,0.31882509308934665,0.31422974876872994,0.31347962382445144,0.004595344320616701,0.01705204695501572,0.00855116472393569,A,False,10.0,-10.0,STANDARD
2024-04-14,2023/24,La Liga,Granada,Alaves,DRAW,D,3.23,Max market,0.3137086107175014,0.3091133004926108,0.30959752321981426,0.00459531022489057,0.01327881261752939,0.004204135738330672,H,False,10.0,-10.0,STANDARD
2024-04-15,2023/24,Serie A,Fiorentina,Genoa,DRAW,D,3.75,Max market,0.2736347788794173,0.27107280975257264,0.26666666666666666,0.002561969126844643,0.026130420797814802,0.005247609341215265,D,True,10.0,27.5,STANDARD
2024-04-15,2023/24,La Liga,Osasuna,Valencia,DRAW,D,3.29,Max market,0.31253908436245353,0.30809885931558934,0.303951367781155,0.004440225046864199,0.028253587552472093,0.008911025686017704,A,False,10.0,-10.0,STANDARD
2024-04-19,2023/24,Serie A,Genoa,Lazio,DRAW,D,3.31,Max market,0.3112335287850712,0.30666782283779576,0.3021148036253776,0.004565705947275456,0.03018298027858579,-0.001481314408568024,A,False,10.0,-10.0,STANDARD
2024-04-20,2023/24,La Liga,Valencia,Betis,DRAW,D,3.47,Max market,0.29607691756753035,0.29251433893818324,0.2881844380403458,0.003562578629347113,0.02738690395933041,0.01871596827728511,A,False,10.0,-10.0,STANDARD
2024-04-20,2023/24,Serie A,Verona,Udinese,DRAW,D,3.34,Max market,0.310564553055931,0.30608649801670523,0.29940119760479045,0.00447805503922577,0.03728560720680951,0.020150675695162434,H,False,10.0,-10.0,STANDARD
2024-04-20,2023/24,La Liga,Vallecano,Osasuna,DRAW,D,3.29,Max market,0.3096628786153039,0.305607699921499,0.303951367781155,0.004055178693804895,0.01879087064434981,0.00595887141628304,H,False,10.0,-10.0,STANDARD
2024-04-21,2023/24,Ligue 1,Toulouse,Marseille,DRAW,D,3.48,Max market,0.2915515984837443,0.2879406322870135,0.28735632183908044,0.0036109661967307916,0.014599562723430104,0.001982479643811208,D,True,10.0,24.8,STANDARD
2024-04-21,2023/24,La Liga,Alaves,Ath Madrid,DRAW,D,3.6,Max market,0.28250470058510896,0.2791889986140588,0.2777777777777778,0.0033157019710501334,0.017016922106392274,-0.001027042310190296,H,False,10.0,-10.0,STANDARD
2024-04-21,2023/24,Serie A,Sassuolo,Lecce,DRAW,D,3.58,Max market,0.2871691501678409,0.2838951281762418,0.27932960893854747,0.0032740219915990965,0.028065557600870372,0.00794374666183112,A,False,10.0,-10.0,STANDARD
2024-04-21,2023/24,Bundesliga,Freiburg,Mainz,DRAW,D,3.75,Max market,0.27182775200998593,0.26931106471816285,0.26666666666666666,0.002516687291823083,0.01935407003744727,0.0022490913091536835,D,True,10.0,27.5,STANDARD
2024-04-21,2023/24,La Liga,Getafe,Sociedad,DRAW,D,3.29,Max market,0.3133363739510283,0.30885094325553647,0.303951367781155,0.004485430695491843,0.03087667029888319,0.006646803215936969,D,True,10.0,22.9,STANDARD
2024-04-21,2023/24,Premier League,Everton,Nott'm Forest,DRAW,D,3.74,Max market,0.27549740807389916,0.2724661960033505,0.267379679144385,0.0030312120705486834,0.030360306196382858,0.019699783334910292,H,False,10.0,-10.0,STANDARD
2024-04-22,2023/24,La Liga,Sevilla,Mallorca,DRAW,D,3.34,Max market,0.30910381427225747,0.3048270412403438,0.29940119760479045,0.00427677303191365,0.032406739669339935,0.0029738381907402633,H,False,10.0,-10.0,STANDARD
2024-04-22,2023/24,Serie A,Roma,Bologna,DRAW,D,3.3,Max market,0.31001965388778835,0.30568105772924,0.30303030303030304,0.004338596158548369,0.02306485782970147,0.016719044879110967,A,False,10.0,-10.0,STANDARD
2024-04-26,2023/24,La Liga,Sociedad,Real Madrid,DRAW,D,3.39,Max market,0.3040526790053225,0.2997507023861343,0.2949852507374631,0.004301976619188186,0.030738581828043454,-0.00028773062038389696,A,False,10.0,-10.0,STANDARD
2024-04-27,2023/24,La Liga,Ath Madrid,Ath Bilbao,DRAW,D,3.72,Max market,0.2735299935755835,0.2705941718178378,0.26881720430107525,0.0029358217577457046,0.01753157610117073,0.005677380356347628,H,False,10.0,-10.0,STANDARD
2024-04-27,2023/24,Premier League,Everton,Brentford,DRAW,D,3.68,Max market,0.2761653781587765,0.27311196140927824,0.2717391304347826,0.0030534167494982722,0.016288591624297633,0.006395710466833404,H,False,10.0,-10.0,STANDARD
2024-04-28,2023/24,Ligue 1,Lorient,Toulouse,DRAW,D,3.52,Max market,0.2872741165182014,0.2839630562552477,0.2840909090909091,0.003311060262953691,0.01120489014406889,-0.007296323781356695,A,False,10.0,-10.0,STANDARD
2024-04-28,2023/24,Bundesliga,M'gladbach,Union Berlin,DRAW,D,3.61,Max market,0.27981932516493957,0.2768538264743335,0.2770083102493075,0.002965498690606083,0.010147763845431701,0.005123100966881955,D,True,10.0,26.099999999999998,STANDARD
2024-04-28,2023/24,Ligue 1,Strasbourg,Nice,DRAW,D,3.47,Max market,0.29483537531937126,0.29123356590251076,0.2881844380403458,0.003601809416860502,0.023078752358218324,0.0008515345793863593,A,False,10.0,-10.0,STANDARD
2024-04-28,2023/24,Premier League,Nott'm Forest,Man City,Man City,A,1.38,Max market,0.7364830706659459,0.7315740015240002,0.7246376811594204,0.004909069141945666,0.016346637519005114,0.015699525939014136,A,True,10.0,3.799999999999999,STANDARD
2024-04-29,2023/24,Serie A,Genoa,Cagliari,DRAW,D,3.39,Max market,0.306135843984609,0.3021201413427562,0.2949852507374631,0.004015702641852803,0.037800511107824564,-0.002149224395645799,H,False,10.0,-10.0,STANDARD
2024-05-03,2023/24,Premier League,Luton,Everton,DRAW,D,3.75,Max market,0.27195807822482787,0.26937645912892905,0.26666666666666666,0.002581619095898824,0.01984279334310446,-0.0038805674049990357,D,True,10.0,27.5,STANDARD
2024-05-04,2023/24,Ligue 1,Le Havre,Strasbourg,DRAW,D,3.36,Max market,0.30091400666155055,0.2969875624635465,0.2976190476190476,0.003926444198004031,0.01107106238280986,0.005972393440875523,H,False,10.0,-10.0,STANDARD
2024-05-04,2023/24,Bundesliga,FC Koln,Freiburg,DRAW,D,3.8,Max market,0.26583348818566144,0.26332799803004187,0.2631578947368421,0.002505490155619572,0.010167255105513417,0.0034175152967295674,D,True,10.0,28.0,STANDARD
2024-05-05,2023/24,Serie A,Empoli,Frosinone,DRAW,D,3.5,Max market,0.2917128196521918,0.28816922900549097,0.2857142857142857,0.003543590646700845,0.020994868782671317,0.007620324248723276,D,True,10.0,25.0,STANDARD
2024-05-05,2023/24,Bundesliga,Ein Frankfurt,Leverkusen,DRAW,D,3.82,Max market,0.26958436478773923,0.2669555894820983,0.2617801047120419,0.002628775305640929,0.02981227348916371,0.0043782717074690725,A,False,10.0,-10.0,STANDARD
2024-05-05,2023/24,Serie A,Verona,Fiorentina,DRAW,D,3.4,Max market,0.29707827460700154,0.29335280074186615,0.29411764705882354,0.003725473865135387,0.010066133663805266,0.002267143526726745,H,False,10.0,-10.0,STANDARD
2024-05-05,2023/24,Serie A,Cagliari,Lecce,DRAW,D,3.42,Max market,0.3000342033858659,0.29605129018372944,0.29239766081871343,0.003982913202136451,0.026116975579661306,0.006462939189281813,D,True,10.0,24.2,STANDARD
2024-05-05,2023/24,La Liga,Valencia,Alaves,DRAW,D,3.15,Max market,0.3239028368454671,0.31899524602112633,0.31746031746031744,0.0049075908243407795,0.020293936063221274,-0.006110551724860358,A,False,10.0,-10.0,STANDARD
2024-05-06,2023/24,Serie A,Udinese,Napoli,DRAW,D,3.83,Max market,0.2652134532149789,0.2626973995610953,0.2610966057441253,0.002516053653883632,0.015767525813369154,-0.004686235616501555,D,True,10.0,28.3,STANDARD
2024-05-11,2023/24,Bundesliga,FC Koln,Union Berlin,DRAW,D,3.54,Max market,0.2872834467479811,0.2839039555601146,0.2824858757062147,0.0033794911878665124,0.016983401487853156,-0.0007049069263068142,H,False,10.0,-10.0,STANDARD
2024-05-12,2023/24,Serie A,Verona,Torino,DRAW,D,3.16,Max market,0.32124922057538186,0.31618325470082714,0.3164556962025316,0.005065965874554712,0.015147537018206814,0.015057562181296669,A,False,10.0,-10.0,STRONG
2024-05-12,2023/24,Serie A,Genoa,Sassuolo,DRAW,D,3.65,Max market,0.27775854950879164,0.2752020726580076,0.273972602739726,0.0025564768507840285,0.01381870570708954,0.005884251299315413,H,False,10.0,-10.0,STANDARD
2024-05-12,2023/24,La Liga,Cadiz,Getafe,DRAW,D,3.4,Max market,0.302471904283372,0.2982463207156798,0.29411764705882354,0.004225583567692204,0.028404474563464843,0.001117253000320062,H,False,10.0,-10.0,STANDARD
2024-05-13,2023/24,Serie A,Lecce,Udinese,DRAW,D,3.24,Max market,0.31393790106005254,0.3093666369313114,0.30864197530864196,0.004571264128741148,0.017158799434570327,0.008782209724716494,A,False,10.0,-10.0,STANDARD
2024-05-18,2023/24,La Liga,Alaves,Getafe,DRAW,D,3.34,Max market,0.304250781598786,0.3002401835303748,0.29940119760479045,0.0040105980684111975,0.016197610539945062,-0.016091593396328763,H,False,10.0,-10.0,STANDARD
2024-05-18,2023/24,Bundesliga,Union Berlin,Freiburg,DRAW,D,3.7,Max market,0.27971201849252864,0.27641780449660036,0.27027027027027023,0.0032942139959282746,0.034934468422356035,-0.020840982395955054,H,False,10.0,-10.0,STANDARD
2024-05-19,2023/24,Ligue 1,Reims,Rennes,DRAW,D,3.71,Max market,0.2729262669779338,0.2702562224611059,0.2695417789757412,0.0026700445168278963,0.012556450488134363,-0.007992422777591102,H,False,10.0,-10.0,STANDARD
2024-05-19,2023/24,Serie A,Udinese,Empoli,DRAW,D,3.5,Max market,0.29067929729069614,0.2874609781477628,0.2857142857142857,0.003218319142933357,0.017377540517436563,0.0064519079316234795,D,True,10.0,25.0,STANDARD
2024-05-20,2023/24,Serie A,Bologna,Juventus,DRAW,D,3.21,Max market,0.3153922788738231,0.3108576916151492,0.3115264797507788,0.0045345872586738944,0.012409215184972178,-0.0013632701625487242,D,True,10.0,22.1,STANDARD
2024-05-24,2023/24,Serie A,Genoa,Bologna,DRAW,D,3.5,Max market,0.29282914872142923,0.2892549442128145,0.2857142857142857,0.003574204508614731,0.024902020525002344,0.0045395737215533916,H,False,10.0,-10.0,STANDARD
2024-05-26,2023/24,La Liga,Getafe,Mallorca,DRAW,D,3.39,Max market,0.3003975538218069,0.29649453212790866,0.2949852507374631,0.003903021693898223,0.01834770745592529,0.003549430072380011,A,False,10.0,-10.0,STANDARD
2024-05-26,2023/24,Serie A,Atalanta,Torino,DRAW,D,3.66,Max market,0.2781585879089179,0.2755945836031992,0.27322404371584696,0.002564004305718681,0.018060431746639516,-0.005895899206537769,H,False,10.0,-10.0,STANDARD
2024-08-17,2024/25,Premier League,Nott'm Forest,Bournemouth,DRAW,D,3.7,Max market,0.27913226632071236,0.2753226452438261,0.27027027027027023,0.0038096210768862604,0.032789385386635894,0.0029262721984661955,D,True,10.0,27.0,STANDARD
2024-08-17,2024/25,Premier League,West Ham,Aston Villa,DRAW,D,3.91,Max market,0.26442463358148444,0.26076464301720276,0.2557544757033248,0.003659990564281679,0.0339003173036041,0.012359753792874961,A,False,10.0,-10.0,STANDARD
2024-08-17,2024/25,Ligue 1,Reims,Lille,DRAW,D,3.63,Max market,0.2833126713245667,0.27979666428601435,0.27548209366391185,0.003516007038552371,0.028424996908177125,0.011822352214557463,A,False,10.0,-10.0,STANDARD
2024-08-17,2024/25,Premier League,Everton,Brighton,DRAW,D,3.66,Max market,0.28557777547430696,0.28172651786874336,0.27322404371584696,0.003851257605563596,0.0452146582359636,0.0007846928935884567,A,False,10.0,-10.0,STANDARD
2024-08-17,2024/25,Ligue 1,Brest,Marseille,DRAW,D,3.65,Max market,0.28424461975931653,0.28068840924217936,0.273972602739726,0.0035562105171371705,0.03749286212150538,0.007542849333347701,A,False,10.0,-10.0,STANDARD
2024-08-18,2024/25,Ligue 1,Rennes,Lyon,DRAW,D,3.76,Max market,0.27910147326875,0.27537922987164526,0.26595744680851063,0.003722243397104752,0.04942153949049999,0.004090834695737733,H,False,10.0,-10.0,STANDARD
2024-08-18,2024/25,Premier League,Brentford,Crystal Palace,DRAW,D,3.66,Max market,0.28305305747405307,0.278972642380066,0.27322404371584696,0.004080415093987044,0.03597419035503435,0.014904233953143997,H,False,10.0,-10.0,STANDARD
2024-08-18,2024/25,Ligue 1,Toulouse,Nantes,DRAW,D,3.5,Max market,0.29215406437910707,0.2884722068123821,0.2857142857142857,0.0036818575667249553,0.0225392253268748,-0.0018539712783351425,D,True,10.0,25.0,STANDARD
2024-08-18,2024/25,Ligue 1,Auxerre,Nice,DRAW,D,3.41,Max market,0.30139861368867704,0.29714244988299765,0.29325513196480935,0.0042561638056793916,0.02776927267838869,-0.007503517386922287,H,False,10.0,-10.0,STANDARD
2024-08-18,2024/25,Serie A,Bologna,Udinese,DRAW,D,3.54,Max market,0.29060527040970296,0.28736188292373793,0.2824858757062147,0.0032433874859650325,0.028742657250348413,0.008825757770474507,D,True,10.0,25.4,STANDARD
2024-08-18,2024/25,Ligue 1,Montpellier,Strasbourg,DRAW,D,3.69,Max market,0.28420779460935897,0.28081002892960466,0.2710027100271003,0.0033977656797543054,0.04872676210853455,-0.010122059751094425,D,True,10.0,26.9,STANDARD
2024-08-23,2024/25,La Liga,Sevilla,Villarreal,DRAW,D,3.75,Max market,0.27286447874224706,0.2694106641721235,0.26666666666666666,0.003453814570123559,0.023241795283426514,-0.004124887007962874,A,False,10.0,-10.0,STANDARD
2024-08-24,2024/25,Premier League,Brighton,Man United,DRAW,D,3.87,Max market,0.2617037237487156,0.25833787905561656,0.25839793281653745,0.0033658446930990293,0.01279341090752939,0.00023297678905992436,H,False,10.0,-10.0,STANDARD
2024-08-24,2024/25,La Liga,Osasuna,Mallorca,DRAW,D,3.21,Max market,0.321725252893951,0.31711741885065176,0.3115264797507788,0.00460783404329923,0.03273806178958272,-0.009062100748142288,H,False,10.0,-10.0,STANDARD
2024-08-24,2024/25,Ligue 1,Lyon,Monaco,DRAW,D,4.02,Max market,0.25797553870976137,0.25440078287917794,0.24875621890547267,0.0035747558305834204,0.037061665613240535,0.003006839036726161,A,False,10.0,-10.0,STANDARD
2024-08-24,2024/25,Serie A,Udinese,Lazio,DRAW,D,3.23,Max market,0.31284532619301963,0.3081584934526227,0.30959752321981426,0.00468683274039694,0.010490403603453435,-0.0029352048651505314,H,False,10.0,-10.0,STANDARD
2024-08-24,2024/25,Bundesliga,Augsburg,Werder Bremen,DRAW,D,3.8,Max market,0.27241837904861427,0.2687440488988543,0.2631578947368421,0.0036743301497599856,0.03518984038473416,0.0019400359445225779,D,True,10.0,28.0,STANDARD
2024-08-24,2024/25,Bundesliga,Freiburg,Stuttgart,DRAW,D,3.87,Max market,0.2620846822094811,0.2595205528759628,0.25839793281653745,0.0025641293335182946,0.014267720150691998,-0.008057579777827839,H,False,10.0,-10.0,STANDARD
2024-08-24,2024/25,La Liga,Espanol,Sociedad,DRAW,D,3.32,Max market,0.3093468576044689,0.3055323173171353,0.30120481927710846,0.0038145402873335787,0.02703156724683664,0.0025852593094473075,A,False,10.0,-10.0,STANDARD
2024-08-25,2024/25,La Liga,Alaves,Betis,DRAW,D,3.33,Max market,0.3103942721646643,0.30562696372465004,0.3003003003003003,0.004767308440014273,0.033612926308332236,0.015684511685185976,D,True,10.0,23.3,STANDARD
2024-08-25,2024/25,Premier League,Bournemouth,Newcastle,DRAW,D,3.95,Max market,0.2557332081550264,0.2525385236209388,0.2531645569620253,0.0031946845340876107,0.010146172212354365,0.010424970466568428,D,True,10.0,29.5,STANDARD
2024-08-25,2024/25,Ligue 1,Strasbourg,Rennes,DRAW,D,3.69,Max market,0.2756632664664566,0.2724448634530084,0.2710027100271003,0.0032184030134482233,0.017197453261224904,0.017853527423417115,H,False,10.0,-10.0,STANDARD
2024-08-25,2024/25,Ligue 1,Nantes,Auxerre,DRAW,D,3.54,Max market,0.2891842651106776,0.28535445675074445,0.2824858757062147,0.003829808359933129,0.023712298491798567,-0.00021709075793874266,H,False,10.0,-10.0,STANDARD
2024-08-26,2024/25,La Liga,Villarreal,Celta,DRAW,D,3.75,Max market,0.26947555383734273,0.2667901938426454,0.26666666666666666,0.0026853599946973228,0.010533326890035166,-0.03876693998052355,H,False,10.0,-10.0,STANDARD
2024-08-26,2024/25,Serie A,Cagliari,Como,DRAW,D,3.65,Max market,0.2796301150319896,0.2766110380734953,0.273972602739726,0.0030190769584942934,0.020649919866762012,0.012549302568483856,D,True,10.0,26.5,STANDARD
2024-08-27,2024/25,La Liga,Mallorca,Sevilla,DRAW,D,3.27,Max market,0.3129480184151028,0.3082192049524721,0.3058103975535168,0.004728813462630654,0.023340020217386126,-0.006497262731313347,D,True,10.0,22.7,STANDARD
2024-08-28,2024/25,La Liga,Valladolid,Leganes,DRAW,D,3.16,Max market,0.3237626608832493,0.3186544201714202,0.3164556962025316,0.005108240711829082,0.023090008391067895,4.3848225239229155e-05,D,True,10.0,21.6,STRONG
2024-08-31,2024/25,Bundesliga,Bochum,M'gladbach,DRAW,D,3.88,Max market,0.26325767657756427,0.25975353776325066,0.2577319587628866,0.0035041388143136065,0.02143978512094935,-0.004244306077723581,A,False,10.0,-10.0,STANDARD
2024-08-31,2024/25,Serie A,Lazio,Milan,DRAW,D,3.65,Max market,0.2819762262211386,0.27821108757922364,0.273972602739726,0.003765138641914967,0.029213225707155788,0.005810681279258878,D,True,10.0,26.5,STANDARD
2024-08-31,2024/25,Ligue 1,Montpellier,Nantes,DRAW,D,3.56,Max market,0.2846865450776882,0.28060067708171565,0.2808988764044944,0.0040858679959725475,0.013484100476570005,-0.007926679356871635,A,False,10.0,-10.0,STANDARD
2024-08-31,2024/25,Serie A,Lecce,Cagliari,DRAW,D,3.35,Max market,0.30338390513272656,0.2989817957420549,0.29850746268656714,0.004402109390671649,0.016336082194634116,0.0039487025805296505,H,False,10.0,-10.0,STANDARD
2024-08-31,2024/25,La Liga,Espanol,Vallecano,DRAW,D,3.16,Max market,0.3217535499843836,0.316773525706353,0.3164556962025316,0.004980024278030626,0.01674121795065231,0.012218635954841794,H,False,10.0,-10.0,STANDARD
2024-08-31,2024/25,Bundesliga,Holstein Kiel,Wolfsburg,DRAW,D,3.86,Max market,0.26268107350844144,0.260024899173258,0.2590673575129534,0.0026561743351834477,0.01394894374258393,0.0035106320743515385,A,False,10.0,-10.0,STANDARD
2024-08-31,2024/25,Premier League,Ipswich,Fulham,DRAW,D,3.66,Max market,0.27753410916980187,0.2744098712446352,0.27322404371584696,0.003124237925166695,0.015774839561474963,0.007578472306510042,D,True,10.0,26.6,STANDARD
2024-08-31,2024/25,La Liga,Ath Bilbao,Ath Madrid,DRAW,D,3.51,Max market,0.2911917894356815,0.28701650846220556,0.2849002849002849,0.00417528097347597,0.022083180919242107,0.007814378583103965,A,False,10.0,-10.0,STANDARD
2024-08-31,2024/25,La Liga,Valencia,Villarreal,DRAW,D,3.68,Max market,0.2818870158042342,0.27775224763453404,0.2717391304347826,0.004134768169700154,0.037344218159582,0.014518206838538328,D,True,10.0,26.8,STANDARD
2024-09-01,2024/25,Ligue 1,Reims,Rennes,DRAW,D,3.69,Max market,0.280570824959633,0.27689973447970667,0.2710027100271003,0.003671090479926309,0.03530634410104572,-0.0025122066400630194,H,False,10.0,-10.0,STANDARD
2024-09-01,2024/25,Ligue 1,Angers,Nice,DRAW,D,3.52,Max market,0.28771186932560916,0.2844118081908235,0.2840909090909091,0.003300061134785648,0.012745780026144349,0.003386372691277062,A,False,10.0,-10.0,STANDARD
2024-09-01,2024/25,Serie A,Genoa,Verona,DRAW,D,3.47,Max market,0.2972086869713405,0.2935224757621296,0.2881844380403458,0.003686211209210921,0.03131414379055153,0.0018731238298855257,A,False,10.0,-10.0,STANDARD
2024-09-01,2024/25,La Liga,Sevilla,Girona,DRAW,D,3.88,Max market,0.2603354289755346,0.2566382895388621,0.2577319587628866,0.003697139436672492,0.010101464425074091,0.007826154741861158,A,False,10.0,-10.0,STANDARD
2024-09-01,2024/25,La Liga,Alaves,Las Palmas,DRAW,D,3.52,Max market,0.28922544767207253,0.285925137728045,0.2840909090909091,0.003300309944027524,0.018073575805695352,-0.017871195130931716,H,False,10.0,-10.0,STANDARD
2024-09-01,2024/25,Serie A,Udinese,Como,DRAW,D,3.56,Max market,0.28680237851218277,0.2833341199792326,0.2808988764044944,0.003468258532950186,0.021016467503370606,0.012550459938202196,H,False,10.0,-10.0,STANDARD
2024-09-01,2024/25,La Liga,Osasuna,Celta,DRAW,D,3.47,Max market,0.2938930517915896,0.2896408333956818,0.2881844380403458,0.004252218395907781,0.019808889716815825,0.0041407338890059875,H,False,10.0,-10.0,STANDARD
2024-09-01,2024/25,Bundesliga,Heidenheim,Augsburg,DRAW,D,3.72,Max market,0.2782031986662695,0.2746316059877163,0.26881720430107525,0.003571592678553226,0.03491589903852277,0.001440623483845882,H,False,10.0,-10.0,STANDARD
2024-09-01,2024/25,Ligue 1,Le Havre,Auxerre,DRAW,D,3.42,Max market,0.29556209059981386,0.29143780678558706,0.29239766081871343,0.0041242838142268035,0.010822349851363322,0.0017630940540498963,H,False,10.0,-10.0,STANDARD
2024-09-14,2024/25,Bundesliga,Wolfsburg,Ein Frankfurt,DRAW,D,3.74,Max market,0.2753143683670247,0.27170334295098914,0.267379679144385,0.003611025416035585,0.02967573769267262,0.004918419933372109,A,False,10.0,-10.0,STANDARD
2024-09-14,2024/25,Premier League,Bournemouth,Chelsea,DRAW,D,4.12,Max market,0.24527834070284796,0.24266564289599132,0.24271844660194175,0.0026126978068566342,0.010546763695733707,0.010049479790078503,A,False,10.0,-10.0,STANDARD
2024-09-14,2024/25,La Liga,Espanol,Alaves,DRAW,D,3.21,Max market,0.31762617295190226,0.3126599566640099,0.3115264797507788,0.004966216287892344,0.019580015175606258,0.006736832594365916,H,False,10.0,-10.0,STANDARD
2024-09-14,2024/25,Serie A,Como,Bologna,DRAW,D,3.4,Max market,0.30354823867709163,0.29892420363768724,0.29411764705882354,0.004624035039404395,0.03206401150211158,0.012732228237104737,D,True,10.0,24.0,STANDARD
2024-09-14,2024/25,Bundesliga,M'gladbach,Stuttgart,DRAW,D,4.11,Max market,0.24667432228441774,0.24344150705635706,0.24330900243309,0.0032328152280606814,0.01383146458895701,0.006146279203184918,A,False,10.0,-10.0,STANDARD
2024-09-14,2024/25,La Liga,Mallorca,Villarreal,DRAW,D,3.44,Max market,0.2974868839906196,0.2930205668760048,0.29069767441860467,0.004466317114614815,0.023354880927731525,0.00264260285048451,A,False,10.0,-10.0,STANDARD
2024-09-14,2024/25,La Liga,Sevilla,Getafe,DRAW,D,3.27,Max market,0.31487430814186906,0.31020000454039826,0.3058103975535168,0.004674303601470808,0.029638987623911817,0.004649977903753377,H,False,10.0,-10.0,STANDARD
2024-09-15,2024/25,Serie A,Genoa,Roma,DRAW,D,3.44,Max market,0.2942895770501112,0.29070171778287773,0.29069767441860467,0.003587859267233484,0.012356145052382583,0.003945975358094267,D,True,10.0,24.4,STANDARD
2024-09-15,2024/25,Bundesliga,Augsburg,St Pauli,DRAW,D,3.84,Max market,0.2681092477617252,0.2648806588871236,0.2604166666666667,0.00322858887460159,0.029539511405024754,0.020419682965391484,H,False,10.0,-10.0,STANDARD
2024-09-15,2024/25,La Liga,Las Palmas,Ath Bilbao,DRAW,D,3.6,Max market,0.28210286915984306,0.27901753577701627,0.2777777777777778,0.0030853333828267937,0.015570328975434977,0.0016484907500858292,A,False,10.0,-10.0,STANDARD
2024-09-15,2024/25,Serie A,Torino,Lecce,DRAW,D,3.56,Max market,0.28380492845141686,0.2812022414671421,0.2808988764044944,0.002602686984274738,0.010345545287044011,0.0055947510140608725,D,True,10.0,25.6,STANDARD
2024-09-15,2024/25,Bundesliga,Mainz,Werder Bremen,DRAW,D,3.84,Max market,0.2650676312778279,0.26182618261826185,0.2604166666666667,0.0032414486595660486,0.01785970410685911,0.006174011403625279,A,False,10.0,-10.0,STANDARD
2024-09-15,2024/25,Premier League,Tottenham,Arsenal,DRAW,D,3.75,Max market,0.27107625265375324,0.26727666839308667,0.26666666666666666,0.0037995842606665664,0.016535947451574717,0.006358591318522788,A,False,10.0,-10.0,STANDARD
2024-09-16,2024/25,Serie A,Parma,Udinese,DRAW,D,3.56,Max market,0.286855282470847,0.28311403847043765,0.2808988764044944,0.0037412440004093717,0.021204805596215293,-0.0015709352523335385,A,False,10.0,-10.0,STANDARD
2024-09-16,2024/25,La Liga,Vallecano,Osasuna,DRAW,D,3.33,Max market,0.30539008069756524,0.30192731177316323,0.3003003003003003,0.0034627689244020043,0.01694896872289231,0.0016918186931373924,H,False,10.0,-10.0,STANDARD
2024-09-17,2024/25,La Liga,Mallorca,Sociedad,DRAW,D,2.99,Max market,0.3465129380248341,0.3407458256778857,0.33444816053511706,0.005767112346948433,0.036073684694254204,0.02108375779736127,H,False,10.0,-10.0,STRONG
2024-09-18,2024/25,La Liga,Betis,Getafe,DRAW,D,3.21,Max market,0.31469194734250827,0.31062183873847066,0.3115264797507788,0.004070108604037614,0.010161150969451471,-0.0038665076856876923,H,False,10.0,-10.0,STANDARD
2024-09-19,2024/25,La Liga,Leganes,Ath Bilbao,DRAW,D,3.37,Max market,0.3044902435518313,0.30138624449494383,0.29673590504451036,0.003103999056887463,0.02613212076967142,0.01515266183841213,A,False,10.0,-10.0,STANDARD
2024-09-20,2024/25,La Liga,Alaves,Sevilla,DRAW,D,3.39,Max market,0.29822889330894076,0.2946823564459671,0.2949852507374631,0.0035465368629736815,0.010995948317309212,0.0038673269988715453,H,False,10.0,-10.0,STANDARD
2024-09-20,2024/25,Bundesliga,Augsburg,Mainz,DRAW,D,3.72,Max market,0.27514435099432405,0.27148095997029104,0.26881720430107525,0.0036633910240330136,0.023536985698885626,0.0018278388037549775,A,False,10.0,-10.0,STANDARD
2024-09-21,2024/25,Premier League,Leicester,Everton,DRAW,D,3.6,Max market,0.28295795884432706,0.2789448893075836,0.2777777777777778,0.004013069536743463,0.018648651839577424,-0.004156196475429197,D,True,10.0,26.0,STANDARD
2024-09-21,2024/25,Bundesliga,Bochum,Holstein Kiel,DRAW,D,3.9,Max market,0.2591169660924971,0.2565796423716996,0.25641025641025644,0.002537323720797513,0.010556167760738866,-0.010185423244836178,D,True,10.0,29.0,STANDARD
2024-09-21,2024/25,Serie A,Lecce,Parma,DRAW,D,3.66,Max market,0.27978776955305673,0.2760559973392193,0.27322404371584696,0.0037317722138374143,0.0240232365641877,3.34511453387587e-05,D,True,10.0,26.6,STANDARD
2024-09-21,2024/25,Premier League,Southampton,Ipswich,DRAW,D,3.7,Max market,0.2757612706186045,0.27211961435891174,0.27027027027027023,0.0036416562596927604,0.02031670128883678,0.007527311001233716,D,True,10.0,27.0,STANDARD
2024-09-21,2024/25,Premier League,Crystal Palace,Man United,DRAW,D,3.88,Max market,0.2608047733981031,0.2576300790586505,0.2577319587628866,0.0031746943394526106,0.011922520784640067,0.01094501305403206,D,True,10.0,28.799999999999997,STANDARD
2024-09-21,2024/25,Serie A,Venezia,Genoa,DRAW,D,3.42,Max market,0.29980117232087616,0.29570080804184656,0.29239766081871343,0.0041003642790296,0.02532000933739642,0.011454109813838709,H,False,10.0,-10.0,STANDARD
2024-09-21,2024/25,Ligue 1,Rennes,Lens,DRAW,D,3.5,Max market,0.29030276803643335,0.28638994189017364,0.2857142857142857,0.003912826146259707,0.01605968812751679,-0.008592144719697214,D,True,10.0,25.0,STANDARD
2024-09-21,2024/25,La Liga,Valencia,Girona,DRAW,D,3.52,Max market,0.2905104209490079,0.28621877453746264,0.2840909090909091,0.00429164641154528,0.022596681740507885,0.016401782133260767,H,False,10.0,-10.0,STANDARD
2024-09-21,2024/25,Bundesliga,Union Berlin,Hoffenheim,DRAW,D,3.88,Max market,0.2632488737100028,0.2603664347489628,0.2577319587628866,0.002882438961039957,0.02140562999481066,-0.013493952048573593,H,False,10.0,-10.0,STANDARD
2024-09-21,2024/25,La Liga,Valladolid,Sociedad,DRAW,D,3.33,Max market,0.3147030117070503,0.31134676484599777,0.3003003003003003,0.0033562468610525142,0.047961028984477405,0.00398864216145578,D,True,10.0,23.3,STANDARD
2024-09-21,2024/25,La Liga,Osasuna,Las Palmas,DRAW,D,3.64,Max market,0.28236513467712615,0.2788526041806424,0.2747252747252747,0.0035125304964837567,0.027809090224739208,-0.01051182952796692,H,False,10.0,-10.0,STANDARD
2024-09-21,2024/25,Serie A,Juventus,Napoli,DRAW,D,3.48,Max market,0.2947499269396712,0.2908348630142203,0.28735632183908044,0.0039150639254509345,0.02572974575005582,0.010792170778020027,D,True,10.0,24.8,STANDARD
2024-09-22,2024/25,La Liga,Getafe,Leganes,DRAW,D,3.1,Max market,0.3366834676663195,0.3323748049802685,0.3225806451612903,0.0043086626860510124,0.043718749765590426,0.012055895456967336,D,True,10.0,21.0,STANDARD
2024-09-22,2024/25,Ligue 1,Montpellier,Auxerre,DRAW,D,3.75,Max market,0.27975185371492584,0.2760830675896399,0.26666666666666666,0.0036687861252859277,0.049069451430971966,-0.007702799209371558,H,False,10.0,-10.0,STANDARD
2024-09-22,2024/25,Ligue 1,Angers,Nantes,DRAW,D,3.39,Max market,0.3008079017422676,0.2966780854206606,0.2949852507374631,0.004129816321607027,0.019738786906287276,0.004357609485796554,D,True,10.0,23.900000000000002,STANDARD
2024-09-22,2024/25,Premier League,Brighton,Nott'm Forest,Brighton,H,2.44,Max market,0.5217993656332358,0.5188215723308891,0.4098360655737705,0.0029777933023467096,0.2731904521450954,0.0032056454207689544,D,False,10.0,-10.0,STANDARD
2024-09-22,2024/25,Serie A,Fiorentina,Lazio,DRAW,D,3.54,Max market,0.2859302600593154,0.2819524079232196,0.2824858757062147,0.003977852136095805,0.012193120609976349,0.01084327920555539,H,False,10.0,-10.0,STANDARD
2024-09-22,2024/25,Ligue 1,Lyon,Marseille,DRAW,D,4.0,Max market,0.2534058985469926,0.25082273009903094,0.25,0.002583168447961637,0.013623594187970323,0.009672858949588137,A,False,10.0,-10.0,STANDARD
2024-09-22,2024/25,Bundesliga,Stuttgart,Dortmund,DRAW,D,4.16,Max market,0.25386796017465435,0.2506677796327212,0.24038461538461536,0.003200180541933162,0.0560907143265621,0.003770493702784261,H,False,10.0,-10.0,STANDARD
2024-09-22,2024/25,Serie A,Monza,Bologna,DRAW,D,3.38,Max market,0.3042813486109769,0.29987452948557086,0.2958579881656805,0.004406819125406025,0.028470958305101934,0.027075313187040595,A,False,10.0,-10.0,STANDARD
2024-09-22,2024/25,Ligue 1,Brest,Toulouse,DRAW,D,3.7,Max market,0.2753255882813067,0.2718389681453977,0.27027027027027023,0.003486620135909002,0.018704676640834972,0.02169822378768721,H,False,10.0,-10.0,STANDARD
2024-09-24,2024/25,La Liga,Valencia,Osasuna,DRAW,D,3.32,Max market,0.3069541220136864,0.30360618202633083,0.30120481927710846,0.0033479399873555526,0.019087685085438677,0.0013831123675115964,D,True,10.0,23.2,STANDARD
2024-09-25,2024/25,La Liga,Girona,Vallecano,DRAW,D,3.98,Max market,0.2539715317892685,0.2511067975433075,0.25125628140703515,0.0028647342459610092,0.010806696521288739,-0.003096195007572272,D,True,10.0,29.8,STANDARD
2024-09-26,2024/25,La Liga,Las Palmas,Betis,DRAW,D,3.44,Max market,0.2983811528113985,0.29408930609472433,0.29069767441860467,0.0042918467166741525,0.026431165671210843,-0.007407289209483914,D,True,10.0,24.4,STANDARD
2024-09-26,2024/25,La Liga,Espanol,Villarreal,DRAW,D,3.73,Max market,0.2806624135283825,0.2769450499887244,0.2680965147453083,0.003717363539658125,0.046870802460866834,-0.005108692825679828,A,False,10.0,-10.0,STANDARD
2024-09-27,2024/25,La Liga,Valladolid,Mallorca,DRAW,D,3.01,Max market,0.3358068410201021,0.33076744018044196,0.33222591362126247,0.005039400839660146,0.010778591470507193,0.000653887659836927,A,False,10.0,-10.0,STRONG
2024-09-28,2024/25,Premier League,Nott'm Forest,Fulham,DRAW,D,3.52,Max market,0.291518835861015,0.28738815342970153,0.2840909090909091,0.0041306824313134816,0.026146302230772855,0.01617235790816246,A,False,10.0,-10.0,STANDARD
2024-09-28,2024/25,Bundesliga,Wolfsburg,Stuttgart,DRAW,D,4.1,Max market,0.24893774072333724,0.24627778910870896,0.24390243902439027,0.0026599516146282864,0.020644736965682586,0.008590382526652063,D,True,10.0,30.999999999999996,STANDARD
2024-09-28,2024/25,Premier League,Everton,Crystal Palace,DRAW,D,3.59,Max market,0.2871370528886946,0.28322741742701274,0.2785515320334262,0.003909635461681882,0.030822019870413664,0.004548758851937673,H,False,10.0,-10.0,STANDARD
2024-09-28,2024/25,Bundesliga,M'gladbach,Union Berlin,DRAW,D,3.79,Max market,0.2744780858801605,0.2710038681156751,0.2638522427440633,0.0034742177644853656,0.04027194548580826,0.007427622790397659,H,False,10.0,-10.0,STANDARD
2024-09-28,2024/25,Premier League,Brentford,West Ham,DRAW,D,3.82,Max market,0.2688800953926577,0.26533025084153533,0.2617801047120419,0.003549844551122394,0.027121964399952514,0.0037385283569141836,D,True,10.0,28.2,STANDARD
2024-09-28,2024/25,Ligue 1,Lens,Nice,DRAW,D,3.63,Max market,0.28094733362146423,0.2769817488422773,0.27548209366391185,0.003965584779186959,0.019838821045915056,0.0010055019375952434,D,True,10.0,26.299999999999997,STANDARD
2024-09-28,2024/25,Serie A,Bologna,Atalanta,DRAW,D,3.56,Max market,0.29180124518667433,0.287780495586515,0.2808988764044944,0.004020749600159357,0.03881243286456071,0.02056657086042185,D,True,10.0,25.6,STANDARD
2024-09-29,2024/25,Serie A,Torino,Lazio,DRAW,D,3.4,Max market,0.3027676620414432,0.29841102708911643,0.29411764705882354,0.004356634952326743,0.029410050940906762,0.012712730736037847,A,False,10.0,-10.0,STANDARD
2024-09-29,2024/25,Bundesliga,Hoffenheim,Werder Bremen,DRAW,D,4.07,Max market,0.25537318170335527,0.2520598108025633,0.24570024570024568,0.0033133709007919787,0.03936884953265607,0.0043260105964662565,A,False,10.0,-10.0,STANDARD
2024-09-29,2024/25,Serie A,Como,Verona,DRAW,D,3.54,Max market,0.2872857537273725,0.2838028064664306,0.2824858757062147,0.0034829472609418932,0.016991568194898665,-0.0011440272030577292,H,False,10.0,-10.0,STANDARD
2024-09-29,2024/25,Serie A,Empoli,Fiorentina,DRAW,D,3.47,Max market,0.29491916130885326,0.29116150177196304,0.2881844380403458,0.0037576595368902233,0.023369489741720928,-3.1154645464825936e-05,D,True,10.0,24.700000000000003,STANDARD
2024-09-29,2024/25,La Liga,Ath Madrid,Real Madrid,DRAW,D,3.6,Max market,0.28183383451075295,0.2779279920307386,0.2777777777777778,0.0039058424800143543,0.014601804238710603,0.02145033408435898,D,True,10.0,26.0,STANDARD
2024-09-29,2024/25,Premier League,Man United,Tottenham,DRAW,D,4.13,Max market,0.24999569618740555,0.24675290360813648,0.24213075060532688,0.0032427925792690715,0.03248222525398492,0.0019574145740124393,A,False,10.0,-10.0,STANDARD
2024-09-29,2024/25,Ligue 1,Toulouse,Lyon,DRAW,D,3.69,Max market,0.27795457441106214,0.27393176678792647,0.2710027100271003,0.004022807623135671,0.025652379576819317,-0.000480853724090069,A,False,10.0,-10.0,STANDARD
2024-10-04,2024/25,Bundesliga,Augsburg,M'gladbach,DRAW,D,4.02,Max market,0.2593990019987254,0.255960930767021,0.24875621890547267,0.0034380712317044204,0.04278398803487593,0.0033282142858127584,H,False,10.0,-10.0,STANDARD
2024-10-05,2024/25,Premier League,Everton,Newcastle,DRAW,D,3.77,Max market,0.26839463563448124,0.265074471417089,0.26525198938992045,0.0033201642173922297,0.011847776341994187,-0.009186649911046285,D,True,10.0,27.7,STANDARD
2024-10-05,2024/25,Ligue 1,St Etienne,Auxerre,DRAW,D,3.63,Max market,0.2815072946049442,0.27765926825517623,0.27548209366391185,0.0038480263497679967,0.02187147941594758,0.0010581012521135302,H,False,10.0,-10.0,STANDARD
2024-10-05,2024/25,Serie A,Udinese,Lecce,DRAW,D,3.48,Max market,0.2941744785554654,0.2901354852020816,0.28735632183908044,0.004038993353383813,0.023727185373019655,0.031108791271499292,H,False,10.0,-10.0,STANDARD
2024-10-05,2024/25,Bundesliga,Bochum,Wolfsburg,DRAW,D,3.91,Max market,0.2587388592548142,0.2556413066814314,0.2557544757033248,0.003097552573382789,0.011668939686323654,0.002855194815203521,A,False,10.0,-10.0,STANDARD
2024-10-05,2024/25,Bundesliga,St Pauli,Mainz,DRAW,D,3.66,Max market,0.28408551594558445,0.2802003558746757,0.27322404371584696,0.0038851600709087775,0.03975298836083918,0.00046252830023707503,A,False,10.0,-10.0,STANDARD
2024-10-05,2024/25,Ligue 1,Rennes,Monaco,DRAW,D,3.83,Max market,0.2659666153289681,0.2623396813058686,0.2610966057441253,0.003626934023099493,0.01865213670994792,0.0157307926272246,A,False,10.0,-10.0,STANDARD
2024-10-05,2024/25,Bundesliga,Union Berlin,Dortmund,DRAW,D,3.79,Max market,0.27523436227324827,0.2716109268248999,0.2638522427440633,0.0036234354483483666,0.04313823301561093,-0.0034850033106620937,H,False,10.0,-10.0,STANDARD
2024-10-05,2024/25,La Liga,Las Palmas,Celta,DRAW,D,3.75,Max market,0.27141087394061486,0.267988263731586,0.26666666666666666,0.0034226102090288424,0.017790777277305825,-0.0014249243435546788,A,False,10.0,-10.0,STANDARD
2024-10-05,2024/25,Bundesliga,Werder Bremen,Freiburg,DRAW,D,3.81,Max market,0.26780916922850617,0.26443768996960487,0.26246719160104987,0.0033714792589013,0.02035293476060862,0.00934989289838406,A,False,10.0,-10.0,STANDARD
2024-10-06,2024/25,Premier League,Aston Villa,Man United,DRAW,D,3.99,Max market,0.254621459832904,0.2514538558786346,0.2506265664160401,0.0031676039542694046,0.015939624733287028,-0.002448840269585778,D,True,10.0,29.900000000000002,STANDARD
2024-10-06,2024/25,Ligue 1,Strasbourg,Lens,DRAW,D,3.65,Max market,0.28203010831339675,0.27825041867796274,0.273972602739726,0.0037796896354340137,0.02940989534389815,0.002237579672107859,D,True,10.0,26.5,STANDARD
2024-10-06,2024/25,La Liga,Sevilla,Betis,DRAW,D,3.42,Max market,0.30256926087882635,0.2980965695236047,0.29239766081871343,0.0044726913552216585,0.03478687220558618,0.0023308287892124246,H,False,10.0,-10.0,STANDARD
2024-10-06,2024/25,La Liga,Sociedad,Ath Madrid,DRAW,D,3.35,Max market,0.30740203886598966,0.3030887504334849,0.29850746268656714,0.0043132884325047804,0.029796830201065383,0.009297102792328038,D,True,10.0,23.5,STANDARD
2024-10-06,2024/25,Premier League,Brighton,Tottenham,DRAW,D,4.18,Max market,0.24186690334094804,0.23917923833968852,0.23923444976076558,0.002687665001259526,0.011003655965162729,0.005251461646525596,H,False,10.0,-10.0,STANDARD
2024-10-19,2024/25,Serie A,Genoa,Bologna,DRAW,D,3.33,Max market,0.30717784910184853,0.3042102592421235,0.3003003003003003,0.002967589859725006,0.022902237509155654,-0.007627237352107519,D,True,10.0,23.3,STANDARD
2024-10-19,2024/25,Ligue 1,Brest,Rennes,DRAW,D,3.42,Max market,0.2982351548677149,0.29421304505480933,0.29239766081871343,0.004022109812905572,0.01996422964758504,0.003056762654439993,D,True,10.0,24.2,STANDARD
2024-10-19,2024/25,Premier League,Newcastle,Brighton,DRAW,D,4.08,Max market,0.2505534426871559,0.2477847201003066,0.24509803921568626,0.0027687225868492926,0.022258046163596168,-0.012232216577970884,A,False,10.0,-10.0,STANDARD
2024-10-19,2024/25,La Liga,Osasuna,Betis,DRAW,D,3.44,Max market,0.2943312213640699,0.29026333365136914,0.29069767441860467,0.0040678877127007795,0.012499401492400475,0.012000111069025432,A,False,10.0,-10.0,STANDARD
2024-10-19,2024/25,Premier League,Fulham,Aston Villa,DRAW,D,3.71,Max market,0.2780674326953268,0.2743108773622338,0.2695417789757412,0.0037565553330929924,0.03163017529966239,0.005221103917017356,A,False,10.0,-10.0,STANDARD
2024-10-20,2024/25,Ligue 1,Nantes,Nice,DRAW,D,3.39,Max market,0.30501948750196023,0.300842549545404,0.2949852507374631,0.004176937956556215,0.03401606263164525,0.0018823597847625329,D,True,10.0,23.900000000000002,STANDARD
2024-10-20,2024/25,Bundesliga,Holstein Kiel,Union Berlin,DRAW,D,3.63,Max market,0.2821653487428832,0.2795232936078007,0.27548209366391185,0.0026420551350824772,0.02426021593666583,-0.003888796077656853,A,False,10.0,-10.0,STANDARD
2024-10-20,2024/25,Serie A,Cagliari,Torino,DRAW,D,3.33,Max market,0.3042607948609016,0.2995326839704972,0.3003003003003003,0.004728110890404369,0.013188446886802208,0.015009750880685124,H,False,10.0,-10.0,STANDARD
2024-10-20,2024/25,Serie A,Lecce,Fiorentina,DRAW,D,3.44,Max market,0.2948178134365709,0.2906014346146772,0.29069767441860467,0.004216378821893685,0.014173278221803809,0.012214973550493946,A,False,10.0,-10.0,STANDARD
2024-10-20,2024/25,Ligue 1,Auxerre,Reims,DRAW,D,3.73,Max market,0.2774762574479509,0.27362727369849676,0.2680965147453083,0.003848983749454138,0.034986440280856845,0.0029072592548043397,H,False,10.0,-10.0,STANDARD
2024-10-21,2024/25,Serie A,Verona,Monza,DRAW,D,3.2,Max market,0.32002361378320876,0.3154399341337693,0.3125,0.004583679649439454,0.024075564106267988,-0.00011927368644504277,A,False,10.0,-10.0,STANDARD
2024-10-21,2024/25,Premier League,Nott'm Forest,Crystal Palace,DRAW,D,3.5,Max market,0.2923750914323896,0.28844619635060303,0.2857142857142857,0.003928895081786565,0.023312820013363655,0.0064830388948102224,H,False,10.0,-10.0,STANDARD
2024-10-25,2024/25,Bundesliga,Mainz,M'gladbach,DRAW,D,3.93,Max market,0.2586710051624904,0.2554483744194355,0.2544529262086514,0.0032226307430548995,0.01657705028858736,0.0003125892602898195,D,True,10.0,29.3,STANDARD
2024-10-25,2024/25,Serie A,Torino,Como,DRAW,D,3.15,Max market,0.3212365427257678,0.3168214530294474,0.31746031746031744,0.004415089696320373,0.011895109586168573,0.0031699982732207865,H,False,10.0,-10.0,STANDARD
2024-10-25,2024/25,Serie A,Udinese,Cagliari,DRAW,D,3.32,Max market,0.30460739895953215,0.3007026332544158,0.30120481927710846,0.003904765705116331,0.011296564545646648,0.0033778586404975552,H,False,10.0,-10.0,STANDARD
2024-10-25,2024/25,Premier League,Leicester,Nott'm Forest,DRAW,D,3.45,Max market,0.2933736913799877,0.2896848705989442,0.2898550724637681,0.003688820781043489,0.012139235260957726,-0.0038973984309080834,A,False,10.0,-10.0,STANDARD
2024-10-26,2024/25,Ligue 1,Angers,St Etienne,DRAW,D,3.47,Max market,0.29829990369255993,0.2943305186972256,0.2881844380403458,0.003969384995334335,0.03510066581318294,-0.012112822698330306,H,False,10.0,-10.0,STANDARD
2024-10-26,2024/25,La Liga,Valladolid,Villarreal,DRAW,D,3.86,Max market,0.26361829892362726,0.2603371580758712,0.2590673575129534,0.0032811408477560478,0.017566633845201185,0.008592198437154142,A,False,10.0,-10.0,STANDARD
2024-10-26,2024/25,La Liga,Real Madrid,Barcelona,DRAW,D,4.27,Max market,0.24042076826665676,0.23762250042485697,0.234192037470726,0.0027982678417997897,0.02659668049862418,-0.005335068378734015,A,False,10.0,-10.0,STANDARD
2024-10-26,2024/25,Ligue 1,Lens,Lille,DRAW,D,3.56,Max market,0.28802682709055394,0.28410960191756357,0.2808988764044944,0.003917225172990368,0.02537550444237202,0.004426839510586367,A,False,10.0,-10.0,STANDARD
2024-10-26,2024/25,Ligue 1,Reims,Brest,DRAW,D,3.73,Max market,0.2738522529846042,0.27065839206305276,0.2680965147453083,0.003193860921551439,0.0214689036325737,0.0002749269706496804,A,False,10.0,-10.0,STANDARD
2024-10-26,2024/25,La Liga,Las Palmas,Girona,DRAW,D,3.55,Max market,0.2847499265157644,0.28049455401825146,0.28169014084507044,0.004255372497512955,0.010862239130963625,0.01579527159084604,H,False,10.0,-10.0,STANDARD
2024-10-26,2024/25,Bundesliga,Augsburg,Dortmund,DRAW,D,4.17,Max market,0.2444306027863,0.24184027129506733,0.23980815347721823,0.002590331491232667,0.01927561361887098,-0.006499952144093241,H,False,10.0,-10.0,STANDARD
2024-10-27,2024/25,Premier League,West Ham,Man United,DRAW,D,3.98,Max market,0.261243566695592,0.25799715707723014,0.25125628140703515,0.0032464096183618674,0.03974939544845624,0.002795697308831502,H,False,10.0,-10.0,STANDARD
2024-10-27,2024/25,La Liga,Getafe,Valencia,DRAW,D,3.1,Max market,0.33074791900778366,0.3260775359178639,0.3225806451612903,0.0046703830899197385,0.025318548924129436,0.005745269963944977,D,True,10.0,21.0,STANDARD
2024-10-27,2024/25,Premier League,Arsenal,Liverpool,DRAW,D,3.59,Max market,0.288028792470699,0.2841309764003996,0.2785515320334262,0.0038978160702994313,0.0340233649698094,0.00047355408860799697,D,True,10.0,25.9,STANDARD
2024-10-27,2024/25,Bundesliga,Union Berlin,Ein Frankfurt,DRAW,D,3.6,Max market,0.2875740188392989,0.283509710709252,0.2777777777777778,0.004064308130046879,0.03526646782147602,0.009696543662050916,D,True,10.0,26.0,STANDARD
2024-10-27,2024/25,La Liga,Betis,Ath Madrid,DRAW,D,3.4,Max market,0.30112082029764214,0.2969073379543268,0.29411764705882354,0.004213482343315367,0.02381078901198319,-0.0043929990161435395,H,False,10.0,-10.0,STANDARD
2024-10-27,2024/25,Ligue 1,Nice,Monaco,DRAW,D,3.73,Max market,0.27778154066567434,0.2741199428404604,0.2680965147453083,0.003661597825213969,0.03612514668296529,-0.016271031365548583,H,False,10.0,-10.0,STANDARD
2024-10-27,2024/25,Ligue 1,Strasbourg,Nantes,DRAW,D,3.88,Max market,0.263532052585606,0.2607454486696111,0.2577319587628866,0.002786603915994945,0.02250436403215139,0.012210843054787479,H,False,10.0,-10.0,STANDARD
2024-10-27,2024/25,Ligue 1,Montpellier,Toulouse,DRAW,D,3.79,Max market,0.2665657797874214,0.2640653876197916,0.2638522427440633,0.002500392167629817,0.01028430539432712,-0.004850309485472104,A,False,10.0,-10.0,STANDARD
2024-10-29,2024/25,Serie A,Cagliari,Bologna,DRAW,D,3.44,Max market,0.3033484446210124,0.2990055144459631,0.29069767441860467,0.0043429301750492755,0.0435186494962827,-0.009528471409633477,A,False,10.0,-10.0,STANDARD
2024-10-29,2024/25,Serie A,Milan,Napoli,DRAW,D,3.6,Max market,0.2868135742397693,0.2828124445985289,0.2777777777777778,0.004001129641240386,0.03252886726316939,0.012577520707478529,A,False,10.0,-10.0,STANDARD
2024-10-31,2024/25,Serie A,Como,Lazio,DRAW,D,3.56,Max market,0.2900395721857677,0.2858369235171614,0.2808988764044944,0.0042026486686063125,0.03254087698133312,0.010637717093010424,A,False,10.0,-10.0,STANDARD
2024-11-01,2024/25,Ligue 1,Lille,Lyon,DRAW,D,3.89,Max market,0.2613778333286787,0.2580250573151376,0.2570694087403599,0.0033527760135411144,0.01675977164856013,0.0002188914271499809,D,True,10.0,28.900000000000002,STANDARD
2024-11-02,2024/25,Premier League,Ipswich,Leicester,DRAW,D,3.77,Max market,0.26929469656285693,0.2660569946024678,0.26525198938992045,0.003237701960389139,0.01524100604197054,0.0020437860767728577,D,True,10.0,27.7,STANDARD
2024-11-02,2024/25,Premier League,Nott'm Forest,West Ham,DRAW,D,3.69,Max market,0.27593473184382694,0.2729668605017008,0.2710027100271003,0.002967871342126116,0.0181991605037215,0.00341397366979862,H,False,10.0,-10.0,STANDARD
2024-11-02,2024/25,Premier League,Southampton,Everton,DRAW,D,3.63,Max market,0.2800539620077211,0.27613033633920664,0.27548209366391185,0.003923625668514452,0.016595882088027425,0.013328565006617055,H,False,10.0,-10.0,STANDARD
2024-11-02,2024/25,Premier League,Wolves,Crystal Palace,DRAW,D,3.59,Max market,0.28663980993945787,0.2827369865699441,0.2785515320334262,0.0039028233695137526,0.029036917682653707,0.004884159320763859,D,True,10.0,25.9,STANDARD
2024-11-02,2024/25,Bundesliga,Dortmund,RB Leipzig,DRAW,D,3.93,Max market,0.25856158682890373,0.25511636000314336,0.2544529262086514,0.0034452268257603724,0.016147036237591728,-0.004147094268358242,H,False,10.0,-10.0,STANDARD
2024-11-03,2024/25,Serie A,Napoli,Atalanta,DRAW,D,3.71,Max market,0.2816494657979762,0.2776629664619744,0.2695417789757412,0.003986499336001759,0.04491951811049155,0.017978366994485073,A,False,10.0,-10.0,STANDARD
2024-11-03,2024/25,Premier League,Man United,Chelsea,DRAW,D,4.06,Max market,0.25708507435211686,0.2536990089882462,0.24630541871921185,0.0033860653638706495,0.04376540186959432,0.012694912694979965,D,True,10.0,30.599999999999994,STANDARD
2024-11-03,2024/25,La Liga,Sevilla,Sociedad,DRAW,D,3.22,Max market,0.31788942985810875,0.3132127551391008,0.3105590062111801,0.004676674719007956,0.02360396414311028,-0.008769929210477367,A,False,10.0,-10.0,STANDARD
2024-11-03,2024/25,Serie A,Torino,Fiorentina,DRAW,D,3.41,Max market,0.2967446166331283,0.2935196206607216,0.29325513196480935,0.0032249959724066635,0.011899142718967415,0.009575807647088375,A,False,10.0,-10.0,STANDARD
2024-11-04,2024/25,La Liga,Celta,Getafe,DRAW,D,3.45,Max market,0.29611308335003034,0.29253731343283584,0.2898550724637681,0.0035757699171944934,0.02159013755760464,0.025768397447758162,H,False,10.0,-10.0,STANDARD
2024-11-04,2024/25,Serie A,Empoli,Como,DRAW,D,3.35,Max market,0.3059363474096954,0.3016546319981867,0.29850746268656714,0.00428171541150868,0.024886763822479674,0.015815579407336355,H,False,10.0,-10.0,STANDARD
2024-11-04,2024/25,Premier League,Fulham,Brentford,DRAW,D,3.9,Max market,0.2595294585685206,0.2566012259804432,0.25641025641025644,0.002928232588077395,0.01216488841723029,0.0008232618038276907,H,False,10.0,-10.0,STANDARD
2024-11-07,2024/25,Serie A,Genoa,Como,DRAW,D,3.3,Max market,0.3072531952363012,0.30311997426825343,0.30303030303030304,0.004133220968047746,0.013935544279793932,0.01089386656219643,D,True,10.0,23.0,STANDARD
2024-11-08,2024/25,Bundesliga,Union Berlin,Freiburg,DRAW,D,3.3,Max market,0.3066655201707137,0.30230135429491434,0.30303030303030304,0.004364165875799353,0.011996216563355144,-0.002737555025845273,D,True,10.0,23.0,STANDARD
2024-11-08,2024/25,La Liga,Vallecano,Las Palmas,DRAW,D,3.65,Max market,0.2823007129846026,0.27959037244798113,0.273972602739726,0.0027103405366214472,0.030397602393799295,0.002368817669238743,A,False,10.0,-10.0,STANDARD
2024-11-09,2024/25,La Liga,Leganes,Sevilla,DRAW,D,3.23,Max market,0.317385469179177,0.31266403671202003,0.30959752321981426,0.00472143246715695,0.025155065448741576,0.009877881732095362,H,False,10.0,-10.0,STANDARD
2024-11-09,2024/25,Ligue 1,Strasbourg,Monaco,DRAW,D,4.08,Max market,0.2570024041043775,0.2542797494780793,0.24509803921568626,0.0027226546262982265,0.048569808745860366,0.007193374254172213,A,False,10.0,-10.0,STANDARD
2024-11-09,2024/25,Bundesliga,Mainz,Dortmund,DRAW,D,4.02,Max market,0.2596278623335474,0.2566432861401967,0.24875621890547267,0.0029845761933506854,0.04370400658086049,0.0018054978408537647,H,False,10.0,-10.0,STANDARD
2024-11-09,2024/25,Premier League,Crystal Palace,Fulham,DRAW,D,3.73,Max market,0.2799122878166434,0.27607361963190186,0.2680965147453083,0.003838668184741545,0.04407283355607983,0.011705188657465782,A,False,10.0,-10.0,STANDARD
2024-11-09,2024/25,Premier League,West Ham,Everton,DRAW,D,3.71,Max market,0.2800526123222122,0.2763675098268671,0.2695417789757412,0.003685102495345094,0.03899519171540722,0.003097464370890868,D,True,10.0,27.1,STANDARD
2024-11-10,2024/25,Bundesliga,Heidenheim,Wolfsburg,DRAW,D,3.6,Max market,0.2904461832995916,0.2867217384714184,0.2777777777777778,0.00372444482817319,0.04560625987852984,0.008146235540621882,A,False,10.0,-10.0,STANDARD
2024-11-10,2024/25,Bundesliga,Augsburg,Hoffenheim,DRAW,D,4.02,Max market,0.2551000828361033,0.25183107946054645,0.24875621890547267,0.003269003375556856,0.025502333001135247,0.02326263995368416,D,True,10.0,30.199999999999996,STANDARD
2024-11-10,2024/25,Premier League,Nott'm Forest,Newcastle,DRAW,D,3.57,Max market,0.2944100947203913,0.29007409639270687,0.2801120448179272,0.004335998327684443,0.05104403815179692,0.0013345447917190723,A,False,10.0,-10.0,STANDARD
2024-11-10,2024/25,Ligue 1,Rennes,Toulouse,DRAW,D,3.54,Max market,0.28623297361353683,0.2821211613708683,0.2824858757062147,0.004111812242668544,0.01326472659192035,0.0021444585179115627,A,False,10.0,-10.0,STANDARD
2024-11-10,2024/25,Premier League,Chelsea,Arsenal,DRAW,D,3.72,Max market,0.27803148541506134,0.2740824197252676,0.26881720430107525,0.0039490656897937515,0.03427712574402819,0.007780163474337576,D,True,10.0,27.200000000000003,STANDARD
2024-11-10,2024/25,Serie A,Roma,Bologna,DRAW,D,3.52,Max market,0.2912767567273741,0.28730979575133003,0.2840909090909091,0.003966960976044043,0.025294183680356852,0.009126087193829069,A,False,10.0,-10.0,STANDARD
2024-11-10,2024/25,La Liga,Getafe,Girona,DRAW,D,3.24,Max market,0.31301893222116245,0.30823389021479713,0.30864197530864196,0.004785042006365314,0.014181340396566489,0.022341022677188904,A,False,10.0,-10.0,STANDARD
2024-11-10,2024/25,Ligue 1,Montpellier,Brest,DRAW,D,3.75,Max market,0.2744561370181753,0.27148194271481946,0.26666666666666666,0.002974194303355826,0.029210513818157313,0.022078022071528536,H,False,10.0,-10.0,STANDARD
2024-11-10,2024/25,Bundesliga,Stuttgart,Ein Frankfurt,DRAW,D,4.27,Max market,0.23971977078950324,0.2368527446243957,0.234192037470726,0.0028670261651075335,0.02360342127117865,0.007686493817358253,A,False,10.0,-10.0,STANDARD
2024-11-10,2024/25,La Liga,Mallorca,Ath Madrid,DRAW,D,3.25,Max market,0.32113958550645516,0.3168868110087302,0.3076923076923077,0.004252774497724987,0.04370365289597933,0.007602267182821532,A,False,10.0,-10.0,STANDARD
2024-11-10,2024/25,Ligue 1,Nice,Lille,DRAW,D,3.46,Max market,0.29696972838564045,0.292586839197348,0.28901734104046245,0.004382889188292438,0.02751526021431605,0.0007390336589060409,D,True,10.0,24.6,STANDARD
2024-11-10,2024/25,La Liga,Betis,Celta,DRAW,D,3.83,Max market,0.27247662378258497,0.2696150297863819,0.2610966057441253,0.00286159399620306,0.043585469087300543,0.025915474092789215,D,True,10.0,28.3,STANDARD
2024-11-10,2024/25,Ligue 1,Le Havre,Reims,DRAW,D,3.52,Max market,0.29517293747322193,0.2914464761726605,0.2840909090909091,0.0037264613005614233,0.039008739905741274,0.012143794653345252,A,False,10.0,-10.0,STANDARD
2024-11-23,2024/25,Serie A,Milan,Juventus,DRAW,D,3.42,Max market,0.2970366878527452,0.2930223256902023,0.29239766081871343,0.004014362162542862,0.015865472456388474,0.00712897807667201,D,True,10.0,24.2,STANDARD
2024-11-23,2024/25,Bundesliga,Wolfsburg,Union Berlin,DRAW,D,3.48,Max market,0.29459176376029544,0.2906189106430361,0.28735632183908044,0.003972853117259367,0.025179337885828046,-0.0010910906018928856,H,False,10.0,-10.0,STANDARD
2024-11-23,2024/25,Premier League,Everton,Brentford,DRAW,D,3.62,Max market,0.2858833462781174,0.28200449185850646,0.27624309392265195,0.0038788544196109442,0.034897713526784946,0.0027274204106991218,D,True,10.0,26.200000000000003,STANDARD
2024-11-24,2024/25,Serie A,Torino,Monza,DRAW,D,3.19,Max market,0.31924564840599307,0.3149085634652029,0.31347962382445144,0.004337084940790159,0.018393618415117885,-0.0003111836482868613,D,True,10.0,21.9,STANDARD
2024-11-24,2024/25,Bundesliga,Holstein Kiel,Mainz,DRAW,D,3.73,Max market,0.2770355271121254,0.2736577746945039,0.2680965147453083,0.0033777524176215046,0.03334251612822792,0.01143756600659196,A,False,10.0,-10.0,STANDARD
2024-11-29,2024/25,Bundesliga,St Pauli,Holstein Kiel,St Pauli,H,1.86,Max market,0.5626396288157072,0.559965188125797,0.5376344086021505,0.0026744406899101847,0.04650970959721534,0.004766541819760661,H,True,10.0,8.600000000000001,STANDARD
2024-11-30,2024/25,La Liga,Alaves,Leganes,DRAW,D,3.42,Max market,0.2953360413623975,0.2926592528910952,0.29239766081871343,0.002676788471302316,0.010049261459399439,0.009051178758255951,D,True,10.0,24.2,STANDARD
2024-11-30,2024/25,Premier League,Crystal Palace,Newcastle,DRAW,D,4.1,Max market,0.2724134264283296,0.2688982555456419,0.24390243902439027,0.0035151708826877126,0.11689504835615128,0.00701399829363164,D,True,10.0,30.999999999999996,STANDARD
2024-11-30,2024/25,Bundesliga,Werder Bremen,Stuttgart,DRAW,D,4.0,Max market,0.2584953898031287,0.25531914893617025,0.25,0.0031762408669584463,0.03398155921251478,0.016610227206650396,D,True,10.0,30.0,STANDARD
2024-11-30,2024/25,Premier League,Wolves,Bournemouth,DRAW,D,3.81,Max market,0.26921887554627283,0.2656602954794664,0.26246719160104987,0.003558580066806427,0.025723915831299404,0.011742196384274206,A,False,10.0,-10.0,STANDARD
2024-12-01,2024/25,Serie A,Udinese,Genoa,DRAW,D,3.54,Max market,0.2901799164076009,0.28692772202315525,0.2824858757062147,0.003252194384445628,0.02723690408290702,-0.00021632940710392123,A,False,10.0,-10.0,STANDARD
2024-12-01,2024/25,Ligue 1,Le Havre,Angers,DRAW,D,3.44,Max market,0.3055658560266904,0.30120292969056317,0.29069767441860467,0.004362926336127226,0.0511465447318149,0.011020387066501547,A,False,10.0,-10.0,STANDARD
2024-12-01,2024/25,Bundesliga,Mainz,Hoffenheim,DRAW,D,3.8,Max market,0.2671687015079329,0.26441359946645643,0.2631578947368421,0.002755102041476498,0.015241065730145165,0.003851839081201236,H,False,10.0,-10.0,STANDARD
2024-12-02,2024/25,Serie A,Roma,Atalanta,DRAW,D,3.65,Max market,0.2785763822919448,0.27553656674404436,0.273972602739726,0.0030398155479004485,0.016803795365598617,0.005624221800923868,A,False,10.0,-10.0,STANDARD
2024-12-03,2024/25,Premier League,Ipswich,Crystal Palace,DRAW,D,3.54,Max market,0.28878398482125334,0.2851780472388427,0.2824858757062147,0.0036059375824106232,0.02229530626723686,0.0009636651865008727,A,False,10.0,-10.0,STANDARD
2024-12-03,2024/25,Premier League,Leicester,West Ham,DRAW,D,3.67,Max market,0.28307253697272894,0.2794139445619017,0.2724795640326976,0.0036585924108272216,0.0388762106899152,-0.0030577362364971328,H,False,10.0,-10.0,STANDARD
2024-12-04,2024/25,La Liga,Ath Bilbao,Real Madrid,DRAW,D,3.69,Max market,0.27790126162791745,0.2739923151110635,0.2710027100271003,0.003908946516853973,0.025455655407015332,0.010197523516890294,H,False,10.0,-10.0,STANDARD
2024-12-05,2024/25,Premier League,Bournemouth,Tottenham,DRAW,D,4.12,Max market,0.24719505503044903,0.2439571810068702,0.24271844660194175,0.003237874023578835,0.01844362672544997,0.0014087644583435088,H,False,10.0,-10.0,STANDARD
2024-12-05,2024/25,Premier League,Fulham,Brighton,DRAW,D,3.82,Max market,0.26558761707437256,0.2620185549620466,0.2617801047120419,0.003569062112325938,0.014544697224103231,0.006597350703900218,H,False,10.0,-10.0,STANDARD
2024-12-07,2024/25,La Liga,Valencia,Vallecano,DRAW,D,3.1,Max market,0.3265060328108345,0.3218956641245452,0.3225806451612903,0.0046103686862893345,0.012168701713586971,-0.00391405932268174,A,False,10.0,-10.0,STANDARD
2024-12-13,2024/25,Serie A,Empoli,Torino,DRAW,D,3.01,Max market,0.3395444041349967,0.3340125163731626,0.33222591362126247,0.005531887761834109,0.02202865644634011,0.005051086797918436,A,False,10.0,-10.0,STRONG
2024-12-14,2024/25,Ligue 1,Reims,Monaco,DRAW,D,3.8,Max market,0.26774294443114605,0.26497690856659656,0.2631578947368421,0.0027660358645494876,0.01742318883835492,0.011786033461389955,D,True,10.0,28.0,STANDARD
2024-12-14,2024/25,La Liga,Sevilla,Celta,DRAW,D,3.48,Max market,0.2920745866841476,0.2884091710211844,0.28735632183908044,0.0036654156629631895,0.01641956166083358,0.016088665508536548,H,False,10.0,-10.0,STANDARD
2024-12-14,2024/25,Premier League,Nott'm Forest,Aston Villa,DRAW,D,3.59,Max market,0.2858124077650879,0.281768219832736,0.2785515320334262,0.004044187932351895,0.026066543876665405,0.01826908626580831,H,False,10.0,-10.0,STANDARD
2024-12-14,2024/25,Bundesliga,St Pauli,Werder Bremen,DRAW,D,3.58,Max market,0.2843958559149207,0.2804204069897454,0.27932960893854747,0.003975448925175318,0.01813716417541622,0.010518162637348838,A,False,10.0,-10.0,STANDARD
2024-12-15,2024/25,La Liga,Alaves,Ath Bilbao,DRAW,D,3.35,Max market,0.3057042950953525,0.3019078789814002,0.29850746268656714,0.0037964161139523167,0.02410938856943101,0.009774322788719536,D,True,10.0,23.5,STANDARD
2024-12-15,2024/25,Serie A,Bologna,Fiorentina,DRAW,D,3.37,Max market,0.3102189394418437,0.3057781217540072,0.29673590504451036,0.004440817687836496,0.04543782591901335,0.007547560158522371,H,False,10.0,-10.0,STANDARD
2024-12-15,2024/25,Ligue 1,Le Havre,Strasbourg,DRAW,D,3.44,Max market,0.30064845221739683,0.2962980775011121,0.29069767441860467,0.004350374716284744,0.034230675627844986,0.0036596352273565724,A,False,10.0,-10.0,STANDARD
2024-12-15,2024/25,Bundesliga,RB Leipzig,Ein Frankfurt,DRAW,D,4.06,Max market,0.24973630878691733,0.2467958667790146,0.24630541871921185,0.0029404420079027216,0.013929413674884206,0.008688976630799483,H,False,10.0,-10.0,STANDARD
2024-12-15,2024/25,Serie A,Lecce,Monza,DRAW,D,3.26,Max market,0.31536416857443184,0.31057243061051504,0.3067484662576687,0.004791737963916798,0.028087189552647773,0.0058350435753791174,H,False,10.0,-10.0,STANDARD
2024-12-15,2024/25,Serie A,Como,Roma,DRAW,D,3.46,Max market,0.29215174898480234,0.28841798268747476,0.28901734104046245,0.0037337662973275787,0.010845051487416102,0.0010780363886275235,H,False,10.0,-10.0,STANDARD
2024-12-16,2024/25,Serie A,Lazio,Inter,DRAW,D,3.56,Max market,0.2852067561522074,0.2823582527559351,0.2808988764044944,0.002848503396272295,0.015336051901858383,0.007566207293006277,A,False,10.0,-10.0,STANDARD
2024-12-21,2024/25,Bundesliga,Hoffenheim,M'gladbach,DRAW,D,3.93,Max market,0.2622748825557399,0.2587355855594831,0.2544529262086514,0.003539296996256769,0.03074028844405774,0.00399695308615633,A,False,10.0,-10.0,STANDARD
2024-12-21,2024/25,La Liga,Osasuna,Ath Bilbao,DRAW,D,3.4,Max market,0.30061877353893957,0.2975749611754868,0.29411764705882354,0.003043812363452747,0.022103830032394578,0.0078119604159436196,A,False,10.0,-10.0,STANDARD
2024-12-21,2024/25,Premier League,Brentford,Nott'm Forest,DRAW,D,3.67,Max market,0.2753912387294702,0.2720992282163783,0.2724795640326976,0.003292010513091914,0.010685846137155508,-0.0046887458035722585,A,False,10.0,-10.0,STANDARD
2024-12-21,2024/25,La Liga,Getafe,Mallorca,DRAW,D,2.95,Max market,0.3502248608945353,0.3451733223830545,0.3389830508474576,0.005051538511480824,0.0331633396388793,0.02239615719050242,A,False,10.0,-10.0,STRONG
2024-12-21,2024/25,Serie A,Torino,Bologna,DRAW,D,3.03,Max market,0.33378362045420495,0.3286393971325478,0.33003300330033003,0.005144223321657149,0.011364369976240907,0.005847720258088829,A,False,10.0,-10.0,STRONG
2024-12-22,2024/25,Premier League,Leicester,Wolves,DRAW,D,3.71,Max market,0.2723843225954993,0.2688534485123795,0.2695417789757412,0.0035308740831197505,0.010545836829302324,0.010445325282583906,A,False,10.0,-10.0,STANDARD
2024-12-22,2024/25,Bundesliga,Bochum,Heidenheim,DRAW,D,3.77,Max market,0.2735079551167452,0.2703835805018459,0.26525198938992045,0.0031243746148992835,0.031124990790129425,0.0029115782696272907,H,False,10.0,-10.0,STANDARD
2024-12-22,2024/25,Bundesliga,Wolfsburg,Dortmund,DRAW,D,3.9,Max market,0.26307001136906455,0.25980648685401714,0.25641025641025644,0.0032635245150474113,0.02597304433935177,-0.0033991152827203552,A,False,10.0,-10.0,STANDARD
2024-12-22,2024/25,Serie A,Venezia,Cagliari,DRAW,D,3.5,Max market,0.29270340622613755,0.28856869925171147,0.2857142857142857,0.004134706974426083,0.024461921791481434,0.01103880535698315,H,False,10.0,-10.0,STANDARD
2024-12-29,2024/25,Serie A,Milan,Roma,DRAW,D,3.65,Max market,0.2798626312560175,0.27615150317375436,0.273972602739726,0.0037111280822631487,0.0214986040844638,0.025994674256766825,D,True,10.0,26.5,STANDARD
2024-12-29,2024/25,Premier League,Fulham,Bournemouth,DRAW,D,3.77,Max market,0.2697891809679627,0.26640773219370995,0.26525198938992045,0.003381448774252782,0.01710521224921946,0.01371053485696716,D,True,10.0,27.7,STANDARD
2024-12-29,2024/25,Serie A,Juventus,Fiorentina,DRAW,D,3.66,Max market,0.2817592045751278,0.27910242348453623,0.27322404371584696,0.0026567810905915867,0.031238688744967824,0.008582100504841372,D,True,10.0,26.6,STANDARD
2024-12-29,2024/25,Serie A,Udinese,Torino,DRAW,D,3.31,Max market,0.3087982379399236,0.30437075410242886,0.3021148036253776,0.00442748383749475,0.022122167581147156,0.01691221695571521,D,True,10.0,23.1,STANDARD
2024-12-30,2024/25,Premier League,Man United,Newcastle,DRAW,D,3.81,Max market,0.2676022853382011,0.26407268185192606,0.26246719160104987,0.0035296034862750125,0.019564707138546078,0.006995053675660445,A,False,10.0,-10.0,STANDARD
2025-01-03,2024/25,Ligue 1,Nice,Rennes,DRAW,D,3.52,Max market,0.2884682697409513,0.28426203521830523,0.2840909090909091,0.0042062345226460685,0.01540830948814853,0.011664496661270063,H,False,10.0,-10.0,STANDARD
2025-01-04,2024/25,Premier League,Southampton,Brentford,DRAW,D,3.81,Max market,0.2741935604690199,0.27021179864235656,0.26246719160104987,0.0039817618266633215,0.04467746538696571,-0.0028457990680807455,A,False,10.0,-10.0,STANDARD
2025-01-04,2024/25,Ligue 1,St Etienne,Reims,DRAW,D,3.63,Max market,0.2855358438922427,0.28268832616658707,0.27548209366391185,0.002847517725655613,0.03649511332884092,-0.006356493136826846,H,False,10.0,-10.0,STANDARD
2025-01-05,2024/25,Ligue 1,Angers,Brest,DRAW,D,3.39,Max market,0.29856124891721053,0.2943726552730304,0.2949852507374631,0.004188593644180116,0.012122633829343643,0.005331877964037501,H,False,10.0,-10.0,STANDARD
2025-01-05,2024/25,Ligue 1,Lens,Toulouse,DRAW,D,3.73,Max market,0.2757719701783336,0.2729395874954275,0.2680965147453083,0.002832382682906087,0.028629448765184362,0.003083363704294295,A,False,10.0,-10.0,STANDARD
2025-01-10,2024/25,Serie A,Lazio,Como,DRAW,D,3.7,Max market,0.277533782648103,0.27385451478901834,0.27027027027027023,0.0036792678590846783,0.02687499579798125,0.004304286617801301,D,True,10.0,27.0,STANDARD
2025-01-11,2024/25,Ligue 1,Brest,Lyon,DRAW,D,3.75,Max market,0.27077179368026744,0.26752928833712186,0.26666666666666666,0.003242505343145574,0.015394226301002956,0.003776384214182027,H,False,10.0,-10.0,STANDARD
2025-01-11,2024/25,La Liga,Sevilla,Valencia,DRAW,D,3.6,Max market,0.28142043009603673,0.2779081098639333,0.2777777777777778,0.0035123202321034608,0.013113548345732307,0.02034783244234384,D,True,10.0,26.0,STANDARD
2025-01-11,2024/25,Ligue 1,Reims,Nice,DRAW,D,3.6,Max market,0.28209895315879285,0.27809954098675826,0.2777777777777778,0.003999412172034589,0.015556231371654405,0.012610088051547397,A,False,10.0,-10.0,STANDARD
2025-01-11,2024/25,La Liga,Espanol,Leganes,DRAW,D,3.24,Max market,0.3164379467547329,0.3130642484109955,0.30864197530864196,0.003373698343737408,0.025258947485334637,0.011802591400599305,D,True,10.0,22.400000000000002,STANDARD
2025-01-12,2024/25,Serie A,Bologna,Roma,DRAW,D,3.44,Max market,0.29768251071413804,0.29380544639555256,0.29069767441860467,0.003877064318585477,0.0240278368566349,0.011618546337854252,D,True,10.0,24.4,STANDARD
2025-01-14,2024/25,Serie A,Atalanta,Juventus,DRAW,D,3.37,Max market,0.3019539182223327,0.29793092713587394,0.29673590504451036,0.00402299108645876,0.017584704409261187,0.005959556281860845,D,True,10.0,23.700000000000003,STANDARD
2025-01-14,2024/25,Bundesliga,Ein Frankfurt,Freiburg,Ein Frankfurt,H,1.8,Max market,0.5635959615752836,0.5578701005227903,0.5555555555555556,0.005725861052493286,0.014472730835510372,0.003924835551413763,H,True,10.0,8.0,STRONG
2025-01-14,2024/25,Premier League,Chelsea,Bournemouth,Chelsea,H,1.61,Max market,0.6415352401557464,0.6388842769384028,0.6211180124223602,0.0026509632173435937,0.032871736650751604,-0.01167659647467667,D,False,10.0,-10.0,STANDARD
2025-01-15,2024/25,Bundesliga,Bochum,St Pauli,DRAW,D,3.5,Max market,0.296010539310994,0.29186434016819124,0.2857142857142857,0.004146199142802787,0.036036887588479116,0.005344904234831305,H,False,10.0,-10.0,STANDARD
2025-01-17,2024/25,Ligue 1,Lille,Nice,DRAW,D,3.73,Max market,0.2796706135803999,0.27659768438326193,0.2680965147453083,0.0030729291971379746,0.043171388654891674,0.0018833282749659008,H,False,10.0,-10.0,STANDARD
2025-01-17,2024/25,Bundesliga,Ein Frankfurt,Dortmund,DRAW,D,3.75,Max market,0.26969133619773145,0.2661655138320536,0.26666666666666666,0.003525822365677833,0.01134251074149284,0.004349229386774234,H,False,10.0,-10.0,STANDARD
2025-01-18,2024/25,Serie A,Juventus,Milan,DRAW,D,3.42,Max market,0.29747013720132537,0.2935611887036239,0.29239766081871343,0.003908948497701459,0.01734786922853271,0.01287645735039683,H,False,10.0,-10.0,STANDARD
2025-01-18,2024/25,Bundesliga,Bochum,RB Leipzig,DRAW,D,3.92,Max market,0.2613414001755641,0.25782630265867645,0.25510204081632654,0.0035150975168876664,0.024458288688211427,0.013982696423049945,D,True,10.0,29.2,STANDARD
2025-01-18,2024/25,Bundesliga,Holstein Kiel,Hoffenheim,DRAW,D,3.83,Max market,0.26834848169107167,0.2650204160995528,0.2610966057441253,0.0033280655915188806,0.027774684876804567,0.011526343081090351,A,False,10.0,-10.0,STANDARD
2025-01-18,2024/25,Ligue 1,Rennes,Brest,DRAW,D,3.58,Max market,0.2853445782873508,0.28267582967248056,0.27932960893854747,0.0026687486148702644,0.02153359026871593,0.012502917457726082,A,False,10.0,-10.0,STANDARD
2025-01-18,2024/25,La Liga,Girona,Sevilla,DRAW,D,3.73,Max market,0.271135341278203,0.2683582861174958,0.2680965147453083,0.002777055160707198,0.011334822967697056,0.01065436278340065,A,False,10.0,-10.0,STANDARD
2025-01-19,2024/25,La Liga,Valencia,Sociedad,DRAW,D,3.23,Max market,0.3173665280527111,0.3125966695458289,0.30959752321981426,0.004769858506882219,0.02509388561025694,0.022949459141713646,H,False,10.0,-10.0,STANDARD
2025-01-19,2024/25,Serie A,Cagliari,Lecce,DRAW,D,3.66,Max market,0.27947424449910424,0.2764186748365266,0.27322404371584696,0.0030555696625776396,0.022875734866721453,0.008884703480528333,H,False,10.0,-10.0,STANDARD
2025-01-19,2024/25,Ligue 1,Angers,Auxerre,DRAW,D,3.52,Max market,0.2956777666261403,0.29123424571625095,0.2840909090909091,0.004443520909889365,0.040785738524014015,0.0021316777179702373,H,False,10.0,-10.0,STANDARD
2025-01-19,2024/25,Premier League,Everton,Tottenham,DRAW,D,3.77,Max market,0.2768246392147667,0.273028813024842,0.26525198938992045,0.0037958261899246892,0.04362888983967039,0.009927064279257769,H,False,10.0,-10.0,STANDARD
2025-01-19,2024/25,Serie A,Parma,Venezia,DRAW,D,3.79,Max market,0.2699056173069471,0.2664872760821097,0.2638522427440633,0.003418341224837418,0.022942289593329557,0.011971282616451084,D,True,10.0,27.9,STANDARD
2025-01-19,2024/25,La Liga,Celta,Ath Bilbao,DRAW,D,3.32,Max market,0.30771655113330754,0.30312816975696844,0.30120481927710846,0.004588381376339101,0.02161894976258094,-0.006301770636315485,A,False,10.0,-10.0,STANDARD
2025-01-19,2024/25,La Liga,Osasuna,Vallecano,DRAW,D,3.34,Max market,0.30950029784911076,0.3056501695431859,0.29940119760479045,0.0038501283059248492,0.03373099481602981,0.0030746626715792424,D,True,10.0,23.4,STANDARD
2025-01-24,2024/25,Ligue 1,Auxerre,St Etienne,DRAW,D,3.89,Max market,0.2631847049885294,0.26026677502066664,0.2570694087403599,0.0029179299678627757,0.02378850240537944,0.011069992731205403,D,True,10.0,28.900000000000002,STANDARD
2025-01-25,2024/25,Ligue 1,Strasbourg,Lille,DRAW,D,3.56,Max market,0.2851257520974087,0.28096652484546836,0.2808988764044944,0.004159227251940345,0.015047677466774934,0.014376160525273074,H,False,10.0,-10.0,STANDARD
2025-01-26,2024/25,La Liga,Vallecano,Girona,DRAW,D,3.2,Max market,0.31639117682493806,0.3115161557580779,0.3125,0.0048750210668601635,0.012451765839801787,0.00388509875169607,H,False,10.0,-10.0,STANDARD
2025-01-26,2024/25,Premier League,Fulham,Man United,DRAW,D,3.65,Max market,0.281590519607997,0.27786616171414824,0.273972602739726,0.0037243578938487842,0.027805396569189123,0.000698389435216551,A,False,10.0,-10.0,STANDARD
2025-01-26,2024/25,Bundesliga,St Pauli,Union Berlin,DRAW,D,3.38,Max market,0.3074287624586101,0.3031047594496181,0.2958579881656805,0.0043240030089919945,0.03910921711010218,0.0003161627120080168,H,False,10.0,-10.0,STANDARD
2025-01-26,2024/25,Ligue 1,Le Havre,Brest,DRAW,D,3.27,Max market,0.3093160451988447,0.3051356874219788,0.3058103975535168,0.004180357776865928,0.011463467800222116,-0.009502840194341,A,False,10.0,-10.0,STANDARD
2025-01-26,2024/25,La Liga,Sociedad,Getafe,DRAW,D,3.4,Max market,0.29892847253691046,0.29617700642717076,0.29411764705882354,0.0027514661097396975,0.016356806625495546,0.02756359187152385,A,False,10.0,-10.0,STANDARD
2025-01-26,2024/25,Bundesliga,Hoffenheim,Ein Frankfurt,DRAW,D,3.86,Max market,0.2688047685677032,0.2653742595584276,0.2590673575129534,0.0034305090092756063,0.03758640667133428,-0.013966577001899183,D,True,10.0,28.599999999999998,STANDARD
2025-01-27,2024/25,Serie A,Genoa,Monza,DRAW,D,3.25,Max market,0.3158579975560527,0.3112968679546322,0.3076923076923077,0.004561129601420522,0.026538492057171403,0.0046895517936419995,H,False,10.0,-10.0,STANDARD
2025-01-31,2024/25,Bundesliga,Werder Bremen,Mainz,DRAW,D,3.55,Max market,0.2848576794522511,0.28104702191920333,0.28169014084507044,0.0038106575330477677,0.011244762055491409,0.0008085730983979356,H,False,10.0,-10.0,STANDARD
2025-02-01,2024/25,Serie A,Bologna,Como,DRAW,D,3.77,Max market,0.2705801615362621,0.2679763734709389,0.26525198938992045,0.002603788065323187,0.020087208991708128,0.015640772741627174,H,False,10.0,-10.0,STANDARD
2025-02-01,2024/25,Serie A,Udinese,Venezia,DRAW,D,3.78,Max market,0.2717000594234228,0.26889441924120766,0.2645502645502646,0.00280564018221513,0.027026224620538164,0.000559258946699337,H,False,10.0,-10.0,STANDARD
2025-02-01,2024/25,Premier League,Wolves,Aston Villa,DRAW,D,3.81,Max market,0.27059453722300403,0.26749601940447315,0.26246719160104987,0.003098517818530877,0.03096518681964544,0.012355514578047122,H,False,10.0,-10.0,STANDARD
2025-02-01,2024/25,Bundesliga,Union Berlin,RB Leipzig,DRAW,D,3.66,Max market,0.2768818127098336,0.2730123821987502,0.27322404371584696,0.003869430511083405,0.01338743451799096,0.00550795169784174,D,True,10.0,26.6,STANDARD
2025-02-01,2024/25,Premier League,Ipswich,Southampton,DRAW,D,3.9,Max market,0.2639117010915277,0.26076851564920983,0.25641025641025644,0.003143185442317842,0.029255634256957874,0.0021427954925584136,A,False,10.0,-10.0,STANDARD
2025-02-02,2024/25,Ligue 1,Marseille,Lyon,DRAW,D,3.98,Max market,0.25484159027686687,0.25230710684045293,0.25125628140703515,0.002534483436413937,0.01426952930193015,0.009121928368944099,H,False,10.0,-10.0,STANDARD
2025-02-02,2024/25,Premier League,Arsenal,Man City,DRAW,D,3.75,Max market,0.2697846937323249,0.2665256048408462,0.26666666666666666,0.0032590888914786897,0.011692601496218424,-0.021972277354935454,H,False,10.0,-10.0,STANDARD
2025-02-02,2024/25,Ligue 1,Rennes,Strasbourg,DRAW,D,3.67,Max market,0.2770678299807072,0.27387715365305065,0.2724795640326976,0.003190676327656572,0.016838936029195395,0.006121709353444416,H,False,10.0,-10.0,STANDARD
2025-02-02,2024/25,La Liga,Valencia,Celta,DRAW,D,3.38,Max market,0.3092255816215988,0.3042542822161732,0.2958579881656805,0.004971299405425622,0.04518246588100383,0.005301312780315703,H,False,10.0,-10.0,STANDARD
2025-02-02,2024/25,Premier League,Brentford,Tottenham,DRAW,D,4.33,Max market,0.24288788505858122,0.2402597641112666,0.23094688221709006,0.002628120947314627,0.05170454230365662,-0.007351337568073935,A,False,10.0,-10.0,STANDARD
2025-02-02,2024/25,La Liga,Osasuna,Sociedad,DRAW,D,3.17,Max market,0.3248683593174811,0.3199230750425776,0.31545741324921134,0.004945284274903483,0.029832699036415056,-0.0036592798770355706,H,False,10.0,-10.0,STANDARD
2025-02-02,2024/25,Ligue 1,Reims,Nantes,DRAW,D,3.56,Max market,0.2847676622919027,0.2810950299029156,0.2808988764044944,0.0036726323889870738,0.013772877759173685,0.016063233445809122,A,False,10.0,-10.0,STANDARD
2025-02-02,2024/25,Bundesliga,Ein Frankfurt,Wolfsburg,DRAW,D,4.1,Max market,0.2517506101353847,0.24918724811774454,0.24390243902439027,0.002563362017640153,0.03217750155507715,0.017741736289193427,D,True,10.0,30.999999999999996,STANDARD
2025-02-03,2024/25,Serie A,Cagliari,Lazio,DRAW,D,3.74,Max market,0.2728180369650356,0.27014597954974456,0.267379679144385,0.0026720574152910292,0.02033945824923311,0.003097588166264431,A,False,10.0,-10.0,STANDARD
2025-02-06,2024/25,Serie A,Fiorentina,Inter,DRAW,D,3.81,Max market,0.27148983254963543,0.26847596594345396,0.26246719160104987,0.00301386660618147,0.034376262014111036,0.00559870978252075,H,False,10.0,-10.0,STANDARD
2025-02-07,2024/25,Serie A,Como,Juventus,DRAW,D,3.63,Max market,0.28363849763438115,0.2807484036953061,0.27548209366391185,0.0028900939390750224,0.029607746412803504,0.007521008785599803,A,False,10.0,-10.0,STANDARD
2025-02-07,2024/25,Ligue 1,Nantes,Brest,DRAW,D,3.42,Max market,0.30353232278667097,0.2994245501443588,0.29239766081871343,0.0041077726423121574,0.0380805439304146,0.004628963274002751,A,False,10.0,-10.0,STANDARD
2025-02-08,2024/25,Ligue 1,St Etienne,Rennes,DRAW,D,3.56,Max market,0.2877371440951038,0.2843500105471072,0.2808988764044944,0.0033871335479966347,0.02434423297856969,-0.009249516160931559,A,False,10.0,-10.0,STANDARD
2025-02-08,2024/25,Ligue 1,Nice,Lens,DRAW,D,3.67,Max market,0.28326526973201943,0.27950093054183894,0.2724795640326976,0.003764339190180488,0.0395835399165112,-0.001401278166404396,H,False,10.0,-10.0,STANDARD
2025-02-08,2024/25,Bundesliga,Hoffenheim,Union Berlin,DRAW,D,3.75,Max market,0.2713645180550672,0.2680426462547841,0.26666666666666666,0.0033218718002831493,0.017616942706502048,0.005866769164065255,A,False,10.0,-10.0,STANDARD
2025-02-08,2024/25,Bundesliga,M'gladbach,Ein Frankfurt,DRAW,D,3.83,Max market,0.26591565405612305,0.26241134751773043,0.2610966057441253,0.003504306538392621,0.018456955034951372,0.003251458749741254,D,True,10.0,28.3,STANDARD
2025-02-08,2024/25,La Liga,Celta,Betis,DRAW,D,3.5,Max market,0.2888210786126522,0.28487244430048275,0.2857142857142857,0.003948634312169463,0.010873775144282671,0.0029064374626822653,H,False,10.0,-10.0,STANDARD
2025-02-08,2024/25,Serie A,Torino,Genoa,DRAW,D,3.16,Max market,0.32290158215719683,0.3183437938248615,0.3164556962025316,0.004557788332335333,0.02036899961674199,0.013489726985037254,D,True,10.0,21.6,STANDARD
2025-02-09,2024/25,Ligue 1,Auxerre,Toulouse,DRAW,D,3.58,Max market,0.2841419166687743,0.28070286678978196,0.27932960893854747,0.0034390498789923507,0.01722806167421198,0.013268234356207054,D,True,10.0,25.8,STANDARD
2025-02-09,2024/25,Serie A,Cagliari,Parma,DRAW,D,3.99,Max market,0.2588135164033759,0.2561981495206445,0.2506265664160401,0.002615366882731396,0.03266593044946986,0.010314622894676106,H,False,10.0,-10.0,STANDARD
2025-02-09,2024/25,La Liga,Valencia,Leganes,DRAW,D,3.63,Max market,0.2801758950983998,0.27719044170890655,0.27548209366391185,0.0029854533894932422,0.01703849920719125,0.0019210211872638383,H,False,10.0,-10.0,STANDARD
2025-02-09,2024/25,Bundesliga,Holstein Kiel,Bochum,DRAW,D,3.81,Max market,0.2728183412737447,0.26951815345066554,0.26246719160104987,0.0033001878230791704,0.03943788025296735,0.0010451163744947811,D,True,10.0,28.1,STANDARD
2025-02-09,2024/25,La Liga,Alaves,Getafe,DRAW,D,3.07,Max market,0.3331194534297301,0.32798735035012416,0.32573289902280134,0.005132103079605932,0.0226767220292714,0.0171638330134547,A,False,10.0,-10.0,STRONG
2025-02-10,2024/25,La Liga,Mallorca,Osasuna,DRAW,D,3.32,Max market,0.3069259254399421,0.3024939319527047,0.30120481927710846,0.00443199348723744,0.018994072460607914,0.013713672880545091,D,True,10.0,23.2,STANDARD
2025-02-14,2024/25,Premier League,Brighton,Chelsea,DRAW,D,3.83,Max market,0.27064300321263574,0.2670484122852681,0.2610966057441253,0.0035945909273676357,0.036562702304394845,-0.0038901169457593587,H,False,10.0,-10.0,STANDARD
2025-02-14,2024/25,La Liga,Girona,Getafe,DRAW,D,3.38,Max market,0.3024655045522357,0.2983749439986967,0.2958579881656805,0.004090560553539013,0.022333405386556704,0.006409814774686828,A,False,10.0,-10.0,STANDARD
2025-02-14,2024/25,Bundesliga,Augsburg,RB Leipzig,DRAW,D,3.54,Max market,0.28705168532956593,0.28276737543636943,0.2824858757062147,0.004284309893196503,0.016162966066663342,0.00384829135048137,D,True,10.0,25.4,STANDARD
2025-02-15,2024/25,Serie A,Lazio,Napoli,DRAW,D,3.44,Max market,0.3041541421671868,0.2998254714694332,0.29069767441860467,0.004328670697753556,0.04629024905512247,0.014932555538205605,D,True,10.0,24.4,STANDARD
2025-02-15,2024/25,Bundesliga,Union Berlin,M'gladbach,DRAW,D,3.75,Max market,0.27392773633385253,0.2704358185627985,0.26666666666666666,0.0034919177710540095,0.0272290112519471,-4.5731196583798095e-05,A,False,10.0,-10.0,STANDARD
2025-02-15,2024/25,La Liga,Leganes,Alaves,DRAW,D,3.15,Max market,0.3323992543427469,0.327702608174278,0.31746031746031744,0.004696646168468932,0.04705765117965277,-0.0019632422642189007,D,True,10.0,21.5,STANDARD
2025-02-15,2024/25,Bundesliga,Leverkusen,Bayern Munich,DRAW,D,3.87,Max market,0.26359467660165153,0.2607279194198721,0.25839793281653745,0.0028667571817794224,0.020111398448391382,0.013837717086365608,D,True,10.0,28.700000000000003,STANDARD
2025-02-16,2024/25,Serie A,Juventus,Inter,DRAW,D,3.52,Max market,0.2970146753833163,0.29304619100332097,0.2840909090909091,0.003968484379995307,0.045491657349273185,-0.0015803271848770506,H,False,10.0,-10.0,STANDARD
2025-02-16,2024/25,Ligue 1,Reims,Angers,DRAW,D,3.71,Max market,0.2795782122352547,0.27607914641221426,0.2695417789757412,0.003499065823040437,0.037235167392794866,0.008244125252829526,A,False,10.0,-10.0,STANDARD
2025-02-16,2024/25,Serie A,Fiorentina,Como,DRAW,D,3.75,Max market,0.27368280781861737,0.27040507914445083,0.26666666666666666,0.0032777286741665357,0.026310529319815146,0.032744341443923186,A,False,10.0,-10.0,STANDARD
2025-02-16,2024/25,Serie A,Monza,Lecce,DRAW,D,3.35,Max market,0.30867549484879075,0.30405710267343594,0.29850746268656714,0.004618392175354813,0.03406290774344911,0.011566495760446494,D,True,10.0,23.5,STANDARD
2025-02-16,2024/25,La Liga,Betis,Sociedad,DRAW,D,3.29,Max market,0.3118135729924151,0.30733241913366144,0.303951367781155,0.004481153858753639,0.025866655145045714,0.0013941990083123912,H,False,10.0,-10.0,STANDARD
2025-02-16,2024/25,Bundesliga,Heidenheim,Mainz,DRAW,D,3.73,Max market,0.274424945112043,0.2716205009122574,0.2680965147453083,0.002804444199785594,0.0236050452679204,0.0077834199733706755,A,False,10.0,-10.0,STANDARD
2025-02-17,2024/25,Serie A,Genoa,Venezia,DRAW,D,3.75,Max market,0.27805640672863025,0.2749243292090932,0.26666666666666666,0.0031320775195370354,0.04271152523236332,0.010350772801303476,H,False,10.0,-10.0,STANDARD
2025-02-21,2024/25,Ligue 1,Rennes,Reims,DRAW,D,3.7,Max market,0.2802486720333116,0.27677948230541904,0.27027027027027023,0.003469189727892563,0.03692008652325307,0.006388095635152691,H,False,10.0,-10.0,STANDARD
2025-02-21,2024/25,Bundesliga,Freiburg,Werder Bremen,DRAW,D,3.76,Max market,0.2792701665480061,0.2762582292279227,0.26595744680851063,0.0030119373200834243,0.050055826220503086,-0.001669461080177681,H,False,10.0,-10.0,STANDARD
2025-02-22,2024/25,Serie A,Torino,Milan,DRAW,D,3.62,Max market,0.28455537369901024,0.2818339094123275,0.27624309392265195,0.00272146428668274,0.03009045279041711,-0.019756083928031243,H,False,10.0,-10.0,STANDARD
2025-02-22,2024/25,Ligue 1,St Etienne,Angers,DRAW,D,3.52,Max market,0.2942339978125768,0.2898952495990178,0.2840909090909091,0.004338748213559007,0.035703672300270384,-0.0058801800563957896,D,True,10.0,25.2,STANDARD
2025-02-22,2024/25,La Liga,Vallecano,Villarreal,DRAW,D,3.71,Max market,0.2831069507060133,0.2794378442850641,0.2695417789757412,0.003669106420949253,0.05032678711930938,0.014796851013786971,A,False,10.0,-10.0,STANDARD
2025-02-22,2024/25,Ligue 1,Lille,Monaco,DRAW,D,3.91,Max market,0.25939974128628573,0.25622734183136475,0.2557544757033248,0.003172399454920982,0.014252988429377167,0.013783017017720722,H,False,10.0,-10.0,STANDARD
2025-02-23,2024/25,Ligue 1,Nantes,Lens,DRAW,D,3.65,Max market,0.28166558706410827,0.2788120699413184,0.273972602739726,0.0028535171227898615,0.028079392783995072,0.009333851869087084,H,False,10.0,-10.0,STANDARD
2025-02-23,2024/25,Serie A,Cagliari,Juventus,DRAW,D,3.75,Max market,0.2740090801453292,0.27123952267436574,0.26666666666666666,0.0027695574709634685,0.02753405054498459,0.009258069620979303,A,False,10.0,-10.0,STANDARD
2025-02-23,2024/25,Serie A,Como,Napoli,DRAW,D,3.36,Max market,0.30540598713804995,0.3008959338387319,0.2976190476190476,0.004510053299318029,0.02616411678384778,0.01337890964644678,H,False,10.0,-10.0,STANDARD
2025-02-24,2024/25,La Liga,Sevilla,Mallorca,DRAW,D,3.34,Max market,0.30498534832287544,0.3009000956145524,0.29940119760479045,0.0040852527083230505,0.018651063398403833,-0.009623134362405028,D,True,10.0,23.4,STANDARD
2025-02-25,2024/25,Premier League,Brighton,Bournemouth,DRAW,D,3.96,Max market,0.25563265266080587,0.2525060126435261,0.25252525252525254,0.003126640017279747,0.012305304536791128,-0.003609388039808842,H,False,10.0,-10.0,STANDARD
2025-03-01,2024/25,Bundesliga,Werder Bremen,Wolfsburg,DRAW,D,3.79,Max market,0.27429304595613724,0.2706352742629343,0.2638522427440633,0.003657771693202916,0.03957064417376022,0.004129304837715286,A,False,10.0,-10.0,STANDARD
2025-03-01,2024/25,La Liga,Vallecano,Sevilla,DRAW,D,3.42,Max market,0.30043205504819215,0.2958423521273991,0.29239766081871343,0.004589702920793026,0.027477628264817033,0.020605307875236123,D,True,10.0,24.2,STANDARD
2025-03-01,2024/25,Bundesliga,Bochum,Hoffenheim,DRAW,D,3.85,Max market,0.2715922382621175,0.26805196627571126,0.2597402597402597,0.003540271986406218,0.04563011730915223,0.008418828677881629,A,False,10.0,-10.0,STANDARD
2025-03-01,2024/25,Bundesliga,Heidenheim,M'gladbach,DRAW,D,3.85,Max market,0.26959049430294457,0.26621039543934066,0.2597402597402597,0.0033800988636039087,0.03792340306633668,0.013130223105960181,A,False,10.0,-10.0,STANDARD
2025-03-02,2024/25,Bundesliga,Augsburg,Freiburg,DRAW,D,3.39,Max market,0.3071211800569069,0.30250774181796103,0.2949852507374631,0.004613438238945888,0.04114080039291457,0.005766279534352159,D,True,10.0,23.900000000000002,STANDARD
2025-03-02,2024/25,La Liga,Leganes,Getafe,DRAW,D,2.88,Max market,0.35259041540725383,0.3472463627192396,0.3472222222222222,0.005344052688014245,0.015460396372890983,0.006659771456078656,H,False,10.0,-10.0,STRONG
2025-03-02,2024/25,Serie A,Roma,Como,DRAW,D,3.77,Max market,0.26822299027330576,0.2654426809710778,0.26525198938992045,0.0027803093022279457,0.011200673330362676,0.021037832019088987,H,False,10.0,-10.0,STANDARD
2025-03-02,2024/25,Ligue 1,Auxerre,Strasbourg,DRAW,D,3.52,Max market,0.2898751520449741,0.2858688985894152,0.2840909090909091,0.004006253455558884,0.020360535198308938,0.0031129113348645765,A,False,10.0,-10.0,STANDARD
2025-03-07,2024/25,Serie A,Cagliari,Genoa,DRAW,D,3.19,Max market,0.3168956164956592,0.31199013092442995,0.31347962382445144,0.004905485571229273,0.010897016621152833,0.014449329603508143,D,True,10.0,21.9,STANDARD
2025-03-07,2024/25,Ligue 1,Toulouse,Monaco,DRAW,D,3.83,Max market,0.26833554671346915,0.26511278195488724,0.2610966057441253,0.0032227647585819086,0.027725143912586958,0.007281932023804061,D,True,10.0,28.3,STANDARD
2025-03-08,2024/25,Premier League,Wolves,Everton,DRAW,D,3.31,Max market,0.30884811972922427,0.30413690008501854,0.3021148036253776,0.004711219644205733,0.022287276303732284,0.01859037264225416,D,True,10.0,23.1,STANDARD
2025-03-08,2024/25,Premier League,Brentford,Aston Villa,DRAW,D,3.99,Max market,0.2551713353766117,0.2519176270546004,0.2506265664160401,0.003253708322011273,0.018133628152680714,-0.003658071032007465,A,False,10.0,-10.0,STANDARD
2025-03-09,2024/25,Ligue 1,Reims,Auxerre,DRAW,D,3.52,Max market,0.29555538914029655,0.2912016234236846,0.2840909090909091,0.004353765716611946,0.040354969773843896,0.0020029243815776754,A,False,10.0,-10.0,STANDARD
2025-03-09,2024/25,Ligue 1,Nice,Lyon,DRAW,D,3.96,Max market,0.2637077522557185,0.26066532734578113,0.25252525252525254,0.0030424249099373912,0.04428269893264525,0.008692040007677981,A,False,10.0,-10.0,STANDARD
2025-03-09,2024/25,Ligue 1,Nantes,Strasbourg,DRAW,D,3.52,Max market,0.29187306612909214,0.2874331550802139,0.2840909090909091,0.004439911048878253,0.02739319277440444,-0.006646377490114874,A,False,10.0,-10.0,STANDARD
2025-03-09,2024/25,Ligue 1,Le Havre,St Etienne,DRAW,D,3.74,Max market,0.2792333125515663,0.2756085373688343,0.267379679144385,0.0036247751827320207,0.044332588942858075,0.005454585554753755,D,True,10.0,27.400000000000002,STANDARD
2025-03-10,2024/25,Premier League,West Ham,Newcastle,DRAW,D,3.83,Max market,0.270899431193359,0.26721631145017277,0.2610966057441253,0.0036831197431862472,0.03754482147056515,0.008405895397374852,A,False,10.0,-10.0,STANDARD
2025-03-14,2024/25,Bundesliga,St Pauli,Hoffenheim,DRAW,D,3.42,Max market,0.2964670609013101,0.2923954079667155,0.29239766081871343,0.004071652934594605,0.013917348282480368,0.0033357687154608184,H,False,10.0,-10.0,STANDARD
2025-03-14,2024/25,La Liga,Las Palmas,Alaves,DRAW,D,3.19,Max market,0.3215729855196413,0.3168247362818156,0.31347962382445144,0.004748249237825686,0.02581782380765585,0.0050491504299763346,D,True,10.0,21.9,STANDARD
2025-03-14,2024/25,Serie A,Genoa,Lecce,DRAW,D,3.15,Max market,0.32469074926231023,0.3199393479909022,0.31746031746031744,0.004751401271408051,0.022775860176277085,-0.001138258072646059,H,False,10.0,-10.0,STANDARD
2025-03-15,2024/25,La Liga,Villarreal,Real Madrid,DRAW,D,4.1,Max market,0.2479798468453364,0.24484334931430482,0.24390243902439027,0.003136497531031568,0.016717372065879088,0.01576708955150699,A,False,10.0,-10.0,STANDARD
2025-03-15,2024/25,Bundesliga,Werder Bremen,M'gladbach,DRAW,D,3.79,Max market,0.26816567276994063,0.26456530969176895,0.2638522427440633,0.0036003630781716867,0.01634789979807505,-0.0026751419240557683,A,False,10.0,-10.0,STANDARD
2025-03-15,2024/25,Serie A,Monza,Parma,DRAW,D,3.35,Max market,0.31401232430765524,0.3100048177292436,0.29850746268656714,0.004007506578411646,0.051941286430644995,-0.020625476920813013,D,True,10.0,23.5,STANDARD
2025-03-15,2024/25,Bundesliga,RB Leipzig,Dortmund,DRAW,D,3.79,Max market,0.2672288152086408,0.2636117155590723,0.2638522427440633,0.003617099649568467,0.012797209640748486,0.003996117779466568,H,False,10.0,-10.0,STANDARD
2025-03-16,2024/25,Serie A,Bologna,Lazio,DRAW,D,3.35,Max market,0.31052246704441516,0.30568105772924,0.29850746268656714,0.0048414093151751825,0.040250264598790775,0.015238197890367733,H,False,10.0,-10.0,STANDARD
2025-03-16,2024/25,La Liga,Vallecano,Sociedad,DRAW,D,3.26,Max market,0.31450285225055535,0.3101614525942606,0.3067484662576687,0.004341399656294764,0.02527929833681042,0.016561271828252344,D,True,10.0,22.599999999999998,STANDARD
2025-03-16,2024/25,Serie A,Atalanta,Inter,DRAW,D,3.54,Max market,0.2889520615738606,0.2851491577188067,0.2824858757062147,0.003802903855053885,0.022890297971466467,0.00858687802967717,A,False,10.0,-10.0,STANDARD
2025-03-16,2024/25,La Liga,Osasuna,Getafe,DRAW,D,3.08,Max market,0.329343655620023,0.32426388371226234,0.3246753246753247,0.005079771907760655,0.014378459309670744,0.005925703430457341,A,False,10.0,-10.0,STRONG
2025-03-16,2024/25,Bundesliga,Bochum,Ein Frankfurt,DRAW,D,3.83,Max market,0.26893814714191605,0.26509789502711645,0.2610966057441253,0.0038402521147996027,0.030033103553538387,0.005732569367219387,A,False,10.0,-10.0,STANDARD
2025-03-16,2024/25,Ligue 1,Strasbourg,Toulouse,DRAW,D,3.5,Max market,0.28900839360547015,0.2849342405053346,0.2857142857142857,0.004074153100135536,0.011529377619145631,0.008614989058520206,H,False,10.0,-10.0,STANDARD
2025-03-16,2024/25,La Liga,Leganes,Betis,DRAW,D,3.52,Max market,0.2883689052550249,0.2857311047420723,0.2840909090909091,0.0026378005129525928,0.015058546497687564,0.002707959764283119,A,False,10.0,-10.0,STANDARD
2025-03-16,2024/25,Bundesliga,Stuttgart,Leverkusen,DRAW,D,3.73,Max market,0.2727896911953069,0.26923927594435715,0.2680965147453083,0.0035504152509497344,0.0175055481584947,0.01263376660395854,A,False,10.0,-10.0,STANDARD
2025-03-16,2024/25,Premier League,Fulham,Tottenham,DRAW,D,4.04,Max market,0.25197031837074507,0.24913450442364407,0.24752475247524752,0.0028358139471010013,0.0179600862178102,-0.005527795298007676,H,False,10.0,-10.0,STANDARD
2025-03-28,2024/25,Ligue 1,Strasbourg,Lyon,DRAW,D,3.83,Max market,0.2638544782806166,0.2603908139863655,0.2610966057441253,0.003463664294251101,0.010562651814761459,0.007353388402952854,H,False,10.0,-10.0,STANDARD
2025-03-29,2024/25,Bundesliga,Hoffenheim,Augsburg,DRAW,D,3.48,Max market,0.2933774937507558,0.28927089508002374,0.28735632183908044,0.004106598670732042,0.02095367825263006,-0.0051283933995793785,D,True,10.0,24.8,STANDARD
2025-03-29,2024/25,Bundesliga,Holstein Kiel,Werder Bremen,DRAW,D,3.98,Max market,0.25385361439075926,0.2512356330243032,0.25125628140703515,0.002617981366456079,0.010337385275221767,0.005518831311898897,A,False,10.0,-10.0,STANDARD
2025-03-30,2024/25,Ligue 1,Lille,Lens,DRAW,D,3.68,Max market,0.2758080404351475,0.272339771054424,0.2717391304347826,0.003468269380723532,0.014973588801342919,0.011393757181350661,H,False,10.0,-10.0,STANDARD
2025-03-31,2024/25,Serie A,Verona,Parma,DRAW,D,3.4,Max market,0.31051191953764506,0.3061665130126954,0.29411764705882354,0.004345406524949691,0.0557405264279931,0.014219157446830277,D,True,10.0,24.0,STANDARD
2025-03-31,2024/25,Serie A,Lazio,Torino,DRAW,D,3.75,Max market,0.26975829030334614,0.267138608263894,0.26666666666666666,0.0026196820394521203,0.011593588637548002,0.006639700357229994,D,True,10.0,27.5,STANDARD
2025-04-01,2024/25,Premier League,Nott'm Forest,Man United,DRAW,D,3.59,Max market,0.28420054865658484,0.28036416144799736,0.2785515320334262,0.0038363872085874773,0.02027996967713963,0.0032052994702150284,H,False,10.0,-10.0,STANDARD
2025-04-05,2024/25,Premier League,Ipswich,Wolves,DRAW,D,3.45,Max market,0.29512161805333276,0.29113639826464904,0.2898550724637681,0.003985219788683714,0.01816958228399801,0.007952224739211089,A,False,10.0,-10.0,STANDARD
2025-04-05,2024/25,Bundesliga,Werder Bremen,Ein Frankfurt,DRAW,D,3.95,Max market,0.2631323579720973,0.2595849868178275,0.2531645569620253,0.003547371154269785,0.039372813989784206,0.0032020604468664393,H,False,10.0,-10.0,STANDARD
2025-04-05,2024/25,La Liga,Girona,Alaves,DRAW,D,3.55,Max market,0.287083017513242,0.28361120964881165,0.28169014084507044,0.003471807864430354,0.01914471217200897,0.005827782587895569,A,False,10.0,-10.0,STANDARD
2025-04-06,2024/25,La Liga,Villarreal,Ath Bilbao,DRAW,D,3.55,Max market,0.2855318659445084,0.28145147574947044,0.28169014084507044,0.004080390195037975,0.0136381241030048,0.006659711879653696,D,True,10.0,25.5,STANDARD
2025-04-06,2024/25,Ligue 1,Lens,St Etienne,Lens,H,1.66,Max market,0.6151456701806686,0.6116606923456915,0.6024096385542169,0.003484977834977032,0.021141812499909873,-0.015036175402554308,H,True,10.0,6.6,STANDARD
2025-04-06,2024/25,Bundesliga,St Pauli,M'gladbach,DRAW,D,3.67,Max market,0.28342392081515005,0.2793493068354836,0.2724795640326976,0.004074613979666464,0.04016578939160076,-0.005091473125403034,D,True,10.0,26.7,STANDARD
2025-04-06,2024/25,Ligue 1,Montpellier,Le Havre,DRAW,D,3.63,Max market,0.27900678342579815,0.2753369508139331,0.27548209366391185,0.0036698326118650426,0.012794623835647334,0.007761741730943406,A,False,10.0,-10.0,STANDARD
2025-04-06,2024/25,Serie A,Lecce,Venezia,DRAW,D,3.3,Max market,0.31578126572320625,0.3114619144874303,0.30303030303030304,0.004319351235775926,0.042078176886580554,0.006266531400916875,D,True,10.0,23.0,STANDARD
2025-04-06,2024/25,Bundesliga,Union Berlin,Wolfsburg,DRAW,D,3.52,Max market,0.2912132660261638,0.28697846257526466,0.2840909090909091,0.0042348034508991605,0.025070696412096583,-0.0021487412130355432,H,False,10.0,-10.0,STANDARD
2025-04-11,2024/25,Bundesliga,Wolfsburg,RB Leipzig,DRAW,D,3.93,Max market,0.2616695583435582,0.25835189309576834,0.2544529262086514,0.0033176652477898694,0.028361364290183877,0.0003700925149560663,A,False,10.0,-10.0,STANDARD
2025-04-12,2024/25,Premier League,Nott'm Forest,Everton,DRAW,D,3.48,Max market,0.2908843187080726,0.2868982738754627,0.28735632183908044,0.003986044832609892,0.012277429104092574,-0.00026517681965809725,A,False,10.0,-10.0,STANDARD
2025-04-12,2024/25,Ligue 1,Toulouse,Lille,DRAW,D,3.44,Max market,0.29621866526439095,0.2919762709805431,0.29069767441860467,0.004242394283847872,0.018992208509504893,0.0020157563543088397,A,False,10.0,-10.0,STANDARD
2025-04-12,2024/25,Bundesliga,Bochum,Augsburg,DRAW,D,3.55,Max market,0.28910535171917273,0.28494511990541777,0.28169014084507044,0.0041602318137549665,0.026323998603063226,0.004240785319369611,A,False,10.0,-10.0,STANDARD
2025-04-12,2024/25,Bundesliga,Holstein Kiel,St Pauli,DRAW,D,3.6,Max market,0.2860150539985362,0.2826398572036761,0.2777777777777778,0.0033751967948600914,0.029654194394730382,-0.004267978753144497,A,False,10.0,-10.0,STANDARD
2025-04-12,2024/25,Serie A,Juventus,Lecce,Lecce,A,11.2,Max market,0.09701152526597412,0.0943478655806771,0.08928571428571429,0.0026636596852970124,0.08652908297891004,0.001953882989228023,H,False,10.0,-10.0,STANDARD
2025-04-13,2024/25,Serie A,Verona,Genoa,DRAW,D,3.15,Max market,0.3315289051878508,0.32654863638222187,0.31746031746031744,0.004980268805628907,0.04431605134173,0.016548346674416015,D,True,10.0,21.5,STANDARD
2025-04-13,2024/25,Ligue 1,Auxerre,Lyon,DRAW,D,4.0,Max market,0.2584244279803244,0.25543205581293144,0.25,0.0029923721673929538,0.03369771192129756,-0.00899141795420158,A,False,10.0,-10.0,STANDARD
2025-04-13,2024/25,La Liga,Osasuna,Girona,DRAW,D,3.42,Max market,0.3018797415304764,0.29758223447038273,0.29239766081871343,0.004297507060093686,0.032428716034229366,0.010119960189171884,H,False,10.0,-10.0,STANDARD
2025-04-13,2024/25,Serie A,Lazio,Roma,DRAW,D,3.39,Max market,0.3016423731582808,0.2974852429853643,0.2949852507374631,0.004157130172916523,0.022567645006571935,0.006065137696996958,D,True,10.0,23.900000000000002,STANDARD
2025-04-14,2024/25,La Liga,Ath Madrid,Valladolid,Valladolid,A,25.0,Max market,0.05043115547215381,0.047720347946892304,0.04,0.0027108075252615035,0.2607788868038452,-0.014057364343503458,H,False,10.0,-10.0,STANDARD
2025-04-14,2024/25,Premier League,Bournemouth,Fulham,DRAW,D,3.79,Max market,0.26996211378627527,0.2666691723671352,0.2638522427440633,0.0032929414191400497,0.023156411249983355,0.014572980474582387,H,False,10.0,-10.0,STANDARD
2025-04-18,2024/25,La Liga,Espanol,Getafe,DRAW,D,2.96,Max market,0.3532665831572227,0.34759249460702507,0.33783783783783783,0.005674088550197631,0.045669086145379234,0.013360563714454265,H,False,10.0,-10.0,STRONG
2025-04-19,2024/25,Bundesliga,Freiburg,Hoffenheim,DRAW,D,3.97,Max market,0.2588540385473097,0.2559582292339219,0.2518891687657431,0.002895809313387787,0.027650533032819613,-0.0021615975320901093,H,False,10.0,-10.0,STANDARD
2025-04-19,2024/25,Premier League,Brentford,Brighton,DRAW,D,3.85,Max market,0.26805537397108586,0.26447770550897265,0.2597402597402597,0.003577668462113215,0.03201318978868062,0.003023565959279717,H,False,10.0,-10.0,STANDARD
2025-04-19,2024/25,Serie A,Lecce,Como,DRAW,D,3.61,Max market,0.284540582750433,0.2819859914553074,0.2770083102493075,0.0025545912951255856,0.027191503729063093,-0.0029586899811168133,A,False,10.0,-10.0,STANDARD
2025-04-19,2024/25,La Liga,Vallecano,Valencia,DRAW,D,3.31,Max market,0.30776571907990524,0.3034352870865132,0.3021148036253776,0.004330431993392059,0.018704530154486365,0.0006119331164009534,D,True,10.0,23.1,STANDARD
2025-04-20,2024/25,La Liga,Sevilla,Alaves,DRAW,D,3.29,Max market,0.31401930237764575,0.3101123595505618,0.303951367781155,0.003906942827083926,0.03312350482245452,0.005597610237957795,D,True,10.0,22.9,STANDARD
2025-04-20,2024/25,Premier League,Fulham,Chelsea,DRAW,D,3.7,Max market,0.2739122612816798,0.27050519883470314,0.27027027027027023,0.0034070624469766386,0.013475366742215167,-0.0013291193284531433,A,False,10.0,-10.0,STANDARD
2025-04-20,2024/25,Ligue 1,Reims,Toulouse,DRAW,D,3.59,Max market,0.29077391609447795,0.2869287991498406,0.2785515320334262,0.00384511694463735,0.043878358779175786,-0.011458109795532467,H,False,10.0,-10.0,STANDARD
2025-04-21,2024/25,La Liga,Girona,Betis,DRAW,D,3.55,Max market,0.28485983188354924,0.28095209616649724,0.28169014084507044,0.003907735717051997,0.011252403186599702,0.004169016657969482,A,False,10.0,-10.0,STANDARD
2025-04-23,2024/25,Serie A,Cagliari,Fiorentina,DRAW,D,3.34,Max market,0.30401069808842934,0.2995145864372567,0.29940119760479045,0.004496111651172641,0.015395731615353903,0.010864868396366412,A,False,10.0,-10.0,STANDARD
2025-04-23,2024/25,Serie A,Parma,Juventus,DRAW,D,3.91,Max market,0.2594026097010758,0.25687981836780516,0.2557544757033248,0.0025227913332706575,0.01426420393120642,-0.0014261802327355522,H,False,10.0,-10.0,STANDARD
2025-04-24,2024/25,La Liga,Osasuna,Sevilla,DRAW,D,3.19,Max market,0.3197376854365638,0.3145868678482475,0.31347962382445144,0.005150817588316259,0.01996321654263844,0.004552642997242118,H,False,10.0,-10.0,STRONG
2025-04-26,2024/25,Bundesliga,Wolfsburg,Freiburg,Wolfsburg,H,2.53,Max market,0.40013080163870807,0.39694704441233747,0.3952569169960475,0.003183757226370598,0.012330928145931397,0.007042340058170116,A,False,10.0,-10.0,STANDARD
2025-04-26,2024/25,Bundesliga,Ein Frankfurt,RB Leipzig,DRAW,D,4.1,Max market,0.2500893388517001,0.2472124014141964,0.24390243902439027,0.002876937437503696,0.02536628929197038,-0.004883002456997104,H,False,10.0,-10.0,STANDARD
2025-04-27,2024/25,Bundesliga,Bochum,Union Berlin,DRAW,D,3.71,Max market,0.2765991411578476,0.27282020867312295,0.2695417789757412,0.003778932484724662,0.026182813695614593,0.01042630716042331,D,True,10.0,27.1,STANDARD
2025-04-28,2024/25,Serie A,Verona,Cagliari,DRAW,D,2.96,Max market,0.3465202729778292,0.3408097873579959,0.33783783783783783,0.005710485619833339,0.025700008014374554,0.007323411431105986,A,False,10.0,-10.0,STRONG
2025-05-01,2024/25,Premier League,Nott'm Forest,Brentford,DRAW,D,3.72,Max market,0.27222845973606996,0.2687036833674772,0.26881720430107525,0.0035247763685927747,0.012689870218180355,0.002625357184386279,A,False,10.0,-10.0,STANDARD
2025-05-02,2024/25,La Liga,Vallecano,Getafe,DRAW,D,3.09,Max market,0.32686741612658965,0.3212271634804191,0.3236245954692557,0.005640252646170574,0.01002031583116203,0.004720349150443004,H,False,10.0,-10.0,STRONG
2025-05-03,2024/25,Ligue 1,Strasbourg,Paris SG,Strasbourg,H,2.61,Max market,0.39431209936624734,0.3893168020322313,0.3831417624521073,0.004995297334016047,0.029154579345905596,0.014757650312753445,H,True,10.0,16.099999999999998,STANDARD
2025-05-03,2024/25,Bundesliga,M'gladbach,Hoffenheim,DRAW,D,4.16,Max market,0.24356297904937557,0.24090297117353052,0.24038461538461536,0.002660007875845055,0.013221992845402486,0.0007227243323158217,D,True,10.0,31.6,STANDARD
2025-05-03,2024/25,Serie A,Parma,Como,DRAW,D,3.59,Max market,0.28505450692707474,0.2814106292343242,0.2785515320334262,0.003643877692750541,0.023345679868198355,0.005844850196497053,A,False,10.0,-10.0,STANDARD
2025-05-04,2024/25,Bundesliga,Mainz,Ein Frankfurt,DRAW,D,3.89,Max market,0.2652967049221716,0.26176695424265584,0.2570694087403599,0.003529750679515775,0.03200418214724765,0.0017222194068707286,D,True,10.0,28.900000000000002,STANDARD
2025-05-04,2024/25,Serie A,Bologna,Juventus,DRAW,D,3.28,Max market,0.3114375053912988,0.30676284941388643,0.3048780487804878,0.004674655977412345,0.02151501768345998,0.013595799549833976,D,True,10.0,22.799999999999997,STANDARD
2025-05-04,2024/25,Ligue 1,Auxerre,Le Havre,DRAW,D,3.76,Max market,0.2693450304602167,0.26622134150731075,0.26595744680851063,0.003123688952905934,0.0127373145304146,0.0051729026063477845,A,False,10.0,-10.0,STANDARD
2025-05-04,2024/25,Bundesliga,Freiburg,Leverkusen,DRAW,D,3.75,Max market,0.27488290744278193,0.2713066693571232,0.26666666666666666,0.0035762380856587117,0.030810902910432203,-0.002670108666253612,D,True,10.0,27.5,STANDARD
2025-05-04,2024/25,Ligue 1,Nantes,Angers,DRAW,D,3.71,Max market,0.28221786569403723,0.27962121160022285,0.2695417789757412,0.0025966540938143767,0.04702828172487816,0.007525485046359581,A,False,10.0,-10.0,STANDARD
2025-05-05,2024/25,La Liga,Girona,Mallorca,DRAW,D,3.45,Max market,0.300708739968347,0.2967007585873386,0.2898550724637681,0.004007981381008441,0.037445152890797306,-0.005687674394806386,H,False,10.0,-10.0,STANDARD
2025-05-10,2024/25,Serie A,Empoli,Parma,DRAW,D,3.61,Max market,0.28452840256046785,0.28103702026491567,0.2770083102493075,0.003491382295552181,0.02714753324328889,0.03384392740273551,H,False,10.0,-10.0,STANDARD
2025-05-10,2024/25,La Liga,Girona,Villarreal,DRAW,D,3.93,Max market,0.2585987450979467,0.25545851528384284,0.2544529262086514,0.00314022981410389,0.016293068234930708,0.01175266843818129,A,False,10.0,-10.0,STANDARD
2025-05-10,2024/25,Bundesliga,Bochum,Mainz,DRAW,D,3.89,Max market,0.2620699559151819,0.2584912433751124,0.2570694087403599,0.003578712540069473,0.01945212851005751,-0.009778651343727074,A,False,10.0,-10.0,STANDARD
2025-05-10,2024/25,Bundesliga,Holstein Kiel,Freiburg,Holstein Kiel,H,3.4,Max market,0.2986447693279132,0.29580355247328566,0.29411764705882354,0.002841216854627515,0.015392215714904678,-0.018098563841774384,A,False,10.0,-10.0,STANDARD
2025-05-11,2024/25,Premier League,Man United,West Ham,DRAW,D,3.92,Max market,0.25849994034204377,0.2558343422535799,0.25510204081632654,0.0026655980884638386,0.01331976614081154,0.005357541433910096,A,False,10.0,-10.0,STANDARD
2025-05-11,2024/25,Premier League,Newcastle,Chelsea,DRAW,D,4.0,Max market,0.2559011023011,0.25331538202625375,0.25,0.0025857202748462704,0.0236044092044001,0.002325924655177669,H,False,10.0,-10.0,STANDARD
2025-05-11,2024/25,La Liga,Barcelona,Real Madrid,DRAW,D,4.32,Max market,0.23549178918213812,0.23295780432365829,0.23148148148148145,0.002533984858479832,0.017324529266836697,-0.012029501785465885,H,False,10.0,-10.0,STANDARD
2025-05-14,2024/25,La Liga,Alaves,Valencia,DRAW,D,3.32,Max market,0.3046739769154269,0.3006007942703914,0.30120481927710846,0.0040731826450355335,0.011517603359217254,0.033917584099739384,H,False,10.0,-10.0,STANDARD
2025-05-17,2024/25,Ligue 1,St Etienne,Toulouse,St Etienne,H,2.7,Max market,0.4715923574236794,0.4676470588235294,0.37037037037037035,0.003945298600149971,0.2732993650439344,-0.05678766458565698,A,False,10.0,-10.0,STANDARD
2025-05-17,2024/25,Bundesliga,RB Leipzig,Stuttgart,DRAW,D,4.46,Max market,0.22684895566867622,0.22422495611293017,0.2242152466367713,0.0026239995557460483,0.011746342282295874,-0.004564815460419203,A,False,10.0,-10.0,STANDARD
2025-05-18,2024/25,Serie A,Verona,Como,DRAW,D,3.53,Max market,0.2896114847042054,0.2864459484177795,0.28328611898017,0.0031655362864259073,0.022328541005844915,0.02512228552717466,D,True,10.0,25.299999999999997,STANDARD
2025-05-18,2024/25,Premier League,West Ham,Nott'm Forest,DRAW,D,3.56,Max market,0.28503019039367955,0.2810441958263905,0.2808988764044944,0.003985994567289042,0.01470747780149928,0.0017101364158161325,A,False,10.0,-10.0,STANDARD
2025-05-18,2024/25,Serie A,Cagliari,Venezia,DRAW,D,3.22,Max market,0.3208622379653627,0.3161200279134682,0.3105590062111801,0.004742210051894458,0.03317640624846785,0.00915274456351367,H,False,10.0,-10.0,STANDARD
2025-05-18,2024/25,La Liga,Sociedad,Girona,DRAW,D,3.25,Max market,0.31282733440905697,0.3086587588514745,0.3076923076923077,0.004168575557582488,0.016688836829435116,-0.0530782645855466,H,False,10.0,-10.0,STANDARD
2025-05-18,2024/25,La Liga,Ath Madrid,Betis,Ath Madrid,H,2.09,Max market,0.49001899124155346,0.4871753920848373,0.47846889952153115,0.00284359915671617,0.024139691694846643,0.13432954954687581,H,True,10.0,10.899999999999999,STANDARD
2025-05-18,2024/25,La Liga,Valencia,Ath Bilbao,DRAW,D,3.22,Max market,0.32323740531409656,0.31883383259239473,0.3105590062111801,0.004403572721701832,0.04082444511139105,0.005491797101633111,A,False,10.0,-10.0,STANDARD
2025-05-19,2024/25,Premier League,Brighton,Liverpool,DRAW,D,4.04,Max market,0.2532937415300395,0.2496681279328229,0.24752475247524752,0.0036256135972165815,0.023306715781359566,-0.003484985955785641,H,False,10.0,-10.0,STANDARD
2025-08-16,2025/26,Premier League,Aston Villa,Newcastle,DRAW,D,3.75,Max market,0.2699412502445445,0.2660486929698934,0.26666666666666666,0.0038925572746510984,0.012279688417041967,0.011992015947392909,D,True,10.0,27.5,STANDARD
2025-08-18,2025/26,Premier League,Leeds,Everton,DRAW,D,3.5,Max market,0.291257692237145,0.2866926839547899,0.2857142857142857,0.004565008282355065,0.019401922830007523,0.008500015271538819,H,False,10.0,-10.0,STANDARD
2025-08-30,2025/26,Ligue 1,Nantes,Auxerre,DRAW,D,3.4,Max market,0.29805135692583345,0.2938079799698263,0.29411764705882354,0.004243376956007128,0.013374613547833647,-0.003052724665330242,H,False,10.0,-10.0,STANDARD
2025-08-31,2025/26,Ligue 1,Le Havre,Nice,DRAW,D,3.75,Max market,0.2708175287856288,0.26791379041786495,0.26666666666666666,0.002903738367763864,0.01556573294610808,0.00912930283175728,H,False,10.0,-10.0,STANDARD
2025-09-13,2025/26,Bundesliga,Wolfsburg,FC Koln,DRAW,D,3.8,Max market,0.26716953395442045,0.2639215917117966,0.2631578947368421,0.003247942242623869,0.015244229026797562,-0.005642877381105971,D,True,10.0,28.0,STANDARD
2025-09-13,2025/26,La Liga,Getafe,Oviedo,DRAW,D,3.3,Max market,0.3122786878311714,0.3077998066105319,0.30303030303030304,0.004478881220639497,0.030519669842865582,0.016860133326911553,H,False,10.0,-10.0,STANDARD
2025-09-13,2025/26,Serie A,Juventus,Inter,DRAW,D,3.35,Max market,0.3169006852258378,0.311736887182394,0.29850746268656714,0.005163798043443801,0.06161729550655659,0.0032688401944673817,H,False,10.0,-10.0,STRONG
2025-09-13,2025/26,Serie A,Fiorentina,Napoli,DRAW,D,3.45,Max market,0.3039566538250753,0.30031235703355474,0.2898550724637681,0.0036442967915205626,0.04865045569650994,-0.01021544946651709,A,False,10.0,-10.0,STANDARD
2025-09-14,2025/26,Bundesliga,M'gladbach,Werder Bremen,DRAW,D,4.2,Max market,0.24206335139305332,0.23954306813592569,0.23809523809523808,0.002520283257127637,0.016666075850823914,0.00316691333602101,A,False,10.0,-10.0,STANDARD
2025-09-14,2025/26,Serie A,Milan,Bologna,DRAW,D,3.7,Max market,0.2732151651738796,0.2700764006791171,0.27027027027027023,0.003138764494762525,0.010896111143354537,-0.002743218487918031,H,False,10.0,-10.0,STANDARD
2025-10-05,2025/26,Bundesliga,Hamburg,Mainz,DRAW,D,3.8,Max market,0.26846736970866997,0.264367816091954,0.2631578947368421,0.00409955361671599,0.020176004892945798,-0.008384966538968586,H,False,10.0,-10.0,STANDARD
2025-10-05,2025/26,La Liga,Sociedad,Vallecano,DRAW,D,3.6,Max market,0.2839044421454588,0.2802991449720222,0.2777777777777778,0.0036052971734366057,0.02205599172365158,0.002954163513178676,A,False,10.0,-10.0,STANDARD
2025-10-18,2025/26,Premier League,Brighton,Newcastle,DRAW,D,3.66,Max market,0.2769595490509813,0.27310632383599726,0.27322404371584696,0.0038532252149840462,0.013671949526591565,0.002810182040164866,H,False,10.0,-10.0,STANDARD
2025-10-20,2025/26,Premier League,West Ham,Brentford,DRAW,D,3.55,Max market,0.28487385851110886,0.2805085156970255,0.28169014084507044,0.0043653428140833506,0.011302197714436302,0.007135509813448515,A,False,10.0,-10.0,STANDARD
2025-11-01,2025/26,Premier League,Fulham,Wolves,DRAW,D,3.65,Max market,0.2770390786366057,0.27415145328285334,0.273972602739726,0.0028876253537523655,0.01119263702361084,-0.01724936738376387,H,False,10.0,-10.0,STANDARD
2025-11-09,2025/26,Ligue 1,Angers,Auxerre,DRAW,D,3.33,Max market,0.3036278593838092,0.2988038247816391,0.3003003003003003,0.004824034602170124,0.01108077174808475,0.014174789531719967,H,False,10.0,-10.0,STANDARD
2025-11-22,2025/26,Bundesliga,FC Koln,Ein Frankfurt,DRAW,D,4.2,Max market,0.25258954218006885,0.24894237868116675,0.23809523809523808,0.003647163498902095,0.06087607715628929,0.012351441340517355,A,False,10.0,-10.0,STANDARD
2025-11-29,2025/26,La Liga,Ath Madrid,Oviedo,Oviedo,A,17.0,Max market,0.06682275204048461,0.06404415795542616,0.058823529411764705,0.0027785940850584556,0.13598678468823855,0.011509822052091653,H,False,10.0,-10.0,STANDARD
2025-11-30,2025/26,Premier League,Crystal Palace,Man United,DRAW,D,3.75,Max market,0.27326579566971054,0.26947762347820226,0.26666666666666666,0.0037881721915082878,0.024746733761414452,-0.006177960178538999,A,False,10.0,-10.0,STANDARD
2025-12-06,2025/26,Premier League,Leeds,Liverpool,DRAW,D,4.2,Max market,0.2461475653828889,0.24349224429629138,0.23809523809523808,0.002655321086597523,0.03381977460813346,0.0012241072053771895,D,True,10.0,32.0,STANDARD
2025-12-12,2025/26,Bundesliga,Union Berlin,RB Leipzig,DRAW,D,3.6,Max market,0.282155911799816,0.2783136524374842,0.2777777777777778,0.0038422593623317902,0.015761282479337613,0.0052340007999026605,H,False,10.0,-10.0,STANDARD
2025-12-14,2025/26,Serie A,Genoa,Inter,Inter,A,4.0,Max market,0.6053680797239572,0.6024875072906979,0.25,0.002880572433259343,1.421472318895829,0.037201904904248906,A,True,10.0,30.0,STANDARD
2026-01-03,2025/26,La Liga,Osasuna,Ath Bilbao,DRAW,D,3.13,Max market,0.32463679737386814,0.319715852442672,0.3194888178913738,0.004920944931196158,0.016113175780207323,-0.000567976110190993,D,True,10.0,21.299999999999997,STANDARD
2026-01-14,2025/26,Serie A,Inter,Lecce,Lecce,A,25.0,Max market,0.0484365433330722,0.04571066640769409,0.04,0.0027258769253781095,0.210913583326805,0.012677743449179893,H,False,10.0,-10.0,STANDARD
2026-01-26,2025/26,La Liga,Girona,Getafe,DRAW,D,3.2,Max market,0.3160356805722589,0.31123379466580364,0.3125,0.00480188590645525,0.011314177831228456,0.00845780344798841,D,True,10.0,22.0,STANDARD
2026-01-26,2025/26,Serie A,Verona,Udinese,DRAW,D,3.2,Max market,0.3188721031924492,0.3138202581884852,0.3125,0.005051845003963995,0.020390730215837483,0.014840712379813603,A,False,10.0,-10.0,STRONG
2026-02-01,2025/26,Serie A,Torino,Lecce,Lecce,A,4.75,Max market,0.21422925349085598,0.21167363644452356,0.21052631578947367,0.00255561704633242,0.01758895408156591,0.019988704765693643,H,False,10.0,-10.0,STANDARD
2026-02-07,2025/26,Premier League,Newcastle,Brentford,DRAW,D,3.75,Max market,0.27182945105085554,0.2682655849796624,0.26666666666666666,0.0035638660711931336,0.019360441440708254,-0.01241398343290262,A,False,10.0,-10.0,STANDARD
2026-02-13,2025/26,La Liga,Elche,Osasuna,DRAW,D,3.3,Max market,0.3076523624040694,0.30295924666188856,0.30303030303030304,0.004693115742180842,0.015252795933428986,-0.0027837487999963217,D,True,10.0,23.0,STANDARD
2026-02-15,2025/26,Serie A,Napoli,Roma,DRAW,D,3.2,Max market,0.31794296987509607,0.3128694331373738,0.3125,0.005073536737722262,0.01741750360030747,0.023327843799977765,D,True,10.0,22.0,STRONG
2026-03-02,2025/26,Serie A,Udinese,Fiorentina,DRAW,D,3.5,Max market,0.29059619369436895,0.286788866369629,0.2857142857142857,0.0038073273247399286,0.017086677930291394,0.021122176662631886,H,False,10.0,-10.0,STANDARD
2026-03-02,2025/26,La Liga,Real Madrid,Getafe,Getafe,A,11.5,Max market,0.09126137829216674,0.0887040887040887,0.08695652173913043,0.002557289588078035,0.0495058503599175,0.019898724385782066,A,True,10.0,105.0,STANDARD
2026-03-22,2025/26,La Liga,Ath Bilbao,Betis,DRAW,D,3.66,Max market,0.2801459645639877,0.2759041964938057,0.27322404371584696,0.004241768070182006,0.025334230304195016,-0.005924987136520787,H,False,10.0,-10.0,STANDARD
2026-04-04,2025/26,La Liga,Ath Madrid,Barcelona,DRAW,D,4.0,Max market,0.2527410693469149,0.24936691732230193,0.25,0.0033741520246129975,0.010964277387659704,-0.013510929078363654,A,False,10.0,-10.0,STANDARD
2026-04-17,2025/26,Ligue 1,Lens,Toulouse,Lens,H,1.6,Max market,0.6392681003710224,0.6345798405615817,0.625,0.004688259809440765,0.02282896059363604,-0.00823396018894329,H,True,10.0,6.000000000000001,STANDARD
2026-04-17,2025/26,Serie A,Sassuolo,Como,Como,A,1.67,Max market,0.612690183277463,0.6099494980599864,0.5988023952095809,0.0027406852174766128,0.023192606073363153,0.02494158367525845,H,False,10.0,-10.0,STANDARD
2026-04-18,2025/26,Premier League,Chelsea,Man United,DRAW,D,3.75,Max market,0.27014777033953546,0.26631836362994044,0.26666666666666666,0.003829406709595029,0.013054138773257895,-0.01034625057843841,A,False,10.0,-10.0,STANDARD
2026-04-18,2025/26,Ligue 1,Lorient,Marseille,Marseille,A,1.91,Max market,0.5407438589593092,0.5375191725331341,0.5235602094240838,0.0032246864261751274,0.0328207706122805,0.03319822456883048,H,False,10.0,-10.0,STANDARD
2026-04-19,2025/26,Premier League,Everton,Liverpool,DRAW,D,3.6,Max market,0.28369990273220347,0.2798205309692048,0.2777777777777778,0.0038793717629986846,0.021319649835932486,0.0036878856869146937,A,False,10.0,-10.0,STANDARD
2026-04-19,2025/26,Premier League,Man City,Arsenal,Man City,H,2.0,Max market,0.5208305497265365,0.5171190049683982,0.5,0.0037115447581382854,0.04166109945307306,-0.0039178748947538145,H,True,10.0,10.0,STANDARD
2026-04-21,2025/26,La Liga,Girona,Betis,DRAW,D,3.6,Max market,0.28372923979544085,0.2793155081949916,0.2777777777777778,0.004413731600449222,0.02142526326358718,0.0038003995229374254,A,False,10.0,-10.0,STANDARD
2026-04-22,2025/26,La Liga,Sociedad,Getafe,DRAW,D,3.25,Max market,0.31734088448370223,0.31282866769531126,0.3076923076923077,0.004512216788390977,0.03135787457203221,-0.0013110439828344922,A,False,10.0,-10.0,STANDARD
2026-04-22,2025/26,La Liga,Elche,Ath Madrid,Elche,H,3.5,Max market,0.3571009914335448,0.3545926274812909,0.2857142857142857,0.0025083639522539003,0.24985347001740665,0.034039087450348726,H,True,10.0,25.0,STANDARD
2026-04-23,2025/26,La Liga,Oviedo,Villarreal,DRAW,D,3.6,Max market,0.285940718738239,0.28228079906993003,0.2777777777777778,0.003659919668308975,0.02938658745766043,0.0028888708104091165,D,True,10.0,26.0,STANDARD
2026-04-23,2025/26,La Liga,Vallecano,Espanol,DRAW,D,3.5,Max market,0.2972017061797355,0.29281086084541813,0.2857142857142857,0.004390845334317384,0.040205971629074355,-0.0077779173973757665,H,False,10.0,-10.0,STANDARD
2026-04-25,2025/26,La Liga,Ath Madrid,Ath Bilbao,DRAW,D,3.75,Max market,0.2723057211271499,0.26911576249466046,0.26666666666666666,0.0031899586324894424,0.02114645422681205,-0.003517089118805161,H,False,10.0,-10.0,STANDARD
2026-04-26,2025/26,La Liga,Osasuna,Sevilla,DRAW,D,3.6,Max market,0.28159911095021656,0.27824861483812424,0.2777777777777778,0.003350496112092316,0.013756799420779675,0.003498486806523926,H,False,10.0,-10.0,STANDARD
2026-04-26,2025/26,La Liga,Oviedo,Elche,DRAW,D,3.6,Max market,0.28742730414805007,0.28337845378081794,0.2777777777777778,0.004048850367232126,0.034738294932980196,0.007153323132281952,A,False,10.0,-10.0,STANDARD
2026-05-02,2025/26,La Liga,Alaves,Ath Bilbao,DRAW,D,3.6,Max market,0.28380930777675917,0.2794953986144142,0.2777777777777778,0.0043139091623449755,0.021713507996333092,0.01179544373039737,A,False,10.0,-10.0,STANDARD
2026-05-10,2025/26,La Liga,Oviedo,Getafe,DRAW,D,3.25,Max market,0.311938867279225,0.3074968233799238,0.3076923076923077,0.004442043899301196,0.013801318657481243,0.023850018098026116,D,True,10.0,22.5,STANDARD
2026-05-17,2025/26,La Liga,Vallecano,Villarreal,DRAW,D,3.8,Max market,0.2705894675752251,0.26625023912699924,0.2631578947368421,0.004339228448225874,0.028239976785855436,-0.003289191600035324,H,False,10.0,-10.0,STANDARD
2026-05-17,2025/26,La Liga,Sevilla,Real Madrid,DRAW,D,4.0,Max market,0.26932025164769574,0.2648665711580021,0.25,0.004453680489693634,0.07728100659078296,-0.01133086919180687,A,False,10.0,-10.0,STANDARD
2026-05-23,2025/26,La Liga,Betis,Levante,DRAW,D,3.5,Max market,0.29043912788603293,0.28664921465968585,0.2857142857142857,0.003789913226347086,0.016536947601115237,-0.0146521861003856,H,False,10.0,-10.0,STANDARD
2026-05-24,2025/26,Premier League,West Ham,Leeds,DRAW,D,4.2,Max market,0.2416039837195186,0.23907103825136616,0.23809523809523808,0.002532945468152442,0.014736731621978194,-0.009843344942211035,H,False,10.0,-10.0,STANDARD
