date,league,home_team,away_team,result,prob_home,prob_draw,prob_away,prediction,logistic_weight,poisson_weight,boosting_weight,boosting_temperature,avg_home_odds,avg_draw_odds,avg_away_odds,b365_home_odds,b365_draw_odds,b365_away_odds,market_prob_home,market_prob_draw,market_prob_away,model_market_home_diff,model_market_draw_diff,model_market_away_diff
2025-08-15,Premier League,Liverpool,Bournemouth,H,0.7119107673487569,0.1715365561327641,0.1165526765184787,H,0.35,0.4,0.2499999999999999,1.0900000000000003,1.31,5.96,8.31,1.3,6.0,8.5,0.7259844066296011,0.15957039810147275,0.11444519526892628,-0.014073639280844152,0.011966158031291363,0.0021074812495524148
2025-08-15,Ligue 1,Rennes,Marseille,H,0.2461848592388619,0.2696215735353909,0.484193567225747,A,0.35,0.4,0.2499999999999999,1.0900000000000003,3.46,3.52,2.04,3.5,3.6,2.05,0.2718105562789571,0.26717742179692944,0.46101202192411345,-0.025625697040095208,0.002444151738461464,0.023181545301633577
2025-08-15,La Liga,Girona,Vallecano,A,0.3711189574194479,0.3006087215299869,0.328272321050565,H,0.35,0.4,0.2499999999999999,1.0900000000000003,2.24,3.26,3.26,2.25,3.25,3.3,0.42118863049095606,0.289405684754522,0.289405684754522,-0.05006967307150817,0.011203036775464914,0.03886663629604298
2025-08-15,La Liga,Villarreal,Oviedo,H,0.6632536541154149,0.2057642010140098,0.130982144870575,H,0.35,0.4,0.2499999999999999,1.0900000000000003,1.38,4.74,8.11,1.4,4.75,8.0,0.6843223959668462,0.19923310262325897,0.1164445014098949,-0.02106874185143126,0.0065310983907508335,0.014537643460680094
2025-08-16,Premier League,Brighton,Fulham,D,0.5520659740509932,0.2383478240185602,0.2095862019304465,H,0.35,0.4,0.2499999999999999,1.0900000000000003,1.92,3.62,3.91,1.91,3.6,4.0,0.49469799173767465,0.2623812552862805,0.24292075297604485,0.05736798231331858,-0.024033431267720284,-0.03333455104559835
2025-08-16,La Liga,Valencia,Sociedad,D,0.4521575032754051,0.2680109895209411,0.2798315072036537,H,0.35,0.4,0.2499999999999999,1.0900000000000003,2.55,2.89,3.07,2.6,2.9,3.1,0.36859947736422066,0.3252348329684299,0.3061656896673494,0.08355802591118444,-0.05722384344748882,-0.026334182463695732
2025-08-16,Premier League,Wolves,Man City,A,0.1679409676600964,0.2132755957427315,0.6187834365971719,A,0.35,0.4,0.2499999999999999,1.0900000000000003,6.73,4.73,1.44,6.25,4.75,1.45,0.140915645501321,0.20049942795431083,0.6585849265443683,0.0270253221587754,0.012776167788420667,-0.039801489947196345
2025-08-16,Ligue 1,Nice,Toulouse,A,0.6024599204984354,0.2388411513890232,0.1586989281125412,H,0.35,0.4,0.2499999999999999,1.0900000000000003,2.08,3.34,3.47,2.1,3.3,3.6,0.4500089304434936,0.2802450824318763,0.26974598712463016,0.15245099005494184,-0.04140393104285309,-0.11104705901208897
2025-08-16,Premier League,Aston Villa,Newcastle,D,0.428602020050045,0.2705317014553638,0.3008662784945909,H,0.35,0.4,0.2499999999999999,1.0900000000000003,2.3,3.56,2.94,2.25,3.5,2.9,0.41179710737948727,0.2660486929698934,0.32215419965061926,0.016804912670557726,0.004483008485470397,-0.021287921156028344
2025-08-16,Ligue 1,Monaco,Le Havre,H,0.65362935558579,0.2073831168748637,0.1389875275393461,H,0.35,0.4,0.2499999999999999,1.0900000000000003,1.33,5.23,8.08,1.33,5.25,8.0,0.7047682898965489,0.179224058424935,0.11600765167851611,-0.05113893431075889,0.028159058449928692,0.022979875860829987
2025-08-16,Premier League,Sunderland,West Ham,H,0.2328644954357274,0.2654665863205665,0.5016689182437059,A,0.35,0.4,0.2499999999999999,1.0900000000000003,3.17,3.38,2.26,3.25,3.4,2.25,0.29935417123867447,0.28075524343982194,0.4198905853215036,-0.06648967580294707,-0.015288657119255422,0.08177833292220227
2025-08-16,La Liga,Mallorca,Barcelona,A,0.1379575522395966,0.1917460424699446,0.6702964052904585,A,0.35,0.4,0.2499999999999999,1.0900000000000003,6.75,4.74,1.43,7.0,5.0,1.4,0.13997113103166292,0.199325977734963,0.660702891233374,-0.0020135787920663173,-0.007579935265018406,0.009593514057084529
2025-08-16,Premier League,Tottenham,Burnley,H,0.4942080132824277,0.2676456262761127,0.2381463604414594,H,0.35,0.4,0.2499999999999999,1.0900000000000003,1.37,4.8,8.3,1.38,4.75,8.5,0.6894284181563327,0.1967743610154533,0.11379722082821393,-0.19522040487390502,0.07087126526065943,0.12434913961324547
2025-08-16,Ligue 1,Lens,Lyon,A,0.4162007852011242,0.2580731452459557,0.3257260695529199,H,0.35,0.4,0.2499999999999999,1.0900000000000003,2.29,3.56,2.87,2.3,3.6,2.9,0.40964000336782685,0.2635043841888549,0.32685561244331823,0.0065607818332973356,-0.005431238942899208,-0.0011295428903983495
2025-08-16,La Liga,Alaves,Levante,H,0.4390377327140811,0.2922617046488322,0.2687005626370864,H,0.35,0.4,0.2499999999999999,1.0900000000000003,2.19,3.04,3.64,2.15,3.0,3.8,0.43065522985195454,0.3102417609788751,0.2591030091691704,0.00838250286212655,-0.017980056330042904,0.00959755346791602
2025-08-17,Premier League,Chelsea,Crystal Palace,D,0.4800352732597489,0.2719503024928665,0.2480144242473845,H,0.35,0.4,0.2499999999999999,1.0900000000000003,1.61,4.21,5.08,1.62,4.33,4.5,0.5884596229883033,0.22504037838745097,0.18649999862424577,-0.10842434972855447,0.04690992410541553,0.061514425623138747
2025-08-17,La Liga,Ath Bilbao,Sevilla,H,0.631491754892935,0.2150213805733028,0.153486864533762,H,0.35,0.4,0.2499999999999999,1.0900000000000003,1.55,3.91,6.17,1.57,3.9,6.0,0.6069305411246153,0.2405990636171749,0.15247039525820968,0.024561213768319656,-0.02557768304387209,0.001016469275552323
2025-08-17,Ligue 1,Angers,Paris FC,H,0.3172145050587119,0.2796326550355981,0.4031528399056899,A,0.35,0.4,0.2499999999999999,1.0900000000000003,2.62,3.12,2.74,2.63,3.2,2.8,0.3576604468245335,0.30034306752573003,0.34199648564973645,-0.040445941765821614,-0.020710412490131946,0.06115635425595345
2025-08-17,Ligue 1,Auxerre,Lorient,H,0.4922479934058332,0.2662217567177546,0.2415302498764119,H,0.35,0.4,0.2499999999999999,1.0900000000000003,2.32,3.35,2.96,2.38,3.3,3.0,0.40382485176255944,0.27966377793705605,0.3165113703003844,0.08842314164327375,-0.013442021219301437,-0.07498112042397251
2025-08-17,Ligue 1,Brest,Lille,D,0.3339343980468069,0.2760171468783047,0.3900484550748882,A,0.35,0.4,0.2499999999999999,1.0900000000000003,3.22,3.41,2.16,3.3,3.4,2.2,0.29111892810560847,0.27489822536658626,0.4339828465278052,0.04281546994119845,0.0011189215117184403,-0.043934391452917
2025-08-17,Ligue 1,Metz,Strasbourg,A,0.2198786321213238,0.2409058779330536,0.5392154899456225,A,0.35,0.4,0.2499999999999999,1.0900000000000003,3.03,3.38,2.26,3.2,3.4,2.25,0.3089129731478486,0.27692494338401813,0.4141620834681333,-0.0890343410265248,-0.03601906545096453,0.1250534064774892
2025-08-17,Premier League,Nott'm Forest,Brentford,H,0.4096277490423722,0.2691573795583377,0.32121487139929,H,0.35,0.4,0.2499999999999999,1.0900000000000003,2.15,3.36,3.43,2.2,3.3,3.5,0.44116937752887275,0.28229588145448703,0.27653474101664033,-0.03154162848650055,-0.013138501896149346,0.044680130382649674
2025-08-17,La Liga,Celta,Getafe,A,0.5421887665212113,0.2545353881032275,0.2032758453755611,H,0.35,0.4,0.2499999999999999,1.0900000000000003,1.71,3.48,5.25,1.73,3.5,5.25,0.5503293843359449,0.2704204733374902,0.17925014232656492,-0.00814061781473363,-0.015885085234262686,0.024025703048996178
2025-08-17,Ligue 1,Nantes,Paris SG,A,0.1320062928109111,0.1839829692780251,0.6840107379110636,A,0.35,0.4,0.2499999999999999,1.0900000000000003,7.97,5.43,1.32,7.5,5.5,1.36,0.11756890417632383,0.17256430318329666,0.7098667926403794,0.014437388634587281,0.011418666094728441,-0.025856054729315847
2025-08-17,Premier League,Man United,Arsenal,A,0.2202848692870251,0.2248217429034386,0.5548933878095361,A,0.35,0.4,0.2499999999999999,1.0900000000000003,3.57,3.56,2.01,3.6,3.6,1.95,0.26462528429577853,0.2653686137460476,0.4700061019581739,-0.04434041500875344,-0.040546870842608995,0.08488728585136224
2025-08-17,La Liga,Espanol,Ath Madrid,H,0.1621949596071431,0.2225020428106595,0.6153029975821972,A,0.35,0.4,0.2499999999999999,1.0900000000000003,6.25,3.86,1.55,6.0,3.9,1.57,0.15034363181766783,0.2434320463368974,0.6062243218454347,0.011851327789475286,-0.020930003526237917,0.009078675736762465
2025-08-18,Premier League,Leeds,Everton,H,0.2574557546194472,0.2663242184267191,0.4762200269538336,A,0.35,0.4,0.2499999999999999,1.0900000000000003,2.39,3.29,2.96,2.38,3.3,3.0,0.39465227205492004,0.2866926839547899,0.31865504399029015,-0.13719651743547284,-0.02036846552807081,0.15756498296354343
2025-08-18,La Liga,Elche,Betis,D,0.2257659652155543,0.2516762560012245,0.5225577787832211,A,0.35,0.4,0.2499999999999999,1.0900000000000003,3.33,3.27,2.17,3.4,3.3,2.2,0.2814593571879053,0.28662374906291277,0.4319168937491819,-0.055693391972351014,-0.03494749306168826,0.09064088503403916
2025-08-19,La Liga,Real Madrid,Osasuna,H,0.7103834663351022,0.1878537112816968,0.1017628223832008,H,0.35,0.4,0.2499999999999999,1.0900000000000003,1.2,6.66,13.16,1.22,6.25,13.0,0.7865558164078484,0.14172176872213485,0.07172241487001657,-0.07617235007274625,0.04613194255956196,0.030040407513184222
2025-08-22,Premier League,West Ham,Chelsea,A,0.2734970301405983,0.2591184770321479,0.4673844928272537,A,0.35,0.4,0.2499999999999999,1.0900000000000003,4.68,3.88,1.71,4.75,3.8,1.73,0.20230515916575192,0.24401756311745335,0.5536772777167946,0.07119187097484636,0.015100913914694564,-0.08629278488954095
2025-08-22,Ligue 1,Paris SG,Angers,H,0.8397308199393412,0.1167035538946902,0.0435656261659684,H,0.35,0.4,0.2499999999999999,1.0900000000000003,1.08,11.06,24.94,1.08,12.0,21.0,0.8764602035356276,0.08558562566170687,0.03795417080266551,-0.036729383596286413,0.03111792823298333,0.005611455363302889
2025-08-22,Bundesliga,Bayern Munich,RB Leipzig,H,0.7205923304765531,0.1614113787437678,0.1179962907796788,H,0.35,0.4,0.2499999999999999,1.0900000000000003,1.21,7.13,10.3,1.22,7.0,9.0,0.7768913976936251,0.13184271966469654,0.0912658826416783,-0.05629906721707201,0.029568659079071247,0.026730408138000497
2025-08-22,La Liga,Betis,Alaves,H,0.5595202734531837,0.2491780848634762,0.1913016416833399,H,0.35,0.4,0.2499999999999999,1.0900000000000003,1.88,3.38,4.37,1.91,3.4,4.2,0.5034184713332379,0.2800079071320969,0.21657362153466528,0.056101802119945754,-0.030829822268620688,-0.02527197985132537
2025-08-23,Premier League,Brentford,Aston Villa,H,0.3394570085916627,0.2676006480191563,0.3929423433891807,A,0.35,0.4,0.2499999999999999,1.0900000000000003,3.11,3.53,2.21,3.1,3.6,2.2,0.304112237698176,0.26792891196638174,0.4279588503354423,0.0353447708934867,-0.00032826394722546004,-0.03501650694626157
2025-08-23,La Liga,Ath Madrid,Elche,D,0.7649218010877207,0.1545416428002465,0.0805365561120327,H,0.35,0.4,0.2499999999999999,1.0900000000000003,1.24,5.74,12.91,1.25,5.25,15.0,0.762150131544574,0.16464567301659783,0.07320419543882817,0.002771669543146671,-0.01010403021635134,0.00733236067320453
2025-08-23,La Liga,Levante,Barcelona,A,0.1214040821387237,0.1803483556171153,0.6982475622441608,A,0.35,0.4,0.2499999999999999,1.0900000000000003,10.44,6.51,1.24,11.0,6.0,1.25,0.0907190635451505,0.14548494983277593,0.7637959866220736,0.0306850185935732,0.03486340578433936,-0.06554842437791275
2025-08-23,Bundesliga,St Pauli,Dortmund,D,0.184742621674725,0.2248644252352304,0.5903929530900445,A,0.35,0.4,0.2499999999999999,1.0900000000000003,4.52,3.85,1.71,4.5,3.9,1.75,0.20758512614024413,0.24371032991010477,0.5487045439496511,-0.022842504465519137,-0.018845904674874375,0.0416884091403934
2025-08-23,Premier League,Arsenal,Leeds,H,0.7635565054608315,0.1589168294374165,0.0775266651017517,H,0.35,0.4,0.2499999999999999,1.0900000000000003,1.27,5.93,10.61,1.27,6.25,9.5,0.7497018103478064,0.16056008417229584,0.08973810547989768,0.013854695113025173,-0.0016432547348793347,-0.012211440378145977
2025-08-23,Bundesliga,Freiburg,Augsburg,A,0.562648700309014,0.2381342076257878,0.199217092065198,H,0.35,0.4,0.2499999999999999,1.0900000000000003,1.82,3.58,4.25,1.85,3.6,4.33,0.5163648457862728,0.2625095026064292,0.22112565160729802,0.0462838545227412,-0.024375294980641393,-0.021908559542100026
2025-08-23,Bundesliga,Ein Frankfurt,Werder Bremen,H,0.5207509593316749,0.2587539348291888,0.2204951058391361,H,0.35,0.4,0.2499999999999999,1.0900000000000003,1.69,4.0,4.46,1.7,4.1,4.5,0.5551164686626796,0.2345367080099821,0.21034682332733823,-0.034365509331004684,0.024217226819206683,0.010148282511797863
2025-08-23,Ligue 1,Marseille,Paris FC,H,0.6478894422577158,0.2072499596945228,0.1448605980477612,H,0.35,0.4,0.2499999999999999,1.0900000000000003,1.36,4.89,7.89,1.38,5.0,7.5,0.6894228140428748,0.1917413143350327,0.11883587162209251,-0.041533371785158923,0.01550864535949012,0.02602472642566868
2025-08-23,Serie A,Genoa,Lecce,D,0.5161632644705036,0.2738188678590231,0.210017867670473,H,0.35,0.4,0.2499999999999999,1.0900000000000003,1.91,3.28,4.29,1.9,3.3,4.5,0.4932088791057803,0.28720395094269524,0.21958716995152458,0.02295438536472333,-0.013385083083672145,-0.009569302281051573
2025-08-23,Bundesliga,Union Berlin,Stuttgart,H,0.310658489765592,0.2682016600732954,0.4211398501611125,A,0.35,0.4,0.2499999999999999,1.0900000000000003,3.3,3.59,2.06,3.4,3.7,2.05,0.283997173622525,0.261055897758867,0.454946928618608,0.026661316143066993,0.007145762314428372,-0.03380707845749553
2025-08-23,La Liga,Mallorca,Celta,D,0.3833188915553033,0.2709258588632977,0.3457552495813989,H,0.35,0.4,0.2499999999999999,1.0900000000000003,2.94,3.09,2.52,3.0,3.1,2.55,0.32070576024909186,0.30513751946030104,0.37415672029060715,0.06261313130621143,-0.03421166059700337,-0.028401470709208232
2025-08-23,Ligue 1,Nice,Auxerre,H,0.584277088238349,0.2391346126183152,0.1765882991433356,H,0.35,0.4,0.2499999999999999,1.0900000000000003,1.62,4.09,4.93,1.62,4.2,5.0,0.5798148728580835,0.22965772470173484,0.19052740244018165,0.004462215380265477,0.009476887916580357,-0.013939103296846056
2025-08-23,Bundesliga,Heidenheim,Wolfsburg,A,0.3563073390356161,0.2833089167635899,0.3603837442007939,A,0.35,0.4,0.2499999999999999,1.0900000000000003,3.05,3.51,2.2,3.2,3.5,2.2,0.3071904525111884,0.2669318746892093,0.42587767279960215,0.049116886524427694,0.016377042074380566,-0.06549392859880826
2025-08-23,Serie A,Milan,Cremonese,A,0.7237466216191155,0.1775078485542763,0.0987455298266078,H,0.35,0.4,0.2499999999999999,1.0900000000000003,1.34,5.09,8.57,1.33,5.25,9.0,0.7044135149057661,0.18544481531900328,0.11014166977523064,0.019333106713349424,-0.007936966764726994,-0.011396139948622847
2025-08-23,Premier League,Burnley,Sunderland,H,0.4014301948160776,0.275133415267267,0.3234363899166552,H,0.35,0.4,0.2499999999999999,1.0900000000000003,2.25,3.16,3.42,2.2,3.2,3.5,0.4219551619931126,0.30044275774826057,0.27760208025862676,-0.020524967177035003,-0.02530934248099359,0.04583430965802843
2025-08-23,Serie A,Roma,Bologna,H,0.5143333372096495,0.2368002970921587,0.2488663656981916,H,0.35,0.4,0.2499999999999999,1.0900000000000003,2.1,3.28,3.56,2.1,3.3,3.5,0.4484040428865473,0.2870879542871187,0.2645080028263341,0.06592929432310218,-0.050287657194960006,-0.015641637128142483
2025-08-23,Premier League,Man City,Tottenham,A,0.7712532431193333,0.143512527642061,0.0852342292386056,H,0.35,0.4,0.2499999999999999,1.0900000000000003,1.48,4.7,6.08,1.48,4.5,6.25,0.6417189156171963,0.20207319044967031,0.1562078939331333,0.129534327502137,-0.058560662807609326,-0.0709736646945277
2025-08-23,Serie A,Sassuolo,Napoli,A,0.1446998213075289,0.2168690099888357,0.6384311687036353,A,0.35,0.4,0.2499999999999999,1.0900000000000003,6.08,4.02,1.54,6.0,4.0,1.57,0.15478702657292304,0.23410575163267963,0.6111072217943974,-0.010087205265394139,-0.017236741643843922,0.027323946909237895
2025-08-23,Bundesliga,Leverkusen,Hoffenheim,A,0.7526325883878852,0.1503546817630229,0.0970127298490916,H,0.35,0.4,0.2499999999999999,1.0900000000000003,1.5,4.63,5.56,1.53,4.75,5.25,0.627447730563179,0.20327680255826536,0.16927546687855555,0.12518485782470612,-0.052922120795242444,-0.07226273702946395
2025-08-23,Premier League,Bournemouth,Wolves,H,0.532002127447484,0.2423867289858188,0.225611143566697,H,0.35,0.4,0.2499999999999999,1.0900000000000003,1.79,3.88,4.24,1.8,3.8,4.2,0.5309236429355192,0.2449364229006648,0.22413993416381586,0.0010784845119647946,-0.0025496939148459963,0.0014712094028811462
2025-08-23,Ligue 1,Lyon,Metz,H,0.7143772468938,0.1801487098623155,0.1054740432438843,H,0.35,0.4,0.2499999999999999,1.0900000000000003,1.39,4.93,6.98,1.4,5.0,7.0,0.6751794813435544,0.19036500589605287,0.1344555127603926,0.03919776555024557,-0.010216296033737388,-0.028981469516508304
2025-08-24,Serie A,Juventus,Parma,H,0.7117798694011316,0.1844630454511457,0.1037570851477226,H,0.35,0.4,0.2499999999999999,1.0900000000000003,1.42,4.58,7.26,1.42,4.75,7.5,0.6641711742663332,0.20592206713060987,0.1299067586030569,0.04760869513479837,-0.021459021679464174,-0.026149673455334296
2025-08-24,Serie A,Cagliari,Fiorentina,D,0.248968721930069,0.2419494590173328,0.5090818190525979,A,0.35,0.4,0.2499999999999999,1.0900000000000003,3.17,3.27,2.25,3.25,3.3,2.25,0.2960061796193258,0.28695400287255746,0.4170398175081168,-0.047037457689256795,-0.04500454385522465,0.09204200154448106
2025-08-24,Premier League,Fulham,Man United,D,0.4545527623692091,0.2645577546214989,0.2808894830092919,H,0.35,0.4,0.2499999999999999,1.0900000000000003,3.27,3.53,2.13,3.25,3.5,2.15,0.2888873520292311,0.26760953006673815,0.44350311790403085,0.165665410339978,-0.0030517754452392687,-0.16261363489473896
2025-08-24,Premier League,Everton,Brighton,H,0.368815403439908,0.2626217325801283,0.3685628639799637,H,0.35,0.4,0.2499999999999999,1.0900000000000003,3.08,3.3,2.32,3.1,3.3,2.3,0.3066619668664082,0.28621783574198095,0.40712019739161087,0.06215343657349981,-0.023596103161852677,-0.03855733341164719
2025-08-24,Bundesliga,M'gladbach,Hamburg,D,0.5539628704191273,0.2444351551768311,0.2016019744040414,H,0.35,0.4,0.2499999999999999,1.0900000000000003,1.82,3.92,3.78,1.85,3.9,3.9,0.51393609789259,0.23861318830727396,0.24745071380013597,0.0400267725265373,0.0058219668695571325,-0.04584873939609457
2025-08-24,Serie A,Como,Lazio,H,0.2995009867380002,0.274993171490936,0.4255058417710636,A,0.35,0.4,0.2499999999999999,1.0900000000000003,2.44,3.29,2.86,2.4,3.25,3.0,0.38538791090868874,0.28581960565872355,0.32879248343258766,-0.08588692417068855,-0.010826434167787558,0.09671335833847594
2025-08-24,Bundesliga,Mainz,FC Koln,A,0.5941593489219552,0.2370466485325123,0.1687940025455324,H,0.35,0.4,0.2499999999999999,1.0900000000000003,1.86,3.61,3.95,1.9,3.7,4.0,0.5034938614672453,0.2594178898418494,0.23708824869090533,0.09066548745470993,-0.02237124130933707,-0.06829424614537294
2025-08-24,La Liga,Oviedo,Real Madrid,A,0.1538545856555087,0.1971491958116873,0.648996218532804,A,0.35,0.4,0.2499999999999999,1.0900000000000003,9.67,5.24,1.3,9.5,5.5,1.3,0.09723955017429463,0.17944779583691392,0.7233126539887915,0.05661503548121406,0.01770139997477338,-0.07431643545598754
2025-08-24,Premier League,Crystal Palace,Nott'm Forest,D,0.4681998025242361,0.2627050071289937,0.26909519034677,H,0.35,0.4,0.2499999999999999,1.0900000000000003,2.35,3.26,3.07,2.35,3.3,3.1,0.40219902988703454,0.2899287485381997,0.3078722215747659,0.06600077263720155,-0.027223741409206026,-0.03877703122799592
2025-08-24,Ligue 1,Lille,Monaco,H,0.4448851120067786,0.2455340000019159,0.3095808879913053,H,0.35,0.4,0.2499999999999999,1.0900000000000003,2.94,3.53,2.25,3.1,3.6,2.2,0.31851923146332367,0.26528230609126674,0.41619846244540953,0.12636588054345493,-0.019748306089350853,-0.10661757445410425
2025-08-24,Ligue 1,Strasbourg,Nantes,H,0.5796500884124388,0.2406100883178936,0.1797398232696674,H,0.35,0.4,0.2499999999999999,1.0900000000000003,1.76,3.65,4.46,1.75,3.5,5.0,0.5328188108377029,0.25692085125324843,0.21026033790904863,0.04683127757473593,-0.016310762935354828,-0.03052051463938124
2025-08-24,La Liga,Villarreal,Girona,H,0.7146954344522762,0.1787251692598142,0.1065793962879094,H,0.35,0.4,0.2499999999999999,1.0900000000000003,1.52,4.28,5.69,1.53,4.33,6.0,0.6164181068958884,0.21891484170134354,0.16466705140276805,0.09827732755638785,-0.04018967244152935,-0.05808765511485865
2025-08-24,Ligue 1,Toulouse,Brest,H,0.4039183454427438,0.2659734912353125,0.3301081633219435,H,0.35,0.4,0.2499999999999999,1.0900000000000003,2.07,3.46,3.41,2.1,3.6,3.3,0.4534522185284114,0.27128499779011894,0.2752627836814696,-0.04953387308566759,-0.005311506554806444,0.05484537964047387
2025-08-24,Ligue 1,Le Havre,Lens,A,0.2780392819446488,0.2626988746081647,0.4592618434471862,A,0.35,0.4,0.2499999999999999,1.0900000000000003,3.69,3.61,1.93,3.75,3.6,1.95,0.25418917982188916,0.2598221810367786,0.4859886391413321,0.02385010212275962,0.002876693571386091,-0.026726795694145933
2025-08-24,Serie A,Atalanta,Pisa,D,0.6777575711198176,0.1994586194518191,0.1227838094283631,H,0.35,0.4,0.2499999999999999,1.0900000000000003,1.38,4.86,7.63,1.4,5.0,7.0,0.6826797746603337,0.19384734342207002,0.12347288191759638,-0.00492220354051609,0.0056112760297490905,-0.0006890724892332778
2025-08-24,La Liga,Sociedad,Espanol,D,0.4657822904374789,0.275038941070311,0.2591787684922099,H,0.35,0.4,0.2499999999999999,1.0900000000000003,1.81,3.39,4.6,1.8,3.4,5.0,0.5188332407281099,0.27701715802887283,0.20414960124301718,-0.053050950290631005,-0.001978216958561818,0.05502916724919271
2025-08-24,Ligue 1,Lorient,Rennes,H,0.35734112452779,0.2432612825090978,0.3993975929631121,A,0.35,0.4,0.2499999999999999,1.0900000000000003,2.71,3.29,2.54,2.8,3.3,2.55,0.34594446905310916,0.2849572982169987,0.36909823272989206,0.011396655474680828,-0.041696015707900935,0.030299360233220052
2025-08-24,La Liga,Osasuna,Valencia,H,0.4549099730669417,0.278031464825613,0.2670585621074451,H,0.35,0.4,0.2499999999999999,1.0900000000000003,2.36,3.11,3.13,2.4,3.2,3.1,0.39795672241595703,0.3019864517368677,0.30005682584717525,0.056953250650984666,-0.02395498691125475,-0.03299826373973014
2025-08-25,La Liga,Sevilla,Getafe,A,0.4350961589583142,0.2746781506494612,0.2902256903922245,H,0.35,0.4,0.2499999999999999,1.0900000000000003,2.25,2.99,3.46,2.25,3.0,3.6,0.4161815760784298,0.31318011577808264,0.2706383081434876,0.0189145828798844,-0.03850196512862142,0.019587382248736906
2025-08-25,Premier League,Newcastle,Liverpool,A,0.3072622277240633,0.2254024602653258,0.4673353120106107,A,0.35,0.4,0.2499999999999999,1.0900000000000003,3.3,3.83,2.02,3.25,3.8,2.05,0.28609993491509383,0.2465090823028223,0.4673909827820839,0.021162292808969474,-0.021106622037496525,-5.56707714732263e-05
2025-08-25,Serie A,Inter,Torino,H,0.7232585884741904,0.1676262358364246,0.1091151756893847,H,0.35,0.4,0.2499999999999999,1.0900000000000003,1.41,4.67,7.28,1.42,4.75,7.5,0.6686241693233244,0.20187581985993303,0.12950001081674273,0.05463441915086609,-0.03424958402350842,-0.02038483512735803
2025-08-25,Serie A,Udinese,Verona,D,0.4208295358841617,0.3005173178800131,0.2786531462358251,H,0.35,0.4,0.2499999999999999,1.0900000000000003,1.95,3.33,3.95,1.95,3.3,4.1,0.4809411506608896,0.28163220534196237,0.23742664399714797,-0.060111614776727884,0.018885112538050752,0.04122650223867713
2025-08-25,La Liga,Ath Bilbao,Vallecano,H,0.5642333392615143,0.2602105513788708,0.1755561093596148,H,0.35,0.4,0.2499999999999999,1.0900000000000003,1.69,3.55,5.18,1.7,3.5,5.5,0.5548431479632016,0.26413659719938326,0.18102025483741518,0.009390191298312756,-0.00392604582051248,-0.005464145477800386
2025-08-27,La Liga,Celta,Betis,D,0.3346739564239021,0.2709044383879646,0.3944216051881332,A,0.35,0.4,0.2499999999999999,1.0900000000000003,2.19,3.48,3.17,2.2,3.4,3.25,0.43100437193056484,0.27123550992182094,0.29776011814761416,-0.09633041550666277,-0.0003310715338563641,0.09666148704051902
2025-08-29,La Liga,Elche,Levante,H,0.4195145152986331,0.2714015445416345,0.3090839401597322,H,0.35,0.4,0.2499999999999999,1.0900000000000003,2.17,3.19,3.52,2.15,3.25,3.5,0.4354020046918319,0.2961825549157603,0.2684154403924077,-0.015887489393198784,-0.024781010374125778,0.04066849976732445
2025-08-29,La Liga,Valencia,Getafe,H,0.4558728402272931,0.2852534353677131,0.2588737244049937,H,0.35,0.4,0.2499999999999999,1.0900000000000003,2.25,2.94,3.63,2.3,2.9,3.6,0.419262454477955,0.32086412332496556,0.2598734221970796,0.03661038574933806,-0.035610687957252474,-0.0009996977920859185
2025-08-29,Serie A,Cremonese,Sassuolo,H,0.4831107182406486,0.2737188964323443,0.2431703853270069,H,0.35,0.4,0.2499999999999999,1.0900000000000003,2.55,3.2,2.82,2.6,3.2,2.75,0.37021538461538467,0.2950153846153846,0.33476923076923076,0.11289533362526394,-0.021296488183040307,-0.09159884544222385
2025-08-29,Ligue 1,Lens,Brest,H,0.5278799278547626,0.2444632559140835,0.2276568162311538,H,0.35,0.4,0.2499999999999999,1.0900000000000003,1.84,3.68,4.05,1.85,3.75,4.0,0.5116866708780795,0.25584333543903975,0.2324699936828806,0.016193256976683057,-0.01138007952495626,-0.004813177451726797
2025-08-29,Serie A,Lecce,Milan,A,0.2193579563140026,0.2391668364933692,0.5414752071926281,A,0.35,0.4,0.2499999999999999,1.0900000000000003,6.03,3.94,1.57,6.0,3.9,1.57,0.15695578149303113,0.24021405137131413,0.6028301671356546,0.06240217482097146,-0.0010472148779449297,-0.06135495994302653
2025-08-29,Bundesliga,Hamburg,St Pauli,A,0.3849789430709761,0.2702865444042212,0.3447345125248025,H,0.35,0.4,0.2499999999999999,1.0900000000000003,2.39,3.26,2.99,2.4,3.3,3.0,0.39487297902766466,0.2894927668331652,0.3156342541391701,-0.009894035956688585,-0.019206222428944042,0.029100258385632405
2025-08-30,Serie A,Parma,Atalanta,D,0.1659842232391677,0.2218817521104776,0.6121340246503545,A,0.35,0.4,0.2499999999999999,1.0900000000000003,3.82,3.49,1.96,4.1,3.5,1.91,0.24730832917561482,0.27069278436987065,0.4819988864545146,-0.08132410593644712,-0.04881103225939307,0.13013513819583988
2025-08-30,Premier League,Sunderland,Brentford,H,0.2296262854936946,0.2356685356389139,0.5347051788673913,A,0.35,0.4,0.2499999999999999,1.0900000000000003,2.92,3.27,2.46,3.0,3.3,2.4,0.32467972779890053,0.2899280749763883,0.38539219722471124,-0.09505344230520593,-0.05425953933747438,0.1493129816426801
2025-08-30,Premier League,Chelsea,Fulham,H,0.5903805118906138,0.2307381867951716,0.1788813013142144,H,0.35,0.4,0.2499999999999999,1.0900000000000003,1.55,4.35,5.6,1.55,4.33,5.25,0.6123295418839941,0.21818638848740024,0.16948406962860554,-0.02194902999338033,0.012551798307771367,0.009397231685608853
2025-08-30,Premier League,Tottenham,Bournemouth,A,0.3843789241381992,0.2687097223868886,0.3469113534749122,H,0.35,0.4,0.2499999999999999,1.0900000000000003,1.73,4.06,4.29,1.73,4.2,4.2,0.5466357425093133,0.2329260676209636,0.2204381898697231,-0.16225681837111416,0.035783654765925016,0.1264731636051891
2025-08-30,Bundesliga,Stuttgart,M'gladbach,H,0.5644642543487982,0.2298109165688681,0.2057248290823336,H,0.35,0.4,0.2499999999999999,1.0900000000000003,1.59,4.45,4.75,1.6,4.5,4.75,0.5910025024115418,0.21116718625491046,0.1978303113335477,-0.02653824806274363,0.018643730313957635,0.007894517748785912
2025-08-30,Ligue 1,Nantes,Auxerre,H,0.4050399728422017,0.2755186166660383,0.3194414104917599,H,0.35,0.4,0.2499999999999999,1.0900000000000003,2.26,3.2,3.24,2.2,3.4,3.25,0.4160112990723205,0.2938079799698263,0.29018072095785313,-0.01097132623011876,-0.018289363303788053,0.02926068953390676
2025-08-30,Bundesliga,Augsburg,Bayern Munich,A,0.1061299126642451,0.1627600044085226,0.731110082927232,A,0.35,0.4,0.2499999999999999,1.0900000000000003,9.87,6.41,1.24,9.0,6.5,1.27,0.09524300242409282,0.14665342182929736,0.7581035757466098,0.010886910240152273,0.01610658257922523,-0.026993492819377796
2025-08-30,La Liga,Alaves,Ath Madrid,D,0.2151664481170824,0.243456313521224,0.5413772383616934,A,0.35,0.4,0.2499999999999999,1.0900000000000003,4.64,3.55,1.78,4.75,3.5,1.8,0.2035091561407012,0.26599506605432494,0.5304957778049739,0.011657291976381212,-0.022538752533100948,0.010881460556719458
2025-08-30,La Liga,Real Madrid,Mallorca,H,0.7830021675240454,0.1512209343846109,0.0657768980913434,H,0.35,0.4,0.2499999999999999,1.0900000000000003,1.18,6.96,14.97,1.18,7.0,15.0,0.8010480623301858,0.13580987263643954,0.06314206503337469,-0.018045894806140383,0.015411061748171362,0.0026348330579687163
2025-08-30,Serie A,Napoli,Cagliari,H,0.7353440007160617,0.171590348277396,0.0930656510065421,H,0.35,0.4,0.2499999999999999,1.0900000000000003,1.3,5.23,10.34,1.3,5.0,11.0,0.7276477680061142,0.18086847005888115,0.0914837619350047,0.007696232709947459,-0.009278121781485155,0.001581889071537404
2025-08-30,Serie A,Pisa,Roma,A,0.2191021349793636,0.2389863827205089,0.5419114823001273,A,0.35,0.4,0.2499999999999999,1.0900000000000003,4.96,3.69,1.7,5.25,3.6,1.7,0.19004829220114278,0.25545786702375833,0.5544938407750989,0.029053842778220818,-0.016471484303249434,-0.012582358474971578
2025-08-30,Bundesliga,Werder Bremen,Leverkusen,D,0.2427043749797252,0.2239398666964957,0.533355758323779,A,0.35,0.4,0.2499999999999999,1.0900000000000003,3.56,3.83,1.91,3.7,3.8,1.91,0.2636172643307856,0.24503327963905916,0.49134945603015534,-0.020912889351060393,-0.02109341294256345,0.042006302293623676
2025-08-30,Serie A,Bologna,Como,H,0.5311095235366894,0.2425862538280881,0.2263042226352224,H,0.35,0.4,0.2499999999999999,1.0900000000000003,2.42,3.14,3.04,2.45,3.1,3.1,0.38959724421660985,0.30026284426885214,0.3101399115145381,0.14151227932007954,-0.057676590440764036,-0.08383568887931572
2025-08-30,Bundesliga,Hoffenheim,Ein Frankfurt,A,0.2559198954134846,0.2510965324833343,0.4929835721031809,A,0.35,0.4,0.2499999999999999,1.0900000000000003,2.84,3.76,2.24,2.88,3.75,2.25,0.33077793138117384,0.24984290561769512,0.4193791630011311,-0.07485803596768925,0.0012536268656391791,0.0736044091020498
2025-08-30,Premier League,Leeds,Newcastle,D,0.2013883014131067,0.2335463618564404,0.5650653367304528,A,0.35,0.4,0.2499999999999999,1.0900000000000003,3.37,3.49,2.12,3.5,3.4,2.1,0.28127506700374466,0.2716037179950199,0.4471212150012356,-0.07988676559063795,-0.03805735613857952,0.1179441217292172
2025-08-30,Ligue 1,Toulouse,Paris SG,A,0.1816983870925062,0.2115834694919983,0.6067181434154955,A,0.35,0.4,0.2499999999999999,1.0900000000000003,8.17,5.12,1.34,8.5,5.25,1.33,0.11503881688157078,0.18356779959422526,0.7013933835242039,0.06665957021093541,0.028015669897773043,-0.09467524010870842
2025-08-30,Ligue 1,Lorient,Lille,A,0.2630247995650461,0.2337500628520641,0.5032251375828896,A,0.35,0.4,0.2499999999999999,1.0900000000000003,3.3,3.48,2.11,3.4,3.5,2.1,0.284717213782193,0.26999046134518295,0.4452923248726241,-0.021692414217146905,-0.03624039849311886,0.05793281271026546
2025-08-30,Premier League,Man United,Burnley,H,0.5911933769750797,0.2350445203962909,0.1737621026286292,H,0.35,0.4,0.2499999999999999,1.0900000000000003,1.35,5.15,8.28,1.33,5.25,8.0,0.7016660496112551,0.183931877082562,0.1144020733061829,-0.11047267263617544,0.05111264331372889,0.0593600293224463
2025-08-30,Premier League,Wolves,Everton,A,0.3121114668523989,0.2781623312260412,0.4097262019215598,A,0.35,0.4,0.2499999999999999,1.0900000000000003,2.66,3.19,2.74,2.7,3.2,2.75,0.3565496198152922,0.2973109682472343,0.3461394119374735,-0.04443815296289333,-0.01914863702119307,0.06358678998408629
2025-08-30,La Liga,Girona,Sevilla,A,0.4178339032271978,0.2874542297274257,0.2947118670453763,H,0.35,0.4,0.2499999999999999,1.0900000000000003,2.42,3.29,2.94,2.4,3.3,3.0,0.3908247539314402,0.2874759588188709,0.3216992872496889,0.027009149295757595,-2.1729091445210624e-05,-0.026987420204312607
2025-08-30,La Liga,Oviedo,Sociedad,H,0.3603371646654436,0.2776279667632614,0.3620348685712948,A,0.35,0.4,0.2499999999999999,1.0900000000000003,3.47,3.1,2.23,3.5,3.1,2.25,0.27207858911134636,0.3045524852310877,0.4233689256575659,0.08825857555409722,-0.026924518467826286,-0.0613340570862711
2025-08-30,Bundesliga,RB Leipzig,Heidenheim,H,0.5914801456284999,0.2409249944146438,0.1675948599568562,H,0.35,0.4,0.2499999999999999,1.0900000000000003,1.42,4.83,6.48,1.44,5.0,6.25,0.660881022665366,0.19429628409623592,0.14482269323839808,-0.06940087703686604,0.04662871031840787,0.02277216671845811
2025-08-31,Premier League,Nott'm Forest,West Ham,A,0.5785845816219201,0.224526530477815,0.1968888879002648,H,0.35,0.4,0.2499999999999999,1.0900000000000003,1.69,3.74,5.03,1.67,3.75,5.25,0.5593292401920704,0.252745030995882,0.1879257288120475,0.019255341429849637,-0.028218500518067013,0.008963159088217293
2025-08-31,Ligue 1,Paris FC,Metz,H,0.5222318099352843,0.2475238594266776,0.230244330638038,H,0.35,0.4,0.2499999999999999,1.0900000000000003,1.82,3.6,4.23,1.8,3.7,4.33,0.5165781278622459,0.26115894241924653,0.22226292971850767,0.005653682073038402,-0.013635082992568937,0.00798140091953034
2025-08-31,Bundesliga,FC Koln,Freiburg,H,0.3201519766840793,0.2704757547399838,0.4093722685759365,A,0.35,0.4,0.2499999999999999,1.0900000000000003,2.5,3.26,2.74,2.55,3.3,2.8,0.37323461082047765,0.28622286105864847,0.34054252812087377,-0.053082634136398354,-0.01574710631866466,0.06882974045506274
2025-08-31,Serie A,Genoa,Juventus,A,0.2299511466095483,0.2397170021517528,0.5303318512386986,A,0.35,0.4,0.2499999999999999,1.0900000000000003,4.38,3.36,1.86,4.5,3.4,1.85,0.21466551255100777,0.2798318288611351,0.5055026585878569,0.015285634058540526,-0.04011482670938232,0.024829192650841714
2025-08-31,La Liga,Celta,Villarreal,D,0.2341717271332486,0.2510198644015984,0.5148084084651529,A,0.35,0.4,0.2499999999999999,1.0900000000000003,2.71,3.53,2.43,2.75,3.5,2.5,0.34686912392082336,0.2662932934349664,0.38683758264421036,-0.11269739678757476,-0.01527342903336798,0.1279708258209425
2025-08-31,La Liga,Espanol,Osasuna,H,0.3487729295315382,0.2874119791587564,0.3638150913097052,A,0.35,0.4,0.2499999999999999,1.0900000000000003,2.34,3.15,3.09,2.38,3.2,3.1,0.39997780983024517,0.2971263730167535,0.30289581715300123,-0.051204880298706956,-0.009714393857997106,0.06091927415670395
2025-08-31,Serie A,Inter,Udinese,A,0.7981347695458247,0.1347119498337824,0.0671532806203925,H,0.35,0.4,0.2499999999999999,1.0900000000000003,1.31,5.31,9.22,1.3,5.25,9.5,0.720052947016215,0.17764018090230543,0.10230687208147957,0.07808182252960971,-0.04292823106852303,-0.03515359146108707
2025-08-31,Premier League,Liverpool,Arsenal,H,0.4650039304342507,0.2484964098329381,0.286499659732811,H,0.35,0.4,0.2499999999999999,1.0900000000000003,2.2,3.49,3.17,2.2,3.5,3.2,0.430222474557948,0.2712004137614572,0.2985771116805948,0.034781455876302714,-0.022704003928519095,-0.012077451947783813
2025-08-31,Serie A,Torino,Fiorentina,D,0.2897545165510447,0.2506157151678651,0.45962976828109,A,0.35,0.4,0.2499999999999999,1.0900000000000003,3.13,3.15,2.36,3.2,3.1,2.4,0.3012118977484066,0.299299441254766,0.3994886609968275,-0.011457381197361893,-0.04868372608690086,0.060141107284262474
2025-08-31,Ligue 1,Angers,Rennes,D,0.3290164051755824,0.284427993084777,0.3865556017396403,A,0.35,0.4,0.2499999999999999,1.0900000000000003,3.34,3.37,2.11,3.4,3.5,2.1,0.2797957023518626,0.27730493942291423,0.44289935822522325,0.04922070282371982,0.007123053661862777,-0.05634375648558293
2025-08-31,Ligue 1,Monaco,Strasbourg,H,0.5172238330302175,0.2460245700029688,0.2367515969668135,H,0.35,0.4,0.2499999999999999,1.0900000000000003,1.53,4.34,5.5,1.55,4.33,5.5,0.6132274207968103,0.2161838603269861,0.17058871887620358,-0.09600358776659279,0.02984070967598268,0.06616287809060992
2025-08-31,La Liga,Betis,Ath Bilbao,A,0.4024955624719568,0.2528972824217567,0.3446071551062864,H,0.35,0.4,0.2499999999999999,1.0900000000000003,2.95,3.15,2.46,3.0,3.1,2.55,0.3189085746033706,0.2986604111364899,0.38243101426013953,0.0835869878685862,-0.0457631287147332,-0.03782385915385311
2025-08-31,Serie A,Lazio,Verona,H,0.609769019975378,0.2275535000816843,0.1626774799429376,H,0.35,0.4,0.2499999999999999,1.0900000000000003,1.45,4.41,6.9,1.48,4.33,7.0,0.6497965982254397,0.21365194272718535,0.136551459047375,-0.040027578250061646,0.013901557354498939,0.026126020895562596
2025-08-31,Bundesliga,Dortmund,Union Berlin,H,0.6805159491847698,0.1894420191796329,0.1300420316355972,H,0.35,0.4,0.2499999999999999,1.0900000000000003,1.38,5.06,7.02,1.4,5.25,6.5,0.6805922792173453,0.18561607615018508,0.13379164463246956,-7.63300325755667e-05,0.0038259430294478314,-0.0037496129968723757
2025-08-31,Premier League,Brighton,Man City,H,0.263897920562393,0.2371126566329875,0.4989894228046193,A,0.35,0.4,0.2499999999999999,1.0900000000000003,3.78,3.84,1.85,3.8,3.9,1.9,0.24828569631136374,0.24440623230649866,0.5073080713821376,0.015612224251029233,-0.00729357567351116,-0.00831864857751835
2025-08-31,La Liga,Vallecano,Barcelona,D,0.153704848834042,0.2002897985914045,0.6460053525745534,A,0.35,0.4,0.2499999999999999,1.0900000000000003,6.74,5.11,1.39,6.25,5.5,1.4,0.13951081160177475,0.1840123033651589,0.6764768850330662,0.014194037232267254,0.01627749522624561,-0.030471532458512862
2025-08-31,Bundesliga,Wolfsburg,Mainz,D,0.3740219910185845,0.2823472334698089,0.3436307755116063,H,0.35,0.4,0.2499999999999999,1.0900000000000003,2.04,3.62,3.34,2.0,3.6,3.5,0.4599150982152367,0.25917867413234336,0.28090622765242007,-0.08589310719665216,0.023168559337465533,0.06272454785918624
2025-08-31,Premier League,Aston Villa,Crystal Palace,A,0.460533384142327,0.2745845248068826,0.2648820910507902,H,0.35,0.4,0.2499999999999999,1.0900000000000003,1.88,3.56,4.07,1.85,3.7,4.0,0.5025109594362133,0.2653709561067643,0.23211808445702234,-0.04197757529388629,0.009213568700118302,0.03276400659376785
2025-08-31,Ligue 1,Le Havre,Nice,H,0.2109408363711646,0.2498876479723378,0.5391715156564973,A,0.35,0.4,0.2499999999999999,1.0900000000000003,3.44,3.51,2.05,3.6,3.5,2.05,0.27336552452520524,0.26791379041786495,0.4587206850569298,-0.06242468815404065,-0.018026142445527138,0.08045083059956754
2025-08-31,Ligue 1,Lyon,Marseille,H,0.4251818585522925,0.2615901150358861,0.3132280264118213,H,0.35,0.4,0.2499999999999999,1.0900000000000003,2.65,3.68,2.4,2.63,3.6,2.5,0.354073123797306,0.2549711353431687,0.39095574085952534,0.07110873475498652,0.006618979692717408,-0.07772771444770404
2025-09-12,Ligue 1,Marseille,Lorient,H,0.7082420209209889,0.1726665485730324,0.1190914305059786,H,0.35,0.4,0.2499999999999999,1.0900000000000003,1.36,5.22,7.55,1.38,5.0,7.5,0.6941220397969643,0.18084405634556927,0.12503390385746643,0.014119981124024572,-0.008177507772536868,-0.005942473351487829
2025-09-12,La Liga,Sevilla,Elche,D,0.4625966121453522,0.2939296209368231,0.2434737669178246,H,0.35,0.4,0.2499999999999999,1.0900000000000003,1.85,3.4,4.47,1.85,3.4,4.5,0.5107283878013946,0.2778963286566412,0.21137528354196425,-0.04813177565604243,0.01603329228018191,0.032098483375860354
2025-09-12,Bundesliga,Leverkusen,Ein Frankfurt,H,0.5555159112884802,0.2141930677935899,0.2302910209179298,H,0.35,0.4,0.2499999999999999,1.0900000000000003,2.1,3.8,3.11,2.1,3.8,3.2,0.44885867294618104,0.24805347715446846,0.30308784989935056,0.10665723834229918,-0.03386040936087856,-0.07279682898142076
2025-09-13,Bundesliga,Wolfsburg,FC Koln,D,0.4483047367338888,0.2792826351667782,0.2724126280993328,H,0.35,0.4,0.2499999999999999,1.0900000000000003,1.96,3.56,3.66,1.95,3.5,3.9,0.47936778902754884,0.2639215917117966,0.2567106192606545,-0.03106305229366002,0.015361043454981627,0.015702008838678283
2025-09-13,La Liga,Getafe,Oviedo,H,0.4207213822883521,0.2858892529217623,0.2933893647898853,H,0.35,0.4,0.2499999999999999,1.0900000000000003,1.96,3.06,4.45,1.95,3.1,4.5,0.48054459603481003,0.3077998066105319,0.2116555973546579,-0.05982321374645794,-0.021910553688769596,0.08173376743522742
2025-09-13,Bundesliga,Heidenheim,Dortmund,A,0.158001604130169,0.2188252227516135,0.6231731731182174,A,0.35,0.4,0.2499999999999999,1.0900000000000003,5.16,4.39,1.55,5.5,4.5,1.55,0.18167182398030696,0.2135368136078324,0.6047913624118606,-0.023670219850137952,0.00528840914378112,0.018381810706356805
2025-09-13,Ligue 1,Nice,Nantes,H,0.6222791960117537,0.2176735450855964,0.1600472589026497,H,0.35,0.4,0.2499999999999999,1.0900000000000003,1.66,3.84,4.95,1.67,3.7,5.25,0.565724387935499,0.24455793853461671,0.18971767352988447,0.05655480807625479,-0.026884393449020327,-0.02967041462723477
2025-09-13,Bundesliga,Mainz,RB Leipzig,A,0.4063288000805284,0.2363940801713173,0.357277119748154,H,0.35,0.4,0.2499999999999999,1.0900000000000003,2.56,3.58,2.53,2.55,3.6,2.63,0.36671120288270775,0.26222924005020437,0.3710595570670877,0.03961759719782065,-0.02583515987888707,-0.013782437318933694
2025-09-13,La Liga,Ath Bilbao,Alaves,A,0.6216176909510398,0.2403193807704861,0.138062928278474,H,0.35,0.4,0.2499999999999999,1.0900000000000003,1.57,3.83,6.25,1.6,3.9,5.75,0.6020028619498983,0.24677401912828725,0.15122311892181445,0.01961482900114153,-0.006454638357801162,-0.013160190643340453
2025-09-13,Ligue 1,Auxerre,Monaco,A,0.2438649053652452,0.2375113637661557,0.518623730868599,A,0.35,0.4,0.2499999999999999,1.0900000000000003,4.92,4.3,1.59,5.0,4.33,1.6,0.19089340458680248,0.21841756989931818,0.5906890255138794,0.052971500778442704,0.019093793866837516,-0.07206529464528033
2025-09-13,Bundesliga,Freiburg,Stuttgart,H,0.3542010331471926,0.2903862843943849,0.3554126824584223,A,0.35,0.4,0.2499999999999999,1.0900000000000003,2.84,3.59,2.29,2.9,3.6,2.35,0.3298957075155597,0.260975991460777,0.4091283010236635,0.0243053256316329,0.029410292933607918,-0.05371561856524121
2025-09-13,Premier League,Fulham,Leeds,H,0.5876101210081192,0.2291773109628751,0.1832125680290056,H,0.35,0.4,0.2499999999999999,1.0900000000000003,1.96,3.51,3.89,1.91,3.5,4.0,0.4849047691766787,0.2707730335003676,0.24432219732295377,0.10270535183144047,-0.04159572253749247,-0.06110962929394817
2025-09-13,Bundesliga,Union Berlin,Hoffenheim,A,0.4577060050457874,0.2653209947219817,0.2769730002322307,H,0.35,0.4,0.2499999999999999,1.0900000000000003,2.56,3.39,2.64,2.6,3.4,2.7,0.36699143785060534,0.27713807696092907,0.35587048518846576,0.09071456719518206,-0.011817082238947396,-0.07889748495623505
2025-09-13,Serie A,Cagliari,Parma,H,0.4374201256199477,0.2823072714669836,0.2802726029130685,H,0.35,0.4,0.2499999999999999,1.0900000000000003,2.17,3.21,3.49,2.15,3.2,3.6,0.4352009758409441,0.2942012827335977,0.27059774142545806,0.002219149779003615,-0.011894011266614102,0.009674861487610431
2025-09-13,Premier League,West Ham,Tottenham,A,0.418356365191609,0.273195568282414,0.3084480665259768,H,0.35,0.4,0.2499999999999999,1.0900000000000003,3.36,3.56,2.1,3.4,3.6,2.1,0.2821813570069753,0.26632847178186436,0.4514901712111604,0.13617500818463374,0.006867096500549619,-0.14304210468518364
2025-09-13,Serie A,Fiorentina,Napoli,A,0.3015287549822047,0.2503594856490312,0.448111759368764,A,0.35,0.4,0.2499999999999999,1.0900000000000003,3.43,3.14,2.22,3.5,3.1,2.25,0.2749215163514174,0.30031235703355474,0.4247661266150279,0.02660723863078729,-0.049952871384523534,0.023345632753736134
2025-09-13,Premier League,Brentford,Chelsea,D,0.2762191987291875,0.2625115796473906,0.4612692216234217,A,0.35,0.4,0.2499999999999999,1.0900000000000003,4.54,3.92,1.73,4.5,3.9,1.73,0.2090982529923595,0.2421699154554368,0.5487318315522036,0.06712094573682797,0.020341664191953768,-0.08746260992878191
2025-09-13,Premier League,Newcastle,Wolves,H,0.6180312569236889,0.2112802402615103,0.1706885028148006,H,0.35,0.4,0.2499999999999999,1.0900000000000003,1.43,4.62,7.45,1.42,4.75,7.0,0.6660139205210617,0.2061471658755667,0.12783891360337157,-0.0479826635973728,0.005133074385943598,0.042849589211429034
2025-09-13,Bundesliga,Bayern Munich,Hamburg,H,0.8714262077385682,0.0952052587475536,0.0333685335138779,H,0.35,0.4,0.2499999999999999,1.0900000000000003,1.06,11.91,26.44,1.06,12.0,26.0,0.8856677262415505,0.07882517126918923,0.035507102489260346,-0.014241518502982387,0.016380087478364377,-0.002138568975382449
2025-09-13,Premier League,Everton,Aston Villa,D,0.3853856520880503,0.2619890412070858,0.3526253067048636,H,0.35,0.4,0.2499999999999999,1.0900000000000003,2.44,3.27,2.95,2.45,3.3,2.9,0.3886066719573949,0.2899695044575057,0.3214238235850995,-0.003221019869344588,-0.027980463250419862,0.031201483119764062
2025-09-13,Premier League,Arsenal,Nott'm Forest,H,0.686104582079224,0.1826264503510606,0.1312689675697152,H,0.35,0.4,0.2499999999999999,1.0900000000000003,1.38,4.85,8.16,1.38,5.0,8.0,0.6879217379514617,0.19573855636557055,0.11633970568296777,-0.0018171558722377412,-0.013112106014509961,0.014929261886747439
2025-09-13,Premier League,Crystal Palace,Sunderland,D,0.7288244557558639,0.1786258061990451,0.0925497380450907,H,0.35,0.4,0.2499999999999999,1.0900000000000003,1.66,3.76,5.42,1.65,3.75,5.75,0.5721601437475434,0.2526026166545005,0.17523723959795606,0.15666431200832043,-0.0739768104554554,-0.08268750155286536
2025-09-13,La Liga,Sociedad,Real Madrid,A,0.1551920341593011,0.213315832774365,0.6314921330663338,A,0.35,0.4,0.2499999999999999,1.0900000000000003,5.25,4.17,1.59,5.0,4.33,1.6,0.17982766617033222,0.22640173798423124,0.5937705958454366,-0.02463563201103111,-0.013085905209866244,0.03772153722089722
2025-09-13,Premier League,Bournemouth,Brighton,H,0.3904687304951155,0.2720882434512491,0.3374430260536352,H,0.35,0.4,0.2499999999999999,1.0900000000000003,2.38,3.5,2.87,2.35,3.5,2.9,0.3985225505443235,0.27099533437013995,0.33048211508553654,-0.008053820049208016,0.0010929090811091502,0.006960910968098644
2025-09-13,La Liga,Ath Madrid,Villarreal,H,0.4544757216639217,0.242185096179301,0.3033391821567772,H,0.35,0.4,0.2499999999999999,1.0900000000000003,1.81,3.7,4.28,1.8,3.7,4.33,0.5229889233086085,0.2558405273482651,0.22117054934312644,-0.06851320164468677,-0.013655431168964116,0.08216863281365075
2025-09-13,Serie A,Juventus,Inter,H,0.3324881808788538,0.2653066495748921,0.4022051695462539,A,0.35,0.4,0.2499999999999999,1.0900000000000003,2.72,3.03,2.77,2.75,3.0,2.75,0.347265723589211,0.311736887182394,0.34099738922839495,-0.014777542710357194,-0.04643023760750192,0.06120778031785895
2025-09-14,Ligue 1,Paris SG,Lens,H,0.7045762667365889,0.1818611223998866,0.1135626108635244,H,0.35,0.4,0.2499999999999999,1.0900000000000003,1.31,5.75,8.06,1.33,5.75,7.5,0.7192396808621254,0.16386156207467553,0.11689875706319905,-0.014663414125536511,0.017999560325211078,-0.00333614619967465
2025-09-14,Premier League,Burnley,Liverpool,A,0.1030130714808773,0.167869580676731,0.7291173478423915,A,0.35,0.4,0.2499999999999999,1.0900000000000003,8.6,5.43,1.33,8.0,5.5,1.33,0.11049773631037718,0.17500562288568025,0.7144966408039426,-0.007484664829499887,-0.007136042208949256,0.014620707038448866
2025-09-14,La Liga,Barcelona,Valencia,H,0.7419309213972105,0.1660487239092833,0.092020354693506,H,0.35,0.4,0.2499999999999999,1.0900000000000003,1.2,7.01,11.38,1.22,7.0,11.0,0.783310978399832,0.13409032440510676,0.08259869719506135,-0.041380057002621484,0.03195839950417653,0.009421657498444647
2025-09-14,La Liga,Celta,Girona,D,0.548372352952533,0.2433363801428889,0.208291266904578,H,0.35,0.4,0.2499999999999999,1.0900000000000003,1.69,3.97,4.61,1.73,3.9,4.75,0.5579463384742958,0.2375136806099647,0.20453998091573963,-0.009573985521762807,0.0058226995329241915,0.0037512859888383654
2025-09-14,La Liga,Levante,Betis,D,0.2751486450291918,0.2537689747162991,0.4710823802545089,A,0.35,0.4,0.2499999999999999,1.0900000000000003,3.18,3.26,2.25,3.25,3.25,2.3,0.2950902771072705,0.287848797914454,0.41706092497827557,-0.019941632078078697,-0.03407982319815489,0.05402145527623331
2025-09-14,Serie A,Sassuolo,Lazio,H,0.1945150194698691,0.2276467664830438,0.5778382140470869,A,0.35,0.4,0.2499999999999999,1.0900000000000003,3.49,3.49,2.04,3.5,3.6,2.05,0.26948480845442535,0.26948480845442535,0.46103038309114924,-0.07496978898455625,-0.04183804197138155,0.11680783095593766
2025-09-14,Ligue 1,Rennes,Lyon,H,0.2751291526389132,0.270651434677613,0.4542194126834736,A,0.35,0.4,0.2499999999999999,1.0900000000000003,2.66,3.48,2.49,2.63,3.6,2.55,0.3530274511721137,0.2698428218729375,0.37712972695494873,-0.07789829853320052,0.0008086128046754792,0.07708968572852487
2025-09-14,Serie A,Milan,Bologna,H,0.4900143650711225,0.2493964039074394,0.2605892310214378,H,0.35,0.4,0.2499999999999999,1.0900000000000003,1.89,3.48,4.04,1.91,3.4,4.2,0.4972835314091681,0.2700764006791171,0.23264006791171474,-0.007269166338045585,-0.0206799967716777,0.027949163109723035
2025-09-14,Premier League,Man City,Man United,H,0.6998859667784716,0.1800565903387394,0.1200574428827889,H,0.35,0.4,0.2499999999999999,1.0900000000000003,1.76,3.99,4.19,1.75,4.0,4.2,0.537302064284314,0.23700542183969736,0.22569251387598865,0.16258390249415755,-0.056948831500957975,-0.10563507099319976
2025-09-14,Bundesliga,M'gladbach,Werder Bremen,A,0.3616063222284498,0.2467175639807855,0.3916761137907645,A,0.35,0.4,0.2499999999999999,1.0900000000000003,1.92,3.92,3.46,1.95,3.9,3.4,0.48906709744418164,0.23954306813592569,0.2713898344198927,-0.12746077521573185,0.007174495844859824,0.12028627937087183
2025-09-14,Ligue 1,Metz,Angers,D,0.3763776879763023,0.2787592628116694,0.3448630492120281,H,0.35,0.4,0.2499999999999999,1.0900000000000003,2.27,3.31,3.1,2.25,3.4,3.2,0.41355489547270036,0.28361619719729,0.3028289073300096,-0.03717720749639808,-0.0048569343856205704,0.04203414188201848
2025-09-14,Bundesliga,St Pauli,Augsburg,H,0.4100213959522065,0.2583542854819154,0.3316243185658779,H,0.35,0.4,0.2499999999999999,1.0900000000000003,2.19,3.31,3.25,2.2,3.4,3.3,0.42817795007940646,0.283295985097855,0.28852606482273846,-0.018156554127199964,-0.02494169961593956,0.043098253743139414
2025-09-14,Ligue 1,Brest,Paris FC,A,0.5052296497184042,0.2538931603084138,0.2408771899731819,H,0.35,0.4,0.2499999999999999,1.0900000000000003,2.21,3.51,3.06,2.25,3.5,3.1,0.42519685039370075,0.26771653543307083,0.30708661417322836,0.08003279932470347,-0.013823375124657034,-0.06620942420004647
2025-09-14,Serie A,Pisa,Udinese,A,0.4146101596308567,0.2569491439080461,0.3284406964610972,H,0.35,0.4,0.2499999999999999,1.0900000000000003,2.78,3.08,2.64,2.75,3.1,2.75,0.33833760527279394,0.30538264372024904,0.3562797510069572,0.07627255435806274,-0.04843349981220296,-0.027839054545859998
2025-09-14,Serie A,Atalanta,Lecce,H,0.6862259485663795,0.2037600551299282,0.1100139963036921,H,0.35,0.4,0.2499999999999999,1.0900000000000003,1.4,4.56,7.85,1.4,4.5,8.5,0.6732367876622155,0.20669550498401354,0.12006770735377091,0.012989160904164021,-0.002935449854085337,-0.010053711050078809
2025-09-14,Ligue 1,Lille,Toulouse,H,0.639973476107031,0.2079578884686796,0.1520686354242891,H,0.35,0.4,0.2499999999999999,1.0900000000000003,1.76,3.81,4.25,1.75,3.8,4.5,0.5330320197774054,0.24623001438536313,0.2207379658372314,0.1069414563296256,-0.038272125916683525,-0.06866933041294229
2025-09-14,Serie A,Roma,Torino,A,0.6863982541308102,0.1954570601875624,0.1181446856816273,H,0.35,0.4,0.2499999999999999,1.0900000000000003,1.51,4.08,6.65,1.5,4.1,7.0,0.6261091098737028,0.23172175389933608,0.14216913622696106,0.06028914425710741,-0.03626469371177368,-0.024024450545333767
2025-09-14,Ligue 1,Strasbourg,Le Havre,H,0.6093975106599256,0.2223656781082359,0.1682368112318382,H,0.35,0.4,0.2499999999999999,1.0900000000000003,1.6,4.07,5.22,1.62,4.0,5.5,0.5883620331548017,0.2312971137709294,0.18034085307426875,0.021035477505123912,-0.008931435662693499,-0.012104041842430552
2025-09-14,La Liga,Osasuna,Vallecano,H,0.4293320725445511,0.2858727281409398,0.2847951993145089,H,0.35,0.4,0.2499999999999999,1.0900000000000003,2.48,3.15,2.91,2.55,3.2,2.9,0.37885457092906477,0.29827280504891446,0.3228726240220208,0.05047750161548631,-0.012400076907974678,-0.03807742470751191
2025-09-15,Serie A,Como,Genoa,D,0.4531678818613778,0.2807816116008771,0.266050506537745,H,0.35,0.4,0.2499999999999999,1.0900000000000003,1.64,3.68,5.5,1.62,3.75,6.0,0.5734490808948526,0.25555882952922776,0.17099208957591966,-0.12028119903347478,0.025222782071649352,0.09505841696182532
2025-09-15,La Liga,Espanol,Mallorca,H,0.4525327310505642,0.2809032480868435,0.2665640208625921,H,0.35,0.4,0.2499999999999999,1.0900000000000003,2.14,3.22,3.46,2.1,3.4,3.5,0.438002233020396,0.2910946517588967,0.27090311522070737,0.014530498030168204,-0.010191403672053179,-0.0043390943581152475
2025-09-15,Serie A,Verona,Cremonese,D,0.4049614564053777,0.2835019639431234,0.3115365796514988,H,0.35,0.4,0.2499999999999999,1.0900000000000003,2.34,3.13,3.16,2.38,3.1,3.2,0.40191146472486133,0.3004705519029314,0.29761798337220735,0.0030499916805163396,-0.016968587959808046,0.013918596279291429
2025-09-19,La Liga,Betis,Sociedad,H,0.5493907197321698,0.2375218952840952,0.2130873849837349,H,0.35,0.4,0.2499999999999999,1.0900000000000003,1.93,3.6,3.8,1.91,3.6,3.75,0.48923539088763324,0.2622845290036478,0.24848008010871894,0.06015532884453656,-0.02476263371955259,-0.03539269512498405
2025-09-19,Bundesliga,Stuttgart,St Pauli,H,0.5579206623781032,0.2392823798100697,0.202796957811827,H,0.35,0.4,0.2499999999999999,1.0900000000000003,1.75,3.89,4.33,1.75,4.1,4.2,0.5393660318873345,0.24264538709584454,0.2179885810168211,0.018554630490768775,-0.0033630072857748494,-0.015191623204994092
2025-09-19,Ligue 1,Lyon,Angers,H,0.6704723334221472,0.2097442938627088,0.1197833727151437,H,0.35,0.4,0.2499999999999999,1.0900000000000003,1.43,4.56,7.02,1.44,4.33,7.0,0.6590653605267384,0.2066805845511482,0.13425405492211337,0.011406972895408818,0.0030637093115605807,-0.014470682206969676
2025-09-19,Serie A,Lecce,Cagliari,A,0.371475766506862,0.3063265931559324,0.3221976403372053,H,0.35,0.4,0.2499999999999999,1.0900000000000003,2.8,2.9,2.78,2.88,2.9,2.75,0.3363932237336226,0.3247934573979805,0.3388133188683969,0.035082542773239356,-0.018466864242048076,-0.016615678531191558
2025-09-20,Ligue 1,Brest,Nice,H,0.3045497374422796,0.2640470624125578,0.4314032001451624,A,0.35,0.4,0.2499999999999999,1.0900000000000003,2.63,3.51,2.5,2.63,3.5,2.6,0.35697867891445934,0.26747975086752934,0.3755415702180112,-0.052428941472179746,-0.003432688454971522,0.05586162992715121
2025-09-20,La Liga,Alaves,Sevilla,A,0.4683918778801192,0.2679948496619677,0.2636132724579129,H,0.35,0.4,0.2499999999999999,1.0900000000000003,2.3,3.11,3.29,2.25,3.1,3.5,0.4100649649926459,0.303263478933468,0.28667155607388617,0.058326912887473326,-0.03526862927150032,-0.023058283615973285
2025-09-20,La Liga,Valencia,Ath Bilbao,H,0.2807459454115512,0.2602169847906267,0.459037069797822,A,0.35,0.4,0.2499999999999999,1.0900000000000003,3.02,3.07,2.48,3.0,3.0,2.55,0.31235794638681247,0.3072706834163432,0.38037137019684425,-0.03161200097526129,-0.04705369862571651,0.07866569960097775
2025-09-20,La Liga,Villarreal,Osasuna,H,0.619595885812574,0.2188157481459221,0.1615883660415037,H,0.35,0.4,0.2499999999999999,1.0900000000000003,1.55,4.2,5.76,1.55,4.33,5.5,0.6104466313398941,0.22528387585162754,0.1642694928084784,0.00914925447267989,-0.006468127705705429,-0.002681126766974712
2025-09-20,Premier League,Man United,Chelsea,H,0.2608868887429275,0.2602824661230339,0.4788306451340384,A,0.35,0.4,0.2499999999999999,1.0900000000000003,2.68,3.69,2.44,2.6,3.8,2.45,0.35402642340358603,0.2571248820383769,0.38884869455803717,-0.09313953466065855,0.0031575840846569947,0.08998195057600122
2025-09-20,Premier League,Liverpool,Everton,H,0.6846064104436367,0.1971907463652272,0.1182028431911358,H,0.35,0.4,0.2499999999999999,1.0900000000000003,1.45,4.65,6.7,1.45,4.75,6.5,0.6543449724337096,0.20404305592018898,0.14161197164610131,0.03026143800992709,-0.006852309554961772,-0.02340912845496551
2025-09-20,La Liga,Real Madrid,Espanol,H,0.7531791631356677,0.1664746344093683,0.0803462024549638,H,0.35,0.4,0.2499999999999999,1.0900000000000003,1.2,6.67,13.36,1.2,7.0,13.0,0.7875687599869903,0.1416915310321422,0.0707397089808674,-0.03438959685132259,0.024783103377226112,0.009606493474096395
2025-09-20,Ligue 1,Nantes,Rennes,D,0.3854451160783878,0.2590435605490432,0.3555113233725689,H,0.35,0.4,0.2499999999999999,1.0900000000000003,3.39,3.35,2.11,3.5,3.4,2.1,0.27635185062104395,0.2796515742105489,0.4439965751684071,0.10909326545734382,-0.02060801366150572,-0.08848525179583822
2025-09-20,Bundesliga,Augsburg,Mainz,A,0.3645124285481118,0.2780686872295795,0.3574188842223084,H,0.35,0.4,0.2499999999999999,1.0900000000000003,2.66,3.34,2.55,2.7,3.4,2.6,0.3521691669009775,0.28047005507682643,0.3673607780221962,0.012343261647134285,-0.002401367847246927,-0.009941893799887802
2025-09-20,Premier League,West Ham,Crystal Palace,A,0.2688180521632251,0.2825948022152799,0.4485871456214949,A,0.35,0.4,0.2499999999999999,1.0900000000000003,2.98,3.36,2.37,2.88,3.5,2.38,0.3180369509477367,0.28206848625721886,0.39989456279504443,-0.04921889878451163,0.0005263159580610188,0.04869258282645045
2025-09-20,Serie A,Verona,Juventus,D,0.1621238734637681,0.22625268435596,0.6116234421802718,A,0.35,0.4,0.2499999999999999,1.0900000000000003,6.5,3.85,1.55,6.5,3.9,1.55,0.14530955134838988,0.24532781396481404,0.6093626346867962,0.016814322115378227,-0.019075129608854047,0.0022608074934755695
2025-09-20,Bundesliga,Werder Bremen,Freiburg,A,0.4964965189985187,0.238162337041342,0.2653411439601391,H,0.35,0.4,0.2499999999999999,1.0900000000000003,2.37,3.59,2.72,2.38,3.6,2.8,0.39502417120087374,0.26078197374542367,0.34419385505370254,0.10147234779764497,-0.02261963670408168,-0.07885271109356345
2025-09-20,Bundesliga,Hamburg,Heidenheim,H,0.3720995203917814,0.286724079324859,0.3411764002833595,H,0.35,0.4,0.2499999999999999,1.0900000000000003,2.02,3.51,3.45,2.05,3.6,3.5,0.46274748076901034,0.26631051599811995,0.2709420032328698,-0.09064796037722894,0.020413563326739048,0.07023439705048967
2025-09-20,Premier League,Fulham,Brentford,H,0.4032768728751278,0.2657913151448947,0.3309318119799774,H,0.35,0.4,0.2499999999999999,1.0900000000000003,2.02,3.48,3.69,2.0,3.4,3.8,0.46995015480555985,0.2727871588239169,0.2572626863705233,-0.06667328193043204,-0.006995843679022229,0.0736691256094541
2025-09-20,Serie A,Bologna,Genoa,H,0.5466472734752059,0.2463261529781012,0.2070265735466926,H,0.35,0.4,0.2499999999999999,1.0900000000000003,1.82,3.3,4.78,1.83,3.2,5.25,0.5175264767254163,0.28542369322432054,0.1970498300502631,0.029120796749789624,-0.03909754024621934,0.009976743496429491
2025-09-20,Premier League,Burnley,Nott'm Forest,D,0.2664326206616509,0.2475685317586214,0.4859988475797274,A,0.35,0.4,0.2499999999999999,1.0900000000000003,3.36,3.37,2.18,3.4,3.3,2.2,0.28262023651065993,0.28178160079401104,0.435598162695329,-0.01618761584900902,-0.03421306903538965,0.05040068488439836
2025-09-20,Premier League,Brighton,Tottenham,D,0.5305368480223409,0.251293158395748,0.2181699935819109,H,0.35,0.4,0.2499999999999999,1.0900000000000003,2.25,3.61,3.0,2.25,3.7,3.0,0.4213597899037059,0.26262036766851476,0.3160198424277794,0.10917705811863504,-0.011327209272766758,-0.09784984884586853
2025-09-20,La Liga,Girona,Levante,A,0.4175714223333737,0.2762142968790172,0.3062142807876089,H,0.35,0.4,0.2499999999999999,1.0900000000000003,1.93,3.51,3.95,1.91,3.6,4.0,0.4905651698552489,0.2697409623420599,0.23969386780269117,-0.07299374752187521,0.006473334536957309,0.0665204129849177
2025-09-20,Bundesliga,Hoffenheim,Bayern Munich,A,0.0997412059455657,0.1549819815143661,0.745276812540068,A,0.35,0.4,0.2499999999999999,1.0900000000000003,7.48,5.7,1.32,7.0,6.0,1.33,0.12532981530343007,0.1644678979771328,0.7102022867194371,-0.025588609357864375,-0.009485916462766697,0.035074525820630864
2025-09-20,Premier League,Wolves,Leeds,A,0.495126659600104,0.2699673607960908,0.234905979603805,H,0.35,0.4,0.2499999999999999,1.0900000000000003,2.67,3.16,2.74,2.7,3.2,2.75,0.35468674471763195,0.29968785075825227,0.3456254045241158,0.14043991488247204,-0.029720489962161478,-0.11071942492031078
2025-09-20,Serie A,Udinese,Milan,A,0.2629653007632551,0.2678372693494418,0.4691974298873029,A,0.35,0.4,0.2499999999999999,1.0900000000000003,4.31,3.57,1.82,4.33,3.6,1.83,0.21855941981209825,0.2638630530504603,0.5175775271374414,0.04440588095115683,0.003974216298981481,-0.04838009725013853
2025-09-20,Ligue 1,Lens,Lille,H,0.3425042087716661,0.2523202360081097,0.4051755552202239,A,0.35,0.4,0.2499999999999999,1.0900000000000003,2.4,3.43,2.8,2.38,3.5,2.9,0.3911060433295325,0.2736602052451539,0.3352337514253136,-0.04860183455786643,-0.021339969237044176,0.06994180379491033
2025-09-20,Bundesliga,RB Leipzig,FC Koln,H,0.5737814088545681,0.2374094048456189,0.1888091862998129,H,0.35,0.4,0.2499999999999999,1.0900000000000003,1.65,4.15,4.61,1.65,4.33,4.5,0.5696357058849801,0.22648166619523305,0.2038826279197868,0.004145702969587939,0.010927738650385849,-0.015073441619973926
2025-09-21,Serie A,Torino,Atalanta,A,0.2391018958076691,0.2429254609351072,0.5179726432572236,A,0.35,0.4,0.2499999999999999,1.0900000000000003,3.39,3.28,2.14,3.25,3.4,2.2,0.2764226361595715,0.2856929074941913,0.4378844563462371,-0.037320740351902415,-0.0427674465590841,0.08008818691098646
2025-09-21,Ligue 1,Auxerre,Toulouse,H,0.3702316903904105,0.2693479385374034,0.360420371072186,H,0.35,0.4,0.2499999999999999,1.0900000000000003,2.63,3.26,2.63,2.75,3.2,2.7,0.3562841530054645,0.28743169398907104,0.3562841530054645,0.013947537384945974,-0.018083755451667627,0.0041362180667214865
2025-09-21,Bundesliga,Leverkusen,M'gladbach,D,0.7542800228401981,0.1567619860674421,0.0889579910923596,H,0.35,0.4,0.2499999999999999,1.0900000000000003,1.55,4.52,5.01,1.57,5.0,4.5,0.605216387335067,0.2075410177808305,0.18724259488410255,0.14906363550513113,-0.050779031713388406,-0.09828460379174295
2025-09-21,Bundesliga,Ein Frankfurt,Union Berlin,A,0.6701164082258254,0.1952607570911647,0.1346228346830096,H,0.35,0.4,0.2499999999999999,1.0900000000000003,1.55,4.27,5.27,1.57,4.33,5.5,0.6034583090863745,0.21905395294704463,0.17748773796658077,0.06665809913945087,-0.02379319585587994,-0.042864903283571176
2025-09-21,Serie A,Inter,Sassuolo,H,0.8143429342179258,0.1225608449203998,0.0630962208616742,H,0.35,0.4,0.2499999999999999,1.0900000000000003,1.27,5.65,10.36,1.29,5.5,12.0,0.7421890354230619,0.16682833185615728,0.09098263272078076,0.07215389879486389,-0.04426748693575748,-0.027886411859106564
2025-09-21,Ligue 1,Le Havre,Lorient,D,0.4998770460981524,0.2435609782212885,0.2565619756805589,H,0.35,0.4,0.2499999999999999,1.0900000000000003,2.26,3.38,3.05,2.25,3.5,3.1,0.4150027374319668,0.27748703745451037,0.307510225113523,0.08487430866618562,-0.03392605923322187,-0.05094824943296411
2025-09-21,Serie A,Fiorentina,Como,A,0.5304317776692342,0.2538743483706586,0.215693873960107,H,0.35,0.4,0.2499999999999999,1.0900000000000003,2.59,3.2,2.73,2.6,3.2,2.8,0.36256936172685283,0.2934545771476715,0.34397606112547574,0.16786241594238138,-0.039580228777012894,-0.12828218716536874
2025-09-21,Serie A,Lazio,Roma,A,0.3672703169072728,0.2615781566772839,0.3711515264154429,A,0.35,0.4,0.2499999999999999,1.0900000000000003,2.81,3.13,2.58,2.8,3.1,2.63,0.3347940548496093,0.3005659086669016,0.36464003648348914,0.03247626205766352,-0.03898775198961768,0.006511489931953773
2025-09-21,Premier League,Sunderland,Aston Villa,D,0.2118187382031255,0.2394255383288959,0.5487557234679785,A,0.35,0.4,0.2499999999999999,1.0900000000000003,3.56,3.34,2.1,3.4,3.5,2.1,0.2658792133553699,0.28339221543266974,0.45072857121196036,-0.05406047515224441,-0.04396667710377383,0.09802715225601816
2025-09-21,La Liga,Barcelona,Getafe,H,0.8009977923269719,0.1399384311374593,0.0590637765355687,H,0.35,0.4,0.2499999999999999,1.0900000000000003,1.22,6.27,11.89,1.22,6.5,12.0,0.7709003107372383,0.1499997414831628,0.07909994777959889,0.030097481589733577,-0.010061310345703511,-0.02003617124403019
2025-09-21,Premier League,Arsenal,Man City,D,0.4803830457378626,0.2317328624807184,0.2878840917814188,H,0.35,0.4,0.2499999999999999,1.0900000000000003,1.9,3.7,3.85,1.85,3.9,3.8,0.49825113676110533,0.2558586918502973,0.24589017138859742,-0.017868091023242716,-0.02412582936957891,0.041993920392821404
2025-09-21,La Liga,Vallecano,Celta,D,0.4204649975451082,0.2777907822760827,0.3017442201788088,H,0.35,0.4,0.2499999999999999,1.0900000000000003,2.31,3.23,3.09,2.3,3.3,3.2,0.40605128580669564,0.2903958112115997,0.30355290298170456,0.014413711738412549,-0.01260502893551696,-0.0018086828028957558
2025-09-21,La Liga,Mallorca,Ath Madrid,D,0.1929424716788905,0.2365679371650904,0.5704895911560189,A,0.35,0.4,0.2499999999999999,1.0900000000000003,5.05,3.51,1.72,5.0,3.6,1.75,0.18605367857572105,0.26768406746649326,0.5462622539577857,0.006888793103169449,-0.031116130301402867,0.024227337198233223
2025-09-21,La Liga,Elche,Oviedo,H,0.4236459323346317,0.2652773252671961,0.3110767423981719,H,0.35,0.4,0.2499999999999999,1.0900000000000003,1.93,3.14,4.3,1.91,3.2,4.5,0.48461659942859614,0.2978694385022899,0.21751396206911405,-0.060970667093964426,-0.03259211323509381,0.09356278032905785
2025-09-21,Serie A,Cremonese,Parma,D,0.509898283266755,0.2780643442015222,0.2120373725317226,H,0.35,0.4,0.2499999999999999,1.0900000000000003,2.52,3.13,2.87,2.55,3.2,2.88,0.3726947985943717,0.30006098800569225,0.3272442133999361,0.1372034846723833,-0.021996643804170046,-0.11520684086821348
2025-09-21,Ligue 1,Paris FC,Strasbourg,A,0.3215229223325345,0.2708954198596034,0.4075816578078619,A,0.35,0.4,0.2499999999999999,1.0900000000000003,2.37,3.46,2.82,2.35,3.5,2.9,0.39597740333106063,0.2712330768481543,0.33278951982078503,-0.07445448099852614,-0.0003376569885508718,0.07479213798707685
2025-09-21,Ligue 1,Monaco,Metz,H,0.736403577863774,0.1730192394543534,0.0905771826818725,H,0.35,0.4,0.2499999999999999,1.0900000000000003,1.26,6.09,9.73,1.27,6.0,10.0,0.7482829032856877,0.1548171524039354,0.09689994431037684,-0.011879325421913722,0.01820208705041801,-0.006322761628504342
2025-09-21,Bundesliga,Dortmund,Wolfsburg,H,0.680906990106946,0.189306545647083,0.129786464245971,H,0.35,0.4,0.2499999999999999,1.0900000000000003,1.47,4.72,5.78,1.5,5.0,5.5,0.6386650622942838,0.19890627999419433,0.16242865771152198,0.04224192781266223,-0.009599734347111338,-0.03264219346555097
2025-09-21,Premier League,Bournemouth,Newcastle,D,0.3715507809087702,0.2721488466512243,0.3563003724400053,H,0.35,0.4,0.2499999999999999,1.0900000000000003,2.44,3.45,2.78,2.5,3.5,2.7,0.3868555432757077,0.27360218133122516,0.33954227539306725,-0.015304762366937508,-0.0014533346800008617,0.016758097046938036
2025-09-22,Serie A,Napoli,Pisa,H,0.7221479289059622,0.1862010912065257,0.0916509798875119,H,0.35,0.4,0.2499999999999999,1.0900000000000003,1.24,5.73,12.86,1.27,5.75,12.0,0.7617144617394774,0.16483873168533192,0.07344680657519066,-0.03956653283351519,0.02136235952119378,0.018204173312321242
2025-09-22,Ligue 1,Marseille,Paris SG,H,0.2698963380479172,0.2197322638986345,0.510371398053448,A,0.35,0.4,0.2499999999999999,1.0900000000000003,3.55,3.89,1.89,3.7,4.1,1.9,0.2637893732217243,0.24073323263165067,0.495477394146625,0.006106964826192884,-0.021000968733016157,0.014894003906822995
2025-09-23,La Liga,Ath Bilbao,Girona,D,0.6790021823302855,0.1907623312379593,0.1302354864317549,H,0.35,0.4,0.2499999999999999,1.0900000000000003,1.44,4.39,7.23,1.45,4.33,7.0,0.6547980813863531,0.2147857032337924,0.13041621537985454,0.02420410094393244,-0.024023371995833098,-0.00018072894809964546
2025-09-23,La Liga,Levante,Real Madrid,A,0.1368503506954343,0.2037817144537699,0.6593679348507956,A,0.35,0.4,0.2499999999999999,1.0900000000000003,8.29,5.69,1.31,7.5,5.75,1.33,0.11382797909104378,0.16584076391296182,0.7203312569959944,0.023022371604390524,0.037940950540808094,-0.06096332214519884
2025-09-23,La Liga,Espanol,Valencia,D,0.415502273522645,0.2753049105622676,0.3091928159150871,H,0.35,0.4,0.2499999999999999,1.0900000000000003,2.26,3.18,3.3,2.25,3.1,3.4,0.41744236001718465,0.29667287221347083,0.2858847677693446,-0.001940086494539639,-0.02136796165120325,0.0233080481457425
2025-09-23,La Liga,Sevilla,Villarreal,A,0.2345378966419556,0.2384550101616799,0.5270070931963643,A,0.35,0.4,0.2499999999999999,1.0900000000000003,3.07,3.29,2.32,3.1,3.4,2.3,0.3070869626440828,0.2865522721329283,0.40636076522298886,-0.07254906600212721,-0.04809726197124839,0.12064632797337543
2025-09-24,La Liga,Getafe,Alaves,D,0.4155603380330029,0.2870598903668323,0.2973797716001647,H,0.35,0.4,0.2499999999999999,1.0900000000000003,2.3,2.87,3.6,2.3,2.9,3.6,0.4097886011184707,0.3284020148336176,0.2618093840479118,0.0057717369145321995,-0.04134212446678526,0.03557038755225289
2025-09-24,La Liga,Ath Madrid,Vallecano,H,0.6318355494445151,0.2118446575592226,0.1563197929962622,H,0.35,0.4,0.2499999999999999,1.0900000000000003,1.5,4.25,6.31,1.5,4.5,6.0,0.6286702221180333,0.22188360780636468,0.1494461700756022,0.0031653273264818926,-0.010038950247142076,0.006873622920659989
2025-09-24,La Liga,Sociedad,Mallorca,H,0.473153111151628,0.2639167627112522,0.2629301261371196,H,0.35,0.4,0.2499999999999999,1.0900000000000003,1.79,3.49,4.69,1.8,3.4,4.75,0.5278278507463648,0.2707197286063018,0.2014524206473333,-0.05467473959473684,-0.006802965895049584,0.06147770548978629
2025-09-25,La Liga,Oviedo,Barcelona,A,0.1034704469710784,0.1623668528518404,0.734162700177081,A,0.35,0.4,0.2499999999999999,1.0900000000000003,9.68,6.19,1.25,10.0,5.75,1.25,0.09701379319856514,0.15171139227174646,0.7512748145296885,0.006456653772513268,0.01065546058009395,-0.01711211435260751
2025-09-25,La Liga,Osasuna,Elche,D,0.5290488477180072,0.2626890430917946,0.208262109190198,H,0.35,0.4,0.2499999999999999,1.0900000000000003,1.97,3.12,4.21,1.95,3.25,4.33,0.4763393326636519,0.3007655401754469,0.2228951271609013,0.05270951505435528,-0.038076497083652294,-0.014633017970703294
2025-09-26,Bundesliga,Bayern Munich,Werder Bremen,H,0.805028174527503,0.1179349618570536,0.0770368636154433,H,0.35,0.4,0.2499999999999999,1.0900000000000003,1.09,10.97,20.23,1.09,11.0,21.0,0.8671204867247473,0.08615873569097307,0.04672077758427951,-0.062092312197244315,0.03177622616608053,0.030316086031163793
2025-09-26,La Liga,Girona,Espanol,D,0.3418480352962972,0.3028394020272192,0.3553125626764833,A,0.35,0.4,0.2499999999999999,1.0900000000000003,2.44,3.31,2.87,2.45,3.3,2.88,0.38649817526414937,0.28491104158444847,0.3285907831514022,-0.044650139967852165,0.01792836044277074,0.02672177952508109
2025-09-26,Ligue 1,Strasbourg,Marseille,A,0.3579729891926888,0.2780988148279767,0.3639281959793343,A,0.35,0.4,0.2499999999999999,1.0900000000000003,3.51,3.6,2.0,3.6,3.6,2.0,0.2680965147453083,0.2613941018766756,0.47050938337801607,0.08987647444738045,0.016704712951301104,-0.10658118739868178
2025-09-27,La Liga,Villarreal,Ath Bilbao,H,0.5349736019491536,0.2375170924104523,0.2275093056403941,H,0.35,0.4,0.2499999999999999,1.0900000000000003,2.08,3.3,3.64,2.1,3.25,3.7,0.45418796696814784,0.28627605190719624,0.2595359811246559,0.08078563498100572,-0.04875895949674394,-0.03202667548426183
2025-09-27,Premier League,Crystal Palace,Liverpool,H,0.2701621748704413,0.2318804134389267,0.4979574116906318,A,0.35,0.4,0.2499999999999999,1.0900000000000003,3.82,3.72,1.91,3.8,3.8,1.9,0.2483311081441923,0.25500667556742324,0.4966622162883846,0.021831066726249015,-0.023126262128496528,0.0012951954022472068
2025-09-27,La Liga,Ath Madrid,Real Madrid,H,0.2942093061940136,0.2553366765895032,0.450454017216483,A,0.35,0.4,0.2499999999999999,1.0900000000000003,2.94,3.53,2.29,3.0,3.6,2.3,0.32085177320446917,0.26722498958105934,0.4119232372144714,-0.026642467010455584,-0.011888312991556127,0.0385307800020116
2025-09-27,Serie A,Como,Cremonese,D,0.5356564622868497,0.2614607432041825,0.2028827945089677,H,0.35,0.4,0.2499999999999999,1.0900000000000003,1.44,4.41,7.45,1.45,4.33,8.0,0.6579729997656856,0.2148483264541014,0.12717867378021305,-0.12231653747883586,0.0466124167500811,0.07570412072875465
2025-09-27,La Liga,Mallorca,Alaves,H,0.4008966240069975,0.281023066592708,0.3180803094002944,H,0.35,0.4,0.2499999999999999,1.0900000000000003,2.33,2.97,3.4,2.35,3.0,3.4,0.4048901167196603,0.3176410679989254,0.27746881528141426,-0.003993492712662805,-0.036618001406217404,0.040611494118880154
2025-09-27,Bundesliga,M'gladbach,Ein Frankfurt,A,0.2484432536219306,0.2405882082875926,0.5109685380904767,A,0.35,0.4,0.2499999999999999,1.0900000000000003,2.98,3.68,2.18,3.1,3.6,2.2,0.31478662125468904,0.2549087313421123,0.4303046474031987,-0.06634336763275844,-0.014320523054519696,0.08066389068727803
2025-09-27,Serie A,Cagliari,Inter,A,0.1336850189899224,0.2000022524567589,0.6663127285533184,A,0.35,0.4,0.2499999999999999,1.0900000000000003,5.85,4.16,1.54,6.0,4.2,1.53,0.16116161946497484,0.22663352737262085,0.6122048531624044,-0.027476600475052432,-0.026631274915861952,0.054107875390913995
2025-09-27,Premier League,Brentford,Man United,H,0.4516607613546941,0.2509004301463149,0.2974388084989908,H,0.35,0.4,0.2499999999999999,1.0900000000000003,3.4,3.77,2.02,3.4,3.8,2.0,0.27893807643564067,0.25156219094991467,0.46949973261444466,0.1727226849190534,-0.0006617608035997535,-0.17206092411545387
2025-09-27,Ligue 1,Lorient,Monaco,H,0.1793740031710305,0.2200339484622068,0.6005920483667626,A,0.35,0.4,0.2499999999999999,1.0900000000000003,4.93,4.25,1.6,5.5,4.1,1.6,0.19079418077748633,0.2213212497018841,0.5878845695206297,-0.011420177606455834,-0.0012873012396772965,0.01270747884613288
2025-09-27,Serie A,Juventus,Atalanta,D,0.4385456387221964,0.248232614459668,0.3132217468181354,H,0.35,0.4,0.2499999999999999,1.0900000000000003,1.86,3.55,4.16,1.85,3.6,4.2,0.507341472966752,0.2658183492163828,0.22684017781686508,-0.06879583424455565,-0.01758573475671482,0.08638156900127034
2025-09-27,Bundesliga,Wolfsburg,RB Leipzig,A,0.3232274149605196,0.2558668376718411,0.420905747367639,A,0.35,0.4,0.2499999999999999,1.0900000000000003,2.54,3.65,2.5,2.55,3.6,2.6,0.36874646407500206,0.25660712842479594,0.3746464075002021,-0.04551904911448246,-0.0007402907529548419,0.04625933986743691
2025-09-27,Ligue 1,Toulouse,Nantes,D,0.4840621293035494,0.273302189443762,0.2426356812526884,H,0.35,0.4,0.2499999999999999,1.0900000000000003,1.69,3.6,5.11,1.7,3.5,5.5,0.5555035496543956,0.2607780552544246,0.18371839509117976,-0.07144142035084622,0.0125241341893374,0.058917286161508625
2025-09-27,La Liga,Getafe,Levante,D,0.4504641035020967,0.2726968299894901,0.2768390665084131,H,0.35,0.4,0.2499999999999999,1.0900000000000003,2.05,3.13,3.95,2.05,3.1,4.1,0.4599944191238025,0.30127430006511025,0.23873128081108733,-0.00953031562170581,-0.02857747007562017,0.038107785697325786
2025-09-27,Bundesliga,Mainz,Dortmund,A,0.2858478831734129,0.2511854656366732,0.4629666511899136,A,0.35,0.4,0.2499999999999999,1.0900000000000003,3.14,3.74,2.08,3.2,3.7,2.1,0.2985798725723498,0.25067935825593,0.45074076917172035,-0.012731989398936883,0.0005061073807431926,0.012225882018193246
2025-09-27,Premier League,Leeds,Bournemouth,D,0.2805778881570162,0.2700214109121648,0.4494007009308188,A,0.35,0.4,0.2499999999999999,1.0900000000000003,2.98,3.29,2.41,3.1,3.25,2.38,0.31823928653135275,0.2882532139402526,0.39350749952839464,-0.037661398374336574,-0.0182318030280878,0.05589320140242415
2025-09-27,Premier League,Chelsea,Brighton,A,0.5419830753758581,0.227181141132814,0.2308357834913278,H,0.35,0.4,0.2499999999999999,1.0900000000000003,1.86,3.86,3.86,1.85,3.8,3.8,0.5092348284960422,0.2453825857519789,0.2453825857519789,0.03274824687981592,-0.018201444619164897,-0.01454680226065111
2025-09-27,Premier League,Man City,Burnley,H,0.8174544400451296,0.1244464378945297,0.0580991220603405,H,0.35,0.4,0.2499999999999999,1.0900000000000003,1.17,7.48,15.54,1.17,7.5,15.0,0.8118816030441579,0.1269921758772279,0.0611262210786142,0.005572837000971664,-0.002545737982698193,-0.0030270990182737004
2025-09-27,Premier League,Nott'm Forest,Sunderland,A,0.5978136005678303,0.2411535268713618,0.1610328725608079,H,0.35,0.4,0.2499999999999999,1.0900000000000003,1.77,3.67,4.64,1.75,3.75,4.5,0.536551398188263,0.2587727451752659,0.20467585663647106,0.061262202379567254,-0.01761921830390409,-0.043642984075663166
2025-09-27,Bundesliga,Heidenheim,Augsburg,H,0.3264006784718424,0.2656209721123357,0.4079783494158218,A,0.35,0.4,0.2499999999999999,1.0900000000000003,2.69,3.46,2.46,2.7,3.5,2.5,0.3483164459576697,0.2708009363081305,0.3808826177341998,-0.021915767485827298,-0.005179964195794806,0.027095731681621993
2025-09-27,Bundesliga,St Pauli,Leverkusen,A,0.1846158939523767,0.2164273942326681,0.5989567118149551,A,0.35,0.4,0.2499999999999999,1.0900000000000003,3.12,3.45,2.18,3.1,3.6,2.2,0.29980148764679154,0.27112482361101153,0.4290736887421971,-0.11518559369441483,-0.05469742937834343,0.16988302307275804
2025-09-27,Ligue 1,Paris SG,Auxerre,H,0.7930770824633999,0.1398414317278166,0.0670814858087833,H,0.35,0.4,0.2499999999999999,1.0900000000000003,1.15,7.95,15.21,1.14,8.0,15.0,0.8194959794244122,0.1185434435645376,0.06196057701105022,-0.026418896961012295,0.021297988163279005,0.005120908797733081
2025-09-27,Premier League,Tottenham,Wolves,D,0.5664668916418266,0.2380455997249053,0.1954875086332679,H,0.35,0.4,0.2499999999999999,1.0900000000000003,1.47,4.57,6.38,1.5,4.5,6.0,0.6443006114498233,0.207247680269418,0.14845170828075868,-0.07783371980799669,0.030797919455487294,0.047035800352509205
2025-09-28,Ligue 1,Rennes,Lens,D,0.3444905540077305,0.2674270204903314,0.388082425501938,A,0.35,0.4,0.2499999999999999,1.0900000000000003,2.4,3.48,2.76,2.5,3.4,2.75,0.3907439953134153,0.26947861745752777,0.3397773872290568,-0.04625344130568482,-0.0020515969671963674,0.048305038272881184
2025-09-28,La Liga,Vallecano,Sevilla,A,0.470502404231475,0.2652208572197395,0.2642767385487853,H,0.35,0.4,0.2499999999999999,1.0900000000000003,2.0,3.28,3.8,2.0,3.3,4.0,0.4681490384615385,0.2854567307692308,0.24639423076923075,0.0023533657699364996,-0.0202358735494913,0.01788250777955455
2025-09-28,Ligue 1,Nice,Paris FC,D,0.5859781977748144,0.2295822783642788,0.1844395238609068,H,0.35,0.4,0.2499999999999999,1.0900000000000003,1.85,3.83,3.76,1.85,3.75,4.0,0.5063162965020409,0.24456531293179523,0.24911839056616378,0.0796619012727735,-0.014983034567516429,-0.06467886670525697
2025-09-28,Serie A,Milan,Napoli,H,0.3562588851486127,0.2564346364669305,0.3873064783844567,A,0.35,0.4,0.2499999999999999,1.0900000000000003,2.36,3.19,3.08,2.35,3.1,3.2,0.3990350250178699,0.2952108649035025,0.3057541100786276,-0.04277613986925721,-0.038776228436572024,0.08155236830582913
2025-09-28,La Liga,Betis,Osasuna,H,0.5147670113023848,0.2572582373747727,0.2279747513228423,H,0.35,0.4,0.2499999999999999,1.0900000000000003,1.75,3.68,4.5,1.75,3.8,4.5,0.5363562753036437,0.2550607287449393,0.208582995951417,-0.021589264001258934,0.0021975086298334223,0.019391755371425318
2025-09-28,Premier League,Aston Villa,Fulham,H,0.5062813595300799,0.247628607955786,0.2460900325141339,H,0.35,0.4,0.2499999999999999,1.0900000000000003,2.29,3.19,3.3,2.3,3.1,3.4,0.41462674927429494,0.29764741562323993,0.28772583510246524,0.09165461025578497,-0.050018807667453924,-0.041635802588331355
2025-09-28,Bundesliga,FC Koln,Stuttgart,A,0.347725855311688,0.2574414080825551,0.3948327366057568,A,0.35,0.4,0.2499999999999999,1.0900000000000003,2.78,3.64,2.29,2.9,3.5,2.35,0.3358285322912051,0.2564844285081181,0.40768703920067684,0.011897323020482908,0.0009569795744370224,-0.012854302594920042
2025-09-28,La Liga,Elche,Celta,H,0.3539166268074424,0.2852280090065957,0.3608553641859617,A,0.35,0.4,0.2499999999999999,1.0900000000000003,2.78,3.14,2.57,2.88,3.1,2.6,0.33703369585191867,0.29839288995806806,0.36457341419001316,0.016882930955523734,-0.01316488095147239,-0.003718050004051454
2025-09-28,Bundesliga,Union Berlin,Hamburg,D,0.5723093321028008,0.2424215678525786,0.1852691000446205,H,0.35,0.4,0.2499999999999999,1.0900000000000003,1.97,3.53,3.61,1.95,3.4,4.0,0.47533486763822735,0.26527186664229685,0.2593932657194759,0.09697446446457342,-0.022850298789718254,-0.07412416567485541
2025-09-28,Serie A,Lecce,Bologna,D,0.2148168224977328,0.2429525272238874,0.5422306502783796,A,0.35,0.4,0.2499999999999999,1.0900000000000003,3.94,3.07,2.06,4.2,3.0,2.05,0.23832170151188553,0.3058591218100421,0.45581917667807237,-0.02350487901415274,-0.06290659458615469,0.08641147360030721
2025-09-28,Serie A,Pisa,Fiorentina,D,0.284529423513739,0.2514208840904872,0.4640496923957737,A,0.35,0.4,0.2499999999999999,1.0900000000000003,3.31,3.2,2.24,3.3,3.25,2.25,0.2847336977246727,0.29452141858395836,0.42074488369136903,-0.00020427421093371922,-0.043100534493471176,0.043304808704404674
2025-09-28,Ligue 1,Lille,Lyon,A,0.5106795287764346,0.245185206738759,0.2441352644848061,H,0.35,0.4,0.2499999999999999,1.0900000000000003,2.23,3.46,3.05,2.25,3.4,3.2,0.42093632704834005,0.27129711251959493,0.307766560432065,0.08974320172809458,-0.026111905780835942,-0.06363129594725891
2025-09-28,Premier League,Newcastle,Arsenal,A,0.2636288333123443,0.235333633482493,0.5010375332051625,A,0.35,0.4,0.2499999999999999,1.0900000000000003,3.51,3.32,2.12,3.6,3.4,2.1,0.2693320271842282,0.2847456070532052,0.4459223657625665,-0.005703193871883894,-0.04941197357071217,0.055115167442596036
2025-09-28,Serie A,Roma,Verona,H,0.6888186522632755,0.2048658042950216,0.1063155434417026,H,0.35,0.4,0.2499999999999999,1.0900000000000003,1.42,4.21,8.09,1.42,4.2,8.5,0.6610182649553905,0.22295627939112936,0.11602545565348016,0.027800387307885033,-0.018090475096107755,-0.009709912211777555
2025-09-28,Ligue 1,Angers,Brest,A,0.2856327858595239,0.2389837691629995,0.4753834449774764,A,0.35,0.4,0.2499999999999999,1.0900000000000003,3.04,3.29,2.31,3.1,3.25,2.38,0.3086391676379453,0.28518634334934756,0.4061744890127072,-0.023006381778421403,-0.04620257418634807,0.06920895596476923
2025-09-28,La Liga,Barcelona,Sociedad,H,0.7998850511948061,0.1310641120992468,0.0690508367059469,H,0.35,0.4,0.2499999999999999,1.0900000000000003,1.27,5.88,9.61,1.27,5.75,10.0,0.7417625044139402,0.16021060894654832,0.09802688663951137,0.058122546780865925,-0.02914649684730153,-0.028976049933564466
2025-09-28,Ligue 1,Metz,Le Havre,D,0.3386657183960827,0.2650040979970451,0.396330183606872,A,0.35,0.4,0.2499999999999999,1.0900000000000003,2.6,3.34,2.62,2.7,3.2,2.7,0.36090535658313677,0.28094428955573525,0.3581503538611281,-0.022239638187054045,-0.015940191558690142,0.03817982974574391
2025-09-28,Serie A,Sassuolo,Udinese,H,0.3684573534576665,0.2697785047183403,0.361764141823993,H,0.35,0.4,0.2499999999999999,1.0900000000000003,2.27,3.25,3.15,2.3,3.2,3.3,0.41337748076961905,0.2887282711837032,0.29789424804667786,-0.04492012731195255,-0.018949766465362894,0.06386989377731517
2025-09-28,Bundesliga,Freiburg,Hoffenheim,D,0.5830652359124666,0.2229760424872359,0.1939587216002973,H,0.35,0.4,0.2499999999999999,1.0900000000000003,2.19,3.59,3.01,2.25,3.4,3.1,0.42778870858554474,0.2609630283571986,0.3112482630572568,0.15527652732692188,-0.037986985869962686,-0.11728954145695947
2025-09-29,Premier League,Everton,West Ham,D,0.5713206792763597,0.2344532225192145,0.1942260982044257,H,0.35,0.4,0.2499999999999999,1.0900000000000003,1.72,3.69,4.83,1.7,3.75,5.0,0.5487774462621355,0.255798701238719,0.19542385249914554,0.022543233014224118,-0.021345478719504513,-0.0011977542947198272
2025-09-29,Serie A,Genoa,Lazio,A,0.2884097270843345,0.2640311423084276,0.4475591306072377,A,0.35,0.4,0.2499999999999999,1.0900000000000003,2.97,3.06,2.5,3.0,3.0,2.6,0.31659713945172824,0.3072854588796186,0.3761174016686532,-0.02818741236739375,-0.043254316571191,0.07144172893858447
2025-09-29,Serie A,Parma,Torino,H,0.3581619286742692,0.2694586945969839,0.3723793767287466,A,0.35,0.4,0.2499999999999999,1.0900000000000003,2.24,3.13,3.35,2.3,3.1,3.4,0.4194082565688161,0.30015159575531886,0.28044014767586506,-0.06124632789454687,-0.03069290115833495,0.09193922905288154
2025-09-30,La Liga,Valencia,Oviedo,A,0.5394881932192104,0.2501187901247033,0.2103930166560862,H,0.35,0.4,0.2499999999999999,1.0900000000000003,1.68,3.64,5.11,1.7,3.5,5.5,0.5585638610947616,0.25779870512065917,0.18363743378457914,-0.01907566787555126,-0.007679914995955883,0.02675558287150706
2025-10-03,Ligue 1,Paris FC,Lorient,H,0.495539436785983,0.2611205059311405,0.2433400572828764,H,0.35,0.4,0.2499999999999999,1.0900000000000003,1.74,3.9,4.39,1.73,3.9,4.5,0.5427381314668289,0.2421447048082776,0.21511716372489353,-0.04719869468084592,0.0189758011228629,0.028222893557982853
2025-10-03,Bundesliga,Hoffenheim,FC Koln,A,0.4499175834833976,0.2814529811119047,0.2686294354046976,H,0.35,0.4,0.2499999999999999,1.0900000000000003,1.91,3.82,3.61,1.91,3.7,3.75,0.4928327645051194,0.2464163822525597,0.26075085324232083,-0.042915181021721815,0.035036598859344986,0.007878582162376746
2025-10-03,La Liga,Osasuna,Getafe,H,0.4915873377935876,0.2590968589060469,0.2493158033003653,H,0.35,0.4,0.2499999999999999,1.0900000000000003,2.15,2.86,4.1,2.15,2.9,4.1,0.43934057699512924,0.33027351067815663,0.23038591232671413,0.05224676079845836,-0.07117665177210974,0.018929890973651164
2025-10-03,Serie A,Verona,Sassuolo,A,0.4326899501998817,0.2727410381923376,0.2945690116077805,H,0.35,0.4,0.2499999999999999,1.0900000000000003,2.45,3.12,2.99,2.5,3.1,3.0,0.3839280937349526,0.3014819966828955,0.3145899095821518,0.04876185646492909,-0.02874095849055791,-0.020020897974371343
2025-10-03,Premier League,Bournemouth,Fulham,H,0.4680195388463708,0.2694043639776503,0.2625760971759788,H,0.35,0.4,0.2499999999999999,1.0900000000000003,1.97,3.5,3.85,1.95,3.5,3.9,0.4820333041191937,0.2713158883185176,0.24665080756228872,-0.014013765272822887,-0.0019115243408673321,0.01592528961369008
2025-10-04,Bundesliga,Ein Frankfurt,Bayern Munich,A,0.1833722308576523,0.2008124067476495,0.615815362394698,A,0.35,0.4,0.2499999999999999,1.0900000000000003,5.9,5.19,1.42,6.25,5.25,1.42,0.15893876917237454,0.1806818377874778,0.6603793930401478,0.02443346168527777,0.020130568960171707,-0.04456403064544978
2025-10-04,Premier League,Leeds,Tottenham,A,0.3201962088989755,0.2791362195484917,0.4006675715525327,A,0.35,0.4,0.2499999999999999,1.0900000000000003,2.75,3.46,2.49,2.7,3.5,2.5,0.34492091008451475,0.2741423418301779,0.38093674808530736,-0.024724701185539266,0.004993877718313833,0.019730823467225322
2025-10-04,Serie A,Parma,Lecce,A,0.4444767658774773,0.2754824813315558,0.2800407527909668,H,0.35,0.4,0.2499999999999999,1.0900000000000003,1.83,3.54,4.33,1.85,3.7,4.1,0.5155750194246274,0.26652606936357853,0.217898911211794,-0.07109825354715005,0.008956411967977251,0.062141841579172796
2025-10-04,Bundesliga,Augsburg,Wolfsburg,H,0.3884553743675554,0.2711063198776013,0.3404383057548432,H,0.35,0.4,0.2499999999999999,1.0900000000000003,2.71,3.53,2.42,2.75,3.5,2.45,0.3463155377000134,0.26586830231360803,0.38781615998637864,0.04213983666754201,0.00523801756399328,-0.047377854231535454
2025-10-04,La Liga,Ath Bilbao,Mallorca,H,0.5907332355476994,0.2272277794190629,0.1820389850332375,H,0.35,0.4,0.2499999999999999,1.0900000000000003,1.52,3.92,6.8,1.53,3.8,7.0,0.6206228579943377,0.24064967963045747,0.1387274623752049,-0.029889622446638286,-0.013421900211394583,0.04331152265803262
2025-10-04,Bundesliga,Leverkusen,Union Berlin,H,0.7233549467204892,0.1677582420310577,0.108886811248453,H,0.35,0.4,0.2499999999999999,1.0900000000000003,1.68,3.91,4.65,1.7,4.0,4.75,0.5583604352272412,0.23990934301323924,0.2017302217595194,0.16499451149324795,-0.07215110098218153,-0.09284341051106641
2025-10-04,La Liga,Real Madrid,Villarreal,H,0.6082183830920976,0.221763362329439,0.1700182545784632,H,0.35,0.4,0.2499999999999999,1.0900000000000003,1.44,4.98,6.1,1.45,5.0,6.0,0.6556421745098547,0.1895832793763435,0.1547745461138018,-0.0474237914177571,0.03218008295309549,0.015243708464661415
2025-10-04,Premier League,Man United,Sunderland,H,0.579792992338626,0.2484054705279916,0.1718015371333822,H,0.35,0.4,0.2499999999999999,1.0900000000000003,1.5,4.55,5.98,1.5,4.75,5.75,0.632708585247884,0.2085852478839178,0.15870616686819833,-0.05291559290925796,0.03982022264407381,0.01309537026518387
2025-10-04,Bundesliga,Dortmund,RB Leipzig,D,0.5502545582931145,0.2437086069887252,0.2060368347181602,H,0.35,0.4,0.2499999999999999,1.0900000000000003,1.68,4.36,4.14,1.7,4.5,4.2,0.5583104446588969,0.21512879518966668,0.22656076015143642,-0.008055886365782361,0.028579811799058524,-0.02052392543327622
2025-10-04,La Liga,Oviedo,Levante,A,0.4258765696264567,0.2931434937440276,0.2809799366295155,H,0.35,0.4,0.2499999999999999,1.0900000000000003,2.48,3.26,2.86,2.5,3.3,2.88,0.38053646352015413,0.2894878618190129,0.329975674660833,0.04534010610630257,0.0036556319250146685,-0.048995738031317515
2025-10-04,Serie A,Atalanta,Como,D,0.6290067062831951,0.2136183230579064,0.1573749706588983,H,0.35,0.4,0.2499999999999999,1.0900000000000003,2.18,3.43,3.21,2.2,3.4,3.25,0.43202213023091557,0.2745796629455965,0.29339820682348783,0.19698457605227954,-0.06096133988769009,-0.13602323616458953
2025-10-04,La Liga,Girona,Valencia,H,0.3462729070555363,0.2787175409687258,0.3750095519757377,A,0.35,0.4,0.2499999999999999,1.0900000000000003,2.43,3.37,2.84,2.45,3.5,2.8,0.38809298855282204,0.27984153180515065,0.3320654796420274,-0.04182008149728572,-0.0011239908364248374,0.04294407233371034
2025-10-04,Ligue 1,Metz,Marseille,A,0.1470218176293335,0.2163897330971404,0.636588449273526,A,0.35,0.4,0.2499999999999999,1.0900000000000003,6.2,4.57,1.46,6.25,5.0,1.45,0.15144059448638392,0.205455511119383,0.6431038943942331,-0.004418776857050416,0.010934221977757397,-0.0065154451207071196
2025-10-04,Premier League,Arsenal,West Ham,H,0.772707477643235,0.1452067827897795,0.0820857395669854,H,0.35,0.4,0.2499999999999999,1.0900000000000003,1.19,6.83,15.25,1.18,6.5,17.0,0.7985535835722176,0.13913305482444202,0.062313361603340264,-0.02584610592898262,0.006073727965337478,0.01977237796364513
2025-10-04,Serie A,Inter,Cremonese,H,0.7807696928079134,0.1393052745572024,0.079925032634884,H,0.35,0.4,0.2499999999999999,1.0900000000000003,1.18,6.95,14.36,1.2,6.5,15.0,0.7987495578153437,0.13561503283771303,0.06563540934694329,-0.017979865007430318,0.0036902417194893677,0.014289623287940714
2025-10-04,Ligue 1,Auxerre,Lens,A,0.2687648745129987,0.2665453257188132,0.4646897997681879,A,0.35,0.4,0.2499999999999999,1.0900000000000003,3.65,3.61,1.94,3.6,3.8,1.95,0.25690274348976,0.25974931128466044,0.48334794522557945,0.011862131023238687,0.006796014434152731,-0.01865814545739153
2025-10-04,Bundesliga,Werder Bremen,St Pauli,H,0.5003137773404713,0.2508102894725985,0.2488759331869299,H,0.35,0.4,0.2499999999999999,1.0900000000000003,2.32,3.51,2.86,2.35,3.7,2.88,0.404504976427449,0.2673651126244107,0.3281299109481404,0.09580880091302235,-0.016554823151812226,-0.07925397776121051
2025-10-04,Ligue 1,Brest,Nantes,D,0.5509498143108855,0.2480919868676738,0.2009581988214405,H,0.35,0.4,0.2499999999999999,1.0900000000000003,1.86,3.59,4.0,1.85,3.75,4.0,0.5042595180739815,0.26125980602161714,0.2344806759044014,0.046690296236904016,-0.013167819153943328,-0.03352247708296088
2025-10-04,Premier League,Chelsea,Liverpool,H,0.3418014754881677,0.2294078559654779,0.4287906685463542,A,0.35,0.4,0.2499999999999999,1.0900000000000003,2.87,3.7,2.28,2.8,3.75,2.3,0.3295492722258248,0.25562335440219386,0.41482737337198133,0.012252203262342887,-0.026215498436715945,0.013963295174372892
2025-10-04,Serie A,Lazio,Torino,D,0.6191603556300485,0.2136983413217051,0.1671413030482463,H,0.35,0.4,0.2499999999999999,1.0900000000000003,1.71,3.56,5.11,1.7,3.6,5.25,0.550971763287731,0.26465216719719664,0.1843760695150724,0.06818859234231744,-0.05095382587549155,-0.017234766466826118
2025-10-05,Serie A,Udinese,Cagliari,D,0.4390634552842882,0.297150527386833,0.2637860173288786,H,0.35,0.4,0.2499999999999999,1.0900000000000003,2.17,3.19,3.51,2.15,3.2,3.6,0.43506930008276373,0.29595623234470136,0.26897446757253485,0.003994155201524463,0.0011942950421316434,-0.005188450243656273
2025-10-05,La Liga,Alaves,Elche,H,0.4524681842142724,0.2936311852993573,0.2539006304863702,H,0.35,0.4,0.2499999999999999,1.0900000000000003,2.34,3.01,3.26,2.3,3.1,3.3,0.40076946953978865,0.3115616474163141,0.28766888304389737,0.051698714674483726,-0.017930462116956813,-0.03376825255752719
2025-10-05,Bundesliga,M'gladbach,Freiburg,D,0.2937885951076817,0.2685511802433532,0.437660224648965,A,0.35,0.4,0.2499999999999999,1.0900000000000003,2.27,3.53,2.92,2.25,3.6,3.0,0.41314516355299385,0.26567691820546635,0.32117791824153974,-0.11935656844531217,0.0028742620378868766,0.11648230640742524
2025-10-05,Serie A,Fiorentina,Roma,A,0.2966577550047717,0.2521961152484014,0.4511461297468266,A,0.35,0.4,0.2499999999999999,1.0900000000000003,2.94,3.26,2.39,3.0,3.3,2.4,0.31928826672786287,0.2879470871717536,0.3927646461003836,-0.022630511723091162,-0.03575097192335219,0.05838148364644302
2025-10-05,Premier League,Aston Villa,Burnley,H,0.6831322639172395,0.2050120983946661,0.1118556376880942,H,0.35,0.4,0.2499999999999999,1.0900000000000003,1.59,4.0,5.76,1.6,4.0,5.75,0.5975351674343334,0.23752022905514752,0.16494460351051912,0.08559709648290603,-0.032508130660481416,-0.05308896582242492
2025-10-05,La Liga,Sevilla,Barcelona,H,0.1107306367873662,0.1823867480094306,0.7068826152032028,A,0.35,0.4,0.2499999999999999,1.0900000000000003,5.84,4.97,1.45,5.75,5.25,1.45,0.16122176409921407,0.18944368256326163,0.6493345533375243,-0.05049112731184788,-0.0070569345538310235,0.05754806186567851
2025-10-05,La Liga,Espanol,Betis,A,0.2989527900390581,0.2737439325740505,0.4273032773868913,A,0.35,0.4,0.2499999999999999,1.0900000000000003,2.57,3.38,2.63,2.63,3.4,2.63,0.36529128707093866,0.2777510673882581,0.3569576455408032,-0.06633849703188055,-0.0040071348142076135,0.07034563184608805
2025-10-05,Bundesliga,Hamburg,Mainz,H,0.2623398023226863,0.271399621407865,0.4662605762694484,A,0.35,0.4,0.2499999999999999,1.0900000000000003,2.76,3.54,2.36,2.8,3.5,2.4,0.339080459770115,0.264367816091954,0.39655172413793105,-0.0767406574474287,0.007031805315911022,0.06970885213151734
2025-10-05,Ligue 1,Strasbourg,Angers,H,0.6463125007212549,0.2149487416888295,0.1387387575899156,H,0.35,0.4,0.2499999999999999,1.0900000000000003,1.65,3.77,5.18,1.67,3.9,5.25,0.5694116823778796,0.24921200952878025,0.18137630809334004,0.07690081834337525,-0.03426326783995076,-0.04263755050342444
2025-10-05,Bundesliga,Stuttgart,Heidenheim,H,0.6480098676899535,0.20975922348355,0.1422309088264962,H,0.35,0.4,0.2499999999999999,1.0900000000000003,1.42,4.81,6.48,1.42,4.75,7.0,0.6603475379550261,0.1949466744066813,0.14470578763829273,-0.012337670265072598,0.014812549076868714,-0.0024748788117965326
2025-10-05,La Liga,Celta,Ath Madrid,D,0.2204443855335749,0.2390764954754218,0.5404791189910032,A,0.35,0.4,0.2499999999999999,1.0900000000000003,4.34,3.74,1.77,4.5,3.8,1.75,0.2168066236097101,0.25158843488399507,0.5316049415062948,0.0036377619238648073,-0.012511939408573258,0.008874177484708423
2025-10-05,Ligue 1,Monaco,Nice,D,0.5487048455756434,0.2250880872474258,0.2262070671769306,H,0.35,0.4,0.2499999999999999,1.0900000000000003,1.88,3.81,3.69,1.9,3.7,3.9,0.4992702129699669,0.2463590552187763,0.25437073181125686,0.04943463260567649,-0.021270967971350502,-0.028163664634326263
2025-10-05,Ligue 1,Le Havre,Rennes,D,0.3492687473408707,0.272813028118669,0.3779182245404601,A,0.35,0.4,0.2499999999999999,1.0900000000000003,3.04,3.29,2.31,3.1,3.3,2.35,0.3086391676379453,0.28518634334934756,0.4061744890127072,0.04062957970292541,-0.012373315230678583,-0.028256264472247106
2025-10-05,Ligue 1,Lyon,Toulouse,A,0.5929823231386787,0.2329584702456568,0.1740592066156644,H,0.35,0.4,0.2499999999999999,1.0900000000000003,1.89,3.63,3.86,1.9,3.7,4.0,0.4974385736955897,0.25899694332910866,0.24356448297530167,0.09554374944308902,-0.026038473083451863,-0.06950527635963727
2025-10-05,Serie A,Juventus,Milan,D,0.4607458028746673,0.2800660825362299,0.2591881145891027,H,0.35,0.4,0.2499999999999999,1.0900000000000003,2.63,3.19,2.71,2.7,3.2,2.7,0.3577905711057492,0.2949809410683763,0.3472284878258747,0.10295523176891813,-0.014914858532146413,-0.088040373236772
2025-10-05,La Liga,Sociedad,Vallecano,A,0.4279618705859876,0.2692651719823783,0.3027729574316339,H,0.35,0.4,0.2499999999999999,1.0900000000000003,2.04,3.34,3.59,2.05,3.6,3.5,0.4589211491208598,0.2802991449720222,0.26077970590711813,-0.03095927853487218,-0.01103397298964387,0.04199325152451577
2025-10-05,Ligue 1,Lille,Paris SG,D,0.2962545927201423,0.2220571875374961,0.4816882197423614,A,0.35,0.4,0.2499999999999999,1.0900000000000003,4.33,3.89,1.73,4.5,3.9,1.75,0.21663774815463407,0.24114176079937416,0.5422204910459917,0.07961684456550824,-0.01908457326187807,-0.06053227130363026
2025-10-05,Premier League,Newcastle,Nott'm Forest,H,0.5476016228143618,0.2299806034496869,0.2224177737359511,H,0.35,0.4,0.2499999999999999,1.0900000000000003,1.58,4.21,5.46,1.57,4.2,5.5,0.6007181459916582,0.22544766524152496,0.17383418876681683,-0.053116523177296426,0.004532938208161946,0.04858358496913426
2025-10-05,Premier League,Wolves,Brighton,D,0.250058236221978,0.2613473794556604,0.4885943843223614,A,0.35,0.4,0.2499999999999999,1.0900000000000003,3.67,3.6,1.99,3.6,3.7,2.0,0.25882157424501345,0.26385421596644426,0.47732420978854234,-0.008763338023035472,-0.002506836510783872,0.011270174533819066
2025-10-05,Premier League,Brentford,Man City,A,0.2249726178389277,0.2294015759880829,0.5456258061729891,A,0.35,0.4,0.2499999999999999,1.0900000000000003,4.73,4.27,1.64,4.75,4.5,1.62,0.20032554187847387,0.22190627941104954,0.5777681787104765,0.024647075960453818,0.00749529657703335,-0.03214237253748742
2025-10-05,Serie A,Bologna,Pisa,H,0.5843567161507217,0.2384685697201547,0.1771747141291233,H,0.35,0.4,0.2499999999999999,1.0900000000000003,1.6,3.77,5.86,1.6,3.9,5.75,0.5891221913483128,0.25002533319822295,0.16085247545346423,-0.004765475197591074,-0.01155676347806825,0.016322238675659073
2025-10-05,Serie A,Napoli,Genoa,H,0.7150669831445966,0.1837432956186412,0.1011897212367621,H,0.35,0.4,0.2499999999999999,1.0900000000000003,1.47,4.0,7.55,1.48,4.0,8.0,0.6401220895111119,0.23524486789533366,0.12463304259355426,0.07494489363348467,-0.05150157227669247,-0.023443321356792154
2025-10-05,Premier League,Everton,Crystal Palace,H,0.3679534344852911,0.2755957515258385,0.3564508139888702,H,0.35,0.4,0.2499999999999999,1.0900000000000003,2.53,3.21,2.89,2.45,3.25,3.0,0.37543251894989466,0.29590164266144336,0.32866583838866203,-0.007479084464603547,-0.02030589113560488,0.02778497560020815
2025-10-17,Ligue 1,Paris SG,Strasbourg,D,0.6931596273306379,0.1793818601217608,0.1274585125476012,H,0.35,0.4,0.2499999999999999,1.0900000000000003,1.3,5.75,8.86,1.3,6.0,8.5,0.7284308959364008,0.16468872429866455,0.10688037976493468,-0.03527126860576291,0.014693135823096254,0.020578132782666528
2025-10-17,Bundesliga,Union Berlin,M'gladbach,H,0.468005994128398,0.2704458943294074,0.2615481115421944,H,0.35,0.4,0.2499999999999999,1.0900000000000003,2.17,3.44,3.24,2.2,3.4,3.2,0.43467544420697934,0.27419933544451897,0.2911252203485016,0.03333054992141865,-0.0037534411151115554,-0.029577108806307206
2025-10-17,La Liga,Oviedo,Espanol,A,0.3849704801829299,0.2854582884998771,0.3295712313171928,H,0.35,0.4,0.2499999999999999,1.0900000000000003,2.98,3.02,2.53,3.0,3.1,2.5,0.3159936475375937,0.31180830121259245,0.3721980512498139,0.06897683264533622,-0.026350012712715365,-0.04262681993262113
2025-10-18,Bundesliga,Heidenheim,Werder Bremen,D,0.2951001980058846,0.2626163851701897,0.4422834168239256,A,0.35,0.4,0.2499999999999999,1.0900000000000003,2.84,3.53,2.32,2.88,3.5,2.35,0.3301778774048928,0.2656388588753245,0.4041832637197826,-0.03507767939900819,-0.0030224737051348094,0.038100153104143
2025-10-18,La Liga,Sevilla,Mallorca,A,0.4778555382648704,0.2726086650357726,0.2495357966993568,H,0.35,0.4,0.2499999999999999,1.0900000000000003,1.85,3.39,4.46,1.85,3.3,4.75,0.5100685178750349,0.2783559758315088,0.21157550629345623,-0.032212979610164505,-0.005747310795736205,0.03796029040590057
2025-10-18,Serie A,Torino,Napoli,H,0.2086297107279729,0.2430390271914367,0.5483312620805901,A,0.35,0.4,0.2499999999999999,1.0900000000000003,4.98,3.41,1.77,5.25,3.3,1.8,0.18961048752674187,0.2769091577370013,0.5334803547362569,0.019019223201231034,-0.03387013054556462,0.014850907344333253
2025-10-18,Bundesliga,Bayern Munich,Dortmund,H,0.6656630526122819,0.190711433436212,0.1436255139515059,H,0.35,0.4,0.2499999999999999,1.0900000000000003,1.34,5.52,7.34,1.33,5.5,7.5,0.7015993295145214,0.17031577926620634,0.12808489121927233,-0.03593627690223955,0.02039565417000566,0.015540622732233583
2025-10-18,Bundesliga,Wolfsburg,Stuttgart,A,0.3083060627571382,0.2680711214271379,0.4236228158157237,A,0.35,0.4,0.2499999999999999,1.0900000000000003,2.6,3.59,2.49,2.63,3.6,2.5,0.3612180821187129,0.26160641044809296,0.37717550743319417,-0.05291201936157475,0.006464710979044941,0.04644730838252953
2025-10-18,La Liga,Villarreal,Betis,D,0.4983831444105273,0.2487334611941589,0.2528833943953135,H,0.35,0.4,0.2499999999999999,1.0900000000000003,1.88,3.73,3.87,1.91,3.6,4.0,0.5025606567536234,0.2533013497846681,0.2441379934617085,-0.004177512343096101,-0.004567888590509217,0.008745400933604985
2025-10-18,Premier League,Brighton,Newcastle,H,0.4432125852884579,0.2510542016824493,0.3057332130290927,H,0.35,0.4,0.2499999999999999,1.0900000000000003,2.61,3.48,2.62,2.63,3.4,2.6,0.364141765114663,0.27310632383599726,0.36275191104933985,0.07907082017379491,-0.02205212215354796,-0.05701869802024717
2025-10-18,Bundesliga,RB Leipzig,Hamburg,H,0.6703196464094686,0.2086113217594336,0.1210690318310977,H,0.35,0.4,0.2499999999999999,1.0900000000000003,1.4,5.07,6.34,1.44,4.75,6.5,0.6680230600734033,0.18446396136149198,0.1475129785651048,0.0022965863360653316,0.024147360397941603,-0.026443946734007115
2025-10-18,Premier League,Burnley,Leeds,H,0.3533278001161229,0.2768760183919543,0.3697961814919226,A,0.35,0.4,0.2499999999999999,1.0900000000000003,3.3,3.25,2.26,3.25,3.25,2.25,0.28772328423691634,0.2921497963020997,0.420126919460984,0.06560451587920657,-0.015273777910145392,-0.0503307379690614
2025-10-18,Serie A,Lecce,Sassuolo,D,0.3951142424095727,0.2882692077703075,0.3166165498201196,H,0.35,0.4,0.2499999999999999,1.0900000000000003,2.91,3.14,2.51,2.9,3.2,2.5,0.32403208498986547,0.3002972507390154,0.37567066427111895,0.07108215741970725,-0.012028042968707908,-0.05905411445099934
2025-10-18,La Liga,Barcelona,Girona,H,0.8277161638133668,0.1164023503357855,0.0558814858508475,H,0.35,0.4,0.2499999999999999,1.0900000000000003,1.19,7.39,12.16,1.2,7.0,12.0,0.7943504153300409,0.12791298974868046,0.07773659492127867,0.03336574848332585,-0.011510639412894957,-0.021855109070431172
2025-10-18,Premier League,Man City,Everton,H,0.6900466445461337,0.1821247429767318,0.1278286124771343,H,0.35,0.4,0.2499999999999999,1.0900000000000003,1.38,4.92,7.91,1.4,5.0,7.0,0.6873086011592545,0.1927816808129616,0.11990971802778394,0.0027380433868792187,-0.010656937836229785,0.007918894449350372
2025-10-18,Bundesliga,Mainz,Leverkusen,A,0.2023185373598768,0.2343461944299681,0.563335268210155,A,0.35,0.4,0.2499999999999999,1.0900000000000003,2.78,3.4,2.39,2.8,3.4,2.45,0.33547737199758904,0.2743020865156757,0.3902205414867353,-0.13315883463771225,-0.03995589208570763,0.1731147267234197
2025-10-18,Serie A,Roma,Inter,A,0.323446189461722,0.2580451919145359,0.4185086186237419,A,0.35,0.4,0.2499999999999999,1.0900000000000003,3.24,3.22,2.27,3.3,3.25,2.25,0.2912459656532654,0.2930549468063912,0.4156990875403435,0.03220022380845661,-0.035009754891855316,0.0028095310833983755
2025-10-18,Ligue 1,Nice,Lyon,H,0.4212986643801897,0.2613131888303089,0.3173881467895011,H,0.35,0.4,0.2499999999999999,1.0900000000000003,2.42,3.46,2.76,2.45,3.4,2.8,0.38816356393789114,0.2714901227542476,0.34034631330786114,0.03313510044229856,-0.010176933923938702,-0.022958166518360024
2025-10-18,Ligue 1,Marseille,Le Havre,H,0.7030002257754808,0.1889319047805925,0.1080678694439264,H,0.35,0.4,0.2499999999999999,1.0900000000000003,1.32,5.29,8.79,1.33,5.0,9.0,0.7144397992154837,0.17827231284771997,0.10728788793679621,-0.011439573440002904,0.010659591932872525,0.000779981507130198
2025-10-18,Ligue 1,Angers,Monaco,D,0.16083874046336,0.207022739369598,0.6321385201670418,A,0.35,0.4,0.2499999999999999,1.0900000000000003,5.11,4.13,1.6,5.5,4.0,1.62,0.18412686028594275,0.22781797967582748,0.5880551600382297,-0.023288119822582748,-0.02079524030622948,0.04408336012881209
2025-10-18,Premier League,Fulham,Arsenal,A,0.1823126278451088,0.2250040517398948,0.5926833204149962,A,0.35,0.4,0.2499999999999999,1.0900000000000003,6.14,4.13,1.54,5.75,4.1,1.55,0.15447126827609658,0.22964977898673922,0.6158789527371643,0.02784135956901221,-0.004645727246844422,-0.023195632322168147
2025-10-18,La Liga,Ath Madrid,Osasuna,H,0.6739114719489697,0.1899742014871627,0.1361143265638674,H,0.35,0.4,0.2499999999999999,1.0900000000000003,1.37,4.68,8.72,1.38,4.75,8.5,0.6897288380803007,0.20190780089102822,0.10836336102867108,-0.015817366131331,-0.011933599403865514,0.02775096553519632
2025-10-18,Bundesliga,FC Koln,Augsburg,D,0.4453776720270808,0.2562927879964116,0.2983295399765076,H,0.35,0.4,0.2499999999999999,1.0900000000000003,1.98,3.79,3.39,1.95,3.9,3.5,0.4747214986421327,0.24800753754918806,0.27727096380867927,-0.029343826615051916,0.00828525044722353,0.021058576167828302
2025-10-18,Premier League,Crystal Palace,Bournemouth,D,0.481670320987497,0.2659759690459685,0.2523537099665343,H,0.35,0.4,0.2499999999999999,1.0900000000000003,2.25,3.35,3.22,2.2,3.4,3.25,0.42186980582334427,0.28334539197090286,0.294784802205753,0.059800515164152745,-0.017369422924934375,-0.042431092239218704
2025-10-18,Serie A,Pisa,Verona,D,0.4386323138029062,0.2778396103146431,0.2835280758824506,H,0.35,0.4,0.2499999999999999,1.0900000000000003,2.52,3.08,2.94,2.55,3.1,2.9,0.37378640776699035,0.30582524271844663,0.32038834951456313,0.06484590603591583,-0.02798563240380353,-0.03686027363211253
2025-10-18,Premier League,Sunderland,Wolves,H,0.3492946735461333,0.2748501692742242,0.3758551571796423,A,0.35,0.4,0.2499999999999999,1.0900000000000003,2.46,3.07,3.13,2.5,3.0,3.1,0.386511457658752,0.3097127641174365,0.30377577822381147,-0.037216784112618695,-0.0348625948432123,0.07207937895583083
2025-10-18,Premier League,Nott'm Forest,Chelsea,A,0.2818557690352224,0.2402431063598044,0.4779011246049729,A,0.35,0.4,0.2499999999999999,1.0900000000000003,3.75,3.74,1.93,3.7,3.8,1.95,0.25344180445003106,0.2541194563335873,0.4924387392163817,0.028413964585191354,-0.013876349973782898,-0.014537614611408789
2025-10-19,Ligue 1,Nantes,Lille,A,0.229469069353579,0.2401672943415757,0.5303636363048452,A,0.35,0.4,0.2499999999999999,1.0900000000000003,4.26,3.64,1.79,4.5,3.6,1.8,0.2197696931265474,0.257202992505245,0.5230273143682077,0.009699376227031598,-0.01703569816366929,0.007336321936637469
2025-10-19,Bundesliga,Freiburg,Ein Frankfurt,D,0.3948358820893763,0.2458248469941515,0.359339270916472,H,0.35,0.4,0.2499999999999999,1.0900000000000003,2.48,3.57,2.6,2.5,3.5,2.7,0.3775687856945281,0.26228868025838364,0.3601425340470883,0.01726709639484819,-0.016463833264232147,-0.0008032631306162941
2025-10-19,Ligue 1,Toulouse,Metz,H,0.6267260921583762,0.2227940013830711,0.1504799064585526,H,0.35,0.4,0.2499999999999999,1.0900000000000003,1.58,3.98,5.57,1.6,3.8,6.0,0.5950088035729623,0.23620952503650258,0.16878167139053507,0.031717288585413894,-0.013415523653431488,-0.01830176493198246
2025-10-19,La Liga,Elche,Ath Bilbao,D,0.2484698663294684,0.2529445782746468,0.4985855553958846,A,0.35,0.4,0.2499999999999999,1.0900000000000003,3.58,3.2,2.12,3.75,3.25,2.1,0.2626444079660544,0.29383343141202345,0.4435221606219221,-0.014174541636586019,-0.04088885313737667,0.05506339477396249
2025-10-19,Bundesliga,St Pauli,Hoffenheim,A,0.4143920989373296,0.2655799848393538,0.3200279162233164,H,0.35,0.4,0.2499999999999999,1.0900000000000003,2.41,3.45,2.78,2.5,3.4,2.8,0.3897940687575441,0.27229092919005254,0.3379150020524034,0.024598030179785513,-0.006710944350698744,-0.01788708582908699
2025-10-19,Serie A,Atalanta,Lazio,D,0.5210950111212266,0.2359169812478618,0.2429880076309116,H,0.35,0.4,0.2499999999999999,1.0900000000000003,1.7,3.88,4.59,1.73,4.0,4.5,0.5529399345508286,0.24226749709701256,0.20479256835215875,-0.03184492342960199,-0.006350515849150751,0.03819543927875285
2025-10-19,Ligue 1,Lorient,Brest,D,0.2672419576557793,0.2634493009847118,0.4693087413595087,A,0.35,0.4,0.2499999999999999,1.0900000000000003,2.39,3.35,2.86,2.38,3.25,3.0,0.39229575521334487,0.2798766731223565,0.32782757166429877,-0.12505379755756557,-0.01642737213764467,0.1414811696952099
2025-10-19,Premier League,Tottenham,Aston Villa,A,0.3374271449401452,0.2600784679973723,0.4024943870624825,A,0.35,0.4,0.2499999999999999,1.0900000000000003,2.06,3.56,3.42,2.05,3.5,3.5,0.45850719288996006,0.2653159599307072,0.2761768471793326,-0.12108004794981486,-0.005237491933334948,0.12631753988314987
2025-10-19,La Liga,Getafe,Real Madrid,A,0.1206399254799994,0.1697329176917607,0.7096271568282397,A,0.35,0.4,0.2499999999999999,1.0900000000000003,7.63,4.38,1.42,8.0,4.33,1.42,0.12322481455652064,0.21465875229823117,0.6621164331452483,-0.0025848890765212407,-0.04492583460647048,0.047510723682991474
2025-10-19,La Liga,Levante,Vallecano,A,0.3975267783562054,0.269894991069801,0.3325782305739934,H,0.35,0.4,0.2499999999999999,1.0900000000000003,2.75,3.33,2.5,2.88,3.25,2.5,0.3417838448116597,0.28225392589551473,0.3759622292928257,0.055742933544545736,-0.012358934825713708,-0.043383998718832306
2025-10-19,Serie A,Como,Juventus,H,0.2636029260577239,0.2564186941916451,0.4799783797506307,A,0.35,0.4,0.2499999999999999,1.0900000000000003,2.92,3.24,2.43,2.88,3.25,2.5,0.3222811671087533,0.29045092838196285,0.3872679045092838,-0.05867824105102942,-0.034032234190317756,0.0927104752413469
2025-10-19,Serie A,Cagliari,Bologna,A,0.2386893494051698,0.2609309692980862,0.5003796812967438,A,0.35,0.4,0.2499999999999999,1.0900000000000003,3.54,3.22,2.13,3.6,3.3,2.1,0.2658619406456415,0.29228300307005306,0.44185505628430555,-0.027172591240471694,-0.03135203377196688,0.05852462501243827
2025-10-19,La Liga,Celta,Sociedad,D,0.4637420219188523,0.2707023022242155,0.2655556758569322,H,0.35,0.4,0.2499999999999999,1.0900000000000003,2.1,3.33,3.46,2.1,3.4,3.5,0.4469139824986036,0.281837646620741,0.2712483708806554,0.016828039420248686,-0.011135344396525526,-0.0056926950237232155
2025-10-19,Serie A,Milan,Fiorentina,H,0.5598073907239602,0.2333462939402519,0.2068463153357877,H,0.35,0.4,0.2499999999999999,1.0900000000000003,1.52,4.16,6.06,1.5,4.33,6.5,0.6187315923817004,0.22607500490869817,0.1551934027096014,-0.05892420165774015,0.007271289031553718,0.05165291262618629
2025-10-19,Ligue 1,Lens,Paris FC,H,0.583784204465194,0.2439782247942228,0.172237570740583,H,0.35,0.4,0.2499999999999999,1.0900000000000003,1.85,3.74,3.87,1.85,3.75,4.0,0.5069223845364471,0.2507503773776543,0.2423272380858985,0.07686181992874686,-0.006772152583431529,-0.07008966734531552
2025-10-19,Ligue 1,Rennes,Auxerre,D,0.5026896111454121,0.2600278576821161,0.2372825311724716,H,0.35,0.4,0.2499999999999999,1.0900000000000003,1.74,3.72,4.53,1.75,3.7,4.75,0.5400011536021226,0.2525811847493799,0.20741766164849743,-0.037311542456710534,0.007446672932736209,0.029864869523974186
2025-10-19,Serie A,Genoa,Parma,D,0.4737413682562549,0.287045792029917,0.2392128397138279,H,0.35,0.4,0.2499999999999999,1.0900000000000003,2.1,3.07,3.83,2.1,3.0,4.0,0.44796004282214713,0.30642217912915604,0.24561777804869683,0.02578132543410777,-0.019376387099239056,-0.006404938334868937
2025-10-19,Premier League,Liverpool,Man United,A,0.6918206275252833,0.187885796689849,0.1202935757848675,H,0.35,0.4,0.2499999999999999,1.0900000000000003,1.6,4.4,4.89,1.6,4.5,5.0,0.5914238592633315,0.21506322155030236,0.19351291918636612,0.10039676826195176,-0.027177424860453353,-0.07321934340149862
2025-10-20,Serie A,Cremonese,Udinese,D,0.4060803965891706,0.2867491178266764,0.3071704855841529,H,0.35,0.4,0.2499999999999999,1.0900000000000003,2.96,3.15,2.44,3.0,3.25,2.4,0.31717865337316986,0.29804724253478815,0.3847741040920421,0.08890174321600075,-0.011298124708111756,-0.07760361850788922
2025-10-20,La Liga,Alaves,Valencia,D,0.4359642006906843,0.273430641752789,0.2906051575565265,H,0.35,0.4,0.2499999999999999,1.0900000000000003,2.25,3.06,3.4,2.25,3.0,3.6,0.4171779141104294,0.3067484662576687,0.27607361963190186,0.018786286580254885,-0.03331782450487969,0.014531537924624638
2025-10-20,Premier League,West Ham,Brentford,A,0.3405449774163189,0.2663102206440179,0.393144801939663,A,0.35,0.4,0.2499999999999999,1.0900000000000003,2.46,3.37,2.82,2.5,3.25,2.88,0.38427386093454313,0.2805085156970255,0.33521762336843125,-0.04372888351822424,-0.014198295053007626,0.05792717857123175
2025-10-24,Ligue 1,Paris FC,Nantes,A,0.4742371227155082,0.2663841747856955,0.2593787024987961,H,0.35,0.4,0.2499999999999999,1.0900000000000003,1.64,3.99,5.1,1.65,4.1,5.0,0.5771685301475468,0.2372321778050067,0.18559929204744646,-0.10293140743203855,0.029151996980688794,0.07377941045134961
2025-10-24,Premier League,Leeds,West Ham,H,0.4147829685488891,0.2601909187086842,0.3250261127424266,H,0.35,0.4,0.2499999999999999,1.0900000000000003,1.81,3.57,4.59,1.8,3.5,4.75,0.5259453265673596,0.2666557538058602,0.20739891962678017,-0.11116235801847052,-0.006464835097175992,0.11762719311564643
2025-10-24,La Liga,Sociedad,Sevilla,H,0.4276859328572996,0.2742726321374676,0.2980414350052326,H,0.35,0.4,0.2499999999999999,1.0900000000000003,1.99,3.42,3.81,1.95,3.5,3.8,0.47524427472563546,0.27653102535205104,0.24822469992231355,-0.04755834186833585,-0.002258393214583432,0.04981673508291906
2025-10-24,Serie A,Milan,Pisa,D,0.6980584324060252,0.1903753440915881,0.1115662235023865,H,0.35,0.4,0.2499999999999999,1.0900000000000003,1.3,5.19,10.14,1.3,5.5,10.0,0.7253278864760266,0.18168135884755965,0.09299075467641367,-0.027269454070001475,0.008693985244028452,0.01857546882597283
2025-10-24,Bundesliga,Werder Bremen,Union Berlin,H,0.4690787292809985,0.264655956240594,0.2662653144784073,H,0.35,0.4,0.2499999999999999,1.0900000000000003,2.24,3.52,3.03,2.25,3.6,2.9,0.420939631220005,0.2678706744127305,0.31118969436726446,0.04813909806099348,-0.003214718172136477,-0.04492437988885717
2025-10-25,Bundesliga,Hamburg,Wolfsburg,A,0.3870833257848157,0.2660888427974265,0.3468278314177577,H,0.35,0.4,0.2499999999999999,1.0900000000000003,2.32,3.58,2.81,2.35,3.5,2.9,0.40425805518272345,0.26197728715751906,0.33376465765975744,-0.017174729397907762,0.004111555639907449,0.013063173758000257
2025-10-25,La Liga,Girona,Oviedo,D,0.4389671807533424,0.285578375869323,0.2754544433773345,H,0.35,0.4,0.2499999999999999,1.0900000000000003,1.8,3.52,4.6,1.8,3.5,4.75,0.5255777720072707,0.2687613606855362,0.20566086730719293,-0.08661059125392834,0.01681701518378681,0.06979357607014156
2025-10-25,Bundesliga,M'gladbach,Bayern Munich,A,0.0833842417923494,0.1379408198340856,0.7786749383735648,A,0.35,0.4,0.2499999999999999,1.0900000000000003,10.53,6.81,1.22,10.0,6.5,1.22,0.08946621999244057,0.13833763531870766,0.7721961446888518,-0.006081978200091168,-0.0003968154846220595,0.006478793684713047
2025-10-25,Bundesliga,Ein Frankfurt,St Pauli,H,0.6696990832648037,0.1890657982619139,0.1412351184732822,H,0.35,0.4,0.2499999999999999,1.0900000000000003,1.68,4.06,4.43,1.67,4.2,4.5,0.557716518341654,0.23077924896896032,0.21150423268938576,0.11198256492314962,-0.041713450707046434,-0.07026911421610355
2025-10-25,Bundesliga,Dortmund,FC Koln,H,0.6739158123145467,0.1988944234698383,0.1271897642156148,H,0.35,0.4,0.2499999999999999,1.0900000000000003,1.42,4.97,6.36,1.44,5.25,6.5,0.6626972313188448,0.18934206609109852,0.14796070259005653,0.011218580995701832,0.009552357378739773,-0.020770938374441744
2025-10-25,Serie A,Cremonese,Atalanta,D,0.1784815593765955,0.2326140068809657,0.5889044337424387,A,0.35,0.4,0.2499999999999999,1.0900000000000003,5.24,4.01,1.62,5.0,4.2,1.62,0.1804630334413041,0.23581703123003334,0.5837199353286627,-0.0019814740647086104,-0.0032030243490676347,0.005184498413775995
2025-10-25,Ligue 1,Lens,Marseille,H,0.3532269693539572,0.2681540317269132,0.3786189989191293,A,0.35,0.4,0.2499999999999999,1.0900000000000003,2.76,3.53,2.4,2.7,3.6,2.45,0.3410792791922316,0.26667954973670227,0.39224117107106626,0.012147690161725622,0.0014744819902109407,-0.013622172151936951
2025-10-25,Ligue 1,Monaco,Toulouse,H,0.5929061170474834,0.2212708735811273,0.1858230093713893,H,0.35,0.4,0.2499999999999999,1.0900000000000003,1.8,3.86,3.91,1.83,3.9,4.0,0.5190277386119002,0.24203366049259595,0.23893860089550392,0.0738783784355832,-0.020762786911468656,-0.05311559152411463
2025-10-25,Premier League,Brentford,Liverpool,H,0.2423537706176204,0.2294836836710837,0.5281625457112957,A,0.35,0.4,0.2499999999999999,1.0900000000000003,4.28,4.13,1.73,4.1,4.2,1.75,0.22171434600334516,0.22976692515600905,0.5485187288406459,0.02063942461427523,-0.0002832414849253395,-0.02035618312935017
2025-10-25,La Liga,Valencia,Villarreal,A,0.279065051587261,0.2477339641674366,0.4732009842453021,A,0.35,0.4,0.2499999999999999,1.0900000000000003,3.19,3.47,2.18,3.1,3.6,2.2,0.295629609076094,0.2717747703033832,0.4325956206205228,-0.016564557488832954,-0.024040806135946613,0.04060536362477929
2025-10-25,La Liga,Ath Bilbao,Getafe,A,0.596705764363892,0.2287175653861146,0.1745766702499931,H,0.35,0.4,0.2499999999999999,1.0900000000000003,1.65,3.49,6.08,1.67,3.5,6.0,0.5733415834227243,0.2710640723918324,0.1555943441854433,0.023364180941167656,-0.04234650700571779,0.018982326064549804
2025-10-25,La Liga,Espanol,Elche,H,0.4883878793121237,0.2818276544537482,0.2297844662341279,H,0.35,0.4,0.2499999999999999,1.0900000000000003,1.97,3.34,3.91,1.95,3.25,4.1,0.4776332295853616,0.2817178030787912,0.24064896733584717,0.0107546497267621,0.00010985137495700403,-0.01086450110171927
2025-10-25,Premier League,Chelsea,Sunderland,A,0.7205768863522629,0.1824957166078165,0.0969273970399202,H,0.35,0.4,0.2499999999999999,1.0900000000000003,1.37,4.99,8.31,1.36,4.75,9.0,0.694728747367557,0.19073715108087233,0.11453410155157075,0.02584813898470595,-0.008241434473055836,-0.017606704511650542
2025-10-25,Premier League,Man United,Brighton,H,0.3628448801522054,0.2666488264885127,0.3705062933592818,A,0.35,0.4,0.2499999999999999,1.0900000000000003,2.0,3.83,3.45,1.95,3.8,3.5,0.4757592669271068,0.24843825949196174,0.2758024735809315,-0.1129143867749014,0.018210566996550936,0.0947038197783503
2025-10-25,Bundesliga,Hoffenheim,Heidenheim,H,0.502327142390136,0.2683262993285634,0.2293465582813005,H,0.35,0.4,0.2499999999999999,1.0900000000000003,1.57,4.38,5.03,1.57,4.5,5.25,0.5985963901741878,0.21456537273367007,0.1868382370921421,-0.09626924778405177,0.053760926594893316,0.0425083211891584
2025-10-25,Premier League,Newcastle,Fulham,H,0.541907337917008,0.244705770680276,0.2133868914027159,H,0.35,0.4,0.2499999999999999,1.0900000000000003,1.62,3.97,5.44,1.62,3.9,5.5,0.5862164436361662,0.23921174778100487,0.1745718085828289,-0.04430910571915825,0.005494022899271117,0.03881508281988702
2025-10-25,Serie A,Napoli,Inter,H,0.3662352408687102,0.2394227387808877,0.3943420203504018,A,0.35,0.4,0.2499999999999999,1.0900000000000003,2.96,3.17,2.45,3.0,3.1,2.4,0.31827700529061503,0.2971924087256216,0.3845305859837634,0.04795823557809514,-0.05776966994473387,0.009811434366638394
2025-10-25,Serie A,Udinese,Lecce,H,0.4645209404916027,0.2886730030838382,0.2468060564245588,H,0.35,0.4,0.2499999999999999,1.0900000000000003,1.8,3.45,4.64,1.8,3.4,4.75,0.5236506378802749,0.2732090284592738,0.20314033366045145,-0.05912969738867219,0.015463974624564392,0.04366572276410735
2025-10-25,Ligue 1,Brest,Paris SG,A,0.2116061106050674,0.2252738693701226,0.56312002002481,A,0.35,0.4,0.2499999999999999,1.0900000000000003,8.2,5.35,1.32,7.5,5.5,1.33,0.11435326122158172,0.17527041906859256,0.7103763197098258,0.09725284938348568,0.05000345030153003,-0.14725629968501586
2025-10-25,Bundesliga,Augsburg,RB Leipzig,A,0.2558544889266496,0.2705897678354755,0.4735557432378747,A,0.35,0.4,0.2499999999999999,1.0900000000000003,3.25,3.91,1.99,3.2,3.9,2.05,0.28865294796315466,0.2399289209412411,0.47141813109560426,-0.03279845903650508,0.0306608468942344,0.0021376121422704286
2025-10-25,Serie A,Parma,Como,D,0.2753493054009434,0.2768724589857145,0.4477782356133419,A,0.35,0.4,0.2499999999999999,1.0900000000000003,3.8,3.46,1.97,3.9,3.5,1.95,0.2483114877122935,0.27271203852795245,0.47897647375975394,0.02703781768864988,0.0041604204577620485,-0.03119823814641204
2025-10-26,Ligue 1,Auxerre,Le Havre,A,0.4839548774626251,0.2639052511611935,0.2521398713761812,H,0.35,0.4,0.2499999999999999,1.0900000000000003,2.11,3.36,3.41,2.1,3.4,3.5,0.44508843421139527,0.2795049393410845,0.2754066264475202,0.03886644325122984,-0.015599688179890991,-0.023266755071338963
2025-10-26,Serie A,Torino,Genoa,H,0.4706022477193264,0.2754237318574518,0.2539740204232216,H,0.35,0.4,0.2499999999999999,1.0900000000000003,2.3,2.94,3.47,2.25,2.9,3.5,0.4089750168371765,0.31994644174336934,0.27107854141945414,0.061627230882149886,-0.044522709885917555,-0.017104520996232553
2025-10-26,Bundesliga,Leverkusen,Freiburg,H,0.6514665297360516,0.1980682370447168,0.1504652332192314,H,0.35,0.4,0.2499999999999999,1.0900000000000003,1.77,3.82,4.17,1.83,3.9,4.0,0.5297139835792456,0.24544339029718967,0.22484262612356465,0.12175254615680597,-0.04737515325247288,-0.07437739290433326
2025-10-26,Ligue 1,Lyon,Strasbourg,H,0.4306697767061961,0.2553372035177049,0.3139930197760988,H,0.35,0.4,0.2499999999999999,1.0900000000000003,2.06,3.63,3.3,2.1,3.75,3.3,0.45625942684766213,0.2589240824534942,0.2848164906988436,-0.025589650141466025,-0.003586878935789295,0.029176529077255153
2025-10-26,Serie A,Verona,Cagliari,D,0.4185403114825523,0.281172249863276,0.3002874386541716,H,0.35,0.4,0.2499999999999999,1.0900000000000003,2.24,3.06,3.47,2.25,3.0,3.6,0.4205993963256673,0.3078897541730375,0.27151084950129534,-0.002059084843115011,-0.026717504309761497,0.028776589152876286
2025-10-26,Premier League,Wolves,Burnley,A,0.4737685228455586,0.281877531764012,0.2443539453904293,H,0.35,0.4,0.2499999999999999,1.0900000000000003,1.97,3.3,4.06,1.95,3.3,4.2,0.4802632522260299,0.2867026081470542,0.23303413962691602,-0.006494729380471298,-0.004825076383042248,0.011319805763513269
2025-10-26,La Liga,Mallorca,Levante,D,0.4647778682029226,0.2757241436886738,0.2594979881084034,H,0.35,0.4,0.2499999999999999,1.0900000000000003,2.1,3.26,3.58,2.1,3.3,3.6,0.448276921658703,0.28876734217278416,0.2629557361685129,0.01650094654421963,-0.013043198484110341,-0.003457748060109511
2025-10-26,Premier League,Everton,Tottenham,A,0.4663187972378999,0.2690624143052837,0.2646187884568162,H,0.35,0.4,0.2499999999999999,1.0900000000000003,2.35,3.38,2.99,2.35,3.4,3.0,0.40302763232930683,0.2802115195188968,0.31676084815179634,0.06329116490859305,-0.011149105213613064,-0.05214205969498015
2025-10-26,Serie A,Lazio,Juventus,H,0.3652502768252647,0.2510067717714757,0.3837429514032595,A,0.35,0.4,0.2499999999999999,1.0900000000000003,3.2,3.14,2.31,3.2,3.25,2.3,0.29373840783367217,0.29935124365215,0.4069103485141779,0.07151186899159251,-0.04834447188067431,-0.02316739711091842
2025-10-26,Premier League,Aston Villa,Man City,H,0.2658896745586104,0.2615652736066854,0.472545051834704,A,0.35,0.4,0.2499999999999999,1.0900000000000003,4.08,3.8,1.83,4.33,3.8,1.8,0.2323856117415888,0.24950876208044273,0.5181056261779685,0.03350406281702159,0.01205651152624268,-0.04556057434326449
2025-10-26,Serie A,Sassuolo,Roma,A,0.1968808700682341,0.2456846914122229,0.5574344385195429,A,0.35,0.4,0.2499999999999999,1.0900000000000003,4.33,3.53,1.83,4.5,3.5,1.85,0.2177345148253884,0.26707944736372,0.5151860378108916,-0.020853644757154288,-0.02139475595149712,0.042248400708651324
2025-10-26,Serie A,Fiorentina,Bologna,D,0.3492901329884339,0.2506976782722186,0.4000121887393473,A,0.35,0.4,0.2499999999999999,1.0900000000000003,2.66,3.13,2.73,2.7,3.1,2.75,0.3540826686004351,0.3009137055837563,0.3450036258158085,-0.004792535612001159,-0.05021602731153768,0.055008562923538784
2025-10-26,Ligue 1,Angers,Lorient,H,0.3914924193017876,0.2689642653509817,0.3395433153472306,H,0.35,0.4,0.2499999999999999,1.0900000000000003,2.6,3.15,2.78,2.55,3.2,2.88,0.3622337125129266,0.2989865563598759,0.33877973112719756,0.029258706788861,-0.030022291008894197,0.0007635842200330312
2025-10-26,Bundesliga,Stuttgart,Mainz,H,0.5696979394112003,0.2395780846911774,0.1907239758976222,H,0.35,0.4,0.2499999999999999,1.0900000000000003,1.73,3.99,4.22,1.75,4.0,4.33,0.5424356739935118,0.23519140752099632,0.2223729184854918,0.027262265417688503,0.004386677170181069,-0.0316489425878696
2025-10-26,Premier League,Arsenal,Crystal Palace,H,0.6561056367781875,0.192850711883138,0.1510436513386745,H,0.35,0.4,0.2499999999999999,1.0900000000000003,1.41,4.6,7.76,1.4,4.75,7.5,0.6719424135412511,0.20596495719416608,0.12209262926458299,-0.01583677676306361,-0.013114245311028089,0.028951022074091518
2025-10-26,La Liga,Real Madrid,Barcelona,H,0.4570339059083872,0.2467896390962025,0.2961764549954102,H,0.35,0.4,0.2499999999999999,1.0900000000000003,1.99,4.07,3.16,1.95,4.1,3.3,0.4719896949968623,0.23077628821713905,0.2972340167859987,-0.014955789088475058,0.016013350879063443,-0.0010575617905885237
2025-10-26,Ligue 1,Rennes,Nice,A,0.3774270417951827,0.250398948960869,0.3721740092439481,H,0.35,0.4,0.2499999999999999,1.0900000000000003,2.17,3.55,3.11,2.2,3.5,3.2,0.43308476544265606,0.2647306876086095,0.3021845469487343,-0.055657723647473345,-0.01433173864774051,0.0699894622952138
2025-10-26,Ligue 1,Lille,Metz,H,0.7509582142548289,0.1631540834983063,0.0858877022468646,H,0.35,0.4,0.2499999999999999,1.0900000000000003,1.31,5.35,9.04,1.3,5.5,9.5,0.7195428394597031,0.17618712517611423,0.10427003536418265,0.031415374795125794,-0.013033041677807944,-0.01838233311731806
2025-10-26,Premier League,Bournemouth,Nott'm Forest,H,0.5620342469118553,0.2223969413965048,0.2155688116916397,H,0.35,0.4,0.2499999999999999,1.0900000000000003,1.79,3.79,4.29,1.8,3.8,4.33,0.5292279549382696,0.2499519892716366,0.22082005579009384,0.032806291973585755,-0.0275550478751318,-0.00525124409845415
2025-10-26,La Liga,Vallecano,Alaves,H,0.4754207247502373,0.2740650124567061,0.2505142627930565,H,0.35,0.4,0.2499999999999999,1.0900000000000003,2.08,3.06,3.88,2.1,3.1,3.9,0.45129998479549943,0.3067660027368101,0.24193401246769047,0.024120739954737846,-0.03270099028010398,0.008580250325366023
2025-10-26,La Liga,Osasuna,Celta,A,0.4341084591892176,0.2773792176720936,0.2885123231386887,H,0.35,0.4,0.2499999999999999,1.0900000000000003,2.36,3.17,3.08,2.35,3.2,3.2,0.3982931923503688,0.29652111480973825,0.30518569283989294,0.03581526683884878,-0.019141897137644637,-0.016673369701204255
2025-10-27,La Liga,Betis,Ath Madrid,A,0.3544987362754246,0.2563760328997849,0.3891252308247903,A,0.35,0.4,0.2499999999999999,1.0900000000000003,3.1,3.52,2.17,3.1,3.6,2.2,0.3021829776796664,0.26612705420652444,0.43168996811380916,0.05231575859575821,-0.009751021306739549,-0.042564737289018884
2025-10-28,Serie A,Lecce,Napoli,A,0.1544969103350021,0.2144388231803806,0.631064266484617,A,0.35,0.4,0.2499999999999999,1.0900000000000003,6.71,3.81,1.54,6.5,3.75,1.55,0.1404830256261687,0.24741236271695327,0.6121046116568779,0.014013884708833385,-0.03297353953657267,0.018959654827739092
2025-10-28,Serie A,Atalanta,Milan,D,0.4434048591935224,0.2539617134502347,0.3026334273562427,H,0.35,0.4,0.2499999999999999,1.0900000000000003,2.61,3.26,2.68,2.63,3.2,2.75,0.36042606909183916,0.28856197556125773,0.351011955346903,0.08297879010168324,-0.03460026211102302,-0.04837852799066028
2025-10-29,Ligue 1,Paris FC,Lyon,D,0.2776454221518418,0.2493824468608131,0.4729721309873448,A,0.35,0.4,0.2499999999999999,1.0900000000000003,2.63,3.54,2.49,2.7,3.5,2.5,0.3572496808316616,0.2654143109003587,0.3773360082679798,-0.0796042586798198,-0.016031864039545624,0.095636122719365
2025-10-29,Ligue 1,Toulouse,Rennes,D,0.4505757603442282,0.2498163192813877,0.299607920374384,H,0.35,0.4,0.2499999999999999,1.0900000000000003,2.12,3.44,3.32,2.15,3.5,3.3,0.44349176762969866,0.2733146940043492,0.2831935383659522,0.00708399271452953,-0.023498374722961513,0.016414382008431816
2025-10-29,Serie A,Bologna,Torino,D,0.608793933516908,0.2150811463409302,0.1761249201421618,H,0.35,0.4,0.2499999999999999,1.0900000000000003,1.77,3.45,4.86,1.75,3.5,5.0,0.5326966517027422,0.2732965430474938,0.19400680524976407,0.07609728181416586,-0.05821539670656359,-0.017881885107602274
2025-10-29,Ligue 1,Metz,Lens,H,0.1459788513025804,0.2431668224205547,0.6108543262768649,A,0.35,0.4,0.2499999999999999,1.0900000000000003,6.06,4.4,1.49,6.25,4.5,1.5,0.15517380128475194,0.21371664449672653,0.6311095542185213,-0.009194949982171546,0.029450177923828175,-0.020255227941656462
2025-10-29,Serie A,Roma,Parma,H,0.7140030805228168,0.1965816909751969,0.0894152285019862,H,0.35,0.4,0.2499999999999999,1.0900000000000003,1.5,4.04,6.86,1.53,3.75,7.5,0.6289521700057189,0.23352184529915307,0.13752598469512803,0.0850509105170979,-0.03694015432395617,-0.048110756193141826
2025-10-29,Serie A,Genoa,Cremonese,A,0.4308236983544963,0.2829502880144667,0.2862260136310368,H,0.35,0.4,0.2499999999999999,1.0900000000000003,1.84,3.28,4.72,1.85,3.25,4.75,0.5126086035176943,0.28756092392456023,0.19983047255774528,-0.08178490516319803,-0.00461063591009353,0.0863955410732915
2025-10-29,Ligue 1,Marseille,Angers,D,0.7628794841327554,0.1519024462845696,0.0852180695826748,H,0.35,0.4,0.2499999999999999,1.0900000000000003,1.22,6.13,12.53,1.22,6.5,12.0,0.7713742830716019,0.15351984100283106,0.07510587592556699,-0.008494798938846526,-0.0016173947182614723,0.010112193657107818
2025-10-29,Serie A,Como,Verona,H,0.569046579419052,0.2500914522872952,0.1808619682936526,H,0.35,0.4,0.2499999999999999,1.0900000000000003,1.6,3.7,6.03,1.6,3.6,6.5,0.5890071015602314,0.25470577364766755,0.1562871247921012,-0.019960522141179382,-0.004614321360372375,0.024574843501551397
2025-10-29,Ligue 1,Strasbourg,Auxerre,H,0.6545977886895216,0.1983831727723013,0.1470190385381769,H,0.35,0.4,0.2499999999999999,1.0900000000000003,1.71,3.87,4.55,1.75,3.8,4.5,0.5501504372522004,0.24308972808818152,0.20675983465961814,0.1044473514373212,-0.04470655531588022,-0.05974079612144123
2025-10-29,Ligue 1,Nantes,Monaco,A,0.237058678420639,0.2370686047173344,0.5258727168620264,A,0.35,0.4,0.2499999999999999,1.0900000000000003,4.78,3.98,1.66,4.75,4.0,1.7,0.19683012572245726,0.23639397008878033,0.5667759041887626,0.040228552698181735,0.0006746346285540772,-0.040903187326736146
2025-10-29,Ligue 1,Le Havre,Brest,H,0.3021330848082489,0.270989082178968,0.4268778330127828,A,0.35,0.4,0.2499999999999999,1.0900000000000003,2.51,3.29,2.76,2.55,3.2,2.9,0.3742041300755381,0.28548704148620074,0.3403088284382611,-0.07207104526728919,-0.014497959307232744,0.08656900457452171
2025-10-29,Ligue 1,Nice,Lille,H,0.3835204179196902,0.2556599988194885,0.3608195832608212,H,0.35,0.4,0.2499999999999999,1.0900000000000003,2.91,3.46,2.32,3.0,3.5,2.3,0.3230651587716826,0.27171087052762904,0.40522397070068816,0.06045525914800759,-0.01605087170814057,-0.044404387439866966
2025-10-29,Serie A,Juventus,Udinese,H,0.6468903921353862,0.1971979102454789,0.1559116976191348,H,0.35,0.4,0.2499999999999999,1.0900000000000003,1.44,4.32,7.42,1.44,4.1,8.5,0.6547058823529412,0.21823529411764708,0.12705882352941178,-0.00781549021755501,-0.02103738387216819,0.028852874089723007
2025-10-29,Serie A,Inter,Fiorentina,H,0.6780937042764463,0.183181413908429,0.1387248818151245,H,0.35,0.4,0.2499999999999999,1.0900000000000003,1.38,4.77,8.1,1.38,4.5,8.5,0.6850823439295289,0.1981999234009958,0.1167177326694753,-0.006988639653082607,-0.015018509492566778,0.02200714914564919
2025-10-29,Ligue 1,Lorient,Paris SG,D,0.1069936803251168,0.1714026204445898,0.7216036992302933,A,0.35,0.4,0.2499999999999999,1.0900000000000003,10.17,6.12,1.25,9.5,6.5,1.25,0.09261176060404659,0.15389895512143037,0.7534892842745231,0.01438191972107021,0.017503665323159417,-0.03188558504422978
2025-10-30,Serie A,Cagliari,Sassuolo,A,0.4232660245415783,0.286726976405572,0.2900069990528494,H,0.35,0.4,0.2499999999999999,1.0900000000000003,2.54,3.17,2.83,2.6,3.1,2.88,0.37053665467492175,0.2968968778783285,0.3325664674467496,0.05272936986665655,-0.010169901472756537,-0.042559468393900235
2025-10-30,Serie A,Pisa,Lazio,D,0.2382136573883532,0.2603098555267046,0.501476487084942,A,0.35,0.4,0.2499999999999999,1.0900000000000003,3.64,3.22,2.09,3.7,3.25,2.1,0.2582603556653951,0.29194648901305537,0.44979315532154945,-0.02004669827704192,-0.03163663348635076,0.051683331763392515
2025-10-31,La Liga,Getafe,Girona,H,0.4500866202328201,0.2776151723521702,0.2722982074150096,H,0.35,0.4,0.2499999999999999,1.0900000000000003,2.15,2.95,3.91,2.15,3.0,3.8,0.4388494682976012,0.3198394429965568,0.24131108870584211,0.011237151935218903,-0.04222427064438661,0.030987118709167483
2025-10-31,Bundesliga,Augsburg,Dortmund,A,0.2051120819310136,0.2345732835940908,0.5603146344748955,A,0.35,0.4,0.2499999999999999,1.0900000000000003,5.03,4.34,1.58,5.0,4.5,1.57,0.18717721947437957,0.2169358096673109,0.5958869708583097,0.017934862456634032,0.01763747392677989,-0.03557233638341417
2025-11-01,Premier League,Fulham,Wolves,H,0.5456119972929864,0.2370103111195989,0.2173776915874146,H,0.35,0.4,0.2499999999999999,1.0900000000000003,1.84,3.46,4.51,1.83,3.5,4.5,0.5155239284558003,0.27415145328285334,0.21032461826134646,0.030088068837186066,-0.037141142163254454,0.007053073326068138
2025-11-01,Bundesliga,Bayern Munich,Leverkusen,H,0.5870230913783162,0.2046667543728244,0.2083101542488593,H,0.35,0.4,0.2499999999999999,1.0900000000000003,1.22,6.85,10.44,1.22,7.0,9.5,0.7722243698694926,0.13753485127602644,0.09024077885448094,-0.1852012784911764,0.06713190309679795,0.11806937539437835
2025-11-01,La Liga,Real Madrid,Valencia,H,0.7888210689969898,0.1402968091625132,0.0708821218404969,H,0.35,0.4,0.2499999999999999,1.0900000000000003,1.17,7.58,14.28,1.17,8.0,15.0,0.8088741027032116,0.124852598966063,0.06627329833072532,-0.0200530337062218,0.01544421019645019,0.004608823509771584
2025-11-01,Bundesliga,St Pauli,M'gladbach,A,0.4226897384510791,0.2597367183215974,0.3175735432273234,H,0.35,0.4,0.2499999999999999,1.0900000000000003,2.11,3.44,3.34,2.15,3.5,3.3,0.445412748009335,0.27320374950572585,0.2813835024849392,-0.022723009558255902,-0.013467031184128453,0.03619004074238419
2025-11-01,Bundesliga,Mainz,Werder Bremen,D,0.4216625297039708,0.2652850455635009,0.3130524247325281,H,0.35,0.4,0.2499999999999999,1.0900000000000003,1.99,3.77,3.37,1.95,3.9,3.5,0.47206420569602614,0.2491797796644807,0.2787560146394932,-0.05040167599205536,0.0161052658990202,0.03429641009303491
2025-11-01,Serie A,Cremonese,Juventus,A,0.2199511487913288,0.2436621807485027,0.5363866704601683,A,0.35,0.4,0.2499999999999999,1.0900000000000003,6.8,4.2,1.48,6.5,4.33,1.5,0.13862622658340767,0.22444246208742194,0.6369313113291704,0.08132492220792112,0.01921971866108077,-0.10054464086900206
2025-11-01,Ligue 1,Paris SG,Nice,H,0.6767102884122411,0.1844665779720045,0.1388231336157543,H,0.35,0.4,0.2499999999999999,1.0900000000000003,1.24,6.28,10.01,1.25,6.0,10.0,0.7568141541780637,0.14943464190777053,0.09375120391416573,-0.08010386576582262,0.035031936064233965,0.04507192970158856
2025-11-01,Serie A,Udinese,Atalanta,H,0.2366898327711715,0.2559617389228713,0.507348428305957,A,0.35,0.4,0.2499999999999999,1.0900000000000003,4.3,3.69,1.8,4.5,3.6,1.8,0.21957750669443618,0.2558762273132997,0.5245462659922643,0.017112326076735324,8.551160957159798e-05,-0.017197837686307227
2025-11-01,Premier League,Liverpool,Aston Villa,H,0.5578217477195933,0.221342896186606,0.2208353560938005,H,0.35,0.4,0.2499999999999999,1.0900000000000003,1.63,4.32,4.81,1.65,4.33,4.5,0.5826853350008834,0.2198558092711666,0.19745885572795008,-0.024863587281290123,0.0014870869154393895,0.023376500365850428
2025-11-01,Bundesliga,RB Leipzig,Stuttgart,H,0.5096093999374034,0.2670360943396058,0.2233545057229905,H,0.35,0.4,0.2499999999999999,1.0900000000000003,1.97,3.87,3.35,1.95,3.9,3.5,0.4768481567167747,0.24273665858709204,0.2804151846961332,0.03276124322062868,0.024299435752513754,-0.05706067897314268
2025-11-01,Ligue 1,Auxerre,Marseille,A,0.1885186201071719,0.2184759812575465,0.5930053986352813,A,0.35,0.4,0.2499999999999999,1.0900000000000003,4.76,3.98,1.66,4.75,4.0,1.67,0.19749381225114487,0.2361986297274999,0.5663075580213552,-0.008975192143972965,-0.01772264846995339,0.026697840613926105
2025-11-01,Premier League,Burnley,Arsenal,A,0.118818240213995,0.1879045944092659,0.6932771653767389,A,0.35,0.4,0.2499999999999999,1.0900000000000003,10.97,5.65,1.28,10.0,6.0,1.27,0.08686659275639277,0.16865956151108474,0.7444738457325225,0.03195164745760222,0.019245032898181164,-0.05119668035578362
2025-11-01,Premier League,Tottenham,Chelsea,A,0.320874479137019,0.2529661834071677,0.4261593374558131,A,0.35,0.4,0.2499999999999999,1.0900000000000003,2.71,3.52,2.5,2.7,3.5,2.5,0.3503993756520216,0.2697677011411871,0.37983292320679146,-0.02952489651500262,-0.01680151773401939,0.04632641424902162
2025-11-01,Serie A,Napoli,Como,D,0.6108057070373504,0.2294947566189438,0.1596995363437056,H,0.35,0.4,0.2499999999999999,1.0900000000000003,1.93,3.21,4.35,1.95,3.1,4.5,0.48901566489110226,0.29401876424916734,0.21696557085973042,0.12179004214624811,-0.06452400763022353,-0.05726603451602483
2025-11-01,Premier League,Crystal Palace,Brentford,H,0.4903088468838172,0.25360462483179,0.2560865282843926,H,0.35,0.4,0.2499999999999999,1.0900000000000003,1.92,3.65,3.85,1.91,3.6,3.9,0.49389333099024696,0.25980142342500656,0.24630524558474648,-0.003584484106429753,-0.006196798593216535,0.009781282699646121
2025-11-01,La Liga,Ath Madrid,Sevilla,H,0.7004440063673539,0.1882854171564665,0.1112705764761795,H,0.35,0.4,0.2499999999999999,1.0900000000000003,1.32,5.3,8.78,1.33,5.0,9.0,0.7145928414793702,0.1779740661797677,0.10743309234086205,-0.014148835112016256,0.010311350976698802,0.00383748413531744
2025-11-01,La Liga,Villarreal,Vallecano,H,0.5857702474522684,0.2401811016306231,0.1740486509171084,H,0.35,0.4,0.2499999999999999,1.0900000000000003,1.69,3.85,4.8,1.7,3.8,5.0,0.5583334592202064,0.24508663534601266,0.196579905433781,0.02743678823206197,-0.004905533715389571,-0.022531254516672622
2025-11-01,La Liga,Sociedad,Ath Bilbao,H,0.2960566676988391,0.2778285089132721,0.4261148233878887,A,0.35,0.4,0.2499999999999999,1.0900000000000003,2.74,2.98,2.77,2.7,3.0,2.8,0.3438041450086632,0.31611522057843533,0.34008063441290154,-0.04774747730982409,-0.03828671166516323,0.08603418897498716
2025-11-01,Ligue 1,Monaco,Paris FC,A,0.6798291692225856,0.1874840105541997,0.1326868202232144,H,0.35,0.4,0.2499999999999999,1.0900000000000003,1.67,4.26,4.36,1.67,4.33,4.33,0.5633655858533775,0.220849889289939,0.21578452485668353,0.11646358336920815,-0.03336587873573932,-0.08309770463346913
2025-11-01,Premier League,Brighton,Leeds,H,0.6396628616851738,0.2120637482404832,0.1482733900743428,H,0.35,0.4,0.2499999999999999,1.0900000000000003,1.85,3.74,4.11,1.85,3.75,4.0,0.5141985488678292,0.2543495495736588,0.23145190155851195,0.1254643128173446,-0.04228580133317558,-0.08317851148416916
2025-11-01,Bundesliga,Heidenheim,Ein Frankfurt,D,0.2176708755721619,0.2404772265869633,0.5418518978408746,A,0.35,0.4,0.2499999999999999,1.0900000000000003,3.48,3.96,1.91,3.6,4.0,1.9,0.2702134956700677,0.23746034467975646,0.4923261596501757,-0.05254262009790581,0.0030168819072068365,0.04952573819069894
2025-11-01,Premier League,Nott'm Forest,Man United,D,0.3344395917582828,0.2569355183290701,0.408624889912647,A,0.35,0.4,0.2499999999999999,1.0900000000000003,3.41,3.67,2.05,3.3,3.75,2.05,0.2783522699944873,0.25863249064882887,0.46301523935668387,0.056087321763795495,-0.0016969723197587938,-0.05439034944403687
2025-11-01,Bundesliga,Union Berlin,Freiburg,D,0.3558540253624571,0.2730026033639956,0.3711433712735471,A,0.35,0.4,0.2499999999999999,1.0900000000000003,2.56,3.23,2.74,2.5,3.3,2.75,0.36671998143651535,0.2906511307979812,0.3426288877655034,-0.01086595607405827,-0.017648527433985595,0.028514483508043698
2025-11-02,La Liga,Betis,Mallorca,H,0.578378054993891,0.2470996999404868,0.174522245065622,H,0.35,0.4,0.2499999999999999,1.0900000000000003,1.58,4.02,5.42,1.57,4.2,5.25,0.593631142449242,0.23331771270393098,0.17305114484682702,-0.015253087455350922,0.013781987236555826,0.001471100218794985
2025-11-02,Serie A,Torino,Pisa,D,0.532846029845934,0.2539168830555482,0.2132370870985176,H,0.35,0.4,0.2499999999999999,1.0900000000000003,1.93,3.29,4.16,1.95,3.25,4.33,0.48766965141511287,0.2860797651158564,0.22625058346903068,0.04517637843082112,-0.03216288206030821,-0.013013496370513078
2025-11-02,Ligue 1,Nantes,Metz,A,0.5853343200326564,0.2385241064293771,0.1761415735379664,H,0.35,0.4,0.2499999999999999,1.0900000000000003,1.89,3.52,4.0,1.91,3.6,4.0,0.4976531131595318,0.2672057908725895,0.23514109596787874,0.08768120687312458,-0.028681684443212396,-0.058999522429912354
2025-11-02,La Liga,Levante,Celta,A,0.3386117930604195,0.2849612414199566,0.3764269655196238,A,0.35,0.4,0.2499999999999999,1.0900000000000003,2.81,3.35,2.43,2.88,3.4,2.45,0.3338692412118628,0.28005151277771173,0.3860792460104256,0.004742551848556709,0.0049097286422448705,-0.009652280490801801
2025-11-02,Premier League,Man City,Bournemouth,H,0.6409562768857074,0.2015142975951934,0.1575294255190989,H,0.35,0.4,0.2499999999999999,1.0900000000000003,1.49,4.64,5.9,1.5,4.75,5.75,0.6354600446604736,0.20405936778967795,0.1604805875498484,0.005496232225233877,-0.00254507019448455,-0.0029511620307494935
2025-11-02,Premier League,West Ham,Newcastle,H,0.2363352548317092,0.2650661830471974,0.4985985621210932,A,0.35,0.4,0.2499999999999999,1.0900000000000003,4.99,4.08,1.64,5.25,4.0,1.62,0.18990747573366634,0.2322642901742635,0.5778282340920702,0.046427779098042854,0.03280189287293392,-0.07922967197097697
2025-11-02,Ligue 1,Lens,Lorient,H,0.6304289923418392,0.219878318174917,0.1496926894832436,H,0.35,0.4,0.2499999999999999,1.0900000000000003,1.45,4.46,6.61,1.48,4.33,6.5,0.6474684892636184,0.21049984516418088,0.1420316655722007,-0.017039496921779196,0.009378473010736105,0.007661023911042897
2025-11-02,La Liga,Barcelona,Elche,H,0.7880151041506828,0.1456619510933399,0.0663229447559772,H,0.35,0.4,0.2499999999999999,1.0900000000000003,1.21,6.46,12.22,1.22,6.25,12.0,0.7774088080044118,0.1456137240998976,0.07697746789569053,0.010606296146270955,4.822699344231296e-05,-0.010654523139713323
2025-11-02,Ligue 1,Rennes,Strasbourg,H,0.3072757467017867,0.2465422209188829,0.4461820323793302,A,0.35,0.4,0.2499999999999999,1.0900000000000003,2.3,3.56,2.86,2.25,3.6,3.0,0.4081194183007584,0.2636726578909394,0.3282079238083022,-0.10084367159897167,-0.017130436972056517,0.11797410857102797
2025-11-02,Serie A,Milan,Roma,H,0.4212224276177617,0.264837880958661,0.3139396914235769,H,0.35,0.4,0.2499999999999999,1.0900000000000003,2.13,3.12,3.68,2.2,3.0,3.7,0.4421850448285424,0.3018763286810241,0.2559386264904335,-0.020962617210780687,-0.03703844772236309,0.05800106493314344
2025-11-02,Ligue 1,Lille,Angers,H,0.7258881609889282,0.1727974782957255,0.1013143607153461,H,0.35,0.4,0.2499999999999999,1.0900000000000003,1.28,5.52,10.33,1.27,6.0,10.0,0.7375746349741817,0.17103179941430305,0.09139356561151527,-0.011686473985253576,0.0017656788814224555,0.009920795103830829
2025-11-02,Serie A,Fiorentina,Lecce,A,0.5866649255505034,0.2319124090137815,0.181422665435715,H,0.35,0.4,0.2499999999999999,1.0900000000000003,1.62,3.73,5.62,1.62,3.8,5.75,0.5805270620555197,0.25213239692491746,0.16734054101956267,0.006137863494983686,-0.020219987911135967,0.014082124416152336
2025-11-02,Bundesliga,Wolfsburg,Hoffenheim,A,0.3867934239890958,0.279606759520661,0.3335998164902431,H,0.35,0.4,0.2499999999999999,1.0900000000000003,2.76,3.68,2.31,2.75,3.9,2.3,0.33958103638368253,0.25468577728776187,0.4057331863285557,0.04721238760541324,0.024920982232899125,-0.07213336983831259
2025-11-02,Serie A,Parma,Bologna,A,0.1996961314412947,0.2429830591433137,0.5573208094153914,A,0.35,0.4,0.2499999999999999,1.0900000000000003,4.02,3.08,2.05,4.2,3.0,2.05,0.23440226309185275,0.3059406161133922,0.4596571207947551,-0.03470613165055805,-0.06295755697007849,0.09766368862063629
2025-11-02,Ligue 1,Brest,Lyon,D,0.3299490687033687,0.247067540725329,0.4229833905713021,A,0.35,0.4,0.2499999999999999,1.0900000000000003,3.05,3.48,2.22,3.1,3.5,2.25,0.3076628993333493,0.2696470813122745,0.4226900193543762,0.022286169370019426,-0.0225795405869455,0.0002933712169258529
2025-11-02,Serie A,Verona,Inter,A,0.113553638431343,0.1883655335507565,0.6980808280179003,A,0.35,0.4,0.2499999999999999,1.0900000000000003,7.59,4.7,1.39,7.5,4.5,1.42,0.12383402108950435,0.1999787702275187,0.676187208682977,-0.01028038265816135,-0.0116132366767622,0.021893619334923287
2025-11-02,Ligue 1,Toulouse,Le Havre,D,0.5476468519836002,0.2436295701413082,0.2087235778750915,H,0.35,0.4,0.2499999999999999,1.0900000000000003,1.73,3.67,4.65,1.75,3.7,4.75,0.5424662498291433,0.25571297335270243,0.20182077681815436,0.005180602154456926,-0.012083403211394228,0.006902801056937136
2025-11-02,La Liga,Alaves,Espanol,H,0.4000373474243782,0.2946242880598348,0.3053383645157868,H,0.35,0.4,0.2499999999999999,1.0900000000000003,2.38,3.01,3.24,2.38,3.0,3.3,0.3959979534989483,0.3131146609061452,0.29088738559490646,0.004039393925429902,-0.018490372846310388,0.01445097892088032
2025-11-02,Bundesliga,FC Koln,Hamburg,H,0.4570683378528244,0.2882381105382159,0.2546935516089594,H,0.35,0.4,0.2499999999999999,1.0900000000000003,2.1,3.64,3.19,2.1,3.7,3.2,0.4473811963967851,0.2581045363827606,0.2945142672204542,0.009687141456039328,0.03013357415545531,-0.039820715611494806
2025-11-03,Serie A,Sassuolo,Genoa,A,0.4480001756262078,0.2712723071050102,0.2807275172687817,H,0.35,0.4,0.2499999999999999,1.0900000000000003,2.42,3.02,3.12,2.45,3.0,3.2,0.38805330873268207,0.31095662487850684,0.30099006638881104,0.05994686689352574,-0.039684317773496625,-0.02026254912002934
2025-11-03,Serie A,Lazio,Cagliari,H,0.6598669895082714,0.2032539107066988,0.1368790997850297,H,0.35,0.4,0.2499999999999999,1.0900000000000003,1.55,3.95,6.05,1.53,3.8,7.0,0.6065740211942383,0.23802271717748588,0.15540326162827595,0.05329296831403307,-0.03476880647078709,-0.018524161843246234
2025-11-03,Premier League,Sunderland,Everton,D,0.316648841869141,0.2776470887738627,0.4057040693569962,A,0.35,0.4,0.2499999999999999,1.0900000000000003,2.74,3.12,2.67,2.7,3.2,2.7,0.34430254184748915,0.3023682579045257,0.35332920024798514,-0.027653699978348156,-0.024721169130663023,0.05237486910901107
2025-11-03,La Liga,Oviedo,Osasuna,D,0.3631079535717718,0.2763971979256179,0.3604948485026102,H,0.35,0.4,0.2499999999999999,1.0900000000000003,2.95,3.01,2.52,3.0,3.1,2.5,0.3173896488093495,0.3110629448463724,0.3715474063442782,0.04571830476242228,-0.034665746920754525,-0.011052557841667976
2025-11-07,Ligue 1,Paris FC,Rennes,A,0.3823006441200884,0.2672087907848821,0.3504905650950292,H,0.35,0.4,0.2499999999999999,1.0900000000000003,2.19,3.5,3.13,2.2,3.5,3.2,0.4300345048224317,0.2690787330174644,0.30088676216010396,-0.04773386070234331,-0.0018699422325823,0.04960380293492522
2025-11-07,Serie A,Pisa,Cremonese,H,0.4215980852193031,0.2749757119878424,0.3034262027928544,H,0.35,0.4,0.2499999999999999,1.0900000000000003,2.26,3.03,3.49,2.25,3.1,3.4,0.4178088415995322,0.31163299736466754,0.27055816103580016,0.003789243619770899,-0.036657285376825166,0.03286804175705427
2025-11-07,Bundesliga,Werder Bremen,Wolfsburg,H,0.5142796837249111,0.2583662987507488,0.2273540175243401,H,0.35,0.4,0.2499999999999999,1.0900000000000003,2.18,3.64,3.07,2.15,3.6,3.1,0.4330881384046569,0.2593769620115802,0.3075348995837629,0.08119154532025419,-0.0010106632608314348,-0.08018088205942281
2025-11-07,La Liga,Elche,Sociedad,D,0.3433640861947439,0.2783681149819266,0.3782677988233294,A,0.35,0.4,0.2499999999999999,1.0900000000000003,2.71,3.13,2.7,2.7,3.2,2.7,0.348490534137722,0.30172822604256444,0.3497812398197136,-0.0051264479429781185,-0.023360111060637845,0.028486559003615797
2025-11-08,Serie A,Parma,Milan,D,0.1602319684404529,0.2267724828348525,0.6129955487246944,A,0.35,0.4,0.2499999999999999,1.0900000000000003,5.89,3.87,1.58,5.75,4.0,1.57,0.16000481485067425,0.2435215399148504,0.5964736452344753,0.0002271535897786503,-0.01674905707999791,0.016521903490219092
2025-11-08,Ligue 1,Marseille,Brest,H,0.6457194715788914,0.1973086825426616,0.1569718458784467,H,0.35,0.4,0.2499999999999999,1.0900000000000003,1.44,4.61,6.58,1.44,4.75,6.5,0.6530785361505704,0.20399850153076385,0.14292296231866586,-0.007359064571679008,-0.006689818988102253,0.014048883559780845
2025-11-08,Bundesliga,Hoffenheim,RB Leipzig,H,0.2627232804828925,0.2623270344933682,0.4749496850237391,A,0.35,0.4,0.2499999999999999,1.0900000000000003,2.64,3.8,2.36,2.6,3.9,2.4,0.3554442260130636,0.24694019912486523,0.39761557486207116,-0.09272094553017107,0.015386835368502966,0.07733411016166791
2025-11-08,La Liga,Ath Madrid,Levante,H,0.7564286041670982,0.161194809198009,0.0823765866348925,H,0.35,0.4,0.2499999999999999,1.0900000000000003,1.21,6.53,12.28,1.22,6.5,12.0,0.7789176141468792,0.14433236035493474,0.07675002549818599,-0.022489009979780983,0.01686244884307425,0.005626561136706509
2025-11-08,La Liga,Espanol,Villarreal,A,0.2369689808342753,0.2523758836654322,0.5106551355002925,A,0.35,0.4,0.2499999999999999,1.0900000000000003,2.82,3.54,2.37,2.8,3.5,2.38,0.33484195402298855,0.2667385057471265,0.39841954022988507,-0.09787297318871324,-0.01436262208169431,0.11223559527040744
2025-11-08,La Liga,Sevilla,Osasuna,H,0.3935044877678676,0.2713772333126796,0.3351182789194525,H,0.35,0.4,0.2499999999999999,1.0900000000000003,2.16,3.21,3.52,2.15,3.3,3.5,0.4373432419879238,0.29428704133766836,0.26836971667440784,-0.043838754220056175,-0.022909808024988765,0.06674856224504466
2025-11-08,Serie A,Como,Cagliari,D,0.60148794832635,0.2363518573516956,0.1621601943219542,H,0.35,0.4,0.2499999999999999,1.0900000000000003,1.48,4.27,6.69,1.48,4.5,6.5,0.6378242842246986,0.22107258563291662,0.1411031301423847,-0.036336335898348615,0.015279271718778964,0.021057064179569485
2025-11-08,Premier League,Sunderland,Arsenal,D,0.1326030538276232,0.2039255100412658,0.6634714361311109,A,0.35,0.4,0.2499999999999999,1.0900000000000003,8.39,4.67,1.39,7.5,5.0,1.38,0.11321765004438845,0.20340387234955443,0.6833784776060571,0.019385403783234736,0.0005216376917113741,-0.019907041474946152
2025-11-08,Bundesliga,M'gladbach,FC Koln,H,0.4210472033464163,0.2749839407332189,0.3039688559203646,H,0.35,0.4,0.2499999999999999,1.0900000000000003,2.19,3.54,3.06,2.2,3.6,3.1,0.4283883826879271,0.2650199316628702,0.30659168564920275,-0.007341179341510795,0.009964009070348723,-0.0026228297288381497
2025-11-08,Premier League,West Ham,Burnley,H,0.4959750021725257,0.2798353197824503,0.2241896780450238,H,0.35,0.4,0.2499999999999999,1.0900000000000003,1.94,3.5,3.98,1.91,3.5,4.0,0.48978242830822893,0.2714794031194183,0.23873816857235275,0.00619257386429678,0.008355916663031981,-0.014548490527328956
2025-11-08,Ligue 1,Monaco,Lens,A,0.4875951831096027,0.252233578499381,0.2601712383910161,H,0.35,0.4,0.2499999999999999,1.0900000000000003,2.03,3.82,3.23,2.05,3.9,3.2,0.46298512951170917,0.24603660023789778,0.2909782702503931,0.024610053597893533,0.006196978261483216,-0.030807031859377
2025-11-08,Serie A,Juventus,Torino,D,0.5949226262536229,0.2325779202444582,0.1724994535019186,H,0.35,0.4,0.2499999999999999,1.0900000000000003,1.49,4.07,7.02,1.5,4.1,7.0,0.6335754121808163,0.23194775531926687,0.13447683249991685,-0.038652785927193345,0.0006301649251913288,0.03802262100200174
2025-11-08,Premier League,Chelsea,Wolves,H,0.707363932178544,0.1827015490776306,0.1099345187438253,H,0.35,0.4,0.2499999999999999,1.0900000000000003,1.36,5.06,8.27,1.36,4.75,8.5,0.6977273864110045,0.18753147144643603,0.1147411421425594,0.009636545767539473,-0.004829922368805445,-0.004806623398734097
2025-11-08,Serie A,Lecce,Verona,D,0.4414861963424021,0.2819762172092319,0.2765375864483657,H,0.35,0.4,0.2499999999999999,1.0900000000000003,2.73,2.86,2.91,2.75,2.9,2.9,0.34569901182569246,0.32998542037907014,0.3243155677952373,0.09578718451670964,-0.048009203169838255,-0.04777798134687161
2025-11-08,Bundesliga,Union Berlin,Bayern Munich,D,0.1074350262341631,0.1721779298253538,0.7203870439404829,A,0.35,0.4,0.2499999999999999,1.0900000000000003,12.03,6.7,1.2,13.0,7.0,1.2,0.07799994179108821,0.14005064175325238,0.7819494164556593,0.029435084443074883,0.03212728807210141,-0.06156237251517638
2025-11-08,Ligue 1,Le Havre,Nantes,D,0.4544179736315822,0.2733772225279217,0.2722048038404959,H,0.35,0.4,0.2499999999999999,1.0900000000000003,1.89,3.32,4.29,1.9,3.3,4.5,0.4975528982697367,0.28324547521981996,0.2192016265104434,-0.04313492463815449,-0.009868252691898283,0.0530031773300525
2025-11-08,Bundesliga,Hamburg,Dortmund,D,0.1669603824509189,0.2173041877523399,0.615735429796741,A,0.35,0.4,0.2499999999999999,1.0900000000000003,4.45,4.21,1.66,4.33,4.2,1.7,0.21107154614452991,0.22310412834754353,0.5658243255079266,-0.04411116369361101,-0.00579994059520364,0.0499111042888144
2025-11-08,Premier League,Tottenham,Man United,D,0.384505394736253,0.2667961943147211,0.3486984109490256,H,0.35,0.4,0.2499999999999999,1.0900000000000003,2.65,3.58,2.52,2.63,3.6,2.5,0.3581904663590958,0.2651409876680457,0.3766685459728586,0.02631492837715721,0.0016552066466754,-0.027970135023832998
2025-11-08,Premier League,Everton,Fulham,H,0.4401427086926623,0.2640810830887489,0.2957762082185885,H,0.35,0.4,0.2499999999999999,1.0900000000000003,2.2,3.28,3.4,2.2,3.3,3.4,0.4314453729495512,0.2893840916125039,0.27917053543794496,0.008697335743111101,-0.025303008523755,0.016605672780643566
2025-11-08,Bundesliga,Leverkusen,Heidenheim,H,0.7751414645193186,0.1509309919183738,0.0739275435623074,H,0.35,0.4,0.2499999999999999,1.0900000000000003,1.39,4.86,7.14,1.4,5.0,6.5,0.675362589625616,0.19315925917275845,0.1314781512016255,0.09977887489370263,-0.04222826725438464,-0.057550607639318116
2025-11-08,La Liga,Girona,Alaves,H,0.3999382251736358,0.2856145730010953,0.3144472018252687,H,0.35,0.4,0.2499999999999999,1.0900000000000003,2.41,3.16,3.05,2.4,3.25,3.0,0.3917233306644014,0.2987510211712681,0.3095256481643303,0.008214894509234405,-0.013136448170172843,0.0049215536609383825
2025-11-09,Ligue 1,Strasbourg,Lille,H,0.4017334973307098,0.2469198353984652,0.3513466672708248,H,0.35,0.4,0.2499999999999999,1.0900000000000003,2.69,3.51,2.46,2.63,3.5,2.55,0.34966530195716355,0.2679771117563447,0.3823575862864918,0.05206819537354623,-0.02105727635787949,-0.031010919015666993
2025-11-09,Bundesliga,Stuttgart,Augsburg,H,0.6182696248010686,0.2207018257962683,0.1610285494026629,H,0.35,0.4,0.2499999999999999,1.0900000000000003,1.5,4.49,5.63,1.55,4.33,5.75,0.624802576454508,0.20873137298034786,0.16646605056514424,-0.006532951653439367,0.011970452815920435,-0.005437501162481345
2025-11-09,La Liga,Ath Bilbao,Oviedo,H,0.5963642184595075,0.2269683882252978,0.1766673933151945,H,0.35,0.4,0.2499999999999999,1.0900000000000003,1.48,3.9,7.53,1.5,3.8,8.0,0.6345039474195932,0.24078611337974307,0.12470993920066373,-0.03813972896008566,-0.013817725154445265,0.05195745411453076
2025-11-09,Premier League,Man City,Liverpool,H,0.4873004340530121,0.2306419363117448,0.2820576296352428,H,0.35,0.4,0.2499999999999999,1.0900000000000003,1.88,3.92,3.72,1.9,3.9,3.7,0.5037864131336024,0.24161185119672768,0.25460173566967,-0.016485979080590296,-0.01096991488498289,0.027455893965572797
2025-11-09,Premier League,Brentford,Newcastle,H,0.3938675474882744,0.2577482128796121,0.3483842396321134,H,0.35,0.4,0.2499999999999999,1.0900000000000003,2.84,3.4,2.45,2.8,3.5,2.45,0.3339480436177037,0.2789448364336113,0.387107119948685,0.05991950387057071,-0.021196623553999205,-0.03872288031657162
2025-11-09,Bundesliga,Ein Frankfurt,Mainz,H,0.5965126762841644,0.2155623221205649,0.1879250015952706,H,0.35,0.4,0.2499999999999999,1.0900000000000003,1.84,3.93,3.73,1.83,4.0,3.9,0.5098162645678931,0.23869260224043848,0.25149113319166844,0.0866964117162713,-0.023130280119873586,-0.06356613159639785
2025-11-09,Serie A,Atalanta,Sassuolo,A,0.6575380975159728,0.2102789934254817,0.1321829090585454,H,0.35,0.4,0.2499999999999999,1.0900000000000003,1.43,4.61,6.8,1.44,4.5,7.0,0.6576830038414496,0.2040101291742457,0.13830686698430483,-0.00014490632547681237,0.006268864251235989,-0.006123957925759427
2025-11-09,Serie A,Inter,Lazio,H,0.6055940095753745,0.2267671092796875,0.1676388811449378,H,0.35,0.4,0.2499999999999999,1.0900000000000003,1.35,5.02,8.09,1.36,5.0,8.0,0.6964772947489551,0.18729967089862343,0.11622303435242146,-0.09088328517358069,0.03946743838106406,0.051415846792516345
2025-11-09,Ligue 1,Metz,Nice,H,0.1836604472259477,0.2509581395818533,0.5653814131921988,A,0.35,0.4,0.2499999999999999,1.0900000000000003,3.32,3.62,2.06,3.3,3.6,2.1,0.2833842552479974,0.25989937221639536,0.4567163725356074,-0.09972380802204966,-0.008941232634542051,0.10866504065659144
2025-11-09,Ligue 1,Angers,Auxerre,H,0.4031050245237799,0.2751780755179108,0.3217168999583091,H,0.35,0.4,0.2499999999999999,1.0900000000000003,2.57,3.15,2.81,2.55,3.1,2.9,0.3662381509969506,0.2988038247816391,0.3349580242214104,0.03686687352682927,-0.02362574926372829,-0.013241124263101312
2025-11-09,La Liga,Vallecano,Real Madrid,D,0.1508294959122097,0.1979879968746056,0.6511825072131846,A,0.35,0.4,0.2499999999999999,1.0900000000000003,5.93,4.64,1.47,5.25,5.0,1.5,0.15842761612984899,0.20247322492456993,0.6390991589455811,-0.0075981202176392815,-0.004485228049964318,0.012083348267603489
2025-11-09,Bundesliga,Freiburg,St Pauli,H,0.6074599456338072,0.2254500436572676,0.167090010708925,H,0.35,0.4,0.2499999999999999,1.0900000000000003,1.82,3.51,4.32,1.83,3.5,4.5,0.5155131264916467,0.2673031026252984,0.21718377088305488,0.09194681914216052,-0.04185305896803079,-0.050093760174129864
2025-11-09,La Liga,Mallorca,Getafe,H,0.4140769094346248,0.2865846818667042,0.2993384086986708,H,0.35,0.4,0.2499999999999999,1.0900000000000003,2.47,2.84,3.25,2.5,2.9,3.2,0.3802688661560709,0.3307267955653152,0.2890043382786139,0.033808043278553856,-0.044142113698610985,0.010334070420056907
2025-11-09,Serie A,Genoa,Fiorentina,D,0.3327434094856722,0.2710046617990602,0.3962519287152675,A,0.35,0.4,0.2499999999999999,1.0900000000000003,2.78,2.97,2.73,2.75,3.0,2.75,0.3384848522799855,0.3168309391711648,0.3446842085488496,-0.005741442794313267,-0.045826277372104596,0.05156772016641786
2025-11-09,Premier League,Crystal Palace,Brighton,D,0.4480123792568484,0.2530174363129445,0.2989701844302069,H,0.35,0.4,0.2499999999999999,1.0900000000000003,2.27,3.52,3.04,2.25,3.5,3.1,0.41813066583307285,0.2696467646139419,0.31222256955298533,0.029881713423775547,-0.016629328300997392,-0.013252385122778432
2025-11-09,La Liga,Celta,Barcelona,A,0.205021001293206,0.2218706191733108,0.573108379533483,A,0.35,0.4,0.2499999999999999,1.0900000000000003,4.59,4.29,1.63,4.5,4.2,1.65,0.20467137902269836,0.21898406287043948,0.5763445581068622,0.00034962227050763794,0.0028865563028713237,-0.0032361785733792114
2025-11-09,Ligue 1,Lorient,Toulouse,D,0.2920552481381076,0.2893137431858359,0.4186310086760563,A,0.35,0.4,0.2499999999999999,1.0900000000000003,2.96,3.26,2.38,3.0,3.3,2.4,0.31729180638934784,0.28809317389953054,0.3946150197111217,-0.025236558251240215,0.001220569286305373,0.02401598896493462
2025-11-09,Ligue 1,Lyon,Paris SG,A,0.2674123403197958,0.2251882360475346,0.5073994236326694,A,0.35,0.4,0.2499999999999999,1.0900000000000003,4.0,3.88,1.79,4.2,3.9,1.8,0.2344355481144431,0.2416861320767455,0.5238783198088114,0.03297679220535274,-0.016497896029210896,-0.016478896176141955
2025-11-09,Serie A,Bologna,Napoli,H,0.3643100175215078,0.2630825236154621,0.37260745886303,A,0.35,0.4,0.2499999999999999,1.0900000000000003,2.97,3.01,2.55,3.0,3.1,2.55,0.31731759044512514,0.313100745389376,0.36958166416549876,0.04699242707638268,-0.05001822177391391,0.0030257946975312255
2025-11-09,Serie A,Roma,Udinese,H,0.653692473661485,0.2015727043656633,0.1447348219728515,H,0.35,0.4,0.2499999999999999,1.0900000000000003,1.55,3.94,6.05,1.55,4.0,6.25,0.6062077998041785,0.23848276388235445,0.15530943631346722,0.04748467385730648,-0.03691005951669116,-0.010574614340615712
2025-11-09,Premier League,Nott'm Forest,Leeds,H,0.5139465479135115,0.2533758105526324,0.232677641533856,H,0.35,0.4,0.2499999999999999,1.0900000000000003,2.22,3.32,3.29,2.25,3.25,3.3,0.4267218814704848,0.2853381255615893,0.28793999296792594,0.08722466644302668,-0.031962315008956854,-0.055262351434069934
2025-11-09,La Liga,Valencia,Betis,D,0.2664898097821263,0.2715802681889152,0.4619299220289583,A,0.35,0.4,0.2499999999999999,1.0900000000000003,3.17,3.36,2.22,3.3,3.4,2.2,0.2966144155751199,0.2798415765991459,0.42354400782573426,-0.03012460579299364,-0.008261308410230706,0.038385914203224014
2025-11-09,Premier League,Aston Villa,Bournemouth,H,0.4937342514676486,0.2565846487442411,0.2496810997881101,H,0.35,0.4,0.2499999999999999,1.0900000000000003,2.19,3.45,3.25,2.2,3.4,3.25,0.4331575592513184,0.2749608854377934,0.2918815553108884,0.06057669221633022,-0.018376236693552317,-0.04220045552277829
2025-11-21,Bundesliga,Mainz,Hoffenheim,D,0.3636821024123494,0.2754540036878383,0.3608638938998121,H,0.35,0.4,0.2499999999999999,1.0900000000000003,2.48,3.56,2.65,2.6,3.6,2.7,0.379870182163738,0.2646286662264242,0.3555011516098378,-0.01618807975138864,0.010825337461414064,0.005362742289974298
2025-11-21,La Liga,Valencia,Levante,H,0.4670509179852898,0.2799977868377488,0.2529512951769612,H,0.35,0.4,0.2499999999999999,1.0900000000000003,2.0,3.53,3.66,2.0,3.5,3.7,0.47325621433124054,0.2681338324822893,0.25860995318647023,-0.006205296345950739,0.011863954355459505,-0.005658658009509043
2025-11-21,Ligue 1,Nice,Marseille,A,0.3551299097745397,0.257979249834564,0.3868908403908961,A,0.35,0.4,0.2499999999999999,1.0900000000000003,3.72,3.68,1.92,3.8,3.75,1.91,0.25326909841706813,0.25602202339986235,0.4907088781830695,0.10186081135747155,0.001957226434701642,-0.10381803779217341
2025-11-22,Serie A,Cagliari,Genoa,D,0.3885404672771099,0.2697608688819894,0.3416986638409005,H,0.35,0.4,0.2499999999999999,1.0900000000000003,2.84,2.93,2.72,2.88,3.0,2.75,0.3318509635403655,0.3216575892336648,0.34649144722596975,0.05668950373674442,-0.05189672035167536,-0.004792783385069277
2025-11-22,Premier League,Wolves,Crystal Palace,A,0.2105630503378249,0.2576077453749579,0.531829204287217,A,0.35,0.4,0.2499999999999999,1.0900000000000003,3.86,3.5,1.97,3.8,3.6,1.95,0.24616911586193108,0.2714893677791582,0.4823415163589106,-0.03560606552410617,-0.013881622404200322,0.049487687928306434
2025-11-22,Bundesliga,Augsburg,Hamburg,H,0.4490993392924619,0.2850468934759119,0.265853767231626,H,0.35,0.4,0.2499999999999999,1.0900000000000003,2.3,3.51,2.89,2.35,3.5,2.9,0.40797702693463217,0.2673353737748302,0.32468759929053764,0.041122312357829705,0.0177115197010817,-0.05883383205891163
2025-11-22,Premier League,Fulham,Sunderland,H,0.5206270007300025,0.2654841665193803,0.213888832750617,H,0.35,0.4,0.2499999999999999,1.0900000000000003,2.1,3.24,3.74,2.1,3.25,3.75,0.45256128714202487,0.29332676018464576,0.2541119526733294,0.06806571358797758,-0.02784259366526548,-0.040223119922712436
2025-11-22,Bundesliga,Dortmund,Stuttgart,D,0.5095222509559992,0.2530380235716228,0.2374397254723778,H,0.35,0.4,0.2499999999999999,1.0900000000000003,1.74,4.03,4.11,1.75,4.0,4.33,0.5390488464505042,0.2327406930084063,0.22821046054108937,-0.02952659549450498,0.020297330563216504,0.009229264931288422
2025-11-22,Bundesliga,Bayern Munich,Freiburg,H,0.767058560086719,0.1440717137437327,0.0888697261695482,H,0.35,0.4,0.2499999999999999,1.0900000000000003,1.17,7.25,13.25,1.17,8.0,13.0,0.8002040858826714,0.12913638351485868,0.07065953060246985,-0.033145525795952424,0.014935330228874028,0.018210195567078355
2025-11-22,La Liga,Barcelona,Ath Bilbao,H,0.6849619413353542,0.1813265607264305,0.1337114979382152,H,0.35,0.4,0.2499999999999999,1.0900000000000003,1.41,5.01,6.7,1.36,5.5,7.0,0.6702930023303599,0.18864533598519112,0.14106166168444886,0.01466893900499422,-0.007318775258760624,-0.007350163746233651
2025-11-22,Premier League,Burnley,Chelsea,A,0.1714240729703859,0.2291050333277164,0.5994708937018975,A,0.35,0.4,0.2499999999999999,1.0900000000000003,6.56,4.45,1.48,6.25,4.5,1.48,0.1447892575428476,0.2134421414564225,0.6417686010007299,0.02663481542753829,0.015662891871293882,-0.04229770729883231
2025-11-22,La Liga,Villarreal,Mallorca,H,0.7030928494112291,0.1889561293843397,0.1079510212044311,H,0.35,0.4,0.2499999999999999,1.0900000000000003,1.43,4.65,7.07,1.44,4.75,7.0,0.6623437849425104,0.20368851881027736,0.13396769624721214,0.04074906446871862,-0.014732389425937659,-0.02601667504278103
2025-11-22,Bundesliga,Wolfsburg,Leverkusen,A,0.1374495441091343,0.2058812034130779,0.6566692524777877,A,0.35,0.4,0.2499999999999999,1.0900000000000003,3.43,3.71,1.98,3.5,3.75,2.0,0.2734592833876221,0.2528208469055374,0.47371986970684044,-0.1360097392784878,-0.04693964349245952,0.1829493827709473
2025-11-22,Premier League,Brighton,Brentford,H,0.4889347396076753,0.2587221453034898,0.2523431150888348,H,0.35,0.4,0.2499999999999999,1.0900000000000003,1.93,3.66,3.82,1.91,3.6,4.0,0.4919908788919543,0.2594378131861944,0.24857130792185123,-0.0030561392842790025,-0.000715667882704607,0.003771807166983554
2025-11-22,Premier League,Bournemouth,West Ham,D,0.5668255149293353,0.244157140793481,0.1890173442771835,H,0.35,0.4,0.2499999999999999,1.0900000000000003,1.62,4.09,5.14,1.62,4.2,4.75,0.5843636727523405,0.23145944984322533,0.18417687740443417,-0.017538157823005163,0.012697690950255663,0.004840466872749333
2025-11-22,Premier League,Liverpool,Nott'm Forest,A,0.6851935707193763,0.1868573477272987,0.1279490815533248,H,0.35,0.4,0.2499999999999999,1.0900000000000003,1.42,4.86,6.97,1.44,5.0,6.25,0.6684888145119275,0.19531977707961667,0.1361914084084558,0.016704756207448712,-0.008462429352317974,-0.008242326855131016
2025-11-22,Serie A,Udinese,Bologna,A,0.2428234704169516,0.2567509684442193,0.5004255611388291,A,0.35,0.4,0.2499999999999999,1.0900000000000003,3.74,3.19,2.08,3.75,3.2,2.1,0.251858037578288,0.29528183716075157,0.45286012526096026,-0.00903456716133641,-0.038530868716532274,0.04756543587786882
2025-11-22,Ligue 1,Lens,Strasbourg,H,0.4716206184611983,0.2600459119357139,0.2683334696030876,H,0.35,0.4,0.2499999999999999,1.0900000000000003,2.0,3.68,3.43,2.05,3.75,3.4,0.47024111107799604,0.25556582123804134,0.2741930676839627,0.0013795073832022497,0.0044800906976725785,-0.00585959808087505
2025-11-22,La Liga,Alaves,Celta,A,0.3824678906565559,0.280545103294854,0.3369870060485898,H,0.35,0.4,0.2499999999999999,1.0900000000000003,2.56,3.04,2.94,2.6,3.0,2.9,0.36861554705028376,0.31041309225287056,0.32097136069684573,0.013852343606272133,-0.029867988958016567,0.016015645351744046
2025-11-22,Premier League,Newcastle,Man City,H,0.2513665177751328,0.2388612307492592,0.5097722514756078,A,0.35,0.4,0.2499999999999999,1.0900000000000003,3.54,3.75,1.98,3.6,3.8,1.95,0.2679615434584903,0.25295569702481485,0.4790827595166949,-0.016595025683357523,-0.014094466275555662,0.030689491958912907
2025-11-22,Ligue 1,Paris SG,Le Havre,H,0.8249589336296429,0.1221291643065028,0.0529119020638541,H,0.35,0.4,0.2499999999999999,1.0900000000000003,1.17,7.33,14.78,1.18,7.5,12.0,0.8072464664422855,0.12885107308833205,0.06390246046938254,0.017712467187357417,-0.006721908781829253,-0.010990558405528442
2025-11-22,La Liga,Osasuna,Sociedad,A,0.4114286174696056,0.2821746456629211,0.3063967368674731,H,0.35,0.4,0.2499999999999999,1.0900000000000003,2.75,3.09,2.68,2.8,3.1,2.7,0.34292529204470634,0.30519241201389724,0.3518822959413964,0.06850332542489923,-0.023017766350976132,-0.04548555907392332
2025-11-22,Bundesliga,Heidenheim,M'gladbach,A,0.3246297259906562,0.2868454903247085,0.3885247836846351,A,0.35,0.4,0.2499999999999999,1.0900000000000003,3.14,3.58,2.14,3.2,3.6,2.15,0.2990086644290063,0.26225899617516196,0.43873233939583167,0.025621061561649894,0.024586494149546556,-0.05020755571119656
2025-11-22,Serie A,Fiorentina,Juventus,D,0.2829566055331357,0.2624260566358942,0.4546173378309701,A,0.35,0.4,0.2499999999999999,1.0900000000000003,3.8,3.38,2.0,3.9,3.4,2.0,0.24849286869578,0.27937068078223787,0.472136450521982,0.03446373683735568,-0.01694462414634368,-0.017519112691011918
2025-11-22,Bundesliga,FC Koln,Ein Frankfurt,A,0.2890138198317481,0.2683413574906588,0.4426448226775928,A,0.35,0.4,0.2499999999999999,1.0900000000000003,2.91,3.77,2.19,3.0,3.75,2.2,0.32251297856632255,0.24894237868116675,0.4285446427525108,-0.03349915873457443,0.01939897880949204,0.014100179925082001
2025-11-22,Serie A,Napoli,Atalanta,H,0.5141181901144529,0.2365272006749611,0.2493546092105859,H,0.35,0.4,0.2499999999999999,1.0900000000000003,2.19,3.25,3.4,2.25,3.25,3.4,0.4314131219864525,0.2907060729693326,0.277880805044215,0.08270506812800044,-0.05417887229437149,-0.028526195833629087
2025-11-22,Ligue 1,Rennes,Monaco,H,0.3599361740989437,0.2497988850980837,0.3902649408029725,A,0.35,0.4,0.2499999999999999,1.0900000000000003,2.64,3.66,2.42,2.63,3.7,2.45,0.35559088500264974,0.2564917859035506,0.3879173290937997,0.004345289096293947,-0.006692900805466889,0.0023476117091728033
2025-11-23,Premier League,Leeds,Aston Villa,A,0.18975701867944,0.236146153051722,0.5740968282688378,A,0.35,0.4,0.2499999999999999,1.0900000000000003,3.04,3.25,2.37,3.0,3.3,2.4,0.31074380832119675,0.2906649776296733,0.39859121404912995,-0.12098678964175674,-0.05451882457795129,0.17550561421970784
2025-11-23,La Liga,Betis,Girona,D,0.6079202509084143,0.2279770692473505,0.164102679844235,H,0.35,0.4,0.2499999999999999,1.0900000000000003,1.53,4.35,5.46,1.53,4.33,5.75,0.6127661550607193,0.21552464764204612,0.17170919729723452,-0.004845904152305014,0.012452421605304381,-0.007606517452999534
2025-11-23,Ligue 1,Brest,Metz,H,0.5784483273309149,0.2401680210766874,0.1813836515923976,H,0.35,0.4,0.2499999999999999,1.0900000000000003,1.78,3.56,4.26,1.8,3.75,4.33,0.5214198286413708,0.2607099143206854,0.2178702570379437,0.05702849868954407,-0.020541893243998022,-0.03648660544554608
2025-11-23,Serie A,Lazio,Lecce,H,0.6120575885594689,0.2318659478367855,0.1560764636037454,H,0.35,0.4,0.2499999999999999,1.0900000000000003,1.61,3.7,5.83,1.62,3.7,6.25,0.5843534890272875,0.25427273441457643,0.16137377655813598,0.027704099532181448,-0.022406786577790938,-0.005297312954390565
2025-11-23,Serie A,Verona,Parma,A,0.4138111812175363,0.2899372306657882,0.2962515881166753,H,0.35,0.4,0.2499999999999999,1.0900000000000003,2.29,3.05,3.36,2.25,3.0,3.6,0.4111221210820439,0.30867857615668215,0.2801993027612739,0.002689060135492416,-0.018741345490893957,0.016052285355401374
2025-11-23,Serie A,Cremonese,Roma,A,0.195326253117155,0.2318968519690304,0.5727768949138144,A,0.35,0.4,0.2499999999999999,1.0900000000000003,5.62,3.74,1.62,6.0,3.75,1.62,0.16745342988226192,0.2516278812669283,0.5809186888508098,0.027872823234893096,-0.019731029297897912,-0.008141793936995323
2025-11-23,Ligue 1,Toulouse,Angers,A,0.5161256916322221,0.2860438615835661,0.1978304467842116,H,0.35,0.4,0.2499999999999999,1.0900000000000003,1.6,3.79,5.64,1.6,3.8,6.0,0.5862174881251441,0.24747967836417692,0.16630283351067918,-0.07009179649292197,0.038564183219389175,0.03152761327353243
2025-11-23,Ligue 1,Auxerre,Lyon,D,0.2172273995271141,0.2233156113161745,0.5594569891567113,A,0.35,0.4,0.2499999999999999,1.0900000000000003,3.72,3.43,1.98,3.9,3.4,2.0,0.2523126992264996,0.27364525980250104,0.47404204097099933,-0.035085299699385536,-0.05032964848632654,0.08541494818571194
2025-11-23,Premier League,Arsenal,Tottenham,H,0.7148292264961911,0.1752987593730701,0.1098720141307386,H,0.35,0.4,0.2499999999999999,1.0900000000000003,1.39,4.66,8.03,1.42,4.75,7.5,0.6796321757245423,0.20272290220109734,0.11764492207436036,0.03519705077164881,-0.027424142828027243,-0.00777290794362176
2025-11-23,Ligue 1,Nantes,Lorient,D,0.467175493980828,0.2635550843192302,0.2692694216999417,H,0.35,0.4,0.2499999999999999,1.0900000000000003,2.56,3.3,2.7,2.63,3.3,2.7,0.36711990111248455,0.28479604449938195,0.34808405438813345,0.10005559286834348,-0.021240960180151758,-0.07881463268819172
2025-11-23,La Liga,Getafe,Ath Madrid,A,0.1850703405547781,0.2297999575547197,0.5851297018905021,A,0.35,0.4,0.2499999999999999,1.0900000000000003,5.1,3.41,1.74,5.25,3.5,1.73,0.18427623732856296,0.27560375670840787,0.5401200059630292,0.0007941032262151482,-0.04580379915368815,0.04500969592747284
2025-11-23,Serie A,Inter,Milan,A,0.5631324318555453,0.2328183109094835,0.204049257234971,H,0.35,0.4,0.2499999999999999,1.0900000000000003,1.91,3.44,3.95,1.9,3.5,4.0,0.4904901652895545,0.27233610921600265,0.2371737254944428,0.07264226656599077,-0.039517798306519164,-0.033124468259471795
2025-11-23,Bundesliga,RB Leipzig,Werder Bremen,H,0.5972183360882832,0.2248484584098843,0.1779332055018323,H,0.35,0.4,0.2499999999999999,1.0900000000000003,1.43,5.0,5.94,1.45,5.0,6.0,0.6549900538547379,0.187327155402455,0.15768279074280722,-0.05777171776645462,0.037521303007429285,0.020250414759025087
2025-11-23,Bundesliga,St Pauli,Union Berlin,A,0.3016791153988005,0.2700716268793008,0.4282492577218986,A,0.35,0.4,0.2499999999999999,1.0900000000000003,2.43,3.21,2.91,2.45,3.3,2.9,0.38579340593985795,0.2920492138423224,0.32215738021781953,-0.08411429054105746,-0.0219775869630216,0.10609187750407906
2025-11-23,Ligue 1,Lille,Paris FC,H,0.6383323436402265,0.2051346725047408,0.1565329838550326,H,0.35,0.4,0.2499999999999999,1.0900000000000003,1.6,4.08,5.08,1.62,4.0,5.5,0.5857827620511892,0.22971873021615263,0.18449850773265802,0.05254958158903733,-0.02458405771141184,-0.027965523877625437
2025-11-23,La Liga,Elche,Real Madrid,D,0.10227685904696,0.1855516069505254,0.7121715340025145,A,0.35,0.4,0.2499999999999999,1.0900000000000003,7.48,5.27,1.35,7.0,5.25,1.38,0.12562663224566983,0.17830876834869272,0.6960645994056374,-0.02334977319870983,0.0072428386018326685,0.016106934596877176
2025-11-23,La Liga,Oviedo,Vallecano,D,0.3422584219819048,0.2859303347349024,0.3718112432831925,A,0.35,0.4,0.2499999999999999,1.0900000000000003,3.35,3.23,2.19,3.5,3.2,2.2,0.2803608302583757,0.290776712497077,0.42886245724454736,0.0618975917235291,-0.0048463777621745585,-0.057051213961354874
2025-11-24,La Liga,Espanol,Sevilla,H,0.4309202705352919,0.2879241960488874,0.2811555334158204,H,0.35,0.4,0.2499999999999999,1.0900000000000003,2.07,3.29,3.59,2.05,3.3,3.8,0.45335416290825903,0.285241069063859,0.26140476802788193,-0.022433892372967112,0.002683126985028428,0.019750765387938463
2025-11-24,Serie A,Torino,Como,A,0.396252937745485,0.2872138794390114,0.3165331828155034,H,0.35,0.4,0.2499999999999999,1.0900000000000003,3.42,3.19,2.18,3.5,3.25,2.2,0.27465678762697676,0.2944596281141883,0.43088358425883505,0.12159615011850822,-0.007245748675176911,-0.11435040144333164
2025-11-24,Premier League,Man United,Everton,A,0.4912033260774298,0.2502354606910938,0.2585612132314763,H,0.35,0.4,0.2499999999999999,1.0900000000000003,1.74,3.83,4.49,1.75,4.0,4.33,0.5429365242237201,0.24666045748022794,0.2104030182960519,-0.05173319814629029,0.0035750032108658736,0.04815819493542439
2025-11-24,Serie A,Sassuolo,Pisa,D,0.4125911600997192,0.2942733041303149,0.2931355357699658,H,0.35,0.4,0.2499999999999999,1.0900000000000003,2.04,3.22,3.8,2.1,3.2,3.75,0.46074828292565373,0.2919026388721533,0.24734907820219304,-0.04815712282593454,0.0023706652581615972,0.045786457567772776
2025-11-28,La Liga,Getafe,Elche,H,0.4616561412668519,0.2704334914585552,0.2679103672745927,H,0.35,0.4,0.2499999999999999,1.0900000000000003,2.19,2.91,3.84,2.25,2.88,3.8,0.4304982490204916,0.32398321833500915,0.24551853264449913,0.031157892246360286,-0.05354972687645393,0.022391834630093588
2025-11-28,Bundesliga,M'gladbach,RB Leipzig,D,0.2546377099113466,0.2456259488314243,0.4997363412572289,A,0.35,0.4,0.2499999999999999,1.0900000000000003,2.84,3.8,2.24,2.88,3.7,2.3,0.3316501464995948,0.24786484633127606,0.42048500716912907,-0.07701243658824819,-0.002238897499851761,0.07925133408809981
2025-11-28,Ligue 1,Metz,Rennes,A,0.2561558182994681,0.2676722104308423,0.4761719712696895,A,0.35,0.4,0.2499999999999999,1.0900000000000003,3.78,3.75,1.88,4.0,3.6,1.85,0.24884050911709274,0.2508312331900294,0.5003282576928778,0.007315309182375357,0.01684097724081285,-0.02415628642318829
2025-11-28,Serie A,Como,Sassuolo,H,0.5677440405072791,0.2445782968910202,0.1876776626017006,H,0.35,0.4,0.2499999999999999,1.0900000000000003,1.69,3.76,4.93,1.73,3.6,5.0,0.5579524966213064,0.2507818402367042,0.19126566314198945,0.009791543885972698,-0.006203543345683987,-0.0035880005402888493
2025-11-29,Ligue 1,Paris FC,Auxerre,D,0.4987448080830933,0.2589086985344802,0.2423464933824264,H,0.35,0.4,0.2499999999999999,1.0900000000000003,1.79,3.68,4.27,1.8,3.6,4.5,0.5247644778103199,0.255252286760998,0.21998323542868212,-0.02601966972722658,0.0036564117734821933,0.022363257953744275
2025-11-29,La Liga,Mallorca,Osasuna,D,0.4128193145633084,0.2755837257565605,0.311596959680131,H,0.35,0.4,0.2499999999999999,1.0900000000000003,2.34,3.03,3.3,2.35,3.0,3.4,0.40300348229831695,0.3112304120719675,0.2857661056297156,0.009815832264991442,-0.03564668631540702,0.02583085405041541
2025-11-29,Bundesliga,Union Berlin,Heidenheim,A,0.6105899710747538,0.2247177875270042,0.1646922413982418,H,0.35,0.4,0.2499999999999999,1.0900000000000003,1.64,3.87,5.02,1.67,4.0,5.0,0.5712765018966683,0.2420913341370894,0.18663216396624227,0.039313469178085425,-0.017373546610085194,-0.02193992256800048
2025-11-29,Serie A,Genoa,Verona,H,0.4877548079663805,0.2760536108198,0.2361915812138192,H,0.35,0.4,0.2499999999999999,1.0900000000000003,2.04,3.01,4.13,2.05,3.0,4.2,0.4604713874555967,0.3120802758835274,0.22744833666087585,0.027283420510783807,-0.03602666506372737,0.008743244552943341
2025-11-29,La Liga,Barcelona,Alaves,H,0.8029695338440294,0.1379887491116718,0.0590417170442987,H,0.35,0.4,0.2499999999999999,1.0900000000000003,1.19,7.14,12.97,1.2,7.0,13.0,0.7946492392525273,0.1324415398754212,0.07290922087205146,0.008320294591502075,0.0055472092362506,-0.013867503827752758
2025-11-29,Serie A,Parma,Udinese,A,0.4039720425337798,0.2680200172040761,0.328007940262144,H,0.35,0.4,0.2499999999999999,1.0900000000000003,2.64,3.09,2.8,2.7,3.0,2.8,0.3574970249900833,0.30543435144783815,0.3370686235620785,0.046475017543696484,-0.03741433424376206,-0.00906068329993448
2025-11-29,Bundesliga,Leverkusen,Dortmund,A,0.589005202435038,0.2087703101687662,0.2022244873961956,H,0.35,0.4,0.2499999999999999,1.0900000000000003,2.47,3.62,2.59,2.55,3.6,2.63,0.37936434077161185,0.25884804467013295,0.3617876145582553,0.2096408616634261,-0.05007773450136674,-0.1595631271620597
2025-11-29,Ligue 1,Monaco,Paris SG,H,0.2326337310544642,0.2216223849070774,0.5457438840384582,A,0.35,0.4,0.2499999999999999,1.0900000000000003,4.95,4.47,1.57,5.0,4.33,1.6,0.19010507667427853,0.21051904463930177,0.5993758786864196,0.04252865438018566,0.011103340267775624,-0.05363199464796142
2025-11-29,Serie A,Milan,Lazio,H,0.5123477085839564,0.2630117435360893,0.224640547879954,H,0.35,0.4,0.2499999999999999,1.0900000000000003,1.61,3.78,5.72,1.62,3.8,5.75,0.5856877393909515,0.24945959270355347,0.16485266790549513,-0.07334003080699514,0.01355215083253583,0.05978787997445886
2025-11-29,Serie A,Juventus,Cagliari,H,0.6886782452286627,0.2005925168342136,0.1107292379371235,H,0.35,0.4,0.2499999999999999,1.0900000000000003,1.31,4.92,10.14,1.3,5.5,10.0,0.7166139499607856,0.1908057468391523,0.09258030320006205,-0.027935704732122923,0.009786769995061312,0.018148934737061445
2025-11-29,Bundesliga,Werder Bremen,FC Koln,D,0.5123722920967704,0.2550871522210139,0.2325405556822157,H,0.35,0.4,0.2499999999999999,1.0900000000000003,2.21,3.74,2.89,2.25,3.8,2.9,0.4245175936435869,0.25085130533484673,0.3246311010215664,0.0878546984531835,0.004235846886167183,-0.09209054533935068
2025-11-29,Premier League,Brentford,Burnley,H,0.6538550209450328,0.2118254519016547,0.1343195271533124,H,0.35,0.4,0.2499999999999999,1.0900000000000003,1.45,4.54,6.96,1.45,4.5,7.0,0.654571668869398,0.20905923344947733,0.13636909768112457,-0.0007166479243652102,0.002766218452177366,-0.0020495705278121557
2025-11-29,La Liga,Levante,Ath Bilbao,A,0.2671902106633148,0.2478957987861004,0.4849139905505847,A,0.35,0.4,0.2499999999999999,1.0900000000000003,3.41,3.36,2.14,3.5,3.3,2.15,0.27713583139978565,0.28125987650990153,0.4416042920903127,-0.009945620736470873,-0.03336407772380112,0.043309698460271995
2025-11-29,Premier League,Tottenham,Fulham,A,0.4220539859423303,0.267527658791571,0.3104183552660985,H,0.35,0.4,0.2499999999999999,1.0900000000000003,2.18,3.39,3.33,2.2,3.3,3.3,0.43521356449728776,0.279871849735719,0.28491458576699324,-0.013159578554957474,-0.012344190944148015,0.025503769499105267
2025-11-29,Premier League,Everton,Newcastle,A,0.3931475980955023,0.2651553660262162,0.3416970358782813,H,0.35,0.4,0.2499999999999999,1.0900000000000003,2.79,3.31,2.55,2.8,3.25,2.63,0.34048140573378677,0.28699187975748186,0.3725267145087315,0.05266619236171555,-0.02183651373126566,-0.030829678630450164
2025-11-29,Bundesliga,Bayern Munich,St Pauli,H,0.8943064248654813,0.0767000931276193,0.0289934820068991,H,0.35,0.4,0.2499999999999999,1.0900000000000003,1.09,9.91,21.25,1.1,10.0,21.0,0.8611157795134692,0.094714046384428,0.04417017410210266,0.033190645352012105,-0.0180139532568087,-0.015176692095203559
2025-11-29,La Liga,Ath Madrid,Oviedo,H,0.7391397377307637,0.1784659170983417,0.0823943451708946,H,0.35,0.4,0.2499999999999999,1.0900000000000003,1.21,6.16,14.78,1.2,6.25,17.0,0.7822914500671064,0.1536643919774673,0.06404415795542616,-0.04315171233634274,0.024801525120874385,0.01835018721546844
2025-11-29,Premier League,Sunderland,Bournemouth,H,0.2858732487654797,0.2476392830053436,0.4664874682291766,A,0.35,0.4,0.2499999999999999,1.0900000000000003,3.04,3.3,2.35,3.2,3.3,2.3,0.31105852151939356,0.2865508804299868,0.4023905980506197,-0.025185272753913857,-0.038911597424643174,0.06409687017855686
2025-11-29,Bundesliga,Hoffenheim,Augsburg,H,0.5671629492084496,0.2365360073768989,0.1963010434146515,H,0.35,0.4,0.2499999999999999,1.0900000000000003,1.67,4.18,4.44,1.67,4.33,4.5,0.5631747919865512,0.2250004551716604,0.21182475284178837,0.003988157221898381,0.011535552205238497,-0.015523709427136878
2025-11-29,Ligue 1,Marseille,Toulouse,D,0.6796721915439781,0.1893200753364894,0.1310077331195323,H,0.35,0.4,0.2499999999999999,1.0900000000000003,1.59,4.01,5.38,1.6,3.9,6.0,0.5909998657677672,0.23433660512986285,0.1746635291023699,0.08867232577621087,-0.04501652979337345,-0.043655795982837614
2025-11-29,Premier League,Man City,Leeds,H,0.8107077743433908,0.1283397964633048,0.0609524291933041,H,0.35,0.4,0.2499999999999999,1.0900000000000003,1.23,6.42,11.78,1.22,6.5,12.0,0.7716031244643601,0.14783050515438675,0.08056637038125324,0.03910464987903073,-0.019490708691081965,-0.019613941187949138
2025-11-30,La Liga,Sociedad,Villarreal,A,0.2508390008119237,0.2594880790991969,0.4896729200888792,A,0.35,0.4,0.2499999999999999,1.0900000000000003,2.81,3.35,2.43,2.8,3.4,2.45,0.3338692412118628,0.28005151277771173,0.3860792460104256,-0.08303024039993911,-0.02056343367851482,0.1035936740784536
2025-11-30,Ligue 1,Lyon,Nantes,H,0.6394245971962047,0.2087669130068295,0.1518084897969656,H,0.35,0.4,0.2499999999999999,1.0900000000000003,1.44,4.44,6.78,1.42,4.75,7.0,0.6507392996108949,0.21105058365758753,0.1382101167315175,-0.011314702414690236,-0.0022836706507580184,0.013598373065448088
2025-11-30,Bundesliga,Ein Frankfurt,Wolfsburg,D,0.6617651974676056,0.1969600915876258,0.1412747109447683,H,0.35,0.4,0.2499999999999999,1.0900000000000003,1.7,4.17,4.22,1.73,4.2,4.2,0.5523282821307957,0.2251698032667512,0.22250191460245322,0.10943691533680999,-0.028209711679125393,-0.08122720365768493
2025-11-30,Serie A,Pisa,Inter,A,0.1648741554978894,0.2205382402346123,0.614587604267498,A,0.35,0.4,0.2499999999999999,1.0900000000000003,9.34,5.16,1.31,8.0,5.75,1.3,0.10060515497980337,0.18210312936266732,0.7172917156575292,0.06426900051808603,0.03843511087194498,-0.10270411139003122
2025-11-30,Serie A,Atalanta,Fiorentina,H,0.5062248964801737,0.2445232702035756,0.2492518333162506,H,0.35,0.4,0.2499999999999999,1.0900000000000003,1.71,3.78,4.65,1.73,3.75,4.75,0.5494134526120347,0.24854418094353956,0.20204236644442564,-0.04318855613186101,-0.004020910739963968,0.04720946687182495
2025-11-30,La Liga,Celta,Espanol,A,0.4913468107234802,0.2726897603036388,0.2359634289728808,H,0.35,0.4,0.2499999999999999,1.0900000000000003,1.98,3.42,3.73,2.05,3.5,3.5,0.4739834135901552,0.27441144997324773,0.25160513643659715,0.017363397133324965,-0.00172168966960895,-0.015641707463716348
2025-11-30,Premier League,Nott'm Forest,Brighton,A,0.3588117644702932,0.2601752036377592,0.3810130318919473,A,0.35,0.4,0.2499999999999999,1.0900000000000003,2.72,3.36,2.54,2.75,3.3,2.63,0.34717521478781566,0.28104660244727936,0.37177818276490493,0.01163654968247757,-0.02087139880952016,0.009234849127042366
2025-11-30,La Liga,Girona,Real Madrid,D,0.1329572762584347,0.1976285418201865,0.6694141819213785,A,0.35,0.4,0.2499999999999999,1.0900000000000003,6.6,5.05,1.4,6.5,5.25,1.4,0.14242546333601933,0.18614020950846089,0.6714343271555197,-0.009468187077584622,0.011488332311725608,-0.0020201452341411796
2025-11-30,Bundesliga,Hamburg,Stuttgart,H,0.2066470381874351,0.2359871593501423,0.5573658024624222,A,0.35,0.4,0.2499999999999999,1.0900000000000003,3.02,3.68,2.15,3.0,3.75,2.2,0.3100483568847821,0.25444185809566355,0.4355097850195544,-0.103401318697347,-0.018454698745521247,0.12185601744286778
2025-11-30,Ligue 1,Le Havre,Lille,A,0.2120677760759386,0.2479623989904784,0.5399698249335828,A,0.35,0.4,0.2499999999999999,1.0900000000000003,4.19,3.58,1.83,4.33,3.6,1.85,0.22421481691895423,0.2624190175671559,0.5133661655138897,-0.012147040843015627,-0.014456618576677516,0.026603659419693115
2025-11-30,Bundesliga,Freiburg,Mainz,H,0.4737108988067722,0.2681414909253335,0.2581476102678941,H,0.35,0.4,0.2499999999999999,1.0900000000000003,1.91,3.43,3.95,1.91,3.4,4.2,0.49010103348610745,0.272913403486433,0.23698556302745952,-0.016390134679335255,-0.0047719125610994895,0.021162047240434606
2025-11-30,Serie A,Roma,Napoli,A,0.4300113952515444,0.2672877492752873,0.302700855473168,H,0.35,0.4,0.2499999999999999,1.0900000000000003,2.54,2.89,3.08,2.6,2.88,3.1,0.3698815707458965,0.3250862248078122,0.3050322044462913,0.06012982450564791,-0.05779847553252487,-0.002331348973123315
2025-11-30,Ligue 1,Lorient,Nice,H,0.2539287529247055,0.2497412576334692,0.4963299894418251,A,0.35,0.4,0.2499999999999999,1.0900000000000003,2.43,3.31,2.84,2.45,3.3,2.88,0.38613426220686875,0.2834762106231695,0.33038952716996167,-0.13220550928216324,-0.033734952989700334,0.16594046227186343
2025-11-30,Ligue 1,Angers,Lens,A,0.2258054567082032,0.256932323366033,0.5172622199257637,A,0.35,0.4,0.2499999999999999,1.0900000000000003,4.56,3.74,1.73,4.75,3.8,1.75,0.20596942705978977,0.2511284993028452,0.5429020736373649,0.01983602964841344,0.005803824063187801,-0.025639853711601157
2025-11-30,Serie A,Lecce,Torino,H,0.3226367596141024,0.2526971797621201,0.4246660606237773,A,0.35,0.4,0.2499999999999999,1.0900000000000003,2.95,2.95,2.61,3.0,2.88,2.7,0.3194614443084455,0.3194614443084455,0.36107711138310894,0.0031753153056569006,-0.06676426454632539,0.06358894924066838
2025-11-30,La Liga,Sevilla,Betis,A,0.265373243399613,0.2676594460748005,0.4669673105255864,A,0.35,0.4,0.2499999999999999,1.0900000000000003,2.9,3.34,2.35,3.0,3.3,2.38,0.3223408624229979,0.27987679671457905,0.397782340862423,-0.05696761902338493,-0.012217350639778524,0.0691849696631634
2025-11-30,Ligue 1,Strasbourg,Brest,A,0.5393485413993973,0.2385665903372131,0.2220848682633894,H,0.35,0.4,0.2499999999999999,1.0900000000000003,1.82,3.68,4.11,1.8,3.75,4.33,0.5161589756540376,0.25527427600281205,0.22856674834315044,0.023189565745359686,-0.016707685665598937,-0.0064818800797610265
2025-11-30,Premier League,West Ham,Liverpool,A,0.2228507064865804,0.2261512666370041,0.5509980268764153,A,0.35,0.4,0.2499999999999999,1.0900000000000003,4.28,4.06,1.74,4.33,4.33,1.67,0.2215351036740633,0.23353946889778104,0.5449254274281556,0.0013156028125171082,-0.007388202260776938,0.0060725994482596635
2025-11-30,Premier League,Chelsea,Arsenal,D,0.3225786798536134,0.2629847548174826,0.4144365653289039,A,0.35,0.4,0.2499999999999999,1.0900000000000003,3.33,3.35,2.18,3.4,3.3,2.2,0.28396564260690027,0.2822703253376053,0.4337640320554944,0.03861303724671311,-0.019285570520122697,-0.019327466726590525
2025-11-30,Premier League,Aston Villa,Wolves,H,0.7421772948971579,0.1668510979314124,0.0909716071714295,H,0.35,0.4,0.2499999999999999,1.0900000000000003,1.48,4.39,6.57,1.5,4.33,6.5,0.6400425181578719,0.21577743208966985,0.1441800497524582,0.10213477673928595,-0.04892633415825745,-0.053208442581028706
2025-11-30,Premier League,Crystal Palace,Man United,A,0.5104096551959021,0.2515502954070678,0.23804004939703,H,0.35,0.4,0.2499999999999999,1.0900000000000003,2.32,3.51,2.93,2.3,3.4,3.1,0.4077010596588319,0.26947762347820226,0.32282131686296583,0.10270859553707018,-0.017927328071134452,-0.08478126746593584
2025-12-01,La Liga,Vallecano,Valencia,D,0.4884127809914758,0.2588939682314564,0.2526932507770678,H,0.35,0.4,0.2499999999999999,1.0900000000000003,1.92,3.3,4.11,1.95,3.4,4.1,0.48804974415441416,0.28395621478075006,0.22799404106483578,0.0003630368370616255,-0.025062246549293676,0.024699209712231995
2025-12-01,Serie A,Bologna,Cremonese,A,0.6894986097202762,0.1932471476740864,0.1172542426056371,H,0.35,0.4,0.2499999999999999,1.0900000000000003,1.45,4.15,7.53,1.48,4.0,8.0,0.6485249712050306,0.22659306222826364,0.12488196656670573,0.0409736385152456,-0.033345914554177236,-0.00762772396106863
2025-12-02,Premier League,Bournemouth,Everton,A,0.4613571207578515,0.2501300917243004,0.2885127875178479,H,0.35,0.4,0.2499999999999999,1.0900000000000003,2.2,3.29,3.38,2.2,3.25,3.3,0.43111242062169014,0.28828186181389615,0.2806057175644137,0.030244700136161373,-0.03815177008959575,0.00790706995343421
2025-12-02,Premier League,Newcastle,Tottenham,D,0.5871035187001657,0.2289826794694451,0.1839138018303891,H,0.35,0.4,0.2499999999999999,1.0900000000000003,1.8,3.78,4.24,1.83,3.8,4.1,0.5261167572677853,0.2505317891751359,0.22335145355707864,0.060986761432380465,-0.021549109705690822,-0.03943765172668953
2025-12-02,Premier League,Fulham,Man City,A,0.2123260241005126,0.2300652404083639,0.5576087354911232,A,0.35,0.4,0.2499999999999999,1.0900000000000003,4.66,4.04,1.69,4.33,4.1,1.73,0.20363024688780593,0.2348804332913801,0.561489319820814,0.008695777212706673,-0.004815192883016184,-0.0038805843296907394
2025-12-02,La Liga,Barcelona,Ath Madrid,H,0.5169379515391217,0.260568826616936,0.2224932218439421,H,0.35,0.4,0.2499999999999999,1.0900000000000003,1.73,4.21,4.07,1.73,4.2,4.1,0.5446659313203492,0.2238175917302148,0.2315164769494359,-0.02772797978122754,0.03675123488672119,-0.009023255105493788
2025-12-03,Premier League,Brighton,Aston Villa,A,0.4247791894445785,0.2694630373668387,0.3057577731885825,H,0.35,0.4,0.2499999999999999,1.0900000000000003,2.15,3.48,3.33,2.15,3.5,3.4,0.44180115059531294,0.272951860281587,0.2852469891231,-0.017021961150734455,-0.003488822914748335,0.020510784065482512
2025-12-03,Premier League,Arsenal,Brentford,H,0.7034211418981814,0.1744867052793416,0.1220921528224768,H,0.35,0.4,0.2499999999999999,1.0900000000000003,1.35,4.97,8.94,1.36,5.0,8.5,0.7029202519209686,0.19093407245338184,0.10614567562564964,0.0005008899772127595,-0.016447367174040245,0.015946477196827166
2025-12-03,Premier League,Wolves,Nott'm Forest,A,0.2709800366321002,0.2624677957430735,0.4665521676248261,A,0.35,0.4,0.2499999999999999,1.0900000000000003,3.28,3.3,2.24,3.25,3.4,2.25,0.28916567565875945,0.2874131564123428,0.4234211679288978,-0.01818563902665926,-0.02494536066926928,0.04313099969592832
2025-12-03,La Liga,Ath Bilbao,Real Madrid,A,0.2279385423064333,0.2331592697746908,0.5389021879188757,A,0.35,0.4,0.2499999999999999,1.0900000000000003,4.17,3.87,1.79,4.1,3.9,1.8,0.22690512455166315,0.24449466909055173,0.528600206357785,0.001033417754770144,-0.011335399315860917,0.010301981561090634
2025-12-03,Premier League,Burnley,Crystal Palace,A,0.2037959182316513,0.2462592167308715,0.549944865037477,A,0.35,0.4,0.2499999999999999,1.0900000000000003,4.57,3.71,1.77,4.5,3.8,1.75,0.2077392495484067,0.25589443947067886,0.5363663109809145,-0.003943331316755394,-0.009635222739807353,0.013578554056562497
2025-12-03,Premier League,Liverpool,Sunderland,D,0.7178031551975863,0.1713121107141312,0.1108847340882823,H,0.35,0.4,0.2499999999999999,1.0900000000000003,1.35,5.29,8.05,1.36,5.25,7.0,0.7027899032074397,0.17935092047826912,0.11785917631429112,0.015013251990146581,-0.008038809764137927,-0.00697444222600882
2025-12-03,Premier League,Leeds,Chelsea,H,0.179220557515951,0.2335271030087569,0.5872523394752919,A,0.35,0.4,0.2499999999999999,1.0900000000000003,4.31,3.87,1.78,4.1,4.1,1.8,0.22050505600174133,0.245575398286177,0.5339195457120816,-0.04128449848579033,-0.012048295277420101,0.05333279376321032
2025-12-04,Premier League,Man United,West Ham,D,0.562955327565664,0.2372813997203416,0.1997632727139942,H,0.35,0.4,0.2499999999999999,1.0900000000000003,1.43,4.81,6.59,1.45,5.0,6.0,0.6603742924464426,0.19632749234894237,0.143298215204615,-0.09741896488077861,0.04095390737139923,0.05646505750937919
2025-12-05,Ligue 1,Lille,Marseille,H,0.3911704051438446,0.2649378509604422,0.343891743895713,H,0.35,0.4,0.2499999999999999,1.0900000000000003,2.35,3.49,2.86,2.3,3.6,2.9,0.4007966623701509,0.26987740875927063,0.32932592887057854,-0.009626257226306278,-0.004939557798828431,0.014565815025134432
2025-12-05,Ligue 1,Brest,Monaco,H,0.3632753933290721,0.249071885065349,0.3876527216055785,A,0.35,0.4,0.2499999999999999,1.0900000000000003,3.32,3.79,2.02,3.3,3.9,2.0,0.2841269252180368,0.2488921877899425,0.46698088699202084,0.07914846811103532,0.0001796972754065096,-0.07932816538644233
2025-12-05,La Liga,Oviedo,Mallorca,D,0.4080186063675964,0.2740776874632857,0.3179037061691178,H,0.35,0.4,0.2499999999999999,1.0900000000000003,2.62,2.97,2.93,2.55,3.0,3.0,0.3601847674471546,0.31773875108132826,0.3220764814715171,0.047833838920441796,-0.04366106361804256,-0.00417277530239929
2025-12-05,Bundesliga,Mainz,M'gladbach,A,0.3701896441667012,0.2922665971960022,0.3375437586372964,H,0.35,0.4,0.2499999999999999,1.0900000000000003,2.55,3.41,2.65,2.55,3.4,2.63,0.3689948753547439,0.27593458420955913,0.35507054043569697,0.001194768811957292,0.016332012986443045,-0.01752678179840056
2025-12-06,Serie A,Sassuolo,Fiorentina,H,0.3645385387527363,0.264816562598554,0.3706448986487096,A,0.35,0.4,0.2499999999999999,1.0900000000000003,2.87,3.21,2.5,2.88,3.25,2.5,0.3287223453366485,0.2939044022168789,0.3773732524464726,0.03581619341608777,-0.029087839618324896,-0.006728353797762987
2025-12-06,Premier League,Bournemouth,Chelsea,D,0.3119646590420156,0.2545527036586589,0.4334826372993254,A,0.35,0.4,0.2499999999999999,1.0900000000000003,3.14,3.67,2.16,3.1,3.75,2.15,0.30217966409234037,0.2585406390326836,0.4392796968749762,0.009784994949675219,-0.003987935374024698,-0.005797059575650798
2025-12-06,Premier League,Tottenham,Brentford,H,0.3669078297254794,0.2599451379243928,0.3731470323501276,A,0.35,0.4,0.2499999999999999,1.0900000000000003,2.31,3.44,3.03,2.3,3.5,3.0,0.41086527204569373,0.27590080768184666,0.31323392027245955,-0.04395744232021431,-0.015955669757453883,0.05991311207766803
2025-12-06,La Liga,Villarreal,Getafe,H,0.7100779188482845,0.1906436611645559,0.0992784199871593,H,0.35,0.4,0.2499999999999999,1.0900000000000003,1.6,3.79,5.95,1.62,3.8,5.75,0.5913411740025436,0.24964271197996565,0.15901611401749072,0.11873674484574093,-0.058999050815409765,-0.05973769403033141
2025-12-06,Premier League,Man City,Sunderland,H,0.7921882229397799,0.1367031383367475,0.0711086387234724,H,0.35,0.4,0.2499999999999999,1.0900000000000003,1.24,6.22,11.38,1.25,6.5,10.0,0.7643389959355387,0.15237626285531639,0.0832847412091448,0.027849227004241195,-0.015673124518568893,-0.0121761024856724
2025-12-06,Bundesliga,RB Leipzig,Ein Frankfurt,H,0.5328786368823122,0.2404693568498185,0.226652006267869,H,0.35,0.4,0.2499999999999999,1.0900000000000003,1.73,4.13,4.06,1.73,4.2,4.2,0.5420070143681411,0.22703925783459664,0.23095372779726214,-0.009128377485828953,0.013430099015221852,-0.004301721529393149
2025-12-06,Premier League,Leeds,Liverpool,D,0.1777823496117079,0.2210627102408246,0.6011549401474674,A,0.35,0.4,0.2499999999999999,1.0900000000000003,3.95,3.9,1.84,3.8,4.0,1.85,0.24041006398874332,0.24349224429629138,0.5160976917149653,-0.0626277143770354,-0.02242953405546677,0.08505724843250206
2025-12-06,Premier League,Aston Villa,Arsenal,H,0.3266000377283182,0.2443077533782192,0.4290922088934624,A,0.35,0.4,0.2499999999999999,1.0900000000000003,4.13,3.45,1.91,4.2,3.5,1.9,0.2293890964029478,0.2746020197519346,0.4960088838451175,0.09721094132537039,-0.030294266373715406,-0.0669166749516551
2025-12-06,Ligue 1,Paris SG,Rennes,H,0.6898232395697425,0.1871383224347292,0.1230384379955281,H,0.35,0.4,0.2499999999999999,1.0900000000000003,1.28,5.86,8.8,1.3,6.5,7.5,0.7331998726056691,0.16015287319714272,0.10664725419718822,-0.04337663303592665,0.026985449237586473,0.016391183798339884
2025-12-06,La Liga,Ath Bilbao,Ath Madrid,H,0.2825425767159445,0.2525275449753166,0.4649298783087387,A,0.35,0.4,0.2499999999999999,1.0900000000000003,3.31,3.28,2.22,3.25,3.25,2.25,0.28570307534155204,0.2883162132257736,0.42598071143267446,-0.003160498625607522,-0.03578866825045701,0.038949166876064256
2025-12-06,Bundesliga,FC Koln,St Pauli,D,0.5438347080961332,0.2453065154847319,0.2108587764191348,H,0.35,0.4,0.2499999999999999,1.0900000000000003,1.95,3.55,3.68,1.95,3.6,3.8,0.4809572020248504,0.26418775885872064,0.25485503911642887,0.06287750607128278,-0.01888124337398875,-0.043996262697294064
2025-12-06,La Liga,Betis,Barcelona,A,0.2492679338439511,0.2221886561570683,0.5285434099989804,A,0.35,0.4,0.2499999999999999,1.0900000000000003,4.01,4.37,1.73,4.0,4.5,1.73,0.2360974482450634,0.21664777287476067,0.5472547788801759,0.013170485598887699,0.005540883282307618,-0.01871136888119551
2025-12-06,Bundesliga,Stuttgart,Bayern Munich,A,0.1698113694664397,0.192391552866236,0.6377970776673242,A,0.35,0.4,0.2499999999999999,1.0900000000000003,5.43,5.0,1.47,5.75,5.0,1.45,0.17301404591580924,0.18789325386456884,0.6390927002196218,-0.0032026764493695292,0.00449829900166715,-0.0012956225522976483
2025-12-06,Bundesliga,Augsburg,Leverkusen,H,0.1285537795188654,0.2058149917548399,0.6656312287262945,A,0.35,0.4,0.2499999999999999,1.0900000000000003,3.68,3.8,1.88,3.7,4.0,1.9,0.2547207484739574,0.2466769353642535,0.498602316161789,-0.12616696895509202,-0.040861943609413615,0.16702891256450553
2025-12-06,Ligue 1,Toulouse,Strasbourg,H,0.3453231347136345,0.2560522298211245,0.3986246354652408,A,0.35,0.4,0.2499999999999999,1.0900000000000003,2.46,3.35,2.78,2.5,3.4,2.8,0.3817929880948477,0.28036141812338067,0.3378455937817717,-0.03646985338121317,-0.024309188302256146,0.06077904168346909
2025-12-06,Serie A,Verona,Atalanta,H,0.2120987127957805,0.2313252326224788,0.5565760545817404,A,0.35,0.4,0.2499999999999999,1.0900000000000003,5.08,3.85,1.66,5.0,4.0,1.67,0.185883228917625,0.24526929945494413,0.5688474716274308,0.026215483878155504,-0.013944066832465324,-0.012271417045690347
2025-12-06,Serie A,Inter,Como,H,0.6229330051766487,0.2233947979022118,0.1536721969211393,H,0.35,0.4,0.2499999999999999,1.0900000000000003,1.52,4.21,6.04,1.53,4.33,6.0,0.6200778377112981,0.22387608392426916,0.15604607836443266,0.0028551674653506387,-0.0004812860220573534,-0.0023738814432933686
2025-12-06,Bundesliga,Heidenheim,Freiburg,H,0.256897001102475,0.2564855176818693,0.4866174812156555,A,0.35,0.4,0.2499999999999999,1.0900000000000003,3.8,3.51,1.93,3.9,3.6,1.91,0.24682015426487353,0.26721270262294006,0.4859671431121863,0.01007684683760146,-0.010727184941070778,0.0006503381034692057
2025-12-06,Premier League,Newcastle,Burnley,H,0.7158023739900892,0.1838011172440456,0.1003965087658649,H,0.35,0.4,0.2499999999999999,1.0900000000000003,1.28,5.72,10.39,1.27,6.0,9.5,0.7424061480345177,0.16613284431541656,0.09146100765006569,-0.026603774044428485,0.017668272928629047,0.008935501115799202
2025-12-06,Ligue 1,Nantes,Lens,A,0.1995934201468479,0.2339496386561801,0.5664569411969719,A,0.35,0.4,0.2499999999999999,1.0900000000000003,4.84,3.95,1.66,4.75,3.9,1.7,0.19451547639530814,0.23834301411475728,0.5671415094899347,0.0050779437515397485,-0.004393375458577181,-0.0006845682929628172
2025-12-06,Bundesliga,Wolfsburg,Union Berlin,H,0.3886573566843533,0.2816678238091411,0.3296748195065053,H,0.35,0.4,0.2499999999999999,1.0900000000000003,2.1,3.41,3.38,2.15,3.4,3.5,0.4469997828177841,0.27527845862678785,0.277721758555428,-0.05834242613343077,0.006389365182353279,0.05195306095107727
2025-12-06,Premier League,Everton,Nott'm Forest,H,0.4540931771144545,0.2785324318683412,0.2673743910172041,H,0.35,0.4,0.2499999999999999,1.0900000000000003,2.17,3.25,3.52,2.2,3.2,3.5,0.4377958661967249,0.29231293219904403,0.269891201604231,0.016297310917729624,-0.013780500330702827,-0.0025168105870269075
2025-12-06,La Liga,Alaves,Sociedad,H,0.3577442672078131,0.2745878678507955,0.3676678649413913,A,0.35,0.4,0.2499999999999999,1.0900000000000003,2.75,2.98,2.77,2.8,2.9,2.8,0.3429827440780152,0.31651092154850397,0.3405063343734808,0.014761523129797893,-0.04192305369770849,0.027161530567910486
2025-12-07,Ligue 1,Nice,Angers,A,0.5819797717205533,0.2404620100867231,0.1775582181927235,H,0.35,0.4,0.2499999999999999,1.0900000000000003,1.93,3.59,3.72,1.95,3.6,3.8,0.486281592391245,0.26142715134125427,0.2522912562675007,0.09569817932930824,-0.020965141254531167,-0.07473303807477721
2025-12-07,Serie A,Napoli,Juventus,H,0.4794781798821785,0.2594597125504257,0.2610621075673956,H,0.35,0.4,0.2499999999999999,1.0900000000000003,2.37,2.97,3.28,2.35,3.0,3.2,0.3967402592642369,0.31659071193812843,0.2866690287976346,0.08273792061794161,-0.05713099938770272,-0.025606921230239
2025-12-07,Premier League,Brighton,West Ham,D,0.6230819317787704,0.2143035844553646,0.1626144837658647,H,0.35,0.4,0.2499999999999999,1.0900000000000003,1.55,4.32,5.63,1.55,4.33,5.75,0.6119549819973279,0.2195671810407079,0.16847783696196417,0.011126949781442463,-0.005263596585343311,-0.005863353196099458
2025-12-07,La Liga,Valencia,Sevilla,D,0.4661821523312168,0.2799808780908545,0.2538369695779285,H,0.35,0.4,0.2499999999999999,1.0900000000000003,2.12,3.33,3.41,2.15,3.4,3.4,0.44280360784741907,0.2819049995905491,0.2752913925620318,0.023378544483797725,-0.0019241214996946199,-0.021454422984103272
2025-12-07,Bundesliga,Dortmund,Hoffenheim,H,0.5923561502368291,0.2298758756792159,0.1777679740839549,H,0.35,0.4,0.2499999999999999,1.0900000000000003,1.58,4.41,4.84,1.62,4.5,4.75,0.5935694143951233,0.21266205776514624,0.19376852783973036,-0.0012132641582942583,0.017213817914069673,-0.01600055375577547
2025-12-07,La Liga,Espanol,Vallecano,H,0.4288519598069246,0.2830368334986801,0.2881112066943951,H,0.35,0.4,0.2499999999999999,1.0900000000000003,2.25,3.19,3.18,2.25,3.4,3.2,0.41444312346027035,0.29231881748765154,0.2932380590520781,0.014408836346654241,-0.009281983988971454,-0.005126852357683009
2025-12-07,Bundesliga,Hamburg,Werder Bremen,H,0.2969069829821817,0.2756617080125948,0.4274313090052234,A,0.35,0.4,0.2499999999999999,1.0900000000000003,2.25,3.53,2.96,2.25,3.5,3.0,0.41709611876429564,0.2658544666344661,0.31704941460123826,-0.12018913578211393,0.009807241378128717,0.11038189440398516
2025-12-07,La Liga,Elche,Girona,H,0.382847670588921,0.280115780440947,0.3370365489701319,H,0.35,0.4,0.2499999999999999,1.0900000000000003,2.12,3.41,3.34,2.15,3.3,3.5,0.4431776617352935,0.275523942193203,0.2812983960715037,-0.0603299911463725,0.004591838247744007,0.05573815289862821
2025-12-07,La Liga,Real Madrid,Celta,A,0.7744755326485466,0.1425069497521466,0.0830175175993066,H,0.35,0.4,0.2499999999999999,1.0900000000000003,1.29,5.65,8.81,1.3,5.5,9.5,0.7274086327760233,0.1660809090762956,0.10651045814768105,0.04706689987252333,-0.02357395932414902,-0.023492940548374447
2025-12-07,Serie A,Cremonese,Lecce,H,0.4727034187371973,0.2794291116053463,0.2478674696574562,H,0.35,0.4,0.2499999999999999,1.0900000000000003,2.43,3.01,3.15,2.4,3.1,3.2,0.3877866529245039,0.3130636433908786,0.29914970368461735,0.08491676581269336,-0.03363453178553233,-0.051282234027161144
2025-12-07,Serie A,Lazio,Bologna,D,0.4115865973190911,0.2664857105997861,0.3219276920811227,H,0.35,0.4,0.2499999999999999,1.0900000000000003,2.6,3.02,2.87,2.6,3.1,2.9,0.3614217685372831,0.3111578139724954,0.3274204174902216,0.050164828781808,-0.044672103372709326,-0.0054927254090988975
2025-12-07,Ligue 1,Le Havre,Paris FC,D,0.3977537497732027,0.2718923628398244,0.3303538873869729,H,0.35,0.4,0.2499999999999999,1.0900000000000003,2.66,3.28,2.61,2.7,3.2,2.7,0.3533403224341882,0.2865503834374819,0.3601092941283298,0.04441342733901449,-0.014658020597657528,-0.029755406741356905
2025-12-07,Serie A,Cagliari,Roma,H,0.1745947981418203,0.2238371961352703,0.6015680057229092,A,0.35,0.4,0.2499999999999999,1.0900000000000003,5.26,3.6,1.68,5.25,3.6,1.67,0.17882486517172863,0.26128299744535904,0.5598921373829122,-0.00423006702990833,-0.03744580131008873,0.041675868339997035
2025-12-07,Premier League,Fulham,Crystal Palace,A,0.3708515784499337,0.2699877409036847,0.3591606806463815,H,0.35,0.4,0.2499999999999999,1.0900000000000003,2.57,3.27,2.77,2.55,3.3,2.8,0.3684964219896097,0.28961339587562596,0.34189018213476424,0.002355156460324026,-0.019625654971941242,0.01727049851161727
2025-12-07,Ligue 1,Auxerre,Metz,H,0.4446806260467292,0.2894886564590014,0.2658307174942692,H,0.35,0.4,0.2499999999999999,1.0900000000000003,1.99,3.43,3.7,2.0,3.5,3.75,0.4721406860939668,0.2739241881419807,0.2539351257640524,-0.02746006004723761,0.015564468317020685,0.011895591730216759
2025-12-07,Ligue 1,Lorient,Lyon,H,0.2331751080804855,0.2457158917177848,0.5211090002017295,A,0.35,0.4,0.2499999999999999,1.0900000000000003,3.11,3.46,2.22,3.2,3.5,2.2,0.30305373628974985,0.2723980115205555,0.4245482521896945,-0.06987862820926435,-0.026682119802770687,0.09656074801203496
2025-12-08,La Liga,Osasuna,Levante,H,0.5068695642480281,0.2616890597333353,0.2314413760186364,H,0.35,0.4,0.2499999999999999,1.0900000000000003,1.74,3.64,4.59,1.73,3.8,4.5,0.5384719509601068,0.25740142710730374,0.2041266219325895,-0.03160238671207871,0.004287632626031546,0.02731475408604689
2025-12-08,Serie A,Pisa,Parma,A,0.4898521519508048,0.2712300580135505,0.2389177900356445,H,0.35,0.4,0.2499999999999999,1.0900000000000003,2.38,2.99,3.23,2.4,3.0,3.3,0.3948154840503162,0.314267843491556,0.29091667245812775,0.09503666790048859,-0.04303778547800552,-0.05199888242248324
2025-12-08,Serie A,Torino,Milan,A,0.2407471339669508,0.2411651228754596,0.5180877431575894,A,0.35,0.4,0.2499999999999999,1.0900000000000003,4.53,3.5,1.79,4.5,3.6,1.8,0.20725337179567763,0.2682450783526913,0.524501549851631,0.03349376217127317,-0.027079955477231687,-0.006413806694041568
2025-12-08,Serie A,Udinese,Genoa,A,0.4349065404255253,0.279699595613984,0.2853938639604905,H,0.35,0.4,0.2499999999999999,1.0900000000000003,2.42,3.02,3.13,2.4,3.0,3.3,0.38842683147323265,0.311255937803054,0.3003172307237134,0.04647970895229264,-0.03155634218907,-0.014923366763222923
2025-12-08,Premier League,Wolves,Man United,A,0.2442770823826482,0.2487379778164214,0.5069849398009303,A,0.35,0.4,0.2499999999999999,1.0900000000000003,4.22,3.9,1.77,4.2,4.0,1.75,0.22390238206445584,0.24227385956718045,0.5338237583683636,0.020374700318192357,0.006464118249240952,-0.02683881856743331
2025-12-12,Serie A,Lecce,Pisa,H,0.3886476670025238,0.2931857129396262,0.3181666200578498,H,0.35,0.4,0.2499999999999999,1.0900000000000003,2.47,2.83,3.3,2.5,2.88,3.3,0.3814935396505733,0.33296432612611876,0.2855421342233079,0.007154127351950479,-0.03977861318649256,0.032624485834541916
2025-12-12,La Liga,Sociedad,Girona,A,0.5014363334627758,0.2622076677090475,0.2363559988281766,H,0.35,0.4,0.2499999999999999,1.0900000000000003,1.72,3.73,4.73,1.75,3.9,4.5,0.5480165620408709,0.2527046881260852,0.19927874983304392,-0.04658022857809507,0.009502979582962312,0.03707724899513268
2025-12-12,Bundesliga,Union Berlin,RB Leipzig,H,0.2175990121500555,0.2431479517479665,0.5392530361019778,A,0.35,0.4,0.2499999999999999,1.0900000000000003,3.22,3.38,2.19,3.2,3.5,2.2,0.2921429022480424,0.2783136524374842,0.42954344531447336,-0.0745438900979869,-0.03516570068951769,0.10970959078750447
2025-12-12,Ligue 1,Angers,Nantes,H,0.4631273682903456,0.2798733837376622,0.256999247971992,H,0.35,0.4,0.2499999999999999,1.0900000000000003,2.11,3.16,3.64,2.15,3.2,3.6,0.4449602327236717,0.2971095224832111,0.2579302447931173,0.01816713556667393,-0.017236138745548912,-0.0009309968211253516
2025-12-13,La Liga,Barcelona,Osasuna,H,0.8037804659503296,0.1338879914331154,0.0623315426165548,H,0.35,0.4,0.2499999999999999,1.0900000000000003,1.2,7.34,11.63,1.2,7.0,12.0,0.7894721266052704,0.12906901252402242,0.08145886087070717,0.014308339345059151,0.004818978909092969,-0.01912731825415237
2025-12-13,Premier League,Burnley,Fulham,A,0.2690189819575304,0.246348390861432,0.4846326271810375,A,0.35,0.4,0.2499999999999999,1.0900000000000003,3.93,3.48,1.95,4.0,3.5,1.91,0.24127227928706282,0.27247128091901057,0.4862564397939267,0.027746702670467555,-0.026122890057578563,-0.001623812612889186
2025-12-13,La Liga,Ath Madrid,Valencia,H,0.6855202195483509,0.1976953492924616,0.1167844311591874,H,0.35,0.4,0.2499999999999999,1.0900000000000003,1.29,5.21,10.58,1.3,5.0,11.0,0.7301780744434098,0.18079265182955828,0.08902927372703201,-0.04465785489505891,0.01690269746290332,0.027755157432155383
2025-12-13,Ligue 1,Paris FC,Toulouse,A,0.3680353003207678,0.2846672901007916,0.3472974095784404,H,0.35,0.4,0.2499999999999999,1.0900000000000003,2.39,3.3,2.91,2.4,3.4,2.88,0.3928426788409853,0.2845133340696833,0.32264398708933156,-0.02480737852021747,0.00015395603110829326,0.024653422489108845
2025-12-13,Serie A,Atalanta,Cagliari,H,0.6088571603689128,0.2223101375853258,0.1688327020457612,H,0.35,0.4,0.2499999999999999,1.0900000000000003,1.32,5.14,9.23,1.33,5.0,9.5,0.7143769217564666,0.18345866473123268,0.10216441351230075,-0.10551976138755381,0.03885147285409313,0.06666828853346045
2025-12-13,La Liga,Mallorca,Elche,H,0.435425205997984,0.2881773630228747,0.2763974309791411,H,0.35,0.4,0.2499999999999999,1.0900000000000003,2.42,3.07,3.1,2.45,3.1,3.1,0.3892688274079285,0.30685034603491435,0.3038808265571571,0.0461563785900555,-0.018672983012039623,-0.02748339557801599
2025-12-13,Ligue 1,Metz,Paris SG,A,0.0914480776035467,0.1728256549241796,0.7357262674722735,A,0.35,0.4,0.2499999999999999,1.0900000000000003,10.09,6.31,1.24,10.0,6.5,1.25,0.09314329453751552,0.14894070394350742,0.7579160015189772,-0.0016952169339688183,0.02388495098067217,-0.022189734046703657
2025-12-13,Ligue 1,Rennes,Brest,H,0.4525915888650123,0.2653392066716992,0.2820692044632885,H,0.35,0.4,0.2499999999999999,1.0900000000000003,1.82,3.7,4.06,1.83,3.75,4.1,0.5154193486405994,0.253530598520511,0.23105005283888944,-0.06282775977558708,0.011808608151188171,0.051019151624399045
2025-12-13,Premier League,Liverpool,Brighton,H,0.5485624730547709,0.231987689721578,0.2194498372236508,H,0.35,0.4,0.2499999999999999,1.0900000000000003,1.67,4.17,4.62,1.67,4.0,4.75,0.567552519244536,0.22729321514109713,0.20515426561436687,-0.018990046189765075,0.004694474580480862,0.014295571609283936
2025-12-13,Bundesliga,Hoffenheim,Hamburg,H,0.5752770507985379,0.2361426776331779,0.1885802715682841,H,0.35,0.4,0.2499999999999999,1.0900000000000003,1.71,4.06,4.21,1.7,4.33,4.2,0.5472381324377367,0.2304869966671256,0.22227487089513773,0.02803891836080119,0.00565568096605229,-0.03369459932685362
2025-12-13,Bundesliga,M'gladbach,Wolfsburg,A,0.4944360254763926,0.2684438872594185,0.2371200872641887,H,0.35,0.4,0.2499999999999999,1.0900000000000003,1.96,3.75,3.47,1.95,3.8,3.6,0.4790400424095392,0.25037826216605247,0.2705816954244083,0.015395983066853414,0.01806562509336601,-0.03346160816021959
2025-12-13,Bundesliga,Leverkusen,FC Koln,H,0.7378007609068197,0.1580554947486599,0.1041437443445202,H,0.35,0.4,0.2499999999999999,1.0900000000000003,1.53,4.44,5.28,1.55,4.33,5.25,0.6118575589589401,0.2108428074790942,0.1772996335619656,0.12594320194787956,-0.0527873127304343,-0.0731558892174454
2025-12-13,La Liga,Getafe,Espanol,A,0.3832212303612948,0.2849917142982698,0.3317870553404353,H,0.35,0.4,0.2499999999999999,1.0900000000000003,2.52,2.85,3.18,2.5,2.8,3.25,0.373599465756474,0.3303405802478297,0.2960599539956964,0.009621764604820782,-0.04534886594955989,0.03572710134473889
2025-12-13,Bundesliga,St Pauli,Heidenheim,H,0.4253058643122352,0.2834006436790428,0.2912934920087217,H,0.35,0.4,0.2499999999999999,1.0900000000000003,1.94,3.33,3.96,1.95,3.4,4.0,0.4825133372851215,0.2811038661661068,0.23638279654877165,-0.05720747297288631,0.002296777512935999,0.05491069545995003
2025-12-13,Serie A,Parma,Lazio,A,0.2336805116544628,0.255674397107172,0.5106450912383651,A,0.35,0.4,0.2499999999999999,1.0900000000000003,3.62,3.25,2.09,3.6,3.3,2.1,0.26001691976128594,0.2896188460110323,0.45036423422768185,-0.02633640810682314,-0.033944448903860336,0.06028085701068325
2025-12-13,Premier League,Chelsea,Everton,H,0.5330496306448518,0.2479497265346971,0.2190006428204509,H,0.35,0.4,0.2499999999999999,1.0900000000000003,1.66,3.9,5.09,1.67,3.8,5.25,0.5708509708291156,0.24297759271188,0.1861714364590043,-0.03780134018426384,0.00497213382281711,0.032829206361446595
2025-12-13,Bundesliga,Ein Frankfurt,Augsburg,H,0.5714833754279598,0.2474436445024885,0.1810729800695514,H,0.35,0.4,0.2499999999999999,1.0900000000000003,1.68,4.06,4.39,1.7,4.2,4.33,0.5566437847055222,0.230335359188492,0.21302085610598576,0.014839590722437568,0.017108285313996524,-0.03194787603643437
2025-12-13,Serie A,Torino,Cremonese,H,0.4608684654196737,0.2667202338902354,0.2724113006900907,H,0.35,0.4,0.2499999999999999,1.0900000000000003,1.96,3.21,4.15,1.95,3.25,4.2,0.4801042271084186,0.293147752377726,0.2267480205138555,-0.019235761688744912,-0.026427518487490587,0.045663280176235166
2025-12-13,Premier League,Arsenal,Wolves,H,0.8464446884221966,0.1059530163694961,0.0476022952083072,H,0.35,0.4,0.2499999999999999,1.0900000000000003,1.12,8.62,22.31,1.13,8.5,21.0,0.8473627672239902,0.11009817857202658,0.04253905420398338,-0.0009180788017936203,-0.004145162202530486,0.005063241004323822
2025-12-14,Premier League,Crystal Palace,Man City,A,0.2662682595049462,0.2336598300279225,0.5000719104671312,A,0.35,0.4,0.2499999999999999,1.0900000000000003,3.98,3.81,1.83,3.9,3.9,1.85,0.23699587008616732,0.24757048896140316,0.5154336409524295,0.029272389418778882,-0.013910658933480646,-0.01536173048529832
2025-12-14,Ligue 1,Strasbourg,Lorient,D,0.5561545733755258,0.2485956095857976,0.1952498170386765,H,0.35,0.4,0.2499999999999999,1.0900000000000003,1.72,3.76,4.54,1.73,3.7,4.75,0.5445729015134114,0.24911313579868818,0.20631396268790034,0.01158167186211434,-0.0005175262128905844,-0.011064145649223839
2025-12-14,Premier League,Brentford,Leeds,D,0.574192664729404,0.2362402286097589,0.1895671066608369,H,0.35,0.4,0.2499999999999999,1.0900000000000003,1.94,3.54,3.85,1.91,3.6,4.0,0.48734874274108203,0.2670781245530223,0.2455731327058958,0.08684392198832197,-0.030837895943263416,-0.056006026045058915
2025-12-14,La Liga,Sevilla,Oviedo,H,0.439407973552091,0.2912544676381341,0.2693375588097748,H,0.35,0.4,0.2499999999999999,1.0900000000000003,1.88,3.32,4.3,1.91,3.4,4.2,0.49913291564108303,0.28264153054374586,0.2182255538151712,-0.05972494208899204,0.008612937094388262,0.05111200499460358
2025-12-14,Premier League,Sunderland,Newcastle,H,0.2371538295767487,0.2443693047155858,0.5184768657076653,A,0.35,0.4,0.2499999999999999,1.0900000000000003,3.26,3.33,2.22,3.3,3.3,2.25,0.29006968641114983,0.28397212543554007,0.42595818815331005,-0.05291585683440114,-0.039602820719954274,0.09251867755435522
2025-12-14,Bundesliga,Freiburg,Dortmund,D,0.3106520136038455,0.2453009461323274,0.444047040263827,A,0.35,0.4,0.2499999999999999,1.0900000000000003,3.25,3.44,2.12,3.25,3.5,2.15,0.2875392306843093,0.27165770340814105,0.4408030659075496,0.023112782919536168,-0.026356757275813658,0.003243974356277435
2025-12-14,La Liga,Alaves,Real Madrid,A,0.1541556268991371,0.2151110558912278,0.6307333172096349,A,0.35,0.4,0.2499999999999999,1.0900000000000003,5.4,3.94,1.6,5.5,4.0,1.6,0.1740474875759249,0.23854224185532852,0.5874102705687465,-0.019891860676787804,-0.02343118596410071,0.043323046640888374
2025-12-14,Serie A,Bologna,Juventus,A,0.4261842513277046,0.2563636105284105,0.3174521381438847,H,0.35,0.4,0.2499999999999999,1.0900000000000003,2.87,3.16,2.51,2.88,3.25,2.5,0.327691131814332,0.297618211489599,0.37469065669606894,0.09849311951337258,-0.04125460096118849,-0.05723851855218426
2025-12-14,Ligue 1,Lyon,Le Havre,H,0.6228559964276532,0.2247648568765043,0.1523791466958422,H,0.35,0.4,0.2499999999999999,1.0900000000000003,1.57,3.92,5.76,1.6,4.1,5.25,0.5977001757692552,0.2393850193769721,0.16291480485377266,0.025155820658398054,-0.014620162500467798,-0.01053565815793045
2025-12-14,Ligue 1,Marseille,Monaco,H,0.5559097701394303,0.2211470430324482,0.2229431868281213,H,0.35,0.4,0.2499999999999999,1.0900000000000003,1.86,3.89,3.67,1.9,3.75,3.75,0.5037882129586173,0.24088588074627973,0.2553259062951031,0.052121557180813016,-0.01973883771383153,-0.03238271946698179
2025-12-14,Premier League,Nott'm Forest,Tottenham,H,0.45388969367163,0.2580912301576469,0.2880190761707229,H,0.35,0.4,0.2499999999999999,1.0900000000000003,2.55,3.28,2.76,2.55,3.3,2.8,0.3701849943569361,0.2877962608567643,0.3420187447862997,0.08370469931469393,-0.029705030699117396,-0.05399966861557676
2025-12-14,Bundesliga,Werder Bremen,Stuttgart,A,0.4090198857350122,0.2434362477395935,0.3475438665253941,H,0.35,0.4,0.2499999999999999,1.0900000000000003,2.88,3.71,2.21,2.9,3.8,2.25,0.3247335506382507,0.252084265724572,0.4231821836371774,0.08428633509676148,-0.008648017984978495,-0.07563831711178332
2025-12-14,Premier League,West Ham,Aston Villa,A,0.2130521602631601,0.2355797832308626,0.5513680565059771,A,0.35,0.4,0.2499999999999999,1.0900000000000003,3.63,3.51,2.0,3.75,3.5,2.0,0.25979505057121605,0.26867693264202686,0.4715280167867571,-0.04674289030805595,-0.03309714941116426,0.07984003971921999
2025-12-14,Serie A,Fiorentina,Verona,A,0.5444047253006465,0.248914682093434,0.2066805926059193,H,0.35,0.4,0.2499999999999999,1.0900000000000003,1.82,3.42,4.51,1.8,3.4,4.75,0.5166059323169261,0.27491894643766246,0.20847512124541145,0.027798792983720455,-0.02600426434422845,-0.0017945286394921434
2025-12-14,Serie A,Genoa,Inter,A,0.1518120590072996,0.2083831965050436,0.6398047444876567,A,0.35,0.4,0.2499999999999999,1.0900000000000003,6.37,4.2,1.67,6.5,4.2,1.5,0.15795198385800086,0.23956050885130128,0.6024875072906979,-0.0061399248507012505,-0.031177312346257674,0.037317237196958786
2025-12-14,Serie A,Milan,Sassuolo,D,0.6752410628598462,0.2038575790548829,0.1209013580852707,H,0.35,0.4,0.2499999999999999,1.0900000000000003,1.4,4.54,7.72,1.42,4.33,8.0,0.6712683479912971,0.20699905004136915,0.12173260196733368,0.00397271486854911,-0.003141470986486261,-0.0008312438820629875
2025-12-14,La Liga,Celta,Ath Bilbao,H,0.391551007596373,0.266926347834147,0.3415226445694798,H,0.35,0.4,0.2499999999999999,1.0900000000000003,2.6,3.14,2.75,2.63,3.25,2.75,0.36055785210238417,0.29855108772808886,0.3408910601695269,0.030993155493988844,-0.03162473989394188,0.000631584399952867
2025-12-14,Bundesliga,Bayern Munich,Mainz,D,0.8689453862890567,0.0896640359240177,0.0413905777869255,H,0.35,0.4,0.2499999999999999,1.0900000000000003,1.09,10.18,19.25,1.09,11.0,21.0,0.8593309089442067,0.09201087335453688,0.04865821770125638,0.009614477344849992,-0.0023468374305191803,-0.007267639914330881
2025-12-14,Ligue 1,Lens,Nice,H,0.6077106012028728,0.2120624410211981,0.180226957775929,H,0.35,0.4,0.2499999999999999,1.0900000000000003,1.48,4.51,5.97,1.48,4.5,6.25,0.6344912584157926,0.2082144262650495,0.157294315319158,-0.02678065721291978,0.003848014756148599,0.022932642456771013
2025-12-14,Ligue 1,Auxerre,Lille,A,0.2226772767818721,0.254407048467497,0.5229156747506307,A,0.35,0.4,0.2499999999999999,1.0900000000000003,4.41,3.62,1.78,4.5,3.6,1.8,0.2129580667336471,0.2594323409655756,0.5276095923007774,0.009719210048225013,-0.005025292498078593,-0.004693917550146698
2025-12-14,Serie A,Udinese,Napoli,H,0.1806698497649495,0.2370067834293361,0.5823233668057143,A,0.35,0.4,0.2499999999999999,1.0900000000000003,4.38,3.33,1.86,4.5,3.4,1.85,0.21412570006222778,0.28164281269446173,0.5042314872433105,-0.03345585029727827,-0.04463602926512564,0.07809187956240382
2025-12-15,Serie A,Roma,Como,H,0.5496705061531362,0.2378599144787879,0.2124695793680758,H,0.35,0.4,0.2499999999999999,1.0900000000000003,2.15,3.17,3.53,2.1,3.3,3.6,0.4371969634812914,0.2965215998374689,0.2662814366812398,0.11247354267184478,-0.05866168535868099,-0.05381185731316401
2025-12-15,La Liga,Vallecano,Betis,D,0.2979081510434169,0.2571374528798189,0.4449543960767639,A,0.35,0.4,0.2499999999999999,1.0900000000000003,2.52,3.35,2.69,2.55,3.4,2.75,0.3718796812518828,0.279742327389476,0.34837799135864117,-0.07397153020846592,-0.022604874509657147,0.09657640471812273
2025-12-15,Premier League,Man United,Bournemouth,D,0.5059249218837906,0.2421720522965888,0.2519030258196205,H,0.35,0.4,0.2499999999999999,1.0900000000000003,1.82,3.98,3.84,1.83,4.0,3.8,0.5178007562102752,0.23678326037756306,0.24541598341216175,-0.011875834326484647,0.005388791919025748,0.006487042407458732
2025-12-19,La Liga,Valencia,Mallorca,D,0.4398909179146295,0.2808222137630328,0.2792868683223375,H,0.35,0.4,0.2499999999999999,1.0900000000000003,1.98,3.19,4.08,1.9,3.0,4.0,0.4748374668914038,0.2947267035877679,0.2304358295208283,-0.03494654897677435,-0.013904489824735133,0.048851038801509206
2025-12-19,Bundesliga,Dortmund,M'gladbach,H,0.6535398290302785,0.211929433822221,0.1345307371475002,H,0.35,0.4,0.2499999999999999,1.0900000000000003,1.53,4.47,5.41,1.55,4.5,5.5,0.6153499698466377,0.2106231440414666,0.17402688611189568,0.03818985918364082,0.0013062897807543938,-0.03949614896439549
2025-12-20,La Liga,Oviedo,Celta,D,0.2758224858917626,0.2789935431279775,0.4451839709802597,A,0.35,0.4,0.2499999999999999,1.0900000000000003,3.7,3.27,2.07,3.6,3.4,2.05,0.25517116587313254,0.2887257840154711,0.4561030501113964,0.02065132001863007,-0.009732240887493637,-0.01091907913113671
2025-12-20,Premier League,Tottenham,Liverpool,A,0.2163557213741851,0.2317899238608836,0.551854354764931,A,0.35,0.4,0.2499999999999999,1.0900000000000003,3.36,3.71,2.02,3.5,3.75,2.0,0.280188432347553,0.25375556137136873,0.4660560062810782,-0.06383271097336787,-0.021965637510485136,0.08579834848385287
2025-12-20,Premier League,Leeds,Crystal Palace,H,0.2825878963096113,0.2478737376678691,0.4695383660225196,A,0.35,0.4,0.2499999999999999,1.0900000000000003,2.6,3.25,2.76,2.6,3.3,2.75,0.3646934460887949,0.29175475687103597,0.3435517970401692,-0.0821055497791836,-0.043881019203166866,0.1259865689823504
2025-12-20,Premier League,Man City,West Ham,H,0.7836720961608062,0.1431916270129434,0.0731362768262501,H,0.35,0.4,0.2499999999999999,1.0900000000000003,1.2,7.36,11.88,1.22,8.0,10.0,0.7911057065925476,0.12898462607487188,0.07990966733258056,-0.0074336104317414,0.014207000938071535,-0.006773390506330468
2025-12-20,La Liga,Levante,Sociedad,D,0.3221732937313258,0.2733035066867904,0.4045231995818837,A,0.35,0.4,0.2499999999999999,1.0900000000000003,3.29,3.41,2.15,3.4,3.4,2.15,0.2861195992803594,0.2760508743789977,0.437829526340643,0.0360536944509664,-0.0027473676922073476,-0.033306326758759275
2025-12-20,Premier League,Brighton,Sunderland,D,0.6196220799787944,0.2235797725478931,0.1567981474733122,H,0.35,0.4,0.2499999999999999,1.0900000000000003,1.65,3.95,5.16,1.67,4.0,5.25,0.575543225041298,0.2404167902071244,0.1840399847515778,0.044078854937496414,-0.01683701765923129,-0.027241837278265596
2025-12-20,Premier League,Bournemouth,Burnley,D,0.6499369796666128,0.2076349525107463,0.1424280678226406,H,0.35,0.4,0.2499999999999999,1.0900000000000003,1.47,4.44,6.59,1.48,4.33,6.5,0.6434400543610922,0.21303082880873997,0.14352911683016775,0.0064969253055205956,-0.005395876297993679,-0.0011010490075271384
2025-12-20,Premier League,Everton,Arsenal,A,0.2214672235606924,0.2325266566693162,0.5460061197699912,A,0.35,0.4,0.2499999999999999,1.0900000000000003,6.03,3.89,1.57,5.75,4.1,1.57,0.15647265898219626,0.2425527335893685,0.6009746074284353,0.06499456457849614,-0.01002607692005228,-0.05496848765844409
2025-12-20,Premier League,Wolves,Brentford,A,0.2557370742431937,0.2464703393991164,0.4977925863576897,A,0.35,0.4,0.2499999999999999,1.0900000000000003,3.59,3.48,2.05,3.5,3.6,2.05,0.264352440276136,0.2727084082158989,0.4629391515079651,-0.008615366032942329,-0.026238068816782534,0.034853434849724585
2025-12-20,Serie A,Lazio,Cremonese,D,0.5964186538650307,0.2309086366610988,0.1726727094738703,H,0.35,0.4,0.2499999999999999,1.0900000000000003,1.61,3.76,5.69,1.62,3.8,5.75,0.5844043388356384,0.2502369642354728,0.16535869692888888,0.01201431502939232,-0.019328327574374027,0.00731401254498143
2025-12-20,La Liga,Osasuna,Alaves,H,0.4648082348927205,0.2695070639727386,0.2656847011345406,H,0.35,0.4,0.2499999999999999,1.0900000000000003,2.22,3.02,3.57,2.2,3.0,3.7,0.42427748394408754,0.3118860974688326,0.2638364185870797,0.040530750948632954,-0.04237903349609401,0.0018482825474609443
2025-12-20,Bundesliga,FC Koln,Union Berlin,A,0.3793307226023204,0.2681042394268085,0.3525650379708711,H,0.35,0.4,0.2499999999999999,1.0900000000000003,2.32,3.28,3.02,2.3,3.3,3.1,0.4039540649876028,0.2857236069424507,0.31032232806994653,-0.024623342385282354,-0.017619367515642193,0.04224270990092455
2025-12-20,Premier League,Newcastle,Chelsea,D,0.4178197194157736,0.2539962734205326,0.3281840071636936,H,0.35,0.4,0.2499999999999999,1.0900000000000003,2.73,3.51,2.47,2.75,3.6,2.45,0.34685598377281945,0.2697768762677485,0.38336713995943206,0.07096373564295416,-0.015780602847215885,-0.05518313279573844
2025-12-20,Bundesliga,Hamburg,Ein Frankfurt,D,0.264103427248568,0.2516418849992746,0.4842546877521572,A,0.35,0.4,0.2499999999999999,1.0900000000000003,2.62,3.48,2.51,2.6,3.6,2.55,0.35756449407661506,0.2692008547358424,0.3732346511875425,-0.09346106682804706,-0.017558969736567787,0.11102003656461468
2025-12-20,Bundesliga,Wolfsburg,Freiburg,A,0.3676122792920406,0.2588980443420625,0.3734896763658968,A,0.35,0.4,0.2499999999999999,1.0900000000000003,2.47,3.43,2.7,2.5,3.6,2.75,0.37951651702107614,0.2732961507411248,0.34718733223779924,-0.011904237729035538,-0.014398106399062305,0.026302344128097566
2025-12-20,Serie A,Juventus,Roma,H,0.4481600933318097,0.2691579057541732,0.2826820009140168,H,0.35,0.4,0.2499999999999999,1.0900000000000003,1.97,3.22,4.12,1.95,3.2,4.33,0.47847883950920067,0.2927339483953805,0.22878721209541877,-0.030318746177391,-0.02357604264120733,0.05389478881859802
2025-12-20,Bundesliga,Augsburg,Werder Bremen,D,0.4030775357773613,0.2657192420748653,0.3312032221477732,H,0.35,0.4,0.2499999999999999,1.0900000000000003,2.24,3.48,3.01,2.25,3.5,3.1,0.4187842829956342,0.2695622971006381,0.3116534199037278,-0.01570674721827292,-0.0038430550257728124,0.0195498022440454
2025-12-20,Bundesliga,RB Leipzig,Leverkusen,A,0.3625436122516752,0.2349626317969143,0.4024937559514103,A,0.35,0.4,0.2499999999999999,1.0900000000000003,2.06,3.73,3.18,2.1,3.8,3.2,0.4545294297976702,0.251026977314531,0.2944435928877989,-0.091985817545995,-0.016064345517616707,0.10805016306361137
2025-12-20,Bundesliga,Stuttgart,Hoffenheim,D,0.5063352657917466,0.2544213511428361,0.2392433830654171,H,0.35,0.4,0.2499999999999999,1.0900000000000003,1.99,3.84,3.29,2.0,3.8,3.4,0.47101106169120466,0.24409166999101498,0.28489726831778034,0.035324204100541934,0.010329681151821118,-0.04565388525236325
2025-12-20,La Liga,Real Madrid,Sevilla,H,0.7477250645745921,0.1628975350527204,0.0893774003726874,H,0.35,0.4,0.2499999999999999,1.0900000000000003,1.21,6.82,12.31,1.2,7.0,12.0,0.7838751091254558,0.13907461613516148,0.07705027473938274,-0.03615004455086368,0.023822918917558916,0.012327125633304667
2025-12-21,Premier League,Aston Villa,Man United,H,0.5645857516775691,0.2446766130652823,0.1907376352571484,H,0.35,0.4,0.2499999999999999,1.0900000000000003,2.1,3.64,3.26,2.1,3.6,3.3,0.4502284075215128,0.2597471581854881,0.29002443429299907,0.1143573441560563,-0.015070545120205808,-0.09928679903585066
2025-12-21,La Liga,Betis,Getafe,H,0.6065647867357726,0.2289154217882214,0.1645197914760058,H,0.35,0.4,0.2499999999999999,1.0900000000000003,1.7,3.44,5.36,1.7,3.5,5.5,0.5520743508671074,0.27282744083548915,0.17509820829740347,0.0544904358686652,-0.04391201904726774,-0.01057841682139768
2025-12-21,La Liga,Elche,Vallecano,H,0.3617256183663283,0.2793096936027249,0.3589646880309467,H,0.35,0.4,0.2499999999999999,1.0900000000000003,2.44,3.05,3.05,2.4,3.1,3.2,0.3846153846153846,0.3076923076923077,0.3076923076923077,-0.022889766249056254,-0.028382614089582814,0.05127238033863901
2025-12-21,Bundesliga,Heidenheim,Bayern Munich,A,0.0755825260370792,0.1348718073917242,0.7895456665711964,A,0.35,0.4,0.2499999999999999,1.0900000000000003,15.28,8.61,1.13,13.0,9.5,1.14,0.061361722792821476,0.10889745926530921,0.8297408179418693,0.014220803244257722,0.025974348126414984,-0.040195151370672866
2025-12-21,La Liga,Villarreal,Barcelona,A,0.3181083287468466,0.2418994620200728,0.4399922092330804,A,0.35,0.4,0.2499999999999999,1.0900000000000003,3.39,4.53,1.82,3.4,4.75,1.83,0.27693299878069677,0.20724125074317043,0.515825750476133,0.04117532996614981,0.034658211276902356,-0.07583354124305258
2025-12-21,Serie A,Sassuolo,Torino,A,0.4167637445729486,0.2605900290711108,0.3226462263559403,H,0.35,0.4,0.2499999999999999,1.0900000000000003,2.34,3.1,3.19,2.3,3.2,3.3,0.4018677156650791,0.30334530795364034,0.2947869763812806,0.014896028907869507,-0.04275527888252956,0.027859249974659717
2025-12-21,La Liga,Girona,Ath Madrid,A,0.204038729509864,0.2421689156254148,0.553792354864721,A,0.35,0.4,0.2499999999999999,1.0900000000000003,4.79,4.01,1.65,5.0,4.0,1.67,0.19617290136652443,0.23433122133308032,0.5694958773003952,0.007865828143339554,0.007837694292334468,-0.01570352243567419
2025-12-21,Serie A,Genoa,Atalanta,A,0.3148294770116591,0.2500873545218928,0.435083168466448,A,0.35,0.4,0.2499999999999999,1.0900000000000003,3.99,3.35,1.94,4.0,3.4,1.95,0.23541898348553394,0.28039455047978523,0.48418646603468074,0.07941049352612514,-0.03030719595789244,-0.04910329756823273
2025-12-21,Serie A,Cagliari,Pisa,D,0.4290093380908327,0.2763478096768777,0.2946428522322893,H,0.35,0.4,0.2499999999999999,1.0900000000000003,2.17,3.14,3.53,2.15,3.1,3.75,0.4336863851381754,0.2997132024681021,0.26660041239372256,-0.004677047047342731,-0.023365392791224404,0.028042439838566746
2025-12-21,Bundesliga,Mainz,St Pauli,D,0.475071328828246,0.2733108706929713,0.2516178004787825,H,0.35,0.4,0.2499999999999999,1.0900000000000003,1.92,3.34,4.02,1.95,3.4,4.1,0.4872196821249728,0.28007838014369696,0.2327019377313303,-0.01214835329672681,-0.006767509450725684,0.018915862747452217
2025-12-21,Serie A,Fiorentina,Udinese,H,0.4650325122165324,0.2597450367257424,0.275222451057725,H,0.35,0.4,0.2499999999999999,1.0900000000000003,2.16,3.26,3.4,2.2,3.3,3.4,0.4351854760184691,0.28834375098156234,0.27647077299996864,0.029847036198063337,-0.028598714255819946,-0.0012483219422436131
2025-12-22,Premier League,Fulham,Nott'm Forest,H,0.4391370122696228,0.2713558220539565,0.2895071656764206,H,0.35,0.4,0.2499999999999999,1.0900000000000003,2.42,3.27,2.93,2.4,3.25,3.0,0.3897116546200748,0.2884104599940614,0.32187788538586376,0.04942535764954803,-0.017054637940104922,-0.03237071970944316
2025-12-22,La Liga,Ath Bilbao,Espanol,A,0.4917691695251228,0.2759756875152593,0.2322551429596178,H,0.35,0.4,0.2499999999999999,1.0900000000000003,1.74,3.46,4.92,1.75,3.6,5.0,0.5386338611079471,0.2708736758172913,0.19049246307476178,-0.0468646915828243,0.005102011697967979,0.04176267988485602
2025-12-26,Premier League,Man United,Newcastle,H,0.418046170813832,0.2475850868405329,0.3343687423456349,H,0.35,0.4,0.2499999999999999,1.0900000000000003,2.47,3.58,2.67,2.55,3.6,2.6,0.3824036549701753,0.26383715859674106,0.3537591864330836,0.035642515843656686,-0.01625207175620816,-0.019390444087448666
2025-12-27,Serie A,Parma,Fiorentina,H,0.3072315061177488,0.2700574485402218,0.4227110453420292,A,0.35,0.4,0.2499999999999999,1.0900000000000003,3.33,3.1,2.27,3.5,3.0,2.25,0.2823938264223026,0.3033456264471831,0.41426054713051436,0.024837679695446202,-0.033288177906961314,0.008450498211514834
2025-12-27,Premier League,West Ham,Fulham,A,0.3430340942044008,0.2636890385034781,0.3932768672921209,A,0.35,0.4,0.2499999999999999,1.0900000000000003,2.65,3.38,2.59,2.63,3.4,2.6,0.3562281533447,0.2792913036578269,0.36448054299747296,-0.013194059140299197,-0.015602265154348816,0.028796324294647957
2025-12-27,Serie A,Torino,Cagliari,A,0.5182618641949308,0.2556028098615056,0.2261353259435634,H,0.35,0.4,0.2499999999999999,1.0900000000000003,1.94,3.28,4.09,1.91,3.2,4.2,0.4840760653844767,0.2863132825749648,0.22961065204055858,0.03418579881045414,-0.030710472713459225,-0.0034753260969951905
2025-12-27,Serie A,Lecce,Como,A,0.2614551290449569,0.2948819812419457,0.4436628897130973,A,0.35,0.4,0.2499999999999999,1.0900000000000003,4.58,3.35,1.82,4.75,3.3,1.8,0.20476497534894342,0.2799473394322868,0.5152876852187697,0.05669015369601346,0.014934641809658922,-0.07162479550567236
2025-12-27,Premier League,Arsenal,Brighton,H,0.6483608288672458,0.1997240475276642,0.1519151236050899,H,0.35,0.4,0.2499999999999999,1.0900000000000003,1.41,4.73,7.34,1.42,4.75,7.0,0.6710529621991268,0.2000390436999511,0.12890799410092219,-0.022692133331881026,-0.00031499617228689103,0.023007129504167723
2025-12-27,Serie A,Pisa,Juventus,A,0.1923588222603068,0.2320190986730515,0.5756220790666414,A,0.35,0.4,0.2499999999999999,1.0900000000000003,6.91,4.19,1.46,7.5,4.5,1.4,0.13546388419558492,0.22340225293353028,0.6411338628708848,0.05689493806472187,0.008616845739521234,-0.06551178380424338
2025-12-27,Premier League,Burnley,Everton,D,0.2472516379292248,0.2461909875077153,0.5065573745630597,A,0.35,0.4,0.2499999999999999,1.0900000000000003,4.03,3.33,1.96,4.1,3.4,1.95,0.2343933490151012,0.2836652241834408,0.4819414268014581,0.012858288914123606,-0.037474236675725525,0.024615947761601642
2025-12-27,Premier League,Liverpool,Wolves,H,0.7971112616767331,0.1370414324349517,0.065847305888315,H,0.35,0.4,0.2499999999999999,1.0900000000000003,1.24,6.31,11.25,1.25,6.5,10.0,0.7652656963688756,0.1503850179869106,0.08434928564421385,0.031845565307857426,-0.013343585551958886,-0.018501979755898845
2025-12-27,Premier League,Chelsea,Aston Villa,A,0.4048103199722478,0.2498597375350508,0.3453299424927011,H,0.35,0.4,0.2499999999999999,1.0900000000000003,1.84,3.82,3.97,1.83,3.9,4.0,0.5140987830095937,0.2476287331773959,0.23827248381301067,-0.10928846303734585,0.0022310043576549143,0.10705745867969044
2025-12-27,Premier League,Nott'm Forest,Man City,A,0.1715276992502562,0.2062371926439986,0.622235108105745,A,0.35,0.4,0.2499999999999999,1.0900000000000003,5.21,4.24,1.59,5.0,4.33,1.6,0.1816364415250607,0.22319006140225617,0.5951734970726832,-0.010108742274804489,-0.016952868758257578,0.027061611033061816
2025-12-27,Serie A,Udinese,Lazio,D,0.2676337855607959,0.2758074463041276,0.4565587681350763,A,0.35,0.4,0.2499999999999999,1.0900000000000003,3.06,3.05,2.43,3.1,3.0,2.45,0.30650984479100757,0.3075147951017978,0.3859753601071947,-0.038876059230211646,-0.031707348797670176,0.0705834080278816
2025-12-27,Premier League,Brentford,Bournemouth,H,0.4430102516051933,0.2655779817202666,0.2914117666745398,H,0.35,0.4,0.2499999999999999,1.0900000000000003,2.25,3.57,2.98,2.25,3.6,3.0,0.4192369985931644,0.2642249991133389,0.31653800229349666,0.023773253012028928,0.0013529826069276774,-0.025126235618956883
2025-12-28,Serie A,Atalanta,Inter,A,0.2599361626938872,0.2299827713131737,0.5100810659929389,A,0.35,0.4,0.2499999999999999,1.0900000000000003,3.39,3.52,2.05,3.5,3.5,2.0,0.2764931049148795,0.2662817118356368,0.45722518324948375,-0.0165569422209923,-0.0362989405224631,0.05285588274345515
2025-12-28,Serie A,Bologna,Sassuolo,D,0.6311928823743067,0.2103673262529689,0.1584397913727243,H,0.35,0.4,0.2499999999999999,1.0900000000000003,1.74,3.58,4.73,1.75,3.6,4.75,0.5394039397568869,0.2621683953008333,0.19842766494227976,0.09178894261741977,-0.05180106904786441,-0.039987873569555465
2025-12-28,Premier League,Sunderland,Leeds,D,0.4052906162727213,0.2887056308086452,0.3060037529186334,H,0.35,0.4,0.2499999999999999,1.0900000000000003,2.56,3.18,2.8,2.5,3.1,2.88,0.3677393775193286,0.2960417630344281,0.3362188594462433,0.03755123875339267,-0.007336132225782888,-0.030215106527609892
2025-12-28,Serie A,Cremonese,Napoli,A,0.1954901331791518,0.2294666717862726,0.5750431950345755,A,0.35,0.4,0.2499999999999999,1.0900000000000003,6.21,3.84,1.55,6.25,3.9,1.55,0.15097440892453562,0.24415392693264748,0.6048716641428169,0.04451572425461617,-0.014687255146374867,-0.02982846910824144
2025-12-28,Serie A,Milan,Verona,H,0.7101042458108565,0.1857954812091706,0.1041002729799727,H,0.35,0.4,0.2499999999999999,1.0900000000000003,1.37,4.7,8.4,1.38,4.75,8.5,0.6874814982499522,0.20039354310690097,0.11212495864314696,0.02262274756090432,-0.014598061897730358,-0.008024685663174269
2025-12-28,Premier League,Crystal Palace,Tottenham,A,0.5327462162739732,0.2456191927257964,0.2216345910002301,H,0.35,0.4,0.2499999999999999,1.0900000000000003,2.25,3.33,3.19,2.25,3.25,3.2,0.4199907483186848,0.28377753264776007,0.29623171903355516,0.1127554679552884,-0.03815833992196366,-0.07459712803332505
2025-12-29,Serie A,Roma,Genoa,H,0.6461179961452386,0.2094801251042265,0.1444018787505347,H,0.35,0.4,0.2499999999999999,1.0900000000000003,1.6,3.58,6.05,1.6,3.6,6.25,0.5843202848895243,0.2611487306768823,0.1545309844335932,0.061797711255714316,-0.05166860557265582,-0.010129105683058498
2025-12-30,Premier League,Nott'm Forest,Everton,A,0.3925029861981235,0.275619851142215,0.3318771626596613,H,0.35,0.4,0.2499999999999999,1.0900000000000003,2.12,3.21,3.7,2.1,3.25,3.7,0.44774600206588205,0.29570763999366667,0.25654635794045133,-0.05524301586775854,-0.020087788851451682,0.07533080471920994
2025-12-30,Premier League,Man United,Wolves,D,0.7046661644614151,0.1797283337222204,0.1156055018163644,H,0.35,0.4,0.2499999999999999,1.0900000000000003,1.37,5.06,8.09,1.36,5.25,8.0,0.6943982195352404,0.18800900410341492,0.1175927763613448,0.010267944926174666,-0.00828067038119451,-0.0019872745449803914
2025-12-30,Premier League,Burnley,Newcastle,A,0.2070971109724577,0.2341442713760199,0.5587586176515221,A,0.35,0.4,0.2499999999999999,1.0900000000000003,5.5,4.11,1.59,5.25,4.2,1.6,0.17249352644457294,0.23083075314967177,0.5966757204057553,0.034603584527884756,0.003313518226348122,-0.03791710275423321
2025-12-30,Premier League,Arsenal,Aston Villa,H,0.531270709375744,0.234230402612575,0.2344988880116809,H,0.35,0.4,0.2499999999999999,1.0900000000000003,1.43,4.68,7.02,1.42,4.75,7.0,0.6625766871165645,0.20245398773006135,0.13496932515337423,-0.13130597774082042,0.03177641488251365,0.09952956285830666
2025-12-30,Premier League,Chelsea,Bournemouth,D,0.5733875223465046,0.2320044017542378,0.1946080758992575,H,0.35,0.4,0.2499999999999999,1.0900000000000003,1.51,4.56,5.81,1.5,4.75,5.75,0.6285208636302171,0.20812861931614643,0.16335051705363646,-0.0551333412837125,0.02387578243809138,0.031257558845621036
2025-12-30,Premier League,West Ham,Brighton,D,0.2790273080280644,0.2517785400779543,0.4691941518939812,A,0.35,0.4,0.2499999999999999,1.0900000000000003,3.41,3.67,2.04,3.4,3.75,2.0,0.27772192937877205,0.2580468063165158,0.4642312643047121,0.0013053786492923658,-0.006268266238561471,0.004962887589269105
2026-01-01,Premier League,Brentford,Tottenham,D,0.5102605449451743,0.2581765681563783,0.2315628868984472,H,0.35,0.4,0.2499999999999999,1.0900000000000003,2.11,3.49,3.35,2.1,3.6,3.2,0.4475403749057377,0.2705759859745291,0.2818836391197333,0.06272017003943653,-0.012399417818150793,-0.0503207522212861
2026-01-01,Premier League,Sunderland,Man City,D,0.1241617255411978,0.1897624894505916,0.6860757850082103,A,0.35,0.4,0.2499999999999999,1.0900000000000003,7.81,4.82,1.39,7.5,4.75,1.38,0.12137340828515993,0.19666521135002052,0.6819613803648196,0.00278831725603787,-0.006902721899428921,0.0041144046433907455
2026-01-01,Premier League,Crystal Palace,Fulham,D,0.4582510651302732,0.2580977761269218,0.2836511587428048,H,0.35,0.4,0.2499999999999999,1.0900000000000003,2.17,3.34,3.4,2.15,3.3,3.4,0.4370751833976091,0.28396800837509334,0.27895680822729757,0.021175881732664104,-0.025870232248171532,0.004694350515507206
2026-01-01,Premier League,Liverpool,Leeds,D,0.7149756918493592,0.1732183448180609,0.1118059633325798,H,0.35,0.4,0.2499999999999999,1.0900000000000003,1.53,4.41,5.83,1.55,4.5,5.5,0.6213594344752583,0.215573681348559,0.1630668841761827,0.09361625737410084,-0.04235533653049811,-0.0512609208436029
2026-01-02,La Liga,Vallecano,Getafe,D,0.4827995889651179,0.2709040895579533,0.2462963214769287,H,0.35,0.4,0.2499999999999999,1.0900000000000003,2.04,2.86,4.46,2.05,2.9,4.5,0.46068389650539576,0.3285997024024502,0.21071640109215414,0.022115692459722114,-0.05769561284449687,0.03557992038477456
2026-01-02,Ligue 1,Toulouse,Lens,A,0.2920766344174111,0.2611782706050443,0.4467450949775444,A,0.35,0.4,0.2499999999999999,1.0900000000000003,2.54,3.26,2.74,2.45,3.1,2.55,0.36952888418195956,0.28791514289023845,0.342555972927802,-0.07745224976454845,-0.02673687228519417,0.1041891220497424
2026-01-02,Serie A,Cagliari,Milan,A,0.188967371236938,0.2293807743098607,0.5816518544532012,A,0.35,0.4,0.2499999999999999,1.0900000000000003,6.21,3.9,1.55,6.0,3.9,1.6,0.15154363930357612,0.2413041025833866,0.6071522581130372,0.037423731933361876,-0.011923328273525907,-0.02550040365983597
2026-01-03,Ligue 1,Monaco,Lyon,A,0.4074559897377919,0.2577382322034077,0.3348057780588002,H,0.35,0.4,0.2499999999999999,1.0900000000000003,2.0,3.72,3.36,2.0,3.75,3.5,0.4688512783579402,0.25207057976233344,0.2790781418797263,-0.061395288620148314,0.005667652441074256,0.05572763617907389
2026-01-03,La Liga,Celta,Valencia,H,0.49245572046153,0.2784057674974936,0.2291385120409762,H,0.35,0.4,0.2499999999999999,1.0900000000000003,1.96,3.31,4.0,2.0,3.3,4.0,0.48027394477575125,0.2843918222841306,0.2353342329401181,0.012181775685778773,-0.005986054786637052,-0.006195720899141888
2026-01-03,Premier League,Brighton,Burnley,H,0.6694582951190546,0.2032750307543503,0.1272666741265948,H,0.35,0.4,0.2499999999999999,1.0900000000000003,1.49,4.35,6.56,1.48,4.33,7.0,0.6370794719580996,0.21821802602702722,0.14470250201487322,0.032378823160955084,-0.014942995272676923,-0.017435827888278438
2026-01-03,La Liga,Elche,Villarreal,A,0.2218999334431256,0.2367264947575369,0.5413735717993373,A,0.35,0.4,0.2499999999999999,1.0900000000000003,3.19,3.49,2.18,3.2,3.5,2.2,0.29609075519059763,0.270638827810317,0.4332704169990855,-0.07419082174747202,-0.0339123330527801,0.10810315480025184
2026-01-03,Premier League,Bournemouth,Arsenal,A,0.1897461684837093,0.2080684136306169,0.6021854178856737,A,0.35,0.4,0.2499999999999999,1.0900000000000003,6.13,4.57,1.48,6.5,4.75,1.44,0.1542436619300754,0.20689576534603116,0.6388605727238934,0.03550250655363388,0.0011726482845857422,-0.0366751548382197
2026-01-03,Serie A,Como,Udinese,H,0.5750292970653155,0.2378218632865563,0.1871488396481281,H,0.35,0.4,0.2499999999999999,1.0900000000000003,1.71,3.65,4.94,1.73,3.8,4.75,0.5510713663550317,0.25817316067591894,0.19075547296904943,0.023957930710283737,-0.020351297389362644,-0.003606633320921343
2026-01-03,Premier League,Wolves,West Ham,H,0.3386983306842556,0.2618139849120952,0.3994876844036491,A,0.35,0.4,0.2499999999999999,1.0900000000000003,2.48,3.37,2.82,2.5,3.3,2.88,0.38235980462369146,0.28138050904058,0.3362596863357286,-0.04366147393943587,-0.019566524128484808,0.06322799806792051
2026-01-03,Serie A,Juventus,Lecce,D,0.7345301142944839,0.1712720286621329,0.094197857043383,H,0.35,0.4,0.2499999999999999,1.0900000000000003,1.26,5.52,11.91,1.27,5.5,13.0,0.7495946639302207,0.1711031298101591,0.07930220625962033,-0.01506454963573678,0.00016889885197379773,0.014895650783762676
2026-01-03,Serie A,Sassuolo,Parma,D,0.4860910353026979,0.2768286878374512,0.2370802768598507,H,0.35,0.4,0.2499999999999999,1.0900000000000003,1.9,3.33,4.2,1.91,3.3,4.33,0.49432721874668645,0.28204856324886013,0.2236242180044534,-0.00823618344398852,-0.005219875411408947,0.013456058855397302
2026-01-03,Serie A,Atalanta,Roma,H,0.3765474128103487,0.2618544499921937,0.3615981371974574,H,0.35,0.4,0.2499999999999999,1.0900000000000003,2.23,3.22,3.28,2.3,3.2,3.3,0.4215097020345937,0.29191510420408195,0.2865751937613244,-0.044962289224245,-0.03006065421188825,0.07502294343613303
2026-01-03,Serie A,Genoa,Pisa,D,0.4654616715236039,0.2703989710053652,0.2641393574710308,H,0.35,0.4,0.2499999999999999,1.0900000000000003,1.87,3.15,4.74,1.9,3.1,4.75,0.5029762205536074,0.2985922325191257,0.19843154692726706,-0.03751454903000345,-0.028193261513760504,0.06570781054376373
2026-01-03,Ligue 1,Lille,Rennes,A,0.5803043407366923,0.233327655840233,0.1863680034230745,H,0.35,0.4,0.2499999999999999,1.0900000000000003,1.87,3.63,3.92,1.9,3.7,4.0,0.5019595669551045,0.2585852314617205,0.2394552015831749,0.07834477378158788,-0.025257575621487532,-0.05308719816010041
2026-01-03,Ligue 1,Nice,Strasbourg,D,0.3912176066625102,0.2765688613122392,0.3322135320252505,H,0.35,0.4,0.2499999999999999,1.0900000000000003,2.68,3.39,2.53,2.7,3.4,2.6,0.3508957831300655,0.27740433592583347,0.371699880944101,0.040321823532444734,-0.0008354746135942892,-0.0394863489188505
2026-01-03,La Liga,Espanol,Barcelona,A,0.1724699270384877,0.2187648013569799,0.6087652716045322,A,0.35,0.4,0.2499999999999999,1.0900000000000003,5.35,4.72,1.51,5.25,4.75,1.5,0.17616424067606412,0.19967768805443709,0.6241580712694987,-0.003694313637576413,0.019087113302542813,-0.015392799664966539
2026-01-03,La Liga,Osasuna,Ath Bilbao,D,0.3699513446265202,0.2650012274364149,0.3650474279370647,H,0.35,0.4,0.2499999999999999,1.0900000000000003,3.03,2.94,2.54,3.0,2.9,2.63,0.3102193419740778,0.319715852442672,0.3700648055832503,0.059732002652442384,-0.05471462500625707,-0.0050173776461855946
2026-01-03,Premier League,Aston Villa,Nott'm Forest,H,0.6604391164482573,0.20507423232733,0.1344866512244125,H,0.35,0.4,0.2499999999999999,1.0900000000000003,1.76,3.74,4.54,1.75,3.9,4.5,0.5381397294659044,0.25324222563101373,0.20861804490308183,0.12229938698235288,-0.04816799330368374,-0.07413139367866933
2026-01-04,Ligue 1,Paris SG,Paris FC,H,0.8249614647741988,0.120070604447802,0.054967930777999,H,0.35,0.4,0.2499999999999999,1.0900000000000003,1.17,7.2,14.25,1.17,7.5,17.0,0.8034675969975685,0.13056348451210487,0.06596891849032667,0.021493867776630315,-0.010492880064302865,-0.011000987712327673
2026-01-04,Ligue 1,Brest,Auxerre,H,0.5330574157453023,0.2591364062694822,0.2078061779852154,H,0.35,0.4,0.2499999999999999,1.0900000000000003,1.91,3.36,4.04,1.91,3.4,4.2,0.489901979183208,0.2784859464999784,0.2316120743168137,0.04315543656209431,-0.019349540230496176,-0.023805896331598297
2026-01-04,La Liga,Alaves,Oviedo,D,0.4537580448744716,0.2965776870733801,0.2496642680521482,H,0.35,0.4,0.2499999999999999,1.0900000000000003,1.84,3.08,5.02,1.9,3.0,5.25,0.5091814421582317,0.304186316094528,0.1866322417472403,-0.05542339728376011,-0.007608629021147895,0.0630320263049079
2026-01-04,La Liga,Real Madrid,Betis,H,0.64257372205548,0.2049024157351088,0.152523862209411,H,0.35,0.4,0.2499999999999999,1.0900000000000003,1.46,4.67,5.99,1.45,4.75,6.25,0.6425193341739995,0.2008732822042911,0.15660738362170942,5.438788148048879e-05,0.004029133530817713,-0.004083521412298424
2026-01-04,Ligue 1,Marseille,Nantes,A,0.7481512094554803,0.1620968407755179,0.0897519497690016,H,0.35,0.4,0.2499999999999999,1.0900000000000003,1.22,6.36,11.34,1.22,6.5,12.0,0.7695814179802041,0.14762410848047938,0.08279447353931647,-0.02143020852472377,0.01447273229503851,0.006957476229685122
2026-01-04,Serie A,Inter,Bologna,H,0.6475363566661885,0.1974888417907897,0.1549748015430216,H,0.35,0.4,0.2499999999999999,1.0900000000000003,1.38,4.75,7.63,1.42,4.75,7.5,0.6796288552306623,0.19745006741438184,0.12292107735495593,-0.032092498564473826,3.8774376407868516e-05,0.032053724188065666
2026-01-04,Premier League,Man City,Chelsea,D,0.6333678086202383,0.198308741096946,0.1683234502828156,H,0.35,0.4,0.2499999999999999,1.0900000000000003,1.63,4.39,4.66,1.6,4.75,4.5,0.5810292284053179,0.2157352260365987,0.20323554555808332,0.05233858021492044,-0.01742648493965271,-0.03491209527526773
2026-01-04,La Liga,Sociedad,Ath Madrid,D,0.2031380168534534,0.2228361255341374,0.574025857612409,A,0.35,0.4,0.2499999999999999,1.0900000000000003,3.82,3.51,1.92,3.9,3.6,1.91,0.24522411195773203,0.266882081959697,0.48789380608257105,-0.04208609510427863,-0.044045956425559585,0.08613205152983794
2026-01-04,Serie A,Fiorentina,Cremonese,H,0.4927693691772212,0.2609618521185486,0.24626877870423,H,0.35,0.4,0.2499999999999999,1.0900000000000003,1.75,3.55,4.65,1.8,3.4,5.0,0.5349590861216883,0.263712225552945,0.20132868832536657,-0.042189716944467104,-0.0027503734343963804,0.04494009037886343
2026-01-04,Serie A,Lazio,Napoli,A,0.2964752502363524,0.2589704447961442,0.4445543049675033,A,0.35,0.4,0.2499999999999999,1.0900000000000003,3.34,3.01,2.31,3.4,3.1,2.3,0.2812526545289804,0.312087663165048,0.4066596823059716,0.015222595707372,-0.05311721836890382,0.03789462266153171
2026-01-04,Ligue 1,Lorient,Metz,D,0.5212810098355445,0.266238117311891,0.2124808728525644,H,0.35,0.4,0.2499999999999999,1.0900000000000003,1.77,3.64,4.37,1.8,3.5,4.75,0.5287373896857186,0.2571058186109126,0.21415679170336885,-0.007456379850174111,0.009132298700978425,-0.0016759188508044531
2026-01-04,Ligue 1,Le Havre,Angers,H,0.3592544951175907,0.3062575731915225,0.3344879316908867,H,0.35,0.4,0.2499999999999999,1.0900000000000003,2.05,3.25,3.66,2.05,3.3,3.7,0.45643790410774926,0.2879069856679649,0.2556551102242858,-0.09718340899015854,0.018350587523557615,0.07883282146660092
2026-01-04,Premier League,Tottenham,Sunderland,D,0.4937218745560219,0.2697637783405636,0.2365143471034144,H,0.35,0.4,0.2499999999999999,1.0900000000000003,1.8,3.65,4.37,1.8,3.6,4.5,0.524920606190249,0.25886495647738306,0.216214437332368,-0.03119873163422715,0.01089882186318053,0.0202999097710464
2026-01-04,Serie A,Verona,Torino,A,0.3521353782657906,0.2697695564213591,0.3780950653128501,A,0.35,0.4,0.2499999999999999,1.0900000000000003,2.6,3.0,2.86,2.7,3.0,2.9,0.3602620087336244,0.3122270742358078,0.3275109170305677,-0.008126630467833795,-0.04245751781444873,0.05058414828228236
2026-01-04,Premier League,Fulham,Liverpool,D,0.2751232278386988,0.252449928715102,0.4724268434461991,A,0.35,0.4,0.2499999999999999,1.0900000000000003,3.74,3.68,1.92,3.8,3.75,1.91,0.2522563692448303,0.25636924483034385,0.4913743859248258,0.0228668585938685,-0.003919316115241822,-0.018947542478626678
2026-01-04,La Liga,Mallorca,Girona,A,0.4675477875280824,0.2761265479721398,0.2563256644997777,H,0.35,0.4,0.2499999999999999,1.0900000000000003,2.24,3.12,3.34,2.25,3.2,3.4,0.4186539821302308,0.30057208973452465,0.28077392813524465,0.0488938053978516,-0.024445541762384837,-0.024448263635466982
2026-01-04,Premier League,Leeds,Man United,D,0.3322524907021417,0.2555821839293374,0.4121653253685208,A,0.35,0.4,0.2499999999999999,1.0900000000000003,2.68,3.44,2.56,2.7,3.3,2.63,0.3538639578243538,0.2756847113282757,0.3704513308473704,-0.021611467122212125,-0.020102527398938308,0.04171399452115038
2026-01-04,Premier League,Everton,Brentford,A,0.4483935927581249,0.273714803519605,0.2778916037222699,H,0.35,0.4,0.2499999999999999,1.0900000000000003,2.36,3.19,3.1,2.35,3.25,3.1,0.39982372015169776,0.2957943509586228,0.3043819288896795,0.048569872606427145,-0.0220795474390178,-0.026490325167409623
2026-01-04,La Liga,Sevilla,Levante,A,0.5028588723651569,0.2706027602542425,0.2265383673806003,H,0.35,0.4,0.2499999999999999,1.0900000000000003,1.77,3.6,4.48,1.75,3.6,4.75,0.5300102531745406,0.2605883744774825,0.20940137234797698,-0.02715138080938373,0.010014385776760004,0.01713699503262331
2026-01-04,Premier League,Newcastle,Crystal Palace,H,0.5035639914985576,0.2454402481623129,0.2509957603391294,H,0.35,0.4,0.2499999999999999,1.0900000000000003,1.67,3.92,4.89,1.7,3.9,4.75,0.5657600755574577,0.2410253383114679,0.19321458613107448,-0.06219608405890009,0.004414909850845,0.057781174208054925
2026-01-06,Serie A,Sassuolo,Juventus,A,0.2132645495747595,0.241419896684345,0.5453155537408955,A,0.35,0.4,0.2499999999999999,1.0900000000000003,5.04,3.74,1.68,5.0,3.9,1.67,0.18699999999999997,0.25199999999999995,0.5609999999999999,0.026264549574759516,-0.010580103315654954,-0.01568444625910448
2026-01-06,Premier League,West Ham,Nott'm Forest,A,0.3558548127893978,0.2725238512730208,0.3716213359375812,A,0.35,0.4,0.2499999999999999,1.0900000000000003,3.1,3.33,2.3,2.88,3.25,2.2,0.30499362854412226,0.2839280025485823,0.41107836890729527,0.050861184245275526,-0.011404151275561492,-0.03945703296971409
2026-01-06,Serie A,Lecce,Roma,A,0.1978887689216779,0.2470255940220163,0.5550856370563058,A,0.35,0.4,0.2499999999999999,1.0900000000000003,5.22,3.4,1.74,5.25,3.5,1.73,0.1806588735387885,0.2773645058448459,0.5419766206163655,0.017229895382889382,-0.030338911822829606,0.013109016439940224
2026-01-06,Serie A,Pisa,Como,A,0.2807511091808398,0.2629714432074023,0.4562774476117578,A,0.35,0.4,0.2499999999999999,1.0900000000000003,5.15,3.43,1.74,5.5,3.4,1.7,0.18310900572810085,0.274930431341026,0.5419605629308731,0.09764210345273894,-0.011958988133623727,-0.08568311531911532
2026-01-07,Serie A,Torino,Udinese,A,0.5208916858905478,0.2556086098564511,0.2234997042530009,H,0.35,0.4,0.2499999999999999,1.0900000000000003,2.3,3.04,3.36,2.3,3.0,3.4,0.4096509240246407,0.3099332648870637,0.28041581108829566,0.11124076186590709,-0.05432465503061257,-0.05691610683529477
2026-01-07,Serie A,Lazio,Fiorentina,D,0.5136353856387621,0.2544999125762464,0.2318647017849914,H,0.35,0.4,0.2499999999999999,1.0900000000000003,2.39,3.1,3.12,2.4,3.1,3.2,0.39416736626755455,0.30389032431595336,0.30194230941649214,0.11946801937120755,-0.049390411739706985,-0.07007760763150073
2026-01-07,Premier League,Bournemouth,Tottenham,H,0.4774225788126476,0.2553731735631598,0.2672042476241925,H,0.35,0.4,0.2499999999999999,1.0900000000000003,2.11,3.62,3.27,2.1,3.6,3.3,0.4488062695021478,0.261597024488821,0.28959670600903115,0.0286163093104998,-0.00622385092566119,-0.022392458384838665
2026-01-07,Premier League,Crystal Palace,Aston Villa,D,0.2641625704430925,0.2261974699322353,0.5096399596246721,A,0.35,0.4,0.2499999999999999,1.0900000000000003,3.08,3.36,2.31,3.1,3.3,2.3,0.30769230769230765,0.28205128205128205,0.41025641025641024,-0.04352973724921516,-0.05585381211904675,0.09938354936826188
2026-01-07,Serie A,Bologna,Atalanta,A,0.4522634275989348,0.245736063312808,0.3020005090882571,H,0.35,0.4,0.2499999999999999,1.0900000000000003,2.71,3.3,2.57,2.75,3.3,2.6,0.347743012132668,0.28557077663016067,0.3666862112371713,0.10452041546626678,-0.039834713317352666,-0.06468570214891423
2026-01-07,Premier League,Fulham,Chelsea,H,0.333511431005603,0.2571663939548809,0.409322175039516,A,0.35,0.4,0.2499999999999999,1.0900000000000003,3.38,3.59,2.07,3.4,3.6,2.05,0.27977080125441894,0.26340537833981503,0.4568238204057662,0.053740629751184044,-0.006238984384934143,-0.04750164536625018
2026-01-07,Premier League,Burnley,Man United,D,0.2066562616007232,0.2392545495221314,0.5540891888771451,A,0.35,0.4,0.2499999999999999,1.0900000000000003,4.68,3.95,1.7,4.75,4.0,1.7,0.2025213378773713,0.23994933196610063,0.5575293301565281,0.004134923723351891,-0.0006947824439692274,-0.003440141279382969
2026-01-07,Premier League,Brentford,Sunderland,H,0.5876837238952101,0.238283807815595,0.1740324682891947,H,0.35,0.4,0.2499999999999999,1.0900000000000003,1.83,3.56,4.36,1.85,3.5,4.33,0.5171246568405341,0.2658253151736454,0.21705002798582052,0.07055906705467596,-0.027541507358050388,-0.04301755969662582
2026-01-07,Serie A,Napoli,Verona,D,0.7808677296295605,0.1483877223032583,0.0707445480671809,H,0.35,0.4,0.2499999999999999,1.0900000000000003,1.34,4.72,9.56,1.36,5.5,7.5,0.7022148077138552,0.19935759371537418,0.0984275985707705,0.07865292191570528,-0.05096987141211587,-0.0276830505035896
2026-01-07,Premier League,Man City,Brighton,D,0.6740816266148043,0.1849622373914637,0.1409561359937318,H,0.35,0.4,0.2499999999999999,1.0900000000000003,1.37,5.23,7.27,1.4,5.25,6.5,0.6894668985313824,0.18060605181414796,0.1299270496544696,-0.015385271916578125,0.004356185577315735,0.011029086339262195
2026-01-07,Serie A,Parma,Inter,A,0.1095308664196207,0.1868948121538585,0.7035743214265204,A,0.35,0.4,0.2499999999999999,1.0900000000000003,7.96,4.96,1.36,7.5,5.0,1.4,0.11823433731560938,0.18974704133714734,0.6920186213472431,-0.008703470895988677,-0.0028522291832888402,0.011555700079277309
2026-01-07,Premier League,Newcastle,Leeds,H,0.5884122408394716,0.2398034278533792,0.1717843313071489,H,0.35,0.4,0.2499999999999999,1.0900000000000003,1.67,3.87,5.02,1.67,3.8,5.0,0.5668311270741123,0.24460154579167115,0.18856732713421664,0.021581113765359317,-0.0047981179382919625,-0.016782995827067743
2026-01-07,Premier League,Everton,Wolves,D,0.5954414583863502,0.2356757201505818,0.1688828214630678,H,0.35,0.4,0.2499999999999999,1.0900000000000003,1.76,3.55,4.85,1.75,3.5,5.0,0.538021655234911,0.26673749667984314,0.19524084808524603,0.05741980315143924,-0.031061776529261342,-0.026358026622178232
2026-01-08,Serie A,Cremonese,Cagliari,D,0.4332063328485545,0.2766697228015867,0.2901239443498587,H,0.35,0.4,0.2499999999999999,1.0900000000000003,2.35,3.12,3.12,2.4,3.1,3.2,0.39897698209718674,0.30051150895140666,0.30051150895140666,0.03422935075136774,-0.023841786149819966,-0.010387564601547938
2026-01-08,Premier League,Arsenal,Liverpool,D,0.5690908320329404,0.2242407299010668,0.2066684380659925,H,0.35,0.4,0.2499999999999999,1.0900000000000003,1.6,4.11,5.25,1.6,4.1,5.0,0.5902991505601379,0.2298001559358201,0.17990069350404203,-0.02120831852719751,-0.00555942603475329,0.02676774456195047
2026-01-08,Serie A,Milan,Genoa,D,0.7143798962128842,0.1780353912945205,0.1075847124925949,H,0.35,0.4,0.2499999999999999,1.0900000000000003,1.41,4.34,8.0,1.44,4.5,7.5,0.6661626956565118,0.21642612923402801,0.1174111751094602,0.048217200556372464,-0.03839073793950751,-0.009826462616865303
2026-01-09,Bundesliga,Ein Frankfurt,Dortmund,D,0.3163536497580695,0.2576302698723479,0.4260160803695824,A,0.35,0.4,0.2499999999999999,1.0900000000000003,3.47,3.67,1.99,3.6,3.8,1.95,0.2710598103438677,0.2562881585540112,0.4726520311021211,0.045293839414201786,0.0013421113183366695,-0.04663595073253873
2026-01-09,La Liga,Getafe,Sociedad,A,0.370834065355778,0.2754340025023916,0.3537319321418302,H,0.35,0.4,0.2499999999999999,1.0900000000000003,3.38,2.83,2.43,3.3,2.9,2.45,0.2789172483441963,0.3331237807079094,0.3879589709478944,0.09191681701158172,-0.057689778205517794,-0.0342270388060642
2026-01-10,Serie A,Udinese,Pisa,D,0.4919045288002238,0.2741198625463668,0.2339756086534091,H,0.35,0.4,0.2499999999999999,1.0900000000000003,1.86,3.32,4.49,1.83,3.4,4.6,0.5064586490177825,0.2837388816786372,0.20980246930358026,-0.014554120217558697,-0.009619019132270423,0.024173139349828843
2026-01-10,Serie A,Como,Bologna,D,0.4515082795272105,0.25137628696729,0.2971154335054992,H,0.35,0.4,0.2499999999999999,1.0900000000000003,1.93,3.34,4.02,1.95,3.3,4.2,0.48592191548806435,0.28078721463831263,0.23329086987362294,-0.03441363596085384,-0.029410927671022657,0.06382456363187625
2026-01-10,Bundesliga,Freiburg,Hamburg,H,0.6140833042887168,0.2273051977707877,0.1586114979404953,H,0.35,0.4,0.2499999999999999,1.0900000000000003,1.76,3.6,4.49,1.8,3.6,4.5,0.5316685524826987,0.25992684788043047,0.20840459963687075,0.0824147518060181,-0.03262165010964277,-0.049793101696375436
2026-01-10,Bundesliga,Union Berlin,Mainz,D,0.4664644480181361,0.2769033301293493,0.2566322218525144,H,0.35,0.4,0.2499999999999999,1.0900000000000003,2.12,3.17,3.57,2.15,3.25,3.7,0.44196799931265307,0.2955748134204494,0.26245718726689765,0.02449644870548301,-0.018671483291100077,-0.005824965414383265
2026-01-10,Serie A,Atalanta,Torino,H,0.5579329497775489,0.2545186705845974,0.1875483796378535,H,0.35,0.4,0.2499999999999999,1.0900000000000003,1.6,3.9,5.54,1.6,3.9,6.0,0.5885589757559249,0.24146009261781537,0.1699809316262599,-0.030626025978375937,0.013058577966782003,0.0175674480115936
2026-01-10,Bundesliga,Leverkusen,Stuttgart,A,0.6223295726026074,0.2042735916467845,0.173396835750608,H,0.35,0.4,0.2499999999999999,1.0900000000000003,1.92,3.88,3.47,1.95,4.1,3.4,0.48824322952175114,0.2416048970829284,0.2701518733953205,0.1340863430808562,-0.03733130543614391,-0.0967550376447125
2026-01-10,La Liga,Girona,Osasuna,H,0.3799562367204583,0.2840399076519799,0.3360038556275616,H,0.35,0.4,0.2499999999999999,1.0900000000000003,2.36,3.2,3.07,2.35,3.25,3.1,0.3990057348951311,0.29426672948515914,0.3067275356197099,-0.019049498174672774,-0.010226821833179245,0.029276320007851686
2026-01-10,La Liga,Villarreal,Alaves,H,0.7218517871987766,0.1808329128854405,0.0973152999157827,H,0.35,0.4,0.2499999999999999,1.0900000000000003,1.46,4.32,6.96,1.45,4.33,7.0,0.6461062403300669,0.21835997937080964,0.13553378029912325,0.07574554686870971,-0.03752706648536913,-0.03821848038334055
2026-01-10,La Liga,Oviedo,Betis,D,0.2394729700963067,0.2337415988006308,0.5267854311030624,A,0.35,0.4,0.2499999999999999,1.0900000000000003,4.13,3.42,1.9,4.2,3.5,1.91,0.22824345969033635,0.27562733582487986,0.4961292044847837,0.011229510405970339,-0.04188573702424905,0.030656226618278715
2026-01-10,Bundesliga,Heidenheim,FC Koln,D,0.3741874320030648,0.2874024916258035,0.3384100763711314,H,0.35,0.4,0.2499999999999999,1.0900000000000003,2.88,3.48,2.3,2.9,3.5,2.38,0.3247006133774705,0.2687177490020446,0.4065816376204849,0.04948681862559429,0.01868474262375891,-0.06817156124935347
2026-01-10,Serie A,Roma,Sassuolo,H,0.6714620118966278,0.2040654359051013,0.1244725521982707,H,0.35,0.4,0.2499999999999999,1.0900000000000003,1.54,3.97,6.3,1.53,4.0,6.5,0.612612303682875,0.23763802208353338,0.14974967423359165,0.058849708213752794,-0.03357258617843209,-0.02527712203532094
2026-01-10,La Liga,Valencia,Elche,D,0.4470328012519409,0.2720613425140239,0.2809058562340352,H,0.35,0.4,0.2499999999999999,1.0900000000000003,2.18,3.18,3.48,2.2,3.2,3.5,0.432531307161953,0.2965151728342948,0.2709535200037521,0.01450149408998791,-0.024453830320270875,0.009952336230283076
2026-01-11,Serie A,Fiorentina,Milan,D,0.2579868138023075,0.2393006156601136,0.5027125705375788,A,0.35,0.4,0.2499999999999999,1.0900000000000003,3.67,3.4,2.01,3.8,3.4,2.0,0.2560634275929513,0.27639787625474443,0.4675386961523041,0.0019233862093561704,-0.03709726059463084,0.035173874385274695
2026-01-11,Serie A,Lecce,Parma,A,0.3936843911437027,0.2995264853301043,0.3067891235261928,H,0.35,0.4,0.2499999999999999,1.0900000000000003,2.66,2.95,2.88,2.75,3.0,2.88,0.3539439588731784,0.3191494680008999,0.32690657312592175,0.03974043227052426,-0.019622982670795597,-0.020117449599728943
2026-01-11,La Liga,Vallecano,Mallorca,H,0.4168959983505568,0.2780241333303654,0.3050798683190776,H,0.35,0.4,0.2499999999999999,1.0900000000000003,1.88,3.23,4.46,1.91,3.3,4.33,0.4991095866680525,0.29050341267366525,0.21038700065828225,-0.0822135883174957,-0.012479279343299843,0.09469286766079532
2026-01-11,Serie A,Inter,Napoli,D,0.5671576238740615,0.2187169140985476,0.2141254620273907,H,0.35,0.4,0.2499999999999999,1.0900000000000003,1.73,3.54,4.91,1.7,3.5,5.25,0.5431704474076482,0.2654477045240767,0.1913818480682752,0.02398717646641335,-0.04673079042552908,0.022743613959115477
2026-01-11,Bundesliga,M'gladbach,Augsburg,H,0.4468667727370846,0.2914231940640457,0.2617100331988695,H,0.35,0.4,0.2499999999999999,1.0900000000000003,1.87,3.63,3.88,1.85,3.8,4.0,0.5007234758124437,0.25794845723671345,0.24132806695084277,-0.053856703075359114,0.03347473682733226,0.02038196624802671
2026-01-11,Serie A,Verona,Lazio,A,0.2537770708943681,0.2501928614584043,0.4960300676472275,A,0.35,0.4,0.2499999999999999,1.0900000000000003,3.35,2.99,2.31,3.4,3.0,2.35,0.28006357985394476,0.31378360953535617,0.4061528106106991,-0.026286508959576682,-0.06359074807695186,0.08987725703652844
2026-01-11,Bundesliga,Bayern Munich,Wolfsburg,H,0.8484423865167146,0.1066464102341818,0.0449112032491034,H,0.35,0.4,0.2499999999999999,1.0900000000000003,1.1,10.11,18.06,1.11,11.0,17.0,0.8549118430367797,0.09301711447482273,0.052071042488397445,-0.006469456520065142,0.013629295759359061,-0.007159839239294044
2026-01-11,La Liga,Levante,Espanol,D,0.3303581243544549,0.2948021707229216,0.3748397049226233,A,0.35,0.4,0.2499999999999999,1.0900000000000003,3.05,3.28,2.31,3.1,3.3,2.35,0.3076710671111779,0.2860965715515526,0.40623236133726953,0.022687057243276965,0.008705599171368983,-0.031392656414646225
2026-01-12,Serie A,Juventus,Cremonese,H,0.697877567631275,0.1953110643699946,0.1068113679987303,H,0.35,0.4,0.2499999999999999,1.0900000000000003,1.24,5.77,11.91,1.25,6.0,13.0,0.7581392680588545,0.1629276763246065,0.078933055616539,-0.0602617004275795,0.032383388045388095,0.027878312382191295
2026-01-12,Serie A,Genoa,Cagliari,H,0.4508591995926701,0.2685499909197066,0.2805908094876231,H,0.35,0.4,0.2499999999999999,1.0900000000000003,2.09,2.98,3.96,2.1,3.0,4.2,0.44860751024504475,0.31462741490340385,0.23676507485155138,0.002251689347625374,-0.04607742398369724,0.04382573463607173
2026-01-12,La Liga,Sevilla,Celta,A,0.2938498684060227,0.2840747587403374,0.4220753728536399,A,0.35,0.4,0.2499999999999999,1.0900000000000003,2.54,3.27,2.71,2.6,3.3,2.75,0.36845606609316073,0.2862013479745041,0.3453425859323352,-0.07460619768713805,-0.002126589234166698,0.0767327869213047
2026-01-13,Bundesliga,Stuttgart,Ein Frankfurt,H,0.513180978690867,0.2303779051274577,0.2564411161816752,H,0.35,0.4,0.2499999999999999,1.0900000000000003,1.72,4.11,4.2,1.73,4.2,4.2,0.5470413751140858,0.22893215698205047,0.22402646790386366,-0.03386039642321881,0.0014457481454072385,0.03241464827781154
2026-01-13,Bundesliga,Mainz,Heidenheim,H,0.5140686195357982,0.2491469817130197,0.2367843987511819,H,0.35,0.4,0.2499999999999999,1.0900000000000003,1.75,3.74,4.47,1.75,3.8,4.33,0.5378040424251977,0.25164627653585453,0.2105496810389477,-0.02373542288939956,-0.002499294822834841,0.026234717712234207
2026-01-13,Bundesliga,Dortmund,Werder Bremen,H,0.6668930308837453,0.1973676672016125,0.135739301914642,H,0.35,0.4,0.2499999999999999,1.0900000000000003,1.37,5.18,7.28,1.4,5.0,7.0,0.6883896853995758,0.18206445347440517,0.12954586112601904,-0.021496654515830493,0.015303213727207332,0.006193440788622967
2026-01-14,Bundesliga,RB Leipzig,Freiburg,H,0.5474679994083447,0.2291066427122031,0.2234253578794521,H,0.35,0.4,0.2499999999999999,1.0900000000000003,1.72,3.93,4.3,1.7,4.0,4.5,0.5441705898643036,0.2381611741899751,0.2176682359457214,0.003297409544041119,-0.009054531477771993,0.005757121933730708
2026-01-14,Serie A,Inter,Lecce,H,0.8318329994519522,0.1191288859569551,0.0490381145910925,H,0.35,0.4,0.2499999999999999,1.0900000000000003,1.13,8.06,20.69,1.13,9.0,19.0,0.8369501663497264,0.11733916724257949,0.04571066640769409,-0.005117166897774195,0.00178971871437561,0.0033274481833984113
2026-01-14,Bundesliga,Wolfsburg,St Pauli,H,0.484005551948071,0.2842765254907312,0.2317179225611976,H,0.35,0.4,0.2499999999999999,1.0900000000000003,1.87,3.58,3.93,1.91,3.7,3.8,0.5004570822854825,0.2614119396295677,0.2381309780849497,-0.01645153033741148,0.022864585861163467,-0.006413055523752098
2026-01-14,Bundesliga,Hoffenheim,M'gladbach,H,0.4978355759196933,0.2669144493040953,0.2352499747762112,H,0.35,0.4,0.2499999999999999,1.0900000000000003,1.81,3.86,3.87,1.85,3.9,3.8,0.5163656475224252,0.24213000570352064,0.24150434677405413,-0.0185300716027319,0.024784443600574663,-0.006254371997842928
2026-01-14,Bundesliga,FC Koln,Bayern Munich,A,0.0690084852143646,0.1252626482067514,0.8057288665788839,A,0.35,0.4,0.2499999999999999,1.0900000000000003,9.9,6.86,1.22,10.5,7.5,1.22,0.09471578022933141,0.1366889539752742,0.7685952657953944,-0.02570729501496681,-0.011426305768522799,0.037133600783489484
2026-01-14,Serie A,Napoli,Parma,D,0.7437495388646,0.1616439527673148,0.094606508368085,H,0.35,0.4,0.2499999999999999,1.0900000000000003,1.31,4.98,10.2,1.3,5.25,10.5,0.718657419590333,0.1890444216191438,0.09229815879052318,0.025092119274267022,-0.027400468851829007,0.002308349577561819
2026-01-15,Serie A,Verona,Bologna,A,0.2399392526466896,0.2404422379941545,0.5196185093591557,A,0.35,0.4,0.2499999999999999,1.0900000000000003,3.58,3.23,2.1,3.6,3.3,2.1,0.26225236232040955,0.29066980096194,0.4470778367176505,-0.02231310967371994,-0.050227562967785494,0.07254067264150516
2026-01-15,Bundesliga,Augsburg,Union Berlin,D,0.3485195327166119,0.272300523617575,0.379179943665813,A,0.35,0.4,0.2499999999999999,1.0900000000000003,2.55,3.13,2.81,2.6,3.2,2.8,0.36735401360771525,0.29928202386571046,0.3333639625265743,-0.018834480891103345,-0.026981500248135448,0.04581598113923868
2026-01-15,Serie A,Como,Milan,A,0.3198451785011475,0.2537583381859136,0.4263964833129388,A,0.35,0.4,0.2499999999999999,1.0900000000000003,2.86,3.22,2.47,2.9,3.25,2.5,0.32828933247478,0.2915861772912642,0.3801244902339557,-0.008444153973632462,-0.03782783910535059,0.046271993078983054
2026-01-16,Bundesliga,Werder Bremen,Ein Frankfurt,D,0.3408239903583975,0.2424548669529435,0.4167211426886589,A,0.35,0.4,0.2499999999999999,1.0900000000000003,2.65,3.5,2.49,2.7,3.5,2.5,0.35443398336620785,0.26835715883441447,0.37720885779937774,-0.01360999300781035,-0.025902291881470974,0.03951228488928116
2026-01-16,La Liga,Espanol,Girona,A,0.4991331747770378,0.2750394087297148,0.2258274164932473,H,0.35,0.4,0.2499999999999999,1.0900000000000003,1.87,3.43,4.26,1.85,3.4,4.5,0.5039924669134006,0.2747714032443321,0.22123612984226743,-0.004859292136362825,0.0002680054853826941,0.004591286650979881
2026-01-16,Serie A,Pisa,Atalanta,D,0.2156775572064292,0.2558560297312381,0.5284664130623326,A,0.35,0.4,0.2499999999999999,1.0900000000000003,6.08,3.98,1.55,6.5,3.9,1.55,0.1550334997009404,0.23683509502053204,0.6081314052785275,0.06064405750548879,0.019020934710706067,-0.07966499221619494
2026-01-16,Ligue 1,Monaco,Lorient,A,0.5657479734648068,0.2374888400115184,0.1967631865236746,H,0.35,0.4,0.2499999999999999,1.0900000000000003,1.65,4.15,4.66,1.65,4.2,4.75,0.5708845625894821,0.2269781995837699,0.20213723782674792,-0.005136589124675295,0.010510640427748491,-0.005374051303073307
2026-01-16,Ligue 1,Paris SG,Lille,H,0.695080023468261,0.1714185725160147,0.133501404015724,H,0.35,0.4,0.2499999999999999,1.0900000000000003,1.31,5.52,8.43,1.3,5.75,8.0,0.718021358441306,0.17039999629675925,0.11157864526193487,-0.022941334973044958,0.0010185762192554404,0.02192275875378913
2026-01-17,Premier League,Tottenham,West Ham,A,0.5204721410536206,0.2533677149251084,0.2261601440212708,H,0.35,0.4,0.2499999999999999,1.0900000000000003,1.71,3.91,4.63,1.73,4.0,4.5,0.5535043278594295,0.2420696676827684,0.20442600445780224,-0.03303218680580888,0.011298047242339987,0.021734139563468563
2026-01-17,Premier League,Liverpool,Burnley,D,0.7826874565087508,0.1548683064377751,0.0624442370534738,H,0.35,0.4,0.2499999999999999,1.0900000000000003,1.22,6.4,12.44,1.22,6.5,11.0,0.7759783549446008,0.1479208739113145,0.07610077114408464,0.006709101564150055,0.006947432526460601,-0.013656534090610843
2026-01-17,Bundesliga,Hoffenheim,Leverkusen,H,0.3290071113699425,0.2411388753414344,0.4298540132886229,A,0.35,0.4,0.2499999999999999,1.0900000000000003,2.37,3.74,2.65,2.4,3.8,2.7,0.3955650101974433,0.2506655278523905,0.35376946195016634,-0.0665578988275008,-0.00952665251095608,0.07608455133845654
2026-01-17,Bundesliga,Wolfsburg,Heidenheim,D,0.5383310891014503,0.2537791843098071,0.2078897265887425,H,0.35,0.4,0.2499999999999999,1.0900000000000003,1.65,3.99,4.76,1.67,4.0,5.0,0.5681261385765437,0.23493938061436018,0.19693448080909604,-0.02979504947509337,0.01883980369544694,0.01095524577964646
2026-01-17,Bundesliga,FC Koln,Mainz,H,0.3609858267617191,0.27527769509825,0.3637364781400307,A,0.35,0.4,0.2499999999999999,1.0900000000000003,2.15,3.53,3.14,2.15,3.5,3.25,0.43596187958953303,0.2655291901182708,0.29850893029219616,-0.07497605282781394,0.0097485049799792,0.06522754784783452
2026-01-17,Bundesliga,Dortmund,St Pauli,H,0.7448491944809937,0.168986884391402,0.0861639211276041,H,0.35,0.4,0.2499999999999999,1.0900000000000003,1.32,5.1,9.14,1.33,5.25,10.0,0.7126346107982169,0.1844466051477738,0.10291878405400945,0.032214583682776854,-0.015459720756371809,-0.01675486292640535
2026-01-17,Premier League,Chelsea,Brentford,H,0.4777998812744979,0.2498246265401895,0.2723754921853124,H,0.35,0.4,0.2499999999999999,1.0900000000000003,1.69,3.97,4.75,1.73,4.0,4.75,0.5613303447311002,0.23895422735404517,0.19971542791485458,-0.08353046345660231,0.010870399186144325,0.07266006427045779
2026-01-17,Premier League,Man United,Man City,H,0.2227465344840819,0.2345434894227034,0.5427099760932145,A,0.35,0.4,0.2499999999999999,1.0900000000000003,3.55,3.87,1.94,3.7,3.8,1.91,0.26686524510100135,0.24479886824510455,0.48833588665389427,-0.04411871061691944,-0.010255378822401157,0.054374089439320206
2026-01-17,Ligue 1,Angers,Marseille,A,0.2263720061659105,0.2433650343716822,0.5302629594624071,A,0.35,0.4,0.2499999999999999,1.0900000000000003,5.5,3.93,1.59,5.75,4.0,1.6,0.17068893459751372,0.23887764383875965,0.5904334215637267,0.055683071568396775,0.004487390532922547,-0.0601704621013196
2026-01-17,Ligue 1,Lens,Auxerre,H,0.7110529044517511,0.1866441846370786,0.1023029109111701,H,0.35,0.4,0.2499999999999999,1.0900000000000003,1.42,4.46,7.24,1.42,4.5,7.5,0.6602759669886554,0.21022239307710552,0.12950163993423905,0.05077693746309564,-0.02357820844002692,-0.027198729023068954
2026-01-17,La Liga,Real Madrid,Levante,H,0.8259382962932755,0.120749988574693,0.0533117151320313,H,0.35,0.4,0.2499999999999999,1.0900000000000003,1.16,8.13,14.17,1.17,8.0,15.0,0.8166301718082003,0.11651795809317493,0.06685187009862473,0.009308124485075231,0.004232030481518073,-0.013540154966593429
2026-01-17,Premier League,Sunderland,Crystal Palace,H,0.3102254471856968,0.2667899696769737,0.4229845831373293,A,0.35,0.4,0.2499999999999999,1.0900000000000003,2.69,3.15,2.74,2.75,3.1,2.75,0.35264411585652355,0.3011468798901741,0.3462090042533023,-0.042418668670826776,-0.034356910213200365,0.07677557888402697
2026-01-17,Ligue 1,Toulouse,Nice,H,0.4264520769943128,0.255196265400653,0.3183516576050339,H,0.35,0.4,0.2499999999999999,1.0900000000000003,1.92,3.51,3.82,1.95,3.5,3.9,0.48789380608257105,0.266882081959697,0.24522411195773203,-0.061441729088258235,-0.011685816559043993,0.0731275456473019
2026-01-17,Bundesliga,Hamburg,M'gladbach,D,0.3810091940112729,0.2692419410478029,0.349748864940924,H,0.35,0.4,0.2499999999999999,1.0900000000000003,2.39,3.44,2.79,2.45,3.5,2.8,0.39194194541660365,0.2723085027749078,0.3357495518084884,-0.010932751405330732,-0.0030665617271048995,0.013999313132435576
2026-01-17,Premier League,Leeds,Fulham,H,0.347851056362793,0.2636490244393374,0.3884999191978695,A,0.35,0.4,0.2499999999999999,1.0900000000000003,2.17,3.33,3.41,2.15,3.3,3.5,0.4370600167044506,0.2848108817563537,0.2781291015391958,-0.0892089603416576,-0.021161857317016308,0.11037081765867374
2026-01-17,La Liga,Osasuna,Oviedo,H,0.5085819738335384,0.2713288769804901,0.2200891491859714,H,0.35,0.4,0.2499999999999999,1.0900000000000003,1.77,3.39,4.99,1.75,3.4,5.25,0.5328123671205435,0.27819406778860234,0.18899356509085408,-0.024230393287005048,-0.006865190808112265,0.031095584095117312
2026-01-17,Serie A,Cagliari,Juventus,H,0.134847410108435,0.2094776461201633,0.6556749437714015,A,0.35,0.4,0.2499999999999999,1.0900000000000003,6.65,4.03,1.5,6.25,4.2,1.5,0.14117399782809234,0.23295461180069826,0.6258713903712093,-0.006326587719657328,-0.02347696568053495,0.02980355340019214
2026-01-17,Serie A,Napoli,Sassuolo,H,0.7303897402091367,0.1680142662100033,0.1015959935808598,H,0.35,0.4,0.2499999999999999,1.0900000000000003,1.44,4.26,7.48,1.48,4.33,7.5,0.6533635155750208,0.22085527287042958,0.12578121155454944,0.0770262246341159,-0.05284100666042629,-0.024185217973689638
2026-01-17,Bundesliga,RB Leipzig,Bayern Munich,A,0.1868723679596256,0.1942861655335339,0.6188414665068405,A,0.35,0.4,0.2499999999999999,1.0900000000000003,4.9,4.69,1.54,5.0,4.75,1.55,0.19132917964693666,0.1998961578400831,0.6087746625129804,-0.004456811687311046,-0.005609992306549211,0.010066803993860063
2026-01-17,La Liga,Mallorca,Ath Bilbao,H,0.3228014891121735,0.2613011999251777,0.4158973109626487,A,0.35,0.4,0.2499999999999999,1.0900000000000003,3.62,3.04,2.2,3.8,2.9,2.25,0.26067163481026473,0.3104050388201179,0.4289233263696174,0.06212985430190876,-0.04910383889494019,-0.013026015406968683
2026-01-17,La Liga,Betis,Villarreal,H,0.3361400122672668,0.2366544316506992,0.4272055560820337,A,0.35,0.4,0.2499999999999999,1.0900000000000003,2.53,3.51,2.63,2.6,3.5,2.63,0.3727483798025479,0.26867618259271964,0.3585754376047323,-0.03660836753528107,-0.03202175094202045,0.06863011847730138
2026-01-17,Premier League,Nott'm Forest,Arsenal,D,0.163400806764153,0.2102050878435826,0.6263941053922641,A,0.35,0.4,0.2499999999999999,1.0900000000000003,6.1,4.16,1.54,6.0,4.33,1.53,0.15558426671588582,0.22814039109781328,0.6162753421863009,0.007816540048267179,-0.017935303254230678,0.010118763205963277
2026-01-17,Serie A,Udinese,Inter,A,0.1435272403596902,0.2043837749045423,0.6520889847357674,A,0.35,0.4,0.2499999999999999,1.0900000000000003,7.18,4.61,1.41,7.0,4.75,1.42,0.13072438294012714,0.20360109967681406,0.6656745173830588,0.012802857419563052,0.0007826752277282356,-0.013585532647291454
2026-01-18,La Liga,Celta,Vallecano,H,0.5443236239191082,0.2494266438360239,0.2062497322448677,H,0.35,0.4,0.2499999999999999,1.0900000000000003,2.03,3.18,3.86,2.05,3.2,4.0,0.4620492358653919,0.29495595874425956,0.2429948053903486,0.08227438805371623,-0.04552931490823567,-0.036745073145480894
2026-01-18,Bundesliga,Stuttgart,Union Berlin,D,0.5749070453707206,0.2375056316626155,0.1875873229666639,H,0.35,0.4,0.2499999999999999,1.0900000000000003,1.64,3.86,4.98,1.65,3.9,5.25,0.5700644120473067,0.24220353257968474,0.1877320553730086,0.004842633323413836,-0.004697900917069231,-0.0001447324063447164
2026-01-18,Ligue 1,Nantes,Paris FC,A,0.3936903181962077,0.3013993297220443,0.3049103520817479,H,0.35,0.4,0.2499999999999999,1.0900000000000003,2.98,3.21,2.38,3.0,3.2,2.45,0.3144209399950613,0.29189233681784504,0.3936867231870936,0.07926937820114638,0.009506992904199263,-0.0887763711053457
2026-01-18,Serie A,Torino,Roma,A,0.2460991541435322,0.2578293767528501,0.4960714691036176,A,0.35,0.4,0.2499999999999999,1.0900000000000003,3.53,3.18,2.13,3.75,3.1,2.15,0.26543928332098893,0.2946542987808462,0.43990641789816476,-0.019340129177456727,-0.03682492202799609,0.05616505120545284
2026-01-18,Premier League,Wolves,Newcastle,D,0.2145547633195605,0.2385268768903062,0.546918359790133,A,0.35,0.4,0.2499999999999999,1.0900000000000003,4.6,3.98,1.7,4.75,4.0,1.7,0.20569100747856756,0.23773332522648505,0.5565756672949475,0.008863755840992943,0.0007935516638211404,-0.009657307504814416
2026-01-18,La Liga,Sociedad,Barcelona,H,0.1343795077833502,0.1918046844797329,0.6738158077369167,A,0.35,0.4,0.2499999999999999,1.0900000000000003,4.93,4.5,1.56,5.0,4.5,1.55,0.190265558681476,0.20844648984437256,0.6012879514741516,-0.05588605089812579,-0.01664180536463966,0.07252785626276514
2026-01-18,La Liga,Getafe,Valencia,A,0.3956708906554285,0.2720603135394441,0.3322687958051272,H,0.35,0.4,0.2499999999999999,1.0900000000000003,2.51,2.77,3.26,2.55,2.75,3.4,0.37368148807183793,0.3386066913575138,0.2877118205706482,0.021989402583590556,-0.06654637781806971,0.04455697523447899
2026-01-18,Ligue 1,Lyon,Brest,H,0.5277320279827963,0.260573592309903,0.2116943797073006,H,0.35,0.4,0.2499999999999999,1.0900000000000003,1.62,4.02,5.02,1.67,4.0,5.0,0.5794769304986044,0.2335205540815272,0.18700251541986837,-0.0517449025158081,0.02705303822837582,0.024691864287432225
2026-01-18,Ligue 1,Strasbourg,Metz,H,0.6060616611416392,0.2253073421202505,0.1686309967381101,H,0.35,0.4,0.2499999999999999,1.0900000000000003,1.52,4.34,5.58,1.53,4.33,5.75,0.6162827390343957,0.2158409592931524,0.16787630167245188,-0.010221077892756503,0.009466382827098108,0.0007546950656582285
2026-01-18,Premier League,Aston Villa,Everton,A,0.6154725223375787,0.2157096314090337,0.1688178462533875,H,0.35,0.4,0.2499999999999999,1.0900000000000003,1.66,3.87,5.09,1.67,3.9,5.25,0.5697777674932532,0.24440079949323001,0.18582143301351675,0.0456947548443255,-0.028691168084196306,-0.017003586760129252
2026-01-18,Bundesliga,Augsburg,Freiburg,D,0.3036870652523723,0.2572465746424006,0.439066360105227,A,0.35,0.4,0.2499999999999999,1.0900000000000003,2.83,3.29,2.44,2.9,3.3,2.45,0.33112380638109185,0.28482686080805164,0.3840493328108565,-0.027436741128719522,-0.027580286165651058,0.05501702729437047
2026-01-18,Serie A,Parma,Genoa,D,0.3850013997463911,0.2872109992391624,0.3277876010144464,H,0.35,0.4,0.2499999999999999,1.0900000000000003,2.83,2.74,2.87,2.9,2.55,3.0,0.33124544546990115,0.34212577032110225,0.32662878420899655,0.05375595427648994,-0.05491477108193987,0.001158816805449825
2026-01-18,La Liga,Ath Madrid,Alaves,H,0.7112861167481674,0.1921348019625523,0.09657908128928,H,0.35,0.4,0.2499999999999999,1.0900000000000003,1.3,5.12,10.03,1.3,5.25,10.0,0.722795382315767,0.18352226504111271,0.09368235264312036,-0.01150926556759957,0.008612536921439595,0.002896728646159641
2026-01-18,Serie A,Bologna,Fiorentina,A,0.507988975919516,0.2590371023857911,0.2329739216946927,H,0.35,0.4,0.2499999999999999,1.0900000000000003,2.14,3.3,3.41,2.2,3.3,3.4,0.4393574987115616,0.28491668098264905,0.27572582030578935,0.06863147720795437,-0.025879578596857966,-0.042751898611096656
2026-01-18,Ligue 1,Rennes,Le Havre,D,0.6270168131351757,0.2165094456530851,0.156473741211739,H,0.35,0.4,0.2499999999999999,1.0900000000000003,1.64,3.9,4.98,1.67,3.9,5.25,0.5714840577663217,0.24031637300942763,0.18819956922425052,0.05553275536885394,-0.023806927356342517,-0.03172582801251153
2026-01-18,Serie A,Milan,Lecce,H,0.7481705393904415,0.1658709393817934,0.0859585212277648,H,0.35,0.4,0.2499999999999999,1.0900000000000003,1.27,5.21,11.59,1.29,5.0,13.0,0.7389130432122408,0.18011891840298386,0.08096803838477531,0.009257496178200708,-0.01424797902119046,0.004990482842989488
2026-01-19,La Liga,Elche,Sevilla,D,0.4537995396667981,0.274867489695795,0.2713329706374067,H,0.35,0.4,0.2499999999999999,1.0900000000000003,2.23,3.3,3.16,2.25,3.3,3.25,0.4199115721315304,0.2837584260161554,0.2963300018523141,0.03388796753526768,-0.00889093632036042,-0.024997031214907428
2026-01-19,Premier League,Brighton,Bournemouth,D,0.5198164052919356,0.2367920452167003,0.2433915494913638,H,0.35,0.4,0.2499999999999999,1.0900000000000003,1.85,3.92,3.75,1.85,3.9,3.8,0.5088353900205956,0.2401391509025771,0.2510254590768272,0.010981015271339989,-0.003347105685876789,-0.007633909585463422
2026-01-19,Serie A,Lazio,Como,A,0.450902112527885,0.2719518934323205,0.2771459940397943,H,0.35,0.4,0.2499999999999999,1.0900000000000003,2.65,2.94,2.87,2.7,2.9,3.0,0.35401920761255834,0.3190989456371699,0.3268818467502716,0.09688290491532664,-0.04714705220484938,-0.04973585271047731
2026-01-19,Serie A,Cremonese,Verona,D,0.4595233094703001,0.2732501567142451,0.2672265338154546,H,0.35,0.4,0.2499999999999999,1.0900000000000003,2.49,2.99,3.03,2.63,2.9,3.1,0.3767105345225472,0.31371546185991395,0.30957400361753884,0.08281277494775291,-0.04046530514566887,-0.04234746980208426
2026-01-23,La Liga,Levante,Elche,H,0.4140554711890906,0.2747559598225427,0.3111885689883665,H,0.35,0.4,0.2499999999999999,1.0900000000000003,2.23,3.24,3.21,2.2,3.3,3.2,0.41964339752823404,0.2888286347185067,0.2915279677532591,-0.005587926339143456,-0.014072674895964032,0.019660601235107378
2026-01-23,Ligue 1,Auxerre,Paris SG,A,0.0998536898976876,0.1664932500850974,0.7336530600172146,A,0.35,0.4,0.2499999999999999,1.0900000000000003,9.62,5.6,1.29,11.0,5.5,1.29,0.09827795901819993,0.1688274938848363,0.7328945470969638,0.0015757308794876745,-0.0023342437997389,0.0007585129202508645
2026-01-23,Bundesliga,St Pauli,Hamburg,D,0.4472134475940544,0.2654425630167328,0.2873439893892127,H,0.35,0.4,0.2499999999999999,1.0900000000000003,2.85,2.89,2.72,2.88,2.9,2.75,0.3296029652861929,0.3250409865279065,0.3453560481859006,0.11761048230786153,-0.05959842351117367,-0.058012058796687915
2026-01-23,Serie A,Inter,Pisa,H,0.8099161715657337,0.1290948733032466,0.0609889551310196,H,0.35,0.4,0.2499999999999999,1.0900000000000003,1.17,7.18,15.69,1.18,7.5,15.0,0.8080661578155698,0.1316765187526764,0.06025732343175377,0.0018500137501639147,-0.00258164544942982,0.0007316316992658292
2026-01-24,Ligue 1,Le Havre,Monaco,D,0.2983279921567322,0.2634335114303306,0.4382384964129371,A,0.35,0.4,0.2499999999999999,1.0900000000000003,3.38,3.71,1.99,3.4,3.8,2.0,0.2770433301186916,0.2524006619410182,0.4705560079402902,0.021284662038040636,0.011032849489312435,-0.03231751152735307
2026-01-24,Premier League,Bournemouth,Liverpool,H,0.2672613625809292,0.2588868687146685,0.4738517687044021,A,0.35,0.4,0.2499999999999999,1.0900000000000003,3.73,3.87,1.89,3.75,3.8,1.9,0.25397668677146157,0.2447888996531141,0.5012344135754242,0.013284675809467628,0.014097969061554388,-0.0273826448710221
2026-01-24,Bundesliga,Heidenheim,RB Leipzig,A,0.1965644296251852,0.2187739865999846,0.5846615837748301,A,0.35,0.4,0.2499999999999999,1.0900000000000003,5.08,4.31,1.56,5.0,4.5,1.57,0.18399045513255544,0.21686113969219997,0.5991484051752447,0.012573974492629758,0.001912846907784621,-0.014486821400414573
2026-01-24,Bundesliga,Ein Frankfurt,Hoffenheim,A,0.475448238299628,0.2606242827260848,0.263927478974287,H,0.35,0.4,0.2499999999999999,1.0900000000000003,2.73,3.63,2.33,2.8,3.75,2.3,0.3420276844314501,0.2572274320930741,0.4007448834754759,0.13342055386817792,0.0033968506330107062,-0.1368174045011889
2026-01-24,Premier League,Burnley,Tottenham,D,0.3030327993254135,0.2698702282289625,0.4270969724456238,A,0.35,0.4,0.2499999999999999,1.0900000000000003,3.64,3.39,2.05,3.7,3.5,2.05,0.25978370982875465,0.27894180052409057,0.46127448964715473,0.043249089496658844,-0.00907157229512806,-0.03417751720153095
2026-01-24,Serie A,Fiorentina,Cagliari,A,0.5410657228020114,0.2501639851549325,0.208770292043056,H,0.35,0.4,0.2499999999999999,1.0900000000000003,1.62,3.81,5.44,1.62,3.8,5.75,0.5803860951964919,0.24677833968984694,0.1728355651136612,-0.039320372394480496,0.003385645465085546,0.03593472692939481
2026-01-24,Ligue 1,Marseille,Lens,H,0.4006683810724327,0.2651845281530229,0.3341470907745442,H,0.35,0.4,0.2499999999999999,1.0900000000000003,1.99,3.65,3.43,2.0,3.75,3.4,0.4705040080875804,0.2565213633135028,0.2729746285989169,-0.06983562701514773,0.008663164839520121,0.061172462175627274
2026-01-24,Bundesliga,Mainz,Wolfsburg,H,0.4745585826985538,0.2521216224584962,0.2733197948429498,H,0.35,0.4,0.2499999999999999,1.0900000000000003,2.31,3.42,2.91,2.3,3.5,3.0,0.4049807727522432,0.2735396447537081,0.32147958249404873,0.06957780994631058,-0.021418022295211947,-0.048159787651098906
2026-01-24,Serie A,Como,Torino,H,0.5722563822260014,0.2322337180246856,0.1955098997493128,H,0.35,0.4,0.2499999999999999,1.0900000000000003,1.63,3.72,5.51,1.62,3.75,6.0,0.5767019956614832,0.2526946916473703,0.17060331269114656,-0.004445613435481777,-0.020460973622684703,0.02490658705816623
2026-01-24,Bundesliga,Union Berlin,Dortmund,A,0.2334017221355963,0.2345353587483807,0.5320629191160229,A,0.35,0.4,0.2499999999999999,1.0900000000000003,3.57,3.4,2.03,3.6,3.5,2.05,0.26256224535989137,0.2756903576278859,0.4617473970122228,-0.029160523224295076,-0.04115499887950522,0.0703155221038001
2026-01-24,Ligue 1,Rennes,Lorient,A,0.5222399726866125,0.2634210902873686,0.2143389370260187,H,0.35,0.4,0.2499999999999999,1.0900000000000003,1.86,3.59,3.97,1.85,3.7,4.1,0.5033676038977322,0.26079770006957714,0.23583469603269064,0.018872368788880323,0.0026233902177914548,-0.021495759006671944
2026-01-24,La Liga,Villarreal,Real Madrid,A,0.3130735829128667,0.2362531836149439,0.4506732334721892,A,0.35,0.4,0.2499999999999999,1.0900000000000003,3.32,3.84,2.0,3.4,3.9,2.0,0.2837214800803878,0.24530086298616857,0.4709776569334436,0.02935210283247891,-0.009047679371224665,-0.02030442346125444
2026-01-24,Premier League,Fulham,Brighton,H,0.3931127328092454,0.2626092134556964,0.3442780537350581,H,0.35,0.4,0.2499999999999999,1.0900000000000003,2.54,3.42,2.71,2.6,3.4,2.7,0.37313997681010047,0.2771273511981448,0.34973267199175473,0.019972755999144942,-0.014518137742448423,-0.005454618256696631
2026-01-24,Serie A,Lecce,Lazio,D,0.2481767098868356,0.2385563578726085,0.5132669322405556,A,0.35,0.4,0.2499999999999999,1.0900000000000003,3.91,3.02,2.11,4.0,3.0,2.1,0.24109267702086604,0.3121431679309888,0.4467641550481451,0.007084032865969564,-0.07358681005838028,0.06650277719241054
2026-01-24,Bundesliga,Leverkusen,Werder Bremen,H,0.6643888291141096,0.1962861447922239,0.1393250260936663,H,0.35,0.4,0.2499999999999999,1.0900000000000003,1.59,4.23,4.93,1.62,4.2,5.25,0.5887888464437875,0.2213177933441187,0.18989336021209377,0.07559998267032209,-0.025031648551894797,-0.05056833411842748
2026-01-24,La Liga,Sevilla,Ath Bilbao,H,0.3143999820043043,0.2631803563590102,0.4224196616366854,A,0.35,0.4,0.2499999999999999,1.0900000000000003,2.88,3.07,2.58,2.88,3.0,2.63,0.3273976339872523,0.30713523970139633,0.36546712631135136,-0.012997651982948,-0.04395488334238612,0.05695253532533401
2026-01-24,La Liga,Vallecano,Osasuna,A,0.3996437388652174,0.281322794132109,0.3190334670026734,H,0.35,0.4,0.2499999999999999,1.0900000000000003,2.13,3.15,3.68,2.15,3.25,3.6,0.44345999793419255,0.2998634271745492,0.25667657489125817,-0.04381625906897513,-0.018540633042440247,0.06235689211141521
2026-01-24,La Liga,Valencia,Espanol,H,0.4090014890122538,0.2802100445054502,0.3107884664822958,H,0.35,0.4,0.2499999999999999,1.0900000000000003,2.39,3.17,3.07,2.45,3.1,3.1,0.39487533221074844,0.29771357854375036,0.30741108924550126,0.014126156801505363,-0.017503534038300184,0.003377377236794543
2026-01-24,Premier League,West Ham,Sunderland,H,0.4232102719037863,0.2718950554913472,0.3048946726048663,H,0.35,0.4,0.2499999999999999,1.0900000000000003,2.51,3.24,2.85,2.5,3.2,2.88,0.37659207419279855,0.2917426253777544,0.33166530042944714,0.04661819771098774,-0.019847569886407235,-0.02677062782458084
2026-01-24,Premier League,Man City,Wolves,H,0.7512445884116692,0.1673506164512579,0.0814047951370727,H,0.35,0.4,0.2499999999999999,1.0900000000000003,1.21,6.68,12.0,1.2,7.0,11.0,0.780048811437602,0.1412962667424399,0.07865492181995819,-0.028804223025932774,0.02605434970881801,0.002749873317114515
2026-01-24,Bundesliga,Bayern Munich,Augsburg,A,0.8755014557208403,0.0821580000625191,0.0423405442166405,H,0.35,0.4,0.2499999999999999,1.0900000000000003,1.09,10.35,20.62,1.1,12.0,17.0,0.8634271443268979,0.09093097461993419,0.045641881053167736,0.012074311393942327,-0.00877297455741509,-0.0033013368365272383
2026-01-25,Bundesliga,Freiburg,FC Koln,H,0.5675390861878784,0.2461354270121359,0.1863254867999855,H,0.35,0.4,0.2499999999999999,1.0900000000000003,1.9,3.59,3.78,1.9,3.75,3.8,0.4921517995734989,0.2604703117519911,0.24737788867451008,0.07538728661437949,-0.014334884739855197,-0.06105240187452457
2026-01-25,Serie A,Genoa,Bologna,H,0.3199724861173892,0.2594579005354842,0.4205696133471263,A,0.35,0.4,0.2499999999999999,1.0900000000000003,2.93,3.0,2.56,3.0,3.0,2.6,0.32038980759924574,0.31291404542193,0.36669614697882424,-0.0004173214818565252,-0.053456144886445844,0.053873466368302036
2026-01-25,Ligue 1,Brest,Toulouse,A,0.4401018763933685,0.2728784350508971,0.2870196885557343,H,0.35,0.4,0.2499999999999999,1.0900000000000003,2.73,3.03,2.69,2.8,3.1,2.7,0.342951995051817,0.3089963519773797,0.3480516529708032,0.0971498813415515,-0.036117916926482585,-0.06103196441506892
2026-01-25,Premier League,Arsenal,Man United,A,0.6743664296610034,0.1960445437150491,0.1295890266239474,H,0.35,0.4,0.2499999999999999,1.0900000000000003,1.55,4.08,5.89,1.55,4.2,6.0,0.6086205542906493,0.23121614194865353,0.1601633037606972,0.06574587537035403,-0.03517159823360444,-0.030574277136749817
2026-01-25,Ligue 1,Nantes,Nice,A,0.3433373499119706,0.2475860888577533,0.4090765612302759,A,0.35,0.4,0.2499999999999999,1.0900000000000003,2.88,3.4,2.34,2.9,3.5,2.38,0.3249044398706263,0.27521317259629524,0.39988238753307853,0.01843291004134434,-0.027627083738541947,0.009194173697197383
2026-01-25,La Liga,Alaves,Betis,H,0.2470130811841017,0.2501494391850493,0.5028374796308489,A,0.35,0.4,0.2499999999999999,1.0900000000000003,2.8,3.05,2.61,2.75,3.0,2.7,0.33435537728122305,0.30694919881554905,0.35869542390322784,-0.08734229609712135,-0.05679975963049977,0.14414205572762107
2026-01-25,Ligue 1,Metz,Lyon,A,0.1862987298414729,0.2382407564391475,0.5754605137193793,A,0.35,0.4,0.2499999999999999,1.0900000000000003,4.54,3.85,1.7,4.75,3.9,1.7,0.20619368659819798,0.24314787978073216,0.5506584336210699,-0.01989495675672509,-0.004907123341584663,0.02480208009830942
2026-01-25,La Liga,Ath Madrid,Mallorca,H,0.6838596947515226,0.2011363826030463,0.1150039226454308,H,0.35,0.4,0.2499999999999999,1.0900000000000003,1.28,5.36,10.0,1.3,5.25,10.0,0.7316327422031973,0.17471826679479338,0.09364899100200925,-0.047773047451674655,0.02641811580825293,0.021354931643421546
2026-01-25,Bundesliga,M'gladbach,Stuttgart,A,0.2636645585020811,0.258894839842477,0.4774406016554416,A,0.35,0.4,0.2499999999999999,1.0900000000000003,2.89,3.65,2.23,3.0,3.75,2.2,0.3238609460981112,0.2564268860886415,0.4197121678132473,-0.06019638759603013,0.0024679537538355167,0.05772843384219428
2026-01-25,Premier League,Newcastle,Aston Villa,A,0.3924946806893709,0.2463977597859082,0.3611075595247207,H,0.35,0.4,0.2499999999999999,1.0900000000000003,1.98,3.66,3.54,1.95,3.7,3.7,0.4761211800502712,0.25757375314194997,0.2663050668077788,-0.08362649936090033,-0.011175993356041775,0.09480249271694186
2026-01-25,Serie A,Roma,Milan,D,0.4070389488907818,0.272731230443823,0.320229820665395,H,0.35,0.4,0.2499999999999999,1.0900000000000003,2.62,3.0,2.87,2.63,3.1,2.88,0.3589085179287519,0.3134467723244433,0.3276447097468048,0.0481304309620299,-0.040715541880620265,-0.007414889081409803
2026-01-25,Premier League,Crystal Palace,Chelsea,A,0.3306346267749739,0.249550115831191,0.419815257393835,A,0.35,0.4,0.2499999999999999,1.0900000000000003,3.5,3.66,2.0,3.5,3.8,2.0,0.2698120162182086,0.25801695539992625,0.4721710283818651,0.0608226105567653,-0.008466839568735257,-0.05235577098803007
2026-01-25,La Liga,Sociedad,Celta,H,0.3511304852905908,0.2746264206430518,0.3742430940663573,A,0.35,0.4,0.2499999999999999,1.0900000000000003,1.99,3.37,3.77,2.0,3.4,3.9,0.47206420569602614,0.2787560146394932,0.2491797796644807,-0.12093372040543532,-0.004129593996441361,0.1250633144018766
2026-01-25,Serie A,Juventus,Napoli,H,0.4447537767612075,0.2475119702425982,0.3077342529961941,H,0.35,0.4,0.2499999999999999,1.0900000000000003,2.06,3.08,3.9,2.05,3.2,4.0,0.455158615881292,0.30442426906346154,0.24041711505524657,-0.010404839120084497,-0.05691229882086335,0.06731713794094754
2026-01-25,Ligue 1,Lille,Strasbourg,A,0.516477722276711,0.2523041160430568,0.231218161680232,H,0.35,0.4,0.2499999999999999,1.0900000000000003,2.0,3.52,3.51,2.0,3.5,3.6,0.46773070050576937,0.26575607983282357,0.26651321966140706,0.04874702177094159,-0.013451963789766763,-0.035295057981175076
2026-01-25,Serie A,Sassuolo,Cremonese,H,0.4411652370556764,0.2669776152660322,0.2918571476782911,H,0.35,0.4,0.2499999999999999,1.0900000000000003,1.91,3.31,4.13,1.91,3.4,4.2,0.49031408824025213,0.2829304859634083,0.22675542579633937,-0.04914885118457574,-0.01595287069737611,0.06510172188195171
2026-01-25,Premier League,Brentford,Nott'm Forest,A,0.5503238668841257,0.2373664680206298,0.2123096650952443,H,0.35,0.4,0.2499999999999999,1.0900000000000003,1.9,3.49,4.02,1.91,3.5,4.1,0.4957736723818678,0.2699054376864037,0.2343208899317286,0.0545501945022579,-0.03253896966577388,-0.022011224836484294
2026-01-25,Ligue 1,Paris FC,Angers,D,0.4467504418282423,0.277881609341772,0.2753679488299855,H,0.35,0.4,0.2499999999999999,1.0900000000000003,1.82,3.39,4.5,1.83,3.4,4.75,0.5151140645893268,0.276550913732323,0.20833502167835,-0.06836362276108454,0.0013306956094489841,0.0670329271516355
2026-01-25,La Liga,Barcelona,Oviedo,H,0.83903961317352,0.1112585035041992,0.0497018833222804,H,0.35,0.4,0.2499999999999999,1.0900000000000003,1.09,9.93,20.27,1.11,10.0,19.0,0.8594443787358704,0.09433981599416907,0.046215805269960476,-0.02040476556235038,0.01691868751003013,0.003486078052319923
2026-01-25,Serie A,Atalanta,Parma,H,0.6344253144928793,0.2244478419216315,0.141126843585489,H,0.35,0.4,0.2499999999999999,1.0900000000000003,1.4,4.54,7.65,1.42,4.5,7.5,0.6705214587717435,0.2067687317798328,0.12270980944842366,-0.036096144278864206,0.01767911014179871,0.01841703413706533
2026-01-26,La Liga,Girona,Getafe,D,0.5122580259727376,0.2758676385642785,0.2118743354629837,H,0.35,0.4,0.2499999999999999,1.0900000000000003,2.08,3.01,3.93,2.1,3.0,4.1,0.45039121247311004,0.31123379466580364,0.23837499286108624,0.06186681349962758,-0.03536615610152516,-0.026500657398102534
2026-01-26,Serie A,Verona,Udinese,A,0.3550560462196384,0.2728839663760075,0.372059987404354,A,0.35,0.4,0.2499999999999999,1.0900000000000003,2.72,2.99,2.75,2.8,3.0,2.8,0.3449715338174892,0.3138202581884852,0.3412082079940257,0.010084512402149193,-0.04093629181247771,0.030851779410328295
2026-01-26,Premier League,Everton,Leeds,D,0.5380340619948994,0.2612446590787222,0.2007212789263783,H,0.35,0.4,0.2499999999999999,1.0900000000000003,2.48,3.15,2.92,2.5,3.25,2.9,0.3792739448118887,0.29860297877253456,0.32212307641557664,0.15876011718301075,-0.03735831969381237,-0.12140179748919833
2026-01-27,Bundesliga,Werder Bremen,Hoffenheim,A,0.2885541902656961,0.2626268472451397,0.448818962489164,A,0.35,0.4,0.2499999999999999,1.0900000000000003,3.49,3.61,2.0,3.7,3.6,2.0,0.2694140431137099,0.2604584516528664,0.4701275052334238,0.019140147151986198,0.0021683955922732756,-0.021308542744259806
2026-01-27,Bundesliga,St Pauli,RB Leipzig,D,0.2176609569367052,0.2253224148326073,0.5570166282306874,A,0.35,0.4,0.2499999999999999,1.0900000000000003,4.49,3.47,1.81,4.5,3.5,1.8,0.20944114126030827,0.27100597240887153,0.5195528863308201,0.00821981567639693,-0.045683557576264244,0.03746374189986734
2026-01-30,Ligue 1,Lens,Le Havre,H,0.6755393293870341,0.2059417453689585,0.1185189252440072,H,0.35,0.4,0.2499999999999999,1.0900000000000003,1.38,4.9,7.25,1.4,5.0,7.0,0.679358219230475,0.1913294576608276,0.12931232310869728,-0.00381888984344092,0.014612287708130917,-0.01079339786469008
2026-01-30,Serie A,Lazio,Genoa,H,0.5053996680558401,0.2675504171338574,0.2270499148103024,H,0.35,0.4,0.2499999999999999,1.0900000000000003,2.14,2.93,3.94,2.2,2.88,4.0,0.4398460717823668,0.32125276232568767,0.2389011658919454,0.06555359627347335,-0.05370234519183026,-0.011851251081643005
2026-01-30,Bundesliga,FC Koln,Wolfsburg,H,0.4595289304259242,0.2395637336297496,0.3009073359443259,H,0.35,0.4,0.2499999999999999,1.0900000000000003,1.97,3.73,3.44,1.95,3.8,3.5,0.47600357618498224,0.25140135256954826,0.2725950712454695,-0.01647464575905805,-0.011837618939798678,0.028312264698856393
2026-01-30,La Liga,Espanol,Alaves,A,0.5051445319144405,0.2598603877103292,0.2349950803752302,H,0.35,0.4,0.2499999999999999,1.0900000000000003,1.95,3.07,4.47,1.95,3.0,4.5,0.4827604403026817,0.3066393676189672,0.21060019207835107,0.022384091611758805,-0.046778979908637996,0.024394888296879136
2026-01-31,Ligue 1,Monaco,Rennes,H,0.4778446405172398,0.2432932511911501,0.2788621082916099,H,0.35,0.4,0.2499999999999999,1.0900000000000003,1.98,3.83,3.31,2.0,3.9,3.3,0.47277778813701543,0.244412537992504,0.2828096738704805,0.005066852380224363,-0.001119286801353897,-0.003947565578870604
2026-01-31,Ligue 1,Lorient,Nantes,H,0.5209299252546993,0.2677666683716458,0.2113034063736547,H,0.35,0.4,0.2499999999999999,1.0900000000000003,1.82,3.48,4.31,1.83,3.5,4.5,0.514069494046599,0.2688524365416121,0.21707806941178895,0.006860431208100315,-0.0010857681699663058,-0.005774663038134259
2026-01-31,Ligue 1,Paris FC,Marseille,D,0.2099720193796993,0.2390982742790728,0.5509297063412277,A,0.35,0.4,0.2499999999999999,1.0900000000000003,3.78,3.68,1.88,3.8,3.8,1.9,0.247658867665168,0.2543887281995475,0.4979524041352845,-0.0376868482854687,-0.015290453920474706,0.05297730220594321
2026-01-31,Premier League,Chelsea,West Ham,H,0.6623186745726733,0.2016168385138121,0.1360644869135144,H,0.35,0.4,0.2499999999999999,1.0900000000000003,1.49,4.53,6.05,1.5,4.5,6.0,0.6348402967753592,0.20881060534112256,0.15634909788351822,0.027478377797314102,-0.0071937668273104605,-0.020284610970003836
2026-01-31,Bundesliga,RB Leipzig,Mainz,A,0.5988956763993539,0.2290047848708203,0.1720995387298255,H,0.35,0.4,0.2499999999999999,1.0900000000000003,1.52,4.44,5.41,1.55,4.5,5.5,0.6160277387388311,0.2108923790277079,0.17307988223346088,-0.017132062339477172,0.018112405843112384,-0.000980343503635378
2026-01-31,La Liga,Levante,Ath Madrid,D,0.1741489781538377,0.2274290999930869,0.5984219218530752,A,0.35,0.4,0.2499999999999999,1.0900000000000003,5.25,4.08,1.6,5.25,4.0,1.62,0.17959722680752724,0.231099372730274,0.5893034004621988,-0.005448248653689536,-0.003670272737187119,0.009118521390876433
2026-01-31,La Liga,Osasuna,Villarreal,D,0.2898185175631452,0.245025740856829,0.4651557415800256,A,0.35,0.4,0.2499999999999999,1.0900000000000003,2.75,3.31,2.53,2.75,3.3,2.55,0.34272723180119746,0.2847431684148921,0.3725295997839103,-0.05290871423805227,-0.03971742755806312,0.09262614179611528
2026-01-31,Premier League,Leeds,Arsenal,A,0.1650813328153188,0.2104231426979032,0.6244955244867778,A,0.35,0.4,0.2499999999999999,1.0900000000000003,6.16,4.1,1.54,5.75,4.2,1.55,0.15378844711177797,0.2310577644411103,0.6151537884471119,0.01129288570354084,-0.020634621743207127,0.009341736039665927
2026-01-31,Bundesliga,Werder Bremen,M'gladbach,D,0.4519911186932989,0.2638117176400975,0.2841971636666036,H,0.35,0.4,0.2499999999999999,1.0900000000000003,2.35,3.49,2.79,2.45,3.6,2.75,0.39751215549232294,0.26766577805356984,0.3348220664541071,0.05447896320097595,-0.00385406041347236,-0.050624902787503534
2026-01-31,La Liga,Elche,Barcelona,A,0.1086269673199489,0.1668140854423564,0.7245589472376947,A,0.35,0.4,0.2499999999999999,1.0900000000000003,7.55,5.66,1.33,7.5,5.75,1.33,0.12483437613490699,0.16651935332483175,0.7086462705402613,-0.01620740881495808,0.0002947321175246487,0.015912676697433348
2026-01-31,Bundesliga,Ein Frankfurt,Leverkusen,A,0.3335584644734355,0.2449366734165475,0.4215048621100168,A,0.35,0.4,0.2499999999999999,1.0900000000000003,2.92,3.67,2.21,3.0,3.8,2.2,0.32083084457067357,0.25526595807802915,0.4239031973512973,0.012727619902761944,-0.010329284661481641,-0.0023983352412804693
2026-01-31,Premier League,Brighton,Everton,D,0.4907013569861893,0.2397966764222631,0.2695019665915475,H,0.35,0.4,0.2499999999999999,1.0900000000000003,1.86,3.6,4.13,1.85,3.6,4.1,0.5083806905606959,0.2626633567896929,0.22895595264961124,-0.017679333574506628,-0.02286668036742978,0.04054601394193627
2026-01-31,Serie A,Pisa,Sassuolo,A,0.4000973811507089,0.2887498988318964,0.3111527200173945,H,0.35,0.4,0.2499999999999999,1.0900000000000003,2.85,3.06,2.59,2.9,3.1,2.55,0.32984155918744457,0.3072053737530121,0.3629530670595433,0.07025582196326435,-0.01845547492111571,-0.05180034704214875
2026-01-31,Premier League,Wolves,Bournemouth,A,0.2804761925985012,0.2475973798618846,0.471926427539614,A,0.35,0.4,0.2499999999999999,1.0900000000000003,2.95,3.5,2.31,2.9,3.5,2.3,0.32052171499930626,0.2701540169279867,0.40932426807270716,-0.040045522400805056,-0.022556637066102087,0.06260215946690684
2026-01-31,Premier League,Liverpool,Newcastle,H,0.538922568447894,0.2359960365733134,0.2250813949787924,H,0.35,0.4,0.2499999999999999,1.0900000000000003,1.77,3.99,4.12,1.8,3.9,4.1,0.5338399337522529,0.2368162112134054,0.22934385503434165,0.005082634695641075,-0.000820174640092014,-0.004262460055549255
2026-01-31,Serie A,Cagliari,Verona,H,0.4885962400733764,0.2753300217589842,0.2360737381676393,H,0.35,0.4,0.2499999999999999,1.0900000000000003,2.18,2.99,3.71,2.2,3.0,3.8,0.43164882543610816,0.3147138593480655,0.25363731521582633,0.05694741463726821,-0.039383837589081316,-0.017563577048187035
2026-01-31,Bundesliga,Hoffenheim,Union Berlin,H,0.588790085259416,0.2274452300291595,0.1837646847114243,H,0.35,0.4,0.2499999999999999,1.0900000000000003,1.78,3.69,4.3,1.8,3.8,4.33,0.527332065990455,0.2543769857623333,0.2182909482472116,0.061458019268960995,-0.0269317557331738,-0.034526263535787305
2026-01-31,Serie A,Napoli,Fiorentina,H,0.6301972873807378,0.2051632957058971,0.1646394169133649,H,0.35,0.4,0.2499999999999999,1.0900000000000003,1.78,3.46,4.78,1.8,3.4,5.0,0.5299878228545792,0.27265269499455236,0.1973594821508684,0.10020946452615853,-0.06748939928865527,-0.03272006523750351
2026-01-31,Bundesliga,Augsburg,St Pauli,H,0.4716463446106562,0.2737254423270545,0.2546282130622892,H,0.35,0.4,0.2499999999999999,1.0900000000000003,1.97,3.22,4.02,2.0,3.3,4.1,0.47577111940956807,0.2910773618747979,0.23315151871563417,-0.004124774798911879,-0.0173519195477434,0.021476694346655056
2026-01-31,La Liga,Oviedo,Girona,H,0.3637737235054541,0.2883215076821545,0.3479047688123912,H,0.35,0.4,0.2499999999999999,1.0900000000000003,2.67,3.08,2.77,2.75,3.0,2.75,0.3532592718344092,0.30623449863567287,0.3405062295299179,0.010514451671044922,-0.017912990953518393,0.007398539282473304
2026-01-31,Bundesliga,Hamburg,Bayern Munich,D,0.0620934810540544,0.135452766946626,0.8024537519993193,A,0.35,0.4,0.2499999999999999,1.0900000000000003,8.81,6.15,1.26,8.0,6.5,1.29,0.10610548108956322,0.15199825827626862,0.7418962606341681,-0.04401200003550882,-0.016545491329642614,0.060557491365151206
2026-02-01,Ligue 1,Lyon,Lille,H,0.5265898295187879,0.229403077633283,0.244007092847929,H,0.35,0.4,0.2499999999999999,1.0900000000000003,1.89,3.63,3.83,1.91,3.7,3.8,0.4964913596383155,0.2585037657620981,0.24500487459958642,0.030098469880472378,-0.02910068812881511,-0.0009977817516574061
2026-02-01,La Liga,Ath Bilbao,Sociedad,D,0.4552165693167438,0.2688578475264424,0.2759255831568136,H,0.35,0.4,0.2499999999999999,1.0900000000000003,2.24,3.1,3.33,2.3,3.1,3.4,0.4174923765075103,0.3016719107667171,0.28083571272577273,0.0377241928092335,-0.03281406324027475,-0.004910129568959143
2026-02-01,La Liga,Real Madrid,Vallecano,H,0.8221924322648775,0.1213024158915364,0.0565051518435859,H,0.35,0.4,0.2499999999999999,1.0900000000000003,1.24,5.96,10.69,1.25,6.0,12.0,0.7552585160458235,0.15713432213033912,0.08760716182383733,0.06693391621905398,-0.035831906238802724,-0.031102009980251435
2026-02-01,Serie A,Como,Atalanta,D,0.4139309004666937,0.2615820848942145,0.3244870146390917,H,0.35,0.4,0.2499999999999999,1.0900000000000003,2.32,3.27,3.06,2.35,3.25,3.2,0.40524384613515424,0.2875124535270819,0.307243700337764,0.008687054331539434,-0.025930368632867407,0.017243314301327695
2026-02-01,Ligue 1,Toulouse,Auxerre,D,0.6110365612416243,0.2227746134412956,0.16618882531708,H,0.35,0.4,0.2499999999999999,1.0900000000000003,1.73,3.49,4.93,1.75,3.6,5.0,0.5415314597935937,0.26843823078593615,0.19003030942047003,0.06950510144803057,-0.045663617344640556,-0.023841484103390015
2026-02-01,Ligue 1,Nice,Brest,D,0.4579729472637075,0.2647147229894018,0.2773123297468906,H,0.35,0.4,0.2499999999999999,1.0900000000000003,2.09,3.35,3.45,2.1,3.3,3.7,0.4484953142280604,0.2798075243989988,0.2716971613729409,0.009477633035647137,-0.015092801409597012,0.005615168373949653
2026-02-01,Premier League,Tottenham,Man City,D,0.1870806000550485,0.226519732554924,0.5863996673900271,A,0.35,0.4,0.2499999999999999,1.0900000000000003,4.41,4.06,1.71,4.5,4.1,1.73,0.2143551838163781,0.2328340789729625,0.5528107372106593,-0.0272745837613296,-0.006314346418038491,0.033588930179367815
2026-02-01,Bundesliga,Dortmund,Heidenheim,H,0.8035162748181381,0.1306818405093758,0.0658018846724859,H,0.35,0.4,0.2499999999999999,1.0900000000000003,1.22,6.22,11.13,1.22,6.5,12.0,0.7658403727615061,0.15021306346769092,0.083946563770803,0.03767590205663207,-0.01953122295831511,-0.0181446790983171
2026-02-01,Premier League,Aston Villa,Brentford,A,0.5893836921226985,0.2248491946720705,0.1857671132052309,H,0.35,0.4,0.2499999999999999,1.0900000000000003,2.08,3.47,3.46,2.1,3.5,3.4,0.45442571326919146,0.27239351112389576,0.27318077560691284,0.13495797885350702,-0.04754431645182525,-0.08741366240168194
2026-02-01,La Liga,Getafe,Celta,D,0.2739946452756921,0.2728719345970436,0.4531334201272642,A,0.35,0.4,0.2499999999999999,1.0900000000000003,2.82,2.85,2.76,2.8,2.9,2.8,0.33209210426324187,0.3285963979025761,0.33931149783418196,-0.058097458987549755,-0.05572446330553249,0.11382192229308224
2026-02-01,Ligue 1,Angers,Metz,H,0.5208273782241992,0.25159495156966,0.2275776702061405,H,0.35,0.4,0.2499999999999999,1.0900000000000003,2.09,3.32,3.48,2.1,3.3,3.6,0.4484118359362872,0.28228335455025305,0.2693048095134598,0.07241554228791203,-0.030688402980593055,-0.041727139307319305
2026-02-01,Serie A,Torino,Lecce,H,0.4810977746451151,0.2804693087314176,0.2384329166234671,H,0.35,0.4,0.2499999999999999,1.0900000000000003,1.95,3.05,4.43,1.95,3.1,4.5,0.4808790817688407,0.30744728178663583,0.21167363644452356,0.0002186928762744067,-0.026977973055218207,0.02675928017894355
2026-02-01,Ligue 1,Strasbourg,Paris SG,A,0.1983674296554532,0.2105438088574302,0.5910887614871163,A,0.35,0.4,0.2499999999999999,1.0900000000000003,5.02,4.27,1.58,4.75,4.5,1.62,0.1868160471401356,0.21962917017411726,0.5935547826857472,0.011551382515317593,-0.009085361316687052,-0.00246602119863093
2026-02-01,La Liga,Betis,Valencia,H,0.5783781164032653,0.2295653952417064,0.192056488355028,H,0.35,0.4,0.2499999999999999,1.0900000000000003,1.83,3.47,4.31,1.83,3.5,4.5,0.5123025646471255,0.27017685686001147,0.21752057849286308,0.06607555175613977,-0.04061146161830506,-0.02546409013783507
2026-02-01,Bundesliga,Stuttgart,Freiburg,H,0.542506469906262,0.2389714992274114,0.2185220308663265,H,0.35,0.4,0.2499999999999999,1.0900000000000003,1.67,3.99,4.53,1.67,4.1,4.75,0.5595345338373098,0.23419114574143035,0.20627432042125987,-0.017028063931047832,0.004780353485981048,0.012247710445066617
2026-02-01,Premier League,Nott'm Forest,Crystal Palace,D,0.4310881464991717,0.2679191252586195,0.3009927282422087,H,0.35,0.4,0.2499999999999999,1.0900000000000003,1.95,3.48,3.88,1.95,3.5,3.9,0.48474926762019643,0.271626744787179,0.2436239875926245,-0.053661121121024724,-0.003707619528559525,0.05736874064958419
2026-02-01,Serie A,Cremonese,Inter,A,0.1027723175406209,0.1657269826932558,0.7315006997661231,A,0.35,0.4,0.2499999999999999,1.0900000000000003,10.14,5.38,1.28,11.0,5.0,1.3,0.09253575709363762,0.1744075421802018,0.7330567007261606,0.010236560446983275,-0.008680559486945988,-0.0015560009600374958
2026-02-01,Premier League,Man United,Fulham,H,0.4904086846553514,0.2540075233823808,0.2555837919622675,H,0.35,0.4,0.2499999999999999,1.0900000000000003,1.58,4.32,5.2,1.57,4.5,5.0,0.5989505567168636,0.21906062028070472,0.18198882300243163,-0.10854187206151217,0.034946903101676086,0.07359496895983586
2026-02-01,Serie A,Parma,Juventus,A,0.133896244404899,0.2144380507753413,0.6516657048197595,A,0.35,0.4,0.2499999999999999,1.0900000000000003,7.14,4.3,1.44,7.5,4.33,1.45,0.13125429247322767,0.21794317401368501,0.6508025335130871,0.002641951931671327,-0.0035051232383437048,0.0008631713066723501
2026-02-02,Premier League,Sunderland,Burnley,H,0.5001059062808166,0.2786277232079462,0.221266370511237,H,0.35,0.4,0.2499999999999999,1.0900000000000003,1.8,3.42,4.73,1.8,3.5,4.75,0.5244208437882943,0.2760109704148917,0.19956818579681387,-0.024314937507477707,0.002616752793054511,0.021698184714423113
2026-02-02,La Liga,Mallorca,Sevilla,H,0.456945148488581,0.2752713210890101,0.2677835304224087,H,0.35,0.4,0.2499999999999999,1.0900000000000003,2.39,3.12,3.05,2.4,3.2,3.1,0.39221343401079034,0.30044554720698363,0.3073410187822259,0.06473171447779064,-0.02517422611797354,-0.039557488359817206
2026-02-02,Serie A,Udinese,Roma,H,0.2389582409434649,0.2499408277522522,0.5111009313042827,A,0.35,0.4,0.2499999999999999,1.0900000000000003,4.11,3.32,1.91,4.33,3.4,1.91,0.22780162735976145,0.2820074362797047,0.49019093636053385,0.011156613583703456,-0.032066608527452495,0.020909994943748844
2026-02-03,Serie A,Bologna,Milan,A,0.297577072549015,0.2426500299652737,0.4597728974857111,A,0.35,0.4,0.2499999999999999,1.0900000000000003,2.94,3.12,2.5,2.9,3.25,2.5,0.3206867630371503,0.30218560363116087,0.3771276333316888,-0.023109690488135326,-0.05953557366588716,0.08264526415402229
2026-02-06,La Liga,Celta,Osasuna,A,0.5003873745250962,0.2575534032569916,0.2420592222179121,H,0.35,0.4,0.2499999999999999,1.0900000000000003,1.97,3.27,4.06,1.95,3.3,4.1,0.479003330170333,0.28857387169283055,0.23242279813683647,0.02138404435476321,-0.031020468435838944,0.009636424081075623
2026-02-06,Serie A,Verona,Pisa,D,0.4244319603655675,0.2593468359195839,0.3162212037148485,H,0.35,0.4,0.2499999999999999,1.0900000000000003,2.49,2.97,3.1,2.55,3.0,3.0,0.3785570672620296,0.31737612709846924,0.3040668056395012,0.04587489310353793,-0.058029291178885334,0.012154398075347295
2026-02-06,Bundesliga,Union Berlin,Ein Frankfurt,D,0.3369268929978763,0.240882866062026,0.4221902409400976,A,0.35,0.4,0.2499999999999999,1.0900000000000003,2.04,3.46,3.52,2.0,3.5,3.6,0.46101202192411345,0.2718105562789571,0.26717742179692944,-0.12408512892623713,-0.03092769021693112,0.15501281914316817
2026-02-06,Ligue 1,Metz,Lille,D,0.2054213125661159,0.2245502615684317,0.5700284258654521,A,0.35,0.4,0.2499999999999999,1.0900000000000003,5.71,4.16,1.55,6.0,4.2,1.55,0.1651127596211215,0.2266331388068759,0.6082541015720024,0.040308552944994386,-0.0020828772384442196,-0.03822567570655033
2026-02-06,Premier League,Leeds,Nott'm Forest,H,0.3528004233482303,0.2788777731469358,0.3683218035048338,A,0.35,0.4,0.2499999999999999,1.0900000000000003,2.21,3.26,3.37,2.2,3.3,3.4,0.428504007644753,0.29048891315794606,0.2810070791973009,-0.07570358429652269,-0.011611140011010268,0.0873147243075329
2026-02-07,Premier League,Bournemouth,Aston Villa,D,0.3306883042427532,0.2564809638297526,0.4128307319274941,A,0.35,0.4,0.2499999999999999,1.0900000000000003,2.68,3.6,2.46,2.7,3.5,2.5,0.3528736731376111,0.26269484555799943,0.38443148130438937,-0.022185368894857893,-0.006213881728246828,0.02839925062310472
2026-02-07,Serie A,Genoa,Napoli,A,0.2284790493109194,0.2344606113908341,0.5370603392982463,A,0.35,0.4,0.2499999999999999,1.0900000000000003,4.42,3.21,1.91,4.5,3.2,1.95,0.21317038402030491,0.2935243293986753,0.49330528658101974,0.015308665290614476,-0.05906371800784119,0.04375505271722652
2026-02-07,Premier League,Arsenal,Sunderland,H,0.7686514523559583,0.1483870604596914,0.0829614871843501,H,0.35,0.4,0.2499999999999999,1.0900000000000003,1.21,6.23,14.08,1.22,6.25,12.0,0.7811529607679875,0.1517167066660136,0.06713033256599893,-0.012501508412029128,-0.003329646206322201,0.015831154618351176
2026-02-07,Premier League,Burnley,West Ham,A,0.3409692859438459,0.2653700344297157,0.3936606796264382,A,0.35,0.4,0.2499999999999999,1.0900000000000003,3.28,3.5,2.14,3.3,3.5,2.15,0.288196635525526,0.27008141843535005,0.44172194603912396,0.05277265041831991,-0.004711384005634367,-0.048061266412685766
2026-02-07,Premier League,Newcastle,Brentford,A,0.4608666314594664,0.2634631017060796,0.2756702668344538,H,0.35,0.4,0.2499999999999999,1.0900000000000003,2.05,3.53,3.51,2.1,3.5,3.5,0.46194025120888216,0.2682655849796624,0.2697941638114554,-0.0010736197494157773,-0.004802483273582792,0.005876103022998402
2026-02-07,Premier League,Fulham,Everton,A,0.4379807962699701,0.2586925468678794,0.3033266568621504,H,0.35,0.4,0.2499999999999999,1.0900000000000003,2.1,3.27,3.64,2.1,3.25,3.75,0.45062808077595806,0.28939418031483544,0.25997773890920656,-0.012647284505987955,-0.030701633446956034,0.04334891795294382
2026-02-07,Bundesliga,Wolfsburg,Dortmund,A,0.1504288104541119,0.191107888970315,0.6584633005755729,A,0.35,0.4,0.2499999999999999,1.0900000000000003,4.24,4.01,1.71,4.2,4.2,1.73,0.2204153661696116,0.23305764402971407,0.5465269898006745,-0.0699865557154997,-0.041949755059399074,0.1119363107748984
2026-02-07,La Liga,Barcelona,Mallorca,H,0.799981828846731,0.1331408050581734,0.0668773660950955,H,0.35,0.4,0.2499999999999999,1.0900000000000003,1.15,8.3,14.69,1.14,9.0,15.0,0.8218015643798593,0.113864072173113,0.06433436344702778,-0.021819735533128326,0.019276732885060405,0.002543002648067713
2026-02-07,Ligue 1,Brest,Lorient,H,0.4663097184481667,0.2729201736119053,0.2607701079399276,H,0.35,0.4,0.2499999999999999,1.0900000000000003,2.22,3.13,3.35,2.2,3.1,3.5,0.4215937373095681,0.29902175617483745,0.2793845065155944,0.04471598113859859,-0.026101582562932157,-0.01861439857566677
2026-02-07,Premier League,Man United,Tottenham,H,0.5760675510196167,0.2316782474087432,0.1922542015716399,H,0.35,0.4,0.2499999999999999,1.0900000000000003,1.57,4.54,4.97,1.57,4.5,5.0,0.601789595807385,0.2081078558188534,0.1901025483737615,-0.025722044787768295,0.0235703915898898,0.0021516531978783837
2026-02-07,Premier League,Wolves,Chelsea,A,0.1774229447047101,0.2327103873702109,0.5898666679250788,A,0.35,0.4,0.2499999999999999,1.0900000000000003,4.9,4.05,1.65,5.0,4.0,1.67,0.19306608884073673,0.2335861321776815,0.5733477789815818,-0.015643144136026632,-0.000875744807470602,0.016518888943496957
2026-02-07,La Liga,Sociedad,Elche,H,0.5730405144881423,0.2353707378910296,0.191588747620828,H,0.35,0.4,0.2499999999999999,1.0900000000000003,1.64,3.97,5.04,1.67,4.0,5.0,0.5752101468440601,0.23761829743684096,0.18717155571909894,-0.0021696323559178277,-0.0022475595458113506,0.004417191901729067
2026-02-07,Bundesliga,Heidenheim,Hamburg,A,0.4016924451357561,0.2837464428547436,0.3145611120095001,H,0.35,0.4,0.2499999999999999,1.0900000000000003,2.78,3.41,2.41,2.88,3.5,2.45,0.3368391282784853,0.27460785237952756,0.3885530193419871,0.0648533168572708,0.009138590475216035,-0.073991907332487
2026-02-07,Bundesliga,St Pauli,Stuttgart,H,0.2014619435013198,0.23750598763406,0.56103206886462,A,0.35,0.4,0.2499999999999999,1.0900000000000003,4.2,3.63,1.8,4.33,3.75,1.8,0.22269938650306748,0.25766871165644173,0.5196319018404908,-0.02123744300174768,-0.02016272402238173,0.041400167024129186
2026-02-07,Serie A,Fiorentina,Torino,D,0.5298105244322822,0.2383792427567744,0.2318102328109432,H,0.35,0.4,0.2499999999999999,1.0900000000000003,1.75,3.63,4.7,1.75,3.75,4.75,0.5392480680183953,0.2599680768683724,0.2007838551132323,-0.00943754358611315,-0.02158883411159801,0.03102637769771091
2026-02-07,Ligue 1,Nantes,Lyon,A,0.1904807409463734,0.2331819341565966,0.5763373248970298,A,0.35,0.4,0.2499999999999999,1.0900000000000003,4.87,3.72,1.69,4.75,3.75,1.73,0.19264865858703478,0.2522040234728117,0.5551473179401535,-0.0021679176406613765,-0.019022089316215074,0.02119000695687634
2026-02-07,Bundesliga,M'gladbach,Leverkusen,D,0.2040877099115357,0.2293975901723498,0.5665146999161144,A,0.35,0.4,0.2499999999999999,1.0900000000000003,3.41,3.67,1.99,3.5,3.75,2.0,0.27451990121749065,0.25507162483696005,0.4704084739455493,-0.07043219130595496,-0.02567403466461024,0.09610622597056506
2026-02-07,Bundesliga,Mainz,Augsburg,H,0.4962157140316666,0.2606312095655487,0.2431530764027845,H,0.35,0.4,0.2499999999999999,1.0900000000000003,2.04,3.51,3.41,2.05,3.6,3.5,0.4588340827803526,0.26667280024841006,0.2744931169712373,0.037381631251313996,-0.006041590682861364,-0.0313400405684528
2026-02-07,Bundesliga,Freiburg,Werder Bremen,H,0.5205803037487574,0.2521592868397772,0.2272604094114652,H,0.35,0.4,0.2499999999999999,1.0900000000000003,1.79,3.7,4.17,1.83,3.75,4.2,0.5227281197169021,0.2528873876468256,0.22438449263627216,-0.0021478159681447284,-0.0007281008070484374,0.002875916775193027
2026-02-07,Ligue 1,Lens,Rennes,H,0.6015632514158294,0.226332724159121,0.1721040244250494,H,0.35,0.4,0.2499999999999999,1.0900000000000003,1.76,3.81,4.19,1.75,3.8,4.5,0.5313524542419593,0.24545415209077381,0.22319339366726687,0.07021079717387013,-0.019121427931652807,-0.051089369242217464
2026-02-08,Bundesliga,FC Koln,RB Leipzig,A,0.2596762946655637,0.2614292068785505,0.4788944984558856,A,0.35,0.4,0.2499999999999999,1.0900000000000003,3.14,3.81,2.05,3.25,3.8,2.1,0.29798671545044236,0.2455848521035142,0.4564284324460435,-0.038310420784878674,0.01584435477503629,0.022466066009842134
2026-02-08,La Liga,Alaves,Getafe,A,0.4648714392196498,0.2834913763810494,0.2516371843993006,H,0.35,0.4,0.2499999999999999,1.0900000000000003,2.3,2.78,3.69,2.3,2.8,3.9,0.4080559445010183,0.33760024185336046,0.25434381364562114,0.05681549471863151,-0.054108865472311085,-0.0027066292463205355
2026-02-08,Premier League,Liverpool,Man City,A,0.4260146378889281,0.2400507009002256,0.333934661210846,H,0.35,0.4,0.2499999999999999,1.0900000000000003,2.34,3.68,2.76,2.38,3.7,2.75,0.40262582056892776,0.2560175054704595,0.3413566739606127,0.023388817320000366,-0.01596680457023389,-0.0074220127497667265
2026-02-08,Serie A,Juventus,Lazio,D,0.6543011631984987,0.1923162668188904,0.1533825699826106,H,0.35,0.4,0.2499999999999999,1.0900000000000003,1.45,4.09,7.57,1.48,4.2,7.5,0.6468017456228862,0.22930624233574204,0.12389201204137183,0.007499417575612566,-0.036989975516851625,0.029490557941238768
2026-02-08,Ligue 1,Angers,Toulouse,H,0.3197796123878448,0.2828808075540034,0.3973395800581515,A,0.35,0.4,0.2499999999999999,1.0900000000000003,3.43,3.1,2.21,3.4,3.2,2.25,0.27333697729439876,0.30243413939347996,0.4242288833121212,0.04644263509344604,-0.01955333183947655,-0.02688930325396971
2026-02-08,La Liga,Sevilla,Girona,D,0.3650564815445805,0.2940273852823082,0.3409161331731111,H,0.35,0.4,0.2499999999999999,1.0900000000000003,2.09,3.33,3.51,2.15,3.3,3.5,0.4498285476776004,0.2823248242180735,0.26784662810432613,-0.08477206613301991,0.011702561064234729,0.07306950506878496
2026-02-08,Ligue 1,Paris SG,Marseille,H,0.6468832915457814,0.1988456608266135,0.1542710476276049,H,0.35,0.4,0.2499999999999999,1.0900000000000003,1.39,5.02,6.54,1.42,5.25,6.0,0.6713974870754532,0.18590488187945817,0.14269763104508865,-0.024514195529671823,0.01294077894715534,0.01157341658251626
2026-02-08,Serie A,Sassuolo,Inter,A,0.1212830268676795,0.1811923895663517,0.6975245835659686,A,0.35,0.4,0.2499999999999999,1.0900000000000003,6.87,4.42,1.44,7.5,4.5,1.44,0.13651631169165435,0.21218711794607814,0.6512965703622676,-0.015233284823974846,-0.030994728379726444,0.04622801320370096
2026-02-08,Bundesliga,Bayern Munich,Hoffenheim,H,0.7333220919406214,0.1643330909961783,0.1023448170632001,H,0.35,0.4,0.2499999999999999,1.0900000000000003,1.26,6.34,8.44,1.29,7.0,7.5,0.7418247555883347,0.14742889464373846,0.11074634976792676,-0.008502663647713349,0.016904196352439838,-0.008401532704726655
2026-02-08,La Liga,Ath Bilbao,Levante,H,0.5419519081899677,0.2517039777000433,0.2063441141099888,H,0.35,0.4,0.2499999999999999,1.0900000000000003,1.61,3.8,5.52,1.62,3.9,6.0,0.5829711071337252,0.24699565328560466,0.1700332395806699,-0.041019198943757496,0.004708324414438664,0.03631087452931889
2026-02-08,Ligue 1,Auxerre,Paris FC,D,0.4038647344143162,0.2713235383565128,0.3248117272291709,H,0.35,0.4,0.2499999999999999,1.0900000000000003,2.46,3.18,2.87,2.45,3.3,2.9,0.3801229508196721,0.29405737704918034,0.32581967213114754,0.023741783594644073,-0.02273383869266754,-0.0010079449019766429
2026-02-08,Serie A,Bologna,Parma,A,0.5864866414768135,0.2320752567758644,0.1814381017473219,H,0.35,0.4,0.2499999999999999,1.0900000000000003,1.59,3.91,5.63,1.6,3.9,5.75,0.5920434404912067,0.24075423794910966,0.1672023215596836,-0.00555679901439321,-0.008678981173245254,0.014235780187638297
2026-02-08,La Liga,Valencia,Real Madrid,A,0.1308617075938422,0.1943870126499493,0.6747512797562083,A,0.35,0.4,0.2499999999999999,1.0900000000000003,5.59,4.47,1.51,5.25,4.75,1.55,0.16799534072213831,0.2100881330283564,0.6219165262495054,-0.03713363312829612,-0.015701120378407124,0.05283475350670286
2026-02-08,Premier League,Brighton,Crystal Palace,A,0.5001403065366686,0.2451766764512152,0.2546830170121159,H,0.35,0.4,0.2499999999999999,1.0900000000000003,1.96,3.57,3.68,1.95,3.5,3.9,0.48039316064298154,0.263745264666735,0.25586157469028364,0.01974714589368709,-0.018568588215519793,-0.0011785576781677687
2026-02-08,Ligue 1,Nice,Monaco,D,0.4063227380870039,0.2622647946729959,0.33141246724,H,0.35,0.4,0.2499999999999999,1.0900000000000003,3.01,3.76,2.13,3.1,3.75,2.15,0.3111699957649674,0.24910151256716803,0.4397284916678647,0.09515274232203652,0.013163282105827873,-0.1083160244278647
2026-02-08,Ligue 1,Le Havre,Strasbourg,H,0.2808957705009893,0.2646302786486069,0.4544739508504036,A,0.35,0.4,0.2499999999999999,1.0900000000000003,3.91,3.47,1.91,4.0,3.5,1.91,0.2395828438194733,0.2699622245919714,0.4904549315885553,0.04131292668151598,-0.005331945943364502,-0.0359809807381517
2026-02-08,La Liga,Ath Madrid,Betis,A,0.5883293816709347,0.221126565868701,0.1905440524603641,H,0.35,0.4,0.2499999999999999,1.0900000000000003,1.47,4.47,6.15,1.48,4.75,6.25,0.6378025098661543,0.20974713411705748,0.1524503560167881,-0.04947312819521954,0.01137943175164352,0.03809369644357599
2026-02-08,Serie A,Lecce,Udinese,H,0.3034225884146661,0.2768453837474101,0.4197320278379237,A,0.35,0.4,0.2499999999999999,1.0900000000000003,3.04,2.86,2.59,3.1,2.88,2.63,0.3089583489743654,0.3284032800286961,0.3626383709969385,-0.005535760559699343,-0.05155789628128604,0.05709365684098516
2026-02-09,La Liga,Villarreal,Espanol,H,0.642045505677506,0.2076372495428814,0.1503172447796124,H,0.35,0.4,0.2499999999999999,1.0900000000000003,1.67,3.99,4.53,1.7,4.33,4.33,0.5595345338373098,0.23419114574143035,0.20627432042125987,0.08251097184019618,-0.02655389619854895,-0.05595707564164748
2026-02-09,Serie A,Roma,Cagliari,H,0.648859344349002,0.2127990981928284,0.1383415574581694,H,0.35,0.4,0.2499999999999999,1.0900000000000003,1.45,4.08,7.68,1.48,4.1,7.5,0.6475869252517237,0.23014731412132333,0.12226576062695303,0.0012724190972783767,-0.01734821592849492,0.016075796831216363
2026-02-09,Serie A,Atalanta,Cremonese,H,0.7225002729464741,0.1755207396510629,0.1019789874024628,H,0.35,0.4,0.2499999999999999,1.0900000000000003,1.34,4.88,8.42,1.36,5.0,8.5,0.6974789345392078,0.19152085497593005,0.11100021048486207,0.02502133840726628,-0.016000115324867142,-0.009021223082399263
2026-02-10,Premier League,Everton,Bournemouth,A,0.4490564790783343,0.2686882919798071,0.2822552289418583,H,0.35,0.4,0.2499999999999999,1.0900000000000003,2.41,3.35,2.91,2.38,3.4,3.0,0.392529122089301,0.2823866221597658,0.3250842557509332,0.05652735698903327,-0.013698330179958695,-0.04282902680907491
2026-02-10,Premier League,Tottenham,Newcastle,A,0.3512095207795594,0.2448025784625026,0.4039879007579378,A,0.35,0.4,0.2499999999999999,1.0900000000000003,3.18,3.48,2.2,3.2,3.6,2.2,0.297685703620754,0.27202314296379243,0.43029115341545354,0.05352381715880539,-0.027220564501289818,-0.026303252657515763
2026-02-10,Premier League,West Ham,Man United,D,0.2896775383188824,0.2631388087664911,0.4471836529146263,A,0.35,0.4,0.2499999999999999,1.0900000000000003,4.36,4.23,1.7,4.5,4.2,1.7,0.21760707866052567,0.22429476665718487,0.5580981546822894,0.0720704596583567,0.038844042109306226,-0.1109145017676631
2026-02-10,Premier League,Chelsea,Leeds,D,0.6837893905997606,0.1851230900608813,0.1310875193393579,H,0.35,0.4,0.2499999999999999,1.0900000000000003,1.55,4.28,5.66,1.55,4.33,5.5,0.6112465242557744,0.22136264313001178,0.16739083261421386,0.07254286634398621,-0.03623955306913049,-0.036303313274855975
2026-02-11,Premier League,Aston Villa,Brighton,H,0.5436299516117407,0.2412077271989872,0.2151623211892719,H,0.35,0.4,0.2499999999999999,1.0900000000000003,1.92,3.67,3.79,1.91,3.7,3.8,0.4926697954485079,0.2577455060657044,0.24958469848578763,0.05096015616323274,-0.0165377788667172,-0.03442237729651573
2026-02-11,Premier League,Nott'm Forest,Wolves,D,0.5866064476341262,0.2427694380381735,0.1706241143277002,H,0.35,0.4,0.2499999999999999,1.0900000000000003,1.69,3.72,5.09,1.7,3.8,5.0,0.5598086548780885,0.25432167385590576,0.18586967126600581,0.026797792756037664,-0.011552235817732265,-0.015245556938305621
2026-02-11,Premier League,Crystal Palace,Burnley,A,0.6342394715976908,0.2243794775456722,0.1413810508566368,H,0.35,0.4,0.2499999999999999,1.0900000000000003,1.55,3.98,6.18,1.57,4.0,6.25,0.6096608203368993,0.2374307214879884,0.1529084581751123,0.024578651260791506,-0.013051243942316215,-0.011527407318475513
2026-02-11,Premier League,Man City,Fulham,H,0.6679747476020763,0.1943013334964141,0.1377239189015093,H,0.35,0.4,0.2499999999999999,1.0900000000000003,1.34,5.33,8.08,1.36,5.5,7.0,0.7055924555752525,0.1773909738219209,0.11701657060282654,-0.037617707973176207,0.016910359674493197,0.020707348298682773
2026-02-11,Premier League,Sunderland,Liverpool,A,0.1925493529611627,0.2293248603193378,0.5781257867194992,A,0.35,0.4,0.2499999999999999,1.0900000000000003,4.65,3.83,1.72,4.75,3.8,1.73,0.20335174146707372,0.2468891900318258,0.5497590685011006,-0.010802388505911004,-0.017564329712488003,0.028366718218398645
2026-02-12,Premier League,Brentford,Arsenal,D,0.2196793365788141,0.2334264834217867,0.5468941799993989,A,0.35,0.4,0.2499999999999999,1.0900000000000003,4.83,3.86,1.69,4.75,3.9,1.7,0.19572215938241636,0.24490622534121018,0.5593716152763735,0.023957177196397755,-0.01147974191942347,-0.012477435276974536
2026-02-13,Bundesliga,Dortmund,Mainz,H,0.6908723925000438,0.189433704208635,0.1196939032913209,H,0.35,0.4,0.2499999999999999,1.0900000000000003,1.52,4.35,5.52,1.53,4.5,5.5,0.6154650590551181,0.21505905511811024,0.16947588582677167,0.07540733344492578,-0.025625350909475236,-0.04978198253545077
2026-02-13,La Liga,Elche,Osasuna,D,0.3218719814176229,0.2722768421355386,0.4058511764468382,A,0.35,0.4,0.2499999999999999,1.0900000000000003,2.77,3.11,2.64,2.7,3.3,2.55,0.34014558018717456,0.30295924666188856,0.3568951731509369,-0.018273598769551647,-0.03068240452634996,0.04895600329590133
2026-02-13,Ligue 1,Monaco,Nantes,H,0.6331480248871211,0.2195146304547709,0.147337344658108,H,0.35,0.4,0.2499999999999999,1.0900000000000003,1.45,4.59,6.18,1.48,4.33,7.0,0.6449399422954935,0.203739197457182,0.15132086024732452,-0.011791917408372377,0.015775432997588906,-0.00398351558921653
2026-02-13,Ligue 1,Rennes,Paris SG,H,0.1290107603157219,0.1768583189872141,0.6941309206970638,A,0.35,0.4,0.2499999999999999,1.0900000000000003,6.51,5.05,1.4,7.0,5.0,1.4,0.14411072269387173,0.18577441677962475,0.6701148605265035,-0.01509996237814984,-0.008916097792410649,0.02401606017056035
2026-02-13,Serie A,Pisa,Milan,A,0.143474856589031,0.2133293088054972,0.6431958346054716,A,0.35,0.4,0.2499999999999999,1.0900000000000003,6.42,4.21,1.49,6.5,4.2,1.5,0.14633435121270721,0.22315119591106425,0.6305144528762285,-0.002859494623676212,-0.009821887105567056,0.012681381729243046
2026-02-14,Ligue 1,Paris FC,Lens,A,0.2155584391824698,0.2408540276263163,0.5435875331912138,A,0.35,0.4,0.2499999999999999,1.0900000000000003,3.97,3.57,1.87,4.0,3.6,1.85,0.23612530815946126,0.2625819253201852,0.5012927665203535,-0.020566868976991448,-0.021727897693868903,0.042294766670860295
2026-02-14,Bundesliga,Ein Frankfurt,M'gladbach,H,0.5720014922349933,0.2251298039842821,0.2028687037807243,H,0.35,0.4,0.2499999999999999,1.0900000000000003,1.92,3.58,3.71,1.95,3.5,4.0,0.48689448872009566,0.2611277704867552,0.25197774079314916,0.08510700351489764,-0.03599796650247308,-0.04910903701242486
2026-02-14,Serie A,Lazio,Atalanta,A,0.3488774246558582,0.2636331933761628,0.3874893819679789,A,0.35,0.4,0.2499999999999999,1.0900000000000003,3.46,3.26,2.13,3.5,3.25,2.15,0.2713142553490771,0.2879593016895113,0.4407264429614116,0.07756316930678109,-0.02432610831334847,-0.05323706099343273
2026-02-14,Bundesliga,Hamburg,Union Berlin,H,0.3787129879337718,0.2693615221197247,0.3519254899465033,H,0.35,0.4,0.2499999999999999,1.0900000000000003,2.49,3.16,2.86,2.5,3.25,2.9,0.37613724331388326,0.296386625269484,0.32747613141663273,0.0025757446198885203,-0.02702510314975931,0.02444935852987057
2026-02-14,La Liga,Espanol,Celta,D,0.3527578473745892,0.2710803296305528,0.3761618229948578,A,0.35,0.4,0.2499999999999999,1.0900000000000003,2.41,3.16,2.97,2.35,3.2,3.0,0.3884843843781691,0.2962808121365151,0.3152348034853157,-0.03572653700357992,-0.025200482505962296,0.0609270195095421
2026-02-14,La Liga,Sevilla,Alaves,D,0.4345658596657341,0.2735764698272746,0.2918576705069911,H,0.35,0.4,0.2499999999999999,1.0900000000000003,2.09,3.12,3.71,2.1,3.1,3.6,0.4477850978146918,0.29995860718996975,0.2522562949953384,-0.013219238148957702,-0.026382137362695124,0.03960137551165266
2026-02-14,Serie A,Inter,Juventus,H,0.5633303986177396,0.2313328704540315,0.2053367309282287,H,0.35,0.4,0.2499999999999999,1.0900000000000003,1.94,3.41,3.92,1.95,3.4,4.1,0.48454004364311243,0.2756620776151431,0.2397978787417444,0.07879035497462716,-0.044329207161111606,-0.0344611478135157
2026-02-14,Bundesliga,Hoffenheim,Freiburg,H,0.4929758871279276,0.2525317943381124,0.2544923185339598,H,0.35,0.4,0.2499999999999999,1.0900000000000003,1.72,3.85,4.4,1.73,3.9,4.5,0.5441696113074205,0.24310954063604237,0.2127208480565371,-0.05119372417949286,0.009422253702070033,0.04177147047742272
2026-02-14,Bundesliga,Leverkusen,St Pauli,H,0.7123397895436167,0.1810540071216657,0.1066062033347175,H,0.35,0.4,0.2499999999999999,1.0900000000000003,1.45,4.21,6.77,1.45,3.75,6.5,0.641602153853773,0.2209793641539123,0.13741848199231474,0.0707376356898437,-0.03992535703224662,-0.03081227865759724
2026-02-14,Bundesliga,Werder Bremen,Bayern Munich,A,0.1097560273824631,0.17163741276194,0.7186065598555966,A,0.35,0.4,0.2499999999999999,1.0900000000000003,8.06,5.79,1.29,8.0,6.0,1.3,0.11573916964572109,0.1611153207848898,0.7231455095693892,-0.005983142263257996,0.010522091977050202,-0.004538949713792539
2026-02-14,Bundesliga,Stuttgart,FC Koln,H,0.6427792607455691,0.217114488228941,0.1401062510254897,H,0.35,0.4,0.2499999999999999,1.0900000000000003,1.43,4.77,6.21,1.45,4.75,6.5,0.6535673861673187,0.19593319962668046,0.1504994142060009,-0.010788125421749561,0.02118128860226054,-0.0103931631805112
2026-02-14,Serie A,Como,Fiorentina,A,0.5656122605582541,0.2262748952518908,0.208112844189855,H,0.35,0.4,0.2499999999999999,1.0900000000000003,1.72,3.77,4.55,1.73,3.75,4.75,0.545180349543445,0.24872949634342847,0.20609015411312642,0.020431911014809123,-0.022454601091537685,0.0020226900767285894
2026-02-14,Ligue 1,Lille,Brest,D,0.4746387215387004,0.2521294081629892,0.2732318702983102,H,0.35,0.4,0.2499999999999999,1.0900000000000003,1.73,3.77,4.48,1.73,3.6,5.0,0.541991714293966,0.2487123781773372,0.20929590752869667,-0.06735299275526557,0.003417029985651965,0.06393596276961352
2026-02-14,La Liga,Real Madrid,Sociedad,H,0.7484357453995614,0.1656997727396799,0.0858644818607585,H,0.35,0.4,0.2499999999999999,1.0900000000000003,1.34,5.27,7.59,1.33,5.25,8.0,0.6989011334627488,0.17770920661102155,0.12338965992622972,0.04953461193681252,-0.012009433871341652,-0.03752517806547122
2026-02-14,Ligue 1,Marseille,Strasbourg,D,0.5305860493905904,0.2391547064314163,0.2302592441779932,H,0.35,0.4,0.2499999999999999,1.0900000000000003,1.66,4.06,4.54,1.67,4.2,4.5,0.5635371953382006,0.23041175967029878,0.20605104499150065,-0.03295114594761017,0.008742946761117504,0.024208199186492557
2026-02-14,La Liga,Getafe,Villarreal,H,0.2052925959716993,0.2376330553809182,0.5570743486473824,A,0.35,0.4,0.2499999999999999,1.0900000000000003,3.23,3.07,2.31,3.25,3.1,2.25,0.28982267431168285,0.3049274390966566,0.40524988659166045,-0.08453007833998355,-0.0672943837157384,0.15182446205572192
2026-02-15,La Liga,Levante,Valencia,A,0.3821905087551969,0.2758510532413292,0.3419584380034738,H,0.35,0.4,0.2499999999999999,1.0900000000000003,2.69,3.25,2.56,2.63,3.25,2.6,0.347406352692608,0.2875455657671125,0.36504808154027946,0.03478415606258889,-0.011694512525783296,-0.02308964353680565
2026-02-15,La Liga,Vallecano,Ath Madrid,H,0.2071404929845033,0.2517477354055784,0.5411117716099183,A,0.35,0.4,0.2499999999999999,1.0900000000000003,4.1,3.45,1.86,4.2,3.3,1.83,0.2276500638569604,0.27054065559812684,0.5018092805449126,-0.02050957087245711,-0.018792920192548468,0.03930249106500572
2026-02-15,Ligue 1,Metz,Auxerre,A,0.3646032596827108,0.2862023070483835,0.3491944332689055,H,0.35,0.4,0.2499999999999999,1.0900000000000003,2.78,2.96,2.71,2.88,3.0,2.63,0.33726591602828765,0.31675650221575663,0.34597758175595555,0.02733734365442314,-0.03055419516737312,0.0032168515129499253
2026-02-15,Serie A,Torino,Bologna,A,0.3403315173722874,0.2713108429534536,0.3883576396742588,A,0.35,0.4,0.2499999999999999,1.0900000000000003,3.18,3.23,2.27,3.3,3.25,2.25,0.2953859665378836,0.2908134283561827,0.41380060510593386,0.04494555083440377,-0.01950258540272909,-0.02544296543167507
2026-02-15,Serie A,Udinese,Sassuolo,A,0.5053721583389105,0.261459618366912,0.2331682232941773,H,0.35,0.4,0.2499999999999999,1.0900000000000003,2.37,2.98,3.26,2.4,3.0,3.3,0.39646419301653635,0.31530877095610443,0.2882270360273593,0.10890796532237412,-0.05384915258919243,-0.05505881273318197
2026-02-15,Serie A,Cremonese,Genoa,D,0.3247720222246341,0.2810767380983905,0.3941512396769753,A,0.35,0.4,0.2499999999999999,1.0900000000000003,3.11,2.96,2.46,3.2,3.0,2.45,0.3016679233401553,0.3169551491850956,0.38137692747474916,0.023104098884478785,-0.035878411086705086,0.012774312202226135
2026-02-15,La Liga,Oviedo,Ath Bilbao,A,0.2849175945709735,0.2665612987733499,0.4485211066556765,A,0.35,0.4,0.2499999999999999,1.0900000000000003,3.55,3.1,2.16,3.6,3.1,2.15,0.26394418384642676,0.3022586621467145,0.4337971540068587,0.020973410724546726,-0.0356973633733646,0.014723952648817817
2026-02-15,Ligue 1,Le Havre,Toulouse,H,0.3530509722567347,0.2833672552692796,0.3635817724739856,A,0.35,0.4,0.2499999999999999,1.0900000000000003,3.28,3.15,2.25,3.4,3.1,2.3,0.28579205225911813,0.29758664489203407,0.41662130284884774,0.06725891999761657,-0.014219389622754486,-0.05303953037486214
2026-02-15,Bundesliga,Augsburg,Heidenheim,H,0.5378751307159231,0.2546029028374809,0.2075219664465958,H,0.35,0.4,0.2499999999999999,1.0900000000000003,1.81,3.67,4.06,1.85,3.6,4.2,0.5157295398300538,0.254351625910735,0.2299188342592112,0.022145590885869315,0.0002512769267458692,-0.022396867812615406
2026-02-15,Serie A,Napoli,Roma,D,0.4681706627103308,0.263369498147687,0.268459839141982,H,0.35,0.4,0.2499999999999999,1.0900000000000003,2.27,3.0,3.43,2.3,3.0,3.5,0.41348383234014163,0.3128694331373738,0.2736467345224844,0.05468683037018918,-0.0494999349896868,-0.0051868953805023765
2026-02-15,La Liga,Mallorca,Betis,A,0.2802913087656125,0.2744759702614695,0.4452327209729179,A,0.35,0.4,0.2499999999999999,1.0900000000000003,2.93,3.21,2.41,2.88,3.2,2.45,0.31963789164018885,0.29175670483045274,0.38860540352935824,-0.039346582874576375,-0.017280734568983214,0.056627317443559644
2026-02-15,Ligue 1,Lyon,Nice,H,0.5778929190505091,0.2278197748768434,0.1942873060726474,H,0.35,0.4,0.2499999999999999,1.0900000000000003,1.59,4.05,5.26,1.62,3.9,5.5,0.5900143743820262,0.23163527290553623,0.1783503527124376,-0.012121455331517095,-0.0038154980286928264,0.01593695336020981
2026-02-15,Bundesliga,RB Leipzig,Wolfsburg,D,0.6459884343629747,0.2091671243789759,0.1448444412580491,H,0.35,0.4,0.2499999999999999,1.0900000000000003,1.44,4.81,6.03,1.44,4.75,6.5,0.650118012547659,0.19462992475439272,0.15525206269794842,-0.0041295781846842905,0.014537199624583164,-0.010407621439899317
2026-02-15,Serie A,Parma,Verona,H,0.4834852866190184,0.2747306317519173,0.241784081629064,H,0.35,0.4,0.2499999999999999,1.0900000000000003,2.33,2.94,3.38,2.3,3.0,3.5,0.4029226203026421,0.3193230290153592,0.27775435068199883,0.08056266631637632,-0.044592397263441885,-0.03597026905293482
2026-02-15,Ligue 1,Lorient,Angers,H,0.4888582362472429,0.2729317286975622,0.2382100350551946,H,0.35,0.4,0.2499999999999999,1.0900000000000003,1.93,3.11,4.41,1.91,3.2,4.5,0.4858565927584338,0.30151229068288654,0.2126311165586796,0.0030016434888091026,-0.028580561985324326,0.025578918496515002
2026-02-16,Serie A,Cagliari,Lecce,A,0.4863063405915098,0.2794599817209795,0.2342336776875105,H,0.35,0.4,0.2499999999999999,1.0900000000000003,2.15,3.0,3.73,2.2,3.0,3.75,0.436095792981157,0.31253531830316256,0.25136888871568036,0.05021054761035276,-0.033075336582183035,-0.017135211028169867
2026-02-16,La Liga,Girona,Barcelona,H,0.1268866221624041,0.1956511103858412,0.6774622674517545,A,0.35,0.4,0.2499999999999999,1.0900000000000003,6.57,5.37,1.37,7.0,5.0,1.36,0.14246872984796285,0.1743053175234853,0.6832259526285518,-0.01558210768555876,0.02134579286235591,-0.005763685176797262
2026-02-18,Premier League,Wolves,Arsenal,D,0.0980231674401254,0.1728188834451811,0.7291579491146932,A,0.35,0.4,0.2499999999999999,1.0900000000000003,10.94,5.48,1.28,11.0,5.25,1.29,0.08663089980338105,0.1729456284395965,0.7404234717570225,0.01139226763674435,-0.00012674499441539533,-0.011265522642329273
2026-02-18,Serie A,Milan,Como,D,0.5836566290512615,0.2278767369051764,0.188466634043562,H,0.35,0.4,0.2499999999999999,1.0900000000000003,2.25,3.3,3.16,2.25,3.3,3.25,0.41773825261386854,0.2848215358730922,0.2974402115130393,0.16591837643739293,-0.05694479896791582,-0.10897357746947728
2026-02-18,La Liga,Levante,Villarreal,A,0.1950485675061514,0.2271368488578884,0.5778145836359599,A,0.35,0.4,0.2499999999999999,1.0900000000000003,3.97,3.84,1.81,4.0,4.0,1.8,0.23656184800329463,0.24457045223257284,0.5188676997641325,-0.04151328049714323,-0.017433603374684442,0.05894688387182745
2026-02-20,Bundesliga,Mainz,Hamburg,D,0.4831430161345172,0.2802260689009973,0.2366309149644853,H,0.35,0.4,0.2499999999999999,1.0900000000000003,2.05,3.45,3.5,2.1,3.4,3.5,0.45873302307911484,0.2725804919745465,0.2686864849463387,0.024409993055402368,0.007645576926450848,-0.03205556998185338
2026-02-20,Ligue 1,Brest,Marseille,H,0.3415044167321799,0.2444008798945561,0.4140947033732638,A,0.35,0.4,0.2499999999999999,1.0900000000000003,3.71,3.66,1.91,3.8,3.6,1.9,0.25277614055895253,0.25622936652287265,0.4909944929181748,0.08872827617322737,-0.011828486628316537,-0.076899789544911
2026-02-20,Serie A,Sassuolo,Verona,H,0.5330703329764366,0.2631146427873027,0.2038150242362606,H,0.35,0.4,0.2499999999999999,1.0900000000000003,1.74,3.39,5.12,1.75,3.3,5.25,0.5396310183371574,0.2769787527748242,0.18339022888801837,-0.006560685360720853,-0.013864109987521522,0.020424795348242236
2026-02-20,La Liga,Ath Bilbao,Elche,H,0.6127636145031226,0.2218813707497943,0.165355014747083,H,0.35,0.4,0.2499999999999999,1.0900000000000003,1.66,3.83,5.03,1.67,3.8,5.25,0.567073368165428,0.24578114651556404,0.18714548531900801,0.045690246337694584,-0.023899775765769737,-0.021790470571925014
2026-02-21,Ligue 1,Paris SG,Metz,H,0.8664373445929809,0.0912203999320946,0.0423422554749243,H,0.35,0.4,0.2499999999999999,1.0900000000000003,1.13,8.92,15.03,1.14,9.0,13.0,0.8320404937346049,0.10540423295068425,0.06255527331471082,0.03439685085837607,-0.01418383301858965,-0.020213017839786525
2026-02-21,Bundesliga,RB Leipzig,Dortmund,D,0.3155450977213387,0.2501482388263041,0.4343066634523571,A,0.35,0.4,0.2499999999999999,1.0900000000000003,2.14,3.88,2.92,2.15,3.8,3.1,0.4377472799208704,0.24143793273986153,0.320814787339268,-0.12220218219953172,0.008710306086442576,0.11349187611308909
2026-02-21,Premier League,Man City,Newcastle,H,0.6614802182433646,0.1894034713405317,0.1491163104161036,H,0.35,0.4,0.2499999999999999,1.0900000000000003,1.46,4.92,5.82,1.45,5.0,5.5,0.6461588453518914,0.1917463240271873,0.16209483062092123,0.015321372891473173,-0.0023428526866556,-0.012978520204817628
2026-02-21,La Liga,Osasuna,Real Madrid,H,0.1648093311631053,0.2143830529069751,0.6208076159299194,A,0.35,0.4,0.2499999999999999,1.0900000000000003,4.67,3.98,1.68,4.75,4.0,1.7,0.20189259207816757,0.23689407160930714,0.5612133363125253,-0.037083260915062255,-0.022511018702332047,0.05959427961739405
2026-02-21,Premier League,Aston Villa,Leeds,D,0.6542194057651451,0.2057021751510028,0.1400784190838519,H,0.35,0.4,0.2499999999999999,1.0900000000000003,1.84,3.62,4.24,1.85,3.6,4.33,0.5148668956633748,0.2617003005581795,0.22343280377844565,0.1393525101017703,-0.05599812540717669,-0.08335438469459375
2026-02-21,Bundesliga,FC Koln,Hoffenheim,D,0.2540076261908745,0.2623408182045237,0.4836515556046016,A,0.35,0.4,0.2499999999999999,1.0900000000000003,3.22,3.7,2.05,3.3,3.8,2.05,0.29061302681992335,0.25291187739463594,0.45647509578544065,-0.03660540062904882,0.009428940809887765,0.027176459819160947
2026-02-21,Bundesliga,Union Berlin,Leverkusen,H,0.1876829090356033,0.2356519448766179,0.5766651460877786,A,0.35,0.4,0.2499999999999999,1.0900000000000003,2.89,3.35,2.36,3.0,3.3,2.38,0.323911520450346,0.2794341176422388,0.39665436190741526,-0.13622861141474268,-0.04378217276562091,0.18001078418036337
2026-02-21,Ligue 1,Lens,Monaco,A,0.5666546544325084,0.2331664658966079,0.2001788796708836,H,0.35,0.4,0.2499999999999999,1.0900000000000003,1.63,4.21,4.63,1.65,4.33,4.75,0.57496865920387,0.22261256876539387,0.20241877203073608,-0.008314004771361572,0.010553897131214018,-0.0022398923598524745
2026-02-21,Bundesliga,Bayern Munich,Ein Frankfurt,H,0.7610803681333019,0.1377023113757618,0.1012173204909361,H,0.35,0.4,0.2499999999999999,1.0900000000000003,1.14,8.63,14.22,1.14,9.5,13.0,0.8249013898187509,0.10896727513248852,0.06613133504876062,-0.06382102168544901,0.028735036243273282,0.03508598544217548
2026-02-21,La Liga,Sociedad,Oviedo,D,0.5714202319757827,0.2484009041471286,0.1801788638770885,H,0.35,0.4,0.2499999999999999,1.0900000000000003,1.46,4.06,7.52,1.48,3.9,7.5,0.6436021754711413,0.2314431468443021,0.1249546776845567,-0.07218194349535856,0.016957757302826504,0.055224186192531804
2026-02-21,Premier League,Brentford,Brighton,A,0.4542346979116033,0.2652733855566926,0.280491916531704,H,0.35,0.4,0.2499999999999999,1.0900000000000003,2.01,3.7,3.45,2.0,3.7,3.5,0.47039964623293357,0.25554142944005304,0.27405892432701345,-0.016164948321330253,0.009731956116639573,0.0064329922046905685
2026-02-21,Premier League,Chelsea,Burnley,D,0.764193775947577,0.1540895824861387,0.0817166415662841,H,0.35,0.4,0.2499999999999999,1.0900000000000003,1.2,6.7,12.88,1.22,6.5,12.0,0.7859953366365492,0.14077528417371027,0.0732293791897406,-0.02180156068897221,0.013314298312428419,0.0084872623765435
2026-02-21,La Liga,Betis,Vallecano,D,0.6075353551314363,0.2246366333588054,0.1678280115097581,H,0.35,0.4,0.2499999999999999,1.0900000000000003,1.88,3.45,4.19,1.9,3.4,4.33,0.5016013907636361,0.27333641003931475,0.22506219919704912,0.10593396436780023,-0.048699776680509343,-0.05723418768729102
2026-02-21,Premier League,West Ham,Bournemouth,D,0.3217196449998948,0.2681276856310928,0.4101526693690122,A,0.35,0.4,0.2499999999999999,1.0900000000000003,2.41,3.65,2.71,2.5,3.7,2.63,0.39222256147126583,0.25897434880705494,0.3488030897216792,-0.07050291647137102,0.00915333682403785,0.06134957964733295
2026-02-21,Serie A,Cagliari,Lazio,D,0.3076376860639745,0.2620427614785564,0.430319552457469,A,0.35,0.4,0.2499999999999999,1.0900000000000003,3.3,3.05,2.3,3.4,3.0,2.35,0.28435346574787185,0.3076611268747466,0.40798540737738137,0.023284220316102666,-0.04561836539619024,0.02233414508008763
2026-02-21,Serie A,Juventus,Como,A,0.5541738076823187,0.228434491840152,0.2173917004775292,H,0.35,0.4,0.2499999999999999,1.0900000000000003,2.05,3.4,3.56,2.0,3.4,3.7,0.45897163658425605,0.2767328985287426,0.26429546488700134,0.09520217109806267,-0.04829840668859062,-0.04690376440947214
2026-02-21,Ligue 1,Toulouse,Paris FC,D,0.5419546204642839,0.248871466903945,0.2091739126317709,H,0.35,0.4,0.2499999999999999,1.0900000000000003,1.9,3.28,4.21,1.85,3.4,4.5,0.4924714156306393,0.28527307612750447,0.22225550824185622,0.0494832048336446,-0.03640160922355948,-0.013081595610085317
2026-02-21,Bundesliga,Wolfsburg,Augsburg,A,0.4116638874978411,0.2770793766589702,0.3112567358431886,H,0.35,0.4,0.2499999999999999,1.0900000000000003,2.04,3.41,3.52,2.05,3.4,3.75,0.45918195589968014,0.27470122874936875,0.266116815350951,-0.04751806840183903,0.002378147909601447,0.045139920492237584
2026-02-21,La Liga,Ath Madrid,Espanol,H,0.6388472511142175,0.2073251732926679,0.1538275755931145,H,0.35,0.4,0.2499999999999999,1.0900000000000003,1.47,4.25,6.87,1.5,4.1,7.0,0.6410847555874661,0.22173990369731184,0.137175340715222,-0.0022375044732486637,-0.014414730404643944,0.016652234877892497
2026-02-21,Serie A,Lecce,Inter,A,0.0938658311554604,0.1633970877122926,0.7427370811322468,A,0.35,0.4,0.2499999999999999,1.0900000000000003,8.06,4.22,1.42,7.0,4.33,1.48,0.11646854859399658,0.22244940797810725,0.6610820434278962,-0.022602717438536174,-0.05905232026581464,0.08165503770435056
2026-02-22,Premier League,Sunderland,Fulham,A,0.3473241394270594,0.2699827194557027,0.3826931411172378,A,0.35,0.4,0.2499999999999999,1.0900000000000003,2.65,3.27,2.67,2.7,3.25,2.7,0.35677246147622377,0.28912752994250546,0.3541000085812708,-0.009448322049164348,-0.019144810486802777,0.028593132535967014
2026-02-22,Ligue 1,Angers,Lille,A,0.2776733157632763,0.2596751782470785,0.4626515059896451,A,0.35,0.4,0.2499999999999999,1.0900000000000003,4.12,3.44,1.87,4.2,3.5,1.85,0.2272271282232427,0.2721441186859767,0.5006287530907806,0.050446187540033605,-0.012468940438898235,-0.03797724710113548
2026-02-22,Serie A,Milan,Parma,A,0.7427481396963981,0.1679564891382691,0.0892953711653325,H,0.35,0.4,0.2499999999999999,1.0900000000000003,1.32,4.95,9.48,1.33,5.0,9.5,0.7112845138055222,0.18967587034813926,0.09903961584633852,0.031463625890875924,-0.02171938120987016,-0.009744244681006028
2026-02-22,Serie A,Roma,Cremonese,H,0.7087883923326834,0.1865865711885031,0.1046250364788131,H,0.35,0.4,0.2499999999999999,1.0900000000000003,1.35,4.62,9.29,1.36,4.5,10.0,0.6956399122828344,0.2032714029397893,0.10108868477737638,0.013148480049849032,-0.016684831751286183,0.0035363517014367213
2026-02-22,La Liga,Celta,Mallorca,H,0.5524439917347087,0.2412267539719723,0.2063292542933187,H,0.35,0.4,0.2499999999999999,1.0900000000000003,1.81,3.4,4.53,1.83,3.5,4.5,0.5176220706899275,0.2755576317496379,0.2068202975604346,0.03482192104478121,-0.03433087777766558,-0.0004910432671159093
2026-02-22,Bundesliga,Freiburg,M'gladbach,H,0.5283391704420007,0.2606328086871259,0.2110280208708732,H,0.35,0.4,0.2499999999999999,1.0900000000000003,1.96,3.27,3.95,1.95,3.25,4.33,0.47719237319757496,0.28602356313983085,0.23678406366259414,0.05114679724442578,-0.025390754452704944,-0.025756042791720946
2026-02-22,Premier League,Tottenham,Arsenal,A,0.1431522348808358,0.1997791725903181,0.657068592528846,A,0.35,0.4,0.2499999999999999,1.0900000000000003,5.83,3.98,1.56,6.0,4.0,1.57,0.16123821642818192,0.23618562858701017,0.602576154984808,-0.018085981547346114,-0.036406455996692066,0.054492437544037986
2026-02-22,La Liga,Getafe,Sevilla,A,0.4576240983814815,0.2785395950870875,0.2638363065314308,H,0.35,0.4,0.2499999999999999,1.0900000000000003,2.39,2.87,3.31,2.35,2.9,3.5,0.3914190004903193,0.32595519553026586,0.28262580397941484,0.06620509789116219,-0.047415600443178385,-0.018789497447984027
2026-02-22,Premier League,Nott'm Forest,Liverpool,A,0.2295435391802871,0.2422854333399384,0.5281710274797744,A,0.35,0.4,0.2499999999999999,1.0900000000000003,4.08,3.88,1.8,4.1,3.9,1.8,0.2315772720038198,0.2435142447875219,0.5249084832086583,-0.002033732823532697,-0.0012288114475834944,0.0032625442711160524
2026-02-22,La Liga,Villarreal,Valencia,H,0.6375771622653482,0.2101262123992942,0.1522966253353573,H,0.35,0.4,0.2499999999999999,1.0900000000000003,1.69,3.86,4.62,1.7,4.0,4.5,0.554439069281566,0.24274663914141104,0.20281429157702305,0.08313809298378216,-0.03262042674211685,-0.05051766624166576
2026-02-22,Ligue 1,Nice,Lorient,D,0.4694879142448891,0.2723534580928195,0.2581586276622911,H,0.35,0.4,0.2499999999999999,1.0900000000000003,2.07,3.46,3.39,2.05,3.6,3.4,0.4527170200201475,0.2708451535958686,0.27643782638398384,0.016770894224741595,0.0015083044969509407,-0.018279198721692758
2026-02-22,Bundesliga,St Pauli,Werder Bremen,H,0.3765650514609719,0.2750866177652956,0.3483483307737325,H,0.35,0.4,0.2499999999999999,1.0900000000000003,2.7,3.08,2.67,2.75,3.1,2.75,0.3462772542381445,0.3035547358581137,0.3501680099037417,0.03028779722282743,-0.02846811809281813,-0.0018196791300091886
2026-02-22,Serie A,Genoa,Torino,H,0.4708742213984393,0.254665746976369,0.2744600316251915,H,0.35,0.4,0.2499999999999999,1.0900000000000003,2.23,3.04,3.47,2.25,3.0,3.6,0.42083930088845095,0.3087077766385677,0.27045292247298147,0.05003492050998837,-0.054042029662198676,0.004007109152210031
2026-02-22,Ligue 1,Auxerre,Rennes,A,0.3283136732667425,0.2672526102332896,0.4044337164999677,A,0.35,0.4,0.2499999999999999,1.0900000000000003,2.91,3.33,2.36,2.9,3.4,2.35,0.3218616766393493,0.28126651021636834,0.39687181314428244,0.006451996627393208,-0.014013899983078726,0.00756190335568524
2026-02-22,Ligue 1,Strasbourg,Lyon,H,0.3506136458327043,0.2443258938706464,0.4050604602966491,A,0.35,0.4,0.2499999999999999,1.0900000000000003,2.34,3.47,2.85,2.3,3.6,2.9,0.4007366795930028,0.27023741505695287,0.3290259053500444,-0.050123033760298474,-0.025911521186306463,0.07603455494660472
2026-02-22,Bundesliga,Heidenheim,Stuttgart,D,0.1860531078367269,0.2329695017288047,0.5809773904344682,A,0.35,0.4,0.2499999999999999,1.0900000000000003,4.4,4.06,1.68,4.5,4.0,1.7,0.21263966480446925,0.2304469273743017,0.556913407821229,-0.026586556967742342,0.00252257435450301,0.024063982613239165
2026-02-22,La Liga,Barcelona,Levante,H,0.8309047024429207,0.1167281851071845,0.0523671124498946,H,0.35,0.4,0.2499999999999999,1.0900000000000003,1.1,9.98,17.54,1.11,11.0,15.0,0.8525627163683049,0.09396983847746847,0.053467445154226655,-0.021658013925384245,0.022758346629716028,-0.0011003327043320535
2026-02-22,Premier League,Crystal Palace,Wolves,H,0.5930290345163005,0.2353625568622622,0.1716084086214372,H,0.35,0.4,0.2499999999999999,1.0900000000000003,1.62,3.99,5.26,1.65,4.0,5.0,0.5834306301497815,0.23688160923374588,0.17968776061647265,0.009598404366519042,-0.0015190523714836701,-0.008079351995035455
2026-02-22,Serie A,Atalanta,Napoli,H,0.4284748321765174,0.2417882005205028,0.3297369673029796,H,0.35,0.4,0.2499999999999999,1.0900000000000003,2.42,3.16,2.98,2.45,3.2,3.0,0.38791214223335363,0.2970719570268088,0.31501590073983754,0.040562689943163754,-0.05528375650630599,0.014721066563142038
2026-02-22,Ligue 1,Nantes,Le Havre,H,0.336669742000859,0.2785321990260821,0.3847980589730587,A,0.35,0.4,0.2499999999999999,1.0900000000000003,2.4,3.2,2.95,2.4,3.3,2.9,0.39008264462809916,0.29256198347107437,0.3173553719008264,-0.05341290262724019,-0.014029784444992255,0.06744268707223228
2026-02-23,Premier League,Everton,Man United,A,0.3908487265816493,0.2761506748568867,0.3330005985614638,H,0.35,0.4,0.2499999999999999,1.0900000000000003,3.57,3.73,1.94,3.7,3.75,1.91,0.26334426324964244,0.25204799458477845,0.48460774216557917,0.12750446333200688,0.024102680272108268,-0.15160714360411537
2026-02-23,La Liga,Alaves,Girona,D,0.3665834158089936,0.2891324439642452,0.3442841402267609,H,0.35,0.4,0.2499999999999999,1.0900000000000003,2.29,2.96,3.4,2.3,3.0,3.5,0.4086339348069708,0.31613909145539293,0.2752269737376362,-0.04205051899797718,-0.02700664749114773,0.06905716648912469
2026-02-23,Serie A,Bologna,Udinese,H,0.5074769181123846,0.2538116666662371,0.2387114152213781,H,0.35,0.4,0.2499999999999999,1.0900000000000003,1.85,3.46,4.23,1.85,3.5,4.5,0.507090564508026,0.27113223824851107,0.22177719724346293,0.00038635360435856914,-0.017320571582273958,0.016934217977915167
2026-02-23,Serie A,Fiorentina,Pisa,H,0.5952374846440321,0.2298444969937867,0.1749180183621809,H,0.35,0.4,0.2499999999999999,1.0900000000000003,1.64,3.88,5.0,1.67,4.0,5.0,0.5712064823102652,0.24143779149196778,0.187355726197767,0.024031002333766982,-0.011593294498181084,-0.012437707835586093
2026-02-27,La Liga,Levante,Alaves,H,0.3612758975610127,0.2832168876855231,0.3555072147534641,H,0.35,0.4,0.2499999999999999,1.0900000000000003,2.63,3.08,2.81,2.63,3.1,2.8,0.35844360232755584,0.30607359549398433,0.3354828021784597,0.0028322952334568496,-0.02285670780846122,0.02002441257500437
2026-02-27,Bundesliga,Augsburg,FC Koln,H,0.4887745752847828,0.2717555382233626,0.2394698864918544,H,0.35,0.4,0.2499999999999999,1.0900000000000003,2.19,3.4,3.18,2.2,3.5,3.25,0.4286699812070319,0.2761138996598235,0.2952161191331446,0.06010459407775087,-0.0043583614364609,-0.055746232641290194
2026-02-27,Premier League,Wolves,Aston Villa,H,0.1647415586251458,0.2274726737557764,0.6077857676190774,A,0.35,0.4,0.2499999999999999,1.0900000000000003,4.17,3.64,1.84,4.1,3.7,1.85,0.22665926657912908,0.2596618520975187,0.5136788813233523,-0.06191770795398327,-0.032189178341742286,0.09410688629572517
2026-02-27,Ligue 1,Strasbourg,Lens,D,0.361846543613846,0.2379666132894165,0.4001868430967373,A,0.35,0.4,0.2499999999999999,1.0900000000000003,2.23,3.54,2.99,2.2,3.6,3.1,0.42091742389596964,0.26515419640904303,0.3139283796949874,-0.05907088028212365,-0.02718758311962652,0.08625846340174992
2026-02-27,Serie A,Parma,Cagliari,D,0.4198018536375471,0.294951488692484,0.2852466576699686,H,0.35,0.4,0.2499999999999999,1.0900000000000003,2.28,2.92,3.52,2.25,3.0,3.7,0.4117684763797192,0.32151785141978073,0.26671367220049996,0.008033377257827878,-0.026566362727296733,0.018532985469468632
2026-02-28,Bundesliga,Leverkusen,Mainz,D,0.6673435314336931,0.2002756650428729,0.1323808035234339,H,0.35,0.4,0.2499999999999999,1.0900000000000003,1.67,3.97,4.54,1.7,4.0,4.5,0.5591289106730157,0.23520032262567664,0.20567076670130754,0.10821462076067734,-0.03492465758280375,-0.07328996317787365
2026-02-28,Bundesliga,M'gladbach,Union Berlin,H,0.3896793868576483,0.2712549885628619,0.3390656245794895,H,0.35,0.4,0.2499999999999999,1.0900000000000003,2.36,3.22,2.97,2.38,3.3,3.0,0.3956428565518497,0.289974267534896,0.31438287591325426,-0.005963469694201418,-0.018719278972034126,0.024682748666235266
2026-02-28,La Liga,Oviedo,Ath Madrid,A,0.198940234866821,0.2253880929901146,0.575671672143064,A,0.35,0.4,0.2499999999999999,1.0900000000000003,5.33,3.6,1.67,5.75,3.6,1.67,0.17629929826310584,0.2610209054839873,0.5626797962529068,0.02264093660371516,-0.035632812493872706,0.012991875890157267
2026-02-28,Premier League,Bournemouth,Sunderland,D,0.6029380608794294,0.2308603590821048,0.1662015800384656,H,0.35,0.4,0.2499999999999999,1.0900000000000003,1.77,3.8,4.34,1.8,3.75,4.33,0.5337251373795299,0.24860355083204416,0.21767131178842578,0.06921292349989949,-0.017743191749939352,-0.05146973174996017
2026-02-28,Serie A,Como,Lecce,H,0.6748007998523675,0.2000662621750813,0.1251329379725509,H,0.35,0.4,0.2499999999999999,1.0900000000000003,1.37,4.49,9.12,1.38,4.5,9.5,0.6871238117611524,0.2096569314282358,0.10321925681061173,-0.012323011908784931,-0.009590669253154493,0.021913681161939175
2026-02-28,Premier League,Newcastle,Everton,A,0.4599531130485552,0.2549591153361092,0.2850877716153355,H,0.35,0.4,0.2499999999999999,1.0900000000000003,1.69,3.92,4.67,1.7,4.0,4.75,0.557722363550505,0.24044663122457993,0.20183100522491507,-0.09776925050194979,0.014512484111529278,0.08325676639042043
2026-02-28,Bundesliga,Dortmund,Bayern Munich,A,0.3191405124306689,0.2269485499009834,0.4539109376683474,A,0.35,0.4,0.2499999999999999,1.0900000000000003,4.37,4.51,1.61,4.5,4.75,1.6,0.21352722353736894,0.20689888400405818,0.5795738924585728,0.10561328889329993,0.020049665896925223,-0.12566295479022543
2026-02-28,La Liga,Barcelona,Villarreal,H,0.6315219465553397,0.2075848900560026,0.1608931633886576,H,0.35,0.4,0.2499999999999999,1.0900000000000003,1.29,6.15,8.02,1.3,6.5,7.0,0.7296053536640025,0.15303917174415663,0.11735547459184081,-0.09808340710866281,0.054545718311845987,0.0435376887968168
2026-02-28,Bundesliga,Werder Bremen,Heidenheim,H,0.5092252760539167,0.2607679387610449,0.2300067851850384,H,0.35,0.4,0.2499999999999999,1.0900000000000003,1.77,3.82,4.1,1.75,4.0,4.33,0.527688306087519,0.244504791040552,0.22780690287192895,-0.01846303003360239,0.01626314772049292,0.0021998823131094414
2026-02-28,La Liga,Vallecano,Ath Bilbao,D,0.3446734073232171,0.2680164181714934,0.3873101745052891,A,0.35,0.4,0.2499999999999999,1.0900000000000003,2.41,3.09,3.1,2.4,3.1,3.2,0.39102906898423884,0.304977364482853,0.30399356653290827,-0.04635566166102173,-0.0369609463113596,0.08331660797238083
2026-02-28,Premier League,Liverpool,West Ham,H,0.676997792822055,0.2017054585285838,0.121296748649361,H,0.35,0.4,0.2499999999999999,1.0900000000000003,1.41,5.02,6.68,1.42,4.75,6.5,0.6702617997785355,0.18826078439994723,0.14147741582151724,0.0067359930435194615,0.013444674128636563,-0.020180667172156233
2026-02-28,Ligue 1,Rennes,Toulouse,H,0.4931863988412362,0.2618148004936218,0.2449988006651418,H,0.35,0.4,0.2499999999999999,1.0900000000000003,1.98,3.45,3.64,1.95,3.5,3.7,0.4721727164030952,0.2709860807182981,0.2568412028786067,0.021013682438141,-0.009171280224676281,-0.011842402213464887
2026-02-28,Serie A,Verona,Napoli,A,0.1301209795749098,0.1975105570642112,0.6723684633608789,A,0.35,0.4,0.2499999999999999,1.0900000000000003,7.14,3.87,1.5,7.5,4.0,1.5,0.13149310935333933,0.24259969012476557,0.6259072005218952,-0.001372129778429515,-0.04508913306055437,0.046461262838983663
2026-02-28,Bundesliga,Hoffenheim,St Pauli,A,0.6726989682659377,0.1966639264707886,0.1306371052632734,H,0.35,0.4,0.2499999999999999,1.0900000000000003,1.47,4.33,6.29,1.48,4.75,6.0,0.6356486203266966,0.21579756856356672,0.1485538111097367,0.03705034793924111,-0.019133642092778125,-0.017916705846463293
2026-02-28,Premier League,Burnley,Brentford,A,0.2335331504159727,0.2522506542501371,0.51421619533389,A,0.35,0.4,0.2499999999999999,1.0900000000000003,4.58,3.81,1.73,4.5,3.9,1.73,0.20620688576389432,0.24788124325423516,0.5459118709818706,0.02732626465207838,0.0043694109959019345,-0.03169567564798059
2026-02-28,Serie A,Inter,Genoa,H,0.8114738309505485,0.1288528572450924,0.0596733118043588,H,0.35,0.4,0.2499999999999999,1.0900000000000003,1.3,5.13,9.77,1.33,5.5,9.0,0.7212552579432178,0.18277423690568875,0.09597050515109347,0.09021857300733072,-0.05392137966059635,-0.03629719334673467
2026-02-28,Ligue 1,Le Havre,Paris SG,A,0.1177221826603889,0.1863037710483329,0.6959740462912779,A,0.35,0.4,0.2499999999999999,1.0900000000000003,9.19,5.79,1.27,8.0,6.25,1.3,0.10179733562955201,0.1615747002479418,0.7366279641225062,0.015924847030836894,0.024729070800391106,-0.04065391783122829
2026-02-28,Premier League,Leeds,Man City,A,0.164226241950334,0.220128316480702,0.615645441568964,A,0.35,0.4,0.2499999999999999,1.0900000000000003,5.0,4.25,1.6,4.75,4.33,1.62,0.18862690707350901,0.2219140083217753,0.5894590846047156,-0.024400665123175014,-0.0017856918410733003,0.026186356964248314
2026-02-28,La Liga,Mallorca,Sociedad,A,0.3408441586733726,0.2656509669371893,0.3935048743894379,A,0.35,0.4,0.2499999999999999,1.0900000000000003,2.97,3.24,2.39,3.0,3.3,2.4,0.3165213552588015,0.2901445756539014,0.39333406908729723,0.024322803414571104,-0.02449360871671208,0.00017080530214064193
2026-02-28,Ligue 1,Monaco,Angers,H,0.6468486232336539,0.2095762848453982,0.1435750919209478,H,0.35,0.4,0.2499999999999999,1.0900000000000003,1.49,4.38,5.96,1.5,4.33,6.5,0.6288585786073223,0.2139267767408471,0.15721464465183058,0.01799004462633158,-0.004350491895448894,-0.01363955273088277
2026-03-01,Serie A,Torino,Lazio,H,0.2724607892649373,0.2692288523728456,0.4583103583622168,A,0.35,0.4,0.2499999999999999,1.0900000000000003,2.81,2.89,2.73,2.88,3.0,2.7,0.33315316760901786,0.32393093459561945,0.3429158977953627,-0.06069237834408059,-0.05470208222277384,0.1153944605668541
2026-03-01,La Liga,Betis,Sevilla,D,0.6258902262076743,0.2249510459820216,0.1491587278103039,H,0.35,0.4,0.2499999999999999,1.0900000000000003,1.77,3.63,4.42,1.75,3.8,4.5,0.5296453647860403,0.25825683076344114,0.21209780445051843,0.09624486142163402,-0.033305784781419545,-0.06293907664021453
2026-03-01,Bundesliga,Hamburg,RB Leipzig,A,0.2690737190509239,0.2540598492570174,0.4768664316920585,A,0.35,0.4,0.2499999999999999,1.0900000000000003,3.12,3.67,2.09,3.3,3.5,2.15,0.2991361659809293,0.2543064953298364,0.44655733868923425,-0.03006244693000537,-0.0002466460728189901,0.03030909300282425
2026-03-01,Premier League,Arsenal,Chelsea,H,0.6349344613729855,0.1982496252037938,0.1668159134232205,H,0.35,0.4,0.2499999999999999,1.0900000000000003,1.6,3.98,5.28,1.6,3.8,5.5,0.5864963829597213,0.2357774403858176,0.177726176654461,0.048438078413264196,-0.037527815182023805,-0.010910263231240502
2026-03-01,Ligue 1,Lille,Nantes,H,0.640205628285821,0.2134223101807355,0.1463720615334434,H,0.35,0.4,0.2499999999999999,1.0900000000000003,1.45,4.34,6.79,1.45,4.5,7.0,0.646140622841619,0.21587647537335194,0.1379829017850291,-0.0059349945557980455,-0.002454165192616431,0.00838915974841431
2026-03-01,Serie A,Roma,Juventus,D,0.4245539734879231,0.2503249035566118,0.3251211229554649,H,0.35,0.4,0.2499999999999999,1.0900000000000003,2.57,3.06,2.84,2.63,3.1,2.88,0.36432542111397115,0.30598572949768166,0.32968884938834714,0.06022855237395197,-0.05566082594106986,-0.004567726432882224
2026-03-01,Bundesliga,Stuttgart,Wolfsburg,H,0.6722372235678097,0.1901149175651369,0.1376478588670531,H,0.35,0.4,0.2499999999999999,1.0900000000000003,1.51,4.56,5.24,1.5,4.75,5.25,0.6175476320931242,0.20449493957469683,0.1779574283321789,0.05468959147468544,-0.014380022009559928,-0.04030956946512579
2026-03-01,Ligue 1,Marseille,Lyon,H,0.4209874341625106,0.254617259397888,0.3243953064396013,H,0.35,0.4,0.2499999999999999,1.0900000000000003,1.93,3.65,3.61,1.95,3.6,3.8,0.4846386129327689,0.25626096519458735,0.25910042187264376,-0.06365117877025828,-0.0016437057966993684,0.06529488456695753
2026-03-01,Ligue 1,Lorient,Auxerre,D,0.5240003984632489,0.2666543323756727,0.2093452691610783,H,0.35,0.4,0.2499999999999999,1.0900000000000003,2.03,3.22,3.73,2.05,3.25,3.9,0.4598397341409161,0.2898989628279688,0.2502613030311152,0.06416066432233275,-0.023244630452296078,-0.04091603387003692
2026-03-01,Premier League,Man United,Crystal Palace,H,0.5345179719023658,0.2479225056121038,0.2175595224855302,H,0.35,0.4,0.2499999999999999,1.0900000000000003,1.53,4.31,5.61,1.53,4.5,5.5,0.6143579111053518,0.2180899313204613,0.16755215757418684,-0.07983993920298593,0.02983257429164249,0.05000736491134336
2026-03-01,La Liga,Elche,Espanol,D,0.3608257028148605,0.2621074588341499,0.3770668383509893,A,0.35,0.4,0.2499999999999999,1.0900000000000003,2.38,3.17,3.0,2.38,3.3,3.0,0.39306291486530054,0.2951071726748944,0.31182991245980507,-0.032237212050440056,-0.032999713840744516,0.06523692589118424
2026-03-01,La Liga,Girona,Celta,A,0.3782291016269866,0.2709366261227146,0.3508342722502987,H,0.35,0.4,0.2499999999999999,1.0900000000000003,2.4,3.28,2.86,2.38,3.3,3.0,0.38897366151396534,0.28461487427851123,0.3264114642075234,-0.010744559886978755,-0.013678248155796657,0.024422808042775246
2026-03-01,Ligue 1,Paris FC,Nice,H,0.3228707131130253,0.2590920097257441,0.4180372771612303,A,0.35,0.4,0.2499999999999999,1.0900000000000003,2.36,3.34,2.89,2.4,3.4,2.9,0.39632278673312693,0.2800364600868801,0.32364075317999286,-0.07345207362010164,-0.020944450361136013,0.09439652398123743
2026-03-01,Serie A,Cremonese,Milan,A,0.1454330024085934,0.2131848030984023,0.6413821944930042,A,0.35,0.4,0.2499999999999999,1.0900000000000003,6.63,4.14,1.49,6.5,4.33,1.5,0.14182156774838775,0.2271200469014036,0.6310583853502086,0.003611434660205637,-0.013935243803001318,0.010323809142795515
2026-03-01,Serie A,Sassuolo,Atalanta,H,0.2115936415987493,0.2423574380356925,0.546048920365558,A,0.35,0.4,0.2499999999999999,1.0900000000000003,3.7,3.51,1.95,3.8,3.6,1.95,0.2530641672674837,0.26676279740447006,0.48017303532804617,-0.04147052566873441,-0.02440535936877755,0.0658758850375118
2026-03-01,Bundesliga,Ein Frankfurt,Freiburg,H,0.4804500437087518,0.2496345035897163,0.2699154527015318,H,0.35,0.4,0.2499999999999999,1.0900000000000003,2.18,3.44,3.1,2.2,3.5,3.2,0.4279087684381169,0.27117474278927184,0.3009164887726113,0.052541275270634846,-0.021540239199555528,-0.031001036071079513
2026-03-01,Ligue 1,Metz,Brest,A,0.207116815939128,0.2545374362068978,0.5383457478539738,A,0.35,0.4,0.2499999999999999,1.0900000000000003,3.38,3.35,2.09,3.6,3.4,2.1,0.27577229239779905,0.27824189501628677,0.44598581258591424,-0.06865547645867104,-0.023704458809388984,0.09235993526805958
2026-03-01,Premier League,Fulham,Tottenham,H,0.5351586890018192,0.2428863133764958,0.2219549976216848,H,0.35,0.4,0.2499999999999999,1.0900000000000003,2.08,3.57,3.3,2.1,3.6,3.3,0.45188833398540884,0.26328507974500015,0.28482658626959106,0.08327035501641034,-0.02039876636850435,-0.06287158864790626
2026-03-01,La Liga,Valencia,Osasuna,H,0.3741220684162261,0.2793862707378526,0.3464916608459211,H,0.35,0.4,0.2499999999999999,1.0900000000000003,2.33,3.12,3.13,2.35,3.2,3.25,0.4014123585483454,0.29977269083898866,0.298814950612666,-0.02729029013211931,-0.02038642010113606,0.04767671023325509
2026-03-01,Premier League,Brighton,Nott'm Forest,H,0.5097243169934689,0.2536228625502323,0.2366528204562987,H,0.35,0.4,0.2499999999999999,1.0900000000000003,2.05,3.54,3.42,2.0,3.6,3.5,0.4590290732062423,0.26582192092451884,0.27514900586923874,0.05069524378722656,-0.012199058374286531,-0.03849618541294003
2026-03-02,Serie A,Pisa,Bologna,A,0.2600255763290531,0.2576618795932657,0.482312544077681,A,0.35,0.4,0.2499999999999999,1.0900000000000003,3.8,3.32,1.98,4.2,3.2,2.0,0.2460769046478198,0.28165428845232393,0.4722688068998563,0.013948671681233288,-0.023992408859058234,0.010043737177824696
2026-03-02,La Liga,Real Madrid,Getafe,A,0.7967976210886987,0.1414899884524899,0.061712390458811,H,0.35,0.4,0.2499999999999999,1.0900000000000003,1.28,5.12,10.52,1.3,5.5,10.0,0.729036729036729,0.18225918225918225,0.0887040887040887,0.06776089205196967,-0.04076919380669236,-0.026991698245277702
2026-03-02,Serie A,Udinese,Fiorentina,H,0.3562422303454595,0.2654498382592783,0.3783079313952619,A,0.35,0.4,0.2499999999999999,1.0900000000000003,3.07,3.27,2.3,3.25,3.2,2.35,0.3054721801396375,0.286788866369629,0.4077389534907335,0.05077005020582198,-0.02133902811035071,-0.029431022095471604
2026-03-03,Premier League,Leeds,Sunderland,A,0.4700436017005593,0.2680497081608928,0.2619066901385477,H,0.35,0.4,0.2499999999999999,1.0900000000000003,1.86,3.43,4.31,1.85,3.4,4.33,0.506629608940462,0.2747320911455567,0.21863829991398134,-0.03658600723990274,-0.006682382984663893,0.04326839022456638
2026-03-03,Premier League,Wolves,Liverpool,H,0.1559073909645099,0.2161956754065292,0.6278969336289608,A,0.35,0.4,0.2499999999999999,1.0900000000000003,6.08,4.61,1.48,5.5,4.5,1.5,0.15559407069555303,0.20520866590649942,0.6391972633979476,0.0003133202689568626,0.010987009500029787,-0.011300329768986761
2026-03-03,Premier League,Bournemouth,Brentford,D,0.4552374115621667,0.2590795550526551,0.285683033385178,H,0.35,0.4,0.2499999999999999,1.0900000000000003,2.48,3.59,2.65,2.5,3.6,2.63,0.38071208186100114,0.26299887549172224,0.3562890426472765,0.07452532970116554,-0.00391932043906712,-0.07060600926209853
2026-03-03,Premier League,Everton,Burnley,H,0.6553357793804833,0.2086887238817466,0.1359754967377699,H,0.35,0.4,0.2499999999999999,1.0900000000000003,1.56,3.96,6.06,1.57,4.0,6.0,0.6055595930232558,0.23855377906976746,0.15588662790697674,0.04977618635722747,-0.02986505518802085,-0.01991113116920684
2026-03-04,Premier League,Fulham,West Ham,A,0.5415889402306622,0.2433238384303645,0.2150872213389731,H,0.35,0.4,0.2499999999999999,1.0900000000000003,2.03,3.56,3.52,2.0,3.5,3.7,0.4657815310962102,0.2656001427318277,0.2686183261719621,0.075807409134452,-0.022276304301463185,-0.05353110483298898
2026-03-04,Premier League,Man City,Nott'm Forest,D,0.7343114778278198,0.1680524159605967,0.0976361062115832,H,0.35,0.4,0.2499999999999999,1.0900000000000003,1.37,4.95,7.65,1.38,5.0,7.5,0.6868827034527794,0.19010693004652682,0.12301036650069383,0.04742877437504045,-0.02205451408593012,-0.025374260289110634
2026-03-04,La Liga,Vallecano,Oviedo,H,0.5242753844893266,0.2573448688433817,0.2183797466672915,H,0.35,0.4,0.2499999999999999,1.0900000000000003,1.68,3.63,5.22,1.67,3.75,5.25,0.5603342736998989,0.25932825890243255,0.1803374673976686,-0.03605888921057221,-0.001983390059050849,0.03804227926962292
2026-03-04,Premier League,Aston Villa,Chelsea,A,0.4466852636645426,0.2542392698615507,0.2990754664739065,H,0.35,0.4,0.2499999999999999,1.0900000000000003,2.67,3.57,2.46,2.7,3.4,2.55,0.35294968712699387,0.26397077440590294,0.3830795384671031,0.09373557653754871,-0.009731504544352232,-0.0840040719931966
2026-03-04,Premier League,Newcastle,Man United,H,0.3991862968480502,0.2592886620073614,0.3415250411445882,H,0.35,0.4,0.2499999999999999,1.0900000000000003,2.56,3.66,2.53,2.63,3.5,2.6,0.3688252304211709,0.2579761174530594,0.37319865212576975,0.030361066426879302,0.0013125445543020198,-0.031673610981181544
2026-03-04,Premier League,Brighton,Arsenal,A,0.2284390201745305,0.2253903110219445,0.5461706688035248,A,0.35,0.4,0.2499999999999999,1.0900000000000003,5.03,3.92,1.64,4.75,4.1,1.65,0.18690762771982464,0.2398330018955913,0.5732593703845841,0.04153139245470586,-0.014442690873646802,-0.02708870158105925
2026-03-04,Bundesliga,Hamburg,Leverkusen,A,0.1933543641308919,0.2341548932581897,0.5724907426109183,A,0.35,0.4,0.2499999999999999,1.0900000000000003,3.35,3.57,2.03,3.5,3.6,2.05,0.2786585201733372,0.2614862864371652,0.4598551933894975,-0.08530415604244529,-0.02733139317897551,0.11263554922142077
2026-03-05,Premier League,Tottenham,Crystal Palace,A,0.3298785864484658,0.2617867071901323,0.4083347063614017,A,0.35,0.4,0.2499999999999999,1.0900000000000003,2.34,3.32,2.97,2.35,3.25,3.1,0.40117173196631273,0.28275357012083485,0.3160746979128524,-0.07129314551784693,-0.020966862930702546,0.09226000844854926
2026-03-06,Bundesliga,Bayern Munich,M'gladbach,H,0.8275175207923076,0.1169018948234638,0.0555805843842284,H,0.35,0.4,0.2499999999999999,1.0900000000000003,1.19,7.43,11.55,1.2,8.5,9.5,0.7916454110460348,0.1267911223613434,0.08156346659262176,0.03587210974627275,-0.009889227537879602,-0.025982882208393357
2026-03-06,Ligue 1,Paris SG,Monaco,A,0.6900961950736698,0.1835231441189329,0.1263806608073972,H,0.35,0.4,0.2499999999999999,1.0900000000000003,1.34,5.55,7.27,1.36,5.5,7.0,0.701380040432977,0.16934220796039445,0.12927775160662852,-0.011283845359307154,0.014180936158538437,-0.002897090799231311
2026-03-06,Serie A,Napoli,Torino,H,0.693315428627231,0.1848791244922246,0.1218054468805442,H,0.35,0.4,0.2499999999999999,1.0900000000000003,1.56,3.75,6.32,1.57,3.8,6.25,0.6013824183185652,0.2501750860205232,0.14844249566091167,0.09193301030866574,-0.06529596152829859,-0.02663704878036746
2026-03-06,La Liga,Celta,Real Madrid,A,0.2125266098050049,0.2292799542644233,0.5581934359305716,A,0.35,0.4,0.2499999999999999,1.0900000000000003,3.15,3.33,2.25,3.1,3.3,2.3,0.29886914378029084,0.2827140549273021,0.41841680129240716,-0.08634253397528593,-0.05343410066287882,0.13977663463816442
2026-03-07,Ligue 1,Toulouse,Marseille,A,0.3004312564823661,0.2296549469273742,0.4699137965902595,A,0.35,0.4,0.2499999999999999,1.0900000000000003,2.93,3.46,2.28,2.9,3.5,2.35,0.31929412717043754,0.27038491115878094,0.4103209616707816,-0.01886287068807141,-0.040729964231406734,0.05959283491947792
2026-03-07,La Liga,Osasuna,Mallorca,D,0.5336644128871174,0.2624247712657017,0.2039108158471807,H,0.35,0.4,0.2499999999999999,1.0900000000000003,1.74,3.55,4.93,1.73,3.6,5.0,0.542569450687764,0.2659354490694956,0.19149510024274027,-0.008905037800646554,-0.003510677803793938,0.012415715604440436
2026-03-07,Ligue 1,Nantes,Angers,A,0.4133622246331759,0.2881434434252234,0.2984943319416005,H,0.35,0.4,0.2499999999999999,1.0900000000000003,2.17,3.15,3.42,2.2,3.0,3.6,0.4304052353385352,0.2965013843443242,0.2730933803171407,-0.017043010705359296,-0.008357940919100804,0.025400951624459822
2026-03-07,La Liga,Levante,Girona,D,0.3383551777870642,0.2750820615210356,0.3865627606919001,A,0.35,0.4,0.2499999999999999,1.0900000000000003,2.78,3.35,2.46,2.8,3.4,2.45,0.3378455937817717,0.28036141812338067,0.3817929880948477,0.000509584005292496,-0.0052793566023450755,0.004769772597052413
2026-03-07,Bundesliga,Heidenheim,Hoffenheim,A,0.2275036896307823,0.2425408587365039,0.5299554516327136,A,0.35,0.4,0.2499999999999999,1.0900000000000003,4.87,4.31,1.58,5.0,4.5,1.57,0.19185723824522952,0.21678532488498095,0.5913574368697897,0.03564645138555278,0.02575553385152296,-0.06140198523707607
2026-03-07,Serie A,Juventus,Pisa,H,0.7510235406055489,0.1582145839410537,0.0907618754533972,H,0.35,0.4,0.2499999999999999,1.0900000000000003,1.23,5.94,12.02,1.25,6.25,11.0,0.763708476664784,0.15814165425886942,0.07814986907634647,-0.012684936059235152,7.292968218428064e-05,0.012612006377050733
2026-03-07,Bundesliga,Mainz,Stuttgart,D,0.2775085193355158,0.261046401917052,0.4614450787474321,A,0.35,0.4,0.2499999999999999,1.0900000000000003,3.05,3.65,2.12,3.2,3.6,2.15,0.3054091922720186,0.25520494148757716,0.4393858662404041,-0.027900672936502835,0.00584146042947481,0.022059212507028025
2026-03-07,Serie A,Atalanta,Udinese,D,0.6353078531310907,0.21636352222698,0.148328624641929,H,0.35,0.4,0.2499999999999999,1.0900000000000003,1.65,3.7,5.28,1.67,3.7,5.5,0.5686839577329491,0.2536023054755043,0.17771373679154656,0.06662389539814162,-0.03723878324852428,-0.02938511214961756
2026-03-07,La Liga,Ath Bilbao,Barcelona,A,0.1940098339524988,0.2128686736086554,0.5931214924388457,A,0.35,0.4,0.2499999999999999,1.0900000000000003,4.75,4.31,1.61,4.75,4.5,1.62,0.19792578816912015,0.21813166909589812,0.5839425427349818,-0.003915954216621359,-0.005262995487242711,0.009178949703863903
2026-03-07,Bundesliga,Freiburg,Leverkusen,D,0.2546791500345217,0.2598397623867748,0.4854810875787032,A,0.35,0.4,0.2499999999999999,1.0900000000000003,2.86,3.35,2.35,2.9,3.3,2.4,0.3256530641791971,0.27802022792612047,0.3963267078946824,-0.07097391414467541,-0.018180465539345658,0.08915437968402079
2026-03-07,Serie A,Cagliari,Como,A,0.2646371136320663,0.2546276890169602,0.4807351973509733,A,0.35,0.4,0.2499999999999999,1.0900000000000003,5.58,3.84,1.6,5.75,4.0,1.57,0.16833245660178853,0.24460810099947397,0.5870594423987375,0.0963046570302778,0.01001958801748623,-0.10632424504776422
2026-03-07,La Liga,Ath Madrid,Sociedad,H,0.591335870251817,0.2292934536921587,0.179370676056024,H,0.35,0.4,0.2499999999999999,1.0900000000000003,1.6,3.98,5.32,1.62,3.9,5.25,0.5872811591630239,0.23609292830674328,0.17662591253023274,0.004054711088793073,-0.0067994746145845775,0.002744763525791255
2026-03-07,Bundesliga,RB Leipzig,Augsburg,H,0.5973851603744349,0.2323931994935029,0.1702216401320619,H,0.35,0.4,0.2499999999999999,1.0900000000000003,1.41,4.88,6.35,1.42,5.0,6.5,0.6618213970693452,0.19122298562864276,0.14695561730201206,-0.06443623669491028,0.04117021386486014,0.023266022830049832
2026-03-07,Bundesliga,Wolfsburg,Hamburg,A,0.3998850187852977,0.2780362392945474,0.3220787419201546,H,0.35,0.4,0.2499999999999999,1.0900000000000003,2.3,3.52,2.82,2.3,3.5,3.0,0.4050203195639046,0.2646439588059604,0.33033572163013497,-0.0051353007786069105,0.013392280488586983,-0.00825697970998035
2026-03-07,Bundesliga,FC Koln,Dortmund,A,0.1499964560013226,0.2064646401067396,0.6435389038919377,A,0.35,0.4,0.2499999999999999,1.0900000000000003,4.1,3.97,1.73,4.1,4.0,1.75,0.2271339799789008,0.23457161660289502,0.5382944034182042,-0.0771375239775782,-0.028106976496155428,0.10524450047373346
2026-03-07,Ligue 1,Auxerre,Strasbourg,D,0.2618313353233312,0.2616517430048689,0.4765169216717997,A,0.35,0.4,0.2499999999999999,1.0900000000000003,3.51,3.32,2.07,3.6,3.3,2.1,0.2664619464703214,0.28171127473217716,0.4518267787975015,-0.0046306111469902045,-0.02005953172730829,0.024690142874298215
2026-03-08,Serie A,Bologna,Verona,A,0.649660999188787,0.2148642610988753,0.1354747397123377,H,0.35,0.4,0.2499999999999999,1.0900000000000003,1.54,3.89,6.2,1.55,3.9,6.5,0.6081711493168855,0.24076698456246878,0.15106186612064576,0.04148984987190141,-0.025902723463593486,-0.01558712640830806
2026-03-08,La Liga,Getafe,Betis,H,0.2762573857076518,0.2761496124360286,0.4475930018563195,A,0.35,0.4,0.2499999999999999,1.0900000000000003,2.8,2.84,2.72,2.8,2.9,2.8,0.33163896139579613,0.3269679901085314,0.3413930484956724,-0.055381575688144336,-0.0508183776725028,0.10619995336064708
2026-03-08,Serie A,Fiorentina,Parma,D,0.502019509226568,0.2658554335218056,0.2321250572516262,H,0.35,0.4,0.2499999999999999,1.0900000000000003,1.7,3.64,4.89,1.7,3.6,5.25,0.5510609710036346,0.25736364030389525,0.1915753886924701,-0.049041461777066586,0.008491793217910326,0.040549668559156093
2026-03-08,Bundesliga,Union Berlin,Werder Bremen,A,0.4475504839891924,0.2692722432456315,0.2831772727651759,H,0.35,0.4,0.2499999999999999,1.0900000000000003,2.2,3.3,3.2,2.25,3.4,3.25,0.4247787610619469,0.2831858407079646,0.2920353982300885,0.022771722927245497,-0.013913597462333116,-0.008858125464912603
2026-03-08,Ligue 1,Lyon,Paris FC,D,0.6445139010277103,0.2094140987068202,0.1460720002654691,H,0.35,0.4,0.2499999999999999,1.0900000000000003,1.64,3.86,4.97,1.67,3.8,5.25,0.5698491626417627,0.24211207946437588,0.18803875789386135,0.07466473838594767,-0.03269798075755567,-0.04196675762839225
2026-03-08,Ligue 1,Nice,Rennes,A,0.4001748712582563,0.2609256533951551,0.3388994753465884,H,0.35,0.4,0.2499999999999999,1.0900000000000003,2.74,3.56,2.36,2.88,3.5,2.35,0.34121775294041196,0.26262265254402495,0.3961595945155631,0.05895711831784434,-0.0016969991488698377,-0.05726011916897472
2026-03-08,Ligue 1,Lens,Metz,H,0.7882773860100876,0.1421398445941109,0.0695827693958013,H,0.35,0.4,0.2499999999999999,1.0900000000000003,1.26,5.74,9.96,1.27,5.75,11.0,0.7429319943237638,0.1630826329003384,0.09398537277589783,0.04534539168632379,-0.020942788306227506,-0.024402603380096533
2026-03-08,Serie A,Milan,Inter,H,0.2710465579581214,0.2487167889911024,0.480236653050776,A,0.35,0.4,0.2499999999999999,1.0900000000000003,3.41,3.14,2.19,3.6,3.0,2.25,0.27449415014430045,0.29809715031594414,0.4274086995397556,-0.0034475921861790715,-0.04938036132484175,0.05282795351102043
2026-03-08,Bundesliga,St Pauli,Ein Frankfurt,D,0.253582101249253,0.2646728053317367,0.48174509341901,A,0.35,0.4,0.2499999999999999,1.0900000000000003,2.64,3.3,2.56,2.63,3.4,2.6,0.3532008830022075,0.282560706401766,0.36423841059602646,-0.09961878175295447,-0.0178879010700293,0.11750668282298354
2026-03-08,Serie A,Genoa,Roma,H,0.2266775827427317,0.2338128716194682,0.5395095456378,A,0.35,0.4,0.2499999999999999,1.0900000000000003,4.22,3.32,1.89,4.2,3.4,1.91,0.2220303598598776,0.2822193128339408,0.4957503273061818,0.004647222882854102,-0.0484064412144726,0.043759218331618166
2026-03-08,La Liga,Villarreal,Elche,H,0.7032132697287916,0.1893699552079292,0.1074167750632791,H,0.35,0.4,0.2499999999999999,1.0900000000000003,1.47,4.49,5.99,1.5,4.5,6.0,0.6358074452668633,0.2081596758446078,0.15603287888852904,0.06740582446192833,-0.01878972063667858,-0.048616103825249946
2026-03-08,La Liga,Valencia,Alaves,H,0.4913450386181133,0.2711713901900063,0.2374835711918803,H,0.35,0.4,0.2499999999999999,1.0900000000000003,2.06,3.1,3.85,2.05,3.1,4.1,0.45463202803595915,0.3021103154045406,0.2432576565595002,0.03671301058215415,-0.030938925214534285,-0.005774085367619919
2026-03-08,La Liga,Sevilla,Vallecano,D,0.3593873082004692,0.2802173535468364,0.3603953382526941,A,0.35,0.4,0.2499999999999999,1.0900000000000003,2.47,3.1,2.93,2.55,3.1,3.0,0.3788197905501499,0.3018338331157646,0.3193463763340854,-0.019432482349680702,-0.021616479568928204,0.041048961918608684
2026-03-08,Serie A,Lecce,Cremonese,H,0.471468314846141,0.2681823140094935,0.2603493711443653,H,0.35,0.4,0.2499999999999999,1.0900000000000003,2.11,2.96,3.89,2.1,3.0,4.0,0.4434089780074631,0.31607869716072534,0.24051232483181156,0.028059336838677895,-0.04789638315123185,0.01983704631255373
2026-03-08,Ligue 1,Brest,Le Havre,H,0.5794611829449391,0.24227990538565,0.1782589116694106,H,0.35,0.4,0.2499999999999999,1.0900000000000003,1.86,3.46,3.97,1.91,3.5,4.1,0.4984830889824358,0.2679706778922921,0.2335462331252722,0.08097809396250327,-0.025690772506642118,-0.0552873214558616
2026-03-08,Ligue 1,Lille,Lorient,D,0.5546108341006087,0.2466898165238067,0.1986993493755843,H,0.35,0.4,0.2499999999999999,1.0900000000000003,1.55,4.0,5.74,1.55,4.1,6.0,0.6033055679638437,0.23378090758598943,0.16291352445016685,-0.048694733863234974,0.012908908937817265,0.03578582492541746
2026-03-09,Serie A,Lazio,Sassuolo,H,0.5317510765123195,0.2434950573664263,0.2247538661212541,H,0.35,0.4,0.2499999999999999,1.0900000000000003,2.16,3.18,3.42,2.15,3.25,3.5,0.4327460249247958,0.293940696175333,0.27331327889987106,0.09900505158752365,-0.050445638808906734,-0.04855941277861697
2026-03-09,La Liga,Espanol,Oviedo,D,0.5204944579394339,0.2497120235380928,0.2297935185224731,H,0.35,0.4,0.2499999999999999,1.0900000000000003,1.88,3.31,4.25,1.85,3.4,4.33,0.4974310739277872,0.28252882748768576,0.22004009858452706,0.02306338401164676,-0.032816803949592965,0.00975341993794604
2026-03-13,Ligue 1,Marseille,Auxerre,H,0.6353854623916229,0.2183655405916466,0.1462489970167304,H,0.35,0.4,0.2499999999999999,1.0900000000000003,1.41,4.76,6.79,1.42,5.0,6.5,0.664948082434437,0.19696991517490675,0.1380820023906563,-0.02956262004281418,0.02139562541673984,0.008166994626074092
2026-03-13,Serie A,Torino,Parma,H,0.4322263197934894,0.28117889854804,0.2865947816584704,H,0.35,0.4,0.2499999999999999,1.0900000000000003,2.13,2.98,3.84,2.2,3.0,3.8,0.44063489129681394,0.31495044243698445,0.2444146662662015,-0.008408571503324525,-0.03377154388894443,0.0421801153922689
2026-03-13,Bundesliga,M'gladbach,St Pauli,H,0.4518565776669581,0.2845718371032883,0.2635715852297534,H,0.35,0.4,0.2499999999999999,1.0900000000000003,1.9,3.31,4.22,1.91,3.4,4.2,0.4940088841104572,0.28357005432322313,0.2224210615663196,-0.0421523064434991,0.0010017827800651857,0.041150523663433775
2026-03-13,La Liga,Alaves,Villarreal,D,0.2253971030059334,0.2343164013394646,0.5402864956546017,A,0.35,0.4,0.2499999999999999,1.0900000000000003,3.25,3.35,2.19,3.25,3.4,2.2,0.2895053568257601,0.28086340587573744,0.4296312372985025,-0.06410825381982671,-0.046547004536272835,0.11065525835609924
2026-03-14,Bundesliga,Hoffenheim,Wolfsburg,D,0.6415410025045438,0.2097255680621136,0.1487334294333423,H,0.35,0.4,0.2499999999999999,1.0900000000000003,1.44,4.78,6.04,1.44,4.75,6.5,0.6494915864303069,0.19566273733465311,0.15484567623504006,-0.007950583925763088,0.014062830727460479,-0.006112246801697752
2026-03-14,Bundesliga,Leverkusen,Bayern Munich,D,0.2455630841842108,0.2269597114798222,0.5274772043359669,A,0.35,0.4,0.2499999999999999,1.0900000000000003,4.98,4.59,1.53,5.25,4.33,1.55,0.1872705018359853,0.20318237454100369,0.609547123623011,0.05829258234822551,0.023777336938818505,-0.0820699192870441
2026-03-14,Premier League,Sunderland,Brighton,A,0.2876010639592282,0.2742159430716252,0.4381829929691463,A,0.35,0.4,0.2499999999999999,1.0900000000000003,3.26,3.27,2.23,3.3,3.3,2.25,0.2891154979165097,0.28823135266294236,0.4226531494205478,-0.0015144339572815135,-0.01401540959131714,0.015529843548598488
2026-03-14,Premier League,Burnley,Bournemouth,D,0.2236236036627105,0.2620089554715918,0.5143674408656975,A,0.35,0.4,0.2499999999999999,1.0900000000000003,4.02,3.83,1.82,4.1,3.8,1.83,0.23483000714199095,0.24647953752240298,0.5186904553356062,-0.011206403479280452,0.015529417949188828,-0.0043230144699086814
2026-03-14,Premier League,Arsenal,Everton,H,0.6957541720780409,0.1816169530906534,0.1226288748313054,H,0.35,0.4,0.2499999999999999,1.0900000000000003,1.37,4.56,8.83,1.38,4.75,8.5,0.6870059427631545,0.2064031012248951,0.10659095601195036,0.008748229314886391,-0.02478614813424171,0.01603791881935504
2026-03-14,Bundesliga,Hamburg,FC Koln,D,0.4705346188673202,0.2629329124906014,0.2665324686420782,H,0.35,0.4,0.2499999999999999,1.0900000000000003,2.09,3.52,3.21,2.1,3.6,3.25,0.44546597857669457,0.2644954247799124,0.290038596643393,0.02506864029062561,-0.00156251228931098,-0.023506128001314797
2026-03-14,La Liga,Girona,Ath Bilbao,H,0.3519471058509514,0.2724335316033152,0.3756193625457331,A,0.35,0.4,0.2499999999999999,1.0900000000000003,2.66,3.31,2.59,2.75,3.4,2.5,0.3532754492745262,0.28390111633541987,0.362823434390054,-0.001328343423574796,-0.011467584732104685,0.012795928155679093
2026-03-14,La Liga,Oviedo,Valencia,H,0.3459094882028838,0.2792203479160574,0.3748701638810586,A,0.35,0.4,0.2499999999999999,1.0900000000000003,2.86,3.11,2.53,2.88,3.2,2.55,0.3278635926112664,0.30150799834991054,0.37062840903882294,0.0180458955916174,-0.022287650433853168,0.004241754842235657
2026-03-14,Bundesliga,Ein Frankfurt,Heidenheim,H,0.6871700551048846,0.1918678302262123,0.120962114668903,H,0.35,0.4,0.2499999999999999,1.0900000000000003,1.52,4.38,5.44,1.53,4.5,5.5,0.614838363403658,0.21336856446884936,0.17179307212749267,0.07233169170122655,-0.02150073424263707,-0.050830957458589676
2026-03-14,Ligue 1,Monaco,Brest,H,0.504793861157978,0.266802076346925,0.2284040624950969,H,0.35,0.4,0.2499999999999999,1.0900000000000003,1.64,4.03,4.67,1.67,4.2,4.5,0.5687875701536201,0.23146690199799924,0.19974552784838054,-0.06399370899564216,0.035335174348925746,0.02865853464671636
2026-03-14,Serie A,Inter,Atalanta,D,0.6508423304371054,0.1974351447563301,0.1517225248065642,H,0.35,0.4,0.2499999999999999,1.0900000000000003,1.53,4.23,5.79,1.55,4.33,5.75,0.6150247474405044,0.22245575971252285,0.16251949284697267,0.03581758299660098,-0.02502061495619276,-0.010796968040408472
2026-03-14,Premier League,Chelsea,Newcastle,A,0.5709604340594698,0.2187265232370587,0.2103130427034713,H,0.35,0.4,0.2499999999999999,1.0900000000000003,1.79,4.12,3.86,1.8,4.2,3.8,0.5268158238205344,0.22888357394144576,0.24430060223801986,0.044144610238935456,-0.01015705070438705,-0.03398755953454857
2026-03-14,Serie A,Udinese,Juventus,A,0.2191382278422163,0.2210962047466843,0.5597655674110993,A,0.35,0.4,0.2499999999999999,1.0900000000000003,6.03,4.02,1.53,5.75,4.2,1.55,0.1552511415525114,0.23287671232876717,0.6118721461187214,0.06388708628970488,-0.011780507582082878,-0.05210657870762214
2026-03-14,Ligue 1,Lorient,Lens,H,0.2316005920032115,0.2431207082970843,0.525278699699704,A,0.35,0.4,0.2499999999999999,1.0900000000000003,4.04,3.6,1.84,4.2,3.7,1.85,0.23159543522040726,0.25990154396956816,0.5085030208100246,5.156782804244253e-06,-0.016780835672483868,0.016775678889679346
2026-03-14,Premier League,West Ham,Man City,D,0.1683193947825781,0.2271157076098299,0.6045648976075918,A,0.35,0.4,0.2499999999999999,1.0900000000000003,4.43,4.15,1.69,4.33,4.33,1.7,0.21327547461281388,0.22766514518910008,0.5590593801980861,-0.04495607983023578,-0.0005494375792701733,0.0455055174095057
2026-03-14,Bundesliga,Dortmund,Augsburg,H,0.7242077118410646,0.1715398842448365,0.1042524039140988,H,0.35,0.4,0.2499999999999999,1.0900000000000003,1.4,4.88,6.75,1.42,4.75,7.0,0.6692129535573524,0.1919873227418634,0.1387997237007842,0.05499475828371214,-0.020447438497026904,-0.03454731978668539
2026-03-14,La Liga,Real Madrid,Elche,H,0.8151908659136712,0.1280884140043409,0.0567207200819878,H,0.35,0.4,0.2499999999999999,1.0900000000000003,1.3,5.66,8.41,1.33,5.5,7.5,0.7224077120604143,0.16592403280539555,0.1116682551341901,0.09278315385325686,-0.037835618801054655,-0.0549475350522023
2026-03-14,Ligue 1,Angers,Nice,A,0.3530166747372728,0.2738884845546694,0.3730948407080576,A,0.35,0.4,0.2499999999999999,1.0900000000000003,2.98,3.16,2.39,2.9,3.3,2.5,0.31348946096947455,0.2956324663572893,0.39087807267323604,0.03952721376779822,-0.021743981802619883,-0.017783231965178448
2026-03-14,La Liga,Ath Madrid,Getafe,H,0.6330955810427044,0.2309630031130808,0.1359414158442148,H,0.35,0.4,0.2499999999999999,1.0900000000000003,1.55,3.67,6.91,1.57,3.8,6.5,0.6072914147231595,0.2564854748830783,0.13622311039376225,0.025804166319544852,-0.02552247176999753,-0.0002816945495474621
2026-03-14,Serie A,Napoli,Lecce,H,0.7350301095072087,0.1689662000687439,0.0960036904240472,H,0.35,0.4,0.2499999999999999,1.0900000000000003,1.34,4.53,9.86,1.33,4.75,10.0,0.6984662634248864,0.20661032957822245,0.09492340699689127,0.03656384608232233,-0.03764412950947854,0.001080283427155937
2026-03-15,La Liga,Betis,Celta,D,0.4685473889067926,0.264689119607307,0.2667634914859003,H,0.35,0.4,0.2499999999999999,1.0900000000000003,2.18,3.25,3.29,2.2,3.3,3.4,0.42856226728177094,0.287466382361311,0.2839713503569181,0.03998512162502166,-0.02277726275400399,-0.017207858871017834
2026-03-15,Ligue 1,Rennes,Lille,A,0.4590359690805633,0.258918149951186,0.2820458809682505,H,0.35,0.4,0.2499999999999999,1.0900000000000003,2.22,3.34,3.12,2.2,3.4,3.25,0.4208383813908408,0.27971892415798405,0.29944269445117516,0.038197587689722534,-0.020800774206798045,-0.017396813482924656
2026-03-15,Serie A,Como,Roma,H,0.3907456223279249,0.2531024972853054,0.3561518803867693,H,0.35,0.4,0.2499999999999999,1.0900000000000003,2.08,3.29,3.51,2.1,3.3,3.6,0.44947629408490614,0.28416738349440873,0.26635632242068513,-0.05873067175698121,-0.03106488620910336,0.08979555796608418
2026-03-15,Bundesliga,Stuttgart,RB Leipzig,H,0.4907040166766009,0.2325262055919915,0.2767697777314075,H,0.35,0.4,0.2499999999999999,1.0900000000000003,2.26,3.85,2.69,2.3,3.9,2.7,0.41200386682526485,0.24185162052599962,0.3461445126487356,0.07870014985133605,-0.009325414934008125,-0.0693747349173281
2026-03-15,Premier League,Crystal Palace,Leeds,D,0.5215324488307412,0.2541593236497773,0.2243082275194814,H,0.35,0.4,0.2499999999999999,1.0900000000000003,2.49,3.24,2.85,2.55,3.3,2.88,0.378472094138478,0.2908628130879044,0.3306650927736176,0.14306035469226325,-0.036703489438127124,-0.10635686525413621
2026-03-15,Bundesliga,Freiburg,Union Berlin,A,0.516155831720321,0.2574916947671259,0.226352473512553,H,0.35,0.4,0.2499999999999999,1.0900000000000003,2.11,3.26,3.45,2.15,3.3,3.5,0.44270638572570076,0.286536955178291,0.2707566590960083,0.07344944599462022,-0.029045260411165064,-0.044404185583455325
2026-03-15,Serie A,Pisa,Cagliari,H,0.3642634488557832,0.2867476793259876,0.3489888718182291,H,0.35,0.4,0.2499999999999999,1.0900000000000003,2.49,2.96,3.04,2.55,3.0,3.1,0.37589813855562604,0.3162116097984828,0.3078902516458911,-0.011634689699842826,-0.02946393047249518,0.04109862017233795
2026-03-15,Serie A,Sassuolo,Bologna,A,0.3480495136947634,0.2759642780400674,0.375986208265169,A,0.35,0.4,0.2499999999999999,1.0900000000000003,2.47,3.23,2.84,2.4,3.3,3.0,0.3795895903766019,0.2902743926409309,0.3301360169824672,-0.0315400766818385,-0.01431011460086351,0.04585019128270179
2026-03-15,Ligue 1,Le Havre,Lyon,D,0.234867324201669,0.2458395752591567,0.5192931005391741,A,0.35,0.4,0.2499999999999999,1.0900000000000003,3.67,3.37,1.99,3.75,3.4,2.0,0.2542431996967112,0.2768761254857359,0.4688806748175528,-0.019375875495042216,-0.031036550226579224,0.0504124257216213
2026-03-15,Serie A,Verona,Genoa,A,0.2978763526554127,0.2796301541696513,0.4224934931749358,A,0.35,0.4,0.2499999999999999,1.0900000000000003,3.14,3.06,2.37,3.25,3.0,2.4,0.29841497136085327,0.30621666995852265,0.39536835868062414,-0.0005386187054405855,-0.026586515788871334,0.027125134494311642
2026-03-15,La Liga,Sociedad,Osasuna,H,0.4663893562858431,0.2607263023047719,0.2728843414093848,H,0.35,0.4,0.2499999999999999,1.0900000000000003,1.87,3.43,4.06,1.83,3.5,4.33,0.4985590055885522,0.2718091371576072,0.2296318572538406,-0.0321696493027091,-0.011082834852835288,0.04325248415554417
2026-03-15,Ligue 1,Metz,Toulouse,A,0.2456789391086552,0.2668462224233405,0.4874748384680042,A,0.35,0.4,0.2499999999999999,1.0900000000000003,3.84,3.3,1.97,4.0,3.4,1.95,0.24313892691246103,0.28292529677086375,0.4739357763166752,0.00254001219619418,-0.01607907434752326,0.013539062151328995
2026-03-15,Ligue 1,Strasbourg,Paris FC,D,0.574375069505312,0.2388166473720798,0.1868082831226078,H,0.35,0.4,0.2499999999999999,1.0900000000000003,1.73,3.75,4.39,1.75,3.7,4.75,0.538964206556293,0.24864215395796976,0.2123936394857373,0.03541086294901907,-0.00982550658588996,-0.025585356363129502
2026-03-15,Bundesliga,Werder Bremen,Mainz,A,0.4218385617173918,0.2688609122562631,0.3093005260263449,H,0.35,0.4,0.2499999999999999,1.0900000000000003,2.2,3.46,3.05,2.2,3.5,3.2,0.42424120603015075,0.26974874371859303,0.3060100502512563,-0.002402644312758939,-0.0008878314623299577,0.003290475775088564
2026-03-15,Premier League,Nott'm Forest,Fulham,D,0.3966988989502295,0.2665559549043625,0.3367451461454078,H,0.35,0.4,0.2499999999999999,1.0900000000000003,2.19,3.4,3.24,2.2,3.4,3.3,0.43102638745422106,0.27763170250727764,0.29134191003850124,-0.03432748850399159,-0.011075747602915131,0.04540323610690655
2026-03-15,La Liga,Barcelona,Sevilla,H,0.8121067812575987,0.1297642933238818,0.0581289254185193,H,0.35,0.4,0.2499999999999999,1.0900000000000003,1.26,6.06,9.19,1.25,6.5,10.0,0.7434798628688603,0.15458492198263432,0.10193521514850533,0.06862691838873847,-0.024820628658752508,-0.04380628972998603
2026-03-15,Premier League,Liverpool,Tottenham,D,0.7150881321785554,0.1773579891461631,0.1075538786752813,H,0.35,0.4,0.2499999999999999,1.0900000000000003,1.29,5.79,8.72,1.3,6.25,8.0,0.7295363021210374,0.16253917612023114,0.10792452175873145,-0.014448169942481992,0.014818813025931965,-0.0003706430834501534
2026-03-15,Premier League,Man United,Aston Villa,H,0.4357228687849284,0.2559900758281062,0.3082870553869654,H,0.35,0.4,0.2499999999999999,1.0900000000000003,1.71,4.02,4.38,1.73,4.0,4.5,0.5507262695642382,0.23426415944150436,0.2150095709942574,-0.11500340077930982,0.021725916386601818,0.09327748439270797
2026-03-15,La Liga,Mallorca,Espanol,H,0.391513790842582,0.2727710096449227,0.3357151995124952,H,0.35,0.4,0.2499999999999999,1.0900000000000003,2.3,3.09,3.19,2.3,3.2,3.3,0.4056236137458798,0.3019204891959623,0.29245589705815783,-0.01410982290329782,-0.029149479551039637,0.043259302454337345
2026-03-15,Serie A,Lazio,Milan,H,0.26048264159288,0.2522154692611847,0.4873018891459352,A,0.35,0.4,0.2499999999999999,1.0900000000000003,3.98,3.32,1.93,4.1,3.3,1.95,0.2346882714466754,0.2813431687824603,0.4839685597708644,0.025794370146204587,-0.029127699521275585,0.0033333293750708037
2026-03-16,Serie A,Cremonese,Fiorentina,A,0.2898132689687825,0.2773014654046624,0.4328852656265547,A,0.35,0.4,0.2499999999999999,1.0900000000000003,3.78,3.52,1.92,3.9,3.6,1.91,0.247364722417428,0.2656359803232607,0.4869992972593113,0.04244854655135452,0.011665485081401694,-0.054114031632756576
2026-03-16,La Liga,Vallecano,Levante,D,0.5568190375505827,0.2504128580095704,0.1927681044398466,H,0.35,0.4,0.2499999999999999,1.0900000000000003,1.67,3.74,4.92,1.7,3.75,5.0,0.5599245351915529,0.2500197790828591,0.19005568572558806,-0.003105497640970234,0.00039307892671130995,0.0027124187142585354
2026-03-16,Premier League,Brentford,Wolves,D,0.6068849489659487,0.2323968669243508,0.1607181841097003,H,0.35,0.4,0.2499999999999999,1.0900000000000003,1.54,4.15,5.68,1.55,4.2,5.75,0.6089351127093117,0.22596628278851563,0.16509860450217256,-0.002050163743362976,0.006430584135835166,-0.004380420392472273
2026-03-20,Premier League,Bournemouth,Man United,D,0.3713313751900842,0.2640209721829815,0.364647652626934,H,0.35,0.4,0.2499999999999999,1.0900000000000003,3.22,3.76,2.07,3.2,3.8,2.1,0.2930885155032045,0.250996015936255,0.45591546856054044,0.07824285968687966,0.013024956246726505,-0.09126781593360644
2026-03-20,Serie A,Genoa,Udinese,A,0.4626992583836304,0.2708978521933011,0.2664028894230683,H,0.35,0.4,0.2499999999999999,1.0900000000000003,2.14,3.1,3.65,2.15,3.1,3.75,0.4392468944099379,0.303222049689441,0.2575310559006211,0.02345236397369249,-0.032324197496139906,0.008871833522447192
2026-03-20,Bundesliga,RB Leipzig,Hoffenheim,H,0.4904402864793653,0.2506133533951332,0.2589463601255014,H,0.35,0.4,0.2499999999999999,1.0900000000000003,1.9,4.09,3.4,1.91,4.0,3.5,0.49422468635604366,0.22959093009204964,0.2761843835519068,-0.0037843998766783904,0.021022423303083543,-0.017238023426405402
2026-03-20,Serie A,Cagliari,Napoli,A,0.1650406844426083,0.2189821052266281,0.6159772103307634,A,0.35,0.4,0.2499999999999999,1.0900000000000003,5.23,3.37,1.73,5.25,3.4,1.75,0.17937058311361068,0.27837037082616733,0.542259046060222,-0.014329898671002372,-0.05938826559953925,0.07371816427054134
2026-03-20,La Liga,Villarreal,Sociedad,H,0.5673436671706449,0.2350904661660001,0.1975658666633548,H,0.35,0.4,0.2499999999999999,1.0900000000000003,1.93,3.62,3.72,1.91,3.7,3.9,0.4873374202934216,0.2598235417586474,0.25283903794793106,0.0800062468772233,-0.024733075592647313,-0.05527317128457626
2026-03-20,Ligue 1,Lens,Angers,H,0.7412141675527998,0.1573731551674326,0.1014126772797675,H,0.35,0.4,0.2499999999999999,1.0900000000000003,1.22,6.29,12.02,1.22,6.5,12.0,0.7719288573062157,0.149722290288328,0.07834885240545618,-0.030714689753415958,0.007650864879104602,0.023063824874311314
2026-03-21,Ligue 1,Nice,Paris SG,A,0.1514457203193939,0.1972457373699537,0.6513085423106522,A,0.35,0.4,0.2499999999999999,1.0900000000000003,7.55,5.37,1.33,8.0,5.5,1.36,0.12372178751400989,0.17394776456811445,0.7023304479178756,0.027723932805384016,0.023297972801839262,-0.05102190560722342
2026-03-21,Serie A,Juventus,Sassuolo,D,0.6964525227558809,0.1838925075341161,0.1196549697100029,H,0.35,0.4,0.2499999999999999,1.0900000000000003,1.31,5.19,9.25,1.33,5.25,9.0,0.7173446257614993,0.18106386507660194,0.10159150916189882,-0.02089210300561839,0.0028286424575141578,0.01806346054810408
2026-03-21,Ligue 1,Toulouse,Lorient,H,0.4042843514141983,0.275868814014046,0.3198468345717555,H,0.35,0.4,0.2499999999999999,1.0900000000000003,1.95,3.15,4.16,1.95,3.1,4.5,0.4789736279401284,0.2965074839629366,0.22451888809693513,-0.0746892765259301,-0.020638669948890576,0.09532794647482037
2026-03-21,Bundesliga,Heidenheim,Leverkusen,D,0.14264666037725,0.2060032383934405,0.6513501012293094,A,0.35,0.4,0.2499999999999999,1.0900000000000003,5.1,4.32,1.56,5.25,4.5,1.57,0.18349343266026272,0.2166241913350323,0.5998823760047048,-0.04084677228301273,-0.010620952941591794,0.05146772522460452
2026-03-21,Premier League,Brighton,Liverpool,H,0.3198181068077237,0.2605696299819089,0.4196122632103672,A,0.35,0.4,0.2499999999999999,1.0900000000000003,3.02,3.55,2.22,3.1,3.5,2.2,0.3114231972939652,0.26492902981064087,0.42364777289539407,0.008394909513758486,-0.004359399828731958,-0.004035509685026861
2026-03-21,La Liga,Levante,Oviedo,H,0.4387096724193768,0.2768651195520812,0.2844252080285418,H,0.35,0.4,0.2499999999999999,1.0900000000000003,2.18,3.28,3.33,2.2,3.3,3.4,0.43116665745572824,0.2865680833089901,0.28226525923528156,0.007543014963648564,-0.009702963756908878,0.002159948793260258
2026-03-21,Premier League,Fulham,Burnley,H,0.6001880188789473,0.2345070930392115,0.1653048880818409,H,0.35,0.4,0.2499999999999999,1.0900000000000003,1.53,4.09,6.22,1.53,4.1,6.25,0.6172596271664309,0.23090641309648882,0.15183395973708025,-0.017071608287483553,0.0036006799427226732,0.013470928344760658
2026-03-21,Bundesliga,FC Koln,M'gladbach,D,0.4025642153960231,0.2670537279730243,0.3303820566309524,H,0.35,0.4,0.2499999999999999,1.0900000000000003,2.25,3.44,2.99,2.25,3.5,3.1,0.41552775207953746,0.27178414016830216,0.3126881077521603,-0.012963536683514354,-0.004730412195277867,0.017693948878792054
2026-03-21,La Liga,Espanol,Getafe,A,0.4313880779298215,0.2816802622487386,0.2869316598214397,H,0.35,0.4,0.2499999999999999,1.0900000000000003,2.4,2.92,3.28,2.35,3.0,3.4,0.39160015700641115,0.32186314274499545,0.2865367002485935,0.039787920923410325,-0.040182880496256845,0.00039495957284618743
2026-03-21,Ligue 1,Auxerre,Brest,H,0.2847808564742962,0.2730546157073456,0.4421645278183579,A,0.35,0.4,0.2499999999999999,1.0900000000000003,2.3,3.18,3.13,2.38,3.1,3.25,0.40681914789262014,0.29424026419906485,0.29894058790831507,-0.12203829141832395,-0.021185648491719222,0.14322393991004284
2026-03-21,Bundesliga,Dortmund,Hamburg,H,0.7566201594436788,0.1591937687016138,0.0841860718547072,H,0.35,0.4,0.2499999999999999,1.0900000000000003,1.38,4.88,6.96,1.4,5.0,7.0,0.6751908396946565,0.19093511450381678,0.1338740458015267,0.08142931974902223,-0.031741345802202975,-0.04968797394681951
2026-03-21,Premier League,Everton,Chelsea,H,0.3477956603196699,0.2545276701273248,0.3976766695530052,A,0.35,0.4,0.2499999999999999,1.0900000000000003,3.38,3.5,2.08,3.5,3.4,2.1,0.2784961209468868,0.2689476825144221,0.452556196538691,0.0692995393727831,-0.01442001238709728,-0.05487952698568582
2026-03-21,Premier League,Leeds,Brentford,D,0.3132969966005917,0.2502041068003072,0.4364988965991009,A,0.35,0.4,0.2499999999999999,1.0900000000000003,2.46,3.42,2.77,2.45,3.5,2.88,0.38352603964244075,0.2758696074621065,0.3406043528954528,-0.07022904304184907,-0.02566550066179929,0.09589454370364808
2026-03-21,La Liga,Osasuna,Girona,H,0.4252523973946315,0.2782555128701989,0.2964920897351695,H,0.35,0.4,0.2499999999999999,1.0900000000000003,2.17,3.35,3.29,2.15,3.4,3.4,0.4334003137988935,0.28073990475928323,0.28585978144182334,-0.00814791640426199,-0.0024843918890843364,0.01063230829334616
2026-03-21,La Liga,Sevilla,Valencia,A,0.3934330129549597,0.2854415602982412,0.321125426746799,H,0.35,0.4,0.2499999999999999,1.0900000000000003,2.24,3.13,3.34,2.3,3.2,3.3,0.41905639956708224,0.2998997875496052,0.2810438128833127,-0.025623386612122545,-0.01445822725136403,0.0400816138634863
2026-03-21,Serie A,Parma,Cremonese,A,0.5473747816009038,0.2489105414374551,0.2037146769616409,H,0.35,0.4,0.2499999999999999,1.0900000000000003,2.06,3.11,3.88,2.05,3.2,4.0,0.45593247236097356,0.30200028715871563,0.24206724048031075,0.09144230923993024,-0.05308974572126052,-0.03835256351866986
2026-03-21,La Liga,Elche,Mallorca,H,0.3813226463374434,0.2768264586020361,0.3418508950605203,H,0.35,0.4,0.2499999999999999,1.0900000000000003,2.1,3.3,3.49,2.1,3.3,3.6,0.4468109869646182,0.28433426443202975,0.2688547486033519,-0.06548834062717479,-0.007507805829993663,0.0729961464571684
2026-03-21,Serie A,Milan,Torino,H,0.6506535911408123,0.2070290891594345,0.142317319699753,H,0.35,0.4,0.2499999999999999,1.0900000000000003,1.36,4.71,8.23,1.4,4.75,7.5,0.6877595956119137,0.19858875796862055,0.1136516464194657,-0.03710600447110135,0.008440331190813943,0.02866567328028731
2026-03-21,Bundesliga,Bayern Munich,Union Berlin,H,0.813100547157577,0.1211197104962608,0.065779742346162,H,0.35,0.4,0.2499999999999999,1.0900000000000003,1.16,7.61,13.38,1.17,8.0,13.0,0.8070194071183211,0.12301478479070335,0.06996580809097551,0.006081140039255861,-0.0018950742944425503,-0.004186065744813505
2026-03-21,Bundesliga,Wolfsburg,Werder Bremen,A,0.3808188732828663,0.2673253570351612,0.3518557696819723,H,0.35,0.4,0.2499999999999999,1.0900000000000003,2.32,3.56,2.77,2.35,3.6,2.8,0.4017305718056936,0.2618019456711262,0.3364674825231802,-0.020911698522827316,0.0055234113640350024,0.015388287158792091
2026-03-22,Serie A,Roma,Lecce,H,0.7047303894252772,0.1812615085189524,0.1140081020557702,H,0.35,0.4,0.2499999999999999,1.0900000000000003,1.47,3.96,7.33,1.53,3.75,8.0,0.6362303306877437,0.23617641063408668,0.12759325867816962,0.06850005873753351,-0.05491490211513428,-0.013585156622399425
2026-03-22,Bundesliga,St Pauli,Freiburg,A,0.3071347313350798,0.2760893701546785,0.4167758985102416,A,0.35,0.4,0.2499999999999999,1.0900000000000003,2.66,3.05,2.7,2.7,3.1,2.8,0.3499787505312367,0.30522736931576716,0.34479388015299617,-0.042844019196156935,-0.029137999161088668,0.07198201835724544
2026-03-22,Bundesliga,Mainz,Ein Frankfurt,H,0.3545082811372113,0.2722878518135951,0.3732038670491934,A,0.35,0.4,0.2499999999999999,1.0900000000000003,2.08,3.58,3.19,2.1,3.7,3.25,0.4478193696131253,0.2601855555294136,0.29199507485746107,-0.09331108847591402,0.012102296284181524,0.08120879219173233
2026-03-22,Ligue 1,Paris FC,Le Havre,H,0.435905411057632,0.2906916907814414,0.2734028981609265,H,0.35,0.4,0.2499999999999999,1.0900000000000003,1.99,3.19,3.94,2.0,3.3,4.0,0.4697260186939639,0.2930265759250747,0.23724740538096145,-0.033820607636331934,-0.0023348851436332807,0.03615549277996505
2026-03-22,Serie A,Atalanta,Verona,H,0.737739209369273,0.169308200782741,0.0929525898479859,H,0.35,0.4,0.2499999999999999,1.0900000000000003,1.37,4.56,8.19,1.38,4.75,8.5,0.6813308303185871,0.20469807840711937,0.11397109127429357,0.05640837905068585,-0.03538987762437837,-0.021018501426307665
2026-03-22,La Liga,Real Madrid,Ath Madrid,H,0.6082855783704226,0.2071167620738979,0.1845976595556793,H,0.35,0.4,0.2499999999999999,1.0900000000000003,1.91,3.78,3.54,1.95,4.0,3.5,0.48903604946934476,0.24710551705990705,0.26385843347074817,0.11924952890107787,-0.03998875498600915,-0.07926077391506886
2026-03-22,Serie A,Como,Pisa,H,0.6964419910102071,0.1867465345216745,0.1168114744681182,H,0.35,0.4,0.2499999999999999,1.0900000000000003,1.24,5.63,11.81,1.25,6.0,11.0,0.7545777776769005,0.16619475032315392,0.07922747199994552,-0.05813578666669339,0.02055178419852058,0.03758400246817267
2026-03-22,Premier League,Aston Villa,West Ham,H,0.5852098715777974,0.2299134391178941,0.1848766893043084,H,0.35,0.4,0.2499999999999999,1.0900000000000003,1.95,3.56,3.7,1.95,3.6,3.8,0.4819788503055363,0.26400526912803246,0.2540158805664312,0.10323102127226108,-0.03409183001013835,-0.06913919126212281
2026-03-22,La Liga,Barcelona,Vallecano,H,0.7824617001289894,0.1427444191405844,0.074793880730426,H,0.35,0.4,0.2499999999999999,1.0900000000000003,1.22,6.54,9.96,1.25,7.0,9.5,0.7639219218373982,0.1425053126363342,0.09357276552626763,0.018539778291591258,0.0002391065042501861,-0.018778884795841624
2026-03-22,Premier League,Tottenham,Nott'm Forest,A,0.3649219812764016,0.2673148541719659,0.3677631645516324,A,0.35,0.4,0.2499999999999999,1.0900000000000003,2.24,3.39,3.11,2.25,3.4,3.2,0.41998733214090805,0.2775137533910425,0.30249891446804955,-0.05506535086450648,-0.01019889921907663,0.06526425008358283
2026-03-22,La Liga,Celta,Alaves,A,0.5744031115504673,0.2407399033380114,0.1848569851115211,H,0.35,0.4,0.2499999999999999,1.0900000000000003,1.81,3.33,4.64,1.83,3.3,5.0,0.5171620884362167,0.28110011413500063,0.20173779742878278,0.05724102311425061,-0.04036021079698923,-0.016880812317261684
2026-03-22,Ligue 1,Rennes,Metz,D,0.7434186993344867,0.1678582613801091,0.088723039285404,H,0.35,0.4,0.2499999999999999,1.0900000000000003,1.34,5.05,8.03,1.33,5.5,8.5,0.6982163856973382,0.1852692983830561,0.11651431591960566,0.04520231363714844,-0.017411037002947022,-0.027791276634201667
2026-03-22,Serie A,Bologna,Lazio,A,0.4295304657460007,0.2769608500662856,0.2935086841877135,H,0.35,0.4,0.2499999999999999,1.0900000000000003,2.3,3.04,3.28,2.35,3.0,3.4,0.40686818567604627,0.3078279036364824,0.2853039106874714,0.02266228006995441,-0.030867053570196756,0.008204773500242069
2026-03-22,Serie A,Fiorentina,Inter,D,0.1738879181033671,0.2143732106556533,0.6117388712409795,A,0.35,0.4,0.2499999999999999,1.0900000000000003,5.03,4.03,1.61,5.0,4.33,1.62,0.18613784694828947,0.23232589830022235,0.5815362547514883,-0.012249928844922375,-0.01795268764456906,0.030202616489491185
2026-03-22,La Liga,Ath Bilbao,Betis,H,0.3948005734935566,0.2690878886155529,0.3361115378908903,H,0.35,0.4,0.2499999999999999,1.0900000000000003,2.18,3.39,3.17,2.2,3.4,3.25,0.4290436817036703,0.2759041964938057,0.29505212180252405,-0.034243108210113726,-0.006816307878252825,0.041059416088366274
2026-03-22,Bundesliga,Augsburg,Stuttgart,A,0.2535504460347704,0.2599770825694809,0.4864724713957487,A,0.35,0.4,0.2499999999999999,1.0900000000000003,3.36,3.75,1.97,3.5,3.8,2.0,0.27765562809367567,0.2487794427719334,0.47356492913439097,-0.024105182058905272,0.011197639797547482,0.012907542261357707
2026-03-22,Ligue 1,Marseille,Lille,A,0.4715611875681789,0.2618702943451664,0.2665685180866545,H,0.35,0.4,0.2499999999999999,1.0900000000000003,1.91,3.64,3.69,1.91,3.75,3.8,0.4896343308338103,0.2569235087616971,0.25344216040449263,-0.01807314326563142,0.004946785583469282,0.01312635768216186
2026-03-22,Premier League,Newcastle,Sunderland,A,0.5952306475434579,0.2328585449265932,0.1719108075299488,H,0.35,0.4,0.2499999999999999,1.0900000000000003,1.65,3.89,5.04,1.67,4.0,5.0,0.5709243712161584,0.2421658643975993,0.18690976438624232,0.024306276327299536,-0.009307319471006104,-0.014998956856293516
2026-03-22,Ligue 1,Nantes,Strasbourg,A,0.2323132969670625,0.2586094712158694,0.509077231817068,A,0.35,0.4,0.2499999999999999,1.0900000000000003,3.48,3.51,2.01,3.6,3.6,2.0,0.26861528972346915,0.2663194325463455,0.46506527773018547,-0.036301992756406665,-0.007709961330476078,0.04401195408688252
2026-03-22,Ligue 1,Lyon,Monaco,A,0.4178257697065546,0.252762622150697,0.3294116081427484,H,0.35,0.4,0.2499999999999999,1.0900000000000003,2.7,3.49,2.42,2.75,3.5,2.5,0.34609962791155113,0.26775615912928025,0.3861442129591687,0.07172614179500347,-0.014993536978583244,-0.056732604816420285
2026-04-03,La Liga,Vallecano,Elche,H,0.5386521355397325,0.2531612503185526,0.2081866141417149,H,0.35,0.4,0.2499999999999999,1.0900000000000003,1.72,3.77,4.7,1.75,3.9,4.75,0.5487899304372603,0.2503763077856997,0.20083376177703993,-0.010137794897527863,0.0027849425328528854,0.007352852364674978
2026-04-03,Ligue 1,Paris SG,Toulouse,H,0.7655977416267998,0.1486790944075366,0.0857231639656633,H,0.35,0.4,0.2499999999999999,1.0900000000000003,1.24,6.17,10.65,1.25,6.25,11.0,0.759068378013407,0.15255182961695699,0.0883797923696361,0.006529363613392847,-0.003872735209420386,-0.002656628403972794
2026-04-04,La Liga,Ath Madrid,Barcelona,A,0.2816670542782727,0.244495701522483,0.473837244199244,A,0.35,0.4,0.2499999999999999,1.0900000000000003,3.0,3.77,2.15,3.1,3.8,2.15,0.3133710927683594,0.24936691732230193,0.4372619899093387,-0.03170403849008668,-0.004871215799818918,0.03657525428990532
2026-04-04,La Liga,Sociedad,Levante,H,0.5516547936166003,0.2545490950919188,0.1937961112914808,H,0.35,0.4,0.2499999999999999,1.0900000000000003,1.57,4.18,5.42,1.57,4.2,5.5,0.6005046703209321,0.2255484048813071,0.1739469247977608,-0.04884987670433183,0.029000690210611718,0.01984918649372
2026-04-04,Serie A,Sassuolo,Cagliari,H,0.4810896933435885,0.2680777894759016,0.2508325171805098,H,0.35,0.4,0.2499999999999999,1.0900000000000003,1.97,3.12,4.24,1.95,3.1,4.5,0.4770917484131563,0.3012406231967686,0.221667628390075,0.003997944930432151,-0.03316283372086698,0.0291648887904348
2026-04-04,Bundesliga,Freiburg,Bayern Munich,A,0.1422221396485697,0.188594207525827,0.6691836528256031,A,0.35,0.4,0.2499999999999999,1.0900000000000003,6.66,5.26,1.37,6.5,5.5,1.4,0.14030216891865582,0.17764495152057944,0.6820528795607648,0.0019199707299138724,0.01094925600524757,-0.012869226735161665
2026-04-04,Ligue 1,Brest,Rennes,A,0.3734458892744763,0.2897656864026207,0.3367884243229029,H,0.35,0.4,0.2499999999999999,1.0900000000000003,3.07,3.42,2.21,3.1,3.5,2.25,0.30424719128261074,0.27311078281801604,0.4226420258993733,0.06919869799186557,0.01665490358460464,-0.08585360157647037
2026-04-04,Serie A,Verona,Fiorentina,A,0.2435704371159773,0.2630896788477496,0.4933398840362729,A,0.35,0.4,0.2499999999999999,1.0900000000000003,4.13,3.4,1.89,4.2,3.5,1.9,0.22727835408878214,0.2760763536431383,0.4966452922680795,0.016292083027195176,-0.01298667479538873,-0.003305408231806639
2026-04-04,Bundesliga,Stuttgart,Dortmund,A,0.3920184728824301,0.2308150868896391,0.3771664402279306,H,0.35,0.4,0.2499999999999999,1.0900000000000003,2.28,3.86,2.68,2.3,3.9,2.8,0.40959771935381695,0.24193854925562244,0.34846373139056064,-0.017579246471386867,-0.011123462365983355,0.028702708837369972
2026-04-04,Bundesliga,Hamburg,Augsburg,D,0.3968784223692727,0.2760432520740321,0.327078325556695,H,0.35,0.4,0.2499999999999999,1.0900000000000003,2.22,3.41,3.07,2.25,3.5,3.2,0.42120276974205667,0.2742141198907231,0.3045831103672202,-0.024324347372783994,0.0018291321833089902,0.022495215189474838
2026-04-04,Bundesliga,Werder Bremen,RB Leipzig,A,0.2629574115369296,0.2630451611355673,0.4739974273275029,A,0.35,0.4,0.2499999999999999,1.0900000000000003,3.42,3.85,1.93,3.6,4.0,1.91,0.273199230828624,0.24268606998282966,0.4841146991885463,-0.010241819291694432,0.02035909115273765,-0.010117271861043442
2026-04-04,La Liga,Mallorca,Real Madrid,H,0.1220491342548018,0.1821144641611967,0.6958364015840014,A,0.35,0.4,0.2499999999999999,1.0900000000000003,5.51,4.22,1.55,5.5,4.33,1.57,0.1706331504655173,0.2227935211054503,0.6065733284290324,-0.04858401621071551,-0.04067905694425361,0.08926307315496895
2026-04-04,Ligue 1,Lille,Lens,H,0.3736193216491103,0.2719733114822827,0.3544073668686068,H,0.35,0.4,0.2499999999999999,1.0900000000000003,2.58,3.32,2.63,2.63,3.4,2.63,0.3625688256251401,0.28175529220266915,0.3556758821721907,0.011050496023970235,-0.00978198072038644,-0.0012685153035839059
2026-04-04,Ligue 1,Strasbourg,Nice,H,0.5449371879689487,0.237280514360041,0.2177822976710101,H,0.35,0.4,0.2499999999999999,1.0900000000000003,1.81,3.67,4.1,1.85,3.7,4.1,0.5168889789664968,0.25492344739219597,0.22818757364130712,0.028048209002451974,-0.017642933032154973,-0.010405275970297029
2026-04-04,Bundesliga,Hoffenheim,Mainz,A,0.4435391773013749,0.277316187061974,0.279144635636651,H,0.35,0.4,0.2499999999999999,1.0900000000000003,1.67,4.05,4.41,1.7,4.0,4.75,0.5583377880313987,0.2302281743240582,0.21143403764454322,-0.11479861073002379,0.04708801273791577,0.06771059799210777
2026-04-04,Bundesliga,M'gladbach,Heidenheim,D,0.5380745858009028,0.2602112162064348,0.2017141979926622,H,0.35,0.4,0.2499999999999999,1.0900000000000003,1.56,4.22,5.2,1.57,4.33,5.25,0.5989213738291229,0.22140221402214025,0.17967641214873686,-0.06084678802822008,0.03880900218429453,0.022037785843925323
2026-04-04,La Liga,Betis,Espanol,D,0.5779041787854111,0.2353553087382834,0.1867405124763053,H,0.35,0.4,0.2499999999999999,1.0900000000000003,1.71,3.88,4.59,1.73,4.0,4.75,0.5514896463309272,0.2430534266046097,0.2054569270644631,0.026414532454483886,-0.0076981178663263206,-0.018716414588157815
2026-04-04,Bundesliga,Leverkusen,Wolfsburg,H,0.7341125983223679,0.1714235121309841,0.0944638895466477,H,0.35,0.4,0.2499999999999999,1.0900000000000003,1.39,4.93,6.73,1.4,5.0,7.0,0.6718239673755677,0.1894189279213061,0.13875710470312616,0.06228863094680015,-0.01799541579032199,-0.044293215156478466
2026-04-04,Serie A,Lazio,Parma,D,0.5949097357951666,0.2375111529534087,0.1675791112514245,H,0.35,0.4,0.2499999999999999,1.0900000000000003,1.77,3.4,4.91,1.8,3.4,5.0,0.5316103392383458,0.2767500883681977,0.19163957239345664,0.06329939655682082,-0.03923893541478901,-0.02406046114203214
2026-04-05,Ligue 1,Monaco,Marseille,H,0.4989542039079416,0.2463526962072552,0.2546930998848029,H,0.35,0.4,0.2499999999999999,1.0900000000000003,2.14,3.62,3.06,2.15,3.75,3.1,0.4365846352729738,0.25809146947076356,0.30532389525626275,0.06236956863496779,-0.011738773263508362,-0.05063079537145987
2026-04-05,Serie A,Cremonese,Bologna,A,0.2594821331929929,0.2710483688843029,0.4694694979227039,A,0.35,0.4,0.2499999999999999,1.0900000000000003,3.55,3.37,2.05,3.6,3.4,2.05,0.26419243197766684,0.2783036004512514,0.4575039675710817,-0.004710298784673939,-0.007255231566948517,0.011965530351622233
2026-04-05,Serie A,Inter,Roma,H,0.6123955230348763,0.2072482731603225,0.1803562038048012,H,0.35,0.4,0.2499999999999999,1.0900000000000003,1.63,3.84,5.22,1.67,4.0,5.25,0.5757915237586391,0.2444115061787973,0.17979697006256354,0.03660399927623725,-0.03716323301847482,0.0005592337422376525
2026-04-05,Ligue 1,Metz,Nantes,D,0.3531442263490013,0.2840462048184584,0.3628095688325403,A,0.35,0.4,0.2499999999999999,1.0900000000000003,2.87,3.22,2.43,2.8,3.3,2.55,0.32548117520309816,0.29010278659406574,0.3844160382028361,0.027663051145903117,-0.0060565817756073614,-0.02160646937029581
2026-04-05,Bundesliga,Union Berlin,St Pauli,D,0.4506118594730396,0.2881943169845681,0.261193823542392,H,0.35,0.4,0.2499999999999999,1.0900000000000003,2.08,3.13,3.67,2.1,3.25,3.75,0.44817038675671345,0.2978256883239502,0.2540039249193363,0.002441472716326165,-0.009631371339382078,0.0071898986230556905
2026-04-05,Ligue 1,Lorient,Paris FC,D,0.4541938177252721,0.2770733394012284,0.2687328428734993,H,0.35,0.4,0.2499999999999999,1.0900000000000003,2.22,3.24,3.21,2.25,3.3,3.3,0.4207383674361028,0.28828369620621863,0.2909779363576786,0.0334554502891693,-0.011210356804990218,-0.0222450934841793
2026-04-05,La Liga,Valencia,Celta,A,0.381902496708416,0.2862759682218598,0.331821535069724,H,0.35,0.4,0.2499999999999999,1.0900000000000003,2.3,3.22,3.07,2.3,3.3,3.2,0.4059312429165092,0.28995088779750655,0.3041178692859841,-0.024028746208093255,-0.003674919575646751,0.027703665783739895
2026-04-05,La Liga,Getafe,Ath Bilbao,H,0.3528780405051738,0.2781304506847196,0.3689915088101065,A,0.35,0.4,0.2499999999999999,1.0900000000000003,2.99,2.82,2.63,3.0,2.88,2.7,0.31277702101458743,0.3316323733452541,0.3555906056401584,0.040101019490586365,-0.053501922660534496,0.01340090316994813
2026-04-05,Ligue 1,Angers,Lyon,D,0.2113849784887918,0.2366797305704951,0.5519352909407129,A,0.35,0.4,0.2499999999999999,1.0900000000000003,4.59,3.45,1.78,4.5,3.6,1.8,0.20370388798773995,0.27101473793151487,0.5252813740807452,0.007681090501051868,-0.03433500736101977,0.026653916859967763
2026-04-05,La Liga,Oviedo,Sevilla,H,0.3999153647678194,0.2898658372251488,0.3102187980070315,H,0.35,0.4,0.2499999999999999,1.0900000000000003,2.82,2.97,2.64,2.8,3.1,2.7,0.33138075313807536,0.31464435146443515,0.35397489539748955,0.06853461162974406,-0.024778514239286342,-0.04375609739045805
2026-04-05,Ligue 1,Le Havre,Auxerre,D,0.4063759774324267,0.2826898156417824,0.3109342069257906,H,0.35,0.4,0.2499999999999999,1.0900000000000003,2.49,3.1,2.9,2.6,3.1,3.0,0.3756790639364813,0.3017551190973673,0.3225658169661513,0.030696913495945388,-0.01906530345558488,-0.011631610040360674
2026-04-05,Bundesliga,Ein Frankfurt,FC Koln,D,0.5860859913927867,0.2396668181091011,0.1742471904981121,H,0.35,0.4,0.2499999999999999,1.0900000000000003,2.01,3.55,3.4,2.0,3.5,3.6,0.4635265654102422,0.26244743562664413,0.2740259989631137,0.12255942598254455,-0.02278061751754304,-0.09977880846500159
2026-04-05,La Liga,Alaves,Osasuna,D,0.3760232772552623,0.271674600422809,0.3523021223219286,H,0.35,0.4,0.2499999999999999,1.0900000000000003,2.43,3.11,2.97,2.5,3.2,2.9,0.38468458338018663,0.300573484763297,0.31474193185651633,-0.008661306124924328,-0.028898884340487985,0.03756019046541226
2026-04-05,Serie A,Pisa,Torino,A,0.3062044623432653,0.2680441603342666,0.4257513773224679,A,0.35,0.4,0.2499999999999999,1.0900000000000003,3.05,2.96,2.49,3.2,3.0,2.45,0.30719087730120165,0.3165311404623868,0.37627798223641157,-0.0009864149579363324,-0.048486980128120194,0.04947339508605636
2026-04-06,Serie A,Juventus,Genoa,H,0.6670504702869965,0.1974170718721402,0.1355324578408631,H,0.35,0.4,0.2499999999999999,1.0900000000000003,1.36,4.52,8.82,1.38,4.5,9.5,0.6872474521107143,0.20678241921915297,0.10597012867013281,-0.020196981823717763,-0.009365347347012776,0.02956232917073029
2026-04-06,Serie A,Napoli,Milan,H,0.4457142644387344,0.2647406774824205,0.289545058078845,H,0.35,0.4,0.2499999999999999,1.0900000000000003,2.52,2.98,2.98,2.55,3.0,3.0,0.37157107231920194,0.31421446384039897,0.31421446384039897,0.07414319211953246,-0.0494737863579785,-0.024669405761553964
2026-04-06,Serie A,Lecce,Atalanta,A,0.1920915285767221,0.2329503609400006,0.574958110483277,A,0.35,0.4,0.2499999999999999,1.0900000000000003,4.73,3.64,1.72,5.0,3.75,1.75,0.19804134929270945,0.25734494015233944,0.5446137105549511,-0.005949820715987347,-0.02439457921233884,0.030344399928325938
2026-04-06,Serie A,Udinese,Como,D,0.2569044297014488,0.2534072154831271,0.489688354815424,A,0.35,0.4,0.2499999999999999,1.0900000000000003,4.97,3.71,1.67,5.0,3.75,1.7,0.18812302068056708,0.2520138578928351,0.5598631214265978,0.0687814090208817,0.0013933575902920214,-0.07017476661117378
2026-04-06,La Liga,Girona,Villarreal,H,0.273474634704099,0.2494811602538517,0.4770442050420491,A,0.35,0.4,0.2499999999999999,1.0900000000000003,3.09,3.45,2.19,3.2,3.6,2.2,0.3024244389207104,0.2708671061637667,0.4267084549155229,-0.02894980421661142,-0.021385945909914994,0.05033575012652619
2026-04-10,Premier League,West Ham,Wolves,H,0.4447906242958901,0.2853985176097877,0.2698108580943221,H,0.35,0.4,0.2499999999999999,1.0900000000000003,1.78,3.74,4.34,1.8,3.8,4.33,0.5302018684262103,0.2523420657215653,0.2174560658522245,-0.0854112441303202,0.03305645188822237,0.0523547922420976
2026-04-10,Ligue 1,Paris FC,Monaco,H,0.2533589496408381,0.257853977401649,0.4887870729575126,A,0.35,0.4,0.2499999999999999,1.0900000000000003,3.7,3.75,1.9,3.9,3.8,1.9,0.254191937210132,0.25080271138066357,0.49500535140920443,-0.0008329875692938971,0.007051266020985436,-0.006218278451691817
2026-04-10,Bundesliga,Augsburg,Hoffenheim,D,0.3669824171994365,0.2611563260154657,0.3718612567850975,A,0.35,0.4,0.2499999999999999,1.0900000000000003,3.32,3.75,2.01,3.5,3.75,2.0,0.28271950849002464,0.25030100484983514,0.4669794866601402,0.08426290870941183,0.010855321165630538,-0.0951182298750427
2026-04-10,Serie A,Roma,Pisa,H,0.7230009083658521,0.1776194502800332,0.0993796413541144,H,0.35,0.4,0.2499999999999999,1.0900000000000003,1.32,4.89,9.35,1.33,5.0,9.0,0.7086594036110685,0.19129456293795716,0.10004603345097438,0.014341504754783574,-0.013675112657923955,-0.0006663920968599801
2026-04-10,La Liga,Real Madrid,Girona,D,0.7267874789950132,0.1696425909822076,0.103569930022779,H,0.35,0.4,0.2499999999999999,1.0900000000000003,1.3,5.76,8.57,1.3,6.0,8.5,0.7260126896908763,0.16385703065939916,0.11013027964972454,0.0007747893041368803,0.005785560322808442,-0.00656034962694553
2026-04-10,Ligue 1,Marseille,Metz,H,0.7342488423828486,0.1718612840144578,0.0938898736026933,H,0.35,0.4,0.2499999999999999,1.0900000000000003,1.22,6.39,11.4,1.22,6.25,12.0,0.7704511273424163,0.14709708534550045,0.08245178731208315,-0.03620228495956768,0.02476419866895735,0.011438086290610147
2026-04-11,La Liga,Sociedad,Alaves,D,0.5522394465308381,0.2389269266060681,0.2088336268630935,H,0.35,0.4,0.2499999999999999,1.0900000000000003,1.72,3.68,4.76,1.73,3.7,4.75,0.5468258328754808,0.2555816392787573,0.19759252784576195,0.005413613655357308,-0.016654712672689226,0.011241099017331557
2026-04-11,La Liga,Barcelona,Espanol,H,0.8144714218850808,0.1288538138982067,0.0566747642167123,H,0.35,0.4,0.2499999999999999,1.0900000000000003,1.26,6.26,9.39,1.29,6.0,9.0,0.7488038277511962,0.1507177033492823,0.10047846889952153,0.06566759413388457,-0.02186388945107562,-0.043803704682809225
2026-04-11,Serie A,Atalanta,Juventus,A,0.4085537358743007,0.2585067917364119,0.3329394723892873,H,0.35,0.4,0.2499999999999999,1.0900000000000003,3.04,3.34,2.29,3.1,3.3,2.35,0.30886212939855756,0.2811200219675494,0.410017848633893,0.09969160647574316,-0.022613230231137538,-0.07707837624460573
2026-04-11,Bundesliga,Wolfsburg,Ein Frankfurt,A,0.2585771751488367,0.2513079453164255,0.4901148795347376,A,0.35,0.4,0.2499999999999999,1.0900000000000003,2.48,3.58,2.57,2.55,3.6,2.55,0.37626264691689226,0.2606512190932661,0.3630861339898416,-0.11768547176805555,-0.009343273776840633,0.12702874554489602
2026-04-11,Premier League,Arsenal,Bournemouth,A,0.6983670109778892,0.1802628061486063,0.1213701828735041,H,0.35,0.4,0.2499999999999999,1.0900000000000003,1.43,4.55,7.06,1.44,4.5,7.5,0.659267362130146,0.20719831381233159,0.13353432405752247,0.039099648847743196,-0.026935507663725294,-0.012164141184018373
2026-04-11,Serie A,Milan,Udinese,A,0.6251690375776939,0.2284296707385428,0.1464012916837631,H,0.35,0.4,0.2499999999999999,1.0900000000000003,1.41,4.43,7.77,1.42,4.5,8.0,0.6667770823526676,0.21222475984588293,0.12099815780144933,-0.04160804477497371,0.01620491089265988,0.025403133882313758
2026-04-11,Premier League,Burnley,Brighton,A,0.2074446479765246,0.2564274345490995,0.5361279174743758,A,0.35,0.4,0.2499999999999999,1.0900000000000003,4.48,3.93,1.72,4.5,4.0,1.73,0.21076591127352545,0.24026241285124533,0.5489716758752292,-0.0033212632970008593,0.016165021697854165,-0.012843758400853389
2026-04-11,Premier League,Brentford,Everton,D,0.4356718519313845,0.2616970169946134,0.3026311310740019,H,0.35,0.4,0.2499999999999999,1.0900000000000003,2.13,3.31,3.45,2.15,3.3,3.5,0.44230255284042713,0.28462369714504826,0.2730737500145246,-0.006630700909042608,-0.022926680150434864,0.029557381059477306
2026-04-11,Bundesliga,St Pauli,Bayern Munich,A,0.0904242472380202,0.1561322143610919,0.7534435384008877,A,0.35,0.4,0.2499999999999999,1.0900000000000003,7.83,5.06,1.34,8.0,5.0,1.36,0.11917936314868068,0.18442182084074502,0.6963988160105743,-0.028755115910660475,-0.028289606479653118,0.05704472239031344
2026-04-11,La Liga,Sevilla,Ath Madrid,H,0.2024634266716045,0.234184691225202,0.5633518821031933,A,0.35,0.4,0.2499999999999999,1.0900000000000003,2.78,3.12,2.63,2.7,3.1,2.8,0.3392061379213414,0.3022413664811952,0.35855249559746355,-0.13674271124973691,-0.06805667525599321,0.20479938650572976
2026-04-11,Serie A,Cagliari,Cremonese,H,0.4646050952309167,0.2680423266502041,0.267352578118879,H,0.35,0.4,0.2499999999999999,1.0900000000000003,2.14,3.11,3.61,2.15,3.1,3.6,0.43842329906005567,0.3016803408323213,0.25989636010762307,0.026181796170861027,-0.033638014182117204,0.007456218011255955
2026-04-11,Bundesliga,Dortmund,Leverkusen,A,0.4696846714749143,0.2468639335087861,0.2834513950162994,H,0.35,0.4,0.2499999999999999,1.0900000000000003,1.95,3.8,3.42,1.95,3.8,3.6,0.48,0.24631578947368415,0.2736842105263157,-0.01031532852508571,0.0005481440351019495,0.009767184489983705
2026-04-11,La Liga,Elche,Valencia,H,0.343268638924342,0.2772596467311266,0.3794717143445312,A,0.35,0.4,0.2499999999999999,1.0900000000000003,2.5,3.24,2.83,2.5,3.3,2.88,0.376648236540942,0.2906236393062824,0.33272812415277564,-0.033379597616599976,-0.013363992575155803,0.04674359019175556
2026-04-11,Serie A,Torino,Verona,H,0.5896731778495905,0.2464645549129338,0.1638622672374755,H,0.35,0.4,0.2499999999999999,1.0900000000000003,1.88,3.28,4.38,1.9,3.3,4.33,0.4994020968325036,0.2862426652576545,0.21435523790984176,0.09027108101708692,-0.03977811034472073,-0.05049297067236627
2026-04-11,Bundesliga,RB Leipzig,M'gladbach,H,0.6599707173621525,0.2011941412048959,0.1388351414329515,H,0.35,0.4,0.2499999999999999,1.0900000000000003,1.49,4.58,5.57,1.53,4.75,5.5,0.6278126007466636,0.20424471072325953,0.16794268853007696,0.03215811661548895,-0.0030505695183636328,-0.029107547097125458
2026-04-11,Premier League,Liverpool,Fulham,H,0.5902592040594259,0.2280578662803204,0.1816829296602534,H,0.35,0.4,0.2499999999999999,1.0900000000000003,1.62,4.18,4.83,1.65,4.2,4.75,0.5803953360011039,0.2249379053401408,0.19466675865875535,0.009863868058321956,0.003119960940179606,-0.01298382899850195
2026-04-11,Ligue 1,Auxerre,Nantes,D,0.4916812622502207,0.2817365514026501,0.2265821863471289,H,0.35,0.4,0.2499999999999999,1.0900000000000003,1.99,3.25,3.86,2.0,3.3,4.0,0.4699575558460921,0.28775862650268413,0.24228381765122373,0.021723706404128573,-0.006022075100034052,-0.015701631304094826
2026-04-11,Ligue 1,Rennes,Angers,H,0.655122592547013,0.2011196306448565,0.1437577768081303,H,0.35,0.4,0.2499999999999999,1.0900000000000003,1.37,4.72,7.99,1.36,4.75,8.5,0.6841262210773599,0.19857053450762355,0.11730324441501665,-0.02900362853034688,0.002549096137232948,0.02645453239311364
2026-04-11,Bundesliga,Heidenheim,Union Berlin,H,0.3414330502058325,0.2595728541464968,0.3989940956476705,A,0.35,0.4,0.2499999999999999,1.0900000000000003,2.93,3.5,2.25,2.9,3.6,2.3,0.3185357467893619,0.26665992516938014,0.414804328041258,0.02289730341647056,-0.007087071022883362,-0.015810232393587476
2026-04-12,La Liga,Osasuna,Betis,D,0.3811333012752819,0.2659358142190899,0.3529308845056281,H,0.35,0.4,0.2499999999999999,1.0900000000000003,2.2,3.39,3.14,2.2,3.4,3.3,0.4256035440973028,0.27620288997465076,0.2981935659280465,-0.04447024282202089,-0.01026707575556085,0.05473731857758157
2026-04-12,Serie A,Parma,Napoli,D,0.1799217799072498,0.226569556396181,0.5935086636965691,A,0.35,0.4,0.2499999999999999,1.0900000000000003,5.87,3.75,1.59,6.0,3.8,1.6,0.15981698442437742,0.25016685295229213,0.5900161626233305,0.02010479548287239,-0.02359729655611112,0.0034925010732386186
2026-04-12,Serie A,Como,Inter,A,0.286823452933833,0.234862345366389,0.4783142016997778,A,0.35,0.4,0.2499999999999999,1.0900000000000003,3.11,3.38,2.23,3.1,3.5,2.25,0.3016830434869619,0.27758410214332885,0.4207328543697092,-0.01485959055312891,-0.042721756776939845,0.05758134733006859
2026-04-12,Bundesliga,Mainz,Freiburg,A,0.447248383443536,0.2665761830756082,0.2861754334808556,H,0.35,0.4,0.2499999999999999,1.0900000000000003,2.23,3.14,3.3,2.25,3.1,3.5,0.4191205022003624,0.29765564328242294,0.2832238545172146,0.028127881243173614,-0.031079460206814735,0.0029515789636410106
2026-04-12,Serie A,Genoa,Sassuolo,H,0.4118018742354333,0.2859568734989055,0.302241252265661,H,0.35,0.4,0.2499999999999999,1.0900000000000003,2.15,3.24,3.41,2.15,3.3,3.5,0.43590482089805455,0.289257828682351,0.27483735041959445,-0.02410294666262125,-0.003300955183445531,0.02740390184606656
2026-04-12,Premier League,Crystal Palace,Newcastle,H,0.413872001861312,0.2652848722705772,0.3208431258681107,H,0.35,0.4,0.2499999999999999,1.0900000000000003,3.07,3.5,2.22,3.0,3.6,2.2,0.3067460442788113,0.2690601016959859,0.42419385402520293,0.10712595758250071,-0.0037752294254086993,-0.10335072815709223
2026-04-12,Serie A,Bologna,Lecce,H,0.5893875389386974,0.2363065253493967,0.1743059357119056,H,0.35,0.4,0.2499999999999999,1.0900000000000003,1.78,3.37,4.8,1.8,3.4,4.75,0.526586498082595,0.27813767554510943,0.19527582637229562,0.0628010408561025,-0.041831150195712735,-0.02096989066039001
2026-04-12,La Liga,Celta,Oviedo,A,0.5983600847788451,0.2289317794822752,0.1727081357388795,H,0.35,0.4,0.2499999999999999,1.0900000000000003,1.66,3.8,4.9,1.7,3.7,5.25,0.5631843203677939,0.2460226241606678,0.19079305547153827,0.03517576441105119,-0.017090844678392614,-0.018084919732658772
2026-04-12,Bundesliga,FC Koln,Werder Bremen,H,0.3812944793893874,0.2772295924093196,0.3414759282012928,H,0.35,0.4,0.2499999999999999,1.0900000000000003,2.18,3.45,3.08,2.2,3.5,3.2,0.42740955859283863,0.270073286299243,0.30251715510791827,-0.04611507920345126,0.007156306110076616,0.03895877309337453
2026-04-12,Ligue 1,Toulouse,Lille,A,0.2706195026453034,0.2595752736335897,0.4698052237211068,A,0.35,0.4,0.2499999999999999,1.0900000000000003,3.06,3.18,2.33,3.2,3.3,2.3,0.30529048207663784,0.29377008652657605,0.40093943139678623,-0.03467097943133446,-0.03419481289298637,0.06886579232432055
2026-04-12,Premier League,Chelsea,Man City,A,0.3052041600664552,0.2432987473804583,0.4514970925530862,A,0.35,0.4,0.2499999999999999,1.0900000000000003,3.08,3.8,2.1,3.1,3.8,2.15,0.3051391862955033,0.2473233404710921,0.44753747323340476,6.497377095188162e-05,-0.004024593090633799,0.003959619319681418
2026-04-12,La Liga,Ath Bilbao,Villarreal,A,0.3159702126909649,0.2611506952142521,0.4228790920947829,A,0.35,0.4,0.2499999999999999,1.0900000000000003,2.26,3.41,2.99,2.3,3.5,3.1,0.41346071962984443,0.274023820047932,0.31251546032222355,-0.0974905069388795,-0.012873124833679916,0.11036363177255937
2026-04-12,Ligue 1,Nice,Le Havre,D,0.4681394197989825,0.2677912648226662,0.264069315378351,H,0.35,0.4,0.2499999999999999,1.0900000000000003,1.9,3.28,4.2,1.91,3.3,4.33,0.49221094754894956,0.28512219522652565,0.22266685722452478,-0.02407152774996707,-0.017330930403859468,0.041402458153826205
2026-04-12,Ligue 1,Lyon,Lorient,H,0.5452695753625734,0.243649519283097,0.2110809053543295,H,0.35,0.4,0.2499999999999999,1.0900000000000003,1.67,3.74,4.92,1.67,3.8,5.25,0.5599245351915529,0.2500197790828591,0.19005568572558806,-0.014654959828979575,-0.006370259799762107,0.02102521962874143
2026-04-12,Premier League,Sunderland,Tottenham,H,0.4723679093520713,0.26895274521999,0.2586793454279385,H,0.35,0.4,0.2499999999999999,1.0900000000000003,2.62,3.34,2.63,2.7,3.2,2.7,0.3596308790776889,0.282105659635792,0.3582634612865191,0.11273703027438237,-0.013152914415801964,-0.09958411585858057
2026-04-12,Bundesliga,Stuttgart,Hamburg,H,0.6791422087079602,0.192344500936288,0.1285132903557516,H,0.35,0.4,0.2499999999999999,1.0900000000000003,1.39,4.88,6.75,1.4,4.75,7.0,0.6707978910798543,0.19106743209036833,0.13813467682977737,0.008344317628105835,0.00127706884591966,-0.009621386474025773
2026-04-12,La Liga,Mallorca,Vallecano,H,0.379009094928729,0.2832104524829225,0.3377804525883483,H,0.35,0.4,0.2499999999999999,1.0900000000000003,2.41,3.15,2.96,2.38,3.25,3.0,0.38770681647130245,0.296626484982806,0.3156666985458915,-0.008697721542573478,-0.013416032499883546,0.0221137540424568
2026-04-12,Premier League,Nott'm Forest,Aston Villa,D,0.3242739923523852,0.2493783609034909,0.4263476467441238,A,0.35,0.4,0.2499999999999999,1.0900000000000003,2.61,3.33,2.65,2.63,3.3,2.7,0.361181714369912,0.2830883707223634,0.35572991490772465,-0.03690772201752679,-0.03371000981887254,0.07061773183639913
2026-04-13,Premier League,Man United,Leeds,A,0.6253677823543449,0.2209595983229994,0.1536726193226555,H,0.35,0.4,0.2499999999999999,1.0900000000000003,1.59,4.07,5.3,1.62,4.1,5.0,0.5914837959598896,0.2310710652521436,0.17744513878796692,0.03388398639445522,-0.010111466929144192,-0.02377251946531142
2026-04-13,Serie A,Fiorentina,Lazio,H,0.3879709743766206,0.2764868516345041,0.3355421739888752,H,0.35,0.4,0.2499999999999999,1.0900000000000003,2.28,3.05,3.31,2.25,3.2,3.4,0.4104479128974683,0.30682663652663206,0.2827254505758996,-0.0224769385208477,-0.030339784892127963,0.05281672341297561
2026-04-13,La Liga,Levante,Getafe,H,0.3705142992986491,0.2929128490962107,0.33657285160514,H,0.35,0.4,0.2499999999999999,1.0900000000000003,2.69,2.95,2.78,2.75,3.0,2.88,0.3472836834683481,0.3166756300101208,0.3360406865215311,0.023230615830301005,-0.023762780913910098,0.0005321650836089264
2026-04-17,Ligue 1,Lens,Toulouse,H,0.6702603253332776,0.1913421556186442,0.1383975190480779,H,0.35,0.4,0.2499999999999999,1.0900000000000003,1.48,4.4,6.18,1.5,4.5,5.75,0.6345798405615817,0.2134495827343502,0.1519705767040681,0.03568048477169594,-0.022107427115705985,-0.013573057655990206
2026-04-17,Serie A,Inter,Cagliari,H,0.8232623998963666,0.1174938942146932,0.05924370588894,H,0.35,0.4,0.2499999999999999,1.0900000000000003,1.23,6.04,11.88,1.25,6.0,12.0,0.7650069085512513,0.15578783071490715,0.07920526073384167,0.05825549134511532,-0.038293936500213954,-0.01996155484490167
2026-04-17,Serie A,Sassuolo,Como,H,0.2578089806983492,0.2458876645283886,0.4963033547732619,A,0.35,0.4,0.2499999999999999,1.0900000000000003,5.7,4.17,1.54,5.75,4.33,1.53,0.1647933731600665,0.22525712877994705,0.6099494980599864,0.09301560753828267,0.020630535748441536,-0.11364614328672457
2026-04-17,Bundesliga,St Pauli,FC Koln,D,0.3693920966486297,0.2793461491607309,0.3512617541906391,H,0.35,0.4,0.2499999999999999,1.0900000000000003,2.82,3.24,2.49,2.88,3.3,2.45,0.33301136785793894,0.2898432275800579,0.3771454045620031,0.036380728790690764,-0.01049707841932701,-0.025883650371363975
2026-04-18,Premier League,Tottenham,Brighton,D,0.2486510131061567,0.2714064734675884,0.4799425134262549,A,0.35,0.4,0.2499999999999999,1.0900000000000003,2.68,3.65,2.41,2.7,3.75,2.4,0.35133580697599176,0.2579671130673036,0.39069707995670455,-0.10268479386983506,0.013439360400284817,0.08924543346955033
2026-04-18,Serie A,Udinese,Parma,A,0.5286892861055599,0.2505437167368267,0.2207669971576133,H,0.35,0.4,0.2499999999999999,1.0900000000000003,2.16,2.99,3.77,2.15,3.0,3.9,0.43566296538210314,0.3147264231522886,0.24961061146560823,0.09302632072345673,-0.06418270641546192,-0.028843614307994925
2026-04-18,Premier League,Brentford,Fulham,D,0.4915501273510013,0.255324306507806,0.2531255661411925,H,0.35,0.4,0.2499999999999999,1.0900000000000003,2.09,3.63,3.26,2.1,3.75,3.25,0.4510880959369366,0.25971738856975135,0.2891945154933121,0.04046203141406468,-0.00439308206194533,-0.03606894935211957
2026-04-18,Serie A,Napoli,Lazio,A,0.5834923316033218,0.2409678012040842,0.1755398671925939,H,0.35,0.4,0.2499999999999999,1.0900000000000003,1.54,3.83,6.58,1.53,3.9,7.0,0.6111978812983838,0.2457558060573136,0.1430463126443026,-0.027705549695062004,-0.004788004853229388,0.03249355454829131
2026-04-18,Premier League,Chelsea,Man United,A,0.4504989647528366,0.2412645362864625,0.3082364989607007,H,0.35,0.4,0.2499999999999999,1.0900000000000003,2.21,3.54,3.07,2.2,3.5,3.2,0.4265914059954702,0.26631836362994044,0.3070902303745893,0.023907558757366387,-0.02505382734347794,0.0011462685861113875
2026-04-18,Premier League,Leeds,Wolves,H,0.4921183824271252,0.2690855453972107,0.2387960721756639,H,0.35,0.4,0.2499999999999999,1.0900000000000003,1.6,3.93,5.5,1.62,3.9,5.75,0.5889164373484456,0.23976241724109743,0.1713211454104569,-0.09679805492132038,0.029323128156113265,0.067474926765207
2026-04-18,Ligue 1,Lorient,Marseille,H,0.2691679745937116,0.2666392958707239,0.4641927295355644,A,0.35,0.4,0.2499999999999999,1.0900000000000003,4.26,3.85,1.74,4.5,4.0,1.73,0.21955008455578717,0.24293074291107877,0.5375191725331341,0.04961789003792444,0.023708552959645107,-0.07332644299756969
2026-04-18,Bundesliga,Werder Bremen,Hamburg,H,0.4821847002252916,0.266057339315931,0.2517579604587774,H,0.35,0.4,0.2499999999999999,1.0900000000000003,1.97,3.55,3.55,1.95,3.6,3.75,0.4739652870493991,0.2630173564753004,0.2630173564753004,0.008219413175892476,0.0030399828406306173,-0.011259396016522982
2026-04-18,Serie A,Roma,Atalanta,D,0.436052128468194,0.2503000651420185,0.3136478063897873,H,0.35,0.4,0.2499999999999999,1.0900000000000003,2.4,3.25,2.94,2.45,3.25,2.9,0.39142189996313137,0.2890500184343124,0.3195280816025562,0.04463022850506265,-0.03874995329229386,-0.005880275212768904
2026-04-18,Ligue 1,Angers,Le Havre,D,0.3875761508585393,0.2813386324720623,0.3310852166693983,H,0.35,0.4,0.2499999999999999,1.0900000000000003,2.78,3.0,2.65,2.88,3.1,2.63,0.3360527539417509,0.3114088853193558,0.3525383607388934,0.05152339691678842,-0.030070252847293477,-0.02145314406949511
2026-04-18,Bundesliga,Leverkusen,Augsburg,A,0.7375763186232135,0.1550518629763262,0.1073718184004601,H,0.35,0.4,0.2499999999999999,1.0900000000000003,1.4,4.86,6.64,1.4,5.0,7.0,0.6671518118518764,0.19218364950465572,0.14066453864346792,0.07042450677133705,-0.03713178652832952,-0.03329272024300782
2026-04-18,Bundesliga,Hoffenheim,Dortmund,H,0.251921245554698,0.2457630668052213,0.5023156876400805,A,0.35,0.4,0.2499999999999999,1.0900000000000003,2.53,3.8,2.42,2.5,4.0,2.5,0.3688343774816907,0.2455660460601782,0.3855995764581311,-0.11691313192699265,0.00019702074504310274,0.11671611118194941
2026-04-18,Ligue 1,Lille,Nice,D,0.6715797407005005,0.1832631316600066,0.1451571276394926,H,0.35,0.4,0.2499999999999999,1.0900000000000003,1.5,4.15,6.23,1.5,4.33,6.5,0.6241354753829256,0.2255911356805755,0.15027338893649894,0.04744426531757495,-0.04232800402056891,-0.005116261297006347
2026-04-18,Bundesliga,Union Berlin,Wolfsburg,A,0.4771263117855244,0.267927462196191,0.2549462260182844,H,0.35,0.4,0.2499999999999999,1.0900000000000003,2.14,3.46,3.18,2.15,3.6,3.25,0.43640430899081406,0.2699148038266885,0.2936808871824975,0.04072200279471033,-0.0019873416304974634,-0.03873466116421309
2026-04-18,Premier League,Newcastle,Bournemouth,A,0.439433160754187,0.2538448115842371,0.3067220276615756,H,0.35,0.4,0.2499999999999999,1.0900000000000003,1.96,3.81,3.48,2.0,3.75,3.5,0.4813120752744381,0.24760411221467155,0.2710838125108904,-0.04187891452025111,0.006240699369565561,0.03563821515068516
2026-04-18,Bundesliga,Ein Frankfurt,RB Leipzig,A,0.3607553715680577,0.263016524196042,0.3762281042359001,A,0.35,0.4,0.2499999999999999,1.0900000000000003,3.28,3.91,1.97,3.4,4.0,2.0,0.2854004023846664,0.2394151713098992,0.4751844263054344,0.0753549691833913,0.02360135288614279,-0.09895632206953431
2026-04-19,Bundesliga,Freiburg,Heidenheim,H,0.614382131944468,0.2230260257032518,0.16259184235228,H,0.35,0.4,0.2499999999999999,1.0900000000000003,1.65,4.05,4.63,1.67,4.1,4.75,0.5669644881854052,0.23098553222368362,0.20204997959091114,0.047417643759062766,-0.007959506520431814,-0.03945813723863115
2026-04-19,Premier League,Nott'm Forest,Burnley,H,0.6385352072359717,0.2137015386257919,0.1477632541382363,H,0.35,0.4,0.2499999999999999,1.0900000000000003,1.49,4.25,6.32,1.5,4.2,7.0,0.6303788140147809,0.2210033959722408,0.14861779001297837,0.008156393221190772,-0.00730185734644892,-0.0008545358747420739
2026-04-19,Serie A,Verona,Milan,A,0.1559155378429067,0.2133148210070595,0.6307696411500336,A,0.35,0.4,0.2499999999999999,1.0900000000000003,6.12,3.83,1.56,6.25,3.9,1.57,0.1533509917457189,0.2450412714056918,0.6016077368485895,0.0025645460971878142,-0.03172645039863228,0.029161904301444164
2026-04-19,Bundesliga,Bayern Munich,Stuttgart,H,0.7189344506155833,0.1677801401448552,0.1132854092395612,H,0.35,0.4,0.2499999999999999,1.0900000000000003,1.37,5.39,6.44,1.4,5.5,6.5,0.681706327930603,0.17327229485434625,0.14502137721505062,0.037228122684980214,-0.005492154709491048,-0.03173596797548943
2026-04-19,Serie A,Cremonese,Torino,D,0.2989219114927308,0.2771016716796048,0.4239764168276642,A,0.35,0.4,0.2499999999999999,1.0900000000000003,2.86,3.08,2.54,2.88,3.1,2.6,0.3273798563800406,0.3039955809243234,0.36862456269563615,-0.028457944887309794,-0.026893909244718572,0.05535185413202803
2026-04-19,Serie A,Pisa,Genoa,A,0.2901847509672682,0.2745905997103083,0.4352246493224233,A,0.35,0.4,0.2499999999999999,1.0900000000000003,3.24,3.12,2.29,3.25,3.1,2.35,0.2895773551870045,0.30071494577112007,0.40970769904187543,0.0006073957802636976,-0.026124346060811765,0.025516950280547845
2026-04-19,Ligue 1,Monaco,Auxerre,D,0.6572508135652235,0.2166879583886236,0.1260612280461526,H,0.35,0.4,0.2499999999999999,1.0900000000000003,1.54,4.18,5.59,1.53,4.33,6.0,0.6083046964490264,0.22411225658648343,0.16758304696449028,0.04894611711619712,-0.0074242981978598355,-0.04152181891833767
2026-04-19,Ligue 1,Paris SG,Lyon,A,0.6847479927050284,0.1855769600284401,0.1296750472665314,H,0.35,0.4,0.2499999999999999,1.0900000000000003,1.28,5.7,8.85,1.3,6.0,8.5,0.7303565999218173,0.16400990314033792,0.10563349693784477,-0.04560860721678894,0.021567056888102176,0.02404155032868663
2026-04-19,Premier League,Everton,Liverpool,A,0.3405505620225573,0.2475877515277939,0.4118616864496485,A,0.35,0.4,0.2499999999999999,1.0900000000000003,3.11,3.36,2.25,3.1,3.4,2.3,0.30231414278344954,0.2798205309692048,0.41786532624734574,0.038236419239107755,-0.0322327794414109,-0.006003639797697247
2026-04-19,Bundesliga,M'gladbach,Mainz,D,0.3683226605053091,0.2722773704379611,0.3593999690567296,H,0.35,0.4,0.2499999999999999,1.0900000000000003,2.39,3.4,2.79,2.35,3.5,2.9,0.3906903184089027,0.2746323120580228,0.33467736953307436,-0.02236765790359363,-0.0023549416200617235,0.024722599523655242
2026-04-19,Premier League,Aston Villa,Sunderland,H,0.6055535109639293,0.2287058307916466,0.1657406582444239,H,0.35,0.4,0.2499999999999999,1.0900000000000003,1.65,3.78,5.25,1.67,3.75,5.5,0.57116953762466,0.2493200362647326,0.1795104261106074,0.034383973339269236,-0.020614205473085984,-0.013769767866183502
2026-04-19,Ligue 1,Metz,Paris FC,A,0.2384911322719345,0.2745367710992389,0.4869720966288264,A,0.35,0.4,0.2499999999999999,1.0900000000000003,3.35,3.42,2.08,3.5,3.5,2.05,0.278543068139992,0.27284189423069394,0.44861503762931404,-0.040051935868057525,0.00169487686854497,0.03835705899951236
2026-04-19,Ligue 1,Strasbourg,Rennes,A,0.4333136986306521,0.2594412703365812,0.3072450310327665,H,0.35,0.4,0.2499999999999999,1.0900000000000003,2.57,3.6,2.49,2.63,3.75,2.5,0.3641637518128969,0.25997245615531805,0.37586379203178505,0.06914994681775521,-0.0005311858187368457,-0.06861876099901854
2026-04-19,Ligue 1,Nantes,Brest,D,0.2803164038784628,0.2529768158198898,0.4667067803016472,A,0.35,0.4,0.2499999999999999,1.0900000000000003,2.34,3.23,3.01,2.35,3.3,3.1,0.3997015281266573,0.28956705133634,0.3107314205370027,-0.11938512424819453,-0.03659023551645019,0.1559753597646445
2026-04-19,Premier League,Man City,Arsenal,H,0.4281170495691969,0.2567732751840686,0.3151096752467343,H,0.35,0.4,0.2499999999999999,1.0900000000000003,1.82,3.6,4.25,1.83,3.7,4.2,0.5171190049683982,0.2614323858451347,0.22144860918646703,-0.08900195539920136,-0.004659110661066057,0.09366106606026725
2026-04-19,Serie A,Juventus,Bologna,H,0.6028348972968683,0.229958108018685,0.1672069946844465,H,0.35,0.4,0.2499999999999999,1.0900000000000003,1.45,4.38,6.58,1.5,4.5,6.5,0.6445728701657706,0.21338599583113407,0.14204113400309532,-0.04173797286890224,0.01657211218755092,0.025165860681351182
2026-04-20,Premier League,Crystal Palace,West Ham,D,0.5051851980469553,0.2648307285028462,0.2299840734501984,H,0.35,0.4,0.2499999999999999,1.0900000000000003,2.31,3.21,3.11,2.38,3.2,3.1,0.4061092737457439,0.29224686054600263,0.3016438657082535,0.09907592430121137,-0.027416132043156405,-0.07165979225805513
2026-04-20,Serie A,Lecce,Fiorentina,D,0.2517096102694537,0.2775633459961769,0.4707270437343692,A,0.35,0.4,0.2499999999999999,1.0900000000000003,3.42,3.28,2.13,3.4,3.4,2.15,0.2740990089687155,0.2857983569125021,0.4401026341187826,-0.022389398699261764,-0.008235010916325225,0.0306244096155866
2026-04-21,La Liga,Mallorca,Valencia,D,0.4283124485382732,0.2781851706331785,0.2935023808285482,H,0.35,0.4,0.2499999999999999,1.0900000000000003,2.51,3.12,2.88,2.6,3.1,2.88,0.3736899890208604,0.30062880526998703,0.3256812057091526,0.05462245951741279,-0.02244363463680854,-0.03217882488060442
2026-04-21,La Liga,Ath Bilbao,Osasuna,H,0.4278920983306675,0.2731621671543143,0.2989457345150181,H,0.35,0.4,0.2499999999999999,1.0900000000000003,1.82,3.47,4.4,1.8,3.4,4.5,0.5159607183168082,0.27061916637942107,0.21342011530377067,-0.08806861998614074,0.0025430007748932226,0.08552561921124743
2026-04-21,Premier League,Brighton,Chelsea,H,0.4618103734214526,0.2555486893562455,0.2826409372223018,H,0.35,0.4,0.2499999999999999,1.0900000000000003,2.44,3.62,2.66,2.5,3.5,2.7,0.3859027588528559,0.26011125182347195,0.3539859893236723,0.07590761456859668,-0.004562562467226472,-0.07134505210137049
2026-04-21,La Liga,Girona,Betis,A,0.371667167875781,0.2699114735953897,0.358421358528829,H,0.35,0.4,0.2499999999999999,1.0900000000000003,2.39,3.37,2.88,2.38,3.3,3.0,0.3938465533962853,0.2793155081949916,0.3268379384087229,-0.022179385520504302,-0.00940403459960193,0.03158342012010612
2026-04-21,La Liga,Real Madrid,Alaves,H,0.7675816827006424,0.144329838558066,0.0880884787412913,H,0.35,0.4,0.2499999999999999,1.0900000000000003,1.23,6.46,11.23,1.22,6.5,12.0,0.7692718799208945,0.14647127125428797,0.08425684882481747,-0.0016901972202520987,-0.0021414326962219676,0.0038316299164738304
2026-04-22,La Liga,Elche,Ath Madrid,H,0.1961736774070894,0.2364716237810268,0.5673546988118836,A,0.35,0.4,0.2499999999999999,1.0900000000000003,2.65,3.61,2.44,2.55,3.8,2.45,0.3545926274812909,0.2602965270984545,0.3851108454202544,-0.15841895007420148,-0.02382490331742773,0.18224385339162918
2026-04-22,La Liga,Barcelona,Celta,H,0.7810507221420822,0.1374243535400448,0.0815249243178728,H,0.35,0.4,0.2499999999999999,1.0900000000000003,1.23,6.72,10.25,1.22,6.5,11.0,0.7674386734274359,0.14046868576127175,0.09209264081129231,0.013612048714646274,-0.0030443322212269364,-0.010567716493419518
2026-04-22,Premier League,Burnley,Man City,A,0.0887105701193372,0.159265387786944,0.7520240420937188,A,0.35,0.4,0.2499999999999999,1.0900000000000003,16.53,8.3,1.14,19.0,9.0,1.13,0.05717040914726546,0.11385865821738529,0.8289709326353493,0.03154016097207173,0.0454067295695587,-0.07694689054163051
2026-04-22,La Liga,Sociedad,Getafe,A,0.5148973298091997,0.2592307802372521,0.2258718899535481,H,0.35,0.4,0.2499999999999999,1.0900000000000003,2.22,3.01,3.58,2.3,3.0,3.5,0.42415058097427333,0.31282866769531126,0.2630207513304153,0.09074674883492634,-0.05359788745805916,-0.03714886137686721
2026-04-22,Premier League,Bournemouth,Leeds,D,0.5318000198313302,0.2603094826814208,0.2078904974872488,H,0.35,0.4,0.2499999999999999,1.0900000000000003,2.02,3.51,3.57,2.0,3.5,3.6,0.46700059256940324,0.26875817578068223,0.2642412316499145,0.06479942726192695,-0.00844869309926144,-0.05635073416266567
2026-04-22,Ligue 1,Paris SG,Nantes,H,0.8274553089659116,0.1200692399488521,0.052475451085236,H,0.35,0.4,0.2499999999999999,1.0900000000000003,1.17,7.28,12.84,1.18,7.0,13.0,0.7988268230902548,0.12838288228236233,0.07279029462738301,0.028628485875656806,-0.00831364233351023,-0.020314843542147014
2026-04-23,La Liga,Vallecano,Espanol,H,0.4582833856612616,0.2831759085977264,0.2585407057410118,H,0.35,0.4,0.2499999999999999,1.0900000000000003,2.08,3.2,3.65,2.1,3.25,3.75,0.4504782474544894,0.29281086084541813,0.2567108917000926,0.0078051382067722,-0.00963495224769173,0.0018298140409191976
2026-04-23,La Liga,Oviedo,Villarreal,D,0.2274758459785122,0.2527575546048568,0.5197665994166307,A,0.35,0.4,0.2499999999999999,1.0900000000000003,3.66,3.32,2.03,3.6,3.4,2.05,0.25605799259895284,0.28228079906993003,0.46166120833111707,-0.028582146620440646,-0.029523244465073206,0.05810539108551366
2026-04-23,La Liga,Levante,Sevilla,H,0.4347016640322705,0.278376130677261,0.2869222052904682,H,0.35,0.4,0.2499999999999999,1.0900000000000003,2.49,3.19,2.81,2.4,3.25,3.0,0.37499738536389454,0.2927095578545761,0.33229305678152943,0.059704278668375965,-0.014333427177315061,-0.04537085149106124
2026-04-24,Bundesliga,RB Leipzig,Union Berlin,H,0.7149226241870813,0.1750247860196342,0.1100525897932844,H,0.35,0.4,0.2499999999999999,1.0900000000000003,1.45,4.75,6.06,1.48,4.75,6.0,0.6474431786232414,0.19764054926393682,0.15491627211282177,0.06747944556383989,-0.022615763244302617,-0.04486368231953737
2026-04-24,Premier League,Sunderland,Nott'm Forest,A,0.3492390908253368,0.2822937370028312,0.3684671721718319,A,0.35,0.4,0.2499999999999999,1.0900000000000003,2.67,3.18,2.66,2.7,3.2,2.7,0.35169385820485954,0.29529012622860845,0.35301601556653195,-0.002454767379522771,-0.012996389225777227,0.015451156605299943
2026-04-24,Serie A,Napoli,Cremonese,H,0.7244274852086149,0.1822088182748759,0.093363696516509,H,0.35,0.4,0.2499999999999999,1.0900000000000003,1.32,4.85,9.45,1.33,5.25,9.0,0.7082918009225989,0.1927722014882125,0.09893599758918843,0.016135684286015972,-0.010563383213336608,-0.005572301072679434
2026-04-24,Ligue 1,Brest,Lens,D,0.2951353255830657,0.2460605008256888,0.4588041735912453,A,0.35,0.4,0.2499999999999999,1.0900000000000003,5.43,4.2,1.55,5.5,4.2,1.55,0.1725303120651958,0.22305704631286027,0.604412641621944,0.1226050135178699,0.023003454512828536,-0.14560846803069866
2026-04-24,La Liga,Betis,Real Madrid,D,0.2534077606475152,0.2317310637610079,0.5148611755914767,A,0.35,0.4,0.2499999999999999,1.0900000000000003,3.65,4.03,1.84,3.7,4.2,1.85,0.25710887738508426,0.2328653604108083,0.5100257622041073,-0.0037011167375690657,-0.001134296649800387,0.004835413387369369
2026-04-25,Bundesliga,Augsburg,Ein Frankfurt,D,0.3576410593998877,0.2632451776266921,0.37911376297342,A,0.35,0.4,0.2499999999999999,1.0900000000000003,2.45,3.69,2.53,2.5,3.8,2.5,0.37989070059858304,0.25223095297195897,0.36787834642945794,-0.022249641198695325,0.011014224654733118,0.01123541654396204
2026-04-25,Serie A,Verona,Lecce,D,0.363259506930684,0.2805480650360465,0.3561924280332693,H,0.35,0.4,0.2499999999999999,1.0900000000000003,2.66,2.98,2.8,2.7,3.0,2.88,0.3517884547278951,0.3140125132806044,0.33419903199150036,0.011471052202788878,-0.03346444824455791,0.02199339604176892
2026-04-25,Bundesliga,FC Koln,Leverkusen,A,0.2000537937153121,0.2235241947866798,0.5764220114980079,A,0.35,0.4,0.2499999999999999,1.0900000000000003,3.72,3.9,1.83,3.8,4.0,1.85,0.2508382362244575,0.23926108686025185,0.5099006769152907,-0.050784442509145405,-0.015736892073572067,0.06652133458271714
2026-04-25,Ligue 1,Lyon,Auxerre,H,0.6213343286925179,0.2266184228609064,0.1520472484465754,H,0.35,0.4,0.2499999999999999,1.0900000000000003,1.63,3.83,5.03,1.65,3.9,5.25,0.5715451230764211,0.24324244141372486,0.18521243550985414,0.04978920561609679,-0.016624018552818476,-0.03316518706327873
2026-04-25,La Liga,Getafe,Barcelona,A,0.1495549222056621,0.2170615076519448,0.6333835701423928,A,0.35,0.4,0.2499999999999999,1.0900000000000003,5.2,3.93,1.61,5.25,3.8,1.67,0.18008384729887036,0.23827888192216948,0.5816372707789602,-0.03052892509320826,-0.021217374270224687,0.05174629936343256
2026-04-25,Bundesliga,Mainz,Bayern Munich,A,0.122464782614606,0.1850832115159225,0.6924520058694712,A,0.35,0.4,0.2499999999999999,1.0900000000000003,4.33,4.37,1.64,4.33,4.5,1.67,0.21593185919897798,0.2139553662085983,0.5701127745924236,-0.09346707658437198,-0.028872154692675817,0.1223392312770476
2026-04-25,Premier League,Fulham,Aston Villa,H,0.3228429000487485,0.2509697166583412,0.4261873832929103,A,0.35,0.4,0.2499999999999999,1.0900000000000003,2.67,3.5,2.47,2.75,3.6,2.45,0.35163860743789893,0.26825002338834,0.38011136917376115,-0.028795707389150438,-0.01728030672999875,0.046076014119149133
2026-04-25,Premier League,Wolves,Tottenham,A,0.417312947928883,0.275274621372203,0.3074124306989138,H,0.35,0.4,0.2499999999999999,1.0900000000000003,4.48,3.99,1.7,4.5,4.33,1.67,0.21016787402941048,0.23597796382249597,0.5538541621480936,0.20714507389947254,0.039296657549707015,-0.2464417314491798
2026-04-25,Serie A,Parma,Pisa,H,0.5345984884992077,0.2622331544917657,0.2031683570090265,H,0.35,0.4,0.2499999999999999,1.0900000000000003,2.05,3.2,3.73,2.1,3.2,3.8,0.45657454336807884,0.2924930668451755,0.25093238978674576,0.07802394513112881,-0.0302599123534098,-0.04776403277771926
2026-04-25,Premier League,West Ham,Everton,H,0.339351142887208,0.2702517016720293,0.3903971554407626,A,0.35,0.4,0.2499999999999999,1.0900000000000003,2.38,3.34,2.9,2.4,3.4,2.9,0.3947475669595553,0.281287188432258,0.32396524460818676,-0.055396424072347294,-0.011035486760228697,0.06643191083257582
2026-04-25,Serie A,Bologna,Roma,A,0.341345027060103,0.2568942122946779,0.401760760645219,A,0.35,0.4,0.2499999999999999,1.0900000000000003,2.98,3.21,2.38,3.1,3.2,2.4,0.3144209399950613,0.29189233681784504,0.3936867231870936,0.02692408706504168,-0.03499812452316714,0.008074037458125405
2026-04-25,La Liga,Ath Madrid,Ath Bilbao,H,0.5821825556535638,0.2189559452576765,0.1988614990887595,H,0.35,0.4,0.2499999999999999,1.0900000000000003,2.16,3.48,3.15,2.2,3.6,3.1,0.43357539513028626,0.26911576249466046,0.29730884237505345,0.14860716052327755,-0.050159817236983956,-0.09844734328629395
2026-04-25,Ligue 1,Angers,Paris SG,A,0.0993312381478775,0.1709709716044026,0.7296977902477196,A,0.35,0.4,0.2499999999999999,1.0900000000000003,10.7,5.96,1.24,10.0,6.0,1.27,0.08753245276582843,0.15714718869032954,0.755320358543842,0.011798785382049079,0.013823782914073074,-0.025622568296122417
2026-04-25,Bundesliga,Heidenheim,St Pauli,H,0.4611777532335733,0.2508709349036913,0.2879513118627353,H,0.35,0.4,0.2499999999999999,1.0900000000000003,2.35,3.32,2.89,2.3,3.5,3.0,0.39667111785449993,0.28077624305966115,0.32255263908583903,0.06450663537907336,-0.029905308155969867,-0.03460132722310372
2026-04-25,La Liga,Alaves,Mallorca,H,0.4361502093032426,0.2759066576973182,0.2879431329994389,H,0.35,0.4,0.2499999999999999,1.0900000000000003,2.13,3.13,3.61,2.2,3.0,3.8,0.4404240806064976,0.29971351172263255,0.2598624076708698,-0.004273871303255017,-0.02380685402531435,0.02808072532856909
2026-04-25,Ligue 1,Toulouse,Monaco,D,0.2754725483812538,0.2525217402429852,0.4720057113757608,A,0.35,0.4,0.2499999999999999,1.0900000000000003,3.32,3.64,2.01,3.3,3.8,2.05,0.2805970607185592,0.2559291872487957,0.46347375203264507,-0.005124512337305431,-0.0034074470058105266,0.008531959343115736
2026-04-25,Premier League,Arsenal,Newcastle,H,0.667204359415358,0.1874457459087149,0.1453498946759267,H,0.35,0.4,0.2499999999999999,1.0900000000000003,1.45,4.66,6.22,1.45,4.75,6.25,0.6475518976256222,0.20149147029123435,0.15095663208314342,0.019652461789735898,-0.014045724382519442,-0.005606737407216705
2026-04-25,La Liga,Valencia,Girona,H,0.4031428340587619,0.2772559053551326,0.3196012605861053,H,0.35,0.4,0.2499999999999999,1.0900000000000003,2.06,3.39,3.49,2.1,3.4,3.5,0.4549740615830703,0.27647391352835543,0.26855202488857444,-0.05183122752430841,0.0007819918267771842,0.05104923569753084
2026-04-25,Premier League,Liverpool,Crystal Palace,H,0.5900210792190914,0.2319605508749021,0.1780183699060062,H,0.35,0.4,0.2499999999999999,1.0900000000000003,1.44,4.76,6.31,1.44,5.0,6.25,0.6532829886637491,0.1976318285033191,0.14908518283293168,-0.0632619094446577,0.03432872237158302,0.028933187073074518
2026-04-25,Bundesliga,Hamburg,Hoffenheim,A,0.2985998036856068,0.2510417040865706,0.4503584922278223,A,0.35,0.4,0.2499999999999999,1.0900000000000003,3.88,3.96,1.77,4.0,4.0,1.75,0.2396996060407091,0.2348571897570584,0.5254432042022323,0.05890019764489768,0.016184514329512206,-0.07508471197441002
2026-04-25,Bundesliga,Wolfsburg,M'gladbach,D,0.3671175455829724,0.2718889320434164,0.360993522373611,H,0.35,0.4,0.2499999999999999,1.0900000000000003,2.2,3.59,2.95,2.2,3.75,3.0,0.4239846267790299,0.25982344816542224,0.3161919250555478,-0.056867081196057545,0.012065483877994165,0.04480159731806321
2026-04-26,Serie A,Torino,Inter,D,0.1484171295267166,0.1947708201382074,0.6568120503350758,A,0.35,0.4,0.2499999999999999,1.0900000000000003,7.17,4.61,1.4,7.5,5.0,1.4,0.13026357484100537,0.20260083115184566,0.667135594007149,0.018153554685711226,-0.007830011013638255,-0.01032354367207311
2026-04-26,Bundesliga,Stuttgart,Werder Bremen,D,0.6540621589181972,0.1982912267232734,0.1476466143585292,H,0.35,0.4,0.2499999999999999,1.0900000000000003,1.5,4.46,5.46,1.53,4.33,5.5,0.6207139142935797,0.20876028507631608,0.1705258006301043,0.033348244624617496,-0.010469058353042682,-0.02287918627157512
2026-04-26,Ligue 1,Paris FC,Lille,A,0.2834534949834272,0.2526255387936699,0.4639209662229028,A,0.35,0.4,0.2499999999999999,1.0900000000000003,3.8,3.53,1.89,4.0,3.6,1.91,0.24467410159272684,0.263388551289621,0.49193734711765197,0.038779393390700356,-0.01076301249595113,-0.02801638089474917
2026-04-26,Ligue 1,Marseille,Nice,D,0.5693332354278182,0.2333549309055881,0.1973118336665936,H,0.35,0.4,0.2499999999999999,1.0900000000000003,1.45,4.68,5.9,1.48,4.5,6.5,0.6428421763322701,0.19917118711149395,0.15798663655623585,-0.07350894090445192,0.03418374379409414,0.03932519711035776
2026-04-26,La Liga,Villarreal,Celta,H,0.5907117032030723,0.2204545865130403,0.1888337102838872,H,0.35,0.4,0.2499999999999999,1.0900000000000003,2.03,3.35,3.57,2.05,3.4,3.7,0.4598551933894975,0.2786585201733372,0.2614862864371652,0.13085650981357483,-0.058203933660296886,-0.072652576153278
2026-04-26,La Liga,Osasuna,Sevilla,H,0.5309950995415895,0.2505723067160653,0.2184325937423451,H,0.35,0.4,0.2499999999999999,1.0900000000000003,2.03,3.35,3.55,2.05,3.25,4.0,0.4591787486244908,0.27824861483812424,0.2625726365373849,0.0718163509170987,-0.027676308122058957,-0.044140042795039774
2026-04-26,Ligue 1,Le Havre,Metz,D,0.5632618143635906,0.2503700303793689,0.1863681552570404,H,0.35,0.4,0.2499999999999999,1.0900000000000003,1.62,3.81,5.18,1.67,4.0,5.0,0.5753944652415771,0.24465591435468637,0.1799496204037365,-0.01213265087798654,0.005714116024682525,0.006418534853303903
2026-04-26,Serie A,Milan,Juventus,D,0.3908079272465051,0.2671005070670649,0.3420915656864299,H,0.35,0.4,0.2499999999999999,1.0900000000000003,2.93,3.11,2.45,3.1,3.1,2.45,0.3186701965261833,0.30022626232209554,0.38110354115172124,0.07213773072032181,-0.03312575525503064,-0.03901197546529134
2026-04-26,Ligue 1,Rennes,Nantes,H,0.6893978425022416,0.1991114963009745,0.1114906611967838,H,0.35,0.4,0.2499999999999999,1.0900000000000003,1.4,4.62,7.02,1.42,4.75,7.5,0.6655749008791588,0.2016893639027754,0.13273573521806586,0.02382294162308274,-0.0025778676018008984,-0.021245074021282062
2026-04-26,Ligue 1,Lorient,Strasbourg,A,0.3646821089028488,0.276242403045306,0.3590754880518451,H,0.35,0.4,0.2499999999999999,1.0900000000000003,2.09,3.51,3.22,2.1,3.6,3.2,0.4455315575983823,0.2652880214759598,0.289180420925658,-0.08084944869553351,0.010954381569346194,0.0698950671261871
2026-04-26,Serie A,Genoa,Como,A,0.2940552214939569,0.2614210710480213,0.4445237074580217,A,0.35,0.4,0.2499999999999999,1.0900000000000003,4.52,3.63,1.75,4.5,3.8,1.75,0.20712355029817314,0.2579059083602597,0.5349705413415672,0.08693167119578377,0.0035151626877616415,-0.09044683388354546
2026-04-26,Serie A,Fiorentina,Sassuolo,D,0.5096935141714964,0.2617960161306541,0.2285104696978492,H,0.35,0.4,0.2499999999999999,1.0900000000000003,1.9,3.34,4.08,1.91,3.3,4.33,0.49150952923693964,0.2796012292066424,0.228889241556418,0.018183984934556807,-0.017805213075988258,-0.00037877185856879936
2026-04-26,Bundesliga,Dortmund,Freiburg,H,0.6284703837174268,0.2094624216609471,0.1620671946216258,H,0.35,0.4,0.2499999999999999,1.0900000000000003,1.35,4.98,7.51,1.36,5.25,7.5,0.6892536669781225,0.1868458735784067,0.12390045944347078,-0.06078328326069571,0.022616548082540405,0.038166735178155026
2026-04-26,La Liga,Oviedo,Elche,A,0.4796979567331334,0.2800417670073608,0.2402602762595056,H,0.35,0.4,0.2499999999999999,1.0900000000000003,2.34,3.29,2.93,2.4,3.25,3.1,0.3984252619396971,0.28337845378081794,0.318196284279485,0.08127269479343635,-0.003336686773457165,-0.07793600801997938
2026-04-26,La Liga,Vallecano,Sociedad,D,0.3746845397580401,0.2921430374027963,0.3331724228391634,H,0.35,0.4,0.2499999999999999,1.0900000000000003,2.62,3.23,2.63,2.7,3.1,2.7,0.3562086707117128,0.28893706416863396,0.3548542651196531,0.01847586904632731,0.0032059732341623293,-0.02168184228048975
2026-04-27,Serie A,Cagliari,Atalanta,H,0.1912311481981611,0.2381811499117248,0.570587701890114,A,0.35,0.4,0.2499999999999999,1.0900000000000003,4.51,3.64,1.74,4.5,3.6,1.8,0.20699798022054167,0.2564727721963304,0.536529247583128,-0.015766832022380578,-0.018291622284605624,0.03405845430698595
2026-04-27,La Liga,Espanol,Levante,D,0.4065687801671379,0.2915868821758157,0.3018443376570462,H,0.35,0.4,0.2499999999999999,1.0900000000000003,1.98,3.36,3.72,2.0,3.4,3.8,0.4713548737442303,0.2777626934564214,0.25088243279934835,-0.06478609357709242,0.013824188719394281,0.05096190485769786
2026-04-27,Premier League,Man United,Brentford,H,0.4989802720847216,0.2512113578023818,0.2498083701128965,H,0.35,0.4,0.2499999999999999,1.0900000000000003,1.84,3.82,3.84,1.85,3.8,4.0,0.5099849808088113,0.24564721588696667,0.2443678033042221,-0.011004708724089651,0.005564141915415127,0.005440566808674413
2026-04-27,Serie A,Lazio,Udinese,D,0.5305978546683299,0.2631545073368119,0.2062476379948581,H,0.35,0.4,0.2499999999999999,1.0900000000000003,1.97,3.26,3.87,1.95,3.3,4.2,0.4731849840411367,0.2859430731782329,0.2408719427806303,0.05741287062719319,-0.022788565841421027,-0.03462430478577219
2026-05-01,Premier League,Leeds,Burnley,H,0.6114522941455447,0.241177175050009,0.1473705308044462,H,0.35,0.4,0.2499999999999999,1.0900000000000003,1.34,5.09,8.57,1.33,5.0,9.5,0.7044135149057661,0.18544481531900328,0.11014166977523064,-0.0929612207602214,0.05573235973100571,0.03722886102921556
2026-05-01,Serie A,Pisa,Lecce,A,0.3626650696664107,0.2999081100304488,0.3374268203031403,H,0.35,0.4,0.2499999999999999,1.0900000000000003,3.42,2.99,2.27,3.5,3.0,2.3,0.2739410328335318,0.3133372348798257,0.4127217322866426,0.08872403683287894,-0.013429124849376861,-0.0752949119835023
2026-05-01,La Liga,Girona,Mallorca,A,0.4547356583834568,0.2788507083182856,0.2664136332982574,H,0.35,0.4,0.2499999999999999,1.0900000000000003,2.04,3.43,3.57,2.05,3.4,3.75,0.46164199192462985,0.2745625841184387,0.26379542395693134,-0.0069063335411730375,0.004288124199846921,0.002618209341326061
2026-05-02,La Liga,Osasuna,Barcelona,A,0.1622398827341909,0.202662612188048,0.6350975050777611,A,0.35,0.4,0.2499999999999999,1.0900000000000003,4.35,3.97,1.71,4.5,4.0,1.7,0.21553686576688988,0.23616759851032013,0.54829553572279,-0.053296983032698975,-0.03350498632227211,0.08680196935497109
2026-05-02,Bundesliga,Werder Bremen,Augsburg,A,0.4217992864052879,0.2684918899627492,0.3097088236319627,H,0.35,0.4,0.2499999999999999,1.0900000000000003,1.92,3.76,3.5,1.95,3.8,3.6,0.4856231918285411,0.24797780008265927,0.2663990080887996,-0.06382390542325317,0.02051408988008993,0.0433098155431631
2026-05-02,Serie A,Udinese,Torino,H,0.4474272273221457,0.2664811701585533,0.2860916025193009,H,0.35,0.4,0.2499999999999999,1.0900000000000003,2.25,3.19,3.2,2.3,3.2,3.3,0.41520408370787654,0.2928555449350227,0.2919403713571007,0.032223143614269145,-0.026374374776469367,-0.005848768837799834
2026-05-02,Serie A,Atalanta,Genoa,D,0.6235496268344859,0.2179079208205298,0.1585424523449841,H,0.35,0.4,0.2499999999999999,1.0900000000000003,1.57,3.99,5.54,1.57,4.1,5.75,0.5963465860192572,0.23465266667925658,0.16900074730148626,0.02720304081522873,-0.01674474585872679,-0.010458294956502162
2026-05-02,Bundesliga,Union Berlin,FC Koln,D,0.4029157774078791,0.2774097555174672,0.3196744670746534,H,0.35,0.4,0.2499999999999999,1.0900000000000003,2.37,3.31,2.84,2.45,3.3,2.9,0.39207704403171517,0.28073190161787465,0.3271910543504103,0.010838733376163923,-0.0033221461004074304,-0.007516587275756881
2026-05-02,Premier League,Newcastle,Brighton,H,0.3602290561935419,0.2635928432415095,0.3761781005649484,A,0.35,0.4,0.2499999999999999,1.0900000000000003,2.5,3.6,2.6,2.5,3.75,2.6,0.3765084473049075,0.2614641995172969,0.3620273531777956,-0.016279391111365615,0.00212864372421262,0.014150747387152773
2026-05-02,Bundesliga,Leverkusen,RB Leipzig,H,0.4800780617729033,0.2396192391282858,0.2803026990988106,H,0.35,0.4,0.2499999999999999,1.0900000000000003,2.1,3.98,2.9,2.1,4.2,2.88,0.44409388226240865,0.23432089265101963,0.32158522508657184,0.03598417951049465,0.00529834647726618,-0.04128252598776122
2026-05-02,Bundesliga,Bayern Munich,Heidenheim,D,0.8777171304531859,0.0869629532276222,0.0353199163191917,H,0.35,0.4,0.2499999999999999,1.0900000000000003,1.22,6.75,9.61,1.25,7.0,9.5,0.7647061597350835,0.13821355775952618,0.09708028250539041,0.1130109707181024,-0.051250604531903984,-0.06176036618619871
2026-05-02,La Liga,Alaves,Ath Bilbao,A,0.3827514897197756,0.2664081844759113,0.3508403258043129,H,0.35,0.4,0.2499999999999999,1.0900000000000003,2.65,3.35,2.55,2.7,3.4,2.55,0.3533243718333161,0.2794953986144142,0.3671802295522697,0.029427117886459464,-0.01308721413850289,-0.016339903747956797
2026-05-02,Bundesliga,Hoffenheim,Stuttgart,D,0.3475984021233148,0.2573879714563098,0.3950136264203753,A,0.35,0.4,0.2499999999999999,1.0900000000000003,2.27,3.98,2.63,2.3,4.2,2.6,0.41093588671526887,0.23437800573961312,0.35468610754511803,-0.0633374845919541,0.023009965716696695,0.04032751887525726
2026-05-02,Serie A,Como,Napoli,D,0.3812428808675284,0.2380216497295206,0.3807354694029508,H,0.35,0.4,0.2499999999999999,1.0900000000000003,2.24,3.26,3.18,2.25,3.3,3.3,0.4181442700182314,0.287313854245656,0.2945418757361127,-0.03690138915070301,-0.04929220451613536,0.0861935936668381
2026-05-02,Premier League,Wolves,Sunderland,D,0.3877674315100545,0.2697853488239742,0.3424472196659711,H,0.35,0.4,0.2499999999999999,1.0900000000000003,3.24,3.35,2.18,3.1,3.2,2.1,0.28956947208983275,0.28006122076748,0.43036930714268723,0.09819795942022175,-0.010275871943505821,-0.08792208747671615
2026-05-02,Ligue 1,Nantes,Marseille,H,0.1999456708063444,0.2311467179272441,0.5689076112664113,A,0.35,0.4,0.2499999999999999,1.0900000000000003,4.45,3.95,1.68,4.33,4.1,1.73,0.20940690133956041,0.23591410404077057,0.554678994619669,-0.009461230533216014,-0.004767386113526478,0.014228616646742354
2026-05-02,Premier League,Arsenal,Fulham,H,0.6449535029372464,0.2188892182846019,0.1361572787781515,H,0.35,0.4,0.2499999999999999,1.0900000000000003,1.44,4.39,7.0,1.44,4.33,7.0,0.6520041755425235,0.2138692512030146,0.13412657325446198,-0.007050672605277142,0.0050199670815873065,0.00203070552368953
2026-05-02,Ligue 1,Paris SG,Lorient,D,0.7835495525669094,0.139894625749762,0.0765558216833284,H,0.35,0.4,0.2499999999999999,1.0900000000000003,1.29,5.67,8.6,1.3,5.75,8.0,0.7259458421355867,0.16516228154407528,0.108891876320338,0.05760371043132273,-0.025267655794313282,-0.0323360546370096
2026-05-02,Ligue 1,Nice,Lens,D,0.2669578245678342,0.2435339592944878,0.4895082161376777,A,0.35,0.4,0.2499999999999999,1.0900000000000003,4.11,3.96,1.73,4.0,4.2,1.75,0.2265723442042286,0.2351546299695403,0.538273025826231,0.04038548036360559,0.008379329324947477,-0.048764809688553346
2026-05-02,La Liga,Valencia,Ath Madrid,A,0.2729163560684272,0.2450082889146817,0.4820753550168909,A,0.35,0.4,0.2499999999999999,1.0900000000000003,1.78,3.77,4.19,1.8,3.9,4.0,0.5271565921688899,0.24889621593119998,0.22394719189991022,-0.2542402361004627,-0.003887927016518272,0.2581281631169807
2026-05-02,Ligue 1,Metz,Monaco,A,0.1726497176888745,0.2116665222420023,0.6156837600691231,A,0.35,0.4,0.2499999999999999,1.0900000000000003,6.52,5.06,1.39,6.5,5.5,1.4,0.14328320505873196,0.18462578991757558,0.6720910050236925,0.029366512630142533,0.02704073232442672,-0.05640724495456939
2026-05-02,Bundesliga,Ein Frankfurt,Hamburg,A,0.6165931513726501,0.2214844131369042,0.1619224354904454,H,0.35,0.4,0.2499999999999999,1.0900000000000003,1.7,4.05,4.26,1.73,4.1,4.33,0.54980879541109,0.23078393881453158,0.2194072657743786,0.06678435596156018,-0.009299525677627374,-0.0574848302839332
2026-05-02,Premier League,Brentford,West Ham,H,0.4921522683984297,0.2622179511150574,0.2456297804865126,H,0.35,0.4,0.2499999999999999,1.0900000000000003,1.91,3.77,3.62,1.91,3.75,3.75,0.4915803085479229,0.24904997064364268,0.25936972080843446,0.0005719598505067869,0.013167980471414736,-0.013739940321921856
2026-05-02,La Liga,Villarreal,Levante,H,0.6552504131710744,0.2184898126752133,0.1262597741537122,H,0.35,0.4,0.2499999999999999,1.0900000000000003,1.7,4.09,4.31,1.7,4.33,4.33,0.5524619294908157,0.22962965284459336,0.21790841766459093,0.10278848368025861,-0.01113984016938005,-0.09164864351087873
2026-05-03,Ligue 1,Lille,Le Havre,D,0.6916586047932114,0.1928376144381111,0.1155037807686773,H,0.35,0.4,0.2499999999999999,1.0900000000000003,1.39,4.48,7.78,1.42,4.75,7.5,0.6716227517448426,0.2083829519922614,0.11999429626289602,0.020035853048368746,-0.015545337554150301,-0.004490515494218722
2026-05-03,La Liga,Betis,Oviedo,H,0.5950699007849583,0.2341178063265695,0.170812292888472,H,0.35,0.4,0.2499999999999999,1.0900000000000003,1.54,4.02,5.75,1.57,4.1,5.75,0.6057262950462255,0.2320444015848725,0.16222930336890215,-0.010656394261267299,0.0020734047416970103,0.008582989519569845
2026-05-03,La Liga,Espanol,Real Madrid,A,0.1477745502549591,0.2151049416293545,0.6371205081156862,A,0.35,0.4,0.2499999999999999,1.0900000000000003,4.3,3.84,1.73,4.5,3.9,1.73,0.21713919631825634,0.24315066254388085,0.5397101411378626,-0.06936464606329726,-0.02804572091452634,0.09741036697782357
2026-05-03,Serie A,Juventus,Verona,D,0.7662415455600426,0.1629115971580957,0.0708468572818615,H,0.35,0.4,0.2499999999999999,1.0900000000000003,1.21,6.02,12.75,1.22,6.5,12.0,0.7716652909968864,0.15510215981831105,0.07323254918480254,-0.005423745436843763,0.007809437339784647,-0.0023856919029410367
2026-05-03,Serie A,Bologna,Cagliari,D,0.5489380098072547,0.2465910542386314,0.2044709359541136,H,0.35,0.4,0.2499999999999999,1.0900000000000003,1.78,3.43,4.55,1.8,3.5,4.75,0.5235165660882429,0.2716791509145983,0.20480428299715875,0.025421443719011783,-0.025088096675966925,-0.0003333470430451624
2026-05-03,La Liga,Getafe,Vallecano,A,0.4327096586015898,0.2890214285827887,0.2782689128156214,H,0.35,0.4,0.2499999999999999,1.0900000000000003,1.93,3.17,4.15,1.91,3.3,4.2,0.48218494232693504,0.2935700122053579,0.2242450454677071,-0.049475283725345265,-0.004548583622569213,0.054023867347914284
2026-05-03,Serie A,Inter,Parma,H,0.7910438964582127,0.1391892483683397,0.0697668551734474,H,0.35,0.4,0.2499999999999999,1.0900000000000003,1.21,6.25,11.94,1.22,6.0,13.0,0.7722365315222554,0.14950499250270866,0.07825847597503593,0.01880736493595736,-0.010315744134368948,-0.008491620801588537
2026-05-03,Premier League,Aston Villa,Tottenham,A,0.6332404969068859,0.2200357947091206,0.1467237083839934,H,0.35,0.4,0.2499999999999999,1.0900000000000003,2.1,3.59,3.21,2.15,3.6,3.2,0.4465952821085185,0.2612395800634788,0.29216513782800274,0.18664521479836738,-0.0412037853543582,-0.14544142944400934
2026-05-03,Ligue 1,Paris FC,Brest,H,0.429873502190478,0.2481142922121014,0.3220122055974204,H,0.35,0.4,0.2499999999999999,1.0900000000000003,2.01,3.44,3.53,2.0,3.5,3.75,0.46431562082981237,0.2713006970546287,0.26438368211555885,-0.034442118639334385,-0.02318640484252732,0.05762852348186154
2026-05-03,Premier League,Man United,Liverpool,H,0.380215686318049,0.2543333475533305,0.3654509661286204,H,0.35,0.4,0.2499999999999999,1.0900000000000003,2.29,3.73,2.76,2.3,3.8,2.75,0.4092237119835909,0.2512392226387194,0.33953706537768963,-0.029008025665541948,0.003094124914611085,0.025913900750930752
2026-05-03,Ligue 1,Strasbourg,Toulouse,A,0.5696200270653318,0.2322870838023414,0.1980928891323266,H,0.35,0.4,0.2499999999999999,1.0900000000000003,2.56,3.48,2.54,2.63,3.5,2.6,0.3644970804605285,0.2681357833272853,0.3673671362121862,0.2051229466048033,-0.03584869952494393,-0.1692742470798596
2026-05-03,Ligue 1,Lyon,Rennes,H,0.4860135199203231,0.2530791403704558,0.2609073397092208,H,0.35,0.4,0.2499999999999999,1.0900000000000003,2.16,3.59,2.99,2.1,3.5,2.88,0.4302779102814378,0.2588858735955169,0.3108362161230454,0.0557356096388853,-0.005806733225061089,-0.0499288764138246
2026-05-03,Ligue 1,Auxerre,Angers,H,0.5085570255099737,0.2567231281716736,0.2347198463183526,H,0.35,0.4,0.2499999999999999,1.0900000000000003,1.68,3.55,5.16,1.67,3.7,5.5,0.5559197348774537,0.2630831421391894,0.18099712298335702,-0.047362709367479994,-0.006360013967515787,0.05372272333499559
2026-05-03,Bundesliga,Freiburg,Wolfsburg,D,0.5718135559312111,0.2498800644010121,0.1783063796677766,H,0.35,0.4,0.2499999999999999,1.0900000000000003,2.43,3.51,2.67,2.55,3.5,2.7,0.38425772168714706,0.2660245765526403,0.34971770176021255,0.18755583424406402,-0.016144512151628182,-0.17141132209243595
2026-05-03,Bundesliga,M'gladbach,Dortmund,H,0.1868092107804176,0.2262264517253973,0.5869643374941849,A,0.35,0.4,0.2499999999999999,1.0900000000000003,3.59,3.79,1.89,3.75,3.8,1.91,0.2599630547682213,0.24624468776198266,0.493792257469796,-0.0731538439878037,-0.02001823603658537,0.09317208002438887
2026-05-03,Premier League,Bournemouth,Crystal Palace,H,0.494257609511089,0.2527995516656777,0.2529428388232331,H,0.35,0.4,0.2499999999999999,1.0900000000000003,1.58,4.16,5.2,1.57,4.33,5.25,0.593946316390634,0.22558537978298115,0.18046830382638493,-0.09968870687954501,0.027214171882696536,0.07247453499684817
2026-05-03,Bundesliga,St Pauli,Mainz,A,0.2835117990247513,0.2641123555569146,0.4523758454183339,A,0.35,0.4,0.2499999999999999,1.0900000000000003,2.7,3.22,2.55,2.63,3.3,2.6,0.34514501891551064,0.2894073139974779,0.3654476670870113,-0.061633219890759317,-0.025294958440563287,0.0869281783313226
2026-05-03,Serie A,Sassuolo,Milan,H,0.2623980785349471,0.2495499373712847,0.4880519840937681,A,0.35,0.4,0.2499999999999999,1.0900000000000003,4.49,3.98,1.68,4.5,4.1,1.73,0.20830036324213858,0.23499211833095535,0.5567075184269061,0.054097715292808546,0.01455781904032935,-0.06865553433313804
2026-05-03,La Liga,Celta,Elche,H,0.5320437355922818,0.2532446446128116,0.2147116197949064,H,0.35,0.4,0.2499999999999999,1.0900000000000003,1.75,3.81,4.24,1.75,3.8,4.5,0.5341727867627364,0.24535495454981332,0.22047225868745016,-0.002129051170454588,0.007889690062998278,-0.005760638892543746
2026-05-04,Premier League,Everton,Man City,D,0.2183331187477564,0.21370578311475,0.5679610981374934,A,0.35,0.4,0.2499999999999999,1.0900000000000003,6.38,4.63,1.44,6.5,4.75,1.44,0.14687468332679796,0.20238887248919457,0.6507364441840076,0.07145843542095845,0.011316910625555426,-0.08277534604651415
2026-05-04,Serie A,Cremonese,Lazio,A,0.1970545166507103,0.2438045432489091,0.5591409401003804,A,0.35,0.4,0.2499999999999999,1.0900000000000003,2.88,3.21,2.42,2.9,3.25,2.5,0.32390983463010686,0.2906106927522454,0.38547947261764787,-0.12685531797939656,-0.04680614950333628,0.17366146748273253
2026-05-04,Serie A,Roma,Fiorentina,H,0.5608197874868132,0.2447557005213948,0.1944245119917918,H,0.35,0.4,0.2499999999999999,1.0900000000000003,1.61,3.94,5.08,1.62,4.2,5.0,0.5795224886644622,0.2368099509517219,0.1836675603838158,-0.01870270117764905,0.007945749569672922,0.010756951607976017
2026-05-04,Premier League,Chelsea,Nott'm Forest,A,0.3870130432700043,0.2812468481545451,0.3317401085754504,H,0.35,0.4,0.2499999999999999,1.0900000000000003,1.68,3.93,4.65,1.7,4.0,4.75,0.5590429778915779,0.23898020428952949,0.20197681781889262,-0.17202993462157357,0.04226664386501561,0.12976329075655776
2026-05-04,La Liga,Sevilla,Sociedad,H,0.3329911372163207,0.2660440113849302,0.400964851398749,A,0.35,0.4,0.2499999999999999,1.0900000000000003,2.34,3.35,2.87,2.38,3.5,2.9,0.39779803304191685,0.27786489472181647,0.3243370722362666,-0.06480689582559618,-0.011820883336886245,0.07662777916248237
2026-05-08,Ligue 1,Lens,Nantes,H,0.7302400909558967,0.172124757412983,0.0976351516311201,H,0.35,0.4,0.2499999999999999,1.0900000000000003,1.43,4.79,6.18,1.45,4.75,6.5,0.6536245868229361,0.19513218354004144,0.15124322963702244,0.07661550413296059,-0.023007426127058445,-0.05360807800590234
2026-05-08,Bundesliga,Dortmund,Ein Frankfurt,H,0.6149765699661514,0.2128546501549869,0.1721687798788616,H,0.35,0.4,0.2499999999999999,1.0900000000000003,1.64,4.38,4.43,1.67,4.33,4.5,0.5731866547716813,0.21461783420674826,0.21219551102157053,0.04178991519447006,-0.001763184051761374,-0.04002673114270894
2026-05-08,La Liga,Levante,Osasuna,H,0.3300682435604929,0.2857466611628433,0.3841850952766636,A,0.35,0.4,0.2499999999999999,1.0900000000000003,2.51,3.23,2.81,2.5,3.25,2.88,0.37448580045963353,0.2910090895212632,0.33450511001910327,-0.04441755689914062,-0.0052624283584198905,0.049679985257560344
2026-05-08,Serie A,Torino,Sassuolo,H,0.4125556510261034,0.2869175729912427,0.3005267759826537,H,0.35,0.4,0.2499999999999999,1.0900000000000003,2.49,3.23,2.81,2.6,3.2,2.8,0.376361653514901,0.29013638305018685,0.3335019634349123,0.03619399751120245,-0.0032188100589441437,-0.03297518745225858
2026-05-09,Bundesliga,RB Leipzig,St Pauli,H,0.7228964799598121,0.1815866831485653,0.0955168368916223,H,0.35,0.4,0.2499999999999999,1.0900000000000003,1.3,5.39,8.8,1.3,5.5,9.5,0.7199866421773251,0.1736516947737519,0.10636166304892303,0.0029098377824869903,0.007934988374813406,-0.01084482615730073
2026-05-09,Bundesliga,Wolfsburg,Bayern Munich,A,0.0808670338502534,0.149840617796588,0.7692923483531583,A,0.35,0.4,0.2499999999999999,1.0900000000000003,4.28,4.48,1.62,4.5,4.33,1.65,0.2175174431150646,0.2078068429759992,0.5746757139089361,-0.1366504092648112,-0.05796622517941119,0.19461663444422217
2026-05-09,Bundesliga,Hoffenheim,Werder Bremen,H,0.5545676742334454,0.2469440582587072,0.1984882675078473,H,0.35,0.4,0.2499999999999999,1.0900000000000003,1.44,4.91,5.7,1.45,5.0,5.75,0.6468679360412708,0.18971279590619755,0.16341926805253157,-0.09230026180782536,0.05723126235250964,0.03506899945531572
2026-05-09,Premier League,Fulham,Bournemouth,A,0.3525628709281204,0.2675534208551585,0.379883708216721,A,0.35,0.4,0.2499999999999999,1.0900000000000003,2.68,3.66,2.39,2.75,3.6,2.4,0.35043707484355846,0.2566041968799827,0.3929587282764589,0.002125796084561926,0.010949223975175781,-0.013075020059737874
2026-05-09,Premier League,Brighton,Wolves,H,0.6801573473296945,0.1970691992428662,0.1227734534274391,H,0.35,0.4,0.2499999999999999,1.0900000000000003,1.27,5.88,9.98,1.27,6.25,9.5,0.7444680975228546,0.16079498024728323,0.09473692222986226,-0.06431075019316013,0.036274218995582974,0.028036531197576847
2026-05-09,Serie A,Lecce,Juventus,A,0.1590136989108156,0.2372219799922805,0.6037643210969037,A,0.35,0.4,0.2499999999999999,1.0900000000000003,6.74,4.42,1.44,6.25,4.5,1.45,0.13878398297471503,0.21162987449085505,0.64958614253443,0.020229715936100567,0.02559210550142546,-0.04582182143752633
2026-05-09,Bundesliga,Augsburg,M'gladbach,H,0.4845050052724585,0.2632291904308544,0.2522658042966868,H,0.35,0.4,0.2499999999999999,1.0900000000000003,2.06,3.66,3.2,2.05,3.75,3.3,0.4531876363974059,0.25507282267176395,0.29173954093083004,0.0313173688750526,0.008156367759090455,-0.03947373663414322
2026-05-09,Premier League,Man City,Brentford,H,0.6680906612737142,0.1882309937286177,0.1436783449976679,H,0.35,0.4,0.2499999999999999,1.0900000000000003,1.35,5.51,7.23,1.36,5.75,7.0,0.6984551943236149,0.17112786067819968,0.13041694499818535,-0.03036453304990072,0.017103133050418023,0.01326139999948256
2026-05-09,La Liga,Sevilla,Espanol,H,0.432008933851082,0.2820759250795319,0.2859151410693859,H,0.35,0.4,0.2499999999999999,1.0900000000000003,2.02,3.34,3.66,2.05,3.4,3.7,0.46367070746916295,0.28042360152326623,0.25590569100757077,-0.031661773618080924,0.0016523235562656557,0.030009450061815157
2026-05-09,La Liga,Elche,Alaves,D,0.407433454236652,0.2810515695584018,0.311514976204946,H,0.35,0.4,0.2499999999999999,1.0900000000000003,2.22,3.32,3.2,2.25,3.3,3.3,0.42329391514996967,0.2830459312147388,0.29366015363529147,-0.015860460913317664,-0.001994361656336985,0.017854822569654538
2026-05-09,Premier League,Sunderland,Man United,D,0.2440018507856028,0.2561796010090882,0.4998185482053087,A,0.35,0.4,0.2499999999999999,1.0900000000000003,3.93,3.7,1.86,3.9,3.75,1.85,0.2395172068159038,0.2544061142666221,0.5060766789174741,0.004484643969698998,0.001773486742466135,-0.006258130712165411
2026-05-09,Serie A,Lazio,Inter,A,0.2128095382219631,0.2127869681254494,0.5744034936525875,A,0.35,0.4,0.2499999999999999,1.0900000000000003,4.37,3.72,1.75,4.5,3.7,1.8,0.21404686672869971,0.25144752892591876,0.5345056043453816,-0.0012373285067366069,-0.03866056080046937,0.039897889307205836
2026-05-09,Premier League,Liverpool,Chelsea,D,0.6268337213838306,0.2032625314959967,0.1699037471201724,H,0.35,0.4,0.2499999999999999,1.0900000000000003,1.82,3.95,3.81,1.83,4.0,3.9,0.5158761444775424,0.23769483112636128,0.24642902439609637,0.11095757690628827,-0.034432299630364566,-0.07652527727592398
2026-05-09,La Liga,Sociedad,Betis,D,0.347182805594131,0.2651643295779129,0.3876528648279559,A,0.35,0.4,0.2499999999999999,1.0900000000000003,2.48,3.55,2.59,2.55,3.5,2.7,0.3764889422112302,0.26301199343207066,0.36049906435669915,-0.029306136617099188,0.0021523361458422596,0.02715380047125676
2026-05-09,Bundesliga,Stuttgart,Leverkusen,H,0.3588918380200494,0.2325429976483981,0.4085651643315522,A,0.35,0.4,0.2499999999999999,1.0900000000000003,2.13,3.96,2.82,2.15,4.0,2.8,0.4360722569761721,0.23455401700991074,0.3293737260139172,-0.07718041895612265,-0.002011019361512656,0.07919143831763503
2026-05-09,Serie A,Cagliari,Udinese,A,0.3319098718502578,0.286176411249221,0.3819137169005213,A,0.35,0.4,0.2499999999999999,1.0900000000000003,2.5,3.12,2.89,2.5,3.2,2.9,0.37504679350131853,0.30051826402349235,0.324434942475189,-0.043136921651060756,-0.014341852774271358,0.05747877442533228
2026-05-09,La Liga,Ath Madrid,Celta,A,0.6030755144786655,0.2180515623211756,0.1788729232001588,H,0.35,0.4,0.2499999999999999,1.0900000000000003,2.08,3.47,3.34,2.05,3.5,3.5,0.4500089304434935,0.2697459871246301,0.28024508243187624,0.15306658403517198,-0.051694424803454514,-0.10137215923171744
2026-05-10,Bundesliga,Mainz,Union Berlin,A,0.5528450230327987,0.2424233106909726,0.2047316662762286,H,0.35,0.4,0.2499999999999999,1.0900000000000003,1.74,3.81,4.24,1.75,4.0,4.33,0.5355984801766496,0.2446040303168951,0.21979748950645522,0.017246542856149127,-0.002180719625922506,-0.015065823230226622
2026-05-10,Ligue 1,Toulouse,Lyon,H,0.2663686286919142,0.2635949869805115,0.4700363843275741,A,0.35,0.4,0.2499999999999999,1.0900000000000003,4.29,3.78,1.74,4.33,4.0,1.73,0.21737061273051755,0.2466983938132065,0.535930993456276,0.048998015961396635,0.01689659316730499,-0.06589460912870193
2026-05-10,Ligue 1,Auxerre,Nice,H,0.3687458101880945,0.2702803402482256,0.3609738495636795,H,0.35,0.4,0.2499999999999999,1.0900000000000003,2.36,3.36,2.85,2.45,3.4,2.88,0.39518645075026004,0.27757143564601594,0.327242113603724,-0.02644064056216555,-0.007291095397790326,0.03373173595995549
2026-05-10,Serie A,Parma,Roma,A,0.2136680411474167,0.2422296260842898,0.5441023327682931,A,0.35,0.4,0.2499999999999999,1.0900000000000003,6.12,4.01,1.53,6.25,4.1,1.53,0.15322888803974016,0.2338555598012992,0.6129155521589607,0.06043915310767653,0.008374066282990589,-0.06881321939066753
2026-05-10,Serie A,Verona,Como,A,0.1843866970558444,0.2383735283130878,0.5772397746310676,A,0.35,0.4,0.2499999999999999,1.0900000000000003,8.03,4.6,1.37,8.0,4.75,1.38,0.11618495937582386,0.20281852691040558,0.6809965137137705,0.06820173768002054,0.035555001402682224,-0.10375673908270289
2026-05-10,Serie A,Cremonese,Pisa,H,0.449149741968967,0.2719006089578586,0.2789496490731741,H,0.35,0.4,0.2499999999999999,1.0900000000000003,1.69,3.62,4.97,1.7,3.75,5.0,0.5534367934540197,0.25837242567328544,0.18819078087269484,-0.10428705148505274,0.01352818328457317,0.09075886820047926
2026-05-10,Ligue 1,Rennes,Paris FC,H,0.5054768644849873,0.2602777152145117,0.2342454203005008,H,0.35,0.4,0.2499999999999999,1.0900000000000003,1.49,4.52,5.57,1.5,4.75,5.75,0.626115069447035,0.20639633926461995,0.1674885912883451,-0.12063820496204769,0.05388137594989176,0.06675682901215571
2026-05-10,Ligue 1,Paris SG,Brest,H,0.7698712595389718,0.1411055997646601,0.0890231406963679,H,0.35,0.4,0.2499999999999999,1.0900000000000003,1.16,7.42,13.44,1.17,7.0,13.0,0.8047358669619052,0.12580776356816845,0.06945636946992634,-0.0348646074229334,0.015297836196491665,0.019566771226441557
2026-05-10,Premier League,Burnley,Aston Villa,D,0.1599132553980531,0.2187759708634186,0.6213107737385282,A,0.35,0.4,0.2499999999999999,1.0900000000000003,5.34,4.09,1.58,5.0,4.33,1.6,0.175890038105607,0.22964616222101256,0.5944637996733805,-0.0159767827075539,-0.010870191357593956,0.02684697406514769
2026-05-10,Serie A,Fiorentina,Genoa,D,0.4636741481930898,0.2753252919888404,0.2610005598180698,H,0.35,0.4,0.2499999999999999,1.0900000000000003,2.06,3.31,3.56,2.1,3.4,3.6,0.4543372481280701,0.2827597375056871,0.2629030143662428,0.009336900065019693,-0.007434445516846688,-0.0019024545481730049
2026-05-10,Bundesliga,FC Koln,Heidenheim,A,0.476826659840103,0.2698073760337774,0.2533659641261194,H,0.35,0.4,0.2499999999999999,1.0900000000000003,1.88,3.93,3.48,1.91,4.1,3.4,0.4953925063027036,0.23698165695905415,0.2676258367382422,-0.01856584646260062,0.03282571907472326,-0.014259872612122804
2026-05-10,La Liga,Oviedo,Getafe,D,0.3877440762649123,0.2801316093880698,0.3321243143470178,H,0.35,0.4,0.2499999999999999,1.0900000000000003,3.03,3.03,2.42,3.0,3.25,2.4,0.3074968233799238,0.3074968233799238,0.38500635324015253,0.08024725288498852,-0.027365213991853987,-0.05288203889313475
2026-05-10,Ligue 1,Angers,Strasbourg,D,0.2594042115819012,0.2532671504331034,0.4873286379849952,A,0.35,0.4,0.2499999999999999,1.0900000000000003,2.83,3.31,2.39,2.9,3.4,2.4,0.32904637320677654,0.28132967860277264,0.3896239481904508,-0.06964216162487535,-0.028062528169669254,0.09770468979454439
2026-05-10,Premier League,Crystal Palace,Everton,D,0.3727254970985045,0.2581797227369201,0.3690947801645751,H,0.35,0.4,0.2499999999999999,1.0900000000000003,2.71,3.26,2.56,2.7,3.3,2.63,0.3460348788032076,0.2876547612137094,0.3663103599830831,0.026690618295296897,-0.02947503847678934,0.0027844201814919978
2026-05-10,Bundesliga,Hamburg,Freiburg,H,0.309103907487371,0.2727173621135576,0.4181787303990714,A,0.35,0.4,0.2499999999999999,1.0900000000000003,2.74,3.57,2.35,2.75,3.6,2.4,0.3408938533865902,0.2616384196860664,0.3974677269273434,-0.031789945899219185,0.011078942427491245,0.020711003471727996
2026-05-10,Ligue 1,Monaco,Lille,A,0.4037874598132891,0.26181374805711,0.3343987921296007,H,0.35,0.4,0.2499999999999999,1.0900000000000003,2.28,3.66,2.75,2.3,3.8,2.75,0.4078234021345392,0.2540539226411883,0.3381226752242725,-0.004035942321250097,0.007759825415921684,-0.003723883094671754
2026-05-10,La Liga,Ath Bilbao,Valencia,A,0.513819368306156,0.2578568485200068,0.2283237831738369,H,0.35,0.4,0.2499999999999999,1.0900000000000003,1.71,3.67,4.73,1.7,3.75,5.0,0.5472069249222176,0.25496562441879894,0.1978274506589835,-0.03338755661606152,0.0028912241012078455,0.030496332514853397
2026-05-10,Premier League,Nott'm Forest,Newcastle,D,0.4935677853847917,0.2430567167978927,0.2633754978173154,H,0.35,0.4,0.2499999999999999,1.0900000000000003,2.58,3.48,2.56,2.6,3.6,2.6,0.3637432631063204,0.269671729544341,0.3665850073493386,0.1298245222784713,-0.026615012746448286,-0.10320950953202318
2026-05-10,Ligue 1,Le Havre,Marseille,A,0.299201123987431,0.2576622520465385,0.4431366239660304,A,0.35,0.4,0.2499999999999999,1.0900000000000003,3.42,3.69,1.96,3.5,3.7,2.0,0.2723513861587474,0.25242323595200983,0.4752253778892429,0.026849737828683606,0.005239016094528648,-0.03208875392321253
2026-05-10,La Liga,Mallorca,Villarreal,D,0.2325325294192501,0.2495767796029281,0.5178906909778215,A,0.35,0.4,0.2499999999999999,1.0900000000000003,2.32,3.48,2.83,2.3,3.5,3.0,0.40217906205589765,0.2681193747039317,0.3297015632401705,-0.16964653263664756,-0.018542595101003617,0.18818912773765095
2026-05-10,Serie A,Milan,Atalanta,A,0.4193605505486557,0.267742646022161,0.3128968034291833,H,0.35,0.4,0.2499999999999999,1.0900000000000003,2.05,3.42,3.47,2.1,3.3,3.5,0.45658070398855033,0.27368141613348773,0.269737879877962,-0.037220153439894654,-0.005938770111326708,0.043158923551221307
2026-05-10,Ligue 1,Metz,Lorient,A,0.2488584217643975,0.2477236686701968,0.5034179095654054,A,0.35,0.4,0.2499999999999999,1.0900000000000003,3.07,3.58,2.13,3.2,3.7,2.15,0.30313534829915206,0.2599512623682672,0.4369133893325806,-0.05427692653475455,-0.012227593698070416,0.06650452023282483
2026-05-10,La Liga,Barcelona,Real Madrid,H,0.5551366340185335,0.2329706292006989,0.2118927367807674,H,0.35,0.4,0.2499999999999999,1.0900000000000003,1.61,4.65,4.28,1.62,5.0,4.33,0.5805836175184441,0.20101927402251507,0.21839710845904092,-0.02544698349991059,0.031951355178183816,-0.0065043716782735295
2026-05-10,Premier League,West Ham,Arsenal,A,0.1670130612499126,0.2234856622893593,0.6095012764607279,A,0.35,0.4,0.2499999999999999,1.0900000000000003,5.29,4.09,1.58,5.5,4.2,1.57,0.1772578278221991,0.22926501446929906,0.593477157708502,-0.010244766572286484,-0.005779352179939773,0.01602411875222598
2026-05-11,Premier League,Tottenham,Leeds,D,0.3495254438377339,0.3088495867597324,0.3416249694025335,H,0.35,0.4,0.2499999999999999,1.0900000000000003,1.82,3.82,3.92,1.83,4.1,3.75,0.5152712207341748,0.24549571249638694,0.2392330667694383,-0.16574577689644088,0.06335387426334546,0.1023919026330952
2026-05-11,La Liga,Vallecano,Girona,D,0.4617031878468571,0.2779347048874861,0.2603621072656567,H,0.35,0.4,0.2499999999999999,1.0900000000000003,2.3,3.39,2.92,2.3,3.5,3.0,0.4054924257940832,0.27511285525852247,0.31939471894739424,0.05621076205277392,0.0028218496289636463,-0.05903261168173757
2026-05-11,Serie A,Napoli,Bologna,A,0.629220457135356,0.2132012885654473,0.1575782542991965,H,0.35,0.4,0.2499999999999999,1.0900000000000003,1.52,4.01,6.06,1.53,4.2,6.0,0.6135430605701012,0.23256495064003838,0.15389198878986038,0.015677396565254798,-0.019363662074591087,0.003686265509336123
2026-05-12,La Liga,Celta,Levante,A,0.5511334244345386,0.249952081718581,0.1989144938468803,H,0.35,0.4,0.2499999999999999,1.0900000000000003,1.78,3.78,4.17,1.8,3.8,4.2,0.5269375802310654,0.24813462772785622,0.22492779204107827,0.024195844203473205,0.0018174539907247766,-0.026013298194197954
2026-05-12,La Liga,Betis,Elche,H,0.6444820500489071,0.2109954996520867,0.1445224502990061,H,0.35,0.4,0.2499999999999999,1.0900000000000003,1.57,4.16,5.25,1.57,4.33,5.25,0.5964980321573619,0.22512065155938898,0.17838131628324919,0.04798401789154527,-0.014125151907302291,-0.03385886598424309
2026-05-12,La Liga,Osasuna,Ath Madrid,A,0.2822332396718716,0.2479479518262892,0.469818808501839,A,0.35,0.4,0.2499999999999999,1.0900000000000003,2.51,3.51,2.61,2.55,3.5,2.63,0.37358241274268733,0.26714867691855987,0.3592689103387529,-0.09134917307081575,-0.019200725092270665,0.11054989816308608
2026-05-13,La Liga,Getafe,Mallorca,H,0.400315393287183,0.3006148624599729,0.299069744252844,H,0.35,0.4,0.2499999999999999,1.0900000000000003,2.19,3.07,3.51,2.2,3.2,3.5,0.4278465331792789,0.30520648458065824,0.26694698224006286,-0.02753113989209588,-0.004591622120685368,0.032122762012781136
2026-05-13,Ligue 1,Brest,Strasbourg,A,0.4005274452569952,0.2571974600083866,0.3422750947346181,H,0.35,0.4,0.2499999999999999,1.0900000000000003,2.68,3.47,2.42,2.63,3.6,2.5,0.34724967538643486,0.2681928328632984,0.38455749175026677,0.05327776987056032,-0.010995372854911811,-0.042282397015648676
2026-05-13,La Liga,Villarreal,Sevilla,A,0.7001695604767371,0.1921975197092021,0.1076329198140607,H,0.35,0.4,0.2499999999999999,1.0900000000000003,2.09,3.29,3.5,2.1,3.3,3.6,0.4479481523840645,0.2845628080494513,0.2674890395664842,0.25222140809267257,-0.09236528834024918,-0.15985611975242348
2026-05-13,La Liga,Espanol,Ath Bilbao,H,0.2983310361937478,0.2637025052641265,0.4379664585421256,A,0.35,0.4,0.2499999999999999,1.0900000000000003,2.61,3.21,2.69,2.63,3.3,2.7,0.35928001697602135,0.29212487361601736,0.3485951094079613,-0.060948980782273565,-0.02842236835189088,0.08937134913416434
2026-05-13,Premier League,Man City,Crystal Palace,H,0.7364466720021681,0.1621398207892917,0.1014135072085399,H,0.35,0.4,0.2499999999999999,1.0900000000000003,1.19,7.03,12.75,1.2,7.5,12.0,0.7920115365549564,0.13406738669991436,0.07392107674512927,-0.05556486455278831,0.028072434089377346,0.027492430463410628
2026-05-13,Ligue 1,Lens,Paris SG,A,0.2671831270839641,0.2301405279871609,0.5026763449288749,A,0.35,0.4,0.2499999999999999,1.0900000000000003,3.3,3.91,1.95,3.4,4.0,1.95,0.2827816411682893,0.23866481223922115,0.4785535465924896,-0.015598514084325221,-0.008524284252060255,0.02412279833638531
2026-05-13,La Liga,Alaves,Barcelona,H,0.1171693435871681,0.1775273437493463,0.7053033126634853,A,0.35,0.4,0.2499999999999999,1.0900000000000003,3.09,3.75,2.1,3.1,3.75,2.15,0.3034506675914687,0.25004335009537015,0.44650598231316097,-0.1862813240043006,-0.07251600634602384,0.2587973303503244
2026-05-14,La Liga,Valencia,Vallecano,D,0.4139550773067002,0.2848773117467112,0.3011676109465884,H,0.35,0.4,0.2499999999999999,1.0900000000000003,2.17,3.33,3.23,2.2,3.4,3.3,0.43038921856180795,0.28046384512886585,0.2891469363093261,-0.016434141255107726,0.004413466617845363,0.012020674637262307
2026-05-14,La Liga,Real Madrid,Oviedo,H,0.7582548241581131,0.1598217253855944,0.0819234504562924,H,0.35,0.4,0.2499999999999999,1.0900000000000003,1.23,6.28,10.42,1.22,7.0,11.0,0.7610917135194106,0.14906732605555337,0.089840960425036,-0.0028368893612975565,0.01075439933004102,-0.007917509968743602
2026-05-14,La Liga,Girona,Sociedad,D,0.4043797938409124,0.2668105416378443,0.3288096645212433,H,0.35,0.4,0.2499999999999999,1.0900000000000003,2.06,3.64,3.21,2.05,3.8,3.3,0.4529644820394334,0.2563480310442947,0.2906874869162719,-0.04858468819852102,0.010462510593549579,0.038122177604971386
2026-05-15,Premier League,Aston Villa,Liverpool,H,0.3868766525058509,0.23711318677899,0.376010160715159,H,0.35,0.4,0.2499999999999999,1.0900000000000003,2.76,3.44,2.43,2.75,3.5,2.4,0.34035276298431627,0.2730737284409049,0.38657350857477885,0.046523889521534634,-0.0359605416619149,-0.01056334785961982
2026-05-16,Bundesliga,Bayern Munich,FC Koln,H,0.8604960755174969,0.094967056919317,0.0445368675631862,H,0.35,0.4,0.2499999999999999,1.0900000000000003,1.14,8.71,12.84,1.14,9.5,14.0,0.8198945187583302,0.10731110808088361,0.07279437316078631,0.04060155675916666,-0.012344051161566602,-0.02825750559760011
2026-05-16,Bundesliga,Heidenheim,Mainz,A,0.3598677879287992,0.259488418563683,0.3806437935075177,A,0.35,0.4,0.2499999999999999,1.0900000000000003,1.88,4.14,3.35,1.91,4.33,3.4,0.49620396276234163,0.22532933574715033,0.2784667014905081,-0.13633617483354243,0.034159082816532654,0.10217709201700959
2026-05-16,Bundesliga,Leverkusen,Hamburg,D,0.7325854553285093,0.1670056803614212,0.1004088643100694,H,0.35,0.4,0.2499999999999999,1.0900000000000003,1.25,6.29,8.83,1.25,6.75,9.5,0.7461066325276362,0.1482723832527099,0.10562098421965403,-0.013521177199126932,0.0187332971087113,-0.005212119909584631
2026-05-16,Bundesliga,Union Berlin,Augsburg,H,0.3672814747792227,0.2793544651180572,0.3533640601027199,H,0.35,0.4,0.2499999999999999,1.0900000000000003,2.57,3.77,2.39,2.6,3.9,2.4,0.3627115914900469,0.24725962602902402,0.39002878248092904,0.004569883289175791,0.03209483908903321,-0.036664722378209114
2026-05-16,Bundesliga,Ein Frankfurt,Stuttgart,D,0.3231737434256818,0.2400235817081767,0.4368026748661414,A,0.35,0.4,0.2499999999999999,1.0900000000000003,3.35,4.22,1.86,3.4,4.33,1.85,0.27817076109606903,0.22082276058574205,0.5010064783181889,0.04500298232961275,0.019200821122434653,-0.06420380345204751
2026-05-16,Bundesliga,St Pauli,Wolfsburg,A,0.3678575634357076,0.2963655306455293,0.335776905918763,H,0.35,0.4,0.2499999999999999,1.0900000000000003,2.78,3.63,2.28,2.8,3.75,2.35,0.33499283580639677,0.2565509872015931,0.4084561769920101,0.03286472762931081,0.0398145434439362,-0.07267927107324706
2026-05-16,Bundesliga,Freiburg,RB Leipzig,H,0.3045593375496645,0.2579655477767884,0.4374751146735469,A,0.35,0.4,0.2499999999999999,1.0900000000000003,2.65,3.88,2.28,2.7,4.0,2.3,0.3514604456027715,0.24004386104313002,0.40849569335409847,-0.04690110805310699,0.01792168673365835,0.028979421319448417
2026-05-16,Bundesliga,M'gladbach,Hoffenheim,H,0.3069756410660217,0.2718588552525388,0.4211655036814393,A,0.35,0.4,0.2499999999999999,1.0900000000000003,4.1,4.4,1.67,4.33,4.5,1.67,0.2279509849542423,0.21240887234372574,0.559640142702032,0.07902465611177942,0.05944998290881304,-0.1384746390205927
2026-05-16,Bundesliga,Werder Bremen,Dortmund,A,0.1892771491831456,0.2252492620535861,0.5854735887632682,A,0.35,0.4,0.2499999999999999,1.0900000000000003,3.3,3.97,1.93,3.5,4.0,1.95,0.2823998142421707,0.23474039974790006,0.4828597860099292,-0.09312266505902511,-0.00949113769431395,0.10261380275333898
2026-05-17,Premier League,Newcastle,West Ham,H,0.5189565582416403,0.2511337521958788,0.2299096895624807,H,0.35,0.4,0.2499999999999999,1.0900000000000003,2.05,3.78,3.15,2.1,3.8,3.2,0.4559710494571773,0.24728588661037396,0.2967430639324487,0.06298550878446302,0.003847865585504845,-0.066833374369968
2026-05-17,Ligue 1,Lorient,Le Havre,A,0.5267058597891962,0.2523898442570761,0.2209042959537275,H,0.35,0.4,0.2499999999999999,1.0900000000000003,2.55,3.43,2.56,2.55,3.3,2.5,0.3650255868769045,0.2713747074449289,0.3635997056781666,0.16168027291229164,-0.018984863187852807,-0.1426954097244391
2026-05-17,Serie A,Genoa,Milan,A,0.2861173247813727,0.2569157572296118,0.4569669179890153,A,0.35,0.4,0.2499999999999999,1.0900000000000003,4.65,3.69,1.71,4.5,3.7,1.7,0.2008249548852797,0.2530720976196615,0.5461029474950588,0.08529236989609298,0.0038436596099503118,-0.08913602950604355
2026-05-17,Ligue 1,Nice,Metz,D,0.6472265458104127,0.2095299282497336,0.1432435259398534,H,0.35,0.4,0.2499999999999999,1.0900000000000003,1.34,5.09,7.75,1.36,5.0,7.0,0.6962990551267273,0.18330859211587716,0.12039235275739543,-0.04907250931631457,0.026221336133856438,0.022851173182457968
2026-05-17,Premier League,Everton,Sunderland,A,0.593787484755419,0.2186637685856646,0.1875487466589162,H,0.35,0.4,0.2499999999999999,1.0900000000000003,1.81,3.63,4.18,1.8,3.75,4.33,0.5176956276975042,0.2581347344717583,0.22416963783073746,0.07609185705791477,-0.03947096588609367,-0.03662089117182127
2026-05-17,Ligue 1,Paris FC,Paris SG,H,0.1757639043737631,0.2051489550019366,0.6190871406243,A,0.35,0.4,0.2499999999999999,1.0900000000000003,5.15,4.54,1.52,5.5,4.1,1.53,0.18107678339954553,0.20540648337173117,0.6135167332287235,-0.005312879025782424,-0.00025752836979456295,0.005570407395576571
2026-05-17,Premier League,Man United,Nott'm Forest,H,0.4857106720595487,0.2578702996593501,0.2564190282811011,H,0.35,0.4,0.2499999999999999,1.0900000000000003,1.58,4.23,4.94,1.6,4.2,5.25,0.5905417015215573,0.2205805882751916,0.18887771020325114,-0.10483102946200856,0.037289711384158486,0.06754131807784994
2026-05-17,Premier League,Leeds,Brighton,H,0.3303387277107791,0.2644969068206946,0.4051643654685263,A,0.35,0.4,0.2499999999999999,1.0900000000000003,3.09,3.57,2.14,3.2,3.6,2.15,0.30216305366698704,0.26153608846806436,0.43630085786494854,0.028175674043792065,0.0029608183526302345,-0.031136492396422244
2026-05-17,Serie A,Atalanta,Bologna,A,0.54018622106349,0.2401107149325977,0.2197030640039121,H,0.35,0.4,0.2499999999999999,1.0900000000000003,1.64,4.06,4.65,1.62,4.2,4.75,0.5692721494177315,0.22995229680913298,0.2007755537731354,-0.029085928354241508,0.010158418123464713,0.018927510230776684
2026-05-17,La Liga,Osasuna,Espanol,A,0.4907961685666812,0.2688661008097749,0.2403377306235437,H,0.35,0.4,0.2499999999999999,1.0900000000000003,2.05,3.11,3.7,2.05,3.1,3.8,0.451830764700108,0.29783056837145383,0.25033866692843815,0.038965403866573156,-0.02896446756167892,-0.010000936304894459
2026-05-17,La Liga,Sociedad,Valencia,A,0.4675830767635227,0.2679126842236843,0.2645042390127928,H,0.35,0.4,0.2499999999999999,1.0900000000000003,2.13,3.37,3.21,2.15,3.4,3.2,0.43561617357478527,0.2753301037727871,0.2890537226524276,0.031966903188737406,-0.0074174195491027994,-0.024549483639634828
2026-05-17,Serie A,Udinese,Cremonese,A,0.608649791373169,0.2374527264807922,0.1538974821460386,H,0.35,0.4,0.2499999999999999,1.0900000000000003,2.34,3.26,2.97,2.3,3.3,3.0,0.39909482119008755,0.28646683484196467,0.31443834396794773,0.20955497018308145,-0.04901410836117248,-0.16054086182190913
2026-05-17,La Liga,Barcelona,Betis,H,0.6806657858075934,0.1883953220465314,0.130938892145875,H,0.35,0.4,0.2499999999999999,1.0900000000000003,1.33,5.5,7.08,1.33,6.0,7.5,0.6994614829158239,0.1691425040505538,0.1313960130336223,-0.01879569710823048,0.019252817995977584,-0.00045712088774729764
2026-05-17,La Liga,Oviedo,Alaves,A,0.3693776774879321,0.2791689370482579,0.3514533854638097,H,0.35,0.4,0.2499999999999999,1.0900000000000003,3.69,3.56,1.9,3.7,3.6,1.9,0.25134329689276663,0.26052156335233395,0.48813513975489936,0.11803438059516547,0.018647373695923952,-0.13668175429108964
2026-05-17,La Liga,Vallecano,Villarreal,H,0.2803409469739542,0.2556327689427002,0.4640262840833454,A,0.35,0.4,0.2499999999999999,1.0900000000000003,2.38,3.48,2.69,2.35,3.5,2.63,0.38930707233695694,0.26625023912699924,0.3444426885360437,-0.10896612536300276,-0.010617470184299038,0.11958359554730169
2026-05-17,Ligue 1,Marseille,Rennes,H,0.4463526712248734,0.2583356118564772,0.2953117169186492,H,0.35,0.4,0.2499999999999999,1.0900000000000003,1.99,3.69,3.33,1.95,3.7,3.25,0.4679691516709511,0.2523736075407027,0.2796572407883462,-0.021616480446077724,0.005962004315774483,0.01565447613030302
2026-05-17,Ligue 1,Strasbourg,Monaco,H,0.3934176203320491,0.2524577402316466,0.3541246394363042,H,0.35,0.4,0.2499999999999999,1.0900000000000003,2.86,3.83,2.15,2.88,3.8,2.1,0.3249951652307073,0.24268568474146807,0.43231915002782456,0.06842245510134176,0.00977205549017851,-0.07819451059152038
2026-05-17,Ligue 1,Lille,Auxerre,A,0.6632826593376735,0.2102898422660803,0.1264274983962459,H,0.35,0.4,0.2499999999999999,1.0900000000000003,1.36,4.77,7.87,1.36,4.5,7.5,0.6859070752398579,0.19556260426125932,0.11853032049888271,-0.022624415902184447,0.01472723800482098,0.007897177897363189
2026-05-17,La Liga,Sevilla,Real Madrid,A,0.1630268510712536,0.2318237453365474,0.6051494035921988,A,0.35,0.4,0.2499999999999999,1.0900000000000003,3.03,3.5,2.16,3.0,3.5,2.15,0.305951484835976,0.2648665711580021,0.4291819440060219,-0.14292463376472242,-0.03304282582145471,0.17596745958617693
2026-05-17,Serie A,Sassuolo,Lecce,A,0.5289936263062243,0.26087132710735,0.2101350465864255,H,0.35,0.4,0.2499999999999999,1.0900000000000003,2.67,3.18,2.61,2.7,3.2,2.63,0.3493314140687147,0.2933065646426001,0.35736202128868516,0.17966221223750956,-0.03243523753525007,-0.14722697470225965
2026-05-17,Premier League,Brentford,Crystal Palace,D,0.5052235775751656,0.244785325499304,0.2499910969255303,H,0.35,0.4,0.2499999999999999,1.0900000000000003,1.71,4.09,4.17,1.73,4.2,4.33,0.5469966228243195,0.22869540954268616,0.22430796763299432,-0.04177304524915393,0.01608991595661785,0.025683129292535967
2026-05-17,Premier League,Wolves,Fulham,D,0.2697276627531794,0.2760780017771428,0.4541943354696777,A,0.35,0.4,0.2499999999999999,1.0900000000000003,3.68,3.78,1.87,3.8,3.8,1.9,0.2537131289347681,0.24700114139681134,0.4992857296684206,0.01601453381841128,0.02907686038033147,-0.04509139419874292
2026-05-17,Serie A,Juventus,Fiorentina,A,0.6299655034500906,0.2184113650208407,0.1516231315290685,H,0.35,0.4,0.2499999999999999,1.0900000000000003,1.31,5.28,8.38,1.33,5.0,8.5,0.7120323136093721,0.17665953235384046,0.1113081540367873,-0.08206681015928152,0.04175183266700022,0.040314977492281204
2026-05-17,Serie A,Cagliari,Torino,H,0.3494041795238383,0.287704918832633,0.3628909016435286,A,0.35,0.4,0.2499999999999999,1.0900000000000003,2.35,3.11,3.08,2.3,3.1,3.2,0.3970437673313907,0.30001699460732095,0.30293923806128836,-0.0476395878075524,-0.012312075774687958,0.059951663582240244
2026-05-17,Serie A,Como,Parma,H,0.6149337964502232,0.2230005217596939,0.1620656817900828,H,0.35,0.4,0.2499999999999999,1.0900000000000003,1.24,5.69,11.34,1.25,5.25,12.0,0.7534241456858684,0.16419085072943349,0.08238500358469811,-0.13849034923564518,0.05880967103026041,0.07968067820538469
2026-05-17,La Liga,Ath Madrid,Girona,H,0.6264113721678232,0.2131591041177757,0.160429523714401,H,0.35,0.4,0.2499999999999999,1.0900000000000003,1.74,3.74,4.25,1.73,3.6,4.5,0.5334322227293473,0.24817434961204926,0.21839342765860337,0.09297914943847585,-0.03501524549427357,-0.057963903944202366
2026-05-17,Ligue 1,Nantes,Toulouse,D,0.3366626450510732,0.2588144989469025,0.4045228560020241,A,0.35,0.4,0.2499999999999999,1.0900000000000003,2.52,3.51,2.55,2.5,3.5,2.5,0.36952402184817745,0.26529929773715305,0.36517668041466955,-0.03286137679710427,-0.0064847987902505455,0.03934617558735454
2026-05-17,Serie A,Inter,Verona,D,0.8595622090094059,0.1040087624819118,0.0364290285086821,H,0.35,0.4,0.2499999999999999,1.0900000000000003,1.18,6.85,12.88,1.2,8.0,9.0,0.7912158078153052,0.13629702966745405,0.07248716251724069,0.06834640119410074,-0.032288267185542244,-0.03605813400855859
2026-05-17,Ligue 1,Brest,Angers,D,0.5453972208941456,0.2451188943922577,0.2094838847135966,H,0.35,0.4,0.2499999999999999,1.0900000000000003,1.79,3.64,4.16,1.8,3.6,4.0,0.5202787207432553,0.25585134893693046,0.22386993031981417,0.025118500150890233,-0.010732454544672754,-0.014386045606217562
2026-05-17,Ligue 1,Lyon,Lens,A,0.4673468177252767,0.2438134106118321,0.288839771662891,H,0.35,0.4,0.2499999999999999,1.0900000000000003,1.73,4.03,4.04,1.73,4.0,4.1,0.5383585243185869,0.23110676105984,0.23053471462157307,-0.07101170659331019,0.012706649551992105,0.058305057041317915
2026-05-17,Serie A,Roma,Lazio,H,0.5758884486265134,0.2204191962382001,0.2036923551352862,H,0.35,0.4,0.2499999999999999,1.0900000000000003,1.52,4.09,6.0,1.53,4.0,5.75,0.6153954178870922,0.22870440958151103,0.15590017253139668,-0.03950696926057873,-0.008285213343310921,0.04779218260388951
2026-05-17,La Liga,Elche,Getafe,H,0.3815918900487544,0.285346290187966,0.3330618197632795,H,0.35,0.4,0.2499999999999999,1.0900000000000003,2.2,2.91,3.57,2.2,3.0,3.4,0.42153891100317714,0.31868921106769404,0.25977187792912876,-0.03994702095442276,-0.033342920879728066,0.07328994183415072
2026-05-17,La Liga,Ath Bilbao,Celta,D,0.4277192507295916,0.2637139660717415,0.3085667831986668,H,0.35,0.4,0.2499999999999999,1.0900000000000003,2.15,3.11,3.42,2.15,3.2,3.4,0.43103944366319896,0.29798546748420507,0.2709750888525958,-0.0033201929336073577,-0.034271501412463545,0.037591694346071014
2026-05-17,Serie A,Pisa,Napoli,A,0.1158220046195552,0.1908059195674613,0.6933720758129833,A,0.35,0.4,0.2499999999999999,1.0900000000000003,8.06,4.63,1.37,9.0,4.5,1.36,0.11595503728307902,0.20185693315369696,0.682188029563224,-0.0001330326635238105,-0.01105101358623567,0.011184046249759327
2026-05-17,La Liga,Levante,Mallorca,H,0.4329212298775516,0.281058573152006,0.2860201969704422,H,0.35,0.4,0.2499999999999999,1.0900000000000003,2.12,3.33,3.27,2.1,3.4,3.3,0.43764544172082415,0.2786211220565007,0.283733436222675,-0.004724211843272541,0.0024374510955053053,0.0022867607477671803
2026-05-18,Premier League,Arsenal,Burnley,H,0.8379564351555656,0.1156442989361261,0.0463992659083082,H,0.35,0.4,0.2499999999999999,1.0900000000000003,1.08,10.12,22.13,1.09,11.0,23.0,0.8654098218757148,0.09235598889582729,0.04223418922845785,-0.027453386720149187,0.023288310040298812,0.004165076679850353
2026-05-19,Premier League,Chelsea,Tottenham,H,0.5151912596696535,0.2548272741356471,0.2299814661946992,H,0.35,0.4,0.2499999999999999,1.0900000000000003,1.9,3.64,3.76,1.91,3.7,3.9,0.49326759507539714,0.2574748435833117,0.24925756134129112,0.021923664594256376,-0.0026475694476645883,-0.019276095146591926
2026-05-19,Premier League,Bournemouth,Man City,D,0.2606538672875945,0.2406737707302642,0.498672361982141,A,0.35,0.4,0.2499999999999999,1.0900000000000003,4.42,4.27,1.66,4.5,4.33,1.67,0.2128665297247949,0.22034427667063078,0.5667891936045744,0.0477873375627996,0.020329494059633413,-0.06811683162243337
2026-05-22,Serie A,Fiorentina,Atalanta,D,0.3368107287862888,0.2602747072211421,0.402914563992569,A,0.35,0.4,0.2499999999999999,1.0900000000000003,2.65,3.43,2.49,2.7,3.5,2.55,0.35250343600770995,0.2723423047872977,0.3751542592049924,-0.01569270722142113,-0.012067597566155608,0.027760304787576573
2026-05-23,La Liga,Celta,Sevilla,H,0.5314500153519046,0.2563751957594354,0.2121747888886597,H,0.35,0.4,0.2499999999999999,1.0900000000000003,1.74,3.68,4.52,1.73,3.8,4.75,0.538276335205944,0.25451109327672355,0.20721257151733247,-0.006826319854039364,0.001864102482711849,0.004962217371327238
2026-05-23,La Liga,Mallorca,Oviedo,H,0.470951034616346,0.2789474761480729,0.2501014892355809,H,0.35,0.4,0.2499999999999999,1.0900000000000003,1.45,4.33,6.9,1.44,4.5,7.0,0.6472416893231225,0.21674375277564148,0.1360145579012359,-0.17629065470677652,0.062203723372431435,0.114086931334345
2026-05-23,La Liga,Alaves,Vallecano,A,0.3778009213440887,0.2894282532425427,0.3327708254133683,H,0.35,0.4,0.2499999999999999,1.0900000000000003,2.41,3.31,2.82,2.45,3.4,2.8,0.3871907082858031,0.28191226796640045,0.33089702374779634,-0.009389786941714384,0.007515985276142223,0.0018738016655719392
2026-05-23,La Liga,Girona,Elche,D,0.4681486743304011,0.2774102953410104,0.2544410303285883,H,0.35,0.4,0.2499999999999999,1.0900000000000003,1.76,3.86,4.16,1.8,3.9,4.2,0.532187930851628,0.242655636864991,0.22515643228338103,-0.06403925652122688,0.03475465847601941,0.02928459804520725
2026-05-23,La Liga,Valencia,Barcelona,H,0.1497029355175764,0.2055690965511241,0.6447279679312993,A,0.35,0.4,0.2499999999999999,1.0900000000000003,3.54,3.98,1.84,3.6,4.2,1.85,0.2622359091885698,0.23324500465516004,0.5045190861562701,-0.11253297367099341,-0.027675908104035946,0.14020888177502921
2026-05-23,La Liga,Real Madrid,Ath Bilbao,H,0.6859877794744018,0.1894292377506551,0.1245829827749429,H,0.35,0.4,0.2499999999999999,1.0900000000000003,1.46,4.63,5.84,1.5,4.75,5.75,0.6388409796481545,0.20144877543980683,0.1597102449120386,0.047146799826247365,-0.012019537689151732,-0.035127262137095716
2026-05-23,Serie A,Bologna,Inter,D,0.1836064497352151,0.2261492965992089,0.5902442536655758,A,0.35,0.4,0.2499999999999999,1.0900000000000003,2.95,3.64,2.19,3.1,3.6,2.2,0.31670911120734524,0.25667359287408475,0.4266172959185701,-0.13310266147213015,-0.03052429627487585,0.16362695774700564
2026-05-23,La Liga,Betis,Levante,H,0.6035181731331859,0.2273254519889216,0.1691563748778923,H,0.35,0.4,0.2499999999999999,1.0900000000000003,2.19,3.26,3.26,2.25,3.2,3.4,0.4267015706806283,0.28664921465968585,0.28664921465968585,0.1768166024525576,-0.05932376267076425,-0.11749283978179353
2026-05-23,Serie A,Lazio,Pisa,H,0.714797869735606,0.1792276832991548,0.1059744469652391,H,0.35,0.4,0.2499999999999999,1.0900000000000003,1.52,4.16,5.76,1.55,4.2,6.0,0.6137704918032787,0.22426229508196716,0.16196721311475407,0.1010273779323273,-0.045034611782812345,-0.05599276614951497
2026-05-23,La Liga,Espanol,Sociedad,D,0.3796051830938675,0.2806651436503787,0.3397296732557536,H,0.35,0.4,0.2499999999999999,1.0900000000000003,2.4,3.41,2.76,2.45,3.5,2.75,0.38859436159143834,0.2734974978942674,0.33790814051429424,-0.00898917849757086,0.007167645756111285,0.001821532741459353
2026-05-23,La Liga,Getafe,Osasuna,H,0.4119373023190026,0.2836985031618741,0.3043641945191231,H,0.35,0.4,0.2499999999999999,1.0900000000000003,2.41,2.77,3.38,2.45,2.88,3.4,0.38713865721693175,0.3368246079035399,0.2760367348795283,0.02479864510207086,-0.05312610474166579,0.02832745963959482
2026-05-24,Premier League,Crystal Palace,Arsenal,A,0.1934790818556543,0.2152715766649142,0.5912493414794313,A,0.35,0.4,0.2499999999999999,1.0900000000000003,4.13,3.86,1.76,4.2,4.0,1.75,0.2264216343045307,0.24225941701495127,0.5313189486805181,-0.032942552448876394,-0.026987840350037068,0.05993039279891321
2026-05-24,Serie A,Lecce,Genoa,H,0.3612679038250751,0.2781765897704219,0.3605555064045029,H,0.35,0.4,0.2499999999999999,1.0900000000000003,1.73,3.42,4.84,1.75,3.5,5.0,0.5366862715854046,0.27148165200080404,0.19183207641379132,-0.17541836776032949,0.006694937769617881,0.16872342999071158
2026-05-24,Serie A,Torino,Juventus,D,0.2407597883312412,0.2441408666178448,0.515099345050914,A,0.35,0.4,0.2499999999999999,1.0900000000000003,7.23,4.45,1.4,7.5,4.5,1.42,0.12838610627402086,0.2085913591822856,0.6630225345436935,0.11237368205722034,0.03554950743555918,-0.1479231894927795
2026-05-24,Serie A,Cremonese,Como,A,0.2109820088746817,0.2544843257962276,0.5345336653290905,A,0.35,0.4,0.2499999999999999,1.0900000000000003,5.33,4.05,1.55,5.25,4.33,1.57,0.17376922118725,0.22868887627852902,0.5975419025342209,0.03721278768743169,0.025795449517698577,-0.06300823720513038
2026-05-24,Premier League,Man City,Aston Villa,A,0.6438315473953701,0.1900985244602814,0.1660699281443484,H,0.35,0.4,0.2499999999999999,1.0900000000000003,1.28,5.93,8.39,1.29,6.0,9.0,0.730772902795587,0.15773850178387042,0.11148859542054247,-0.08694135540021697,0.03236002267641097,0.05458133272380593
2026-05-24,Serie A,Parma,Sassuolo,H,0.3889726908520889,0.2828421530991853,0.3281851560487256,H,0.35,0.4,0.2499999999999999,1.0900000000000003,2.61,3.3,2.55,2.7,3.4,2.63,0.3553106593197795,0.28101843055291653,0.3636709101273038,0.0336620315323094,0.00182372254626878,-0.03548575407857818
2026-05-24,Serie A,Napoli,Udinese,H,0.6521410025854366,0.203150524850131,0.1447084725644322,H,0.35,0.4,0.2499999999999999,1.0900000000000003,1.47,4.07,6.72,1.48,4.0,8.0,0.6329396899450844,0.2286047528794285,0.13845555717548721,0.019201312640352186,-0.025454228029297504,0.006252915388944985
2026-05-24,Premier League,Fulham,Newcastle,H,0.3644545175794019,0.2714944485142754,0.3640510339063225,H,0.35,0.4,0.2499999999999999,1.0900000000000003,2.82,3.66,2.27,2.88,3.8,2.25,0.3319190756987392,0.255740927177717,0.41233999712354374,0.03253544188066271,0.015753521336558385,-0.04828896321722126
2026-05-24,Serie A,Verona,Roma,A,0.1401393043454846,0.213100956668948,0.6467597389855673,A,0.35,0.4,0.2499999999999999,1.0900000000000003,9.84,5.01,1.3,10.0,5.5,1.3,0.09493698563044982,0.18646306159753018,0.7185999527720202,0.04520231871503479,0.02663789507141781,-0.07184021378645289
2026-05-24,Premier League,Tottenham,Everton,H,0.3314000184949202,0.2735080266534123,0.3950919548516673,A,0.35,0.4,0.2499999999999999,1.0900000000000003,1.89,3.63,3.78,1.91,3.75,3.8,0.4948875255623722,0.2576687116564417,0.2474437627811861,-0.16348750706745202,0.01583931499697061,0.14764819207048122
2026-05-24,Serie A,Milan,Cagliari,A,0.6605470599742593,0.206474697414859,0.1329782426108815,H,0.35,0.4,0.2499999999999999,1.0900000000000003,1.26,5.3,10.35,1.29,5.5,11.0,0.7355780835143615,0.17487328023171617,0.08954863625392227,-0.07503102354010216,0.03160141718314283,0.043429606356959236
2026-05-24,Premier League,West Ham,Leeds,H,0.3508679227417662,0.2888708508436854,0.3602612264145483,A,0.35,0.4,0.2499999999999999,1.0900000000000003,1.82,3.9,3.75,1.85,4.0,3.75,0.5122950819672131,0.23907103825136616,0.24863387978142076,-0.16142715922544687,0.04979981259231925,0.11162734663312751
2026-05-24,Premier League,Liverpool,Brentford,D,0.5653666644769925,0.2269636961332047,0.2076696393898026,H,0.35,0.4,0.2499999999999999,1.0900000000000003,1.8,4.09,3.73,1.8,4.2,3.8,0.5201096424687284,0.2288991091549416,0.2509912483763301,0.04525702200826409,-0.0019354130217369148,-0.04332160898652748
2026-05-24,Premier League,Burnley,Wolves,D,0.3815967737586836,0.2811142816953001,0.337288944546016,H,0.35,0.4,0.2499999999999999,1.0900000000000003,2.36,3.5,2.77,2.35,3.5,2.9,0.39584030834306433,0.26690946505418045,0.33725022660275517,-0.014243534584380713,0.014204816641119666,3.871794326082423e-05
2026-05-24,Premier League,Sunderland,Chelsea,H,0.3362802440665152,0.2588468123995514,0.4048729435339332,A,0.35,0.4,0.2499999999999999,1.0900000000000003,3.47,3.59,1.99,3.6,3.6,2.0,0.26952053631723305,0.26051149332055673,0.46996797036221033,0.06675970774928214,-0.001664680921005357,-0.06509502682827711
2026-05-24,La Liga,Villarreal,Ath Madrid,H,0.4752299550943742,0.2419938067484801,0.2827762381571455,H,0.35,0.4,0.2499999999999999,1.0900000000000003,2.39,3.71,2.58,2.45,3.6,2.75,0.38902007323744453,0.25060861860848854,0.3603713081540668,0.08620988185692968,-0.008614811860008453,-0.07759506999692134
2026-05-24,Premier League,Brighton,Man United,A,0.4248028199677023,0.2523970746849882,0.3228001053473093,H,0.35,0.4,0.2499999999999999,1.0900000000000003,1.86,3.98,3.58,1.85,4.2,3.6,0.503299187566231,0.23521017308371597,0.26149063935005296,-0.07849636759852874,0.017186901601272203,0.06130946599725634
2026-05-24,Premier League,Nott'm Forest,Bournemouth,D,0.4227374720747366,0.2493085298368028,0.3279539980884604,H,0.35,0.4,0.2499999999999999,1.0900000000000003,3.19,3.72,2.05,3.3,3.75,2.05,0.2929437660137598,0.25120715418921874,0.4558490797970214,0.1297937060609768,-0.0018986243524159452,-0.127895081708561
