date,league,home_team,away_team,result,prob_home,prob_draw,prob_away,prediction,logistic_weight,poisson_weight,boosting_weight,boosting_temperature,avg_home_odds,avg_draw_odds,avg_away_odds,avg_close_home_odds,avg_close_draw_odds,avg_close_away_odds,early_prob_home,early_prob_draw,early_prob_away,close_prob_home,close_prob_draw,close_prob_away
2025-08-15,Premier League,Liverpool,Bournemouth,H,0.7119107673487569,0.1715365561327641,0.1165526765184787,H,0.35,0.4,0.2499999999999999,1.0900000000000003,1.31,5.96,8.31,1.29,6.02,8.68,0.7259844066296011,0.15957039810147275,0.11444519526892628,0.7337278106508877,0.15722738799661878,0.10904480135249367
2025-08-15,Ligue 1,Rennes,Marseille,H,0.2461848592388619,0.2696215735353909,0.484193567225747,A,0.35,0.4,0.2499999999999999,1.0900000000000003,3.46,3.52,2.04,3.8,3.58,1.93,0.2718105562789571,0.26717742179692944,0.46101202192411345,0.2481165207523862,0.26336390470923676,0.4885195745383771
2025-08-15,La Liga,Girona,Vallecano,A,0.3711189574194479,0.3006087215299869,0.328272321050565,H,0.35,0.4,0.2499999999999999,1.0900000000000003,2.24,3.26,3.26,2.39,3.15,3.09,0.42118863049095606,0.289405684754522,0.289405684754522,0.39491461470112105,0.29963362829704104,0.305451757001838
2025-08-15,La Liga,Villarreal,Oviedo,H,0.6632536541154149,0.2057642010140098,0.130982144870575,H,0.35,0.4,0.2499999999999999,1.0900000000000003,1.38,4.74,8.11,1.39,4.7,8.02,0.6843223959668462,0.19923310262325897,0.1164445014098949,0.6807067474735801,0.2013153997847396,0.11797785274168034
2025-08-16,Premier League,Brighton,Fulham,D,0.5520659740509932,0.2383478240185602,0.2095862019304465,H,0.35,0.4,0.2499999999999999,1.0900000000000003,1.92,3.62,3.91,1.83,3.64,4.26,0.49469799173767465,0.2623812552862805,0.24292075297604485,0.5175113638639139,0.26017741644806663,0.2223112196880194
2025-08-16,La Liga,Valencia,Sociedad,D,0.4521575032754051,0.2680109895209411,0.2798315072036537,H,0.35,0.4,0.2499999999999999,1.0900000000000003,2.55,2.89,3.07,2.43,3.0,3.18,0.36859947736422066,0.3252348329684299,0.3061656896673494,0.38847760756431865,0.31466686212709816,0.29685553030858314
2025-08-16,Premier League,Wolves,Man City,A,0.1679409676600964,0.2132755957427315,0.6187834365971719,A,0.35,0.4,0.2499999999999999,1.0900000000000003,6.73,4.73,1.44,6.24,4.32,1.51,0.140915645501321,0.20049942795431083,0.6585849265443683,0.15204743790557168,0.21962407697471467,0.6283284851197136
2025-08-16,Ligue 1,Nice,Toulouse,A,0.6024599204984354,0.2388411513890232,0.1586989281125412,H,0.35,0.4,0.2499999999999999,1.0900000000000003,2.08,3.34,3.47,1.95,3.39,3.9,0.4500089304434936,0.2802450824318763,0.26974598712463016,0.4818763326226013,0.2771855010660981,0.24093816631130066
2025-08-16,Premier League,Aston Villa,Newcastle,D,0.428602020050045,0.2705317014553638,0.3008662784945909,H,0.35,0.4,0.2499999999999999,1.0900000000000003,2.3,3.56,2.94,2.38,3.41,2.93,0.41179710737948727,0.2660486929698934,0.32215419965061926,0.3983692510117422,0.2780407089172863,0.3235900400709714
2025-08-16,Ligue 1,Monaco,Le Havre,H,0.65362935558579,0.2073831168748637,0.1389875275393461,H,0.35,0.4,0.2499999999999999,1.0900000000000003,1.33,5.23,8.08,1.21,6.63,11.97,0.7047682898965489,0.179224058424935,0.11600765167851611,0.7790650759666271,0.14218231401502546,0.07875261001834742
2025-08-16,Premier League,Sunderland,West Ham,H,0.2328644954357274,0.2654665863205665,0.5016689182437059,A,0.35,0.4,0.2499999999999999,1.0900000000000003,3.17,3.38,2.26,3.4,3.17,2.25,0.29935417123867447,0.28075524343982194,0.4198905853215036,0.2790438371706344,0.2992899199937404,0.4216662428356253
2025-08-16,La Liga,Mallorca,Barcelona,A,0.1379575522395966,0.1917460424699446,0.6702964052904585,A,0.35,0.4,0.2499999999999999,1.0900000000000003,6.75,4.74,1.43,8.7,5.79,1.56,0.13997113103166292,0.199325977734963,0.660702891233374,0.1237698246306391,0.18597538416002762,0.6902547912093333
2025-08-16,Premier League,Tottenham,Burnley,H,0.4942080132824277,0.2676456262761127,0.2381463604414594,H,0.35,0.4,0.2499999999999999,1.0900000000000003,1.37,4.8,8.3,1.55,4.01,6.16,0.6894284181563327,0.1967743610154533,0.11379722082821393,0.6104420846606088,0.23595641676407572,0.15360149857531552
2025-08-16,Ligue 1,Lens,Lyon,A,0.4162007852011242,0.2580731452459557,0.3257260695529199,H,0.35,0.4,0.2499999999999999,1.0900000000000003,2.29,3.56,2.87,2.43,3.47,2.75,0.40964000336782685,0.2635043841888549,0.32685561244331823,0.3870082045333798,0.27101727291530636,0.34197452255131383
2025-08-16,La Liga,Alaves,Levante,H,0.4390377327140811,0.2922617046488322,0.2687005626370864,H,0.35,0.4,0.2499999999999999,1.0900000000000003,2.19,3.04,3.64,2.08,3.08,3.92,0.43065522985195454,0.3102417609788751,0.2591030091691704,0.4533221194280908,0.3061396131202691,0.24053826745164003
2025-08-17,Premier League,Chelsea,Crystal Palace,D,0.4800352732597489,0.2719503024928665,0.2480144242473845,H,0.35,0.4,0.2499999999999999,1.0900000000000003,1.61,4.21,5.08,1.82,3.72,4.26,0.5884596229883033,0.22504037838745097,0.18649999862424577,0.521790667351535,0.25528468133865423,0.22292465130981076
2025-08-17,La Liga,Ath Bilbao,Sevilla,H,0.631491754892935,0.2150213805733028,0.153486864533762,H,0.35,0.4,0.2499999999999999,1.0900000000000003,1.55,3.91,6.17,1.56,3.8,6.43,0.6069305411246153,0.2405990636171749,0.15247039525820968,0.604909785902438,0.24833138579152722,0.14675882830603476
2025-08-17,Ligue 1,Angers,Paris FC,H,0.3172145050587119,0.2796326550355981,0.4031528399056899,A,0.35,0.4,0.2499999999999999,1.0900000000000003,2.62,3.12,2.74,3.04,3.27,2.35,0.3576604468245335,0.30034306752573003,0.34199648564973645,0.3102429216812748,0.28842155410124626,0.40133552421747887
2025-08-17,Ligue 1,Auxerre,Lorient,H,0.4922479934058332,0.2662217567177546,0.2415302498764119,H,0.35,0.4,0.2499999999999999,1.0900000000000003,2.32,3.35,2.96,2.49,3.18,2.88,0.40382485176255944,0.27966377793705605,0.3165113703003844,0.3777002449706777,0.2957464182317571,0.32655333679756515
2025-08-17,Ligue 1,Brest,Lille,D,0.3339343980468069,0.2760171468783047,0.3900484550748882,A,0.35,0.4,0.2499999999999999,1.0900000000000003,3.22,3.41,2.16,2.46,3.18,2.93,0.29111892810560847,0.27489822536658626,0.4339828465278052,0.38267619517003454,0.29603252833908333,0.32129127649088224
2025-08-17,Ligue 1,Metz,Strasbourg,A,0.2198786321213238,0.2409058779330536,0.5392154899456225,A,0.35,0.4,0.2499999999999999,1.0900000000000003,3.03,3.38,2.26,3.62,3.47,2.01,0.3089129731478486,0.27692494338401813,0.4141620834681333,0.26013061169687046,0.27137545081921355,0.468493937483916
2025-08-17,Premier League,Nott'm Forest,Brentford,H,0.4096277490423722,0.2691573795583377,0.32121487139929,H,0.35,0.4,0.2499999999999999,1.0900000000000003,2.15,3.36,3.43,1.91,3.44,4.16,0.44116937752887275,0.28229588145448703,0.27653474101664033,0.4964338245497183,0.27563622235173313,0.22792995309854852
2025-08-17,La Liga,Celta,Getafe,A,0.5421887665212113,0.2545353881032275,0.2032758453755611,H,0.35,0.4,0.2499999999999999,1.0900000000000003,1.71,3.48,5.25,1.67,3.48,5.81,0.5503293843359449,0.2704204733374902,0.17925014232656492,0.56582832164016,0.2715325566491572,0.16263912171068282
2025-08-17,Ligue 1,Nantes,Paris SG,A,0.1320062928109111,0.1839829692780251,0.6840107379110636,A,0.35,0.4,0.2499999999999999,1.0900000000000003,7.97,5.43,1.32,12.38,6.71,1.21,0.11756890417632383,0.17256430318329666,0.7098667926403794,0.07647357460343773,0.14109431499114145,0.7824321104054208
2025-08-17,Premier League,Man United,Arsenal,A,0.2202848692870251,0.2248217429034386,0.5548933878095361,A,0.35,0.4,0.2499999999999999,1.0900000000000003,3.57,3.56,2.01,3.79,3.7,1.93,0.26462528429577853,0.2653686137460476,0.4700061019581739,0.2507488052474305,0.2568481005102058,0.4924030942423636
2025-08-17,La Liga,Espanol,Ath Madrid,H,0.1621949596071431,0.2225020428106595,0.6153029975821972,A,0.35,0.4,0.2499999999999999,1.0900000000000003,6.25,3.86,1.55,5.7,3.86,1.6,0.15034363181766783,0.2434320463368974,0.6062243218454347,0.1655852860743203,0.24451713228591346,0.5898975816397661
2025-08-18,Premier League,Leeds,Everton,H,0.2574557546194472,0.2663242184267191,0.4762200269538336,A,0.35,0.4,0.2499999999999999,1.0900000000000003,2.39,3.29,2.96,2.34,3.21,3.16,0.39465227205492004,0.2866926839547899,0.31865504399029015,0.4049438309899639,0.29519269922632874,0.29986346978370737
2025-08-18,La Liga,Elche,Betis,D,0.2257659652155543,0.2516762560012245,0.5225577787832211,A,0.35,0.4,0.2499999999999999,1.0900000000000003,3.33,3.27,2.17,3.2,3.19,2.3,0.2814593571879053,0.28662374906291277,0.4319168937491819,0.2945994780164626,0.2955229873519374,0.4098775346316001
2025-08-19,La Liga,Real Madrid,Osasuna,H,0.7103834663351022,0.1878537112816968,0.1017628223832008,H,0.35,0.4,0.2499999999999999,1.0900000000000003,1.2,6.66,13.16,1.21,6.67,12.34,0.7865558164078484,0.14172176872213485,0.07172241487001657,0.7815770407150704,0.14178534021967545,0.07663761906525407
2025-08-22,Premier League,West Ham,Chelsea,A,0.2734970301405983,0.2591184770321479,0.4673844928272537,A,0.35,0.4,0.2499999999999999,1.0900000000000003,4.68,3.88,1.71,4.75,3.82,1.72,0.20230515916575192,0.24401756311745335,0.5536772777167946,0.19979687034367832,0.24843851678860526,0.5517646128677164
2025-08-22,Ligue 1,Paris SG,Angers,H,0.8397308199393412,0.1167035538946902,0.0435656261659684,H,0.35,0.4,0.2499999999999999,1.0900000000000003,1.08,11.06,24.94,1.06,11.97,29.25,0.8764602035356276,0.08558562566170687,0.03795417080266551,0.8890516553809306,0.07872972052663212,0.03221862409243715
2025-08-22,Bundesliga,Bayern Munich,RB Leipzig,H,0.7205923304765531,0.1614113787437678,0.1179962907796788,H,0.35,0.4,0.2499999999999999,1.0900000000000003,1.21,7.13,10.3,1.23,6.98,9.87,0.7768913976936251,0.13184271966469654,0.0912658826416783,0.7687353335989047,0.1354648223963686,0.09579984400472674
2025-08-22,La Liga,Betis,Alaves,H,0.5595202734531837,0.2491780848634762,0.1913016416833399,H,0.35,0.4,0.2499999999999999,1.0900000000000003,1.88,3.38,4.37,1.84,3.4,4.47,0.5034184713332379,0.2800079071320969,0.21657362153466528,0.5120826987614053,0.27712710756499587,0.21079019367359866
2025-08-23,Premier League,Brentford,Aston Villa,H,0.3394570085916627,0.2676006480191563,0.3929423433891807,A,0.35,0.4,0.2499999999999999,1.0900000000000003,3.11,3.53,2.21,3.25,3.45,2.18,0.304112237698176,0.26792891196638174,0.4279588503354423,0.2913027480295138,0.2744156322017159,0.4342816197687705
2025-08-23,La Liga,Ath Madrid,Elche,D,0.7649218010877207,0.1545416428002465,0.0805365561120327,H,0.35,0.4,0.2499999999999999,1.0900000000000003,1.24,5.74,12.91,1.26,5.67,11.58,0.762150131544574,0.16464567301659783,0.07320419543882817,0.7512975778546713,0.16695501730103807,0.08174740484429066
2025-08-23,La Liga,Levante,Barcelona,A,0.1214040821387237,0.1803483556171153,0.6982475622441608,A,0.35,0.4,0.2499999999999999,1.0900000000000003,10.44,6.51,1.24,11.5,6.95,1.21,0.0907190635451505,0.14548494983277593,0.7637959866220736,0.08224490095306089,0.13608868503024463,0.7816664140166945
2025-08-23,Bundesliga,St Pauli,Dortmund,D,0.184742621674725,0.2248644252352304,0.5903929530900445,A,0.35,0.4,0.2499999999999999,1.0900000000000003,4.52,3.85,1.71,4.04,3.65,1.86,0.20758512614024413,0.24371032991010477,0.5487045439496511,0.23370534331173795,0.2586765991724442,0.5076180575158179
2025-08-23,Premier League,Arsenal,Leeds,H,0.7635565054608315,0.1589168294374165,0.0775266651017517,H,0.35,0.4,0.2499999999999999,1.0900000000000003,1.27,5.93,10.61,1.33,5.36,8.94,0.7497018103478064,0.16056008417229584,0.08973810547989768,0.7158688565734552,0.17763163791841333,0.1064995055081315
2025-08-23,Bundesliga,Freiburg,Augsburg,A,0.562648700309014,0.2381342076257878,0.199217092065198,H,0.35,0.4,0.2499999999999999,1.0900000000000003,1.82,3.58,4.25,1.93,3.5,3.88,0.5163648457862728,0.2625095026064292,0.22112565160729802,0.48807838006857535,0.2691403638663858,0.24278125606503878
2025-08-23,Bundesliga,Ein Frankfurt,Werder Bremen,H,0.5207509593316749,0.2587539348291888,0.2204951058391361,H,0.35,0.4,0.2499999999999999,1.0900000000000003,1.69,4.0,4.46,1.53,4.55,5.28,0.5551164686626796,0.2345367080099821,0.21034682332733823,0.6149923586738651,0.20679962830132168,0.17820801302481318
2025-08-23,Ligue 1,Marseille,Paris FC,H,0.6478894422577158,0.2072499596945228,0.1448605980477612,H,0.35,0.4,0.2499999999999999,1.0900000000000003,1.36,4.89,7.89,1.39,4.93,7.16,0.6894228140428748,0.1917413143350327,0.11883587162209251,0.6774694408671903,0.19101065371306178,0.1315199054197478
2025-08-23,Serie A,Genoa,Lecce,D,0.5161632644705036,0.2738188678590231,0.210017867670473,H,0.35,0.4,0.2499999999999999,1.0900000000000003,1.91,3.28,4.29,1.73,3.4,5.29,0.4932088791057803,0.28720395094269524,0.21958716995152458,0.5447051305735667,0.27715878702713836,0.17813608239929496
2025-08-23,Bundesliga,Union Berlin,Stuttgart,H,0.310658489765592,0.2682016600732954,0.4211398501611125,A,0.35,0.4,0.2499999999999999,1.0900000000000003,3.3,3.59,2.06,3.91,3.78,1.85,0.283997173622525,0.261055897758867,0.454946928618608,0.24108555727548847,0.24937685950983068,0.5095375832146809
2025-08-23,La Liga,Mallorca,Celta,D,0.3833188915553033,0.2709258588632977,0.3457552495813989,H,0.35,0.4,0.2499999999999999,1.0900000000000003,2.94,3.09,2.52,3.13,3.21,2.35,0.32070576024909186,0.30513751946030104,0.37415672029060715,0.30238953271627456,0.29485334498502785,0.40275712229869765
2025-08-23,Ligue 1,Nice,Auxerre,H,0.584277088238349,0.2391346126183152,0.1765882991433356,H,0.35,0.4,0.2499999999999999,1.0900000000000003,1.62,4.09,4.93,1.8,3.68,4.25,0.5798148728580835,0.22965772470173484,0.19052740244018165,0.5228321187403892,0.25573310155779905,0.22143477970181186
2025-08-23,Bundesliga,Heidenheim,Wolfsburg,A,0.3563073390356161,0.2833089167635899,0.3603837442007939,A,0.35,0.4,0.2499999999999999,1.0900000000000003,3.05,3.51,2.2,2.74,3.38,2.5,0.3071904525111884,0.2669318746892093,0.42587767279960215,0.3440385648909663,0.2788951679885348,0.37706626712049907
2025-08-23,Serie A,Milan,Cremonese,A,0.7237466216191155,0.1775078485542763,0.0987455298266078,H,0.35,0.4,0.2499999999999999,1.0900000000000003,1.34,5.09,8.57,1.34,5.08,8.95,0.7044135149057661,0.18544481531900328,0.11014166977523064,0.707463643408199,0.18661442562342256,0.10592193096837842
2025-08-23,Premier League,Burnley,Sunderland,H,0.4014301948160776,0.275133415267267,0.3234363899166552,H,0.35,0.4,0.2499999999999999,1.0900000000000003,2.25,3.16,3.42,2.38,3.11,3.22,0.4219551619931126,0.30044275774826057,0.27760208025862676,0.3992966394998326,0.3055710617394217,0.2951322987607458
2025-08-23,Serie A,Roma,Bologna,H,0.5143333372096495,0.2368002970921587,0.2488663656981916,H,0.35,0.4,0.2499999999999999,1.0900000000000003,2.1,3.28,3.56,2.12,3.22,3.6,0.4484040428865473,0.2870879542871187,0.2645080028263341,0.44498357030986085,0.29297054939655437,0.2620458802935848
2025-08-23,Premier League,Man City,Tottenham,A,0.7712532431193333,0.143512527642061,0.0852342292386056,H,0.35,0.4,0.2499999999999999,1.0900000000000003,1.48,4.7,6.08,1.54,4.53,5.46,0.6417189156171963,0.20207319044967031,0.1562078939331333,0.6165201005025125,0.2095896147403685,0.1738902847571189
2025-08-23,Serie A,Sassuolo,Napoli,A,0.1446998213075289,0.2168690099888357,0.6384311687036353,A,0.35,0.4,0.2499999999999999,1.0900000000000003,6.08,4.02,1.54,5.68,3.76,1.62,0.15478702657292304,0.23410575163267963,0.6111072217943974,0.16620099537239155,0.2510695887540383,0.5827294158735703
2025-08-23,Bundesliga,Leverkusen,Hoffenheim,A,0.7526325883878852,0.1503546817630229,0.0970127298490916,H,0.35,0.4,0.2499999999999999,1.0900000000000003,1.5,4.63,5.56,1.71,4.15,4.24,0.627447730563179,0.20327680255826536,0.16927546687855555,0.5508579371315692,0.22698001746867066,0.2221620453997602
2025-08-23,Premier League,Bournemouth,Wolves,H,0.532002127447484,0.2423867289858188,0.225611143566697,H,0.35,0.4,0.2499999999999999,1.0900000000000003,1.79,3.88,4.24,1.8,3.74,4.32,0.5309236429355192,0.2449364229006648,0.22413993416381586,0.5268842451279644,0.2535806527353839,0.21953510213665178
2025-08-23,Ligue 1,Lyon,Metz,H,0.7143772468938,0.1801487098623155,0.1054740432438843,H,0.35,0.4,0.2499999999999999,1.0900000000000003,1.39,4.93,6.98,1.39,4.95,7.07,0.6751794813435544,0.19036500589605287,0.1344555127603926,0.6768585978342228,0.19006736383627668,0.13307403832950065
2025-08-24,Serie A,Juventus,Parma,H,0.7117798694011316,0.1844630454511457,0.1037570851477226,H,0.35,0.4,0.2499999999999999,1.0900000000000003,1.42,4.58,7.26,1.41,4.46,7.98,0.6641711742663332,0.20592206713060987,0.1299067586030569,0.6698662932514229,0.21177387297858885,0.11835983376998825
2025-08-24,Serie A,Cagliari,Fiorentina,D,0.248968721930069,0.2419494590173328,0.5090818190525979,A,0.35,0.4,0.2499999999999999,1.0900000000000003,3.17,3.27,2.25,3.07,3.13,2.41,0.2960061796193258,0.28695400287255746,0.4170398175081168,0.3072489623682849,0.3013592059011612,0.39139183173055375
2025-08-24,Premier League,Fulham,Man United,D,0.4545527623692091,0.2645577546214989,0.2808894830092919,H,0.35,0.4,0.2499999999999999,1.0900000000000003,3.27,3.53,2.13,3.45,3.51,2.08,0.2888873520292311,0.26760953006673815,0.44350311790403085,0.27460759865043277,0.2699134516649553,0.45547894968461194
2025-08-24,Premier League,Everton,Brighton,H,0.368815403439908,0.2626217325801283,0.3685628639799637,H,0.35,0.4,0.2499999999999999,1.0900000000000003,3.08,3.3,2.32,2.9,3.34,2.43,0.3066619668664082,0.28621783574198095,0.40712019739161087,0.32661816074561756,0.28359061861146434,0.38979122064291805
2025-08-24,Bundesliga,M'gladbach,Hamburg,D,0.5539628704191273,0.2444351551768311,0.2016019744040414,H,0.35,0.4,0.2499999999999999,1.0900000000000003,1.82,3.92,3.78,1.89,3.87,3.65,0.51393609789259,0.23861318830727396,0.24745071380013597,0.49845968177343036,0.24343379807539617,0.25810652015117347
2025-08-24,Serie A,Como,Lazio,H,0.2995009867380002,0.274993171490936,0.4255058417710636,A,0.35,0.4,0.2499999999999999,1.0900000000000003,2.44,3.29,2.86,2.33,3.33,3.01,0.38538791090868874,0.28581960565872355,0.32879248343258766,0.40423867233973904,0.2828456776431207,0.31291565001714017
2025-08-24,Bundesliga,Mainz,FC Koln,A,0.5941593489219552,0.2370466485325123,0.1687940025455324,H,0.35,0.4,0.2499999999999999,1.0900000000000003,1.86,3.61,3.95,1.95,3.6,3.7,0.5034938614672453,0.2594178898418494,0.23708824869090533,0.48339684267827987,0.26183995645073493,0.25476320087098525
2025-08-24,La Liga,Oviedo,Real Madrid,A,0.1538545856555087,0.1971491958116873,0.648996218532804,A,0.35,0.4,0.2499999999999999,1.0900000000000003,9.67,5.24,1.3,9.91,5.27,1.3,0.09723955017429463,0.17944779583691392,0.7233126539887915,0.09520606672901638,0.1790307630520972,0.7257631702188863
2025-08-24,Premier League,Crystal Palace,Nott'm Forest,D,0.4681998025242361,0.2627050071289937,0.26909519034677,H,0.35,0.4,0.2499999999999999,1.0900000000000003,2.35,3.26,3.07,2.39,3.24,3.06,0.40219902988703454,0.2899287485381997,0.3078722215747659,0.39703020255171917,0.29287104447487927,0.31009875297340156
2025-08-24,Ligue 1,Lille,Monaco,H,0.4448851120067786,0.2455340000019159,0.3095808879913053,H,0.35,0.4,0.2499999999999999,1.0900000000000003,2.94,3.53,2.25,3.22,3.59,2.12,0.31851923146332367,0.26528230609126674,0.41619846244540953,0.29275685656037237,0.2625841443243452,0.44465899911528256
2025-08-24,Ligue 1,Strasbourg,Nantes,H,0.5796500884124388,0.2406100883178936,0.1797398232696674,H,0.35,0.4,0.2499999999999999,1.0900000000000003,1.76,3.65,4.46,1.74,3.6,4.74,0.5328188108377029,0.25692085125324843,0.21026033790904863,0.5404172842321286,0.2612016873788622,0.19838102838900923
2025-08-24,La Liga,Villarreal,Girona,H,0.7146954344522762,0.1787251692598142,0.1065793962879094,H,0.35,0.4,0.2499999999999999,1.0900000000000003,1.52,4.28,5.69,1.46,4.51,6.61,0.6164181068958884,0.21891484170134354,0.16466705140276805,0.6474157532744216,0.20958470061655335,0.14299954610902504
2025-08-24,Ligue 1,Toulouse,Brest,H,0.4039183454427438,0.2659734912353125,0.3301081633219435,H,0.35,0.4,0.2499999999999999,1.0900000000000003,2.07,3.46,3.41,2.2,3.37,3.22,0.4534522185284114,0.27128499779011894,0.2752627836814696,0.4280732482820106,0.2794543460594728,0.29247240565851657
2025-08-24,Ligue 1,Le Havre,Lens,A,0.2780392819446488,0.2626988746081647,0.4592618434471862,A,0.35,0.4,0.2499999999999999,1.0900000000000003,3.69,3.61,1.93,4.21,3.66,1.81,0.25418917982188916,0.2598221810367786,0.4859886391413321,0.2234017799030799,0.2569730856262203,0.5196251344706997
2025-08-24,Serie A,Atalanta,Pisa,D,0.6777575711198176,0.1994586194518191,0.1227838094283631,H,0.35,0.4,0.2499999999999999,1.0900000000000003,1.38,4.86,7.63,1.44,4.52,6.97,0.6826797746603337,0.19384734342207002,0.12347288191759638,0.6556586888657648,0.2088824141519251,0.1354588969823101
2025-08-24,La Liga,Sociedad,Espanol,D,0.4657822904374789,0.275038941070311,0.2591787684922099,H,0.35,0.4,0.2499999999999999,1.0900000000000003,1.81,3.39,4.6,1.85,3.45,4.32,0.5188332407281099,0.27701715802887283,0.20414960124301718,0.5090424714380859,0.27296480352477076,0.2179927250371433
2025-08-24,Ligue 1,Lorient,Rennes,H,0.35734112452779,0.2432612825090978,0.3993975929631121,A,0.35,0.4,0.2499999999999999,1.0900000000000003,2.71,3.29,2.54,2.74,3.31,2.52,0.34594446905310916,0.2849572982169987,0.36909823272989206,0.34304185824621436,0.28396818477179075,0.372989956981995
2025-08-24,La Liga,Osasuna,Valencia,H,0.4549099730669417,0.278031464825613,0.2670585621074451,H,0.35,0.4,0.2499999999999999,1.0900000000000003,2.36,3.11,3.13,2.23,3.16,3.38,0.39795672241595703,0.3019864517368677,0.30005682584717525,0.4227508410845042,0.2983336631703938,0.27891549574510194
2025-08-25,La Liga,Sevilla,Getafe,A,0.4350961589583142,0.2746781506494612,0.2902256903922245,H,0.35,0.4,0.2499999999999999,1.0900000000000003,2.25,2.99,3.46,2.05,3.02,4.13,0.4161815760784298,0.31318011577808264,0.2706383081434876,0.45973291657605386,0.3120703572784472,0.22819672614549888
2025-08-25,Premier League,Newcastle,Liverpool,A,0.3072622277240633,0.2254024602653258,0.4673353120106107,A,0.35,0.4,0.2499999999999999,1.0900000000000003,3.3,3.83,2.02,2.92,3.65,2.29,0.28609993491509383,0.2465090823028223,0.4673909827820839,0.32519170690144844,0.26015336552115875,0.4146549275773928
2025-08-25,Serie A,Inter,Torino,H,0.7232585884741904,0.1676262358364246,0.1091151756893847,H,0.35,0.4,0.2499999999999999,1.0900000000000003,1.41,4.67,7.28,1.35,5.03,8.46,0.6686241693233244,0.20187581985993303,0.12950001081674273,0.7002977028007761,0.18795266377356812,0.11174963342565575
2025-08-25,Serie A,Udinese,Verona,D,0.4208295358841617,0.3005173178800131,0.2786531462358251,H,0.35,0.4,0.2499999999999999,1.0900000000000003,1.95,3.33,3.95,1.93,3.21,4.37,0.4809411506608896,0.28163220534196237,0.23742664399714797,0.48950172906539746,0.29431100844118907,0.21618726249341347
2025-08-25,La Liga,Ath Bilbao,Vallecano,H,0.5642333392615143,0.2602105513788708,0.1755561093596148,H,0.35,0.4,0.2499999999999999,1.0900000000000003,1.69,3.55,5.18,1.73,3.55,5.06,0.5548431479632016,0.26413659719938326,0.18102025483741518,0.5466807473302028,0.2664106177130284,0.18690863495676893
2025-08-27,La Liga,Celta,Betis,D,0.3346739564239021,0.2709044383879646,0.3944216051881332,A,0.35,0.4,0.2499999999999999,1.0900000000000003,2.19,3.48,3.17,2.32,3.47,2.94,0.43100437193056484,0.27123550992182094,0.29776011814761416,0.4068838990148766,0.2720376500618195,0.32107845092330395
2025-08-29,La Liga,Elche,Levante,H,0.4195145152986331,0.2714015445416345,0.3090839401597322,H,0.35,0.4,0.2499999999999999,1.0900000000000003,2.17,3.19,3.52,2.15,3.2,3.57,0.4354020046918319,0.2961825549157603,0.2684154403924077,0.4397313266229143,0.29544448507477056,0.26482418830231536
2025-08-29,La Liga,Valencia,Getafe,H,0.4558728402272931,0.2852534353677131,0.2588737244049937,H,0.35,0.4,0.2499999999999999,1.0900000000000003,2.25,2.94,3.63,2.31,2.92,3.53,0.419262454477955,0.32086412332496556,0.2598734221970796,0.4089165354205759,0.3234921906923049,0.26759127388711906
2025-08-29,Serie A,Cremonese,Sassuolo,H,0.4831107182406486,0.2737188964323443,0.2431703853270069,H,0.35,0.4,0.2499999999999999,1.0900000000000003,2.55,3.2,2.82,2.73,3.15,2.67,0.37021538461538467,0.2950153846153846,0.33476923076923076,0.346123930515945,0.299974073113819,0.35390199637023595
2025-08-29,Ligue 1,Lens,Brest,H,0.5278799278547626,0.2444632559140835,0.2276568162311538,H,0.35,0.4,0.2499999999999999,1.0900000000000003,1.84,3.68,4.05,1.9,3.69,3.8,0.5116866708780795,0.25584333543903975,0.2324699936828806,0.49630127774041694,0.2555480833893746,0.24815063887020847
2025-08-29,Serie A,Lecce,Milan,A,0.2193579563140026,0.2391668364933692,0.5414752071926281,A,0.35,0.4,0.2499999999999999,1.0900000000000003,6.03,3.94,1.57,6.48,3.8,1.56,0.15695578149303113,0.24021405137131413,0.6028301671356546,0.14579152402313778,0.2486129146499823,0.60559556132688
2025-08-29,Bundesliga,Hamburg,St Pauli,A,0.3849789430709761,0.2702865444042212,0.3447345125248025,H,0.35,0.4,0.2499999999999999,1.0900000000000003,2.39,3.26,2.99,2.42,3.22,2.97,0.39487297902766466,0.2894927668331652,0.3156342541391701,0.389655790605952,0.29284689852993906,0.317497310864109
2025-08-30,Serie A,Parma,Atalanta,D,0.1659842232391677,0.2218817521104776,0.6121340246503545,A,0.35,0.4,0.2499999999999999,1.0900000000000003,3.82,3.49,1.96,4.47,3.7,1.77,0.24730832917561482,0.27069278436987065,0.4819988864545146,0.21125874599595487,0.25522340394646437,0.5335178500575809
2025-08-30,Premier League,Sunderland,Brentford,H,0.2296262854936946,0.2356685356389139,0.5347051788673913,A,0.35,0.4,0.2499999999999999,1.0900000000000003,2.92,3.27,2.46,3.1,3.25,2.35,0.32467972779890053,0.2899280749763883,0.38539219722471124,0.3055305530553056,0.29142914291429145,0.4030403040304031
2025-08-30,Premier League,Chelsea,Fulham,H,0.5903805118906138,0.2307381867951716,0.1788813013142144,H,0.35,0.4,0.2499999999999999,1.0900000000000003,1.55,4.35,5.6,1.67,3.93,5.03,0.6123295418839941,0.21818638848740024,0.16948406962860554,0.5691699946157767,0.24186104096904504,0.18896896441517833
2025-08-30,Premier League,Tottenham,Bournemouth,A,0.3843789241381992,0.2687097223868886,0.3469113534749122,H,0.35,0.4,0.2499999999999999,1.0900000000000003,1.73,4.06,4.29,1.89,3.75,3.84,0.5466357425093133,0.2329260676209636,0.2204381898697231,0.5009549453646013,0.252481292463759,0.24656376217163967
2025-08-30,Bundesliga,Stuttgart,M'gladbach,H,0.5644642543487982,0.2298109165688681,0.2057248290823336,H,0.35,0.4,0.2499999999999999,1.0900000000000003,1.59,4.45,4.75,1.57,4.59,4.9,0.5910025024115418,0.21116718625491046,0.1978303113335477,0.601519645469547,0.20574854975755746,0.19273180477289564
2025-08-30,Ligue 1,Nantes,Auxerre,H,0.4050399728422017,0.2755186166660383,0.3194414104917599,H,0.35,0.4,0.2499999999999999,1.0900000000000003,2.26,3.2,3.24,2.48,3.24,2.86,0.4160112990723205,0.2938079799698263,0.29018072095785313,0.37985767225264816,0.2907552553044961,0.32938707244285576
2025-08-30,Bundesliga,Augsburg,Bayern Munich,A,0.1061299126642451,0.1627600044085226,0.731110082927232,A,0.35,0.4,0.2499999999999999,1.0900000000000003,9.87,6.41,1.24,9.33,5.93,1.28,0.09524300242409282,0.14665342182929736,0.7581035757466098,0.10139500959795457,0.15953042825445468,0.7390745621475907
2025-08-30,La Liga,Alaves,Ath Madrid,D,0.2151664481170824,0.243456313521224,0.5413772383616934,A,0.35,0.4,0.2499999999999999,1.0900000000000003,4.64,3.55,1.78,5.39,3.51,1.7,0.2035091561407012,0.26599506605432494,0.5304957778049739,0.17524795220990988,0.26911295225396414,0.555639095536126
2025-08-30,La Liga,Real Madrid,Mallorca,H,0.7830021675240454,0.1512209343846109,0.0657768980913434,H,0.35,0.4,0.2499999999999999,1.0900000000000003,1.18,6.96,14.97,1.16,7.43,15.63,0.8010480623301858,0.13580987263643954,0.06314206503337469,0.8127834099124792,0.1268948526915849,0.06032173739593575
2025-08-30,Serie A,Napoli,Cagliari,H,0.7353440007160617,0.171590348277396,0.0930656510065421,H,0.35,0.4,0.2499999999999999,1.0900000000000003,1.3,5.23,10.34,1.41,4.34,8.59,0.7276477680061142,0.18086847005888115,0.0914837619350047,0.6715785264060499,0.21818565028399317,0.11023582330995697
2025-08-30,Serie A,Pisa,Roma,A,0.2191021349793636,0.2389863827205089,0.5419114823001273,A,0.35,0.4,0.2499999999999999,1.0900000000000003,4.96,3.69,1.7,5.21,3.58,1.7,0.19004829220114278,0.25545786702375833,0.5544938407750989,0.18115898889113793,0.2636419922130806,0.5551990188957815
2025-08-30,Bundesliga,Werder Bremen,Leverkusen,D,0.2427043749797252,0.2239398666964957,0.533355758323779,A,0.35,0.4,0.2499999999999999,1.0900000000000003,3.56,3.83,1.91,3.54,3.9,1.92,0.2636172643307856,0.24503327963905916,0.49134945603015534,0.26656414199666795,0.24195822119697555,0.4914776368063566
2025-08-30,Serie A,Bologna,Como,H,0.5311095235366894,0.2425862538280881,0.2263042226352224,H,0.35,0.4,0.2499999999999999,1.0900000000000003,2.42,3.14,3.04,2.73,3.11,2.7,0.38959724421660985,0.30026284426885214,0.3101399115145381,0.34614956530342195,0.3038547631120071,0.3499956715845711
2025-08-30,Bundesliga,Hoffenheim,Ein Frankfurt,A,0.2559198954134846,0.2510965324833343,0.4929835721031809,A,0.35,0.4,0.2499999999999999,1.0900000000000003,2.84,3.76,2.24,2.64,3.79,2.4,0.33077793138117384,0.24984290561769512,0.4193791630011311,0.35758090385885455,0.24908010189640528,0.39333899424474006
2025-08-30,Premier League,Leeds,Newcastle,D,0.2013883014131067,0.2335463618564404,0.5650653367304528,A,0.35,0.4,0.2499999999999999,1.0900000000000003,3.37,3.49,2.12,3.67,3.36,2.06,0.28127506700374466,0.2716037179950199,0.4471212150012356,0.2581434378846082,0.28196024316562857,0.4598963189497631
2025-08-30,Ligue 1,Toulouse,Paris SG,A,0.1816983870925062,0.2115834694919983,0.6067181434154955,A,0.35,0.4,0.2499999999999999,1.0900000000000003,8.17,5.12,1.34,8.54,5.48,1.32,0.11503881688157078,0.18356779959422526,0.7013933835242039,0.11076538612308899,0.17261613092904743,0.7166184829478636
2025-08-30,Ligue 1,Lorient,Lille,A,0.2630247995650461,0.2337500628520641,0.5032251375828896,A,0.35,0.4,0.2499999999999999,1.0900000000000003,3.3,3.48,2.11,3.27,3.45,2.15,0.284717213782193,0.26999046134518295,0.4452923248726241,0.28828776307351484,0.2732466623914184,0.43846557453506674
2025-08-30,Premier League,Man United,Burnley,H,0.5911933769750797,0.2350445203962909,0.1737621026286292,H,0.35,0.4,0.2499999999999999,1.0900000000000003,1.35,5.15,8.28,1.38,5.06,7.6,0.7016660496112551,0.183931877082562,0.1144020733061829,0.6876130942589243,0.1875308438887975,0.12485606185227832
2025-08-30,Premier League,Wolves,Everton,A,0.3121114668523989,0.2781623312260412,0.4097262019215598,A,0.35,0.4,0.2499999999999999,1.0900000000000003,2.66,3.19,2.74,3.33,3.11,2.32,0.3565496198152922,0.2973109682472343,0.3461394119374735,0.2852184637764803,0.30539468950986476,0.40938684671365494
2025-08-30,La Liga,Girona,Sevilla,A,0.4178339032271978,0.2874542297274257,0.2947118670453763,H,0.35,0.4,0.2499999999999999,1.0900000000000003,2.42,3.29,2.94,2.42,3.16,3.04,0.3908247539314402,0.2874759588188709,0.3216992872496889,0.3903390436563405,0.2989305334330202,0.31073042291063946
2025-08-30,La Liga,Oviedo,Sociedad,H,0.3603371646654436,0.2776279667632614,0.3620348685712948,A,0.35,0.4,0.2499999999999999,1.0900000000000003,3.47,3.1,2.23,3.38,3.12,2.26,0.27207858911134636,0.3045524852310877,0.4233689256575659,0.2794147949721822,0.302699361219864,0.4178858438079539
2025-08-30,Bundesliga,RB Leipzig,Heidenheim,H,0.5914801456284999,0.2409249944146438,0.1675948599568562,H,0.35,0.4,0.2499999999999999,1.0900000000000003,1.42,4.83,6.48,1.47,4.88,5.82,0.660881022665366,0.19429628409623592,0.14482269323839808,0.6435806447227094,0.19386548109475057,0.16255387418254
2025-08-31,Premier League,Nott'm Forest,West Ham,A,0.5785845816219201,0.224526530477815,0.1968888879002648,H,0.35,0.4,0.2499999999999999,1.0900000000000003,1.69,3.74,5.03,1.65,4.01,4.98,0.5593292401920704,0.252745030995882,0.1879257288120475,0.5737904164260286,0.23609830102317886,0.19011128255079257
2025-08-31,Ligue 1,Paris FC,Metz,H,0.5222318099352843,0.2475238594266776,0.230244330638038,H,0.35,0.4,0.2499999999999999,1.0900000000000003,1.82,3.6,4.23,1.74,3.77,4.57,0.5165781278622459,0.26115894241924653,0.22226292971850767,0.5428049337597076,0.250525354042942,0.20666971219735042
2025-08-31,Bundesliga,FC Koln,Freiburg,H,0.3201519766840793,0.2704757547399838,0.4093722685759365,A,0.35,0.4,0.2499999999999999,1.0900000000000003,2.5,3.26,2.74,2.53,3.31,2.72,0.37323461082047765,0.28622286105864847,0.34054252812087377,0.37112671121352403,0.2836708699003672,0.34520241888610864
2025-08-31,Serie A,Genoa,Juventus,A,0.2299511466095483,0.2397170021517528,0.5303318512386986,A,0.35,0.4,0.2499999999999999,1.0900000000000003,4.38,3.36,1.86,4.99,3.18,1.84,0.21466551255100777,0.2798318288611351,0.5055026585878569,0.1893530953690819,0.2971295427332449,0.5135173618976733
2025-08-31,La Liga,Celta,Villarreal,D,0.2341717271332486,0.2510198644015984,0.5148084084651529,A,0.35,0.4,0.2499999999999999,1.0900000000000003,2.71,3.53,2.43,3.14,3.46,2.22,0.34686912392082336,0.2662932934349664,0.38683758264421036,0.30102992585160915,0.2731890078537725,0.4257810662946183
2025-08-31,La Liga,Espanol,Osasuna,H,0.3487729295315382,0.2874119791587564,0.3638150913097052,A,0.35,0.4,0.2499999999999999,1.0900000000000003,2.34,3.15,3.09,2.44,3.05,3.04,0.39997780983024517,0.2971263730167535,0.30289581715300123,0.38422649140546,0.307381193124368,0.3083923154701719
2025-08-31,Serie A,Inter,Udinese,A,0.7981347695458247,0.1347119498337824,0.0671532806203925,H,0.35,0.4,0.2499999999999999,1.0900000000000003,1.31,5.31,9.22,1.27,5.73,10.31,0.720052947016215,0.17764018090230543,0.10230687208147957,0.7435929064748744,0.16481029515237183,0.0915967983727537
2025-08-31,Premier League,Liverpool,Arsenal,H,0.4650039304342507,0.2484964098329381,0.286499659732811,H,0.35,0.4,0.2499999999999999,1.0900000000000003,2.2,3.49,3.17,2.37,3.33,3.01,0.430222474557948,0.2712004137614572,0.2985771116805948,0.40014611303400116,0.2847886750422171,0.3150652119237817
2025-08-31,Serie A,Torino,Fiorentina,D,0.2897545165510447,0.2506157151678651,0.45962976828109,A,0.35,0.4,0.2499999999999999,1.0900000000000003,3.13,3.15,2.36,3.2,3.05,2.39,0.3012118977484066,0.299299441254766,0.3994886609968275,0.2951513311063873,0.3096669703411277,0.3951816985524851
2025-08-31,Ligue 1,Angers,Rennes,D,0.3290164051755824,0.284427993084777,0.3865556017396403,A,0.35,0.4,0.2499999999999999,1.0900000000000003,3.34,3.37,2.11,4.37,3.6,1.8,0.2797957023518626,0.27730493942291423,0.44289935822522325,0.21543985637342905,0.26152004787552363,0.5230400957510473
2025-08-31,Ligue 1,Monaco,Strasbourg,H,0.5172238330302175,0.2460245700029688,0.2367515969668135,H,0.35,0.4,0.2499999999999999,1.0900000000000003,1.53,4.34,5.5,1.42,4.91,6.54,0.6132274207968103,0.2161838603269861,0.17058871887620358,0.6638646775714073,0.19199345053999964,0.144141871888593
2025-08-31,La Liga,Betis,Ath Bilbao,A,0.4024955624719568,0.2528972824217567,0.3446071551062864,H,0.35,0.4,0.2499999999999999,1.0900000000000003,2.95,3.15,2.46,3.15,3.14,2.37,0.3189085746033706,0.2986604111364899,0.38243101426013953,0.30009315154667865,0.3010488622203942,0.3988579862329273
2025-08-31,Serie A,Lazio,Verona,H,0.609769019975378,0.2275535000816843,0.1626774799429376,H,0.35,0.4,0.2499999999999999,1.0900000000000003,1.45,4.41,6.9,1.55,3.88,6.31,0.6497965982254397,0.21365194272718535,0.136551459047375,0.6078560380164509,0.24282908735193276,0.14931487463161633
2025-08-31,Bundesliga,Dortmund,Union Berlin,H,0.6805159491847698,0.1894420191796329,0.1300420316355972,H,0.35,0.4,0.2499999999999999,1.0900000000000003,1.38,5.06,7.02,1.41,4.84,6.88,0.6805922792173453,0.18561607615018508,0.13379164463246956,0.6683311791010028,0.19469978564719295,0.13696903525180434
2025-08-31,Premier League,Brighton,Man City,H,0.263897920562393,0.2371126566329875,0.4989894228046193,A,0.35,0.4,0.2499999999999999,1.0900000000000003,3.78,3.84,1.85,3.47,3.64,2.03,0.24828569631136374,0.24440623230649866,0.5073080713821376,0.2730258903861573,0.2602746812197708,0.46669942839407197
2025-08-31,La Liga,Vallecano,Barcelona,D,0.153704848834042,0.2002897985914045,0.6460053525745534,A,0.35,0.4,0.2499999999999999,1.0900000000000003,6.74,5.11,1.39,6.67,5.13,1.4,0.13951081160177475,0.1840123033651589,0.6764768850330662,0.14155322239544632,0.18404678233482008,0.6743999952697336
2025-08-31,Bundesliga,Wolfsburg,Mainz,D,0.3740219910185845,0.2823472334698089,0.3436307755116063,H,0.35,0.4,0.2499999999999999,1.0900000000000003,2.04,3.62,3.34,2.14,3.53,3.23,0.4599150982152367,0.25917867413234336,0.28090622765242007,0.440767271138807,0.26720735417480085,0.2920253746863923
2025-08-31,Premier League,Aston Villa,Crystal Palace,A,0.460533384142327,0.2745845248068826,0.2648820910507902,H,0.35,0.4,0.2499999999999999,1.0900000000000003,1.88,3.56,4.07,2.09,3.51,3.44,0.5025109594362133,0.2653709561067643,0.23211808445702234,0.45392651852074634,0.27028673040124207,0.2757867510780116
2025-08-31,Ligue 1,Le Havre,Nice,H,0.2109408363711646,0.2498876479723378,0.5391715156564973,A,0.35,0.4,0.2499999999999999,1.0900000000000003,3.44,3.51,2.05,3.24,3.41,2.19,0.27336552452520524,0.26791379041786495,0.4587206850569298,0.2915793049324728,0.27704309324962223,0.431377601817905
2025-08-31,Ligue 1,Lyon,Marseille,H,0.4251818585522925,0.2615901150358861,0.3132280264118213,H,0.35,0.4,0.2499999999999999,1.0900000000000003,2.65,3.68,2.4,2.83,3.49,2.38,0.354073123797306,0.2549711353431687,0.39095574085952534,0.3333373464481927,0.2702993382373597,0.39636331531444763
2025-09-12,Ligue 1,Marseille,Lorient,H,0.7082420209209889,0.1726665485730324,0.1190914305059786,H,0.35,0.4,0.2499999999999999,1.0900000000000003,1.36,5.22,7.55,1.35,5.16,8.17,0.6941220397969643,0.18084405634556927,0.12503390385746643,0.7008363714346987,0.18335835299163628,0.11580527557366503
2025-09-12,La Liga,Sevilla,Elche,D,0.4625966121453522,0.2939296209368231,0.2434737669178246,H,0.35,0.4,0.2499999999999999,1.0900000000000003,1.85,3.4,4.47,1.89,3.33,4.41,0.5107283878013946,0.2778963286566412,0.21137528354196425,0.5009671179883947,0.28433268858800775,0.21470019342359767
2025-09-12,Bundesliga,Leverkusen,Ein Frankfurt,H,0.5555159112884802,0.2141930677935899,0.2302910209179298,H,0.35,0.4,0.2499999999999999,1.0900000000000003,2.1,3.8,3.11,2.12,3.72,3.13,0.44885867294618104,0.24805347715446846,0.30308784989935056,0.44499648393310304,0.25360014675757486,0.3014033693093222
2025-09-13,Bundesliga,Wolfsburg,FC Koln,D,0.4483047367338888,0.2792826351667782,0.2724126280993328,H,0.35,0.4,0.2499999999999999,1.0900000000000003,1.96,3.56,3.66,1.92,3.65,3.76,0.47936778902754884,0.2639215917117966,0.2567106192606545,0.49099859755574,0.2582787143306906,0.25072268811356935
2025-09-13,La Liga,Getafe,Oviedo,H,0.4207213822883521,0.2858892529217623,0.2933893647898853,H,0.35,0.4,0.2499999999999999,1.0900000000000003,1.96,3.06,4.45,1.99,2.91,4.71,0.48054459603481003,0.3077998066105319,0.2116555973546579,0.4747539825215882,0.32465993993744346,0.20058607754096827
2025-09-13,Bundesliga,Heidenheim,Dortmund,A,0.158001604130169,0.2188252227516135,0.6231731731182174,A,0.35,0.4,0.2499999999999999,1.0900000000000003,5.16,4.39,1.55,4.98,4.44,1.58,0.18167182398030696,0.2135368136078324,0.6047913624118606,0.18962665023192446,0.21268935093580718,0.5976839988322682
2025-09-13,Ligue 1,Nice,Nantes,H,0.6222791960117537,0.2176735450855964,0.1600472589026497,H,0.35,0.4,0.2499999999999999,1.0900000000000003,1.66,3.84,4.95,1.55,4.15,5.8,0.565724387935499,0.24455793853461671,0.18971767352988447,0.6094828131923784,0.2276381591441413,0.16287902766348045
2025-09-13,Bundesliga,Mainz,RB Leipzig,A,0.4063288000805284,0.2363940801713173,0.357277119748154,H,0.35,0.4,0.2499999999999999,1.0900000000000003,2.56,3.58,2.53,2.32,3.69,2.8,0.36671120288270775,0.26222924005020437,0.3710595570670877,0.4069510965465087,0.25586085202924125,0.33718805142425007
2025-09-13,La Liga,Ath Bilbao,Alaves,A,0.6216176909510398,0.2403193807704861,0.138062928278474,H,0.35,0.4,0.2499999999999999,1.0900000000000003,1.57,3.83,6.25,1.59,3.71,6.26,0.6020028619498983,0.24677401912828725,0.15122311892181445,0.5943306659433066,0.2547131425471314,0.1509561915095619
2025-09-13,Ligue 1,Auxerre,Monaco,A,0.2438649053652452,0.2375113637661557,0.518623730868599,A,0.35,0.4,0.2499999999999999,1.0900000000000003,4.92,4.3,1.59,5.03,4.49,1.57,0.19089340458680248,0.21841756989931818,0.5906890255138794,0.1878255633328093,0.21041482930156588,0.6017596073656247
2025-09-13,Bundesliga,Freiburg,Stuttgart,H,0.3542010331471926,0.2903862843943849,0.3554126824584223,A,0.35,0.4,0.2499999999999999,1.0900000000000003,2.84,3.59,2.29,2.62,3.54,2.53,0.3298957075155597,0.260975991460777,0.4091283010236635,0.3602712835282948,0.26664145843054593,0.3730872580411591
2025-09-13,Premier League,Fulham,Leeds,H,0.5876101210081192,0.2291773109628751,0.1832125680290056,H,0.35,0.4,0.2499999999999999,1.0900000000000003,1.96,3.51,3.89,2.04,3.37,3.76,0.4849047691766787,0.2707730335003676,0.24432219732295377,0.4655722285092812,0.28183007304419394,0.2525976984465249
2025-09-13,Bundesliga,Union Berlin,Hoffenheim,A,0.4577060050457874,0.2653209947219817,0.2769730002322307,H,0.35,0.4,0.2499999999999999,1.0900000000000003,2.56,3.39,2.64,2.74,3.4,2.49,0.36699143785060534,0.27713807696092907,0.35587048518846576,0.34408200092665603,0.2772896125114816,0.3786283865618624
2025-09-13,Serie A,Cagliari,Parma,H,0.4374201256199477,0.2823072714669836,0.2802726029130685,H,0.35,0.4,0.2499999999999999,1.0900000000000003,2.17,3.21,3.49,2.26,3.11,3.39,0.4352009758409441,0.2942012827335977,0.27059774142545806,0.41782355575459024,0.3036274070756829,0.2785490371697268
2025-09-13,Premier League,West Ham,Tottenham,A,0.418356365191609,0.273195568282414,0.3084480665259768,H,0.35,0.4,0.2499999999999999,1.0900000000000003,3.36,3.56,2.1,3.27,3.51,2.17,0.2821813570069753,0.26632847178186436,0.4514901712111604,0.2908214109804011,0.27093618629798055,0.4382424027216183
2025-09-13,Serie A,Fiorentina,Napoli,A,0.3015287549822047,0.2503594856490312,0.448111759368764,A,0.35,0.4,0.2499999999999999,1.0900000000000003,3.43,3.14,2.22,4.03,3.26,1.99,0.2749215163514174,0.30031235703355474,0.4247661266150279,0.2346689624487699,0.29009690756703765,0.4752341299841923
2025-09-13,Premier League,Brentford,Chelsea,D,0.2762191987291875,0.2625115796473906,0.4612692216234217,A,0.35,0.4,0.2499999999999999,1.0900000000000003,4.54,3.92,1.73,4.21,3.72,1.83,0.2090982529923595,0.2421699154554368,0.5487318315522036,0.22561818308360765,0.25533670719945917,0.5190451097169333
2025-09-13,Premier League,Newcastle,Wolves,H,0.6180312569236889,0.2112802402615103,0.1706885028148006,H,0.35,0.4,0.2499999999999999,1.0900000000000003,1.43,4.62,7.45,1.36,5.0,8.48,0.6660139205210617,0.2061471658755667,0.12783891360337157,0.6981400495284261,0.18989409347173192,0.11196585699984192
2025-09-13,Bundesliga,Bayern Munich,Hamburg,H,0.8714262077385682,0.0952052587475536,0.0333685335138779,H,0.35,0.4,0.2499999999999999,1.0900000000000003,1.06,11.91,26.44,1.07,12.59,25.03,0.8856677262415505,0.07882517126918923,0.035507102489260346,0.8867317367186944,0.07536163290619563,0.03790663037510999
2025-09-13,Premier League,Everton,Aston Villa,D,0.3853856520880503,0.2619890412070858,0.3526253067048636,H,0.35,0.4,0.2499999999999999,1.0900000000000003,2.44,3.27,2.95,2.62,3.2,2.8,0.3886066719573949,0.2899695044575057,0.3214238235850995,0.3630470016207455,0.2972447325769854,0.33970826580226904
2025-09-13,Premier League,Arsenal,Nott'm Forest,H,0.686104582079224,0.1826264503510606,0.1312689675697152,H,0.35,0.4,0.2499999999999999,1.0900000000000003,1.38,4.85,8.16,1.41,4.78,7.48,0.6879217379514617,0.19573855636557055,0.11633970568296777,0.6740898550178165,0.1988424049320337,0.12706774005014987
2025-09-13,Premier League,Crystal Palace,Sunderland,D,0.7288244557558639,0.1786258061990451,0.0925497380450907,H,0.35,0.4,0.2499999999999999,1.0900000000000003,1.66,3.76,5.42,1.68,3.65,5.41,0.5721601437475434,0.2526026166545005,0.17523723959795606,0.5647133178712683,0.2599228421982824,0.17536383993044932
2025-09-13,La Liga,Sociedad,Real Madrid,A,0.1551920341593011,0.213315832774365,0.6314921330663338,A,0.35,0.4,0.2499999999999999,1.0900000000000003,5.25,4.17,1.59,5.36,4.2,1.58,0.17982766617033222,0.22640173798423124,0.5937705958454366,0.1764105399715021,0.22513345101125032,0.5984560090172476
2025-09-13,Premier League,Bournemouth,Brighton,H,0.3904687304951155,0.2720882434512491,0.3374430260536352,H,0.35,0.4,0.2499999999999999,1.0900000000000003,2.38,3.5,2.87,2.42,3.51,2.82,0.3985225505443235,0.27099533437013995,0.33048211508553654,0.3925240315979823,0.2706291044065861,0.3368468639954316
2025-09-13,La Liga,Ath Madrid,Villarreal,H,0.4544757216639217,0.242185096179301,0.3033391821567772,H,0.35,0.4,0.2499999999999999,1.0900000000000003,1.81,3.7,4.28,1.77,3.68,4.51,0.5229889233086085,0.2558405273482651,0.22117054934312644,0.5337775905265155,0.25673541718259035,0.20948699229089415
2025-09-13,Serie A,Juventus,Inter,H,0.3324881808788538,0.2653066495748921,0.4022051695462539,A,0.35,0.4,0.2499999999999999,1.0900000000000003,2.72,3.03,2.77,2.75,2.99,2.75,0.347265723589211,0.311736887182394,0.34099738922839495,0.3424971363115693,0.3150057273768614,0.3424971363115693
2025-09-14,Ligue 1,Paris SG,Lens,H,0.7045762667365889,0.1818611223998866,0.1135626108635244,H,0.35,0.4,0.2499999999999999,1.0900000000000003,1.31,5.75,8.06,1.34,5.58,7.59,0.7192396808621254,0.16386156207467553,0.11689875706319905,0.7058699999999999,0.16951,0.12462
2025-09-14,Premier League,Burnley,Liverpool,A,0.1030130714808773,0.167869580676731,0.7291173478423915,A,0.35,0.4,0.2499999999999999,1.0900000000000003,8.6,5.43,1.33,8.63,5.54,1.32,0.11049773631037718,0.17500562288568025,0.7144966408039426,0.10994277947999387,0.171264654677319,0.7187925658426872
2025-09-14,La Liga,Barcelona,Valencia,H,0.7419309213972105,0.1660487239092833,0.092020354693506,H,0.35,0.4,0.2499999999999999,1.0900000000000003,1.2,7.01,11.38,1.36,5.36,7.33,0.783310978399832,0.13409032440510676,0.08259869719506135,0.6947965593345029,0.17629166430875445,0.1289117763567427
2025-09-14,La Liga,Celta,Girona,D,0.548372352952533,0.2433363801428889,0.208291266904578,H,0.35,0.4,0.2499999999999999,1.0900000000000003,1.69,3.97,4.61,1.73,3.75,4.71,0.5579463384742958,0.2375136806099647,0.20453998091573963,0.5468554072505364,0.25228262787824746,0.20086196487121613
2025-09-14,La Liga,Levante,Betis,D,0.2751486450291918,0.2537689747162991,0.4710823802545089,A,0.35,0.4,0.2499999999999999,1.0900000000000003,3.18,3.26,2.25,3.53,3.53,2.03,0.2950902771072705,0.287848797914454,0.41706092497827557,0.26745718050065875,0.26745718050065875,0.4650856389986825
2025-09-14,Serie A,Sassuolo,Lazio,H,0.1945150194698691,0.2276467664830438,0.5778382140470869,A,0.35,0.4,0.2499999999999999,1.0900000000000003,3.49,3.49,2.04,4.06,3.49,1.9,0.26948480845442535,0.26948480845442535,0.46103038309114924,0.23254916813960666,0.27052997783576016,0.4969208540246331
2025-09-14,Ligue 1,Rennes,Lyon,H,0.2751291526389132,0.270651434677613,0.4542194126834736,A,0.35,0.4,0.2499999999999999,1.0900000000000003,2.66,3.48,2.49,2.5,3.39,2.74,0.3530274511721137,0.2698428218729375,0.37712972695494873,0.37737673481327394,0.27830142685344683,0.3443218383332791
2025-09-14,Serie A,Milan,Bologna,H,0.4900143650711225,0.2493964039074394,0.2605892310214378,H,0.35,0.4,0.2499999999999999,1.0900000000000003,1.89,3.48,4.04,1.77,3.53,4.73,0.4972835314091681,0.2700764006791171,0.23264006791171474,0.533156007420866,0.26733318219119906,0.199510810387935
2025-09-14,Premier League,Man City,Man United,H,0.6998859667784716,0.1800565903387394,0.1200574428827889,H,0.35,0.4,0.2499999999999999,1.0900000000000003,1.76,3.99,4.19,1.65,4.14,4.83,0.537302064284314,0.23700542183969736,0.22569251387598865,0.5746579417013682,0.22903033908387863,0.19631171921475307
2025-09-14,Bundesliga,M'gladbach,Werder Bremen,A,0.3616063222284498,0.2467175639807855,0.3916761137907645,A,0.35,0.4,0.2499999999999999,1.0900000000000003,1.92,3.92,3.46,2.09,3.89,3.09,0.48906709744418164,0.23954306813592569,0.2713898344198927,0.45174250139993916,0.2427099814719467,0.3055475171281142
2025-09-14,Ligue 1,Metz,Angers,D,0.3763776879763023,0.2787592628116694,0.3448630492120281,H,0.35,0.4,0.2499999999999999,1.0900000000000003,2.27,3.31,3.1,2.25,3.27,3.24,0.41355489547270036,0.28361619719729,0.3028289073300096,0.41972403465611297,0.28880094127714195,0.29147502406674514
2025-09-14,Bundesliga,St Pauli,Augsburg,H,0.4100213959522065,0.2583542854819154,0.3316243185658779,H,0.35,0.4,0.2499999999999999,1.0900000000000003,2.19,3.31,3.25,2.11,3.37,3.43,0.42817795007940646,0.283295985097855,0.28852606482273846,0.44617498677968587,0.2793558522567172,0.2744691609635968
2025-09-14,Ligue 1,Brest,Paris FC,A,0.5052296497184042,0.2538931603084138,0.2408771899731819,H,0.35,0.4,0.2499999999999999,1.0900000000000003,2.21,3.51,3.06,2.6,3.38,2.62,0.42519685039370075,0.26771653543307083,0.30708661417322836,0.3621092919413141,0.2785456091856262,0.35934509887305977
2025-09-14,Serie A,Pisa,Udinese,A,0.4146101596308567,0.2569491439080461,0.3284406964610972,H,0.35,0.4,0.2499999999999999,1.0900000000000003,2.78,3.08,2.64,2.84,2.98,2.69,0.33833760527279394,0.30538264372024904,0.3562797510069572,0.33236037978357313,0.3167461337534724,0.35089348646295454
2025-09-14,Serie A,Atalanta,Lecce,H,0.6862259485663795,0.2037600551299282,0.1100139963036921,H,0.35,0.4,0.2499999999999999,1.0900000000000003,1.4,4.56,7.85,1.38,4.67,8.63,0.6732367876622155,0.20669550498401354,0.12006770735377091,0.6870913681611972,0.20303770622322315,0.1098709256155796
2025-09-14,Ligue 1,Lille,Toulouse,H,0.639973476107031,0.2079578884686796,0.1520686354242891,H,0.35,0.4,0.2499999999999999,1.0900000000000003,1.76,3.81,4.25,1.84,3.6,4.18,0.5330320197774054,0.24623001438536313,0.2207379658372314,0.5124782040104621,0.26193330427201394,0.225588491717524
2025-09-14,Serie A,Roma,Torino,A,0.6863982541308102,0.1954570601875624,0.1181446856816273,H,0.35,0.4,0.2499999999999999,1.0900000000000003,1.51,4.08,6.65,1.51,4.06,6.58,0.6261091098737028,0.23172175389933608,0.14216913622696106,0.6244518620328555,0.2322468747954709,0.14330126317167352
2025-09-14,Ligue 1,Strasbourg,Le Havre,H,0.6093975106599256,0.2223656781082359,0.1682368112318382,H,0.35,0.4,0.2499999999999999,1.0900000000000003,1.6,4.07,5.22,1.8,3.68,4.35,0.5883620331548017,0.2312971137709294,0.18034085307426875,0.5255071892850108,0.25704155997636396,0.21745125073862517
2025-09-14,La Liga,Osasuna,Vallecano,H,0.4293320725445511,0.2858727281409398,0.2847951993145089,H,0.35,0.4,0.2499999999999999,1.0900000000000003,2.48,3.15,2.91,2.72,2.94,2.86,0.37885457092906477,0.29827280504891446,0.3228726240220208,0.3476786688939978,0.3216618977522701,0.3306594333537322
2025-09-15,Serie A,Como,Genoa,D,0.4531678818613778,0.2807816116008771,0.266050506537745,H,0.35,0.4,0.2499999999999999,1.0900000000000003,1.64,3.68,5.5,1.69,3.55,5.36,0.5734490808948526,0.25555882952922776,0.17099208957591966,0.5582366902443533,0.26575211451069214,0.17601119524495465
2025-09-15,La Liga,Espanol,Mallorca,H,0.4525327310505642,0.2809032480868435,0.2665640208625921,H,0.35,0.4,0.2499999999999999,1.0900000000000003,2.14,3.22,3.46,2.24,3.08,3.48,0.438002233020396,0.2910946517588967,0.27090311522070737,0.42177170559717936,0.3067430586161305,0.27148523578669015
2025-09-15,Serie A,Verona,Cremonese,D,0.4049614564053777,0.2835019639431234,0.3115365796514988,H,0.35,0.4,0.2499999999999999,1.0900000000000003,2.34,3.13,3.16,2.66,2.97,2.88,0.40191146472486133,0.3004705519029314,0.29761798337220735,0.354706277524819,0.31768306337239677,0.3276106591027842
2025-09-19,La Liga,Betis,Sociedad,H,0.5493907197321698,0.2375218952840952,0.2130873849837349,H,0.35,0.4,0.2499999999999999,1.0900000000000003,1.93,3.6,3.8,1.93,3.63,3.74,0.48923539088763324,0.2622845290036478,0.24848008010871894,0.4883472480512801,0.2596446800933803,0.2520080718553397
2025-09-19,Bundesliga,Stuttgart,St Pauli,H,0.5579206623781032,0.2392823798100697,0.202796957811827,H,0.35,0.4,0.2499999999999999,1.0900000000000003,1.75,3.89,4.33,1.82,3.88,3.89,0.5393660318873345,0.24264538709584454,0.2179885810168211,0.516278656112962,0.2421719469395853,0.24154939694745264
2025-09-19,Ligue 1,Lyon,Angers,H,0.6704723334221472,0.2097442938627088,0.1197833727151437,H,0.35,0.4,0.2499999999999999,1.0900000000000003,1.43,4.56,7.02,1.44,4.5,6.95,0.6590653605267384,0.2066805845511482,0.13425405492211337,0.6547955530431506,0.2095345769738082,0.13566986998304129
2025-09-19,Serie A,Lecce,Cagliari,A,0.371475766506862,0.3063265931559324,0.3221976403372053,H,0.35,0.4,0.2499999999999999,1.0900000000000003,2.8,2.9,2.78,2.84,2.9,2.74,0.3363932237336226,0.3247934573979805,0.3388133188683969,0.3315862391293462,0.3247258341818425,0.3436879266888114
2025-09-20,Ligue 1,Brest,Nice,H,0.3045497374422796,0.2640470624125578,0.4314032001451624,A,0.35,0.4,0.2499999999999999,1.0900000000000003,2.63,3.51,2.5,2.96,3.54,2.27,0.35697867891445934,0.26747975086752934,0.3755415702180112,0.3184588680082747,0.2662819913289529,0.4152591406627723
2025-09-20,La Liga,Alaves,Sevilla,A,0.4683918778801192,0.2679948496619677,0.2636132724579129,H,0.35,0.4,0.2499999999999999,1.0900000000000003,2.3,3.11,3.29,2.4,2.95,3.26,0.4100649649926459,0.303263478933468,0.28667155607388617,0.3921944455772603,0.3190734472492965,0.28873210717344316
2025-09-20,La Liga,Valencia,Ath Bilbao,H,0.2807459454115512,0.2602169847906267,0.459037069797822,A,0.35,0.4,0.2499999999999999,1.0900000000000003,3.02,3.07,2.48,3.42,3.11,2.25,0.31235794638681247,0.3072706834163432,0.38037137019684425,0.27626763315922254,0.3038055644387592,0.41992680240201824
2025-09-20,La Liga,Villarreal,Osasuna,H,0.619595885812574,0.2188157481459221,0.1615883660415037,H,0.35,0.4,0.2499999999999999,1.0900000000000003,1.55,4.2,5.76,1.68,3.74,5.15,0.6104466313398941,0.22528387585162754,0.1642694928084784,0.5632497178049023,0.2530105684257315,0.18373971376936618
2025-09-20,Premier League,Man United,Chelsea,H,0.2608868887429275,0.2602824661230339,0.4788306451340384,A,0.35,0.4,0.2499999999999999,1.0900000000000003,2.68,3.69,2.44,2.64,3.62,2.51,0.35402642340358603,0.2571248820383769,0.38884869455803717,0.35957323877891834,0.262230207286283,0.37819655393479856
2025-09-20,Premier League,Liverpool,Everton,H,0.6846064104436367,0.1971907463652272,0.1182028431911358,H,0.35,0.4,0.2499999999999999,1.0900000000000003,1.45,4.65,6.7,1.51,4.35,6.31,0.6543449724337096,0.20404305592018898,0.14161197164610131,0.6303464683741683,0.21880992350459638,0.15084360812123523
2025-09-20,La Liga,Real Madrid,Espanol,H,0.7531791631356677,0.1664746344093683,0.0803462024549638,H,0.35,0.4,0.2499999999999999,1.0900000000000003,1.2,6.67,13.36,1.2,6.8,13.0,0.7875687599869903,0.1416915310321422,0.0707397089808674,0.7881597717546363,0.1390870185449358,0.07275320970042796
2025-09-20,Ligue 1,Nantes,Rennes,D,0.3854451160783878,0.2590435605490432,0.3555113233725689,H,0.35,0.4,0.2499999999999999,1.0900000000000003,3.39,3.35,2.11,3.82,3.45,1.96,0.27635185062104395,0.2796515742105489,0.4439965751684071,0.2465345884892191,0.27297452986342524,0.48049088164735565
2025-09-20,Bundesliga,Augsburg,Mainz,A,0.3645124285481118,0.2780686872295795,0.3574188842223084,H,0.35,0.4,0.2499999999999999,1.0900000000000003,2.66,3.34,2.55,2.61,3.47,2.58,0.3521691669009775,0.28047005507682643,0.3673607780221962,0.36182208373243446,0.27214859900335847,0.3660293172642069
2025-09-20,Premier League,West Ham,Crystal Palace,A,0.2688180521632251,0.2825948022152799,0.4485871456214949,A,0.35,0.4,0.2499999999999999,1.0900000000000003,2.98,3.36,2.37,3.04,3.42,2.31,0.3180369509477367,0.28206848625721886,0.39989456279504443,0.31202161188653765,0.27735254389914454,0.4106258442143179
2025-09-20,Serie A,Verona,Juventus,D,0.1621238734637681,0.22625268435596,0.6116234421802718,A,0.35,0.4,0.2499999999999999,1.0900000000000003,6.5,3.85,1.55,6.62,3.98,1.52,0.14530955134838988,0.24532781396481404,0.6093626346867962,0.1424789682427531,0.23698763059473005,0.620533401162517
2025-09-20,Bundesliga,Werder Bremen,Freiburg,A,0.4964965189985187,0.238162337041342,0.2653411439601391,H,0.35,0.4,0.2499999999999999,1.0900000000000003,2.37,3.59,2.72,2.37,3.55,2.79,0.39502417120087374,0.26078197374542367,0.34419385505370254,0.3972876379345615,0.265231465325327,0.3374808967401114
2025-09-20,Bundesliga,Hamburg,Heidenheim,H,0.3720995203917814,0.286724079324859,0.3411764002833595,H,0.35,0.4,0.2499999999999999,1.0900000000000003,2.02,3.51,3.45,1.77,3.87,4.2,0.46274748076901034,0.26631051599811995,0.2709420032328698,0.5322566384721935,0.24343520674309627,0.22430815478471014
2025-09-20,Premier League,Fulham,Brentford,H,0.4032768728751278,0.2657913151448947,0.3309318119799774,H,0.35,0.4,0.2499999999999999,1.0900000000000003,2.02,3.48,3.69,2.12,3.29,3.58,0.46995015480555985,0.2727871588239169,0.2572626863705233,0.4471160781395914,0.28811127223584615,0.26477264962456254
2025-09-20,Serie A,Bologna,Genoa,H,0.5466472734752059,0.2463261529781012,0.2070265735466926,H,0.35,0.4,0.2499999999999999,1.0900000000000003,1.82,3.3,4.78,2.04,3.01,4.25,0.5175264767254163,0.28542369322432054,0.1970498300502631,0.46344768122190055,0.3140974317915871,0.22245488698651228
2025-09-20,Premier League,Burnley,Nott'm Forest,D,0.2664326206616509,0.2475685317586214,0.4859988475797274,A,0.35,0.4,0.2499999999999999,1.0900000000000003,3.36,3.37,2.18,3.41,3.31,2.18,0.28262023651065993,0.28178160079401104,0.435598162695329,0.2782080989485941,0.2866131774666785,0.4351787235847275
2025-09-20,Premier League,Brighton,Tottenham,D,0.5305368480223409,0.251293158395748,0.2181699935819109,H,0.35,0.4,0.2499999999999999,1.0900000000000003,2.25,3.61,3.0,2.17,3.63,3.14,0.4213597899037059,0.26262036766851476,0.3160198424277794,0.43689510178580326,0.2611742068526703,0.30193069136152645
2025-09-20,La Liga,Girona,Levante,A,0.4175714223333737,0.2762142968790172,0.3062142807876089,H,0.35,0.4,0.2499999999999999,1.0900000000000003,1.93,3.51,3.95,1.85,3.71,4.03,0.4905651698552489,0.2697409623420599,0.23969386780269117,0.5108010508945928,0.2547121143274924,0.23448683477791485
2025-09-20,Bundesliga,Hoffenheim,Bayern Munich,A,0.0997412059455657,0.1549819815143661,0.745276812540068,A,0.35,0.4,0.2499999999999999,1.0900000000000003,7.48,5.7,1.32,6.98,5.37,1.37,0.12532981530343007,0.1644678979771328,0.7102022867194371,0.13523191200339693,0.17577630275301873,0.6889917852435844
2025-09-20,Premier League,Wolves,Leeds,A,0.495126659600104,0.2699673607960908,0.234905979603805,H,0.35,0.4,0.2499999999999999,1.0900000000000003,2.67,3.16,2.74,2.88,3.08,2.58,0.35468674471763195,0.29968785075825227,0.3456254045241158,0.3277244382856577,0.30644363060477087,0.3658319311095714
2025-09-20,Serie A,Udinese,Milan,A,0.2629653007632551,0.2678372693494418,0.4691974298873029,A,0.35,0.4,0.2499999999999999,1.0900000000000003,4.31,3.57,1.82,5.12,3.92,1.64,0.21855941981209825,0.2638630530504603,0.5175775271374414,0.18422741861531408,0.24062356717102246,0.5751490142136634
2025-09-20,Ligue 1,Lens,Lille,H,0.3425042087716661,0.2523202360081097,0.4051755552202239,A,0.35,0.4,0.2499999999999999,1.0900000000000003,2.4,3.43,2.8,2.23,3.45,3.1,0.3911060433295325,0.2736602052451539,0.3352337514253136,0.422702211331344,0.27322490761417306,0.3040728810544829
2025-09-20,Bundesliga,RB Leipzig,FC Koln,H,0.5737814088545681,0.2374094048456189,0.1888091862998129,H,0.35,0.4,0.2499999999999999,1.0900000000000003,1.65,4.15,4.61,1.86,4.01,3.64,0.5696357058849801,0.22648166619523305,0.2038826279197868,0.5063728517210516,0.2348761855863232,0.25875096269262526
2025-09-21,Serie A,Torino,Atalanta,A,0.2391018958076691,0.2429254609351072,0.5179726432572236,A,0.35,0.4,0.2499999999999999,1.0900000000000003,3.39,3.28,2.14,3.74,3.25,2.06,0.2764226361595715,0.2856929074941913,0.4378844563462371,0.25212394179495673,0.2901364745578887,0.45773958364715456
2025-09-21,Ligue 1,Auxerre,Toulouse,H,0.3702316903904105,0.2693479385374034,0.360420371072186,H,0.35,0.4,0.2499999999999999,1.0900000000000003,2.63,3.26,2.63,3.29,3.25,2.23,0.3562841530054645,0.28743169398907104,0.3562841530054645,0.286726510976512,0.2902554526500691,0.42301803637341906
2025-09-21,Bundesliga,Leverkusen,M'gladbach,D,0.7542800228401981,0.1567619860674421,0.0889579910923596,H,0.35,0.4,0.2499999999999999,1.0900000000000003,1.55,4.52,5.01,1.51,4.45,5.74,0.605216387335067,0.2075410177808305,0.18724259488410255,0.6240670023625761,0.2117620614758404,0.16417093616158357
2025-09-21,Bundesliga,Ein Frankfurt,Union Berlin,A,0.6701164082258254,0.1952607570911647,0.1346228346830096,H,0.35,0.4,0.2499999999999999,1.0900000000000003,1.55,4.27,5.27,1.62,4.17,4.92,0.6034583090863745,0.21905395294704463,0.17748773796658077,0.5821543490474489,0.22616068236375714,0.19168496858879414
2025-09-21,Serie A,Inter,Sassuolo,H,0.8143429342179258,0.1225608449203998,0.0630962208616742,H,0.35,0.4,0.2499999999999999,1.0900000000000003,1.27,5.65,10.36,1.3,5.5,9.3,0.7421890354230619,0.16682833185615728,0.09098263272078076,0.7266657195624379,0.17175735189657623,0.10157692854098593
2025-09-21,Ligue 1,Le Havre,Lorient,D,0.4998770460981524,0.2435609782212885,0.2565619756805589,H,0.35,0.4,0.2499999999999999,1.0900000000000003,2.26,3.38,3.05,2.09,3.27,3.61,0.4150027374319668,0.27748703745451037,0.307510225113523,0.45083811044191285,0.28815035193382194,0.2610115376242653
2025-09-21,Serie A,Fiorentina,Como,A,0.5304317776692342,0.2538743483706586,0.215693873960107,H,0.35,0.4,0.2499999999999999,1.0900000000000003,2.59,3.2,2.73,2.57,3.24,2.76,0.36256936172685283,0.2934545771476715,0.34397606112547574,0.3670574327652448,0.2911535809279874,0.34178898630676785
2025-09-21,Serie A,Lazio,Roma,A,0.3672703169072728,0.2615781566772839,0.3711515264154429,A,0.35,0.4,0.2499999999999999,1.0900000000000003,2.81,3.13,2.58,2.8,2.97,2.73,0.3347940548496093,0.3005659086669016,0.36464003648348914,0.33688159846435745,0.3175988133670709,0.3455195881685717
2025-09-21,Premier League,Sunderland,Aston Villa,D,0.2118187382031255,0.2394255383288959,0.5487557234679785,A,0.35,0.4,0.2499999999999999,1.0900000000000003,3.56,3.34,2.1,3.8,3.32,2.04,0.2658792133553699,0.28339221543266974,0.45072857121196036,0.2495431232682898,0.28562164711430765,0.4648352296174026
2025-09-21,La Liga,Barcelona,Getafe,H,0.8009977923269719,0.1399384311374593,0.0590637765355687,H,0.35,0.4,0.2499999999999999,1.0900000000000003,1.22,6.27,11.89,1.23,6.31,11.4,0.7709003107372383,0.1499997414831628,0.07909994777959889,0.7675637262277082,0.1496201875214075,0.08281608625088431
2025-09-21,Premier League,Arsenal,Man City,D,0.4803830457378626,0.2317328624807184,0.2878840917814188,H,0.35,0.4,0.2499999999999999,1.0900000000000003,1.9,3.7,3.85,2.05,3.56,3.54,0.49825113676110533,0.2558586918502973,0.24589017138859742,0.4640503140948692,0.26721998424002297,0.26872970166510785
2025-09-21,La Liga,Vallecano,Celta,D,0.4204649975451082,0.2777907822760827,0.3017442201788088,H,0.35,0.4,0.2499999999999999,1.0900000000000003,2.31,3.23,3.09,2.01,3.38,3.73,0.40605128580669564,0.2903958112115997,0.30355290298170456,0.46870271576481964,0.2787255794932803,0.2525717047419001
2025-09-21,La Liga,Mallorca,Ath Madrid,D,0.1929424716788905,0.2365679371650904,0.5704895911560189,A,0.35,0.4,0.2499999999999999,1.0900000000000003,5.05,3.51,1.72,4.94,3.51,1.75,0.18605367857572105,0.26768406746649326,0.5462622539577857,0.1911949176546757,0.2690891433658399,0.5397159389794846
2025-09-21,La Liga,Elche,Oviedo,H,0.4236459323346317,0.2652773252671961,0.3110767423981719,H,0.35,0.4,0.2499999999999999,1.0900000000000003,1.93,3.14,4.3,1.97,3.23,4.11,0.48461659942859614,0.2978694385022899,0.21751396206911405,0.4786461920094033,0.2919297208230726,0.2294240871675242
2025-09-21,Serie A,Cremonese,Parma,D,0.509898283266755,0.2780643442015222,0.2120373725317226,H,0.35,0.4,0.2499999999999999,1.0900000000000003,2.52,3.13,2.87,2.93,3.15,2.51,0.3726947985943717,0.30006098800569225,0.3272442133999361,0.32284210483334214,0.3002944022735532,0.3768634928931046
2025-09-21,Ligue 1,Paris FC,Strasbourg,A,0.3215229223325345,0.2708954198596034,0.4075816578078619,A,0.35,0.4,0.2499999999999999,1.0900000000000003,2.37,3.46,2.82,2.36,3.44,2.9,0.39597740333106063,0.2712330768481543,0.33278951982078503,0.4000256632342091,0.27443621082346903,0.3255381259423219
2025-09-21,Ligue 1,Monaco,Metz,H,0.736403577863774,0.1730192394543534,0.0905771826818725,H,0.35,0.4,0.2499999999999999,1.0900000000000003,1.26,6.09,9.73,1.3,5.64,8.57,0.7482829032856877,0.1548171524039354,0.09689994431037684,0.7234903708848367,0.1667619649202638,0.1097476641948994
2025-09-21,Bundesliga,Dortmund,Wolfsburg,H,0.680906990106946,0.189306545647083,0.129786464245971,H,0.35,0.4,0.2499999999999999,1.0900000000000003,1.47,4.72,5.78,1.52,4.57,5.36,0.6386650622942838,0.19890627999419433,0.16242865771152198,0.6187406539223215,0.20579557854746797,0.17546376753021053
2025-09-21,Premier League,Bournemouth,Newcastle,D,0.3715507809087702,0.2721488466512243,0.3563003724400053,H,0.35,0.4,0.2499999999999999,1.0900000000000003,2.44,3.45,2.78,2.38,3.29,3.02,0.3868555432757077,0.27360218133122516,0.33954227539306725,0.39817100538599637,0.28803859964093353,0.31379039497307
2025-09-22,Serie A,Napoli,Pisa,H,0.7221479289059622,0.1862010912065257,0.0916509798875119,H,0.35,0.4,0.2499999999999999,1.0900000000000003,1.24,5.73,12.86,1.3,5.05,11.17,0.7617144617394774,0.16483873168533192,0.07344680657519066,0.7279032705546845,0.1873810399447703,0.0847156895005452
2025-09-22,Ligue 1,Marseille,Paris SG,H,0.2698963380479172,0.2197322638986345,0.510371398053448,A,0.35,0.4,0.2499999999999999,1.0900000000000003,3.55,3.89,1.89,3.99,3.81,1.82,0.2637893732217243,0.24073323263165067,0.495477394146625,0.2358739909993571,0.24701764411743699,0.517108364883206
2025-09-23,La Liga,Ath Bilbao,Girona,D,0.6790021823302855,0.1907623312379593,0.1302354864317549,H,0.35,0.4,0.2499999999999999,1.0900000000000003,1.44,4.39,7.23,1.47,4.3,6.74,0.6547980813863531,0.2147857032337924,0.13041621537985454,0.6410415210524919,0.2191467525458519,0.13981172640165626
2025-09-23,La Liga,Levante,Real Madrid,A,0.1368503506954343,0.2037817144537699,0.6593679348507956,A,0.35,0.4,0.2499999999999999,1.0900000000000003,8.29,5.69,1.31,7.68,5.56,1.34,0.11382797909104378,0.16584076391296182,0.7203312569959944,0.12326446335684886,0.17026458247852505,0.7064709541646262
2025-09-23,La Liga,Espanol,Valencia,D,0.415502273522645,0.2753049105622676,0.3091928159150871,H,0.35,0.4,0.2499999999999999,1.0900000000000003,2.26,3.18,3.3,2.32,3.16,3.2,0.41744236001718465,0.29667287221347083,0.2858847677693446,0.4066400720627976,0.2985458756916741,0.29481405224552826
2025-09-23,La Liga,Sevilla,Villarreal,A,0.2345378966419556,0.2384550101616799,0.5270070931963643,A,0.35,0.4,0.2499999999999999,1.0900000000000003,3.07,3.29,2.32,3.3,3.3,2.2,0.3070869626440828,0.2865522721329283,0.40636076522298886,0.28571428571428575,0.28571428571428575,0.4285714285714286
2025-09-24,La Liga,Getafe,Alaves,D,0.4155603380330029,0.2870598903668323,0.2973797716001647,H,0.35,0.4,0.2499999999999999,1.0900000000000003,2.3,2.87,3.6,2.06,2.82,4.51,0.4097886011184707,0.3284020148336176,0.2618093840479118,0.4571931842691782,0.3339779998562082,0.20882881587461358
2025-09-24,La Liga,Ath Madrid,Vallecano,H,0.6318355494445151,0.2118446575592226,0.1563197929962622,H,0.35,0.4,0.2499999999999999,1.0900000000000003,1.5,4.25,6.31,1.45,4.31,7.35,0.6286702221180333,0.22188360780636468,0.1494461700756022,0.6520155190334566,0.21935556904837863,0.1286289119181649
2025-09-24,La Liga,Sociedad,Mallorca,H,0.473153111151628,0.2639167627112522,0.2629301261371196,H,0.35,0.4,0.2499999999999999,1.0900000000000003,1.79,3.49,4.69,1.74,3.54,4.96,0.5278278507463648,0.2707197286063018,0.2014524206473333,0.5427903698482768,0.2667952665355937,0.1904143636161294
2025-09-25,La Liga,Oviedo,Barcelona,A,0.1034704469710784,0.1623668528518404,0.734162700177081,A,0.35,0.4,0.2499999999999999,1.0900000000000003,9.68,6.19,1.25,12.37,6.7,1.21,0.09701379319856514,0.15171139227174646,0.7512748145296885,0.07651455305477771,0.14126642108770152,0.7822190258575209
2025-09-25,La Liga,Osasuna,Elche,D,0.5290488477180072,0.2626890430917946,0.208262109190198,H,0.35,0.4,0.2499999999999999,1.0900000000000003,1.97,3.12,4.21,1.9,3.19,4.6,0.4763393326636519,0.3007655401754469,0.2228951271609013,0.4978456318914334,0.29652247667514847,0.20563189143341817
2025-09-26,Bundesliga,Bayern Munich,Werder Bremen,H,0.805028174527503,0.1179349618570536,0.0770368636154433,H,0.35,0.4,0.2499999999999999,1.0900000000000003,1.09,10.97,20.23,1.1,10.52,18.3,0.8671204867247473,0.08615873569097307,0.04672077758427951,0.8586108162591763,0.0897786975175945,0.05161048622322918
2025-09-26,La Liga,Girona,Espanol,D,0.3418480352962972,0.3028394020272192,0.3553125626764833,A,0.35,0.4,0.2499999999999999,1.0900000000000003,2.44,3.31,2.87,2.55,3.25,2.78,0.38649817526414937,0.28491104158444847,0.3285907831514022,0.37011244700243734,0.29039591995575853,0.3394916330418041
2025-09-26,Ligue 1,Strasbourg,Marseille,A,0.3579729891926888,0.2780988148279767,0.3639281959793343,A,0.35,0.4,0.2499999999999999,1.0900000000000003,3.51,3.6,2.0,3.19,3.54,2.15,0.2680965147453083,0.2613941018766756,0.47050938337801607,0.29543399024147876,0.26622441493511784,0.43834159482340335
2025-09-27,La Liga,Villarreal,Ath Bilbao,H,0.5349736019491536,0.2375170924104523,0.2275093056403941,H,0.35,0.4,0.2499999999999999,1.0900000000000003,2.08,3.3,3.64,2.02,3.29,3.81,0.45418796696814784,0.28627605190719624,0.2595359811246559,0.4663819116043889,0.2863499882798983,0.24726810011571276
2025-09-27,Premier League,Crystal Palace,Liverpool,H,0.2701621748704413,0.2318804134389267,0.4979574116906318,A,0.35,0.4,0.2499999999999999,1.0900000000000003,3.82,3.72,1.91,4.01,3.71,1.87,0.2483311081441923,0.25500667556742324,0.4966622162883846,0.2366725228990056,0.255810462756068,0.5075170143449264
2025-09-27,La Liga,Ath Madrid,Real Madrid,H,0.2942093061940136,0.2553366765895032,0.450454017216483,A,0.35,0.4,0.2499999999999999,1.0900000000000003,2.94,3.53,2.29,3.08,3.48,2.23,0.32085177320446917,0.26722498958105934,0.4119232372144714,0.3061639944451458,0.27097273071581873,0.4228632748390355
2025-09-27,Serie A,Como,Cremonese,D,0.5356564622868497,0.2614607432041825,0.2028827945089677,H,0.35,0.4,0.2499999999999999,1.0900000000000003,1.44,4.41,7.45,1.41,4.53,7.86,0.6579729997656856,0.2148483264541014,0.12717867378021305,0.6708493717463924,0.20880742034490357,0.12034320790870398
2025-09-27,La Liga,Mallorca,Alaves,H,0.4008966240069975,0.281023066592708,0.3180803094002944,H,0.35,0.4,0.2499999999999999,1.0900000000000003,2.33,2.97,3.4,2.45,2.86,3.32,0.4048901167196603,0.3176410679989254,0.27746881528141426,0.38541658210275936,0.3301645545985177,0.28441886329872307
2025-09-27,Bundesliga,M'gladbach,Ein Frankfurt,A,0.2484432536219306,0.2405882082875926,0.5109685380904767,A,0.35,0.4,0.2499999999999999,1.0900000000000003,2.98,3.68,2.18,2.9,3.63,2.26,0.31478662125468904,0.2549087313421123,0.4303046474031987,0.3244557995317345,0.25920711257356194,0.4163370878947035
2025-09-27,Serie A,Cagliari,Inter,A,0.1336850189899224,0.2000022524567589,0.6663127285533184,A,0.35,0.4,0.2499999999999999,1.0900000000000003,5.85,4.16,1.54,6.44,4.19,1.5,0.16116161946497484,0.22663352737262085,0.6122048531624044,0.1464058925751131,0.2250248086357347,0.6285692987891522
2025-09-27,Premier League,Brentford,Man United,H,0.4516607613546941,0.2509004301463149,0.2974388084989908,H,0.35,0.4,0.2499999999999999,1.0900000000000003,3.4,3.77,2.02,3.3,3.74,2.07,0.27893807643564067,0.25156219094991467,0.46949973261444466,0.28764100049043656,0.25380088278567925,0.45855811672388436
2025-09-27,Ligue 1,Lorient,Monaco,H,0.1793740031710305,0.2200339484622068,0.6005920483667626,A,0.35,0.4,0.2499999999999999,1.0900000000000003,4.93,4.25,1.6,3.8,3.81,1.87,0.19079418077748633,0.2213212497018841,0.5878845695206297,0.248172156872307,0.24752078638182853,0.5043070567458645
2025-09-27,Serie A,Juventus,Atalanta,D,0.4385456387221964,0.248232614459668,0.3132217468181354,H,0.35,0.4,0.2499999999999999,1.0900000000000003,1.86,3.55,4.16,1.93,3.42,4.01,0.507341472966752,0.2658183492163828,0.22684017781686508,0.48884833232932096,0.27587055011566936,0.2352811175550098
2025-09-27,Bundesliga,Wolfsburg,RB Leipzig,A,0.3232274149605196,0.2558668376718411,0.420905747367639,A,0.35,0.4,0.2499999999999999,1.0900000000000003,2.54,3.65,2.5,2.59,3.65,2.48,0.36874646407500206,0.25660712842479594,0.3746464075002021,0.36311560570747775,0.2576628544609225,0.3792215398315998
2025-09-27,Ligue 1,Toulouse,Nantes,D,0.4840621293035494,0.273302189443762,0.2426356812526884,H,0.35,0.4,0.2499999999999999,1.0900000000000003,1.69,3.6,5.11,1.69,3.66,5.17,0.5555035496543956,0.2607780552544246,0.18371839509117976,0.5590857115843155,0.2581570635457631,0.18275722486992133
2025-09-27,La Liga,Getafe,Levante,D,0.4504641035020967,0.2726968299894901,0.2768390665084131,H,0.35,0.4,0.2499999999999999,1.0900000000000003,2.05,3.13,3.95,2.11,3.05,3.91,0.4599944191238025,0.30127430006511025,0.23873128081108733,0.448140061853888,0.3100247641021979,0.241835174043914
2025-09-27,Bundesliga,Mainz,Dortmund,A,0.2858478831734129,0.2511854656366732,0.4629666511899136,A,0.35,0.4,0.2499999999999999,1.0900000000000003,3.14,3.74,2.08,3.39,3.76,2.0,0.2985798725723498,0.25067935825593,0.45074076917172035,0.2780407004259347,0.250680312352106,0.4712789872219593
2025-09-27,Premier League,Leeds,Bournemouth,D,0.2805778881570162,0.2700214109121648,0.4494007009308188,A,0.35,0.4,0.2499999999999999,1.0900000000000003,2.98,3.29,2.41,2.96,3.23,2.46,0.31823928653135275,0.2882532139402526,0.39350749952839464,0.3205476799444897,0.29375267264262833,0.3856996474128819
2025-09-27,Premier League,Chelsea,Brighton,A,0.5419830753758581,0.227181141132814,0.2308357834913278,H,0.35,0.4,0.2499999999999999,1.0900000000000003,1.86,3.86,3.86,1.98,3.75,3.57,0.5092348284960422,0.2453825857519789,0.2453825857519789,0.4801639820523581,0.25352658252364507,0.26630943542399693
2025-09-27,Premier League,Man City,Burnley,H,0.8174544400451296,0.1244464378945297,0.0580991220603405,H,0.35,0.4,0.2499999999999999,1.0900000000000003,1.17,7.48,15.54,1.19,7.02,14.17,0.8118816030441579,0.1269921758772279,0.0611262210786142,0.7977688578428818,0.13523432205598707,0.06699682010113121
2025-09-27,Premier League,Nott'm Forest,Sunderland,A,0.5978136005678303,0.2411535268713618,0.1610328725608079,H,0.35,0.4,0.2499999999999999,1.0900000000000003,1.77,3.67,4.64,1.75,3.69,4.73,0.536551398188263,0.2587727451752659,0.20467585663647106,0.5422306585851556,0.257155461388624,0.20061388002622035
2025-09-27,Bundesliga,Heidenheim,Augsburg,H,0.3264006784718424,0.2656209721123357,0.4079783494158218,A,0.35,0.4,0.2499999999999999,1.0900000000000003,2.69,3.46,2.46,2.82,3.46,2.39,0.3483164459576697,0.2708009363081305,0.3808826177341998,0.3338959235092706,0.27213482783125525,0.3939692486594741
2025-09-27,Bundesliga,St Pauli,Leverkusen,A,0.1846158939523767,0.2164273942326681,0.5989567118149551,A,0.35,0.4,0.2499999999999999,1.0900000000000003,3.12,3.45,2.18,2.97,3.42,2.32,0.29980148764679154,0.27112482361101153,0.4290736887421971,0.3176021327184955,0.27581237841343037,0.4065854888680741
2025-09-27,Ligue 1,Paris SG,Auxerre,H,0.7930770824633999,0.1398414317278166,0.0670814858087833,H,0.35,0.4,0.2499999999999999,1.0900000000000003,1.15,7.95,15.21,1.21,6.72,12.1,0.8194959794244122,0.1185434435645376,0.06196057701105022,0.7812136712392467,0.14066496163682865,0.07812136712392467
2025-09-27,Premier League,Tottenham,Wolves,D,0.5664668916418266,0.2380455997249053,0.1954875086332679,H,0.35,0.4,0.2499999999999999,1.0900000000000003,1.47,4.57,6.38,1.53,4.27,6.05,0.6443006114498233,0.207247680269418,0.14845170828075868,0.6206529547294651,0.22238852944638915,0.15695851582414572
2025-09-28,Ligue 1,Rennes,Lens,D,0.3444905540077305,0.2674270204903314,0.388082425501938,A,0.35,0.4,0.2499999999999999,1.0900000000000003,2.4,3.48,2.76,2.56,3.5,2.6,0.3907439953134153,0.26947861745752777,0.3397773872290568,0.3681825538112964,0.26929923935911965,0.3625182068295841
2025-09-28,La Liga,Vallecano,Sevilla,A,0.470502404231475,0.2652208572197395,0.2642767385487853,H,0.35,0.4,0.2499999999999999,1.0900000000000003,2.0,3.28,3.8,1.99,3.31,3.91,0.4681490384615385,0.2854567307692308,0.24639423076923075,0.47389774404153806,0.2849113325204413,0.2411909234380207
2025-09-28,Ligue 1,Nice,Paris FC,D,0.5859781977748144,0.2295822783642788,0.1844395238609068,H,0.35,0.4,0.2499999999999999,1.0900000000000003,1.85,3.83,3.76,2.04,3.58,3.4,0.5063162965020409,0.24456531293179523,0.24911839056616378,0.46086508753862,0.262615859938208,0.276519052523172
2025-09-28,Serie A,Milan,Napoli,H,0.3562588851486127,0.2564346364669305,0.3873064783844567,A,0.35,0.4,0.2499999999999999,1.0900000000000003,2.36,3.19,3.08,1.91,3.41,4.11,0.3990350250178699,0.2952108649035025,0.3057541100786276,0.49386679258447475,0.2766233354358788,0.2295098719796464
2025-09-28,La Liga,Betis,Osasuna,H,0.5147670113023848,0.2572582373747727,0.2279747513228423,H,0.35,0.4,0.2499999999999999,1.0900000000000003,1.75,3.68,4.5,1.82,3.57,4.36,0.5363562753036437,0.2550607287449393,0.208582995951417,0.5188780510570775,0.26452606524478467,0.21659588369813787
2025-09-28,Premier League,Aston Villa,Fulham,H,0.5062813595300799,0.247628607955786,0.2460900325141339,H,0.35,0.4,0.2499999999999999,1.0900000000000003,2.29,3.19,3.3,2.25,3.24,3.34,0.41462674927429494,0.29764741562323993,0.28772583510246524,0.4222799747137739,0.29324998244012074,0.2844700428461052
2025-09-28,Bundesliga,FC Koln,Stuttgart,A,0.347725855311688,0.2574414080825551,0.3948327366057568,A,0.35,0.4,0.2499999999999999,1.0900000000000003,2.78,3.64,2.29,2.53,3.62,2.55,0.3358285322912051,0.2564844285081181,0.40768703920067684,0.3716019016871233,0.25971072134486795,0.36868737696800863
2025-09-28,La Liga,Elche,Celta,H,0.3539166268074424,0.2852280090065957,0.3608553641859617,A,0.35,0.4,0.2499999999999999,1.0900000000000003,2.78,3.14,2.57,2.78,3.13,2.63,0.33703369585191867,0.29839288995806806,0.36457341419001316,0.3395340012456331,0.3015669404034696,0.3588990583508973
2025-09-28,Bundesliga,Union Berlin,Hamburg,D,0.5723093321028008,0.2424215678525786,0.1852691000446205,H,0.35,0.4,0.2499999999999999,1.0900000000000003,1.97,3.53,3.61,1.97,3.57,3.65,0.47533486763822735,0.26527186664229685,0.2593932657194759,0.47811505876223226,0.2638337999332206,0.25805114130454726
2025-09-28,Serie A,Lecce,Bologna,D,0.2148168224977328,0.2429525272238874,0.5422306502783796,A,0.35,0.4,0.2499999999999999,1.0900000000000003,3.94,3.07,2.06,5.34,3.47,1.71,0.23832170151188553,0.3058591218100421,0.45581917667807237,0.17662502344105804,0.2718091138833573,0.5515658626755847
2025-09-28,Serie A,Pisa,Fiorentina,D,0.284529423513739,0.2514208840904872,0.4640496923957737,A,0.35,0.4,0.2499999999999999,1.0900000000000003,3.31,3.2,2.24,3.47,3.22,2.17,0.2847336977246727,0.29452141858395836,0.42074488369136903,0.2719816898722106,0.29309828070079835,0.43492002942699115
2025-09-28,Ligue 1,Lille,Lyon,A,0.5106795287764346,0.245185206738759,0.2441352644848061,H,0.35,0.4,0.2499999999999999,1.0900000000000003,2.23,3.46,3.05,2.26,3.44,3.04,0.42093632704834005,0.27129711251959493,0.307766560432065,0.41659761616419144,0.2736949455032188,0.3097074383325897
2025-09-28,Premier League,Newcastle,Arsenal,A,0.2636288333123443,0.235333633482493,0.5010375332051625,A,0.35,0.4,0.2499999999999999,1.0900000000000003,3.51,3.32,2.12,3.4,3.26,2.21,0.2693320271842282,0.2847456070532052,0.4459223657625665,0.2792199235735934,0.291210963236263,0.4295691131901436
2025-09-28,Serie A,Roma,Verona,H,0.6888186522632755,0.2048658042950216,0.1063155434417026,H,0.35,0.4,0.2499999999999999,1.0900000000000003,1.42,4.21,8.09,1.41,4.34,8.28,0.6610182649553905,0.22295627939112936,0.11602545565348016,0.6688181889244994,0.21728885861371983,0.1138929524617807
2025-09-28,Ligue 1,Angers,Brest,A,0.2856327858595239,0.2389837691629995,0.4753834449774764,A,0.35,0.4,0.2499999999999999,1.0900000000000003,3.04,3.29,2.31,3.16,3.11,2.37,0.3086391676379453,0.28518634334934756,0.4061744890127072,0.29856,0.30336,0.39808
2025-09-28,La Liga,Barcelona,Sociedad,H,0.7998850511948061,0.1310641120992468,0.0690508367059469,H,0.35,0.4,0.2499999999999999,1.0900000000000003,1.27,5.88,9.61,1.35,5.33,7.7,0.7417625044139402,0.16021060894654832,0.09802688663951137,0.6999820915378252,0.17729377553021838,0.12272413293195636
2025-09-28,Ligue 1,Metz,Le Havre,D,0.3386657183960827,0.2650040979970451,0.396330183606872,A,0.35,0.4,0.2499999999999999,1.0900000000000003,2.6,3.34,2.62,2.56,3.29,2.71,0.36090535658313677,0.28094428955573525,0.3581503538611281,0.3672737159075462,0.28578137164842504,0.3469449124440289
2025-09-28,Serie A,Sassuolo,Udinese,H,0.3684573534576665,0.2697785047183403,0.361764141823993,H,0.35,0.4,0.2499999999999999,1.0900000000000003,2.27,3.25,3.15,2.36,3.13,3.17,0.41337748076961905,0.2887282711837032,0.29789424804667786,0.4002444524225397,0.30178175965405546,0.2979737879234049
2025-09-28,Bundesliga,Freiburg,Hoffenheim,D,0.5830652359124666,0.2229760424872359,0.1939587216002973,H,0.35,0.4,0.2499999999999999,1.0900000000000003,2.19,3.59,3.01,2.29,3.35,3.08,0.42778870858554474,0.2609630283571986,0.3112482630572568,0.41201627620025005,0.2816469470144992,0.30633677678525084
2025-09-29,Premier League,Everton,West Ham,D,0.5713206792763597,0.2344532225192145,0.1942260982044257,H,0.35,0.4,0.2499999999999999,1.0900000000000003,1.72,3.69,4.83,1.65,3.87,5.28,0.5487774462621355,0.255798701238719,0.19542385249914554,0.5750905544719978,0.24519364725550288,0.17971579827249928
2025-09-29,Serie A,Genoa,Lazio,A,0.2884097270843345,0.2640311423084276,0.4475591306072377,A,0.35,0.4,0.2499999999999999,1.0900000000000003,2.97,3.06,2.5,2.88,2.93,2.68,0.31659713945172824,0.3072854588796186,0.3761174016686532,0.327057961114906,0.32147676723922497,0.3514652716458691
2025-09-29,Serie A,Parma,Torino,H,0.3581619286742692,0.2694586945969839,0.3723793767287466,A,0.35,0.4,0.2499999999999999,1.0900000000000003,2.24,3.13,3.35,2.52,2.96,3.05,0.4194082565688161,0.30015159575531886,0.28044014767586506,0.3734714477189614,0.3179554217066834,0.30857313057435504
2025-09-30,La Liga,Valencia,Oviedo,A,0.5394881932192104,0.2501187901247033,0.2103930166560862,H,0.35,0.4,0.2499999999999999,1.0900000000000003,1.68,3.64,5.11,1.69,3.55,5.39,0.5585638610947616,0.25779870512065917,0.18363743378457914,0.5587841054110171,0.2660127149703152,0.1752031796186677
2025-10-03,Ligue 1,Paris FC,Lorient,H,0.495539436785983,0.2611205059311405,0.2433400572828764,H,0.35,0.4,0.2499999999999999,1.0900000000000003,1.74,3.9,4.39,1.76,3.75,4.42,0.5427381314668289,0.2421447048082776,0.21511716372489353,0.5354685309263363,0.25131323051476046,0.21321823855890312
2025-10-03,Bundesliga,Hoffenheim,FC Koln,A,0.4499175834833976,0.2814529811119047,0.2686294354046976,H,0.35,0.4,0.2499999999999999,1.0900000000000003,1.91,3.82,3.61,1.94,3.76,3.56,0.4928327645051194,0.2464163822525597,0.26075085324232083,0.48522460342777596,0.2503552475132674,0.26442014905895656
2025-10-03,La Liga,Osasuna,Getafe,H,0.4915873377935876,0.2590968589060469,0.2493158033003653,H,0.35,0.4,0.2499999999999999,1.0900000000000003,2.15,2.86,4.1,2.16,2.83,4.06,0.43934057699512924,0.33027351067815663,0.23038591232671413,0.43567847961110556,0.33253198443815835,0.231789535950736
2025-10-03,Serie A,Verona,Sassuolo,A,0.4326899501998817,0.2727410381923376,0.2945690116077805,H,0.35,0.4,0.2499999999999999,1.0900000000000003,2.45,3.12,2.99,2.34,3.07,3.24,0.3839280937349526,0.3014819966828955,0.3145899095821518,0.40250564498506813,0.30679583363682716,0.2906985213781047
2025-10-03,Premier League,Bournemouth,Fulham,H,0.4680195388463708,0.2694043639776503,0.2625760971759788,H,0.35,0.4,0.2499999999999999,1.0900000000000003,1.97,3.5,3.85,1.95,3.43,4.01,0.4820333041191937,0.2713158883185176,0.24665080756228872,0.48666598259872695,0.2766759959380517,0.23665802146322132
2025-10-04,Bundesliga,Ein Frankfurt,Bayern Munich,A,0.1833722308576523,0.2008124067476495,0.615815362394698,A,0.35,0.4,0.2499999999999999,1.0900000000000003,5.9,5.19,1.42,6.7,5.66,1.36,0.15893876917237454,0.1806818377874778,0.6603793930401478,0.14064270001242427,0.16648517492636797,0.6928721250612078
2025-10-04,Premier League,Leeds,Tottenham,A,0.3201962088989755,0.2791362195484917,0.4006675715525327,A,0.35,0.4,0.2499999999999999,1.0900000000000003,2.75,3.46,2.49,2.75,3.35,2.55,0.34492091008451475,0.2741423418301779,0.38093674808530736,0.34490764106187544,0.2831331381851216,0.371959220753003
2025-10-04,Serie A,Parma,Lecce,A,0.4444767658774773,0.2754824813315558,0.2800407527909668,H,0.35,0.4,0.2499999999999999,1.0900000000000003,1.83,3.54,4.33,1.88,3.38,4.28,0.5155750194246274,0.26652606936357853,0.217898911211794,0.5011362376676644,0.27873849905775416,0.22012526327458157
2025-10-04,Bundesliga,Augsburg,Wolfsburg,H,0.3884553743675554,0.2711063198776013,0.3404383057548432,H,0.35,0.4,0.2499999999999999,1.0900000000000003,2.71,3.53,2.42,2.5,3.51,2.67,0.3463155377000134,0.26586830231360803,0.38781615998637864,0.37756076336431427,0.2689179226241555,0.3535213140115302
2025-10-04,La Liga,Ath Bilbao,Mallorca,H,0.5907332355476994,0.2272277794190629,0.1820389850332375,H,0.35,0.4,0.2499999999999999,1.0900000000000003,1.52,3.92,6.8,1.61,3.67,6.03,0.6206228579943377,0.24064967963045747,0.1387274623752049,0.5862728527489528,0.25719326782719737,0.15653387942384978
2025-10-04,Bundesliga,Leverkusen,Union Berlin,H,0.7233549467204892,0.1677582420310577,0.108886811248453,H,0.35,0.4,0.2499999999999999,1.0900000000000003,1.68,3.91,4.65,1.7,3.89,4.69,0.5583604352272412,0.23990934301323924,0.2017302217595194,0.5557125930167742,0.24285640311787046,0.20143100386535526
2025-10-04,La Liga,Real Madrid,Villarreal,H,0.6082183830920976,0.221763362329439,0.1700182545784632,H,0.35,0.4,0.2499999999999999,1.0900000000000003,1.44,4.98,6.1,1.39,5.07,6.76,0.6556421745098547,0.1895832793763435,0.1547745461138018,0.6757747417527491,0.1852715761412862,0.13895368210596465
2025-10-04,Premier League,Man United,Sunderland,H,0.579792992338626,0.2484054705279916,0.1718015371333822,H,0.35,0.4,0.2499999999999999,1.0900000000000003,1.5,4.55,5.98,1.61,4.22,5.1,0.632708585247884,0.2085852478839178,0.15870616686819833,0.5892047570030005,0.22479138833526796,0.18600385466173155
2025-10-04,Bundesliga,Dortmund,RB Leipzig,D,0.5502545582931145,0.2437086069887252,0.2060368347181602,H,0.35,0.4,0.2499999999999999,1.0900000000000003,1.68,4.36,4.14,1.67,4.5,4.12,0.5583104446588969,0.21512879518966668,0.22656076015143642,0.5629201406389478,0.20890591885934282,0.2281739405017094
2025-10-04,La Liga,Oviedo,Levante,A,0.4258765696264567,0.2931434937440276,0.2809799366295155,H,0.35,0.4,0.2499999999999999,1.0900000000000003,2.48,3.26,2.86,2.37,3.22,3.07,0.38053646352015413,0.2894878618190129,0.329975674660833,0.3987222045198789,0.29346944866835806,0.3078083468117632
2025-10-04,Serie A,Atalanta,Como,D,0.6290067062831951,0.2136183230579064,0.1573749706588983,H,0.35,0.4,0.2499999999999999,1.0900000000000003,2.18,3.43,3.21,2.17,3.32,3.34,0.43202213023091557,0.2745796629455965,0.29339820682348783,0.4341568458556831,0.28377119141772056,0.2820719627265965
2025-10-04,La Liga,Girona,Valencia,H,0.3462729070555363,0.2787175409687258,0.3750095519757377,A,0.35,0.4,0.2499999999999999,1.0900000000000003,2.43,3.37,2.84,2.36,3.27,3.01,0.38809298855282204,0.27984153180515065,0.3320654796420274,0.39907961157175587,0.28802075942181765,0.3128996290064265
2025-10-04,Ligue 1,Metz,Marseille,A,0.1470218176293335,0.2163897330971404,0.636588449273526,A,0.35,0.4,0.2499999999999999,1.0900000000000003,6.2,4.57,1.46,5.77,4.29,1.53,0.15144059448638392,0.205455511119383,0.6431038943942331,0.16349940590507936,0.2199047953548503,0.6165957987400705
2025-10-04,Premier League,Arsenal,West Ham,H,0.772707477643235,0.1452067827897795,0.0820857395669854,H,0.35,0.4,0.2499999999999999,1.0900000000000003,1.19,6.83,15.25,1.18,7.28,14.63,0.7985535835722176,0.13913305482444202,0.062313361603340264,0.8046708904942724,0.13042742455813755,0.06490168494758997
2025-10-04,Serie A,Inter,Cremonese,H,0.7807696928079134,0.1393052745572024,0.079925032634884,H,0.35,0.4,0.2499999999999999,1.0900000000000003,1.18,6.95,14.36,1.16,7.08,17.41,0.7987495578153437,0.13561503283771303,0.06563540934694329,0.8126974666251734,0.13315382221542388,0.05414871115940271
2025-10-04,Ligue 1,Auxerre,Lens,A,0.2687648745129987,0.2665453257188132,0.4646897997681879,A,0.35,0.4,0.2499999999999999,1.0900000000000003,3.65,3.61,1.94,3.5,3.59,2.01,0.25690274348976,0.25974931128466044,0.48334794522557945,0.2690903531114003,0.26234435540108664,0.468565291487513
2025-10-04,Bundesliga,Werder Bremen,St Pauli,H,0.5003137773404713,0.2508102894725985,0.2488759331869299,H,0.35,0.4,0.2499999999999999,1.0900000000000003,2.32,3.51,2.86,2.31,3.51,2.9,0.404504976427449,0.2673651126244107,0.3281299109481404,0.40738650689783523,0.26810906864216505,0.3245044244599998
2025-10-04,Ligue 1,Brest,Nantes,D,0.5509498143108855,0.2480919868676738,0.2009581988214405,H,0.35,0.4,0.2499999999999999,1.0900000000000003,1.86,3.59,4.0,1.89,3.55,4.01,0.5042595180739815,0.26125980602161714,0.2344806759044014,0.4990727074488412,0.26570349776853797,0.2352237947826209
2025-10-04,Premier League,Chelsea,Liverpool,H,0.3418014754881677,0.2294078559654779,0.4287906685463542,A,0.35,0.4,0.2499999999999999,1.0900000000000003,2.87,3.7,2.28,2.87,3.64,2.31,0.3295492722258248,0.25562335440219386,0.41482737337198133,0.32993655066333394,0.26014228033070563,0.40992116900596043
2025-10-04,Serie A,Lazio,Torino,D,0.6191603556300485,0.2136983413217051,0.1671413030482463,H,0.35,0.4,0.2499999999999999,1.0900000000000003,1.71,3.56,5.11,1.99,3.22,3.99,0.550971763287731,0.26465216719719664,0.1843760695150724,0.47242027232246275,0.29196159687009343,0.23561813080744384
2025-10-05,Serie A,Udinese,Cagliari,D,0.4390634552842882,0.297150527386833,0.2637860173288786,H,0.35,0.4,0.2499999999999999,1.0900000000000003,2.17,3.19,3.51,2.11,3.13,3.73,0.43506930008276373,0.29595623234470136,0.26897446757253485,0.4464674276754814,0.30097324996653857,0.2525593223579801
2025-10-05,La Liga,Alaves,Elche,H,0.4524681842142724,0.2936311852993573,0.2539006304863702,H,0.35,0.4,0.2499999999999999,1.0900000000000003,2.34,3.01,3.26,2.2,2.92,3.81,0.40076946953978865,0.3115616474163141,0.28766888304389737,0.429027580675017,0.323239958042821,0.24773246128216206
2025-10-05,Bundesliga,M'gladbach,Freiburg,D,0.2937885951076817,0.2685511802433532,0.437660224648965,A,0.35,0.4,0.2499999999999999,1.0900000000000003,2.27,3.53,2.92,2.59,3.36,2.66,0.41314516355299385,0.26567691820546635,0.32117791824153974,0.36436276468238116,0.2808629644426688,0.35477427087495
2025-10-05,Serie A,Fiorentina,Roma,A,0.2966577550047717,0.2521961152484014,0.4511461297468266,A,0.35,0.4,0.2499999999999999,1.0900000000000003,2.94,3.26,2.39,3.03,3.11,2.44,0.31928826672786287,0.2879470871717536,0.3927646461003836,0.3109375576216251,0.30293916385643865,0.3861232785219361
2025-10-05,Premier League,Aston Villa,Burnley,H,0.6831322639172395,0.2050120983946661,0.1118556376880942,H,0.35,0.4,0.2499999999999999,1.0900000000000003,1.59,4.0,5.76,1.55,4.05,6.13,0.5975351674343334,0.23752022905514752,0.16494460351051912,0.6114073216682469,0.23399539471253894,0.15459728361921415
2025-10-05,La Liga,Sevilla,Barcelona,H,0.1107306367873662,0.1823867480094306,0.7068826152032028,A,0.35,0.4,0.2499999999999999,1.0900000000000003,5.84,4.97,1.45,5.73,4.75,1.48,0.16122176409921407,0.18944368256326163,0.6493345533375243,0.16452949946053982,0.1984745330334512,0.6369959675060088
2025-10-05,La Liga,Espanol,Betis,A,0.2989527900390581,0.2737439325740505,0.4273032773868913,A,0.35,0.4,0.2499999999999999,1.0900000000000003,2.57,3.38,2.63,2.53,3.32,2.74,0.36529128707093866,0.2777510673882581,0.3569576455408032,0.3723831901950992,0.2837739371065063,0.3438428726983945
2025-10-05,Bundesliga,Hamburg,Mainz,H,0.2623398023226863,0.271399621407865,0.4662605762694484,A,0.35,0.4,0.2499999999999999,1.0900000000000003,2.76,3.54,2.36,3.08,3.67,2.14,0.339080459770115,0.264367816091954,0.39655172413793105,0.3050185252790443,0.2559828495529854,0.4389986251679703
2025-10-05,Ligue 1,Strasbourg,Angers,H,0.6463125007212549,0.2149487416888295,0.1387387575899156,H,0.35,0.4,0.2499999999999999,1.0900000000000003,1.65,3.77,5.18,1.72,3.64,4.84,0.5694116823778796,0.24921200952878025,0.18137630809334004,0.5470760669747106,0.2585084712078302,0.19441546181745914
2025-10-05,Bundesliga,Stuttgart,Heidenheim,H,0.6480098676899535,0.20975922348355,0.1422309088264962,H,0.35,0.4,0.2499999999999999,1.0900000000000003,1.42,4.81,6.48,1.39,5.06,6.99,0.6603475379550261,0.1949466744066813,0.14470578763829273,0.678629057789017,0.18642181627010548,0.13494912594087746
2025-10-05,La Liga,Celta,Ath Madrid,D,0.2204443855335749,0.2390764954754218,0.5404791189910032,A,0.35,0.4,0.2499999999999999,1.0900000000000003,4.34,3.74,1.77,4.5,3.71,1.77,0.2168066236097101,0.25158843488399507,0.5316049415062948,0.21029119311358546,0.2550701803264514,0.5346386265599631
2025-10-05,Ligue 1,Monaco,Nice,D,0.5487048455756434,0.2250880872474258,0.2262070671769306,H,0.35,0.4,0.2499999999999999,1.0900000000000003,1.88,3.81,3.69,1.93,3.74,3.65,0.4992702129699669,0.2463590552187763,0.25437073181125686,0.4890430147203703,0.2523671172220092,0.2585898680576204
2025-10-05,Ligue 1,Le Havre,Rennes,D,0.3492687473408707,0.272813028118669,0.3779182245404601,A,0.35,0.4,0.2499999999999999,1.0900000000000003,3.04,3.29,2.31,3.1,3.39,2.25,0.3086391676379453,0.28518634334934756,0.4061744890127072,0.3037452959799295,0.2777611851143898,0.4184935189056806
2025-10-05,Ligue 1,Lyon,Toulouse,A,0.5929823231386787,0.2329584702456568,0.1740592066156644,H,0.35,0.4,0.2499999999999999,1.0900000000000003,1.89,3.63,3.86,1.98,3.4,3.8,0.4974385736955897,0.25899694332910866,0.24356448297530167,0.4754194877833383,0.2768619370032382,0.2477185752134236
2025-10-05,Serie A,Juventus,Milan,D,0.4607458028746673,0.2800660825362299,0.2591881145891027,H,0.35,0.4,0.2499999999999999,1.0900000000000003,2.63,3.19,2.71,2.74,3.01,2.73,0.3577905711057492,0.2949809410683763,0.3472284878258747,0.3431753734615722,0.31239220042681326,0.34443242611161456
2025-10-05,La Liga,Sociedad,Vallecano,A,0.4279618705859876,0.2692651719823783,0.3027729574316339,H,0.35,0.4,0.2499999999999999,1.0900000000000003,2.04,3.34,3.59,2.12,3.33,3.47,0.4589211491208598,0.2802991449720222,0.26077970590711813,0.44492147040364094,0.28325330848520086,0.2718252211111582
2025-10-05,Ligue 1,Lille,Paris SG,D,0.2962545927201423,0.2220571875374961,0.4816882197423614,A,0.35,0.4,0.2499999999999999,1.0900000000000003,4.33,3.89,1.73,3.39,3.58,2.05,0.21663774815463407,0.24114176079937416,0.5422204910459917,0.27773257596112727,0.262992578912911,0.45927484512596173
2025-10-05,Premier League,Newcastle,Nott'm Forest,H,0.5476016228143618,0.2299806034496869,0.2224177737359511,H,0.35,0.4,0.2499999999999999,1.0900000000000003,1.58,4.21,5.46,1.51,4.42,6.06,0.6007181459916582,0.22544766524152496,0.17383418876681683,0.628613001642807,0.21475240553860597,0.1566345928185872
2025-10-05,Premier League,Wolves,Brighton,D,0.250058236221978,0.2613473794556604,0.4885943843223614,A,0.35,0.4,0.2499999999999999,1.0900000000000003,3.67,3.6,1.99,3.46,3.53,2.08,0.25882157424501345,0.26385421596644426,0.47732420978854234,0.27445146338728366,0.2690090830934848,0.45653945351923136
2025-10-05,Premier League,Brentford,Man City,A,0.2249726178389277,0.2294015759880829,0.5456258061729891,A,0.35,0.4,0.2499999999999999,1.0900000000000003,4.73,4.27,1.64,5.03,4.18,1.62,0.20032554187847387,0.22190627941104954,0.5777681787104765,0.18838467016825422,0.22669255764266003,0.5849227721890856
2025-10-05,Serie A,Bologna,Pisa,H,0.5843567161507217,0.2384685697201547,0.1771747141291233,H,0.35,0.4,0.2499999999999999,1.0900000000000003,1.6,3.77,5.86,1.66,3.63,5.51,0.5891221913483128,0.25002533319822295,0.16085247545346423,0.5686436172481143,0.2600408828186969,0.1713154999331887
2025-10-05,Serie A,Napoli,Genoa,H,0.7150669831445966,0.1837432956186412,0.1011897212367621,H,0.35,0.4,0.2499999999999999,1.0900000000000003,1.47,4.0,7.55,1.46,3.98,8.2,0.6401220895111119,0.23524486789533366,0.12463304259355426,0.6472982300253081,0.23745110950677129,0.11525066046792071
2025-10-05,Premier League,Everton,Crystal Palace,H,0.3679534344852911,0.2755957515258385,0.3564508139888702,H,0.35,0.4,0.2499999999999999,1.0900000000000003,2.53,3.21,2.89,2.65,3.1,2.82,0.37543251894989466,0.29590164266144336,0.32866583838866203,0.3578387228817028,0.30589439214081043,0.3362668849774867
2025-10-17,Ligue 1,Paris SG,Strasbourg,D,0.6931596273306379,0.1793818601217608,0.1274585125476012,H,0.35,0.4,0.2499999999999999,1.0900000000000003,1.3,5.75,8.86,1.39,5.08,7.09,0.7284308959364008,0.16468872429866455,0.10688037976493468,0.680423550303683,0.1861788848271888,0.13339756486912824
2025-10-17,Bundesliga,Union Berlin,M'gladbach,H,0.468005994128398,0.2704458943294074,0.2615481115421944,H,0.35,0.4,0.2499999999999999,1.0900000000000003,2.17,3.44,3.24,2.24,3.33,3.18,0.43467544420697934,0.27419933544451897,0.2911252203485016,0.4206850523204538,0.28298333849784285,0.2963316091817033
2025-10-17,La Liga,Oviedo,Espanol,A,0.3849704801829299,0.2854582884998771,0.3295712313171928,H,0.35,0.4,0.2499999999999999,1.0900000000000003,2.98,3.02,2.53,2.87,3.04,2.61,0.3159936475375937,0.31180830121259245,0.3721980512498139,0.32854794429790596,0.3101751974128258,0.3612768582892683
2025-10-18,Bundesliga,Heidenheim,Werder Bremen,D,0.2951001980058846,0.2626163851701897,0.4422834168239256,A,0.35,0.4,0.2499999999999999,1.0900000000000003,2.84,3.53,2.32,2.67,3.46,2.51,0.3301778774048928,0.2656388588753245,0.4041832637197826,0.35268127271619726,0.2721557798127881,0.37516294747101464
2025-10-18,La Liga,Sevilla,Mallorca,A,0.4778555382648704,0.2726086650357726,0.2495357966993568,H,0.35,0.4,0.2499999999999999,1.0900000000000003,1.85,3.39,4.46,1.83,3.38,4.63,0.5100685178750349,0.2783559758315088,0.21157550629345623,0.5163506303678603,0.2795626194003505,0.20408675023178932
2025-10-18,Serie A,Torino,Napoli,H,0.2086297107279729,0.2430390271914367,0.5483312620805901,A,0.35,0.4,0.2499999999999999,1.0900000000000003,4.98,3.41,1.77,5.02,3.23,1.81,0.18961048752674187,0.2769091577370013,0.5334803547362569,0.18769965743199205,0.29171897223176474,0.5205813703362431
2025-10-18,Bundesliga,Bayern Munich,Dortmund,H,0.6656630526122819,0.190711433436212,0.1436255139515059,H,0.35,0.4,0.2499999999999999,1.0900000000000003,1.34,5.52,7.34,1.35,5.52,7.41,0.7015993295145214,0.17031577926620634,0.12808489121927233,0.7008929259904693,0.17141403081288653,0.1276930431966442
2025-10-18,Bundesliga,Wolfsburg,Stuttgart,A,0.3083060627571382,0.2680711214271379,0.4236228158157237,A,0.35,0.4,0.2499999999999999,1.0900000000000003,2.6,3.59,2.49,2.83,3.52,2.35,0.3612180821187129,0.26160641044809296,0.37717550743319417,0.33242110423925314,0.2672590127832632,0.40031988297748355
2025-10-18,La Liga,Villarreal,Betis,D,0.4983831444105273,0.2487334611941589,0.2528833943953135,H,0.35,0.4,0.2499999999999999,1.0900000000000003,1.88,3.73,3.87,2.06,3.62,3.35,0.5025606567536234,0.2533013497846681,0.2441379934617085,0.4578783622551463,0.2605606149849728,0.281561022759881
2025-10-18,Premier League,Brighton,Newcastle,H,0.4432125852884579,0.2510542016824493,0.3057332130290927,H,0.35,0.4,0.2499999999999999,1.0900000000000003,2.61,3.48,2.62,2.86,3.44,2.42,0.364141765114663,0.27310632383599726,0.36275191104933985,0.33187160147342576,0.2759165058761621,0.39221189265041223
2025-10-18,Bundesliga,RB Leipzig,Hamburg,H,0.6703196464094686,0.2086113217594336,0.1210690318310977,H,0.35,0.4,0.2499999999999999,1.0900000000000003,1.4,5.07,6.34,1.45,4.96,5.85,0.6680230600734033,0.18446396136149198,0.1475129785651048,0.6492655038542866,0.18980543963482172,0.16092905651089157
2025-10-18,Premier League,Burnley,Leeds,H,0.3533278001161229,0.2768760183919543,0.3697961814919226,A,0.35,0.4,0.2499999999999999,1.0900000000000003,3.3,3.25,2.26,3.48,3.22,2.19,0.28772328423691634,0.2921497963020997,0.420126919460984,0.2724954209269435,0.2944981567781874,0.4330064222948692
2025-10-18,Serie A,Lecce,Sassuolo,D,0.3951142424095727,0.2882692077703075,0.3166165498201196,H,0.35,0.4,0.2499999999999999,1.0900000000000003,2.91,3.14,2.51,2.85,3.01,2.66,0.32403208498986547,0.3002972507390154,0.37567066427111895,0.3313153549807375,0.313703907539901,0.35498073747936165
2025-10-18,La Liga,Barcelona,Girona,H,0.8277161638133668,0.1164023503357855,0.0558814858508475,H,0.35,0.4,0.2499999999999999,1.0900000000000003,1.19,7.39,12.16,1.2,7.02,11.91,0.7943504153300409,0.12791298974868046,0.07773659492127867,0.7863515549611473,0.13441906922412772,0.07922937581472517
2025-10-18,Premier League,Man City,Everton,H,0.6900466445461337,0.1821247429767318,0.1278286124771343,H,0.35,0.4,0.2499999999999999,1.0900000000000003,1.38,4.92,7.91,1.44,4.46,7.29,0.6873086011592545,0.1927816808129616,0.11990971802778394,0.6577212977460583,0.21235844590904124,0.1299202563449004
2025-10-18,Bundesliga,Mainz,Leverkusen,A,0.2023185373598768,0.2343461944299681,0.563335268210155,A,0.35,0.4,0.2499999999999999,1.0900000000000003,2.78,3.4,2.39,2.49,3.45,2.66,0.33547737199758904,0.2743020865156757,0.3902205414867353,0.376246878958956,0.2715520952486378,0.3522010257924062
2025-10-18,Serie A,Roma,Inter,A,0.323446189461722,0.2580451919145359,0.4185086186237419,A,0.35,0.4,0.2499999999999999,1.0900000000000003,3.24,3.22,2.27,3.51,3.22,2.15,0.2912459656532654,0.2930549468063912,0.4156990875403435,0.2686279911686074,0.29282119534217765,0.4385508134892149
2025-10-18,Ligue 1,Nice,Lyon,H,0.4212986643801897,0.2613131888303089,0.3173881467895011,H,0.35,0.4,0.2499999999999999,1.0900000000000003,2.42,3.46,2.76,2.23,3.49,3.08,0.38816356393789114,0.2714901227542476,0.34034631330786114,0.4231918520647394,0.2704062550442317,0.3064018928910288
2025-10-18,Ligue 1,Marseille,Le Havre,H,0.7030002257754808,0.1889319047805925,0.1080678694439264,H,0.35,0.4,0.2499999999999999,1.0900000000000003,1.32,5.29,8.79,1.32,5.32,8.98,0.7144397992154837,0.17827231284771997,0.10728788793679621,0.7167874975993854,0.17784952947954674,0.10536297292106778
2025-10-18,Ligue 1,Angers,Monaco,D,0.16083874046336,0.207022739369598,0.6321385201670418,A,0.35,0.4,0.2499999999999999,1.0900000000000003,5.11,4.13,1.6,5.28,4.03,1.61,0.18412686028594275,0.22781797967582748,0.5880551600382297,0.17890122010064108,0.23439167298545527,0.5867071069139036
2025-10-18,Premier League,Fulham,Arsenal,A,0.1823126278451088,0.2250040517398948,0.5926833204149962,A,0.35,0.4,0.2499999999999999,1.0900000000000003,6.14,4.13,1.54,6.77,4.18,1.5,0.15447126827609658,0.22964977898673922,0.6158789527371643,0.14019443873033477,0.22706132780008764,0.6327442334695775
2025-10-18,La Liga,Ath Madrid,Osasuna,H,0.6739114719489697,0.1899742014871627,0.1361143265638674,H,0.35,0.4,0.2499999999999999,1.0900000000000003,1.37,4.68,8.72,1.33,4.98,9.3,0.6897288380803007,0.20190780089102822,0.10836336102867108,0.7091801109845284,0.1893995075520929,0.10142038146337878
2025-10-18,Bundesliga,FC Koln,Augsburg,D,0.4453776720270808,0.2562927879964116,0.2983295399765076,H,0.35,0.4,0.2499999999999999,1.0900000000000003,1.98,3.79,3.39,1.98,3.78,3.43,0.4747214986421327,0.24800753754918806,0.27727096380867927,0.4759481961147087,0.24930619796484743,0.274745605920444
2025-10-18,Premier League,Crystal Palace,Bournemouth,D,0.481670320987497,0.2659759690459685,0.2523537099665343,H,0.35,0.4,0.2499999999999999,1.0900000000000003,2.25,3.35,3.22,2.13,3.39,3.44,0.42186980582334427,0.28334539197090286,0.294784802205753,0.44493790419504375,0.2795627539632576,0.2754993418416986
2025-10-18,Serie A,Pisa,Verona,D,0.4386323138029062,0.2778396103146431,0.2835280758824506,H,0.35,0.4,0.2499999999999999,1.0900000000000003,2.52,3.08,2.94,2.68,2.88,2.94,0.37378640776699035,0.30582524271844663,0.32038834951456313,0.35185000498653635,0.3274159768624713,0.3207340181509923
2025-10-18,Premier League,Sunderland,Wolves,H,0.3492946735461333,0.2748501692742242,0.3758551571796423,A,0.35,0.4,0.2499999999999999,1.0900000000000003,2.46,3.07,3.13,2.49,3.03,3.08,0.386511457658752,0.3097127641174365,0.30377577822381147,0.38019579325601005,0.31243812713117664,0.30736607961281337
2025-10-18,Premier League,Nott'm Forest,Chelsea,A,0.2818557690352224,0.2402431063598044,0.4779011246049729,A,0.35,0.4,0.2499999999999999,1.0900000000000003,3.75,3.74,1.93,3.07,3.43,2.27,0.25344180445003106,0.2541194563335873,0.4924387392163817,0.3079323395992106,0.27561291037013885,0.4164547500306504
2025-10-19,Ligue 1,Nantes,Lille,A,0.229469069353579,0.2401672943415757,0.5303636363048452,A,0.35,0.4,0.2499999999999999,1.0900000000000003,4.26,3.64,1.79,5.31,3.88,1.62,0.2197696931265474,0.257202992505245,0.5230273143682077,0.17710605061621953,0.24237967236394992,0.5805142770198306
2025-10-19,Bundesliga,Freiburg,Ein Frankfurt,D,0.3948358820893763,0.2458248469941515,0.359339270916472,H,0.35,0.4,0.2499999999999999,1.0900000000000003,2.48,3.57,2.6,2.46,3.54,2.69,0.3775687856945281,0.26228868025838364,0.3601425340470883,0.3832278939489061,0.2663109093543246,0.3504611966967692
2025-10-19,Ligue 1,Toulouse,Metz,H,0.6267260921583762,0.2227940013830711,0.1504799064585526,H,0.35,0.4,0.2499999999999999,1.0900000000000003,1.58,3.98,5.57,1.52,4.26,6.0,0.5950088035729623,0.23620952503650258,0.16878167139053507,0.6210636808957313,0.22160018661068343,0.15733613249358522
2025-10-19,La Liga,Elche,Ath Bilbao,D,0.2484698663294684,0.2529445782746468,0.4985855553958846,A,0.35,0.4,0.2499999999999999,1.0900000000000003,3.58,3.2,2.12,3.97,3.29,1.99,0.2626444079660544,0.29383343141202345,0.4435221606219221,0.2380010687527946,0.28719277901173085,0.47480615223547457
2025-10-19,Bundesliga,St Pauli,Hoffenheim,A,0.4143920989373296,0.2655799848393538,0.3200279162233164,H,0.35,0.4,0.2499999999999999,1.0900000000000003,2.41,3.45,2.78,2.65,3.4,2.57,0.3897940687575441,0.27229092919005254,0.3379150020524034,0.3558034896268095,0.2773174257385427,0.3668790846346479
2025-10-19,Serie A,Atalanta,Lazio,D,0.5210950111212266,0.2359169812478618,0.2429880076309116,H,0.35,0.4,0.2499999999999999,1.0900000000000003,1.7,3.88,4.59,1.82,3.67,4.21,0.5529399345508286,0.24226749709701256,0.20479256835215875,0.5186138700268189,0.25718725979531626,0.22419887017786477
2025-10-19,Ligue 1,Lorient,Brest,D,0.2672419576557793,0.2634493009847118,0.4693087413595087,A,0.35,0.4,0.2499999999999999,1.0900000000000003,2.39,3.35,2.86,2.71,3.23,2.61,0.39229575521334487,0.2798766731223565,0.32782757166429877,0.34754521431192203,0.29159366278182935,0.3608611229062486
2025-10-19,Premier League,Tottenham,Aston Villa,A,0.3374271449401452,0.2600784679973723,0.4024943870624825,A,0.35,0.4,0.2499999999999999,1.0900000000000003,2.06,3.56,3.42,2.24,3.36,3.21,0.45850719288996006,0.2653159599307072,0.2761768471793326,0.4229249011857707,0.28194993412384717,0.295125164690382
2025-10-19,La Liga,Getafe,Real Madrid,A,0.1206399254799994,0.1697329176917607,0.7096271568282397,A,0.35,0.4,0.2499999999999999,1.0900000000000003,7.63,4.38,1.42,7.14,4.42,1.44,0.12322481455652064,0.21465875229823117,0.6621164331452483,0.1320355480321625,0.21328819297503174,0.6546762589928057
2025-10-19,La Liga,Levante,Vallecano,A,0.3975267783562054,0.269894991069801,0.3325782305739934,H,0.35,0.4,0.2499999999999999,1.0900000000000003,2.75,3.33,2.5,2.63,3.25,2.69,0.3417838448116597,0.28225392589551473,0.3759622292928257,0.35881829039553126,0.2903668011508453,0.3508149084536235
2025-10-19,Serie A,Como,Juventus,H,0.2636029260577239,0.2564186941916451,0.4799783797506307,A,0.35,0.4,0.2499999999999999,1.0900000000000003,2.92,3.24,2.43,3.17,3.17,2.33,0.3222811671087533,0.29045092838196285,0.3872679045092838,0.29757343550447,0.29757343550447,0.4048531289910601
2025-10-19,Serie A,Cagliari,Bologna,A,0.2386893494051698,0.2609309692980862,0.5003796812967438,A,0.35,0.4,0.2499999999999999,1.0900000000000003,3.54,3.22,2.13,3.82,3.19,2.06,0.2658619406456415,0.29228300307005306,0.44185505628430555,0.24680016825406362,0.2955412673136436,0.45765856443229275
2025-10-19,La Liga,Celta,Sociedad,D,0.4637420219188523,0.2707023022242155,0.2655556758569322,H,0.35,0.4,0.2499999999999999,1.0900000000000003,2.1,3.33,3.46,1.98,3.41,3.82,0.4469139824986036,0.281837646620741,0.2712483708806554,0.4764242034116511,0.27663340843257156,0.24694238815577726
2025-10-19,Serie A,Milan,Fiorentina,H,0.5598073907239602,0.2333462939402519,0.2068463153357877,H,0.35,0.4,0.2499999999999999,1.0900000000000003,1.52,4.16,6.06,1.68,3.63,5.27,0.6187315923817004,0.22607500490869817,0.1551934027096014,0.5612946385345974,0.25977272527221035,0.17893263619319233
2025-10-19,Ligue 1,Lens,Paris FC,H,0.583784204465194,0.2439782247942228,0.172237570740583,H,0.35,0.4,0.2499999999999999,1.0900000000000003,1.85,3.74,3.87,1.79,3.83,4.15,0.5069223845364471,0.2507503773776543,0.2423272380858985,0.5266794129634478,0.24615043060171576,0.22717015643483648
2025-10-19,Ligue 1,Rennes,Auxerre,D,0.5026896111454121,0.2600278576821161,0.2372825311724716,H,0.35,0.4,0.2499999999999999,1.0900000000000003,1.74,3.72,4.53,1.83,3.65,4.18,0.5400011536021226,0.2525811847493799,0.20741766164849743,0.5156848363578596,0.25854883576298165,0.22576632787915868
2025-10-19,Serie A,Genoa,Parma,D,0.4737413682562549,0.287045792029917,0.2392128397138279,H,0.35,0.4,0.2499999999999999,1.0900000000000003,2.1,3.07,3.83,2.23,2.9,3.72,0.44796004282214713,0.30642217912915604,0.24561777804869683,0.42222100459480405,0.3246733931884183,0.2531056022167777
2025-10-19,Premier League,Liverpool,Man United,A,0.6918206275252833,0.187885796689849,0.1202935757848675,H,0.35,0.4,0.2499999999999999,1.0900000000000003,1.6,4.4,4.89,1.67,4.3,4.55,0.5914238592633315,0.21506322155030236,0.19351291918636612,0.5696690882091748,0.22124357611844692,0.20908733567237842
2025-10-20,Serie A,Cremonese,Udinese,D,0.4060803965891706,0.2867491178266764,0.3071704855841529,H,0.35,0.4,0.2499999999999999,1.0900000000000003,2.96,3.15,2.44,3.15,3.07,2.4,0.31717865337316986,0.29804724253478815,0.3847741040920421,0.2995304591743399,0.307335813159339,0.39313372766632115
2025-10-20,La Liga,Alaves,Valencia,D,0.4359642006906843,0.273430641752789,0.2906051575565265,H,0.35,0.4,0.2499999999999999,1.0900000000000003,2.25,3.06,3.4,2.18,3.11,3.59,0.4171779141104294,0.3067484662576687,0.27607361963190186,0.4332367127263696,0.30368361213616907,0.2630796751374612
2025-10-20,Premier League,West Ham,Brentford,A,0.3405449774163189,0.2663102206440179,0.393144801939663,A,0.35,0.4,0.2499999999999999,1.0900000000000003,2.46,3.37,2.82,2.75,3.29,2.57,0.38427386093454313,0.2805085156970255,0.33521762336843125,0.3441268523379853,0.287644025510474,0.3682291221515407
2025-10-24,Ligue 1,Paris FC,Nantes,A,0.4742371227155082,0.2663841747856955,0.2593787024987961,H,0.35,0.4,0.2499999999999999,1.0900000000000003,1.64,3.99,5.1,1.57,4.07,5.61,0.5771685301475468,0.2372321778050067,0.18559929204744646,0.6003818008272351,0.23159691088421602,0.1680212882885489
2025-10-24,Premier League,Leeds,West Ham,H,0.4147829685488891,0.2601909187086842,0.3250261127424266,H,0.35,0.4,0.2499999999999999,1.0900000000000003,1.81,3.57,4.59,1.79,3.64,4.56,0.5259453265673596,0.2666557538058602,0.20739891962678017,0.5307004642478034,0.26097632719878244,0.2083232085534141
2025-10-24,La Liga,Sociedad,Sevilla,H,0.4276859328572996,0.2742726321374676,0.2980414350052326,H,0.35,0.4,0.2499999999999999,1.0900000000000003,1.99,3.42,3.81,1.94,3.5,3.88,0.47524427472563546,0.27653102535205104,0.24822469992231355,0.4867872044506259,0.2698191933240612,0.24339360222531295
2025-10-24,Serie A,Milan,Pisa,D,0.6980584324060252,0.1903753440915881,0.1115662235023865,H,0.35,0.4,0.2499999999999999,1.0900000000000003,1.3,5.19,10.14,1.31,5.14,9.72,0.7253278864760266,0.18168135884755965,0.09299075467641367,0.7196121416040352,0.18340309445550315,0.09698476394046154
2025-10-24,Bundesliga,Werder Bremen,Union Berlin,H,0.4690787292809985,0.264655956240594,0.2662653144784073,H,0.35,0.4,0.2499999999999999,1.0900000000000003,2.24,3.52,3.03,2.29,3.46,2.99,0.420939631220005,0.2678706744127305,0.31118969436726446,0.4119064019206956,0.2726201330631194,0.31547346501618495
2025-10-25,Bundesliga,Hamburg,Wolfsburg,A,0.3870833257848157,0.2660888427974265,0.3468278314177577,H,0.35,0.4,0.2499999999999999,1.0900000000000003,2.32,3.58,2.81,2.16,3.66,3.08,0.40425805518272345,0.26197728715751906,0.33376465765975744,0.4364024900120784,0.25754901049893153,0.3060484994889901
2025-10-25,La Liga,Girona,Oviedo,D,0.4389671807533424,0.285578375869323,0.2754544433773345,H,0.35,0.4,0.2499999999999999,1.0900000000000003,1.8,3.52,4.6,1.74,3.56,4.95,0.5255777720072707,0.2687613606855362,0.20566086730719293,0.543395807508002,0.2655923328831246,0.19101185960887343
2025-10-25,Bundesliga,M'gladbach,Bayern Munich,A,0.0833842417923494,0.1379408198340856,0.7786749383735648,A,0.35,0.4,0.2499999999999999,1.0900000000000003,10.53,6.81,1.22,9.37,6.73,1.24,0.08946621999244057,0.13833763531870766,0.7721961446888518,0.10051539251855786,0.13994490756298472,0.7595396999184574
2025-10-25,Bundesliga,Ein Frankfurt,St Pauli,H,0.6696990832648037,0.1890657982619139,0.1412351184732822,H,0.35,0.4,0.2499999999999999,1.0900000000000003,1.68,4.06,4.43,1.64,4.26,4.59,0.557716518341654,0.23077924896896032,0.21150423268938576,0.5739622043361102,0.22096197537822082,0.205075820285669
2025-10-25,Bundesliga,Dortmund,FC Koln,H,0.6739158123145467,0.1988944234698383,0.1271897642156148,H,0.35,0.4,0.2499999999999999,1.0900000000000003,1.42,4.97,6.36,1.37,5.12,7.38,0.6626972313188448,0.18934206609109852,0.14796070259005653,0.6881294322043466,0.1841283832265537,0.1277421845690996
2025-10-25,Serie A,Cremonese,Atalanta,D,0.1784815593765955,0.2326140068809657,0.5889044337424387,A,0.35,0.4,0.2499999999999999,1.0900000000000003,5.24,4.01,1.62,6.93,4.55,1.44,0.1804630334413041,0.23581703123003334,0.5837199353286627,0.13632192947961727,0.20762878489972475,0.656049285620658
2025-10-25,Ligue 1,Lens,Marseille,H,0.3532269693539572,0.2681540317269132,0.3786189989191293,A,0.35,0.4,0.2499999999999999,1.0900000000000003,2.76,3.53,2.4,2.52,3.47,2.67,0.3410792791922316,0.26667954973670227,0.39224117107106626,0.3745255217744575,0.27198971610133515,0.35348476212420715
2025-10-25,Ligue 1,Monaco,Toulouse,H,0.5929061170474834,0.2212708735811273,0.1858230093713893,H,0.35,0.4,0.2499999999999999,1.0900000000000003,1.8,3.86,3.91,2.06,3.57,3.31,0.5190277386119002,0.24203366049259595,0.23893860089550392,0.45467207910887086,0.26235979914965657,0.2829681217414725
2025-10-25,Premier League,Brentford,Liverpool,H,0.2423537706176204,0.2294836836710837,0.5281625457112957,A,0.35,0.4,0.2499999999999999,1.0900000000000003,4.28,4.13,1.73,3.92,4.01,1.82,0.22171434600334516,0.22976692515600905,0.5485187288406459,0.2420485675813716,0.23661605608952038,0.521335376329108
2025-10-25,La Liga,Valencia,Villarreal,A,0.279065051587261,0.2477339641674366,0.4732009842453021,A,0.35,0.4,0.2499999999999999,1.0900000000000003,3.19,3.47,2.18,3.61,3.49,2.02,0.295629609076094,0.2717747703033832,0.4325956206205228,0.26167648445300645,0.2706739566978089,0.46764955884918474
2025-10-25,La Liga,Ath Bilbao,Getafe,A,0.596705764363892,0.2287175653861146,0.1745766702499931,H,0.35,0.4,0.2499999999999999,1.0900000000000003,1.65,3.49,6.08,1.61,3.5,6.53,0.5733415834227243,0.2710640723918324,0.1555943441854433,0.585976058436081,0.26954898688059725,0.14447495468332164
2025-10-25,La Liga,Espanol,Elche,H,0.4883878793121237,0.2818276544537482,0.2297844662341279,H,0.35,0.4,0.2499999999999999,1.0900000000000003,1.97,3.34,3.91,1.97,3.33,3.99,0.4776332295853616,0.2817178030787912,0.24064896733584717,0.4795413449982135,0.2836926275214657,0.23676602748032094
2025-10-25,Premier League,Chelsea,Sunderland,A,0.7205768863522629,0.1824957166078165,0.0969273970399202,H,0.35,0.4,0.2499999999999999,1.0900000000000003,1.37,4.99,8.31,1.44,4.52,7.2,0.694728747367557,0.19073715108087233,0.11453410155157075,0.6585081585081585,0.2097902097902098,0.1317016317016317
2025-10-25,Premier League,Man United,Brighton,H,0.3628448801522054,0.2666488264885127,0.3705062933592818,A,0.35,0.4,0.2499999999999999,1.0900000000000003,2.0,3.83,3.45,1.99,3.85,3.41,0.4757592669271068,0.24843825949196174,0.2758024735809315,0.4760860026327337,0.24608081694523118,0.2778331804220352
2025-10-25,Bundesliga,Hoffenheim,Heidenheim,H,0.502327142390136,0.2683262993285634,0.2293465582813005,H,0.35,0.4,0.2499999999999999,1.0900000000000003,1.57,4.38,5.03,1.57,4.37,5.13,0.5985963901741878,0.21456537273367007,0.1868382370921421,0.6004885744821619,0.21573616977963253,0.18377525573820552
2025-10-25,Premier League,Newcastle,Fulham,H,0.541907337917008,0.244705770680276,0.2133868914027159,H,0.35,0.4,0.2499999999999999,1.0900000000000003,1.62,3.97,5.44,1.6,3.99,5.62,0.5862164436361662,0.23921174778100487,0.1745718085828289,0.5932253609807459,0.23788485653363242,0.16888978248562161
2025-10-25,Serie A,Napoli,Inter,H,0.3662352408687102,0.2394227387808877,0.3943420203504018,A,0.35,0.4,0.2499999999999999,1.0900000000000003,2.96,3.17,2.45,3.48,3.16,2.19,0.31827700529061503,0.2971924087256216,0.3845305859837634,0.27098017103655675,0.2984212010149422,0.4305986279485012
2025-10-25,Serie A,Udinese,Lecce,H,0.4645209404916027,0.2886730030838382,0.2468060564245588,H,0.35,0.4,0.2499999999999999,1.0900000000000003,1.8,3.45,4.64,1.96,3.14,4.33,0.5236506378802749,0.2732090284592738,0.20314033366045145,0.4814961717438574,0.300551750515274,0.21795207774086847
2025-10-25,Ligue 1,Brest,Paris SG,A,0.2116061106050674,0.2252738693701226,0.56312002002481,A,0.35,0.4,0.2499999999999999,1.0900000000000003,8.2,5.35,1.32,8.17,5.47,1.32,0.11435326122158172,0.17527041906859256,0.7103763197098258,0.11516762979964813,0.17201454030404484,0.712817829896307
2025-10-25,Bundesliga,Augsburg,RB Leipzig,A,0.2558544889266496,0.2705897678354755,0.4735557432378747,A,0.35,0.4,0.2499999999999999,1.0900000000000003,3.25,3.91,1.99,3.23,3.8,2.04,0.28865294796315466,0.2399289209412411,0.47141813109560426,0.29126213592233013,0.24757281553398058,0.4611650485436893
2025-10-25,Serie A,Parma,Como,D,0.2753493054009434,0.2768724589857145,0.4477782356133419,A,0.35,0.4,0.2499999999999999,1.0900000000000003,3.8,3.46,1.97,4.23,3.19,1.96,0.2483114877122935,0.27271203852795245,0.47897647375975394,0.22300610980529229,0.2957102960741023,0.4812835941206053
2025-10-26,Ligue 1,Auxerre,Le Havre,A,0.4839548774626251,0.2639052511611935,0.2521398713761812,H,0.35,0.4,0.2499999999999999,1.0900000000000003,2.11,3.36,3.41,2.08,3.31,3.59,0.44508843421139527,0.2795049393410845,0.2754066264475202,0.45294245451669335,0.28462849105580734,0.26242905442749925
2025-10-26,Serie A,Torino,Genoa,H,0.4706022477193264,0.2754237318574518,0.2539740204232216,H,0.35,0.4,0.2499999999999999,1.0900000000000003,2.3,2.94,3.47,2.47,2.87,3.25,0.4089750168371765,0.31994644174336934,0.27107854141945414,0.3815880444609903,0.32840504174865714,0.29000691379035265
2025-10-26,Bundesliga,Leverkusen,Freiburg,H,0.6514665297360516,0.1980682370447168,0.1504652332192314,H,0.35,0.4,0.2499999999999999,1.0900000000000003,1.77,3.82,4.17,1.96,3.6,3.68,0.5297139835792456,0.24544339029718967,0.22484262612356465,0.48145133155018033,0.26212350273287593,0.25642516571694385
2025-10-26,Ligue 1,Lyon,Strasbourg,H,0.4306697767061961,0.2553372035177049,0.3139930197760988,H,0.35,0.4,0.2499999999999999,1.0900000000000003,2.06,3.63,3.3,1.92,3.67,3.75,0.45625942684766213,0.2589240824534942,0.2848164906988436,0.4913616743249467,0.25706114842068056,0.2515771772543727
2025-10-26,Serie A,Verona,Cagliari,D,0.4185403114825523,0.281172249863276,0.3002874386541716,H,0.35,0.4,0.2499999999999999,1.0900000000000003,2.24,3.06,3.47,1.96,3.15,4.31,0.4205993963256673,0.3078897541730375,0.27151084950129534,0.4814686095871708,0.29958046818757295,0.21895092222525633
2025-10-26,Premier League,Wolves,Burnley,A,0.4737685228455586,0.281877531764012,0.2443539453904293,H,0.35,0.4,0.2499999999999999,1.0900000000000003,1.97,3.3,4.06,1.92,3.3,4.34,0.4802632522260299,0.2867026081470542,0.23303413962691602,0.49401879216855005,0.28742911544352,0.21855209238792997
2025-10-26,La Liga,Mallorca,Levante,D,0.4647778682029226,0.2757241436886738,0.2594979881084034,H,0.35,0.4,0.2499999999999999,1.0900000000000003,2.1,3.26,3.58,1.94,3.36,4.04,0.448276921658703,0.28876734217278416,0.2629557361685129,0.48600807722051964,0.28061180649041906,0.23338011628906138
2025-10-26,Premier League,Everton,Tottenham,A,0.4663187972378999,0.2690624143052837,0.2646187884568162,H,0.35,0.4,0.2499999999999999,1.0900000000000003,2.35,3.38,2.99,2.2,3.34,3.32,0.40302763232930683,0.2802115195188968,0.31676084815179634,0.4307869219293884,0.28375186474390857,0.28546121332670316
2025-10-26,Serie A,Lazio,Juventus,H,0.3652502768252647,0.2510067717714757,0.3837429514032595,A,0.35,0.4,0.2499999999999999,1.0900000000000003,3.2,3.14,2.31,3.49,3.12,2.21,0.29373840783367217,0.29935124365215,0.4069103485141779,0.2704328761535716,0.30250344159486053,0.4270636822515678
2025-10-26,Premier League,Aston Villa,Man City,H,0.2658896745586104,0.2615652736066854,0.472545051834704,A,0.35,0.4,0.2499999999999999,1.0900000000000003,4.08,3.8,1.83,4.16,3.77,1.82,0.2323856117415888,0.24950876208044273,0.5181056261779685,0.22783389450056118,0.2514029180695848,0.5207631874298542
2025-10-26,Serie A,Sassuolo,Roma,A,0.1968808700682341,0.2456846914122229,0.5574344385195429,A,0.35,0.4,0.2499999999999999,1.0900000000000003,4.33,3.53,1.83,4.31,3.35,1.9,0.2177345148253884,0.26707944736372,0.5151860378108916,0.21953953608691903,0.28245235836854354,0.4980081055445373
2025-10-26,Serie A,Fiorentina,Bologna,D,0.3492901329884339,0.2506976782722186,0.4000121887393473,A,0.35,0.4,0.2499999999999999,1.0900000000000003,2.66,3.13,2.73,2.76,2.9,2.82,0.3540826686004351,0.3009137055837563,0.3450036258158085,0.34124480496720244,0.3247709178308547,0.3339842772019428
2025-10-26,Ligue 1,Angers,Lorient,H,0.3914924193017876,0.2689642653509817,0.3395433153472306,H,0.35,0.4,0.2499999999999999,1.0900000000000003,2.6,3.15,2.78,2.71,3.03,2.76,0.3622337125129266,0.2989865563598759,0.33877973112719756,0.3476720837126928,0.31095423988825,0.34137367639905714
2025-10-26,Bundesliga,Stuttgart,Mainz,H,0.5696979394112003,0.2395780846911774,0.1907239758976222,H,0.35,0.4,0.2499999999999999,1.0900000000000003,1.73,3.99,4.22,2.06,3.61,3.33,0.5424356739935118,0.23519140752099632,0.2223729184854918,0.45677623804511785,0.2606534765576019,0.28257028539728013
2025-10-26,Premier League,Arsenal,Crystal Palace,H,0.6561056367781875,0.192850711883138,0.1510436513386745,H,0.35,0.4,0.2499999999999999,1.0900000000000003,1.41,4.6,7.76,1.38,4.91,8.08,0.6719424135412511,0.20596495719416608,0.12209262926458299,0.6887758468028959,0.19358669421344116,0.1176374589836629
2025-10-26,La Liga,Real Madrid,Barcelona,H,0.4570339059083872,0.2467896390962025,0.2961764549954102,H,0.35,0.4,0.2499999999999999,1.0900000000000003,1.99,4.07,3.16,1.85,4.28,3.52,0.4719896949968623,0.23077628821713905,0.2972340167859987,0.5107744883982694,0.22077869241513987,0.2684468191865906
2025-10-26,Ligue 1,Rennes,Nice,A,0.3774270417951827,0.250398948960869,0.3721740092439481,H,0.35,0.4,0.2499999999999999,1.0900000000000003,2.17,3.55,3.11,2.05,3.61,3.4,0.43308476544265606,0.2647306876086095,0.3021845469487343,0.46065792189757737,0.26159244872300097,0.27774962937942166
2025-10-26,Ligue 1,Lille,Metz,H,0.7509582142548289,0.1631540834983063,0.0858877022468646,H,0.35,0.4,0.2499999999999999,1.0900000000000003,1.31,5.35,9.04,1.23,6.36,11.36,0.7195428394597031,0.17618712517611423,0.10427003536418265,0.7682433553227597,0.14857536588789222,0.08318127878934811
2025-10-26,Premier League,Bournemouth,Nott'm Forest,H,0.5620342469118553,0.2223969413965048,0.2155688116916397,H,0.35,0.4,0.2499999999999999,1.0900000000000003,1.79,3.79,4.29,1.95,3.59,3.82,0.5292279549382696,0.2499519892716366,0.22082005579009384,0.48693867551032727,0.2644931524359716,0.24856817205370105
2025-10-26,La Liga,Vallecano,Alaves,H,0.4754207247502373,0.2740650124567061,0.2505142627930565,H,0.35,0.4,0.2499999999999999,1.0900000000000003,2.08,3.06,3.88,2.2,3.01,3.7,0.45129998479549943,0.3067660027368101,0.24193401246769047,0.43001660295764316,0.3142978493378123,0.25568554770454455
2025-10-26,La Liga,Osasuna,Celta,A,0.4341084591892176,0.2773792176720936,0.2885123231386887,H,0.35,0.4,0.2499999999999999,1.0900000000000003,2.36,3.17,3.08,2.37,3.16,3.11,0.3982931923503688,0.29652111480973825,0.30518569283989294,0.39808,0.29856,0.30336
2025-10-27,La Liga,Betis,Ath Madrid,A,0.3544987362754246,0.2563760328997849,0.3891252308247903,A,0.35,0.4,0.2499999999999999,1.0900000000000003,3.1,3.52,2.17,3.26,3.41,2.16,0.3021829776796664,0.26612705420652444,0.43168996811380916,0.2885777196185521,0.27588368503122573,0.4355385953502221
2025-10-28,Serie A,Lecce,Napoli,A,0.1544969103350021,0.2144388231803806,0.631064266484617,A,0.35,0.4,0.2499999999999999,1.0900000000000003,6.71,3.81,1.54,6.05,3.67,1.6,0.1404830256261687,0.24741236271695327,0.6121046116568779,0.15552700930990188,0.25638648673703174,0.5880865039530665
2025-10-28,Serie A,Atalanta,Milan,D,0.4434048591935224,0.2539617134502347,0.3026334273562427,H,0.35,0.4,0.2499999999999999,1.0900000000000003,2.61,3.26,2.68,2.54,3.23,2.79,0.36042606909183916,0.28856197556125773,0.351011955346903,0.3708137022940026,0.2915996296677297,0.33758666803826765
2025-10-29,Ligue 1,Paris FC,Lyon,D,0.2776454221518418,0.2493824468608131,0.4729721309873448,A,0.35,0.4,0.2499999999999999,1.0900000000000003,2.63,3.54,2.49,2.67,3.45,2.53,0.3572496808316616,0.2654143109003587,0.3773360082679798,0.35345068454875667,0.273540094998603,0.37300922045264046
2025-10-29,Ligue 1,Toulouse,Rennes,D,0.4505757603442282,0.2498163192813877,0.299607920374384,H,0.35,0.4,0.2499999999999999,1.0900000000000003,2.12,3.44,3.32,1.97,3.52,3.72,0.44349176762969866,0.2733146940043492,0.2831935383659522,0.47864547541415053,0.2678782916380332,0.2534762329478163
2025-10-29,Serie A,Bologna,Torino,D,0.608793933516908,0.2150811463409302,0.1761249201421618,H,0.35,0.4,0.2499999999999999,1.0900000000000003,1.77,3.45,4.86,1.77,3.38,4.99,0.5326966517027422,0.2732965430474938,0.19400680524976407,0.5323741915526923,0.278787668357475,0.1888381400898327
2025-10-29,Ligue 1,Metz,Lens,H,0.1459788513025804,0.2431668224205547,0.6108543262768649,A,0.35,0.4,0.2499999999999999,1.0900000000000003,6.06,4.4,1.49,6.29,4.64,1.46,0.15517380128475194,0.21371664449672653,0.6311095542185213,0.15006401821750243,0.2034273005577781,0.6465086812247194
2025-10-29,Serie A,Roma,Parma,H,0.7140030805228168,0.1965816909751969,0.0894152285019862,H,0.35,0.4,0.2499999999999999,1.0900000000000003,1.5,4.04,6.86,1.45,4.07,8.01,0.6289521700057189,0.23352184529915307,0.13752598469512803,0.6504957429359873,0.23174909760618712,0.11775515945782541
2025-10-29,Serie A,Genoa,Cremonese,A,0.4308236983544963,0.2829502880144667,0.2862260136310368,H,0.35,0.4,0.2499999999999999,1.0900000000000003,1.84,3.28,4.72,1.74,3.43,5.15,0.5126086035176943,0.28756092392456023,0.19983047255774528,0.5419605629308731,0.274930431341026,0.18310900572810085
2025-10-29,Ligue 1,Marseille,Angers,D,0.7628794841327554,0.1519024462845696,0.0852180695826748,H,0.35,0.4,0.2499999999999999,1.0900000000000003,1.22,6.13,12.53,1.23,6.24,11.84,0.7713742830716019,0.15351984100283106,0.07510587592556699,0.7686392009987515,0.1515106117353308,0.0798501872659176
2025-10-29,Serie A,Como,Verona,H,0.569046579419052,0.2500914522872952,0.1808619682936526,H,0.35,0.4,0.2499999999999999,1.0900000000000003,1.6,3.7,6.03,1.56,3.75,6.5,0.5890071015602314,0.25470577364766755,0.1562871247921012,0.6038647342995169,0.2512077294685991,0.1449275362318841
2025-10-29,Ligue 1,Strasbourg,Auxerre,H,0.6545977886895216,0.1983831727723013,0.1470190385381769,H,0.35,0.4,0.2499999999999999,1.0900000000000003,1.71,3.87,4.55,1.68,3.85,4.87,0.5501504372522004,0.24308972808818152,0.20675983465961814,0.5613774023850943,0.244964684677132,0.1936579129377738
2025-10-29,Ligue 1,Nantes,Monaco,A,0.237058678420639,0.2370686047173344,0.5258727168620264,A,0.35,0.4,0.2499999999999999,1.0900000000000003,4.78,3.98,1.66,4.65,3.99,1.68,0.19683012572245726,0.23639397008878033,0.5667759041887626,0.2027052771956563,0.23623547342350926,0.5610592493808345
2025-10-29,Ligue 1,Le Havre,Brest,H,0.3021330848082489,0.270989082178968,0.4268778330127828,A,0.35,0.4,0.2499999999999999,1.0900000000000003,2.51,3.29,2.76,2.84,3.07,2.6,0.3742041300755381,0.28548704148620074,0.3403088284382611,0.33141234305454065,0.3065834053012689,0.3620042516441905
2025-10-29,Ligue 1,Nice,Lille,H,0.3835204179196902,0.2556599988194885,0.3608195832608212,H,0.35,0.4,0.2499999999999999,1.0900000000000003,2.91,3.46,2.32,3.81,3.77,1.88,0.3230651587716826,0.27171087052762904,0.40522397070068816,0.24769606592554022,0.2503241408955725,0.5019797931788873
2025-10-29,Serie A,Juventus,Udinese,H,0.6468903921353862,0.1971979102454789,0.1559116976191348,H,0.35,0.4,0.2499999999999999,1.0900000000000003,1.44,4.32,7.42,1.44,4.42,7.13,0.6547058823529412,0.21823529411764708,0.12705882352941178,0.6545550464622631,0.21324870291983236,0.1321962506179045
2025-10-29,Serie A,Inter,Fiorentina,H,0.6780937042764463,0.183181413908429,0.1387248818151245,H,0.35,0.4,0.2499999999999999,1.0900000000000003,1.38,4.77,8.1,1.35,5.13,8.33,0.6850823439295289,0.1981999234009958,0.1167177326694753,0.7016447222591656,0.18464334796293835,0.11371192977789599
2025-10-29,Ligue 1,Lorient,Paris SG,D,0.1069936803251168,0.1714026204445898,0.7216036992302933,A,0.35,0.4,0.2499999999999999,1.0900000000000003,10.17,6.12,1.25,9.98,6.09,1.26,0.09261176060404659,0.15389895512143037,0.7534892842745231,0.09470246734397678,0.15519386274103256,0.7501036699149907
2025-10-30,Serie A,Cagliari,Sassuolo,A,0.4232660245415783,0.286726976405572,0.2900069990528494,H,0.35,0.4,0.2499999999999999,1.0900000000000003,2.54,3.17,2.83,2.61,3.04,2.87,0.37053665467492175,0.2968968778783285,0.3325664674467496,0.3612768582892683,0.3101751974128258,0.32854794429790596
2025-10-30,Serie A,Pisa,Lazio,D,0.2382136573883532,0.2603098555267046,0.501476487084942,A,0.35,0.4,0.2499999999999999,1.0900000000000003,3.64,3.22,2.09,3.83,3.1,2.11,0.2582603556653951,0.29194648901305537,0.44979315532154945,0.2468739738746117,0.3050088128837945,0.4481172132415938
2025-10-31,La Liga,Getafe,Girona,H,0.4500866202328201,0.2776151723521702,0.2722982074150096,H,0.35,0.4,0.2499999999999999,1.0900000000000003,2.15,2.95,3.91,2.12,3.0,3.96,0.4388494682976012,0.3198394429965568,0.24131108870584211,0.4460263110470355,0.31519192647323846,0.23878176247972613
2025-10-31,Bundesliga,Augsburg,Dortmund,A,0.2051120819310136,0.2345732835940908,0.5603146344748955,A,0.35,0.4,0.2499999999999999,1.0900000000000003,5.03,4.34,1.58,5.37,4.35,1.55,0.18717721947437957,0.2169358096673109,0.5958869708583097,0.17546941484170667,0.21661396728734825,0.607916617870945
2025-11-01,Premier League,Fulham,Wolves,H,0.5456119972929864,0.2370103111195989,0.2173776915874146,H,0.35,0.4,0.2499999999999999,1.0900000000000003,1.84,3.46,4.51,1.79,3.69,4.44,0.5155239284558003,0.27415145328285334,0.21032461826134646,0.5295914508199105,0.25690208589908947,0.21350646328099998
2025-11-01,Bundesliga,Bayern Munich,Leverkusen,H,0.5870230913783162,0.2046667543728244,0.2083101542488593,H,0.35,0.4,0.2499999999999999,1.0900000000000003,1.22,6.85,10.44,1.26,6.2,9.42,0.7722243698694926,0.13753485127602644,0.09024077885448094,0.7479522367875091,0.15200319650842928,0.10004456670406173
2025-11-01,La Liga,Real Madrid,Valencia,H,0.7888210689969898,0.1402968091625132,0.0708821218404969,H,0.35,0.4,0.2499999999999999,1.0900000000000003,1.17,7.58,14.28,1.13,8.76,17.47,0.8088741027032116,0.124852598966063,0.06627329833072532,0.8377470410905363,0.10806554297172444,0.054187415937739326
2025-11-01,Bundesliga,St Pauli,M'gladbach,A,0.4226897384510791,0.2597367183215974,0.3175735432273234,H,0.35,0.4,0.2499999999999999,1.0900000000000003,2.11,3.44,3.34,2.31,3.39,3.01,0.445412748009335,0.27320374950572585,0.2813835024849392,0.4083536431632911,0.2782586771997647,0.3133876796369443
2025-11-01,Bundesliga,Mainz,Werder Bremen,D,0.4216625297039708,0.2652850455635009,0.3130524247325281,H,0.35,0.4,0.2499999999999999,1.0900000000000003,1.99,3.77,3.37,1.86,3.81,3.8,0.47206420569602614,0.2491797796644807,0.2787560146394932,0.5056474088975503,0.24685149095785924,0.24750110014459042
2025-11-01,Serie A,Cremonese,Juventus,A,0.2199511487913288,0.2436621807485027,0.5363866704601683,A,0.35,0.4,0.2499999999999999,1.0900000000000003,6.8,4.2,1.48,6.59,4.22,1.49,0.13862622658340767,0.22444246208742194,0.6369313113291704,0.1431756029027682,0.22358465003062616,0.6332397470666057
2025-11-01,Ligue 1,Paris SG,Nice,H,0.6767102884122411,0.1844665779720045,0.1388231336157543,H,0.35,0.4,0.2499999999999999,1.0900000000000003,1.24,6.28,10.01,1.15,8.09,15.47,0.7568141541780637,0.14943464190777053,0.09375120391416573,0.8220383680917042,0.11685341450005682,0.06110821740823914
2025-11-01,Serie A,Udinese,Atalanta,H,0.2366898327711715,0.2559617389228713,0.507348428305957,A,0.35,0.4,0.2499999999999999,1.0900000000000003,4.3,3.69,1.8,4.83,3.73,1.71,0.21957750669443618,0.2558762273132997,0.5245462659922643,0.19533281271532912,0.2529376636501447,0.5517295236345261
2025-11-01,Premier League,Liverpool,Aston Villa,H,0.5578217477195933,0.221342896186606,0.2208353560938005,H,0.35,0.4,0.2499999999999999,1.0900000000000003,1.63,4.32,4.81,1.65,4.28,4.67,0.5826853350008834,0.2198558092711666,0.19745885572795008,0.5750983308924446,0.22170846868517136,0.20319320042238403
2025-11-01,Bundesliga,RB Leipzig,Stuttgart,H,0.5096093999374034,0.2670360943396058,0.2233545057229905,H,0.35,0.4,0.2499999999999999,1.0900000000000003,1.97,3.87,3.35,2.09,3.76,3.17,0.4768481567167747,0.24273665858709204,0.2804151846961332,0.4514352590056395,0.25093076896856026,0.29763397202580016
2025-11-01,Ligue 1,Auxerre,Marseille,A,0.1885186201071719,0.2184759812575465,0.5930053986352813,A,0.35,0.4,0.2499999999999999,1.0900000000000003,4.76,3.98,1.66,5.23,3.83,1.65,0.19749381225114487,0.2361986297274999,0.5663075580213552,0.18066089382759815,0.24669881846431807,0.5726402877080838
2025-11-01,Premier League,Burnley,Arsenal,A,0.118818240213995,0.1879045944092659,0.6932771653767389,A,0.35,0.4,0.2499999999999999,1.0900000000000003,10.97,5.65,1.28,13.66,5.78,1.24,0.08686659275639277,0.16865956151108474,0.7444738457325225,0.06954368506235178,0.1643541069120632,0.766102208025585
2025-11-01,Premier League,Tottenham,Chelsea,A,0.320874479137019,0.2529661834071677,0.4261593374558131,A,0.35,0.4,0.2499999999999999,1.0900000000000003,2.71,3.52,2.5,3.02,3.44,2.31,0.3503993756520216,0.2697677011411871,0.37983292320679146,0.31394549491533463,0.27561494030357864,0.4104395647810868
2025-11-01,Serie A,Napoli,Como,D,0.6108057070373504,0.2294947566189438,0.1596995363437056,H,0.35,0.4,0.2499999999999999,1.0900000000000003,1.93,3.21,4.35,1.91,3.24,4.37,0.48901566489110226,0.29401876424916734,0.21696557085973042,0.4934428571926438,0.2908876102586264,0.2156695325487299
2025-11-01,Premier League,Crystal Palace,Brentford,H,0.4903088468838172,0.25360462483179,0.2560865282843926,H,0.35,0.4,0.2499999999999999,1.0900000000000003,1.92,3.65,3.85,2.06,3.43,3.6,0.49389333099024696,0.25980142342500656,0.24630524558474648,0.4602345153523321,0.27640906752938893,0.26335641711827895
2025-11-01,La Liga,Ath Madrid,Sevilla,H,0.7004440063673539,0.1882854171564665,0.1112705764761795,H,0.35,0.4,0.2499999999999999,1.0900000000000003,1.32,5.3,8.78,1.34,5.06,8.53,0.7145928414793702,0.1779740661797677,0.10743309234086205,0.7032770431008076,0.18624332761958148,0.11047962927961107
2025-11-01,La Liga,Villarreal,Vallecano,H,0.5857702474522684,0.2401811016306231,0.1740486509171084,H,0.35,0.4,0.2499999999999999,1.0900000000000003,1.69,3.85,4.8,1.71,3.83,4.76,0.5583334592202064,0.24508663534601266,0.196579905433781,0.5537960552495922,0.24725620221326441,0.19894774253714345
2025-11-01,La Liga,Sociedad,Ath Bilbao,H,0.2960566676988391,0.2778285089132721,0.4261148233878887,A,0.35,0.4,0.2499999999999999,1.0900000000000003,2.74,2.98,2.77,2.71,2.88,2.91,0.3438041450086632,0.31611522057843533,0.34008063441290154,0.34815987238126095,0.3276087688032004,0.32423135881553855
2025-11-01,Ligue 1,Monaco,Paris FC,A,0.6798291692225856,0.1874840105541997,0.1326868202232144,H,0.35,0.4,0.2499999999999999,1.0900000000000003,1.67,4.26,4.36,1.66,4.2,4.58,0.5633655858533775,0.220849889289939,0.21578452485668353,0.5689306375477658,0.22486306150697408,0.2062063009452601
2025-11-01,Premier League,Brighton,Leeds,H,0.6396628616851738,0.2120637482404832,0.1482733900743428,H,0.35,0.4,0.2499999999999999,1.0900000000000003,1.85,3.74,4.11,1.93,3.61,3.88,0.5141985488678292,0.2543495495736588,0.23145190155851195,0.4921141853315767,0.26309705753184015,0.24478875713658324
2025-11-01,Bundesliga,Heidenheim,Ein Frankfurt,D,0.2176708755721619,0.2404772265869633,0.5418518978408746,A,0.35,0.4,0.2499999999999999,1.0900000000000003,3.48,3.96,1.91,4.0,4.03,1.77,0.2702134956700677,0.23746034467975646,0.4923261596501757,0.23515895177215648,0.23340838885573842,0.531432659372105
2025-11-01,Premier League,Nott'm Forest,Man United,D,0.3344395917582828,0.2569355183290701,0.408624889912647,A,0.35,0.4,0.2499999999999999,1.0900000000000003,3.41,3.67,2.05,3.27,3.63,2.12,0.2783522699944873,0.25863249064882887,0.46301523935668387,0.2904208226250184,0.2616187575712976,0.44796041980368406
2025-11-01,Bundesliga,Union Berlin,Freiburg,D,0.3558540253624571,0.2730026033639956,0.3711433712735471,A,0.35,0.4,0.2499999999999999,1.0900000000000003,2.56,3.23,2.74,2.62,3.14,2.78,0.36671998143651535,0.2906511307979812,0.3426288877655034,0.36012145414940844,0.3004835063284873,0.3393950395221044
2025-11-02,La Liga,Betis,Mallorca,H,0.578378054993891,0.2470996999404868,0.174522245065622,H,0.35,0.4,0.2499999999999999,1.0900000000000003,1.58,4.02,5.42,1.54,4.22,5.81,0.593631142449242,0.23331771270393098,0.17305114484682702,0.6135010159041546,0.22388425698871994,0.16261472710712535
2025-11-02,Serie A,Torino,Pisa,D,0.532846029845934,0.2539168830555482,0.2132370870985176,H,0.35,0.4,0.2499999999999999,1.0900000000000003,1.93,3.29,4.16,1.82,3.29,4.89,0.48766965141511287,0.2860797651158564,0.22625058346903068,0.5193780931504373,0.2873155408917313,0.19330636595783146
2025-11-02,Ligue 1,Nantes,Metz,A,0.5853343200326564,0.2385241064293771,0.1761415735379664,H,0.35,0.4,0.2499999999999999,1.0900000000000003,1.89,3.52,4.0,2.08,3.52,3.38,0.4976531131595318,0.2672057908725895,0.23514109596787874,0.4532488114104596,0.2678288431061807,0.2789223454833598
2025-11-02,La Liga,Levante,Celta,A,0.3386117930604195,0.2849612414199566,0.3764269655196238,A,0.35,0.4,0.2499999999999999,1.0900000000000003,2.81,3.35,2.43,3.06,3.34,2.32,0.3338692412118628,0.28005151277771173,0.3860792460104256,0.30910628520368266,0.28319318345008054,0.4077005313462367
2025-11-02,Premier League,Man City,Bournemouth,H,0.6409562768857074,0.2015142975951934,0.1575294255190989,H,0.35,0.4,0.2499999999999999,1.0900000000000003,1.49,4.64,5.9,1.41,5.08,6.86,0.6354600446604736,0.20405936778967795,0.1604805875498484,0.6742640884448245,0.1871481032888194,0.13858780826635603
2025-11-02,Premier League,West Ham,Newcastle,H,0.2363352548317092,0.2650661830471974,0.4985985621210932,A,0.35,0.4,0.2499999999999999,1.0900000000000003,4.99,4.08,1.64,4.99,4.08,1.64,0.18990747573366634,0.2322642901742635,0.5778282340920702,0.18990747573366634,0.2322642901742635,0.5778282340920702
2025-11-02,Ligue 1,Lens,Lorient,H,0.6304289923418392,0.219878318174917,0.1496926894832436,H,0.35,0.4,0.2499999999999999,1.0900000000000003,1.45,4.46,6.61,1.55,4.18,5.74,0.6474684892636184,0.21049984516418088,0.1420316655722007,0.6094408827205023,0.2259888440709997,0.164570273208498
2025-11-02,La Liga,Barcelona,Elche,H,0.7880151041506828,0.1456619510933399,0.0663229447559772,H,0.35,0.4,0.2499999999999999,1.0900000000000003,1.21,6.46,12.22,1.19,7.24,12.59,0.7774088080044118,0.1456137240998976,0.07697746789569053,0.7943543010719892,0.13056375943034076,0.07508193949767014
2025-11-02,Ligue 1,Rennes,Strasbourg,H,0.3072757467017867,0.2465422209188829,0.4461820323793302,A,0.35,0.4,0.2499999999999999,1.0900000000000003,2.3,3.56,2.86,2.68,3.44,2.52,0.4081194183007584,0.2636726578909394,0.3282079238083022,0.3517953379650672,0.2740731121355756,0.37413154989935715
2025-11-02,Serie A,Milan,Roma,H,0.4212224276177617,0.264837880958661,0.3139396914235769,H,0.35,0.4,0.2499999999999999,1.0900000000000003,2.13,3.12,3.68,2.34,2.95,3.42,0.4421850448285424,0.3018763286810241,0.2559386264904335,0.4036439579432522,0.3201785971482068,0.2761774449085409
2025-11-02,Ligue 1,Lille,Angers,H,0.7258881609889282,0.1727974782957255,0.1013143607153461,H,0.35,0.4,0.2499999999999999,1.0900000000000003,1.28,5.52,10.33,1.35,5.02,8.35,0.7375746349741817,0.17103179941430305,0.09139356561151527,0.6990069455445956,0.1879799554751403,0.11301309898026397
2025-11-02,Serie A,Fiorentina,Lecce,A,0.5866649255505034,0.2319124090137815,0.181422665435715,H,0.35,0.4,0.2499999999999999,1.0900000000000003,1.62,3.73,5.62,1.69,3.55,5.41,0.5805270620555197,0.25213239692491746,0.16734054101956267,0.5591462651282902,0.26618512339910155,0.1746686114726082
2025-11-02,Bundesliga,Wolfsburg,Hoffenheim,A,0.3867934239890958,0.279606759520661,0.3335998164902431,H,0.35,0.4,0.2499999999999999,1.0900000000000003,2.76,3.68,2.31,2.7,3.7,2.37,0.33958103638368253,0.25468577728776187,0.4057331863285557,0.34855711900787023,0.2543524922489864,0.3970903887431433
2025-11-02,Serie A,Parma,Bologna,A,0.1996961314412947,0.2429830591433137,0.5573208094153914,A,0.35,0.4,0.2499999999999999,1.0900000000000003,4.02,3.08,2.05,4.64,3.03,1.94,0.23440226309185275,0.3059406161133922,0.4596571207947551,0.20312381215660527,0.3110542866028542,0.4858219012405405
2025-11-02,Ligue 1,Brest,Lyon,D,0.3299490687033687,0.247067540725329,0.4229833905713021,A,0.35,0.4,0.2499999999999999,1.0900000000000003,3.05,3.48,2.22,3.37,3.32,2.16,0.3076628993333493,0.2696470813122745,0.4226900193543762,0.279701078053575,0.283913443686912,0.43638547825951285
2025-11-02,Serie A,Verona,Inter,A,0.113553638431343,0.1883655335507565,0.6980808280179003,A,0.35,0.4,0.2499999999999999,1.0900000000000003,7.59,4.7,1.39,8.36,4.87,1.36,0.12383402108950435,0.1999787702275187,0.676187208682977,0.11281981398834873,0.1936701529656253,0.6935100330460259
2025-11-02,Ligue 1,Toulouse,Le Havre,D,0.5476468519836002,0.2436295701413082,0.2087235778750915,H,0.35,0.4,0.2499999999999999,1.0900000000000003,1.73,3.67,4.65,1.71,3.63,4.94,0.5424662498291433,0.25571297335270243,0.20182077681815436,0.5502886129088682,0.25922686723806193,0.1904845198530698
2025-11-02,La Liga,Alaves,Espanol,H,0.4000373474243782,0.2946242880598348,0.3053383645157868,H,0.35,0.4,0.2499999999999999,1.0900000000000003,2.38,3.01,3.24,2.41,3.03,3.17,0.3959979534989483,0.3131146609061452,0.29088738559490646,0.3912926577884964,0.31122617335652686,0.2974811688549768
2025-11-02,Bundesliga,FC Koln,Hamburg,H,0.4570683378528244,0.2882381105382159,0.2546935516089594,H,0.35,0.4,0.2499999999999999,1.0900000000000003,2.1,3.64,3.19,2.43,3.54,2.74,0.4473811963967851,0.2581045363827606,0.2945142672204542,0.3886057692307692,0.2667548076923077,0.3446394230769231
2025-11-03,Serie A,Sassuolo,Genoa,A,0.4480001756262078,0.2712723071050102,0.2807275172687817,H,0.35,0.4,0.2499999999999999,1.0900000000000003,2.42,3.02,3.12,2.45,2.9,3.26,0.38805330873268207,0.31095662487850684,0.30099006638881104,0.38515440397620787,0.3253890654281757,0.2894565305956164
2025-11-03,Serie A,Lazio,Cagliari,H,0.6598669895082714,0.2032539107066988,0.1368790997850297,H,0.35,0.4,0.2499999999999999,1.0900000000000003,1.55,3.95,6.05,1.62,3.69,5.83,0.6065740211942383,0.23802271717748588,0.15540326162827595,0.5824459660323107,0.2557079850873559,0.16184604888033333
2025-11-03,Premier League,Sunderland,Everton,D,0.316648841869141,0.2776470887738627,0.4057040693569962,A,0.35,0.4,0.2499999999999999,1.0900000000000003,2.74,3.12,2.67,3.24,3.09,2.37,0.34430254184748915,0.3023682579045257,0.35332920024798514,0.2927715611844709,0.306983772892455,0.4002446659230741
2025-11-03,La Liga,Oviedo,Osasuna,D,0.3631079535717718,0.2763971979256179,0.3604948485026102,H,0.35,0.4,0.2499999999999999,1.0900000000000003,2.95,3.01,2.52,3.08,3.08,2.43,0.3173896488093495,0.3110629448463724,0.3715474063442782,0.30604534005037787,0.30604534005037787,0.3879093198992443
2025-11-07,Ligue 1,Paris FC,Rennes,A,0.3823006441200884,0.2672087907848821,0.3504905650950292,H,0.35,0.4,0.2499999999999999,1.0900000000000003,2.19,3.5,3.13,2.22,3.52,3.07,0.4300345048224317,0.2690787330174644,0.30088676216010396,0.4248433335167988,0.26794096602479933,0.3072157004584018
2025-11-07,Serie A,Pisa,Cremonese,H,0.4215980852193031,0.2749757119878424,0.3034262027928544,H,0.35,0.4,0.2499999999999999,1.0900000000000003,2.26,3.03,3.49,2.3,2.98,3.45,0.4178088415995322,0.31163299736466754,0.27055816103580016,0.41009174311926605,0.3165137614678899,0.27339449541284405
2025-11-07,Bundesliga,Werder Bremen,Wolfsburg,H,0.5142796837249111,0.2583662987507488,0.2273540175243401,H,0.35,0.4,0.2499999999999999,1.0900000000000003,2.18,3.64,3.07,2.14,3.64,3.14,0.4330881384046569,0.2593769620115802,0.3075348995837629,0.44063719216000746,0.25905593165450985,0.30030687618548274
2025-11-07,La Liga,Elche,Sociedad,D,0.3433640861947439,0.2783681149819266,0.3782677988233294,A,0.35,0.4,0.2499999999999999,1.0900000000000003,2.71,3.13,2.7,2.96,3.11,2.49,0.348490534137722,0.30172822604256444,0.3497812398197136,0.31841825007504143,0.303060456663062,0.3785212932618966
2025-11-08,Serie A,Parma,Milan,D,0.1602319684404529,0.2267724828348525,0.6129955487246944,A,0.35,0.4,0.2499999999999999,1.0900000000000003,5.89,3.87,1.58,6.93,3.99,1.5,0.16000481485067425,0.2435215399148504,0.5964736452344753,0.13592788667906713,0.23608527686364286,0.62798683645729
2025-11-08,Ligue 1,Marseille,Brest,H,0.6457194715788914,0.1973086825426616,0.1569718458784467,H,0.35,0.4,0.2499999999999999,1.0900000000000003,1.44,4.61,6.58,1.46,4.62,6.28,0.6530785361505704,0.20399850153076385,0.14292296231866586,0.6457856640461542,0.2040794522743258,0.15013488367951994
2025-11-08,Bundesliga,Hoffenheim,RB Leipzig,H,0.2627232804828925,0.2623270344933682,0.4749496850237391,A,0.35,0.4,0.2499999999999999,1.0900000000000003,2.64,3.8,2.36,2.7,3.76,2.36,0.3554442260130636,0.24694019912486523,0.39761557486207116,0.34938734368601754,0.25088984785964025,0.39972280845434216
2025-11-08,La Liga,Ath Madrid,Levante,H,0.7564286041670982,0.161194809198009,0.0823765866348925,H,0.35,0.4,0.2499999999999999,1.0900000000000003,1.21,6.53,12.28,1.22,6.58,12.06,0.7789176141468792,0.14433236035493474,0.07675002549818599,0.7772597447882181,0.1441119891552623,0.07862826605651957
2025-11-08,La Liga,Espanol,Villarreal,A,0.2369689808342753,0.2523758836654322,0.5106551355002925,A,0.35,0.4,0.2499999999999999,1.0900000000000003,2.82,3.54,2.37,2.77,3.41,2.47,0.33484195402298855,0.2667385057471265,0.39841954022988507,0.3408578608920167,0.2768845380266528,0.38225760108133044
2025-11-08,La Liga,Sevilla,Osasuna,H,0.3935044877678676,0.2713772333126796,0.3351182789194525,H,0.35,0.4,0.2499999999999999,1.0900000000000003,2.16,3.21,3.52,2.26,3.2,3.31,0.4373432419879238,0.29428704133766836,0.26836971667440784,0.4185800210238455,0.2956221398480909,0.28579783912806367
2025-11-08,Serie A,Como,Cagliari,D,0.60148794832635,0.2363518573516956,0.1621601943219542,H,0.35,0.4,0.2499999999999999,1.0900000000000003,1.48,4.27,6.69,1.54,3.95,6.37,0.6378242842246986,0.22107258563291662,0.1411031301423847,0.6128834251223381,0.23894695561731655,0.14816961926034547
2025-11-08,Premier League,Sunderland,Arsenal,D,0.1326030538276232,0.2039255100412658,0.6634714361311109,A,0.35,0.4,0.2499999999999999,1.0900000000000003,8.39,4.67,1.39,7.33,4.23,1.46,0.11321765004438845,0.20340387234955443,0.6833784776060571,0.12897553436987688,0.22349661156765896,0.647527854062464
2025-11-08,Bundesliga,M'gladbach,FC Koln,H,0.4210472033464163,0.2749839407332189,0.3039688559203646,H,0.35,0.4,0.2499999999999999,1.0900000000000003,2.19,3.54,3.06,2.03,3.67,3.36,0.4283883826879271,0.2650199316628702,0.30659168564920275,0.4635423519195853,0.25640081046233193,0.28005683761808275
2025-11-08,Premier League,West Ham,Burnley,H,0.4959750021725257,0.2798353197824503,0.2241896780450238,H,0.35,0.4,0.2499999999999999,1.0900000000000003,1.94,3.5,3.98,1.86,3.56,4.23,0.48978242830822893,0.2714794031194183,0.23873816857235275,0.509635104676427,0.26627002660060517,0.2240948687229679
2025-11-08,Ligue 1,Monaco,Lens,A,0.4875951831096027,0.252233578499381,0.2601712383910161,H,0.35,0.4,0.2499999999999999,1.0900000000000003,2.03,3.82,3.23,1.98,3.81,3.43,0.46298512951170917,0.24603660023789778,0.2909782702503931,0.476884339591658,0.24782965679566477,0.2752860036126772
2025-11-08,Serie A,Juventus,Torino,D,0.5949226262536229,0.2325779202444582,0.1724994535019186,H,0.35,0.4,0.2499999999999999,1.0900000000000003,1.49,4.07,7.02,1.49,4.04,6.88,0.6335754121808163,0.23194775531926687,0.13447683249991685,0.6307629464893569,0.23263286887850043,0.13660418463214272
2025-11-08,Premier League,Chelsea,Wolves,H,0.707363932178544,0.1827015490776306,0.1099345187438253,H,0.35,0.4,0.2499999999999999,1.0900000000000003,1.36,5.06,8.27,1.36,5.1,8.12,0.6977273864110045,0.18753147144643603,0.1147411421425594,0.6972750171742614,0.1859400045798031,0.11678497824593544
2025-11-08,Serie A,Lecce,Verona,D,0.4414861963424021,0.2819762172092319,0.2765375864483657,H,0.35,0.4,0.2499999999999999,1.0900000000000003,2.73,2.86,2.91,2.75,2.75,2.99,0.34569901182569246,0.32998542037907014,0.3243155677952373,0.3424971363115693,0.3424971363115693,0.3150057273768614
2025-11-08,Bundesliga,Union Berlin,Bayern Munich,D,0.1074350262341631,0.1721779298253538,0.7203870439404829,A,0.35,0.4,0.2499999999999999,1.0900000000000003,12.03,6.7,1.2,11.72,6.69,1.21,0.07799994179108821,0.14005064175325238,0.7819494164556593,0.08039994874998635,0.14085013443196412,0.7787499168180496
2025-11-08,Ligue 1,Le Havre,Nantes,D,0.4544179736315822,0.2733772225279217,0.2722048038404959,H,0.35,0.4,0.2499999999999999,1.0900000000000003,1.89,3.32,4.29,1.86,3.33,4.51,0.4975528982697367,0.28324547521981996,0.2192016265104434,0.507363001550639,0.28339194681206864,0.20924505163729237
2025-11-08,Bundesliga,Hamburg,Dortmund,D,0.1669603824509189,0.2173041877523399,0.615735429796741,A,0.35,0.4,0.2499999999999999,1.0900000000000003,4.45,4.21,1.66,3.79,3.84,1.86,0.21107154614452991,0.22310412834754353,0.5658243255079266,0.24847105971738087,0.24523575946064416,0.5062931808219749
2025-11-08,Premier League,Tottenham,Man United,D,0.384505394736253,0.2667961943147211,0.3486984109490256,H,0.35,0.4,0.2499999999999999,1.0900000000000003,2.65,3.58,2.52,2.9,3.47,2.38,0.3581904663590958,0.2651409876680457,0.3766685459728586,0.3274155949190441,0.27363262975943164,0.39895177532152426
2025-11-08,Premier League,Everton,Fulham,H,0.4401427086926623,0.2640810830887489,0.2957762082185885,H,0.35,0.4,0.2499999999999999,1.0900000000000003,2.2,3.28,3.4,2.31,3.21,3.23,0.4314453729495512,0.2893840916125039,0.27917053543794496,0.41071195141950584,0.2955590678439434,0.2937289807365506
2025-11-08,Bundesliga,Leverkusen,Heidenheim,H,0.7751414645193186,0.1509309919183738,0.0739275435623074,H,0.35,0.4,0.2499999999999999,1.0900000000000003,1.39,4.86,7.14,1.39,4.96,7.35,0.675362589625616,0.19315925917275845,0.1314781512016255,0.6805695308110046,0.19072412254582585,0.12870634664316957
2025-11-08,La Liga,Girona,Alaves,H,0.3999382251736358,0.2856145730010953,0.3144472018252687,H,0.35,0.4,0.2499999999999999,1.0900000000000003,2.41,3.16,3.05,2.13,3.24,3.54,0.3917233306644014,0.2987510211712681,0.3095256481643303,0.44265369920111153,0.29100382077110104,0.26634248002778743
2025-11-09,Ligue 1,Strasbourg,Lille,H,0.4017334973307098,0.2469198353984652,0.3513466672708248,H,0.35,0.4,0.2499999999999999,1.0900000000000003,2.69,3.51,2.46,2.67,3.54,2.48,0.34966530195716355,0.2679771117563447,0.3823575862864918,0.35325076651939835,0.2664349001714106,0.38031433330919096
2025-11-09,Bundesliga,Stuttgart,Augsburg,H,0.6182696248010686,0.2207018257962683,0.1610285494026629,H,0.35,0.4,0.2499999999999999,1.0900000000000003,1.5,4.49,5.63,1.51,4.52,5.58,0.624802576454508,0.20873137298034786,0.16646605056514424,0.6231771618329438,0.20818529078932413,0.16863754737773207
2025-11-09,La Liga,Ath Bilbao,Oviedo,H,0.5963642184595075,0.2269683882252978,0.1766673933151945,H,0.35,0.4,0.2499999999999999,1.0900000000000003,1.48,3.9,7.53,1.58,3.61,6.62,0.6345039474195932,0.24078611337974307,0.12470993920066373,0.5965363340455698,0.261087924596122,0.14237574135830822
2025-11-09,Premier League,Man City,Liverpool,H,0.4873004340530121,0.2306419363117448,0.2820576296352428,H,0.35,0.4,0.2499999999999999,1.0900000000000003,1.88,3.92,3.72,1.89,3.94,3.69,0.5037864131336024,0.24161185119672768,0.25460173566967,0.502035615501756,0.24082419119246665,0.2571401933057775
2025-11-09,Premier League,Brentford,Newcastle,H,0.3938675474882744,0.2577482128796121,0.3483842396321134,H,0.35,0.4,0.2499999999999999,1.0900000000000003,2.84,3.4,2.45,2.83,3.38,2.47,0.3339480436177037,0.2789448364336113,0.387107119948685,0.33522994205773343,0.2806806911311792,0.3840893668110873
2025-11-09,Bundesliga,Ein Frankfurt,Mainz,H,0.5965126762841644,0.2155623221205649,0.1879250015952706,H,0.35,0.4,0.2499999999999999,1.0900000000000003,1.84,3.93,3.73,1.84,3.9,3.84,0.5098162645678931,0.23869260224043848,0.25149113319166844,0.5125677673730902,0.2418268440939708,0.24560538853293906
2025-11-09,Serie A,Atalanta,Sassuolo,A,0.6575380975159728,0.2102789934254817,0.1321829090585454,H,0.35,0.4,0.2499999999999999,1.0900000000000003,1.43,4.61,6.8,1.47,4.44,6.58,0.6576830038414496,0.2040101291742457,0.13830686698430483,0.6432997318043097,0.21298437066494033,0.14371589753075
2025-11-09,Serie A,Inter,Lazio,H,0.6055940095753745,0.2267671092796875,0.1676388811449378,H,0.35,0.4,0.2499999999999999,1.0900000000000003,1.35,5.02,8.09,1.3,5.21,9.88,0.6964772947489551,0.18729967089862343,0.11622303435242146,0.7240610028160772,0.18066781260286,0.0952711845810628
2025-11-09,Ligue 1,Metz,Nice,H,0.1836604472259477,0.2509581395818533,0.5653814131921988,A,0.35,0.4,0.2499999999999999,1.0900000000000003,3.32,3.62,2.06,3.0,3.58,2.24,0.2833842552479974,0.25989937221639536,0.4567163725356074,0.3147351565198279,0.2637445445696882,0.4215202989104838
2025-11-09,Ligue 1,Angers,Auxerre,H,0.4031050245237799,0.2751780755179108,0.3217168999583091,H,0.35,0.4,0.2499999999999999,1.0900000000000003,2.57,3.15,2.81,2.54,3.01,2.98,0.3662381509969506,0.2988038247816391,0.3349580242214104,0.37089197995401996,0.31297861431335905,0.3161294057326211
2025-11-09,La Liga,Vallecano,Real Madrid,D,0.1508294959122097,0.1979879968746056,0.6511825072131846,A,0.35,0.4,0.2499999999999999,1.0900000000000003,5.93,4.64,1.47,5.83,4.65,1.49,0.15842761612984899,0.20247322492456993,0.6390991589455811,0.16216614745100608,0.20331798701921835,0.6345158655297755
2025-11-09,Bundesliga,Freiburg,St Pauli,H,0.6074599456338072,0.2254500436572676,0.167090010708925,H,0.35,0.4,0.2499999999999999,1.0900000000000003,1.82,3.51,4.32,1.77,3.57,4.61,0.5155131264916467,0.2673031026252984,0.21718377088305488,0.5319866952415124,0.26375810940545574,0.20425519535303185
2025-11-09,La Liga,Mallorca,Getafe,H,0.4140769094346248,0.2865846818667042,0.2993384086986708,H,0.35,0.4,0.2499999999999999,1.0900000000000003,2.47,2.84,3.25,2.57,2.8,3.21,0.3802688661560709,0.3307267955653152,0.2890043382786139,0.3678525970278754,0.33763613370058565,0.29451126927153887
2025-11-09,Serie A,Genoa,Fiorentina,D,0.3327434094856722,0.2710046617990602,0.3962519287152675,A,0.35,0.4,0.2499999999999999,1.0900000000000003,2.78,2.97,2.73,2.92,2.82,2.76,0.3384848522799855,0.3168309391711648,0.3446842085488496,0.32326555023923437,0.33472886762360443,0.3420055821371611
2025-11-09,Premier League,Crystal Palace,Brighton,D,0.4480123792568484,0.2530174363129445,0.2989701844302069,H,0.35,0.4,0.2499999999999999,1.0900000000000003,2.27,3.52,3.04,2.38,3.39,2.97,0.41813066583307285,0.2696467646139419,0.31222256955298533,0.3994548722282395,0.2804432436292655,0.3201018841424949
2025-11-09,La Liga,Celta,Barcelona,A,0.205021001293206,0.2218706191733108,0.573108379533483,A,0.35,0.4,0.2499999999999999,1.0900000000000003,4.59,4.29,1.63,4.07,4.26,1.73,0.20467137902269836,0.21898406287043948,0.5763445581068622,0.23212626499648806,0.22177321561871044,0.5461005193848015
2025-11-09,Ligue 1,Lorient,Toulouse,D,0.2920552481381076,0.2893137431858359,0.4186310086760563,A,0.35,0.4,0.2499999999999999,1.0900000000000003,2.96,3.26,2.38,3.03,3.21,2.38,0.31729180638934784,0.28809317389953054,0.3946150197111217,0.3108452853219408,0.293414708574916,0.3957400061031431
2025-11-09,Ligue 1,Lyon,Paris SG,A,0.2674123403197958,0.2251882360475346,0.5073994236326694,A,0.35,0.4,0.2499999999999999,1.0900000000000003,4.0,3.88,1.79,5.72,4.09,1.56,0.2344355481144431,0.2416861320767455,0.5238783198088114,0.16487503359312017,0.23058317656543942,0.6045417898414405
2025-11-09,Serie A,Bologna,Napoli,H,0.3643100175215078,0.2630825236154621,0.37260745886303,A,0.35,0.4,0.2499999999999999,1.0900000000000003,2.97,3.01,2.55,2.89,2.93,2.68,0.31731759044512514,0.313100745389376,0.36958166416549876,0.326295537558227,0.32184099097040136,0.35186347147137165
2025-11-09,Serie A,Roma,Udinese,H,0.653692473661485,0.2015727043656633,0.1447348219728515,H,0.35,0.4,0.2499999999999999,1.0900000000000003,1.55,3.94,6.05,1.52,3.96,6.68,0.6062077998041785,0.23848276388235445,0.15530943631346722,0.6205848128823993,0.238204271611426,0.1412109155061747
2025-11-09,Premier League,Nott'm Forest,Leeds,H,0.5139465479135115,0.2533758105526324,0.232677641533856,H,0.35,0.4,0.2499999999999999,1.0900000000000003,2.22,3.32,3.29,2.23,3.14,3.46,0.4267218814704848,0.2853381255615893,0.28793999296792594,0.4246825942835699,0.30160579148164357,0.2737116142347864
2025-11-09,La Liga,Valencia,Betis,D,0.2664898097821263,0.2715802681889152,0.4619299220289583,A,0.35,0.4,0.2499999999999999,1.0900000000000003,3.17,3.36,2.22,3.4,3.42,2.12,0.2966144155751199,0.2798415765991459,0.42354400782573426,0.2779379293424927,0.2763125613346418,0.44574950932286556
2025-11-09,Premier League,Aston Villa,Bournemouth,H,0.4937342514676486,0.2565846487442411,0.2496810997881101,H,0.35,0.4,0.2499999999999999,1.0900000000000003,2.19,3.45,3.25,2.3,3.37,3.1,0.4331575592513184,0.2749608854377934,0.2918815553108884,0.4124684144030323,0.2815066329753632,0.30602495262160456
2025-11-21,Bundesliga,Mainz,Hoffenheim,D,0.3636821024123494,0.2754540036878383,0.3608638938998121,H,0.35,0.4,0.2499999999999999,1.0900000000000003,2.48,3.56,2.65,2.49,3.52,2.67,0.379870182163738,0.2646286662264242,0.3555011516098378,0.3787920923765189,0.26795236080043533,0.3532555468230458
2025-11-21,La Liga,Valencia,Levante,H,0.4670509179852898,0.2799977868377488,0.2529512951769612,H,0.35,0.4,0.2499999999999999,1.0900000000000003,2.0,3.53,3.66,2.02,3.42,3.7,0.47325621433124054,0.2681338324822893,0.25860995318647023,0.4680356852243642,0.2764421298693613,0.2555221849062745
2025-11-21,Ligue 1,Nice,Marseille,A,0.3551299097745397,0.257979249834564,0.3868908403908961,A,0.35,0.4,0.2499999999999999,1.0900000000000003,3.72,3.68,1.92,3.65,3.62,1.95,0.25326909841706813,0.25602202339986235,0.4907088781830695,0.2577265010314171,0.2598623560123405,0.4824111429562424
2025-11-22,Serie A,Cagliari,Genoa,D,0.3885404672771099,0.2697608688819894,0.3416986638409005,H,0.35,0.4,0.2499999999999999,1.0900000000000003,2.84,2.93,2.72,3.14,2.73,2.66,0.3318509635403655,0.3216575892336648,0.34649144722596975,0.3002431118314424,0.3453345681870803,0.35442231998147716
2025-11-22,Premier League,Wolves,Crystal Palace,A,0.2105630503378249,0.2576077453749579,0.531829204287217,A,0.35,0.4,0.2499999999999999,1.0900000000000003,3.86,3.5,1.97,4.43,3.65,1.81,0.24616911586193108,0.2714893677791582,0.4823415163589106,0.21453645642213007,0.2603826032739825,0.5250809403038874
2025-11-22,Bundesliga,Augsburg,Hamburg,H,0.4490993392924619,0.2850468934759119,0.265853767231626,H,0.35,0.4,0.2499999999999999,1.0900000000000003,2.3,3.51,2.89,2.44,3.39,2.81,0.40797702693463217,0.2673353737748302,0.32468759929053764,0.3863851155395293,0.2781061008603102,0.3355087836001607
2025-11-22,Premier League,Fulham,Sunderland,H,0.5206270007300025,0.2654841665193803,0.213888832750617,H,0.35,0.4,0.2499999999999999,1.0900000000000003,2.1,3.24,3.74,2.02,3.33,3.81,0.45256128714202487,0.29332676018464576,0.2541119526733294,0.4679916341142231,0.28388681709030955,0.24812154879546738
2025-11-22,Bundesliga,Dortmund,Stuttgart,D,0.5095222509559992,0.2530380235716228,0.2374397254723778,H,0.35,0.4,0.2499999999999999,1.0900000000000003,1.74,4.03,4.11,1.78,3.88,4.14,0.5390488464505042,0.2327406930084063,0.22821046054108937,0.5294606246786294,0.24289688451751557,0.22764249080385515
2025-11-22,Bundesliga,Bayern Munich,Freiburg,H,0.767058560086719,0.1440717137437327,0.0888697261695482,H,0.35,0.4,0.2499999999999999,1.0900000000000003,1.17,7.25,13.25,1.16,7.7,14.81,0.8002040858826714,0.12913638351485868,0.07065953060246985,0.8136863300810712,0.12258131725896654,0.06373235265996234
2025-11-22,La Liga,Barcelona,Ath Bilbao,H,0.6849619413353542,0.1813265607264305,0.1337114979382152,H,0.35,0.4,0.2499999999999999,1.0900000000000003,1.41,5.01,6.7,1.41,5.01,6.67,0.6702930023303599,0.18864533598519112,0.14106166168444886,0.6698679977147668,0.18852572390774874,0.14160627837748443
2025-11-22,Premier League,Burnley,Chelsea,A,0.1714240729703859,0.2291050333277164,0.5994708937018975,A,0.35,0.4,0.2499999999999999,1.0900000000000003,6.56,4.45,1.48,5.46,4.14,1.58,0.1447892575428476,0.2134421414564225,0.6417686010007299,0.17317406360199514,0.2283889824316168,0.5984369539663882
2025-11-22,La Liga,Villarreal,Mallorca,H,0.7030928494112291,0.1889561293843397,0.1079510212044311,H,0.35,0.4,0.2499999999999999,1.0900000000000003,1.43,4.65,7.07,1.39,4.85,7.59,0.6623437849425104,0.20368851881027736,0.13396769624721214,0.6803953932399437,0.1949999168254684,0.12460468993458784
2025-11-22,Bundesliga,Wolfsburg,Leverkusen,A,0.1374495441091343,0.2058812034130779,0.6566692524777877,A,0.35,0.4,0.2499999999999999,1.0900000000000003,3.43,3.71,1.98,3.37,3.81,2.0,0.2734592833876221,0.2528208469055374,0.47371986970684044,0.28015014871487554,0.24779685070055923,0.47205300058456534
2025-11-22,Premier League,Brighton,Brentford,H,0.4889347396076753,0.2587221453034898,0.2523431150888348,H,0.35,0.4,0.2499999999999999,1.0900000000000003,1.93,3.66,3.82,2.1,3.44,3.47,0.4919908788919543,0.2594378131861944,0.24857130792185123,0.45133432648462257,0.27552386209817076,0.2731418114172068
2025-11-22,Premier League,Bournemouth,West Ham,D,0.5668255149293353,0.244157140793481,0.1890173442771835,H,0.35,0.4,0.2499999999999999,1.0900000000000003,1.62,4.09,5.14,1.67,3.97,4.95,0.5843636727523405,0.23145944984322533,0.18417687740443417,0.568818944132639,0.2392764827963494,0.19190457307101152
2025-11-22,Premier League,Liverpool,Nott'm Forest,A,0.6851935707193763,0.1868573477272987,0.1279490815533248,H,0.35,0.4,0.2499999999999999,1.0900000000000003,1.42,4.86,6.97,1.45,4.6,6.58,0.6684888145119275,0.19531977707961667,0.1361914084084558,0.6512188300092515,0.2052755007637858,0.1435056692269627
2025-11-22,Serie A,Udinese,Bologna,A,0.2428234704169516,0.2567509684442193,0.5004255611388291,A,0.35,0.4,0.2499999999999999,1.0900000000000003,3.74,3.19,2.08,2.99,3.02,2.54,0.251858037578288,0.29528183716075157,0.45286012526096026,0.31573314893476906,0.3125967269254833,0.37167012413974776
2025-11-22,Ligue 1,Lens,Strasbourg,H,0.4716206184611983,0.2600459119357139,0.2683334696030876,H,0.35,0.4,0.2499999999999999,1.0900000000000003,2.0,3.68,3.43,2.09,3.63,3.27,0.47024111107799604,0.25556582123804134,0.2741930676839627,0.45148738546504336,0.2599472825404795,0.2885653319944772
2025-11-22,La Liga,Alaves,Celta,A,0.3824678906565559,0.280545103294854,0.3369870060485898,H,0.35,0.4,0.2499999999999999,1.0900000000000003,2.56,3.04,2.94,2.64,3.01,2.87,0.36861554705028376,0.31041309225287056,0.32097136069684573,0.35753396876901233,0.3135846104817916,0.328881420749196
2025-11-22,Premier League,Newcastle,Man City,H,0.2513665177751328,0.2388612307492592,0.5097722514756078,A,0.35,0.4,0.2499999999999999,1.0900000000000003,3.54,3.75,1.98,3.67,3.7,1.95,0.2679615434584903,0.25295569702481485,0.4790827595166949,0.258134917085562,0.2560419312713547,0.48582315164308343
2025-11-22,Ligue 1,Paris SG,Le Havre,H,0.8249589336296429,0.1221291643065028,0.0529119020638541,H,0.35,0.4,0.2499999999999999,1.0900000000000003,1.17,7.33,14.78,1.21,6.45,12.38,0.8072464664422855,0.12885107308833205,0.06390246046938254,0.7780071768679977,0.14595173395508174,0.07604108917692061
2025-11-22,La Liga,Osasuna,Sociedad,A,0.4114286174696056,0.2821746456629211,0.3063967368674731,H,0.35,0.4,0.2499999999999999,1.0900000000000003,2.75,3.09,2.68,2.67,2.96,2.9,0.34292529204470634,0.30519241201389724,0.3518822959413964,0.35426863996170066,0.31955988807356106,0.32617147196473817
2025-11-22,Bundesliga,Heidenheim,M'gladbach,A,0.3246297259906562,0.2868454903247085,0.3885247836846351,A,0.35,0.4,0.2499999999999999,1.0900000000000003,3.14,3.58,2.14,3.25,3.61,2.09,0.2990086644290063,0.26225899617516196,0.43873233939583167,0.28941039282851105,0.26054952262954595,0.450040084541943
2025-11-22,Serie A,Fiorentina,Juventus,D,0.2829566055331357,0.2624260566358942,0.4546173378309701,A,0.35,0.4,0.2499999999999999,1.0900000000000003,3.8,3.38,2.0,3.81,3.28,2.03,0.24849286869578,0.27937068078223787,0.472136450521982,0.24762081853511594,0.28763271909109506,0.46474646237378914
2025-11-22,Bundesliga,FC Koln,Ein Frankfurt,A,0.2890138198317481,0.2683413574906588,0.4426448226775928,A,0.35,0.4,0.2499999999999999,1.0900000000000003,2.91,3.77,2.19,2.7,3.6,2.41,0.32251297856632255,0.24894237868116675,0.4285446427525108,0.34839176002891215,0.2612938200216841,0.39031441994940363
2025-11-22,Serie A,Napoli,Atalanta,H,0.5141181901144529,0.2365272006749611,0.2493546092105859,H,0.35,0.4,0.2499999999999999,1.0900000000000003,2.19,3.25,3.4,2.31,3.08,3.29,0.4314131219864525,0.2907060729693326,0.277880805044215,0.4078091106290673,0.30585683297180044,0.28633405639913234
2025-11-22,Ligue 1,Rennes,Monaco,H,0.3599361740989437,0.2497988850980837,0.3902649408029725,A,0.35,0.4,0.2499999999999999,1.0900000000000003,2.64,3.66,2.42,2.43,3.64,2.68,0.35559088500264974,0.2564917859035506,0.3879173290937997,0.388455289732726,0.2593259214424517,0.35221878882482244
2025-11-23,Premier League,Leeds,Aston Villa,A,0.18975701867944,0.236146153051722,0.5740968282688378,A,0.35,0.4,0.2499999999999999,1.0900000000000003,3.04,3.25,2.37,3.22,3.3,2.27,0.31074380832119675,0.2906649776296733,0.39859121404912995,0.2946150457791901,0.28747286285120977,0.4179120913696001
2025-11-23,La Liga,Betis,Girona,D,0.6079202509084143,0.2279770692473505,0.164102679844235,H,0.35,0.4,0.2499999999999999,1.0900000000000003,1.53,4.35,5.46,1.5,4.52,5.83,0.6127661550607193,0.21552464764204612,0.17170919729723452,0.6292678966296213,0.20882784180186553,0.16190426156851323
2025-11-23,Ligue 1,Brest,Metz,H,0.5784483273309149,0.2401680210766874,0.1813836515923976,H,0.35,0.4,0.2499999999999999,1.0900000000000003,1.78,3.56,4.26,1.8,3.73,4.21,0.5214198286413708,0.2607099143206854,0.2178702570379437,0.5235253523051946,0.25263958020089816,0.2238350674939074
2025-11-23,Serie A,Lazio,Lecce,H,0.6120575885594689,0.2318659478367855,0.1560764636037454,H,0.35,0.4,0.2499999999999999,1.0900000000000003,1.61,3.7,5.83,1.79,3.16,5.35,0.5843534890272875,0.25427273441457643,0.16137377655813598,0.5260292044842854,0.29797223924900973,0.17599855626670485
2025-11-23,Serie A,Verona,Parma,A,0.4138111812175363,0.2899372306657882,0.2962515881166753,H,0.35,0.4,0.2499999999999999,1.0900000000000003,2.29,3.05,3.36,2.19,3.0,3.71,0.4111221210820439,0.30867857615668215,0.2801993027612739,0.43097940359885234,0.31461496462716215,0.25440563177398556
2025-11-23,Serie A,Cremonese,Roma,A,0.195326253117155,0.2318968519690304,0.5727768949138144,A,0.35,0.4,0.2499999999999999,1.0900000000000003,5.62,3.74,1.62,5.41,3.5,1.69,0.16745342988226192,0.2516278812669283,0.5809186888508098,0.17400692497550962,0.2689649897478591,0.5570280852766314
2025-11-23,Ligue 1,Toulouse,Angers,A,0.5161256916322221,0.2860438615835661,0.1978304467842116,H,0.35,0.4,0.2499999999999999,1.0900000000000003,1.6,3.79,5.64,1.66,3.67,5.45,0.5862174881251441,0.24747967836417692,0.16630283351067918,0.5691833116585612,0.25745076222158353,0.17336592611985532
2025-11-23,Ligue 1,Auxerre,Lyon,D,0.2172273995271141,0.2233156113161745,0.5594569891567113,A,0.35,0.4,0.2499999999999999,1.0900000000000003,3.72,3.43,1.98,3.86,3.41,1.97,0.2523126992264996,0.27364525980250104,0.47404204097099933,0.24441776273899837,0.2766723062089541,0.4789099310520475
2025-11-23,Premier League,Arsenal,Tottenham,H,0.7148292264961911,0.1752987593730701,0.1098720141307386,H,0.35,0.4,0.2499999999999999,1.0900000000000003,1.39,4.66,8.03,1.47,4.29,7.15,0.6796321757245423,0.20272290220109734,0.11764492207436036,0.6458897922312556,0.22131887985546522,0.13279132791327913
2025-11-23,Ligue 1,Nantes,Lorient,D,0.467175493980828,0.2635550843192302,0.2692694216999417,H,0.35,0.4,0.2499999999999999,1.0900000000000003,2.56,3.3,2.7,2.95,3.29,2.4,0.36711990111248455,0.28479604449938195,0.34808405438813345,0.3199157263537467,0.2868545266697729,0.3932297469764804
2025-11-23,La Liga,Getafe,Ath Madrid,A,0.1850703405547781,0.2297999575547197,0.5851297018905021,A,0.35,0.4,0.2499999999999999,1.0900000000000003,5.1,3.41,1.74,4.89,3.25,1.83,0.18427623732856296,0.27560375670840787,0.5401200059630292,0.19317152072026425,0.29064884194525914,0.5161796373344766
2025-11-23,Serie A,Inter,Milan,A,0.5631324318555453,0.2328183109094835,0.204049257234971,H,0.35,0.4,0.2499999999999999,1.0900000000000003,1.91,3.44,3.95,2.04,3.13,3.89,0.4904901652895545,0.27233610921600265,0.2371737254944428,0.4595210688204102,0.2994961598701715,0.2409827713094182
2025-11-23,Bundesliga,RB Leipzig,Werder Bremen,H,0.5972183360882832,0.2248484584098843,0.1779332055018323,H,0.35,0.4,0.2499999999999999,1.0900000000000003,1.43,5.0,5.94,1.51,4.72,5.34,0.6549900538547379,0.187327155402455,0.15768279074280722,0.6239522321848526,0.19961183699134058,0.17643593082380665
2025-11-23,Bundesliga,St Pauli,Union Berlin,A,0.3016791153988005,0.2700716268793008,0.4282492577218986,A,0.35,0.4,0.2499999999999999,1.0900000000000003,2.43,3.21,2.91,2.63,2.97,2.9,0.38579340593985795,0.2920492138423224,0.32215738021781953,0.3581125187621357,0.3171164728432379,0.32477100839462647
2025-11-23,Ligue 1,Lille,Paris FC,H,0.6383323436402265,0.2051346725047408,0.1565329838550326,H,0.35,0.4,0.2499999999999999,1.0900000000000003,1.6,4.08,5.08,1.66,3.91,4.95,0.5857827620511892,0.22971873021615263,0.18449850773265802,0.5682121771705209,0.24123586038441552,0.19055196244506356
2025-11-23,La Liga,Elche,Real Madrid,D,0.10227685904696,0.1855516069505254,0.7121715340025145,A,0.35,0.4,0.2499999999999999,1.0900000000000003,7.48,5.27,1.35,6.8,5.13,1.4,0.12562663224566983,0.17830876834869272,0.6960645994056374,0.13922382041639206,0.18454619470398947,0.6762299848796185
2025-11-23,La Liga,Oviedo,Vallecano,D,0.3422584219819048,0.2859303347349024,0.3718112432831925,A,0.35,0.4,0.2499999999999999,1.0900000000000003,3.35,3.23,2.19,3.44,3.18,2.2,0.2803608302583757,0.290776712497077,0.42886245724454736,0.2743185168919979,0.2967470748768782,0.4289344082311239
2025-11-24,La Liga,Espanol,Sevilla,H,0.4309202705352919,0.2879241960488874,0.2811555334158204,H,0.35,0.4,0.2499999999999999,1.0900000000000003,2.07,3.29,3.59,1.82,3.63,4.3,0.45335416290825903,0.285241069063859,0.26140476802788193,0.5195795164039199,0.26050543246697916,0.219915051129101
2025-11-24,Serie A,Torino,Como,A,0.396252937745485,0.2872138794390114,0.3165331828155034,H,0.35,0.4,0.2499999999999999,1.0900000000000003,3.42,3.19,2.18,3.52,3.1,2.22,0.27465678762697676,0.2944596281141883,0.43088358425883505,0.26873994470564344,0.3051498726980209,0.4261101825963355
2025-11-24,Premier League,Man United,Everton,A,0.4912033260774298,0.2502354606910938,0.2585612132314763,H,0.35,0.4,0.2499999999999999,1.0900000000000003,1.74,3.83,4.49,1.86,3.69,4.09,0.5429365242237201,0.24666045748022794,0.2104030182960519,0.5105081030616075,0.25732928772211117,0.2321626092162812
2025-11-24,Serie A,Sassuolo,Pisa,D,0.4125911600997192,0.2942733041303149,0.2931355357699658,H,0.35,0.4,0.2499999999999999,1.0900000000000003,2.04,3.22,3.8,1.99,3.2,4.07,0.46074828292565373,0.2919026388721533,0.24734907820219304,0.4737498772338885,0.29461320490482445,0.231636917861287
2025-11-28,La Liga,Getafe,Elche,H,0.4616561412668519,0.2704334914585552,0.2679103672745927,H,0.35,0.4,0.2499999999999999,1.0900000000000003,2.19,2.91,3.84,2.24,2.89,3.74,0.4304982490204916,0.32398321833500915,0.24551853264449913,0.4212269776069962,0.3264873459652842,0.2522856764277196
2025-11-28,Bundesliga,M'gladbach,RB Leipzig,D,0.2546377099113466,0.2456259488314243,0.4997363412572289,A,0.35,0.4,0.2499999999999999,1.0900000000000003,2.84,3.8,2.24,2.81,3.76,2.27,0.3316501464995948,0.24786484633127606,0.42048500716912907,0.3349830255695756,0.25034635687513496,0.4146706175552896
2025-11-28,Ligue 1,Metz,Rennes,A,0.2561558182994681,0.2676722104308423,0.4761719712696895,A,0.35,0.4,0.2499999999999999,1.0900000000000003,3.78,3.75,1.88,3.63,3.79,1.91,0.24884050911709274,0.2508312331900294,0.5003282576928778,0.2591810210562873,0.24823934206710369,0.4925796368766089
2025-11-28,Serie A,Como,Sassuolo,H,0.5677440405072791,0.2445782968910202,0.1876776626017006,H,0.35,0.4,0.2499999999999999,1.0900000000000003,1.69,3.76,4.93,1.79,3.5,4.62,0.5579524966213064,0.2507818402367042,0.19126566314198945,0.5266277585263541,0.269332482217764,0.20403975925588183
2025-11-29,Ligue 1,Paris FC,Auxerre,D,0.4987448080830933,0.2589086985344802,0.2423464933824264,H,0.35,0.4,0.2499999999999999,1.0900000000000003,1.79,3.68,4.27,1.88,3.55,4.08,0.5247644778103199,0.255252286760998,0.21998323542868212,0.5024212235156997,0.26607095780549733,0.23150781867880282
2025-11-29,La Liga,Mallorca,Osasuna,D,0.4128193145633084,0.2755837257565605,0.311596959680131,H,0.35,0.4,0.2499999999999999,1.0900000000000003,2.34,3.03,3.3,2.39,3.04,3.2,0.40300348229831695,0.3112304120719675,0.2857661056297156,0.39477955976884616,0.3103694565287968,0.29485098370235696
2025-11-29,Bundesliga,Union Berlin,Heidenheim,A,0.6105899710747538,0.2247177875270042,0.1646922413982418,H,0.35,0.4,0.2499999999999999,1.0900000000000003,1.64,3.87,5.02,1.58,3.84,6.0,0.5712765018966683,0.2420913341370894,0.18663216396624227,0.5970891901977857,0.24567732305013062,0.1572334867520836
2025-11-29,Serie A,Genoa,Verona,H,0.4877548079663805,0.2760536108198,0.2361915812138192,H,0.35,0.4,0.2499999999999999,1.0900000000000003,2.04,3.01,4.13,2.02,2.88,4.5,0.4604713874555967,0.3120802758835274,0.22744833666087585,0.4650561942901434,0.3261852473840589,0.2087585583257977
2025-11-29,La Liga,Barcelona,Alaves,H,0.8029695338440294,0.1379887491116718,0.0590417170442987,H,0.35,0.4,0.2499999999999999,1.0900000000000003,1.19,7.14,12.97,1.25,6.14,10.02,0.7946492392525273,0.1324415398754212,0.07290922087205146,0.7528229576079135,0.15326200277034072,0.0939150396217457
2025-11-29,Serie A,Parma,Udinese,A,0.4039720425337798,0.2680200172040761,0.328007940262144,H,0.35,0.4,0.2499999999999999,1.0900000000000003,2.64,3.09,2.8,2.7,3.03,2.77,0.3574970249900833,0.30543435144783815,0.3370686235620785,0.34894046921186866,0.31093705177295233,0.3401224790151789
2025-11-29,Bundesliga,Leverkusen,Dortmund,A,0.589005202435038,0.2087703101687662,0.2022244873961956,H,0.35,0.4,0.2499999999999999,1.0900000000000003,2.47,3.62,2.59,2.66,3.54,2.49,0.37936434077161185,0.25884804467013295,0.3617876145582553,0.3546494785631518,0.2664880262649672,0.37886249517188103
2025-11-29,Ligue 1,Monaco,Paris SG,H,0.2326337310544642,0.2216223849070774,0.5457438840384582,A,0.35,0.4,0.2499999999999999,1.0900000000000003,4.95,4.47,1.57,4.42,4.32,1.66,0.19010507667427853,0.21051904463930177,0.5993758786864196,0.21341078719630507,0.21835085171473803,0.568238361088957
2025-11-29,Serie A,Milan,Lazio,H,0.5123477085839564,0.2630117435360893,0.224640547879954,H,0.35,0.4,0.2499999999999999,1.0900000000000003,1.61,3.78,5.72,1.66,3.67,5.38,0.5856877393909515,0.24945959270355347,0.16485266790549513,0.5679022998423819,0.2568713399832028,0.17522636017441526
2025-11-29,Serie A,Juventus,Cagliari,H,0.6886782452286627,0.2005925168342136,0.1107292379371235,H,0.35,0.4,0.2499999999999999,1.0900000000000003,1.31,4.92,10.14,1.22,6.18,12.97,0.7166139499607856,0.1908057468391523,0.09258030320006205,0.7743089097892532,0.15285709869626035,0.07283399151448641
2025-11-29,Bundesliga,Werder Bremen,FC Koln,D,0.5123722920967704,0.2550871522210139,0.2325405556822157,H,0.35,0.4,0.2499999999999999,1.0900000000000003,2.21,3.74,2.89,2.18,3.71,2.99,0.4245175936435869,0.25085130533484673,0.3246311010215664,0.43164882543610816,0.25363731521582633,0.3147138593480655
2025-11-29,Premier League,Brentford,Burnley,H,0.6538550209450328,0.2118254519016547,0.1343195271533124,H,0.35,0.4,0.2499999999999999,1.0900000000000003,1.45,4.54,6.96,1.48,4.36,6.61,0.654571668869398,0.20905923344947733,0.13636909768112457,0.6396509170972496,0.2171292103908095,0.1432198725119409
2025-11-29,La Liga,Levante,Ath Bilbao,A,0.2671902106633148,0.2478957987861004,0.4849139905505847,A,0.35,0.4,0.2499999999999999,1.0900000000000003,3.41,3.36,2.14,3.78,3.33,2.02,0.27713583139978565,0.28125987650990153,0.4416042920903127,0.249599251936949,0.2833288805770772,0.46707186748597385
2025-11-29,Premier League,Tottenham,Fulham,A,0.4220539859423303,0.267527658791571,0.3104183552660985,H,0.35,0.4,0.2499999999999999,1.0900000000000003,2.18,3.39,3.33,2.34,3.35,3.04,0.43521356449728776,0.279871849735719,0.28491458576699324,0.40514628072213427,0.2829977005641176,0.3118560187137481
2025-11-29,Premier League,Everton,Newcastle,A,0.3931475980955023,0.2651553660262162,0.3416970358782813,H,0.35,0.4,0.2499999999999999,1.0900000000000003,2.79,3.31,2.55,2.68,3.3,2.65,0.34048140573378677,0.28699187975748186,0.3725267145087315,0.3541776355757158,0.2876351707099753,0.35818719371430885
2025-11-29,Bundesliga,Bayern Munich,St Pauli,H,0.8943064248654813,0.0767000931276193,0.0289934820068991,H,0.35,0.4,0.2499999999999999,1.0900000000000003,1.09,9.91,21.25,1.11,9.52,20.94,0.8611157795134692,0.094714046384428,0.04417017410210266,0.8549893334774407,0.09968888236974362,0.04532178415281563
2025-11-29,La Liga,Ath Madrid,Oviedo,H,0.7391397377307637,0.1784659170983417,0.0823943451708946,H,0.35,0.4,0.2499999999999999,1.0900000000000003,1.21,6.16,14.78,1.23,6.03,12.5,0.7822914500671064,0.1536643919774673,0.06404415795542616,0.7678250000764005,0.15662101991608168,0.07555398000751781
2025-11-29,Premier League,Sunderland,Bournemouth,H,0.2858732487654797,0.2476392830053436,0.4664874682291766,A,0.35,0.4,0.2499999999999999,1.0900000000000003,3.04,3.3,2.35,3.14,3.3,2.3,0.31105852151939356,0.2865508804299868,0.4023905980506197,0.30150154921744654,0.2868832922856916,0.41161515849686187
2025-11-29,Bundesliga,Hoffenheim,Augsburg,H,0.5671629492084496,0.2365360073768989,0.1963010434146515,H,0.35,0.4,0.2499999999999999,1.0900000000000003,1.67,4.18,4.44,1.71,4.03,4.4,0.5631747919865512,0.2250004551716604,0.21182475284178837,0.5515859807822119,0.23404764941379214,0.214366369803996
2025-11-29,Ligue 1,Marseille,Toulouse,D,0.6796721915439781,0.1893200753364894,0.1310077331195323,H,0.35,0.4,0.2499999999999999,1.0900000000000003,1.59,4.01,5.38,1.64,3.98,5.01,0.5909998657677672,0.23433660512986285,0.1746635291023699,0.5749090342930624,0.2368971900102066,0.18819377569673099
2025-11-29,Premier League,Man City,Leeds,H,0.8107077743433908,0.1283397964633048,0.0609524291933041,H,0.35,0.4,0.2499999999999999,1.0900000000000003,1.23,6.42,11.78,1.22,6.58,11.56,0.7716031244643601,0.14783050515438675,0.08056637038125324,0.7746253396282522,0.14362354321374887,0.08175111715799893
2025-11-30,La Liga,Sociedad,Villarreal,A,0.2508390008119237,0.2594880790991969,0.4896729200888792,A,0.35,0.4,0.2499999999999999,1.0900000000000003,2.81,3.35,2.43,2.82,3.28,2.5,0.3338692412118628,0.28005151277771173,0.3860792460104256,0.33469934203007395,0.2877598001600026,0.3775408578099234
2025-11-30,Ligue 1,Lyon,Nantes,H,0.6394245971962047,0.2087669130068295,0.1518084897969656,H,0.35,0.4,0.2499999999999999,1.0900000000000003,1.44,4.44,6.78,1.38,4.75,7.95,0.6507392996108949,0.21105058365758753,0.1382101167315175,0.6830082205160206,0.19843186196044382,0.11855991752353563
2025-11-30,Bundesliga,Ein Frankfurt,Wolfsburg,D,0.6617651974676056,0.1969600915876258,0.1412747109447683,H,0.35,0.4,0.2499999999999999,1.0900000000000003,1.7,4.17,4.22,1.92,3.87,3.55,0.5523282821307957,0.2251698032667512,0.22250191460245322,0.49092546337489146,0.2435599198138996,0.2655146168112089
2025-11-30,Serie A,Pisa,Inter,A,0.1648741554978894,0.2205382402346123,0.614587604267498,A,0.35,0.4,0.2499999999999999,1.0900000000000003,9.34,5.16,1.31,11.5,6.0,1.23,0.10060515497980337,0.18210312936266732,0.7172917156575292,0.08152444076222037,0.15625517812758905,0.7622203811101905
2025-11-30,Serie A,Atalanta,Fiorentina,H,0.5062248964801737,0.2445232702035756,0.2492518333162506,H,0.35,0.4,0.2499999999999999,1.0900000000000003,1.71,3.78,4.65,1.63,3.84,5.38,0.5494134526120347,0.24854418094353956,0.20204236644442564,0.578886902526914,0.24572542997887234,0.17538766749421372
2025-11-30,La Liga,Celta,Espanol,A,0.4913468107234802,0.2726897603036388,0.2359634289728808,H,0.35,0.4,0.2499999999999999,1.0900000000000003,1.98,3.42,3.73,1.89,3.43,4.2,0.4739834135901552,0.27441144997324773,0.25160513643659715,0.4997450280469149,0.2753697093319734,0.22488526262111164
2025-11-30,Premier League,Nott'm Forest,Brighton,A,0.3588117644702932,0.2601752036377592,0.3810130318919473,A,0.35,0.4,0.2499999999999999,1.0900000000000003,2.72,3.36,2.54,2.85,3.29,2.51,0.34717521478781566,0.28104660244727936,0.37177818276490493,0.3331423799515086,0.2885883838485713,0.37826923619992014
2025-11-30,La Liga,Girona,Real Madrid,D,0.1329572762584347,0.1976285418201865,0.6694141819213785,A,0.35,0.4,0.2499999999999999,1.0900000000000003,6.6,5.05,1.4,7.19,5.42,1.36,0.14242546333601933,0.18614020950846089,0.6714343271555197,0.13134851762492114,0.17424277522567955,0.6944087071493993
2025-11-30,Bundesliga,Hamburg,Stuttgart,H,0.2066470381874351,0.2359871593501423,0.5573658024624222,A,0.35,0.4,0.2499999999999999,1.0900000000000003,3.02,3.68,2.15,2.73,3.51,2.43,0.3100483568847821,0.25444185809566355,0.4355097850195544,0.3446808510638298,0.2680851063829788,0.3872340425531915
2025-11-30,Ligue 1,Le Havre,Lille,A,0.2120677760759386,0.2479623989904784,0.5399698249335828,A,0.35,0.4,0.2499999999999999,1.0900000000000003,4.19,3.58,1.83,4.44,3.67,1.78,0.22421481691895423,0.2624190175671559,0.5133661655138897,0.21257638965721462,0.2571768855798455,0.5302467247629399
2025-11-30,Bundesliga,Freiburg,Mainz,H,0.4737108988067722,0.2681414909253335,0.2581476102678941,H,0.35,0.4,0.2499999999999999,1.0900000000000003,1.91,3.43,3.95,1.73,3.7,4.64,0.49010103348610745,0.272913403486433,0.23698556302745952,0.543356479576658,0.2540558674777346,0.2025876529456074
2025-11-30,Serie A,Roma,Napoli,A,0.4300113952515444,0.2672877492752873,0.302700855473168,H,0.35,0.4,0.2499999999999999,1.0900000000000003,2.54,2.89,3.08,2.72,2.75,3.03,0.3698815707458965,0.3250862248078122,0.3050322044462913,0.34640664169517876,0.34262766014941326,0.31096569815540803
2025-11-30,Ligue 1,Lorient,Nice,H,0.2539287529247055,0.2497412576334692,0.4963299894418251,A,0.35,0.4,0.2499999999999999,1.0900000000000003,2.43,3.31,2.84,2.37,3.38,2.91,0.38613426220686875,0.2834762106231695,0.33038952716996167,0.3975168834947924,0.2787322526280054,0.32375086387720214
2025-11-30,Ligue 1,Angers,Lens,A,0.2258054567082032,0.256932323366033,0.5172622199257637,A,0.35,0.4,0.2499999999999999,1.0900000000000003,4.56,3.74,1.73,4.79,3.85,1.69,0.20596942705978977,0.2511284993028452,0.5429020736373649,0.1969094909375936,0.24498609391975928,0.558104415142647
2025-11-30,Serie A,Lecce,Torino,H,0.3226367596141024,0.2526971797621201,0.4246660606237773,A,0.35,0.4,0.2499999999999999,1.0900000000000003,2.95,2.95,2.61,3.05,2.86,2.6,0.3194614443084455,0.3194614443084455,0.36107711138310894,0.30868861305990286,0.32919589854290343,0.3621154883971937
2025-11-30,La Liga,Sevilla,Betis,A,0.265373243399613,0.2676594460748005,0.4669673105255864,A,0.35,0.4,0.2499999999999999,1.0900000000000003,2.9,3.34,2.35,2.69,3.22,2.66,0.3223408624229979,0.27987679671457905,0.397782340862423,0.3512861736334406,0.293465778594396,0.35524804777216357
2025-11-30,Ligue 1,Strasbourg,Brest,A,0.5393485413993973,0.2385665903372131,0.2220848682633894,H,0.35,0.4,0.2499999999999999,1.0900000000000003,1.82,3.68,4.11,1.79,3.78,4.24,0.5161589756540376,0.25527427600281205,0.22856674834315044,0.5275055129513214,0.24979758417536127,0.22269690287331728
2025-11-30,Premier League,West Ham,Liverpool,A,0.2228507064865804,0.2261512666370041,0.5509980268764153,A,0.35,0.4,0.2499999999999999,1.0900000000000003,4.28,4.06,1.74,5.07,4.49,1.58,0.2215351036740633,0.23353946889778104,0.5449254274281556,0.18733479274659284,0.2115339419209857,0.6011312653324213
2025-11-30,Premier League,Chelsea,Arsenal,D,0.3225786798536134,0.2629847548174826,0.4144365653289039,A,0.35,0.4,0.2499999999999999,1.0900000000000003,3.33,3.35,2.18,3.01,3.14,2.46,0.28396564260690027,0.2822703253376053,0.4337640320554944,0.31425037835023023,0.30124001236757736,0.38450960928219224
2025-11-30,Premier League,Aston Villa,Wolves,H,0.7421772948971579,0.1668510979314124,0.0909716071714295,H,0.35,0.4,0.2499999999999999,1.0900000000000003,1.48,4.39,6.57,1.46,4.46,6.83,0.6400425181578719,0.21577743208966985,0.1441800497524582,0.6488799706892291,0.21241362269198982,0.13870640661878106
2025-11-30,Premier League,Crystal Palace,Man United,A,0.5104096551959021,0.2515502954070678,0.23804004939703,H,0.35,0.4,0.2499999999999999,1.0900000000000003,2.32,3.51,2.93,2.07,3.6,3.4,0.4077010596588319,0.26947762347820226,0.32282131686296583,0.4579124579124579,0.26329966329966326,0.27878787878787875
2025-12-01,La Liga,Vallecano,Valencia,D,0.4884127809914758,0.2588939682314564,0.2526932507770678,H,0.35,0.4,0.2499999999999999,1.0900000000000003,1.92,3.3,4.11,2.04,3.18,3.94,0.48804974415441416,0.28395621478075006,0.22799404106483578,0.4631182080283876,0.297094699489909,0.23978709248170324
2025-12-01,Serie A,Bologna,Cremonese,A,0.6894986097202762,0.1932471476740864,0.1172542426056371,H,0.35,0.4,0.2499999999999999,1.0900000000000003,1.45,4.15,7.53,1.51,4.06,6.58,0.6485249712050306,0.22659306222826364,0.12488196656670573,0.6244518620328555,0.2322468747954709,0.14330126317167352
2025-12-02,Premier League,Bournemouth,Everton,A,0.4613571207578515,0.2501300917243004,0.2885127875178479,H,0.35,0.4,0.2499999999999999,1.0900000000000003,2.2,3.29,3.38,2.17,3.4,3.34,0.43111242062169014,0.28828186181389615,0.2806057175644137,0.4370751833976091,0.27895680822729757,0.28396800837509334
2025-12-02,Premier League,Newcastle,Tottenham,D,0.5871035187001657,0.2289826794694451,0.1839138018303891,H,0.35,0.4,0.2499999999999999,1.0900000000000003,1.8,3.78,4.24,1.83,3.78,4.07,0.5261167572677853,0.2505317891751359,0.22335145355707864,0.5171276735204251,0.25035546099004713,0.23251686548952774
2025-12-02,Premier League,Fulham,Man City,A,0.2123260241005126,0.2300652404083639,0.5576087354911232,A,0.35,0.4,0.2499999999999999,1.0900000000000003,4.66,4.04,1.69,5.14,4.08,1.63,0.20363024688780593,0.2348804332913801,0.561489319820814,0.1847343596353313,0.23272907071705953,0.5825365696476091
2025-12-02,La Liga,Barcelona,Ath Madrid,H,0.5169379515391217,0.260568826616936,0.2224932218439421,H,0.35,0.4,0.2499999999999999,1.0900000000000003,1.73,4.21,4.07,1.68,4.24,4.38,0.5446659313203492,0.2238175917302148,0.2315164769494359,0.561864652918966,0.22262561719430726,0.2155097298867267
2025-12-03,Premier League,Brighton,Aston Villa,A,0.4247791894445785,0.2694630373668387,0.3057577731885825,H,0.35,0.4,0.2499999999999999,1.0900000000000003,2.15,3.48,3.33,2.25,3.42,3.17,0.44180115059531294,0.272951860281587,0.2852469891231,0.42235545738227975,0.27786543248834195,0.29977911012937836
2025-12-03,Premier League,Arsenal,Brentford,H,0.7034211418981814,0.1744867052793416,0.1220921528224768,H,0.35,0.4,0.2499999999999999,1.0900000000000003,1.35,4.97,8.94,1.43,4.53,7.43,0.7029202519209686,0.19093407245338184,0.10614567562564964,0.6630700522254421,0.2093135043448967,0.12761644342966114
2025-12-03,Premier League,Wolves,Nott'm Forest,A,0.2709800366321002,0.2624677957430735,0.4665521676248261,A,0.35,0.4,0.2499999999999999,1.0900000000000003,3.28,3.3,2.24,3.1,3.23,2.37,0.28916567565875945,0.2874131564123428,0.4234211679288978,0.3060191644246875,0.2937026036274091,0.40027823194790346
2025-12-03,La Liga,Ath Bilbao,Real Madrid,A,0.2279385423064333,0.2331592697746908,0.5389021879188757,A,0.35,0.4,0.2499999999999999,1.0900000000000003,4.17,3.87,1.79,4.19,3.63,1.83,0.22690512455166315,0.24449466909055173,0.528600206357785,0.22502820093291737,0.2597432952917145,0.5152285037753681
2025-12-03,Premier League,Burnley,Crystal Palace,A,0.2037959182316513,0.2462592167308715,0.549944865037477,A,0.35,0.4,0.2499999999999999,1.0900000000000003,4.57,3.71,1.77,4.99,3.62,1.73,0.2077392495484067,0.25589443947067886,0.5363663109809145,0.19001125637532573,0.2619215937328386,0.5480671498918356
2025-12-03,Premier League,Liverpool,Sunderland,D,0.7178031551975863,0.1713121107141312,0.1108847340882823,H,0.35,0.4,0.2499999999999999,1.0900000000000003,1.35,5.29,8.05,1.35,5.25,7.98,0.7027899032074397,0.17935092047826912,0.11785917631429112,0.7011070110701108,0.18028465998945706,0.11860832894043227
2025-12-03,Premier League,Leeds,Chelsea,H,0.179220557515951,0.2335271030087569,0.5872523394752919,A,0.35,0.4,0.2499999999999999,1.0900000000000003,4.31,3.87,1.78,3.94,3.45,1.95,0.22050505600174133,0.245575398286177,0.5339195457120816,0.2402378274144303,0.27435856232256683,0.4854036102630029
2025-12-04,Premier League,Man United,West Ham,D,0.562955327565664,0.2372813997203416,0.1997632727139942,H,0.35,0.4,0.2499999999999999,1.0900000000000003,1.43,4.81,6.59,1.4,5.03,7.21,0.6603742924464426,0.19632749234894237,0.143298215204615,0.6791149444874097,0.18901807600047188,0.1318669795121184
2025-12-05,Ligue 1,Lille,Marseille,H,0.3911704051438446,0.2649378509604422,0.343891743895713,H,0.35,0.4,0.2499999999999999,1.0900000000000003,2.35,3.49,2.86,2.34,3.46,2.9,0.4007966623701509,0.26987740875927063,0.32932592887057854,0.4027066510410814,0.27235074087749434,0.3249426080814243
2025-12-05,Ligue 1,Brest,Monaco,H,0.3632753933290721,0.249071885065349,0.3876527216055785,A,0.35,0.4,0.2499999999999999,1.0900000000000003,3.32,3.79,2.02,3.32,3.77,2.02,0.2841269252180368,0.2488921877899425,0.46698088699202084,0.2837522635646206,0.2498826299826367,0.4663651064527427
2025-12-05,La Liga,Oviedo,Mallorca,D,0.4080186063675964,0.2740776874632857,0.3179037061691178,H,0.35,0.4,0.2499999999999999,1.0900000000000003,2.62,2.97,2.93,2.6,2.94,2.97,0.3601847674471546,0.31773875108132826,0.3220764814715171,0.36234843014715035,0.32044418992605134,0.3172073799267983
2025-12-05,Bundesliga,Mainz,M'gladbach,A,0.3701896441667012,0.2922665971960022,0.3375437586372964,H,0.35,0.4,0.2499999999999999,1.0900000000000003,2.55,3.41,2.65,2.67,3.38,2.54,0.3689948753547439,0.27593458420955913,0.35507054043569697,0.35197363026615724,0.2780383410682366,0.3699880286656062
2025-12-06,Serie A,Sassuolo,Fiorentina,H,0.3645385387527363,0.264816562598554,0.3706448986487096,A,0.35,0.4,0.2499999999999999,1.0900000000000003,2.87,3.21,2.5,2.79,3.14,2.61,0.3287223453366485,0.2939044022168789,0.3773732524464726,0.3381233522706175,0.3004344435780328,0.3614422041513498
2025-12-06,Premier League,Bournemouth,Chelsea,D,0.3119646590420156,0.2545527036586589,0.4334826372993254,A,0.35,0.4,0.2499999999999999,1.0900000000000003,3.14,3.67,2.16,3.33,3.75,2.05,0.30217966409234037,0.2585406390326836,0.4392796968749762,0.28470640519971113,0.2528192878173435,0.4624743069829454
2025-12-06,Premier League,Tottenham,Brentford,H,0.3669078297254794,0.2599451379243928,0.3731470323501276,A,0.35,0.4,0.2499999999999999,1.0900000000000003,2.31,3.44,3.03,2.42,3.35,2.9,0.41086527204569373,0.27590080768184666,0.31323392027245955,0.39110305958132047,0.2825281803542673,0.3263687600644123
2025-12-06,La Liga,Villarreal,Getafe,H,0.7100779188482845,0.1906436611645559,0.0992784199871593,H,0.35,0.4,0.2499999999999999,1.0900000000000003,1.6,3.79,5.95,1.63,3.65,5.85,0.5913411740025436,0.24964271197996565,0.15901611401749072,0.5796403121818798,0.2588530709195792,0.16150661689854087
2025-12-06,Premier League,Man City,Sunderland,H,0.7921882229397799,0.1367031383367475,0.0711086387234724,H,0.35,0.4,0.2499999999999999,1.0900000000000003,1.24,6.22,11.38,1.25,6.18,10.59,0.7643389959355387,0.15237626285531639,0.0832847412091448,0.75740290040239,0.15319637953122778,0.08940072006638221
2025-12-06,Bundesliga,RB Leipzig,Ein Frankfurt,H,0.5328786368823122,0.2404693568498185,0.226652006267869,H,0.35,0.4,0.2499999999999999,1.0900000000000003,1.73,4.13,4.06,1.72,3.99,4.32,0.5420070143681411,0.22703925783459664,0.23095372779726214,0.5466793529971455,0.23566127497621311,0.21765937202664126
2025-12-06,Premier League,Leeds,Liverpool,D,0.1777823496117079,0.2210627102408246,0.6011549401474674,A,0.35,0.4,0.2499999999999999,1.0900000000000003,3.95,3.9,1.84,4.4,3.88,1.76,0.24041006398874332,0.24349224429629138,0.5160976917149653,0.21579532814238042,0.24471635150166857,0.5394883203559512
2025-12-06,Premier League,Aston Villa,Arsenal,H,0.3266000377283182,0.2443077533782192,0.4290922088934624,A,0.35,0.4,0.2499999999999999,1.0900000000000003,4.13,3.45,1.91,4.18,3.47,1.9,0.2293890964029478,0.2746020197519346,0.4960088838451175,0.22703480764197853,0.2734886155456686,0.4994765768123527
2025-12-06,Ligue 1,Paris SG,Rennes,H,0.6898232395697425,0.1871383224347292,0.1230384379955281,H,0.35,0.4,0.2499999999999999,1.0900000000000003,1.28,5.86,8.8,1.27,6.18,8.89,0.7331998726056691,0.16015287319714272,0.10664725419718822,0.7416423795645465,0.15240870906908968,0.10594891136636378
2025-12-06,La Liga,Ath Bilbao,Ath Madrid,H,0.2825425767159445,0.2525275449753166,0.4649298783087387,A,0.35,0.4,0.2499999999999999,1.0900000000000003,3.31,3.28,2.22,2.88,3.18,2.52,0.28570307534155204,0.2883162132257736,0.42598071143267446,0.3280282935455349,0.29708222811671087,0.3748894783377542
2025-12-06,Bundesliga,FC Koln,St Pauli,D,0.5438347080961332,0.2453065154847319,0.2108587764191348,H,0.35,0.4,0.2499999999999999,1.0900000000000003,1.95,3.55,3.68,1.99,3.47,3.7,0.4809572020248504,0.26418775885872064,0.25485503911642887,0.4736362529650685,0.271624248818584,0.2547394982163476
2025-12-06,La Liga,Betis,Barcelona,A,0.2492679338439511,0.2221886561570683,0.5285434099989804,A,0.35,0.4,0.2499999999999999,1.0900000000000003,4.01,4.37,1.73,3.61,4.11,1.86,0.2360974482450634,0.21664777287476067,0.5472547788801759,0.2618345475282827,0.2299811962474697,0.5081842562242476
2025-12-06,Bundesliga,Stuttgart,Bayern Munich,A,0.1698113694664397,0.192391552866236,0.6377970776673242,A,0.35,0.4,0.2499999999999999,1.0900000000000003,5.43,5.0,1.47,4.7,4.67,1.58,0.17301404591580924,0.18789325386456884,0.6390927002196218,0.20075856514735974,0.20204823473074748,0.5971932001218928
2025-12-06,Bundesliga,Augsburg,Leverkusen,H,0.1285537795188654,0.2058149917548399,0.6656312287262945,A,0.35,0.4,0.2499999999999999,1.0900000000000003,3.68,3.8,1.88,3.33,3.56,2.08,0.2547207484739574,0.2466769353642535,0.498602316161789,0.2827770564423738,0.2645077522340182,0.452715191323608
2025-12-06,Ligue 1,Toulouse,Strasbourg,H,0.3453231347136345,0.2560522298211245,0.3986246354652408,A,0.35,0.4,0.2499999999999999,1.0900000000000003,2.46,3.35,2.78,2.52,3.27,2.79,0.3817929880948477,0.28036141812338067,0.3378455937817717,0.37399003873824016,0.28821250691754285,0.33779745434421693
2025-12-06,Serie A,Verona,Atalanta,H,0.2120987127957805,0.2313252326224788,0.5565760545817404,A,0.35,0.4,0.2499999999999999,1.0900000000000003,5.08,3.85,1.66,5.49,3.68,1.65,0.185883228917625,0.24526929945494413,0.5688474716274308,0.1718472732830131,0.2563699810662342,0.5717827456507527
2025-12-06,Serie A,Inter,Como,H,0.6229330051766487,0.2233947979022118,0.1536721969211393,H,0.35,0.4,0.2499999999999999,1.0900000000000003,1.52,4.21,6.04,1.54,4.2,5.76,0.6200778377112981,0.22387608392426916,0.15604607836443266,0.6119847003824904,0.22439439014024645,0.16362090947726304
2025-12-06,Bundesliga,Heidenheim,Freiburg,H,0.256897001102475,0.2564855176818693,0.4866174812156555,A,0.35,0.4,0.2499999999999999,1.0900000000000003,3.8,3.51,1.93,4.6,3.51,1.79,0.24682015426487353,0.26721270262294006,0.4859671431121863,0.20490234126582943,0.2685329828555029,0.5265646758786677
2025-12-06,Premier League,Newcastle,Burnley,H,0.7158023739900892,0.1838011172440456,0.1003965087658649,H,0.35,0.4,0.2499999999999999,1.0900000000000003,1.28,5.72,10.39,1.3,5.53,9.5,0.7424061480345177,0.16613284431541656,0.09146100765006569,0.7289036268279823,0.17135166634292534,0.09974470682909232
2025-12-06,Ligue 1,Nantes,Lens,A,0.1995934201468479,0.2339496386561801,0.5664569411969719,A,0.35,0.4,0.2499999999999999,1.0900000000000003,4.84,3.95,1.66,4.87,3.86,1.68,0.19451547639530814,0.23834301411475728,0.5671415094899347,0.19378089085182548,0.2444852172146089,0.5617338919335656
2025-12-06,Bundesliga,Wolfsburg,Union Berlin,H,0.3886573566843533,0.2816678238091411,0.3296748195065053,H,0.35,0.4,0.2499999999999999,1.0900000000000003,2.1,3.41,3.38,2.0,3.45,3.68,0.4469997828177841,0.27527845862678785,0.277721758555428,0.4709897610921501,0.27303754266211605,0.25597269624573377
2025-12-06,Premier League,Everton,Nott'm Forest,H,0.4540931771144545,0.2785324318683412,0.2673743910172041,H,0.35,0.4,0.2499999999999999,1.0900000000000003,2.17,3.25,3.52,2.08,3.28,3.72,0.4377958661967249,0.29231293219904403,0.269891201604231,0.45593686476144923,0.2891306947267727,0.2549324405117781
2025-12-06,La Liga,Alaves,Sociedad,H,0.3577442672078131,0.2745878678507955,0.3676678649413913,A,0.35,0.4,0.2499999999999999,1.0900000000000003,2.75,2.98,2.77,2.7,2.94,2.87,0.3429827440780152,0.31651092154850397,0.3405063343734808,0.3497562674094707,0.32120473537604455,0.32903899721448465
2025-12-07,Ligue 1,Nice,Angers,A,0.5819797717205533,0.2404620100867231,0.1775582181927235,H,0.35,0.4,0.2499999999999999,1.0900000000000003,1.93,3.59,3.72,1.78,3.66,4.45,0.486281592391245,0.26142715134125427,0.2522912562675007,0.5301274623406721,0.25782155272305907,0.2120509849362688
2025-12-07,Serie A,Napoli,Juventus,H,0.4794781798821785,0.2594597125504257,0.2610621075673956,H,0.35,0.4,0.2499999999999999,1.0900000000000003,2.37,2.97,3.28,2.58,2.81,3.13,0.3967402592642369,0.31659071193812843,0.2866690287976346,0.36464003648348914,0.3347940548496093,0.3005659086669016
2025-12-07,Premier League,Brighton,West Ham,D,0.6230819317787704,0.2143035844553646,0.1626144837658647,H,0.35,0.4,0.2499999999999999,1.0900000000000003,1.55,4.32,5.63,1.6,4.24,5.16,0.6119549819973279,0.2195671810407079,0.16847783696196417,0.5926150645748461,0.22362832625465892,0.1837566091704949
2025-12-07,La Liga,Valencia,Sevilla,D,0.4661821523312168,0.2799808780908545,0.2538369695779285,H,0.35,0.4,0.2499999999999999,1.0900000000000003,2.12,3.33,3.41,1.99,3.32,3.91,0.44280360784741907,0.2819049995905491,0.2752913925620318,0.4743047765894866,0.28429714018466223,0.24139808322585127
2025-12-07,Bundesliga,Dortmund,Hoffenheim,H,0.5923561502368291,0.2298758756792159,0.1777679740839549,H,0.35,0.4,0.2499999999999999,1.0900000000000003,1.58,4.41,4.84,1.6,4.44,4.69,0.5935694143951233,0.21266205776514624,0.19376852783973036,0.5877126632723332,0.2117883471251651,0.20049898960250173
2025-12-07,La Liga,Espanol,Vallecano,H,0.4288519598069246,0.2830368334986801,0.2881112066943951,H,0.35,0.4,0.2499999999999999,1.0900000000000003,2.25,3.19,3.18,2.36,3.12,3.1,0.41444312346027035,0.29231881748765154,0.2932380590520781,0.39718781825946986,0.30043693945267586,0.3023752422878544
2025-12-07,Bundesliga,Hamburg,Werder Bremen,H,0.2969069829821817,0.2756617080125948,0.4274313090052234,A,0.35,0.4,0.2499999999999999,1.0900000000000003,2.25,3.53,2.96,2.36,3.47,2.87,0.41709611876429564,0.2658544666344661,0.31704941460123826,0.3996139848242267,0.271783574693134,0.3286024404826393
2025-12-07,La Liga,Elche,Girona,H,0.382847670588921,0.280115780440947,0.3370365489701319,H,0.35,0.4,0.2499999999999999,1.0900000000000003,2.12,3.41,3.34,2.09,3.27,3.62,0.4431776617352935,0.275523942193203,0.2812983960715037,0.45116341114816577,0.28835826584087654,0.2604783230109576
2025-12-07,La Liga,Real Madrid,Celta,A,0.7744755326485466,0.1425069497521466,0.0830175175993066,H,0.35,0.4,0.2499999999999999,1.0900000000000003,1.29,5.65,8.81,1.26,6.19,9.81,0.7274086327760233,0.1660809090762956,0.10651045814768105,0.7507538583080193,0.1528190406248957,0.09642710106708505
2025-12-07,Serie A,Cremonese,Lecce,H,0.4727034187371973,0.2794291116053463,0.2478674696574562,H,0.35,0.4,0.2499999999999999,1.0900000000000003,2.43,3.01,3.15,2.35,3.02,3.28,0.3877866529245039,0.3130636433908786,0.29914970368461735,0.40086440636811727,0.3119309122400913,0.28720468139179134
2025-12-07,Serie A,Lazio,Bologna,D,0.4115865973190911,0.2664857105997861,0.3219276920811227,H,0.35,0.4,0.2499999999999999,1.0900000000000003,2.6,3.02,2.87,2.31,2.99,3.42,0.3614217685372831,0.3111578139724954,0.3274204174902216,0.40849442134151454,0.31559268003307644,0.2759128986254089
2025-12-07,Ligue 1,Le Havre,Paris FC,D,0.3977537497732027,0.2718923628398244,0.3303538873869729,H,0.35,0.4,0.2499999999999999,1.0900000000000003,2.66,3.28,2.61,2.78,3.19,2.58,0.3533403224341882,0.2865503834374819,0.3601092941283298,0.3390988348138504,0.2955155989913806,0.365385566194769
2025-12-07,Serie A,Cagliari,Roma,H,0.1745947981418203,0.2238371961352703,0.6015680057229092,A,0.35,0.4,0.2499999999999999,1.0900000000000003,5.26,3.6,1.68,5.86,3.54,1.64,0.17882486517172863,0.26128299744535904,0.5598921373829122,0.16055132133494096,0.26577139633411134,0.5736772823309476
2025-12-07,Premier League,Fulham,Crystal Palace,A,0.3708515784499337,0.2699877409036847,0.3591606806463815,H,0.35,0.4,0.2499999999999999,1.0900000000000003,2.57,3.27,2.77,2.49,3.32,2.85,0.3684964219896097,0.28961339587562596,0.34189018213476424,0.38114343029087255,0.2858575727181545,0.3329989969909729
2025-12-07,Ligue 1,Auxerre,Metz,H,0.4446806260467292,0.2894886564590014,0.2658307174942692,H,0.35,0.4,0.2499999999999999,1.0900000000000003,1.99,3.43,3.7,2.0,3.45,3.73,0.4721406860939668,0.2739241881419807,0.2539351257640524,0.4726114181831537,0.2739776337293645,0.2534109480874819
2025-12-07,Ligue 1,Lorient,Lyon,H,0.2331751080804855,0.2457158917177848,0.5211090002017295,A,0.35,0.4,0.2499999999999999,1.0900000000000003,3.11,3.46,2.22,3.65,3.35,2.05,0.30305373628974985,0.2723980115205555,0.4245482521896945,0.2583952591477754,0.2815351331013075,0.4600696077509172
2025-12-08,La Liga,Osasuna,Levante,H,0.5068695642480281,0.2616890597333353,0.2314413760186364,H,0.35,0.4,0.2499999999999999,1.0900000000000003,1.74,3.64,4.59,1.68,3.83,4.89,0.5384719509601068,0.25740142710730374,0.2041266219325895,0.5611040706087488,0.24612397875266262,0.19277195063858854
2025-12-08,Serie A,Pisa,Parma,A,0.4898521519508048,0.2712300580135505,0.2389177900356445,H,0.35,0.4,0.2499999999999999,1.0900000000000003,2.38,2.99,3.23,2.49,3.02,3.06,0.3948154840503162,0.314267843491556,0.29091667245812775,0.37904218142442286,0.3125215336909977,0.3084362848845794
2025-12-08,Serie A,Torino,Milan,A,0.2407471339669508,0.2411651228754596,0.5180877431575894,A,0.35,0.4,0.2499999999999999,1.0900000000000003,4.53,3.5,1.79,5.47,3.71,1.64,0.20725337179567763,0.2682450783526913,0.524501549851631,0.17212416793733326,0.25377875973509784,0.5740970723275689
2025-12-08,Serie A,Udinese,Genoa,A,0.4349065404255253,0.279699595613984,0.2853938639604905,H,0.35,0.4,0.2499999999999999,1.0900000000000003,2.42,3.02,3.13,2.44,2.85,3.33,0.38842683147323265,0.311255937803054,0.3003172307237134,0.38626845260625897,0.3307000085471129,0.2830315388466282
2025-12-08,Premier League,Wolves,Man United,A,0.2442770823826482,0.2487379778164214,0.5069849398009303,A,0.35,0.4,0.2499999999999999,1.0900000000000003,4.22,3.9,1.77,5.04,4.09,1.64,0.22390238206445584,0.24227385956718045,0.5338237583683636,0.18848561826295146,0.23226589634358813,0.5792484853934605
2025-12-12,Serie A,Lecce,Pisa,H,0.3886476670025238,0.2931857129396262,0.3181666200578498,H,0.35,0.4,0.2499999999999999,1.0900000000000003,2.47,2.83,3.3,2.46,2.81,3.32,0.3814935396505733,0.33296432612611876,0.2855421342233079,0.38220328567331724,0.3345978942193454,0.2831988201073375
2025-12-12,La Liga,Sociedad,Girona,A,0.5014363334627758,0.2622076677090475,0.2363559988281766,H,0.35,0.4,0.2499999999999999,1.0900000000000003,1.72,3.73,4.73,1.78,3.62,4.5,0.5480165620408709,0.2527046881260852,0.19927874983304392,0.5298663786934517,0.2605420315122497,0.20959158979429862
2025-12-12,Bundesliga,Union Berlin,RB Leipzig,H,0.2175990121500555,0.2431479517479665,0.5392530361019778,A,0.35,0.4,0.2499999999999999,1.0900000000000003,3.22,3.38,2.19,3.03,3.32,2.32,0.2921429022480424,0.2783136524374842,0.42954344531447336,0.3106858774746285,0.28354765323738684,0.40576646928798465
2025-12-12,Ligue 1,Angers,Nantes,H,0.4631273682903456,0.2798733837376622,0.256999247971992,H,0.35,0.4,0.2499999999999999,1.0900000000000003,2.11,3.16,3.64,2.15,3.15,3.58,0.4449602327236717,0.2971095224832111,0.2579302447931173,0.4380012817276135,0.29895325578233933,0.2630454624900472
2025-12-13,La Liga,Barcelona,Osasuna,H,0.8037804659503296,0.1338879914331154,0.0623315426165548,H,0.35,0.4,0.2499999999999999,1.0900000000000003,1.2,7.34,11.63,1.18,7.52,12.91,0.7894721266052704,0.12906901252402242,0.08145886087070717,0.8010786315110248,0.12570116824242142,0.07322020024655376
2025-12-13,Premier League,Burnley,Fulham,A,0.2690189819575304,0.246348390861432,0.4846326271810375,A,0.35,0.4,0.2499999999999999,1.0900000000000003,3.93,3.48,1.95,3.88,3.41,1.99,0.24127227928706282,0.27247128091901057,0.4862564397939267,0.244643610367043,0.27836281766103416,0.4769935719719229
2025-12-13,La Liga,Ath Madrid,Valencia,H,0.6855202195483509,0.1976953492924616,0.1167844311591874,H,0.35,0.4,0.2499999999999999,1.0900000000000003,1.29,5.21,10.58,1.29,5.48,9.56,0.7301780744434098,0.18079265182955828,0.08902927372703201,0.7297465956451001,0.1717834139383539,0.09846999041654594
2025-12-13,Ligue 1,Paris FC,Toulouse,A,0.3680353003207678,0.2846672901007916,0.3472974095784404,H,0.35,0.4,0.2499999999999999,1.0900000000000003,2.39,3.3,2.91,2.7,3.16,2.68,0.3928426788409853,0.2845133340696833,0.32264398708933156,0.34941906522313176,0.2985542645893847,0.35202667018748346
2025-12-13,Serie A,Atalanta,Cagliari,H,0.6088571603689128,0.2223101375853258,0.1688327020457612,H,0.35,0.4,0.2499999999999999,1.0900000000000003,1.32,5.14,9.23,1.33,5.07,9.09,0.7143769217564666,0.18345866473123268,0.10216441351230075,0.7099035568884966,0.18622716581098628,0.10386927730051712
2025-12-13,La Liga,Mallorca,Elche,H,0.435425205997984,0.2881773630228747,0.2763974309791411,H,0.35,0.4,0.2499999999999999,1.0900000000000003,2.42,3.07,3.1,2.5,2.98,3.06,0.3892688274079285,0.30685034603491435,0.3038808265571571,0.37651741622210844,0.3158703156225742,0.30761226815531734
2025-12-13,Ligue 1,Metz,Paris SG,A,0.0914480776035467,0.1728256549241796,0.7357262674722735,A,0.35,0.4,0.2499999999999999,1.0900000000000003,10.09,6.31,1.24,10.03,6.34,1.24,0.09314329453751552,0.14894070394350742,0.7579160015189772,0.0937143129611749,0.14825781687706371,0.7580278701617614
2025-12-13,Ligue 1,Rennes,Brest,H,0.4525915888650123,0.2653392066716992,0.2820692044632885,H,0.35,0.4,0.2499999999999999,1.0900000000000003,1.82,3.7,4.06,1.84,3.71,4.01,0.5154193486405994,0.253530598520511,0.23105005283888944,0.5115587358460073,0.2537110711473459,0.23473019300664674
2025-12-13,Premier League,Liverpool,Brighton,H,0.5485624730547709,0.231987689721578,0.2194498372236508,H,0.35,0.4,0.2499999999999999,1.0900000000000003,1.67,4.17,4.62,1.74,3.98,4.37,0.567552519244536,0.22729321514109713,0.20515426561436687,0.5448536414214826,0.23820234574708035,0.21694401283143702
2025-12-13,Bundesliga,Hoffenheim,Hamburg,H,0.5752770507985379,0.2361426776331779,0.1885802715682841,H,0.35,0.4,0.2499999999999999,1.0900000000000003,1.71,4.06,4.21,1.68,4.13,4.42,0.5472381324377367,0.2304869966671256,0.22227487089513773,0.5596377526932486,0.22764925533284688,0.21271299197390445
2025-12-13,Bundesliga,M'gladbach,Wolfsburg,A,0.4944360254763926,0.2684438872594185,0.2371200872641887,H,0.35,0.4,0.2499999999999999,1.0900000000000003,1.96,3.75,3.47,1.99,3.67,3.46,0.4790400424095392,0.25037826216605247,0.2705816954244083,0.4722820406963986,0.25608753705336057,0.27163042225024087
2025-12-13,Bundesliga,Leverkusen,FC Koln,H,0.7378007609068197,0.1580554947486599,0.1041437443445202,H,0.35,0.4,0.2499999999999999,1.0900000000000003,1.53,4.44,5.28,1.74,4.11,4.11,0.6118575589589401,0.2108428074790942,0.1772996335619656,0.5415019762845851,0.22924901185770752,0.22924901185770752
2025-12-13,La Liga,Getafe,Espanol,A,0.3832212303612948,0.2849917142982698,0.3317870553404353,H,0.35,0.4,0.2499999999999999,1.0900000000000003,2.52,2.85,3.18,2.6,2.77,3.18,0.373599465756474,0.3303405802478297,0.2960599539956964,0.3628133417907128,0.34054681900933337,0.2966398391999539
2025-12-13,Bundesliga,St Pauli,Heidenheim,H,0.4253058643122352,0.2834006436790428,0.2912934920087217,H,0.35,0.4,0.2499999999999999,1.0900000000000003,1.94,3.33,3.96,1.85,3.39,4.37,0.4825133372851215,0.2811038661661068,0.23638279654877165,0.5078555928461482,0.27714833237916653,0.21499607477468521
2025-12-13,Serie A,Parma,Lazio,A,0.2336805116544628,0.255674397107172,0.5106450912383651,A,0.35,0.4,0.2499999999999999,1.0900000000000003,3.62,3.25,2.09,3.78,3.16,2.08,0.26001691976128594,0.2896188460110323,0.45036423422768185,0.24915845337376802,0.2980439727065958,0.45279757391963604
2025-12-13,Premier League,Chelsea,Everton,H,0.5330496306448518,0.2479497265346971,0.2190006428204509,H,0.35,0.4,0.2499999999999999,1.0900000000000003,1.66,3.9,5.09,1.71,3.84,4.77,0.5708509708291156,0.24297759271188,0.1861714364590043,0.5543842445043718,0.24687423388085314,0.19874152161477485
2025-12-13,Bundesliga,Ein Frankfurt,Augsburg,H,0.5714833754279598,0.2474436445024885,0.1810729800695514,H,0.35,0.4,0.2499999999999999,1.0900000000000003,1.68,4.06,4.39,1.83,3.69,4.08,0.5566437847055222,0.230335359188492,0.21302085610598576,0.5142804439388815,0.2550496510591202,0.23066990500199835
2025-12-13,Serie A,Torino,Cremonese,H,0.4608684654196737,0.2667202338902354,0.2724113006900907,H,0.35,0.4,0.2499999999999999,1.0900000000000003,1.96,3.21,4.15,1.99,3.36,3.84,0.4801042271084186,0.293147752377726,0.2267480205138555,0.4738233738762559,0.2806275339326635,0.24554909219108056
2025-12-13,Premier League,Arsenal,Wolves,H,0.8464446884221966,0.1059530163694961,0.0476022952083072,H,0.35,0.4,0.2499999999999999,1.0900000000000003,1.12,8.62,22.31,1.12,8.9,22.31,0.8473627672239902,0.11009817857202658,0.04253905420398338,0.8503080326592558,0.10700505579532209,0.042686911545422083
2025-12-14,Premier League,Crystal Palace,Man City,A,0.2662682595049462,0.2336598300279225,0.5000719104671312,A,0.35,0.4,0.2499999999999999,1.0900000000000003,3.98,3.81,1.83,4.01,3.73,1.85,0.23699587008616732,0.24757048896140316,0.5154336409524295,0.23570259903061522,0.2533960917192405,0.5109013092501442
2025-12-14,Ligue 1,Strasbourg,Lorient,D,0.5561545733755258,0.2485956095857976,0.1952498170386765,H,0.35,0.4,0.2499999999999999,1.0900000000000003,1.72,3.76,4.54,1.76,3.73,4.41,0.5445729015134114,0.24911313579868818,0.20631396268790034,0.5344898735040958,0.25219897516547146,0.21331115133043274
2025-12-14,Premier League,Brentford,Leeds,D,0.574192664729404,0.2362402286097589,0.1895671066608369,H,0.35,0.4,0.2499999999999999,1.0900000000000003,1.94,3.54,3.85,2.14,3.25,3.56,0.48734874274108203,0.2670781245530223,0.2455731327058958,0.442559116258788,0.29140815655194047,0.26603272718927146
2025-12-14,La Liga,Sevilla,Oviedo,H,0.439407973552091,0.2912544676381341,0.2693375588097748,H,0.35,0.4,0.2499999999999999,1.0900000000000003,1.88,3.32,4.3,2.05,3.05,3.89,0.49913291564108303,0.28264153054374586,0.2182255538151712,0.45472663511105144,0.30563593507464115,0.23963742981430727
2025-12-14,Premier League,Sunderland,Newcastle,H,0.2371538295767487,0.2443693047155858,0.5184768657076653,A,0.35,0.4,0.2499999999999999,1.0900000000000003,3.26,3.33,2.22,3.41,3.35,2.16,0.29006968641114983,0.28397212543554007,0.42595818815331005,0.2780392774667532,0.28301908542138166,0.438941637111865
2025-12-14,Bundesliga,Freiburg,Dortmund,D,0.3106520136038455,0.2453009461323274,0.444047040263827,A,0.35,0.4,0.2499999999999999,1.0900000000000003,3.25,3.44,2.12,3.65,3.5,1.99,0.2875392306843093,0.27165770340814105,0.4408030659075496,0.25792952765382265,0.2689836502675579,0.4730868220786194
2025-12-14,La Liga,Alaves,Real Madrid,A,0.1541556268991371,0.2151110558912278,0.6307333172096349,A,0.35,0.4,0.2499999999999999,1.0900000000000003,5.4,3.94,1.6,5.73,4.05,1.56,0.1740474875759249,0.23854224185532852,0.5874102705687465,0.16426047687015938,0.23239815616444773,0.6033413669653931
2025-12-14,Serie A,Bologna,Juventus,A,0.4261842513277046,0.2563636105284105,0.3174521381438847,H,0.35,0.4,0.2499999999999999,1.0900000000000003,2.87,3.16,2.51,3.27,3.17,2.27,0.327691131814332,0.297618211489599,0.37469065669606894,0.28801226350526526,0.2970978238682074,0.4148899126265275
2025-12-14,Ligue 1,Lyon,Le Havre,H,0.6228559964276532,0.2247648568765043,0.1523791466958422,H,0.35,0.4,0.2499999999999999,1.0900000000000003,1.57,3.92,5.76,1.61,3.94,5.38,0.5977001757692552,0.2393850193769721,0.16291480485377266,0.5855191920977615,0.23926038052725787,0.1752204273749807
2025-12-14,Ligue 1,Marseille,Monaco,H,0.5559097701394303,0.2211470430324482,0.2229431868281213,H,0.35,0.4,0.2499999999999999,1.0900000000000003,1.86,3.89,3.67,2.01,3.59,3.5,0.5037882129586173,0.24088588074627973,0.2553259062951031,0.468565291487513,0.26234435540108664,0.2690903531114003
2025-12-14,Premier League,Nott'm Forest,Tottenham,H,0.45388969367163,0.2580912301576469,0.2880190761707229,H,0.35,0.4,0.2499999999999999,1.0900000000000003,2.55,3.28,2.76,2.62,3.31,2.7,0.3701849943569361,0.2877962608567643,0.3420187447862997,0.36206812730926297,0.2865916898943411,0.3513401827963959
2025-12-14,Bundesliga,Werder Bremen,Stuttgart,A,0.4090198857350122,0.2434362477395935,0.3475438665253941,H,0.35,0.4,0.2499999999999999,1.0900000000000003,2.88,3.71,2.21,2.81,3.63,2.31,0.3247335506382507,0.252084265724572,0.4231821836371774,0.33438610343466246,0.25884984866429794,0.4067640479010396
2025-12-14,Premier League,West Ham,Aston Villa,A,0.2130521602631601,0.2355797832308626,0.5513680565059771,A,0.35,0.4,0.2499999999999999,1.0900000000000003,3.63,3.51,2.0,3.31,3.42,2.18,0.25979505057121605,0.26867693264202686,0.4715280167867571,0.28684651964480834,0.2776204619954139,0.43553301835977776
2025-12-14,Serie A,Fiorentina,Verona,A,0.5444047253006465,0.248914682093434,0.2066805926059193,H,0.35,0.4,0.2499999999999999,1.0900000000000003,1.82,3.42,4.51,1.98,3.18,4.15,0.5166059323169261,0.27491894643766246,0.20847512124541145,0.4762471851723541,0.29653126623939025,0.22722154858825566
2025-12-14,Serie A,Genoa,Inter,A,0.1518120590072996,0.2083831965050436,0.6398047444876567,A,0.35,0.4,0.2499999999999999,1.0900000000000003,6.37,4.2,1.67,7.15,4.11,1.47,0.15795198385800086,0.23956050885130128,0.6024875072906979,0.13151656446525478,0.22879402333979845,0.6396894121949468
2025-12-14,Serie A,Milan,Sassuolo,D,0.6752410628598462,0.2038575790548829,0.1209013580852707,H,0.35,0.4,0.2499999999999999,1.0900000000000003,1.4,4.54,7.72,1.48,4.24,6.75,0.6712683479912971,0.20699905004136915,0.12173260196733368,0.6376266564480051,0.22256779517524705,0.13980554837674777
2025-12-14,La Liga,Celta,Ath Bilbao,H,0.391551007596373,0.266926347834147,0.3415226445694798,H,0.35,0.4,0.2499999999999999,1.0900000000000003,2.6,3.14,2.75,2.86,3.11,2.58,0.36055785210238417,0.29855108772808886,0.3408910601695269,0.3302355827008874,0.30368931399502824,0.3660751033040844
2025-12-14,Bundesliga,Bayern Munich,Mainz,D,0.8689453862890567,0.0896640359240177,0.0413905777869255,H,0.35,0.4,0.2499999999999999,1.0900000000000003,1.09,10.18,19.25,1.08,11.44,21.72,0.8593309089442067,0.09201087335453688,0.04865821770125638,0.8740270484745132,0.08251304303780371,0.04345990848768298
2025-12-14,Ligue 1,Lens,Nice,H,0.6077106012028728,0.2120624410211981,0.180226957775929,H,0.35,0.4,0.2499999999999999,1.0900000000000003,1.48,4.51,5.97,1.52,4.52,5.55,0.6344912584157926,0.2082144262650495,0.157294315319158,0.6210574266446163,0.20885117002208337,0.17009140333330033
2025-12-14,Ligue 1,Auxerre,Lille,A,0.2226772767818721,0.254407048467497,0.5229156747506307,A,0.35,0.4,0.2499999999999999,1.0900000000000003,4.41,3.62,1.78,4.16,3.34,1.92,0.2129580667336471,0.2594323409655756,0.5276095923007774,0.22664555530422978,0.2822890748699389,0.49106536982583127
2025-12-14,Serie A,Udinese,Napoli,H,0.1806698497649495,0.2370067834293361,0.5823233668057143,A,0.35,0.4,0.2499999999999999,1.0900000000000003,4.38,3.33,1.86,4.47,3.29,1.87,0.21412570006222778,0.28164281269446173,0.5042314872433105,0.21056900829982036,0.2860922392401814,0.5033387524599983
2025-12-15,Serie A,Roma,Como,H,0.5496705061531362,0.2378599144787879,0.2124695793680758,H,0.35,0.4,0.2499999999999999,1.0900000000000003,2.15,3.17,3.53,2.2,3.06,3.58,0.4371969634812914,0.2965215998374689,0.2662814366812398,0.4285446038775095,0.30810396357206565,0.2633514325504248
2025-12-15,La Liga,Vallecano,Betis,D,0.2979081510434169,0.2571374528798189,0.4449543960767639,A,0.35,0.4,0.2499999999999999,1.0900000000000003,2.52,3.35,2.69,2.55,3.15,2.88,0.3718796812518828,0.279742327389476,0.34837799135864117,0.3710657095527333,0.3003865267807841,0.3285477636664826
2025-12-15,Premier League,Man United,Bournemouth,D,0.5059249218837906,0.2421720522965888,0.2519030258196205,H,0.35,0.4,0.2499999999999999,1.0900000000000003,1.82,3.98,3.84,1.76,4.18,4.1,0.5178007562102752,0.23678326037756306,0.24541598341216175,0.5404467878451505,0.22755654225058972,0.23199666990425974
2025-12-19,La Liga,Valencia,Mallorca,D,0.4398909179146295,0.2808222137630328,0.2792868683223375,H,0.35,0.4,0.2499999999999999,1.0900000000000003,1.98,3.19,4.08,2.03,3.17,3.96,0.4748374668914038,0.2947267035877679,0.2304358295208283,0.46446714593870597,0.29743479692604824,0.2380980571352457
2025-12-19,Bundesliga,Dortmund,M'gladbach,H,0.6535398290302785,0.211929433822221,0.1345307371475002,H,0.35,0.4,0.2499999999999999,1.0900000000000003,1.53,4.47,5.41,1.48,4.64,5.92,0.6153499698466377,0.2106231440414666,0.17402688611189568,0.6373626373626373,0.2032967032967033,0.15934065934065933
2025-12-20,La Liga,Oviedo,Celta,D,0.2758224858917626,0.2789935431279775,0.4451839709802597,A,0.35,0.4,0.2499999999999999,1.0900000000000003,3.7,3.27,2.07,3.47,3.18,2.18,0.25517116587313254,0.2887257840154711,0.4561030501113964,0.2715223487756349,0.2962838208337903,0.4321938303905748
2025-12-20,Premier League,Tottenham,Liverpool,A,0.2163557213741851,0.2317899238608836,0.551854354764931,A,0.35,0.4,0.2499999999999999,1.0900000000000003,3.36,3.71,2.02,3.54,3.59,2.02,0.280188432347553,0.25375556137136873,0.4660560062810782,0.2674835492342648,0.2637581516126177,0.4687582991531175
2025-12-20,Premier League,Leeds,Crystal Palace,H,0.2825878963096113,0.2478737376678691,0.4695383660225196,A,0.35,0.4,0.2499999999999999,1.0900000000000003,2.6,3.25,2.76,2.83,3.06,2.66,0.3646934460887949,0.29175475687103597,0.3435517970401692,0.3345884442105955,0.30943963958038734,0.355971916209017
2025-12-20,Premier League,Man City,West Ham,H,0.7836720961608062,0.1431916270129434,0.0731362768262501,H,0.35,0.4,0.2499999999999999,1.0900000000000003,1.2,7.36,11.88,1.2,7.44,12.02,0.7911057065925476,0.12898462607487188,0.07990966733258056,0.7929434797412326,0.12789410963568268,0.0791624106230848
2025-12-20,La Liga,Levante,Sociedad,D,0.3221732937313258,0.2733035066867904,0.4045231995818837,A,0.35,0.4,0.2499999999999999,1.0900000000000003,3.29,3.41,2.15,3.0,3.26,2.38,0.2861195992803594,0.2760508743789977,0.437829526340643,0.3143912994148824,0.28931714670081204,0.3962915538843056
2025-12-20,Premier League,Brighton,Sunderland,D,0.6196220799787944,0.2235797725478931,0.1567981474733122,H,0.35,0.4,0.2499999999999999,1.0900000000000003,1.65,3.95,5.16,1.83,3.65,4.27,0.575543225041298,0.2404167902071244,0.1840399847515778,0.5181504765767593,0.25978503346177245,0.22206448996146827
2025-12-20,Premier League,Bournemouth,Burnley,D,0.6499369796666128,0.2076349525107463,0.1424280678226406,H,0.35,0.4,0.2499999999999999,1.0900000000000003,1.47,4.44,6.59,1.47,4.62,6.47,0.6434400543610922,0.21303082880873997,0.14352911683016775,0.6470882393053599,0.20589171250625088,0.14702004818838935
2025-12-20,Premier League,Everton,Arsenal,A,0.2214672235606924,0.2325266566693162,0.5460061197699912,A,0.35,0.4,0.2499999999999999,1.0900000000000003,6.03,3.89,1.57,6.26,4.02,1.54,0.15647265898219626,0.2425527335893685,0.6009746074284353,0.15100838122371718,0.23515235484091287,0.6138392639353699
2025-12-20,Premier League,Wolves,Brentford,A,0.2557370742431937,0.2464703393991164,0.4977925863576897,A,0.35,0.4,0.2499999999999999,1.0900000000000003,3.59,3.48,2.05,3.42,3.37,2.15,0.264352440276136,0.2727084082158989,0.4629391515079651,0.2773513908719602,0.2814663966712474,0.4411822124567925
2025-12-20,Serie A,Lazio,Cremonese,D,0.5964186538650307,0.2309086366610988,0.1726727094738703,H,0.35,0.4,0.2499999999999999,1.0900000000000003,1.61,3.76,5.69,1.54,3.92,6.47,0.5844043388356384,0.2502369642354728,0.16535869692888888,0.6131663564054831,0.24088678287358267,0.14594686072093416
2025-12-20,La Liga,Osasuna,Alaves,H,0.4648082348927205,0.2695070639727386,0.2656847011345406,H,0.35,0.4,0.2499999999999999,1.0900000000000003,2.22,3.02,3.57,2.2,2.91,3.82,0.42427748394408754,0.3118860974688326,0.2638364185870797,0.428829343188464,0.3242008780118972,0.24696977879963894
2025-12-20,Bundesliga,FC Koln,Union Berlin,A,0.3793307226023204,0.2681042394268085,0.3525650379708711,H,0.35,0.4,0.2499999999999999,1.0900000000000003,2.32,3.28,3.02,2.52,3.19,2.83,0.4039540649876028,0.2857236069424507,0.31032232806994653,0.3730747455378728,0.29471735384183056,0.33220790062029665
2025-12-20,Premier League,Newcastle,Chelsea,D,0.4178197194157736,0.2539962734205326,0.3281840071636936,H,0.35,0.4,0.2499999999999999,1.0900000000000003,2.73,3.51,2.47,2.79,3.53,2.41,0.34685598377281945,0.2697768762677485,0.38336713995943206,0.3392078915785151,0.2680991551002995,0.39269295332118553
2025-12-20,Bundesliga,Hamburg,Ein Frankfurt,D,0.264103427248568,0.2516418849992746,0.4842546877521572,A,0.35,0.4,0.2499999999999999,1.0900000000000003,2.62,3.48,2.51,2.44,3.39,2.78,0.35756449407661506,0.2692008547358424,0.3732346511875425,0.3849912169614772,0.2771028228277299,0.337905960210793
2025-12-20,Bundesliga,Wolfsburg,Freiburg,A,0.3676122792920406,0.2588980443420625,0.3734896763658968,A,0.35,0.4,0.2499999999999999,1.0900000000000003,2.47,3.43,2.7,2.41,3.39,2.83,0.37951651702107614,0.2732961507411248,0.34718733223779924,0.3902432079531725,0.2774295372174472,0.3323272548293802
2025-12-20,Serie A,Juventus,Roma,H,0.4481600933318097,0.2691579057541732,0.2826820009140168,H,0.35,0.4,0.2499999999999999,1.0900000000000003,1.97,3.22,4.12,2.0,3.09,4.21,0.47847883950920067,0.2927339483953805,0.22878721209541877,0.47118501642586264,0.3049741206639888,0.22384086291014854
2025-12-20,Bundesliga,Augsburg,Werder Bremen,D,0.4030775357773613,0.2657192420748653,0.3312032221477732,H,0.35,0.4,0.2499999999999999,1.0900000000000003,2.24,3.48,3.01,2.21,3.44,3.13,0.4187842829956342,0.2695622971006381,0.3116534199037278,0.4258015019634673,0.2735527091102508,0.30064578892628196
2025-12-20,Bundesliga,RB Leipzig,Leverkusen,A,0.3625436122516752,0.2349626317969143,0.4024937559514103,A,0.35,0.4,0.2499999999999999,1.0900000000000003,2.06,3.73,3.18,2.05,3.83,3.19,0.4545294297976702,0.251026977314531,0.2944435928877989,0.4591618530781286,0.24576548271805834,0.29507266420381306
2025-12-20,Bundesliga,Stuttgart,Hoffenheim,D,0.5063352657917466,0.2544213511428361,0.2392433830654171,H,0.35,0.4,0.2499999999999999,1.0900000000000003,1.99,3.84,3.29,1.95,3.86,3.44,0.47101106169120466,0.24409166999101498,0.28489726831778034,0.4826157436012998,0.24380847150842863,0.2735757848902716
2025-12-20,La Liga,Real Madrid,Sevilla,H,0.7477250645745921,0.1628975350527204,0.0893774003726874,H,0.35,0.4,0.2499999999999999,1.0900000000000003,1.21,6.82,12.31,1.19,7.14,12.64,0.7838751091254558,0.13907461613516148,0.07705027473938274,0.7931395105626438,0.13218991842710728,0.07467057101024889
2025-12-21,Premier League,Aston Villa,Man United,H,0.5645857516775691,0.2446766130652823,0.1907376352571484,H,0.35,0.4,0.2499999999999999,1.0900000000000003,2.1,3.64,3.26,2.01,3.67,3.53,0.4502284075215128,0.2597471581854881,0.29002443429299907,0.47234669359866704,0.2586966904995424,0.26895661590179054
2025-12-21,La Liga,Betis,Getafe,H,0.6065647867357726,0.2289154217882214,0.1645197914760058,H,0.35,0.4,0.2499999999999999,1.0900000000000003,1.7,3.44,5.36,1.73,3.31,5.5,0.5520743508671074,0.27282744083548915,0.17509820829740347,0.5443053491716572,0.2844858773616214,0.17120877346672125
2025-12-21,La Liga,Elche,Vallecano,H,0.3617256183663283,0.2793096936027249,0.3589646880309467,H,0.35,0.4,0.2499999999999999,1.0900000000000003,2.44,3.05,3.05,2.48,2.94,3.15,0.3846153846153846,0.3076923076923077,0.3076923076923077,0.3801068781244613,0.32063437338389933,0.29925874849163936
2025-12-21,Bundesliga,Heidenheim,Bayern Munich,A,0.0755825260370792,0.1348718073917242,0.7895456665711964,A,0.35,0.4,0.2499999999999999,1.0900000000000003,15.28,8.61,1.13,13.06,8.12,1.16,0.061361722792821476,0.10889745926530921,0.8297408179418693,0.07211367673179395,0.11598579040852576,0.8119005328596803
2025-12-21,La Liga,Villarreal,Barcelona,A,0.3181083287468466,0.2418994620200728,0.4399922092330804,A,0.35,0.4,0.2499999999999999,1.0900000000000003,3.39,4.53,1.82,3.92,4.36,1.73,0.27693299878069677,0.20724125074317043,0.515825750476133,0.24009727651230597,0.21586727613033013,0.5440354473573639
2025-12-21,Serie A,Sassuolo,Torino,A,0.4167637445729486,0.2605900290711108,0.3226462263559403,H,0.35,0.4,0.2499999999999999,1.0900000000000003,2.34,3.1,3.19,2.32,3.1,3.24,0.4018677156650791,0.30334530795364034,0.2947869763812806,0.4057722762677354,0.30367473578746645,0.2905529879447981
2025-12-21,La Liga,Girona,Ath Madrid,A,0.204038729509864,0.2421689156254148,0.553792354864721,A,0.35,0.4,0.2499999999999999,1.0900000000000003,4.79,4.01,1.65,4.76,3.76,1.71,0.19617290136652443,0.23433122133308032,0.5694958773003952,0.198036147695492,0.25070533591237815,0.5512585163921297
2025-12-21,Serie A,Genoa,Atalanta,A,0.3148294770116591,0.2500873545218928,0.435083168466448,A,0.35,0.4,0.2499999999999999,1.0900000000000003,3.99,3.35,1.94,3.8,3.19,2.06,0.23541898348553394,0.28039455047978523,0.48418646603468074,0.24777726666013106,0.29515787251050096,0.457064860829368
2025-12-21,Serie A,Cagliari,Pisa,D,0.4290093380908327,0.2763478096768777,0.2946428522322893,H,0.35,0.4,0.2499999999999999,1.0900000000000003,2.17,3.14,3.53,1.99,3.14,4.17,0.4336863851381754,0.2997132024681021,0.26660041239372256,0.47371448624673035,0.300220327271017,0.22606518648225263
2025-12-21,Bundesliga,Mainz,St Pauli,D,0.475071328828246,0.2733108706929713,0.2516178004787825,H,0.35,0.4,0.2499999999999999,1.0900000000000003,1.92,3.34,4.02,1.96,3.31,3.99,0.4872196821249728,0.28007838014369696,0.2327019377313303,0.4799908413259725,0.28422418398758487,0.2357849746864426
2025-12-21,Serie A,Fiorentina,Udinese,H,0.4650325122165324,0.2597450367257424,0.275222451057725,H,0.35,0.4,0.2499999999999999,1.0900000000000003,2.16,3.26,3.4,2.07,3.2,3.77,0.4351854760184691,0.28834375098156234,0.27647077299996864,0.45538447600964826,0.2945768329187412,0.2500386910716106
2025-12-22,Premier League,Fulham,Nott'm Forest,H,0.4391370122696228,0.2713558220539565,0.2895071656764206,H,0.35,0.4,0.2499999999999999,1.0900000000000003,2.42,3.27,2.93,2.55,3.33,2.75,0.3897116546200748,0.2884104599940614,0.32187788538586376,0.37132777811568646,0.284350100358859,0.34432212152545466
2025-12-22,La Liga,Ath Bilbao,Espanol,A,0.4917691695251228,0.2759756875152593,0.2322551429596178,H,0.35,0.4,0.2499999999999999,1.0900000000000003,1.74,3.46,4.92,1.85,3.31,4.59,0.5386338611079471,0.2708736758172913,0.19049246307476178,0.5096937389081417,0.28487414410273787,0.20543211698912034
2025-12-26,Premier League,Man United,Newcastle,H,0.418046170813832,0.2475850868405329,0.3343687423456349,H,0.35,0.4,0.2499999999999999,1.0900000000000003,2.47,3.58,2.67,2.47,3.64,2.66,0.3824036549701753,0.26383715859674106,0.3537591864330836,0.3835616438356165,0.2602739726027397,0.35616438356164387
2025-12-27,Serie A,Parma,Fiorentina,H,0.3072315061177488,0.2700574485402218,0.4227110453420292,A,0.35,0.4,0.2499999999999999,1.0900000000000003,3.33,3.1,2.27,3.62,3.24,2.1,0.2823938264223026,0.3033456264471831,0.41426054713051436,0.2603425317966849,0.2908765324395059,0.4487809357638091
2025-12-27,Premier League,West Ham,Fulham,A,0.3430340942044008,0.2636890385034781,0.3932768672921209,A,0.35,0.4,0.2499999999999999,1.0900000000000003,2.65,3.38,2.59,2.98,3.33,2.39,0.3562281533447,0.2792913036578269,0.36448054299747296,0.3182932535603876,0.2848390076906772,0.39686773874893516
2025-12-27,Serie A,Torino,Cagliari,A,0.5182618641949308,0.2556028098615056,0.2261353259435634,H,0.35,0.4,0.2499999999999999,1.0900000000000003,1.94,3.28,4.09,1.8,3.32,4.87,0.4840760653844767,0.2863132825749648,0.22961065204055858,0.5230731404316994,0.28359387131839126,0.1933329882499094
2025-12-27,Serie A,Lecce,Como,A,0.2614551290449569,0.2948819812419457,0.4436628897130973,A,0.35,0.4,0.2499999999999999,1.0900000000000003,4.58,3.35,1.82,4.67,3.3,1.83,0.20476497534894342,0.2799473394322868,0.5152876852187697,0.20132617240241232,0.28490703791492894,0.5137667896826588
2025-12-27,Premier League,Arsenal,Brighton,H,0.6483608288672458,0.1997240475276642,0.1519151236050899,H,0.35,0.4,0.2499999999999999,1.0900000000000003,1.41,4.73,7.34,1.32,5.45,8.87,0.6710529621991268,0.2000390436999511,0.12890799410092219,0.7188979223394241,0.1741183958693651,0.1069836817912108
2025-12-27,Serie A,Pisa,Juventus,A,0.1923588222603068,0.2320190986730515,0.5756220790666414,A,0.35,0.4,0.2499999999999999,1.0900000000000003,6.91,4.19,1.46,7.42,4.11,1.47,0.13546388419558492,0.22340225293353028,0.6411338628708848,0.1273403266498473,0.22989421502235205,0.6427654583278006
2025-12-27,Premier League,Burnley,Everton,D,0.2472516379292248,0.2461909875077153,0.5065573745630597,A,0.35,0.4,0.2499999999999999,1.0900000000000003,4.03,3.33,1.96,3.66,3.1,2.18,0.2343933490151012,0.2836652241834408,0.4819414268014581,0.2590979496066373,0.3059027405033202,0.4349993098900425
2025-12-27,Premier League,Liverpool,Wolves,H,0.7971112616767331,0.1370414324349517,0.065847305888315,H,0.35,0.4,0.2499999999999999,1.0900000000000003,1.24,6.31,11.25,1.24,6.43,11.22,0.7652656963688756,0.1503850179869106,0.08434928564421385,0.7672459816272574,0.147960344823919,0.08479367354882346
2025-12-27,Premier League,Chelsea,Aston Villa,A,0.4048103199722478,0.2498597375350508,0.3453299424927011,H,0.35,0.4,0.2499999999999999,1.0900000000000003,1.84,3.82,3.97,1.77,3.94,4.23,0.5140987830095937,0.2476287331773959,0.23827248381301067,0.5354241159632603,0.2405331688464393,0.22404271519030042
2025-12-27,Premier League,Nott'm Forest,Man City,A,0.1715276992502562,0.2062371926439986,0.622235108105745,A,0.35,0.4,0.2499999999999999,1.0900000000000003,5.21,4.24,1.59,5.17,4.16,1.61,0.1816364415250607,0.22319006140225617,0.5951734970726832,0.18335272458491317,0.22786865050576946,0.5887786249093173
2025-12-27,Serie A,Udinese,Lazio,D,0.2676337855607959,0.2758074463041276,0.4565587681350763,A,0.35,0.4,0.2499999999999999,1.0900000000000003,3.06,3.05,2.43,3.2,2.87,2.5,0.30650984479100757,0.3075147951017978,0.3859753601071947,0.29455232152387206,0.32842070692557157,0.3770269715505562
2025-12-27,Premier League,Brentford,Bournemouth,H,0.4430102516051933,0.2655779817202666,0.2914117666745398,H,0.35,0.4,0.2499999999999999,1.0900000000000003,2.25,3.57,2.98,2.28,3.47,3.04,0.4192369985931644,0.2642249991133389,0.31653800229349666,0.41544447770128706,0.2729721640227477,0.3115833582759653
2025-12-28,Serie A,Atalanta,Inter,A,0.2599361626938872,0.2299827713131737,0.5100810659929389,A,0.35,0.4,0.2499999999999999,1.0900000000000003,3.39,3.52,2.05,3.41,3.45,2.07,0.2764931049148795,0.2662817118356368,0.45722518324948375,0.275046505447781,0.2718575604570821,0.4530959340951369
2025-12-28,Serie A,Bologna,Sassuolo,D,0.6311928823743067,0.2103673262529689,0.1584397913727243,H,0.35,0.4,0.2499999999999999,1.0900000000000003,1.74,3.58,4.73,1.99,3.27,3.96,0.5394039397568869,0.2621683953008333,0.19842766494227976,0.4736894088210441,0.28826970139262315,0.2380408897863328
2025-12-28,Premier League,Sunderland,Leeds,D,0.4052906162727213,0.2887056308086452,0.3060037529186334,H,0.35,0.4,0.2499999999999999,1.0900000000000003,2.56,3.18,2.8,2.84,3.1,2.63,0.3677393775193286,0.2960417630344281,0.3362188594462433,0.3337809401380485,0.3057864096748573,0.3604326501870942
2025-12-28,Serie A,Cremonese,Napoli,A,0.1954901331791518,0.2294666717862726,0.5750431950345755,A,0.35,0.4,0.2499999999999999,1.0900000000000003,6.21,3.84,1.55,6.49,3.77,1.56,0.15097440892453562,0.24415392693264748,0.6048716641428169,0.1453120483088684,0.2501525712266727,0.6045353804644589
2025-12-28,Serie A,Milan,Verona,H,0.7101042458108565,0.1857954812091706,0.1041002729799727,H,0.35,0.4,0.2499999999999999,1.0900000000000003,1.37,4.7,8.4,1.37,4.69,8.64,0.6874814982499522,0.20039354310690097,0.11212495864314696,0.6893339480162017,0.201361942171044,0.10930410981275421
2025-12-28,Premier League,Crystal Palace,Tottenham,A,0.5327462162739732,0.2456191927257964,0.2216345910002301,H,0.35,0.4,0.2499999999999999,1.0900000000000003,2.25,3.33,3.19,2.23,3.38,3.22,0.4199907483186848,0.28377753264776007,0.29623171903355516,0.4251140553715393,0.28047465783388537,0.2944112867945753
2025-12-29,Serie A,Roma,Genoa,H,0.6461179961452386,0.2094801251042265,0.1444018787505347,H,0.35,0.4,0.2499999999999999,1.0900000000000003,1.6,3.58,6.05,1.58,3.66,6.42,0.5843202848895243,0.2611487306768823,0.1545309844335932,0.5960186284357593,0.25729765927008186,0.14668371229415883
2025-12-30,Premier League,Nott'm Forest,Everton,A,0.3925029861981235,0.275619851142215,0.3318771626596613,H,0.35,0.4,0.2499999999999999,1.0900000000000003,2.12,3.21,3.7,1.9,3.37,4.29,0.44774600206588205,0.29570763999366667,0.25654635794045133,0.49833340801687614,0.28095948819942573,0.22070710378369807
2025-12-30,Premier League,Man United,Wolves,D,0.7046661644614151,0.1797283337222204,0.1156055018163644,H,0.35,0.4,0.2499999999999999,1.0900000000000003,1.37,5.06,8.09,1.37,5.04,7.63,0.6943982195352404,0.18800900410341492,0.1175927763613448,0.6889995359512373,0.18728757227245935,0.12371289177630343
2025-12-30,Premier League,Burnley,Newcastle,A,0.2070971109724577,0.2341442713760199,0.5587586176515221,A,0.35,0.4,0.2499999999999999,1.0900000000000003,5.5,4.11,1.59,5.71,4.12,1.56,0.17249352644457294,0.23083075314967177,0.5966757204057553,0.1653937210499228,0.2292228512609367,0.6053834276891404
2025-12-30,Premier League,Arsenal,Aston Villa,H,0.531270709375744,0.234230402612575,0.2344988880116809,H,0.35,0.4,0.2499999999999999,1.0900000000000003,1.43,4.68,7.02,1.37,5.03,7.76,0.6625766871165645,0.20245398773006135,0.13496932515337423,0.6901729463832615,0.1879795102475285,0.12184754336920986
2025-12-30,Premier League,Chelsea,Bournemouth,D,0.5733875223465046,0.2320044017542378,0.1946080758992575,H,0.35,0.4,0.2499999999999999,1.0900000000000003,1.51,4.56,5.81,1.56,4.45,5.25,0.6285208636302171,0.20812861931614643,0.16335051705363646,0.6069048825156841,0.21275766667965557,0.18033745080466043
2025-12-30,Premier League,West Ham,Brighton,D,0.2790273080280644,0.2517785400779543,0.4691941518939812,A,0.35,0.4,0.2499999999999999,1.0900000000000003,3.41,3.67,2.04,3.32,3.59,2.1,0.27772192937877205,0.2580468063165158,0.4642312643047121,0.2852461993658673,0.2637931425890472,0.4509606580450854
2026-01-01,Premier League,Brentford,Tottenham,D,0.5102605449451743,0.2581765681563783,0.2315628868984472,H,0.35,0.4,0.2499999999999999,1.0900000000000003,2.11,3.49,3.35,2.4,3.4,2.91,0.4475403749057377,0.2705759859745291,0.2818836391197333,0.3951593577761802,0.27893601725377426,0.3259046249700455
2026-01-01,Premier League,Sunderland,Man City,D,0.1241617255411978,0.1897624894505916,0.6860757850082103,A,0.35,0.4,0.2499999999999999,1.0900000000000003,7.81,4.82,1.39,7.23,4.7,1.42,0.12137340828515993,0.19666521135002052,0.6819613803648196,0.13106422421919184,0.2016158172563313,0.6673199585244769
2026-01-01,Premier League,Crystal Palace,Fulham,D,0.4582510651302732,0.2580977761269218,0.2836511587428048,H,0.35,0.4,0.2499999999999999,1.0900000000000003,2.17,3.34,3.4,2.22,3.27,3.34,0.4370751833976091,0.28396800837509334,0.27895680822729757,0.426699484294421,0.28968588842006565,0.28361462728551345
2026-01-01,Premier League,Liverpool,Leeds,D,0.7149756918493592,0.1732183448180609,0.1118059633325798,H,0.35,0.4,0.2499999999999999,1.0900000000000003,1.53,4.41,5.83,1.47,4.45,6.68,0.6213594344752583,0.215573681348559,0.1630668841761827,0.6449961052008046,0.21306612913374892,0.14193776566544652
2026-01-02,La Liga,Vallecano,Getafe,D,0.4827995889651179,0.2709040895579533,0.2462963214769287,H,0.35,0.4,0.2499999999999999,1.0900000000000003,2.04,2.86,4.46,2.05,2.83,4.55,0.46068389650539576,0.3285997024024502,0.21071640109215414,0.4597846851511311,0.3330595775829748,0.2071557372658942
2026-01-02,Ligue 1,Toulouse,Lens,A,0.2920766344174111,0.2611782706050443,0.4467450949775444,A,0.35,0.4,0.2499999999999999,1.0900000000000003,2.54,3.26,2.74,2.51,3.18,2.86,0.36952888418195956,0.28791514289023845,0.342555972927802,0.37496289455456977,0.2959612784062799,0.32907582703915045
2026-01-02,Serie A,Cagliari,Milan,A,0.188967371236938,0.2293807743098607,0.5816518544532012,A,0.35,0.4,0.2499999999999999,1.0900000000000003,6.21,3.9,1.55,6.24,3.78,1.56,0.15154363930357612,0.2413041025833866,0.6071522581130372,0.1503579952267303,0.2482100238663485,0.6014319809069212
2026-01-03,Ligue 1,Monaco,Lyon,A,0.4074559897377919,0.2577382322034077,0.3348057780588002,H,0.35,0.4,0.2499999999999999,1.0900000000000003,2.0,3.72,3.36,2.07,3.65,3.29,0.4688512783579402,0.25207057976233344,0.2790781418797263,0.4553106622735011,0.2582172797003143,0.28647205802618453
2026-01-03,La Liga,Celta,Valencia,H,0.49245572046153,0.2784057674974936,0.2291385120409762,H,0.35,0.4,0.2499999999999999,1.0900000000000003,1.96,3.31,4.0,1.99,3.24,3.99,0.48027394477575125,0.2843918222841306,0.2353342329401181,0.4732732205027951,0.29068324345696367,0.23604353604024117
2026-01-03,Premier League,Brighton,Burnley,H,0.6694582951190546,0.2032750307543503,0.1272666741265948,H,0.35,0.4,0.2499999999999999,1.0900000000000003,1.49,4.35,6.56,1.45,4.51,7.0,0.6370794719580996,0.21821802602702722,0.14470250201487322,0.6541717174856765,0.21032128389229066,0.13550699862203297
2026-01-03,La Liga,Elche,Villarreal,A,0.2218999334431256,0.2367264947575369,0.5413735717993373,A,0.35,0.4,0.2499999999999999,1.0900000000000003,3.19,3.49,2.18,3.09,3.44,2.24,0.29609075519059763,0.270638827810317,0.4332704169990855,0.30509011434544364,0.27404896899052933,0.4208609166640271
2026-01-03,Premier League,Bournemouth,Arsenal,A,0.1897461684837093,0.2080684136306169,0.6021854178856737,A,0.35,0.4,0.2499999999999999,1.0900000000000003,6.13,4.57,1.48,5.95,4.43,1.51,0.1542436619300754,0.20689576534603116,0.6388605727238934,0.15914665626196994,0.21375228098391,0.62710106275412
2026-01-03,Serie A,Como,Udinese,H,0.5750292970653155,0.2378218632865563,0.1871488396481281,H,0.35,0.4,0.2499999999999999,1.0900000000000003,1.71,3.65,4.94,1.75,3.53,4.75,0.5510713663550317,0.25817316067591894,0.19075547296904943,0.5364312564984403,0.2659361753179237,0.1976325681836359
2026-01-03,Premier League,Wolves,West Ham,H,0.3386983306842556,0.2618139849120952,0.3994876844036491,A,0.35,0.4,0.2499999999999999,1.0900000000000003,2.48,3.37,2.82,2.63,3.36,2.66,0.38235980462369146,0.28138050904058,0.3362596863357286,0.3608206635392528,0.28242807890126037,0.3567512575594868
2026-01-03,Serie A,Juventus,Lecce,D,0.7345301142944839,0.1712720286621329,0.094197857043383,H,0.35,0.4,0.2499999999999999,1.0900000000000003,1.26,5.52,11.91,1.23,5.68,13.53,0.7495946639302207,0.1711031298101591,0.07930220625962033,0.7648426980046517,0.16562614763128902,0.06953115436405925
2026-01-03,Serie A,Sassuolo,Parma,D,0.4860910353026979,0.2768286878374512,0.2370802768598507,H,0.35,0.4,0.2499999999999999,1.0900000000000003,1.9,3.33,4.2,2.01,3.22,3.9,0.49432721874668645,0.28204856324886013,0.2236242180044534,0.46737528471260775,0.29174668393550973,0.24087803135188246
2026-01-03,Serie A,Atalanta,Roma,H,0.3765474128103487,0.2618544499921937,0.3615981371974574,H,0.35,0.4,0.2499999999999999,1.0900000000000003,2.23,3.22,3.28,2.28,3.05,3.37,0.4215097020345937,0.29191510420408195,0.2865751937613244,0.41252443199377115,0.30837891965436004,0.27909664835186887
2026-01-03,Serie A,Genoa,Pisa,D,0.4654616715236039,0.2703989710053652,0.2641393574710308,H,0.35,0.4,0.2499999999999999,1.0900000000000003,1.87,3.15,4.74,1.9,3.07,4.75,0.5029762205536074,0.2985922325191257,0.19843154692726706,0.49532107131332687,0.3065505001613424,0.19812842852533075
2026-01-03,Ligue 1,Lille,Rennes,A,0.5803043407366923,0.233327655840233,0.1863680034230745,H,0.35,0.4,0.2499999999999999,1.0900000000000003,1.87,3.63,3.92,1.73,3.86,4.48,0.5019595669551045,0.2585852314617205,0.2394552015831749,0.5451530531824343,0.24433025440559883,0.2105166924119668
2026-01-03,Ligue 1,Nice,Strasbourg,D,0.3912176066625102,0.2765688613122392,0.3322135320252505,H,0.35,0.4,0.2499999999999999,1.0900000000000003,2.68,3.39,2.53,3.13,3.43,2.22,0.3508957831300655,0.27740433592583347,0.371699880944101,0.3009830389223332,0.27465799178626904,0.42435896929139766
2026-01-03,La Liga,Espanol,Barcelona,A,0.1724699270384877,0.2187648013569799,0.6087652716045322,A,0.35,0.4,0.2499999999999999,1.0900000000000003,5.35,4.72,1.51,5.81,4.64,1.48,0.17616424067606412,0.19967768805443709,0.6241580712694987,0.1618691130575801,0.20268524716908196,0.635445639773338
2026-01-03,La Liga,Osasuna,Ath Bilbao,D,0.3699513446265202,0.2650012274364149,0.3650474279370647,H,0.35,0.4,0.2499999999999999,1.0900000000000003,3.03,2.94,2.54,2.98,2.95,2.58,0.3102193419740778,0.319715852442672,0.3700648055832503,0.31593497824859695,0.319147876332481,0.36491714541892206
2026-01-03,Premier League,Aston Villa,Nott'm Forest,H,0.6604391164482573,0.20507423232733,0.1344866512244125,H,0.35,0.4,0.2499999999999999,1.0900000000000003,1.76,3.74,4.54,1.9,3.51,4.1,0.5381397294659044,0.25324222563101373,0.20861804490308183,0.49882149046793756,0.27001733102253034,0.23116117850953208
2026-01-04,Ligue 1,Paris SG,Paris FC,H,0.8249614647741988,0.120070604447802,0.054967930777999,H,0.35,0.4,0.2499999999999999,1.0900000000000003,1.17,7.2,14.25,1.12,9.05,17.31,0.8034675969975685,0.13056348451210487,0.06596891849032667,0.8414254691863248,0.10413221276118052,0.054442318052494734
2026-01-04,Ligue 1,Brest,Auxerre,H,0.5330574157453023,0.2591364062694822,0.2078061779852154,H,0.35,0.4,0.2499999999999999,1.0900000000000003,1.91,3.36,4.04,1.93,3.33,4.11,0.489901979183208,0.2784859464999784,0.2316120743168137,0.4880034230090389,0.28283681874097444,0.22915975824998658
2026-01-04,La Liga,Alaves,Oviedo,D,0.4537580448744716,0.2965776870733801,0.2496642680521482,H,0.35,0.4,0.2499999999999999,1.0900000000000003,1.84,3.08,5.02,1.92,2.88,5.14,0.5091814421582317,0.304186316094528,0.1866322417472403,0.4901462174189447,0.3267641449459631,0.18308963763509217
2026-01-04,La Liga,Real Madrid,Betis,H,0.64257372205548,0.2049024157351088,0.152523862209411,H,0.35,0.4,0.2499999999999999,1.0900000000000003,1.46,4.67,5.99,1.48,4.59,6.05,0.6425193341739995,0.2008732822042911,0.15660738362170942,0.638134325442876,0.2057600875066354,0.1561055870504887
2026-01-04,Ligue 1,Marseille,Nantes,A,0.7481512094554803,0.1620968407755179,0.0897519497690016,H,0.35,0.4,0.2499999999999999,1.0900000000000003,1.22,6.36,11.34,1.25,6.18,10.28,0.7695814179802041,0.14762410848047938,0.08279447353931647,0.7553664806302567,0.15278448232812636,0.09184903704161682
2026-01-04,Serie A,Inter,Bologna,H,0.6475363566661885,0.1974888417907897,0.1549748015430216,H,0.35,0.4,0.2499999999999999,1.0900000000000003,1.38,4.75,7.63,1.39,4.77,7.55,0.6796288552306623,0.19745006741438184,0.12292107735495593,0.677731504395135,0.19749408618642297,0.12477440941844206
2026-01-04,Premier League,Man City,Chelsea,D,0.6333678086202383,0.198308741096946,0.1683234502828156,H,0.35,0.4,0.2499999999999999,1.0900000000000003,1.63,4.39,4.66,1.47,4.9,5.88,0.5810292284053179,0.2157352260365987,0.20323554555808332,0.6451612903225806,0.19354838709677416,0.16129032258064516
2026-01-04,La Liga,Sociedad,Ath Madrid,D,0.2031380168534534,0.2228361255341374,0.574025857612409,A,0.35,0.4,0.2499999999999999,1.0900000000000003,3.82,3.51,1.92,3.91,3.65,1.88,0.24522411195773203,0.266882081959697,0.48789380608257105,0.24090463869570258,0.25806496912334165,0.5010303921809558
2026-01-04,Serie A,Fiorentina,Cremonese,H,0.4927693691772212,0.2609618521185486,0.24626877870423,H,0.35,0.4,0.2499999999999999,1.0900000000000003,1.75,3.55,4.65,1.71,3.7,4.8,0.5349590861216883,0.263712225552945,0.20132868832536657,0.5499303297724106,0.25415699024616817,0.1959126799814213
2026-01-04,Serie A,Lazio,Napoli,A,0.2964752502363524,0.2589704447961442,0.4445543049675033,A,0.35,0.4,0.2499999999999999,1.0900000000000003,3.34,3.01,2.31,3.79,2.98,2.16,0.2812526545289804,0.312087663165048,0.4066596823059716,0.24835824581169408,0.31586501732426864,0.43577673686403723
2026-01-04,Ligue 1,Lorient,Metz,D,0.5212810098355445,0.266238117311891,0.2124808728525644,H,0.35,0.4,0.2499999999999999,1.0900000000000003,1.77,3.64,4.37,1.83,3.61,4.2,0.5287373896857186,0.2571058186109126,0.21415679170336885,0.5147635489555005,0.2609466189996028,0.22428983204489666
2026-01-04,Ligue 1,Le Havre,Angers,H,0.3592544951175907,0.3062575731915225,0.3344879316908867,H,0.35,0.4,0.2499999999999999,1.0900000000000003,2.05,3.25,3.66,2.37,3.2,3.05,0.45643790410774926,0.2879069856679649,0.2556551102242858,0.39719198290772195,0.29417031234103164,0.3086377047512463
2026-01-04,Premier League,Tottenham,Sunderland,D,0.4937218745560219,0.2697637783405636,0.2365143471034144,H,0.35,0.4,0.2499999999999999,1.0900000000000003,1.8,3.65,4.37,1.97,3.39,3.95,0.524920606190249,0.25886495647738306,0.216214437332368,0.48080272025795057,0.2794045306513754,0.23979274909067405
2026-01-04,Serie A,Verona,Torino,A,0.3521353782657906,0.2697695564213591,0.3780950653128501,A,0.35,0.4,0.2499999999999999,1.0900000000000003,2.6,3.0,2.86,2.66,2.85,2.96,0.3602620087336244,0.3122270742358078,0.3275109170305677,0.3531095912199777,0.32956895180531254,0.3173214569747097
2026-01-04,Premier League,Fulham,Liverpool,D,0.2751232278386988,0.252449928715102,0.4724268434461991,A,0.35,0.4,0.2499999999999999,1.0900000000000003,3.74,3.68,1.92,4.07,3.61,1.88,0.2522563692448303,0.25636924483034385,0.4913743859248258,0.23297438133129195,0.26266086759511315,0.5043647510735949
2026-01-04,La Liga,Mallorca,Girona,A,0.4675477875280824,0.2761265479721398,0.2563256644997777,H,0.35,0.4,0.2499999999999999,1.0900000000000003,2.24,3.12,3.34,2.26,3.1,3.39,0.4186539821302308,0.30057208973452465,0.28077392813524465,0.4174147217235189,0.3043087971274686,0.2782764811490126
2026-01-04,Premier League,Leeds,Man United,D,0.3322524907021417,0.2555821839293374,0.4121653253685208,A,0.35,0.4,0.2499999999999999,1.0900000000000003,2.68,3.44,2.56,2.73,3.3,2.59,0.3538639578243538,0.2756847113282757,0.3704513308473704,0.3470623347829795,0.2871152042295558,0.36582246098746485
2026-01-04,Premier League,Everton,Brentford,A,0.4483935927581249,0.273714803519605,0.2778916037222699,H,0.35,0.4,0.2499999999999999,1.0900000000000003,2.36,3.19,3.1,2.46,3.16,3.01,0.39982372015169776,0.2957943509586228,0.3043819288896795,0.3852441089032718,0.29990522401963565,0.31485066707709264
2026-01-04,La Liga,Sevilla,Levante,A,0.5028588723651569,0.2706027602542425,0.2265383673806003,H,0.35,0.4,0.2499999999999999,1.0900000000000003,1.77,3.6,4.48,1.74,3.69,4.6,0.5300102531745406,0.2605883744774825,0.20940137234797698,0.5405973514742696,0.2549158242724198,0.2044868242533107
2026-01-04,Premier League,Newcastle,Crystal Palace,H,0.5035639914985576,0.2454402481623129,0.2509957603391294,H,0.35,0.4,0.2499999999999999,1.0900000000000003,1.67,3.92,4.89,1.68,3.93,4.9,0.5657600755574577,0.2410253383114679,0.19321458613107448,0.5648638659603302,0.24146852285327092,0.1936676111863989
2026-01-06,Serie A,Sassuolo,Juventus,A,0.2132645495747595,0.241419896684345,0.5453155537408955,A,0.35,0.4,0.2499999999999999,1.0900000000000003,5.04,3.74,1.68,5.34,3.68,1.66,0.18699999999999997,0.25199999999999995,0.5609999999999999,0.1764304941024249,0.2560159887247143,0.5675535171728607
2026-01-06,Premier League,West Ham,Nott'm Forest,A,0.3558548127893978,0.2725238512730208,0.3716213359375812,A,0.35,0.4,0.2499999999999999,1.0900000000000003,3.1,3.33,2.3,2.92,3.39,2.39,0.30499362854412226,0.2839280025485823,0.41107836890729527,0.3243473700644924,0.2793788556307722,0.3962737743047354
2026-01-06,Serie A,Lecce,Roma,A,0.1978887689216779,0.2470255940220163,0.5550856370563058,A,0.35,0.4,0.2499999999999999,1.0900000000000003,5.22,3.4,1.74,5.06,3.38,1.76,0.1806588735387885,0.2773645058448459,0.5419766206163655,0.18614897425306348,0.27867272476937904,0.5351783009775575
2026-01-06,Serie A,Pisa,Como,A,0.2807511091808398,0.2629714432074023,0.4562774476117578,A,0.35,0.4,0.2499999999999999,1.0900000000000003,5.15,3.43,1.74,4.95,3.44,1.76,0.18310900572810085,0.274930431341026,0.5419605629308731,0.19042347079988925,0.27401051757542205,0.5355660116246885
2026-01-07,Serie A,Torino,Udinese,A,0.5208916858905478,0.2556086098564511,0.2234997042530009,H,0.35,0.4,0.2499999999999999,1.0900000000000003,2.3,3.04,3.36,2.2,3.04,3.59,0.4096509240246407,0.3099332648870637,0.28041581108829566,0.42799102731023225,0.30973034871135235,0.26227862397841534
2026-01-07,Serie A,Lazio,Fiorentina,D,0.5136353856387621,0.2544999125762464,0.2318647017849914,H,0.35,0.4,0.2499999999999999,1.0900000000000003,2.39,3.1,3.12,2.34,3.02,3.29,0.39416736626755455,0.30389032431595336,0.30194230941649214,0.4022395673084708,0.3116690687092125,0.2860913639823166
2026-01-07,Premier League,Bournemouth,Tottenham,H,0.4774225788126476,0.2553731735631598,0.2672042476241925,H,0.35,0.4,0.2499999999999999,1.0900000000000003,2.11,3.62,3.27,2.17,3.51,3.21,0.4488062695021478,0.261597024488821,0.28959670600903115,0.4358730342946672,0.26947136308245806,0.2946556026228747
2026-01-07,Premier League,Crystal Palace,Aston Villa,D,0.2641625704430925,0.2261974699322353,0.5096399596246721,A,0.35,0.4,0.2499999999999999,1.0900000000000003,3.08,3.36,2.31,2.99,3.33,2.38,0.30769230769230765,0.28205128205128205,0.41025641025641024,0.3170375585539817,0.28466735738030186,0.3982950840657165
2026-01-07,Serie A,Bologna,Atalanta,A,0.4522634275989348,0.245736063312808,0.3020005090882571,H,0.35,0.4,0.2499999999999999,1.0900000000000003,2.71,3.3,2.57,3.04,3.22,2.36,0.347743012132668,0.28557077663016067,0.3666862112371713,0.30938344787154354,0.292088720971892,0.3985278311565646
2026-01-07,Premier League,Fulham,Chelsea,H,0.333511431005603,0.2571663939548809,0.409322175039516,A,0.35,0.4,0.2499999999999999,1.0900000000000003,3.38,3.59,2.07,3.61,3.56,2.01,0.27977080125441894,0.26340537833981503,0.4568238204057662,0.262462724615142,0.2661489988372648,0.47138827654759335
2026-01-07,Premier League,Burnley,Man United,D,0.2066562616007232,0.2392545495221314,0.5540891888771451,A,0.35,0.4,0.2499999999999999,1.0900000000000003,4.68,3.95,1.7,4.8,3.76,1.72,0.2025213378773713,0.23994933196610063,0.5575293301565281,0.19734400937408456,0.2519285226052143,0.550727468020701
2026-01-07,Premier League,Brentford,Sunderland,H,0.5876837238952101,0.238283807815595,0.1740324682891947,H,0.35,0.4,0.2499999999999999,1.0900000000000003,1.83,3.56,4.36,2.01,3.22,4.07,0.5171246568405341,0.2658253151736454,0.21705002798582052,0.47212545436860326,0.2947118519505877,0.23316269368080894
2026-01-07,Serie A,Napoli,Verona,D,0.7808677296295605,0.1483877223032583,0.0707445480671809,H,0.35,0.4,0.2499999999999999,1.0900000000000003,1.34,4.72,9.56,1.31,4.87,11.0,0.7022148077138552,0.19935759371537418,0.0984275985707705,0.7204171076537427,0.19378776407112996,0.08579512827512754
2026-01-07,Premier League,Man City,Brighton,D,0.6740816266148043,0.1849622373914637,0.1409561359937318,H,0.35,0.4,0.2499999999999999,1.0900000000000003,1.37,5.23,7.27,1.5,4.62,5.79,0.6894668985313824,0.18060605181414796,0.1299270496544696,0.6314157036029912,0.20500509857239976,0.1635791978246091
2026-01-07,Serie A,Parma,Inter,A,0.1095308664196207,0.1868948121538585,0.7035743214265204,A,0.35,0.4,0.2499999999999999,1.0900000000000003,7.96,4.96,1.36,9.41,5.12,1.32,0.11823433731560938,0.18974704133714734,0.6920186213472431,0.10033432899635979,0.1844035226280753,0.7152621483755648
2026-01-07,Premier League,Newcastle,Leeds,H,0.5884122408394716,0.2398034278533792,0.1717843313071489,H,0.35,0.4,0.2499999999999999,1.0900000000000003,1.67,3.87,5.02,1.61,3.94,5.56,0.5668311270741123,0.24460154579167115,0.18856732713421664,0.588859559048853,0.2406253528093029,0.17051508814184416
2026-01-07,Premier League,Everton,Wolves,D,0.5954414583863502,0.2356757201505818,0.1688828214630678,H,0.35,0.4,0.2499999999999999,1.0900000000000003,1.76,3.55,4.85,1.84,3.46,4.51,0.538021655234911,0.26673749667984314,0.19524084808524603,0.5155239284558003,0.27415145328285334,0.21032461826134646
2026-01-08,Serie A,Cremonese,Cagliari,D,0.4332063328485545,0.2766697228015867,0.2901239443498587,H,0.35,0.4,0.2499999999999999,1.0900000000000003,2.35,3.12,3.12,2.44,2.86,3.31,0.39897698209718674,0.30051150895140666,0.30051150895140666,0.3860546298335331,0.3293612925852521,0.28458407758121473
2026-01-08,Premier League,Arsenal,Liverpool,D,0.5690908320329404,0.2242407299010668,0.2066684380659925,H,0.35,0.4,0.2499999999999999,1.0900000000000003,1.6,4.11,5.25,1.57,4.16,5.65,0.5902991505601379,0.2298001559358201,0.17990069350404203,0.6041274157771226,0.22800001028126984,0.16787257394160754
2026-01-08,Serie A,Milan,Genoa,D,0.7143798962128842,0.1780353912945205,0.1075847124925949,H,0.35,0.4,0.2499999999999999,1.0900000000000003,1.41,4.34,8.0,1.46,4.01,7.87,0.6661626956565118,0.21642612923402801,0.1174111751094602,0.6453259991616141,0.23495659819849296,0.11971740263989286
2026-01-09,Bundesliga,Ein Frankfurt,Dortmund,D,0.3163536497580695,0.2576302698723479,0.4260160803695824,A,0.35,0.4,0.2499999999999999,1.0900000000000003,3.47,3.67,1.99,3.31,3.66,2.05,0.2710598103438677,0.2562881585540112,0.4726520311021211,0.28417117686938276,0.2569963375512724,0.4588324855793449
2026-01-09,La Liga,Getafe,Sociedad,A,0.370834065355778,0.2754340025023916,0.3537319321418302,H,0.35,0.4,0.2499999999999999,1.0900000000000003,3.38,2.83,2.43,3.44,2.89,2.37,0.2789172483441963,0.3331237807079094,0.3879589709478944,0.27459037753019805,0.32684806183525295,0.39856156063454895
2026-01-10,Serie A,Udinese,Pisa,D,0.4919045288002238,0.2741198625463668,0.2339756086534091,H,0.35,0.4,0.2499999999999999,1.0900000000000003,1.86,3.32,4.49,1.89,3.26,4.4,0.5064586490177825,0.2837388816786372,0.20980246930358026,0.4976857473960322,0.288535602017945,0.21377865058602288
2026-01-10,Serie A,Como,Bologna,D,0.4515082795272105,0.25137628696729,0.2971154335054992,H,0.35,0.4,0.2499999999999999,1.0900000000000003,1.93,3.34,4.02,1.95,3.27,4.11,0.48592191548806435,0.28078721463831263,0.23329086987362294,0.4829091614655759,0.2879733531675452,0.229117485366879
2026-01-10,Bundesliga,Freiburg,Hamburg,H,0.6140833042887168,0.2273051977707877,0.1586114979404953,H,0.35,0.4,0.2499999999999999,1.0900000000000003,1.76,3.6,4.49,1.76,3.58,4.6,0.5316685524826987,0.25992684788043047,0.20840459963687075,0.5335527850496359,0.26230527980093826,0.20414193514942588
2026-01-10,Bundesliga,Union Berlin,Mainz,D,0.4664644480181361,0.2769033301293493,0.2566322218525144,H,0.35,0.4,0.2499999999999999,1.0900000000000003,2.12,3.17,3.57,2.1,3.17,3.72,0.44196799931265307,0.2955748134204494,0.26245718726689765,0.44903927437227265,0.297470812675638,0.2534899129520894
2026-01-10,Serie A,Atalanta,Torino,H,0.5579329497775489,0.2545186705845974,0.1875483796378535,H,0.35,0.4,0.2499999999999999,1.0900000000000003,1.6,3.9,5.54,1.58,3.77,6.26,0.5885589757559249,0.24146009261781537,0.1699809316262599,0.5982670682120077,0.2507326174469423,0.15100031434104988
2026-01-10,Bundesliga,Leverkusen,Stuttgart,A,0.6223295726026074,0.2042735916467845,0.173396835750608,H,0.35,0.4,0.2499999999999999,1.0900000000000003,1.92,3.88,3.47,2.14,3.68,3.09,0.48824322952175114,0.2416048970829284,0.2701518733953205,0.4397385823117676,0.25571754514869094,0.30454387253954135
2026-01-10,La Liga,Girona,Osasuna,H,0.3799562367204583,0.2840399076519799,0.3360038556275616,H,0.35,0.4,0.2499999999999999,1.0900000000000003,2.36,3.2,3.07,2.49,3.09,2.97,0.3990057348951311,0.29426672948515914,0.3067275356197099,0.3781849200756592,0.30475095501242444,0.31706412491191627
2026-01-10,La Liga,Villarreal,Alaves,H,0.7218517871987766,0.1808329128854405,0.0973152999157827,H,0.35,0.4,0.2499999999999999,1.0900000000000003,1.46,4.32,6.96,1.44,4.37,7.25,0.6461062403300669,0.21835997937080964,0.13553378029912325,0.6543902444062104,0.21563431394621121,0.12997544164757835
2026-01-10,La Liga,Oviedo,Betis,D,0.2394729700963067,0.2337415988006308,0.5267854311030624,A,0.35,0.4,0.2499999999999999,1.0900000000000003,4.13,3.42,1.9,3.85,3.36,1.98,0.22824345969033635,0.27562733582487986,0.4961292044847837,0.24448217317487264,0.2801358234295416,0.47538200339558573
2026-01-10,Bundesliga,Heidenheim,FC Koln,D,0.3741874320030648,0.2874024916258035,0.3384100763711314,H,0.35,0.4,0.2499999999999999,1.0900000000000003,2.88,3.48,2.3,2.71,3.41,2.49,0.3247006133774705,0.2687177490020446,0.4065816376204849,0.3468519070747838,0.2756506358277607,0.3774974570974554
2026-01-10,Serie A,Roma,Sassuolo,H,0.6714620118966278,0.2040654359051013,0.1244725521982707,H,0.35,0.4,0.2499999999999999,1.0900000000000003,1.54,3.97,6.3,1.68,3.54,5.49,0.612612303682875,0.23763802208353338,0.14974967423359165,0.5616124837451236,0.2665279583875163,0.17185955786736024
2026-01-10,La Liga,Valencia,Elche,D,0.4470328012519409,0.2720613425140239,0.2809058562340352,H,0.35,0.4,0.2499999999999999,1.0900000000000003,2.18,3.18,3.48,2.02,3.19,3.95,0.432531307161953,0.2965151728342948,0.2709535200037521,0.4662828003981749,0.2952637168665559,0.23845348273526915
2026-01-11,Serie A,Fiorentina,Milan,D,0.2579868138023075,0.2393006156601136,0.5027125705375788,A,0.35,0.4,0.2499999999999999,1.0900000000000003,3.67,3.4,2.01,3.3,3.26,2.21,0.2560634275929513,0.27639787625474443,0.4675386961523041,0.28526742583822995,0.288767639652196,0.4259649345095742
2026-01-11,Serie A,Lecce,Parma,A,0.3936843911437027,0.2995264853301043,0.3067891235261928,H,0.35,0.4,0.2499999999999999,1.0900000000000003,2.66,2.95,2.88,2.77,2.87,2.83,0.3539439588731784,0.3191494680008999,0.32690657312592175,0.3396790611891548,0.3278435538306476,0.33247738498019747
2026-01-11,La Liga,Vallecano,Mallorca,H,0.4168959983505568,0.2780241333303654,0.3050798683190776,H,0.35,0.4,0.2499999999999999,1.0900000000000003,1.88,3.23,4.46,1.89,3.17,4.64,0.4991095866680525,0.29050341267366525,0.21038700065828225,0.499116041222001,0.29758022646989957,0.20330373230809953
2026-01-11,Serie A,Inter,Napoli,D,0.5671576238740615,0.2187169140985476,0.2141254620273907,H,0.35,0.4,0.2499999999999999,1.0900000000000003,1.73,3.54,4.91,1.71,3.46,5.3,0.5431704474076482,0.2654477045240767,0.1913818480682752,0.5503997887002665,0.27201839268134564,0.1775818186183879
2026-01-11,Bundesliga,M'gladbach,Augsburg,H,0.4468667727370846,0.2914231940640457,0.2617100331988695,H,0.35,0.4,0.2499999999999999,1.0900000000000003,1.87,3.63,3.88,1.91,3.61,3.81,0.5007234758124437,0.25794845723671345,0.24132806695084277,0.4925142249420797,0.2605823184596599,0.24690345659826043
2026-01-11,Serie A,Verona,Lazio,A,0.2537770708943681,0.2501928614584043,0.4960300676472275,A,0.35,0.4,0.2499999999999999,1.0900000000000003,3.35,2.99,2.31,3.54,2.85,2.33,0.28006357985394476,0.31378360953535617,0.4061528106106991,0.26585714457295906,0.3302225585222018,0.4039202969048391
2026-01-11,Bundesliga,Bayern Munich,Wolfsburg,H,0.8484423865167146,0.1066464102341818,0.0449112032491034,H,0.35,0.4,0.2499999999999999,1.0900000000000003,1.1,10.11,18.06,1.12,9.31,16.69,0.8549118430367797,0.09301711447482273,0.052071042488397445,0.8421713578954156,0.1013138475663658,0.05651479453821843
2026-01-11,La Liga,Levante,Espanol,D,0.3303581243544549,0.2948021707229216,0.3748397049226233,A,0.35,0.4,0.2499999999999999,1.0900000000000003,3.05,3.28,2.31,3.12,3.24,2.32,0.3076710671111779,0.2860965715515526,0.40623236133726953,0.3023166023166023,0.2911196911196911,0.40656370656370655
2026-01-12,Serie A,Juventus,Cremonese,H,0.697877567631275,0.1953110643699946,0.1068113679987303,H,0.35,0.4,0.2499999999999999,1.0900000000000003,1.24,5.77,11.91,1.24,5.84,11.5,0.7581392680588545,0.1629276763246065,0.078933055616539,0.7574868939879271,0.16083625831250506,0.08167684769956778
2026-01-12,Serie A,Genoa,Cagliari,H,0.4508591995926701,0.2685499909197066,0.2805908094876231,H,0.35,0.4,0.2499999999999999,1.0900000000000003,2.09,2.98,3.96,2.14,2.93,3.96,0.44860751024504475,0.31462741490340385,0.23676507485155138,0.4403774186447239,0.32164084501696555,0.2379817363383104
2026-01-12,La Liga,Sevilla,Celta,A,0.2938498684060227,0.2840747587403374,0.4220753728536399,A,0.35,0.4,0.2499999999999999,1.0900000000000003,2.54,3.27,2.71,2.66,3.05,2.81,0.36845606609316073,0.2862013479745041,0.3453425859323352,0.3547671381441421,0.30940347129948137,0.33582939055637656
2026-01-13,Bundesliga,Stuttgart,Ein Frankfurt,H,0.513180978690867,0.2303779051274577,0.2564411161816752,H,0.35,0.4,0.2499999999999999,1.0900000000000003,1.72,4.11,4.2,1.65,4.24,4.53,0.5470413751140858,0.22893215698205047,0.22402646790386366,0.5703239829323261,0.22194211599960803,0.2077339010680658
2026-01-13,Bundesliga,Mainz,Heidenheim,H,0.5140686195357982,0.2491469817130197,0.2367843987511819,H,0.35,0.4,0.2499999999999999,1.0900000000000003,1.75,3.74,4.47,1.74,3.73,4.52,0.5378040424251977,0.25164627653585453,0.2105496810389477,0.5401190468562789,0.25195901917692365,0.20792193396679765
2026-01-13,Bundesliga,Dortmund,Werder Bremen,H,0.6668930308837453,0.1973676672016125,0.135739301914642,H,0.35,0.4,0.2499999999999999,1.0900000000000003,1.37,5.18,7.28,1.4,5.02,6.92,0.6883896853995758,0.18206445347440517,0.12954586112601904,0.6751298236885475,0.1882832177617463,0.13658695854970615
2026-01-14,Bundesliga,RB Leipzig,Freiburg,H,0.5474679994083447,0.2291066427122031,0.2234253578794521,H,0.35,0.4,0.2499999999999999,1.0900000000000003,1.72,3.93,4.3,1.71,3.9,4.55,0.5441705898643036,0.2381611741899751,0.2176682359457214,0.5511811023622047,0.24167171411265906,0.2071471835251363
2026-01-14,Serie A,Inter,Lecce,H,0.8318329994519522,0.1191288859569551,0.0490381145910925,H,0.35,0.4,0.2499999999999999,1.0900000000000003,1.13,8.06,20.69,1.16,7.36,16.16,0.8369501663497264,0.11733916724257949,0.04571066640769409,0.8134109511095549,0.12820063903357112,0.058388409856873984
2026-01-14,Bundesliga,Wolfsburg,St Pauli,H,0.484005551948071,0.2842765254907312,0.2317179225611976,H,0.35,0.4,0.2499999999999999,1.0900000000000003,1.87,3.58,3.93,1.84,3.49,4.34,0.5004570822854825,0.2614119396295677,0.2381309780849497,0.5125093896554758,0.2702055234859815,0.21728508685854273
2026-01-14,Bundesliga,Hoffenheim,M'gladbach,H,0.4978355759196933,0.2669144493040953,0.2352499747762112,H,0.35,0.4,0.2499999999999999,1.0900000000000003,1.81,3.86,3.87,1.9,3.81,3.65,0.5163656475224252,0.24213000570352064,0.24150434677405413,0.495236908174712,0.24696853688502698,0.25779455494026104
2026-01-14,Bundesliga,FC Koln,Bayern Munich,A,0.0690084852143646,0.1252626482067514,0.8057288665788839,A,0.35,0.4,0.2499999999999999,1.0900000000000003,9.9,6.86,1.22,9.66,6.79,1.23,0.09471578022933141,0.1366889539752742,0.7685952657953944,0.09731092025740781,0.1384423401600235,0.7642467395825687
2026-01-14,Serie A,Napoli,Parma,D,0.7437495388646,0.1616439527673148,0.094606508368085,H,0.35,0.4,0.2499999999999999,1.0900000000000003,1.31,4.98,10.2,1.29,5.17,10.77,0.718657419590333,0.1890444216191438,0.09229815879052318,0.7303035668614373,0.18222274685710915,0.08747368628145351
2026-01-15,Serie A,Verona,Bologna,A,0.2399392526466896,0.2404422379941545,0.5196185093591557,A,0.35,0.4,0.2499999999999999,1.0900000000000003,3.58,3.23,2.1,3.72,3.08,2.14,0.26225236232040955,0.29066980096194,0.4470778367176505,0.25341412401574803,0.3060716043307086,0.4405142716535433
2026-01-15,Bundesliga,Augsburg,Union Berlin,D,0.3485195327166119,0.272300523617575,0.379179943665813,A,0.35,0.4,0.2499999999999999,1.0900000000000003,2.55,3.13,2.81,2.59,3.13,2.79,0.36735401360771525,0.29928202386571046,0.3333639625265743,0.36287216139286527,0.3002680185327543,0.3368598200743803
2026-01-15,Serie A,Como,Milan,A,0.3198451785011475,0.2537583381859136,0.4263964833129388,A,0.35,0.4,0.2499999999999999,1.0900000000000003,2.86,3.22,2.47,3.08,3.16,2.37,0.32828933247478,0.2915861772912642,0.3801244902339557,0.30541237113402064,0.297680412371134,0.3969072164948454
2026-01-16,Bundesliga,Werder Bremen,Ein Frankfurt,D,0.3408239903583975,0.2424548669529435,0.4167211426886589,A,0.35,0.4,0.2499999999999999,1.0900000000000003,2.65,3.5,2.49,2.57,3.45,2.58,0.35443398336620785,0.26835715883441447,0.37720885779937774,0.3648234903537571,0.2717670638287408,0.3634094458175022
2026-01-16,La Liga,Espanol,Girona,A,0.4991331747770378,0.2750394087297148,0.2258274164932473,H,0.35,0.4,0.2499999999999999,1.0900000000000003,1.87,3.43,4.26,1.85,3.41,4.4,0.5039924669134006,0.2747714032443321,0.22123612984226743,0.5094304388422036,0.27637721755368816,0.21419234360410835
2026-01-16,Serie A,Pisa,Atalanta,D,0.2156775572064292,0.2558560297312381,0.5284664130623326,A,0.35,0.4,0.2499999999999999,1.0900000000000003,6.08,3.98,1.55,6.11,4.06,1.53,0.1550334997009404,0.23683509502053204,0.6081314052785275,0.15388426599152272,0.2315844495586709,0.6145312844498064
2026-01-16,Ligue 1,Monaco,Lorient,A,0.5657479734648068,0.2374888400115184,0.1967631865236746,H,0.35,0.4,0.2499999999999999,1.0900000000000003,1.65,4.15,4.66,1.62,4.17,4.88,0.5708845625894821,0.2269781995837699,0.20213723782674792,0.581241109835307,0.22580589878493942,0.19295299137975355
2026-01-16,Ligue 1,Paris SG,Lille,H,0.695080023468261,0.1714185725160147,0.133501404015724,H,0.35,0.4,0.2499999999999999,1.0900000000000003,1.31,5.52,8.43,1.27,6.05,9.35,0.718021358441306,0.17039999629675925,0.11157864526193487,0.7430821472436961,0.15598583917347011,0.1009320135828336
2026-01-17,Premier League,Tottenham,West Ham,A,0.5204721410536206,0.2533677149251084,0.2261601440212708,H,0.35,0.4,0.2499999999999999,1.0900000000000003,1.71,3.91,4.63,1.84,3.72,4.13,0.5535043278594295,0.2420696676827684,0.20442600445780224,0.5154255961566848,0.2549416927226613,0.22963271112065378
2026-01-17,Premier League,Liverpool,Burnley,D,0.7826874565087508,0.1548683064377751,0.0624442370534738,H,0.35,0.4,0.2499999999999999,1.0900000000000003,1.22,6.4,12.44,1.23,6.38,11.91,0.7759783549446008,0.1479208739113145,0.07610077114408464,0.7715665219709085,0.14875028558373316,0.0796831924453583
2026-01-17,Bundesliga,Hoffenheim,Leverkusen,H,0.3290071113699425,0.2411388753414344,0.4298540132886229,A,0.35,0.4,0.2499999999999999,1.0900000000000003,2.37,3.74,2.65,2.31,3.71,2.77,0.3955650101974433,0.2506655278523905,0.35376946195016634,0.4070705670317482,0.2534590323027866,0.33947040066546513
2026-01-17,Bundesliga,Wolfsburg,Heidenheim,D,0.5383310891014503,0.2537791843098071,0.2078897265887425,H,0.35,0.4,0.2499999999999999,1.0900000000000003,1.65,3.99,4.76,1.67,4.01,4.75,0.5681261385765437,0.23493938061436018,0.19693448080909604,0.5655987671001019,0.2355486137299676,0.19885261916993052
2026-01-17,Bundesliga,FC Koln,Mainz,H,0.3609858267617191,0.27527769509825,0.3637364781400307,A,0.35,0.4,0.2499999999999999,1.0900000000000003,2.15,3.53,3.14,2.08,3.47,3.39,0.43596187958953303,0.2655291901182708,0.29850893029219616,0.4518767214323854,0.27086558518137227,0.2772576933862424
2026-01-17,Bundesliga,Dortmund,St Pauli,H,0.7448491944809937,0.168986884391402,0.0861639211276041,H,0.35,0.4,0.2499999999999999,1.0900000000000003,1.32,5.1,9.14,1.3,5.1,10.27,0.7126346107982169,0.1844466051477738,0.10291878405400945,0.7238591448077615,0.18451311534315493,0.09162773984908375
2026-01-17,Premier League,Chelsea,Brentford,H,0.4777998812744979,0.2498246265401895,0.2723754921853124,H,0.35,0.4,0.2499999999999999,1.0900000000000003,1.69,3.97,4.75,1.86,3.78,3.93,0.5613303447311002,0.23895422735404517,0.19971542791485458,0.5088162762022194,0.25036991368680644,0.24081381011097408
2026-01-17,Premier League,Man United,Man City,H,0.2227465344840819,0.2345434894227034,0.5427099760932145,A,0.35,0.4,0.2499999999999999,1.0900000000000003,3.55,3.87,1.94,3.01,3.63,2.23,0.26686524510100135,0.24479886824510455,0.48833588665389427,0.3145666155011949,0.2608389842034702,0.42459440029533485
2026-01-17,Ligue 1,Angers,Marseille,A,0.2263720061659105,0.2433650343716822,0.5302629594624071,A,0.35,0.4,0.2499999999999999,1.0900000000000003,5.5,3.93,1.59,5.62,4.05,1.57,0.17068893459751372,0.23887764383875965,0.5904334215637267,0.16758075950968432,0.23254416504800637,0.5998750754423093
2026-01-17,Ligue 1,Lens,Auxerre,H,0.7110529044517511,0.1866441846370786,0.1023029109111701,H,0.35,0.4,0.2499999999999999,1.0900000000000003,1.42,4.46,7.24,1.46,4.32,6.74,0.6602759669886554,0.21022239307710552,0.12950163993423905,0.6432604872703492,0.21739822023488656,0.1393412924947641
2026-01-17,La Liga,Real Madrid,Levante,H,0.8259382962932755,0.120749988574693,0.0533117151320313,H,0.35,0.4,0.2499999999999999,1.0900000000000003,1.16,8.13,14.17,1.14,8.56,15.19,0.8166301718082003,0.11651795809317493,0.06685187009862473,0.8276590787860579,0.11022562497851705,0.06211529623542502
2026-01-17,Premier League,Sunderland,Crystal Palace,H,0.3102254471856968,0.2667899696769737,0.4229845831373293,A,0.35,0.4,0.2499999999999999,1.0900000000000003,2.69,3.15,2.74,2.38,3.13,3.15,0.35264411585652355,0.3011468798901741,0.3462090042533023,0.3974659254451562,0.3022264864407258,0.300307588114118
2026-01-17,Ligue 1,Toulouse,Nice,H,0.4264520769943128,0.255196265400653,0.3183516576050339,H,0.35,0.4,0.2499999999999999,1.0900000000000003,1.92,3.51,3.82,1.95,3.46,3.81,0.48789380608257105,0.266882081959697,0.24522411195773203,0.48183602530785,0.2715549853613605,0.24660898933078934
2026-01-17,Bundesliga,Hamburg,M'gladbach,D,0.3810091940112729,0.2692419410478029,0.349748864940924,H,0.35,0.4,0.2499999999999999,1.0900000000000003,2.39,3.44,2.79,2.41,3.41,2.81,0.39194194541660365,0.2723085027749078,0.3357495518084884,0.3899553562344591,0.2755989467815385,0.33444569698400234
2026-01-17,Premier League,Leeds,Fulham,H,0.347851056362793,0.2636490244393374,0.3884999191978695,A,0.35,0.4,0.2499999999999999,1.0900000000000003,2.17,3.33,3.41,2.31,3.34,3.1,0.4370600167044506,0.2848108817563537,0.2781291015391958,0.4103779567505866,0.2838242754772021,0.3057977677722113
2026-01-17,La Liga,Osasuna,Oviedo,H,0.5085819738335384,0.2713288769804901,0.2200891491859714,H,0.35,0.4,0.2499999999999999,1.0900000000000003,1.77,3.39,4.99,1.73,3.48,5.22,0.5328123671205435,0.27819406778860234,0.18899356509085408,0.5468831849135674,0.2718700890518596,0.1812467260345731
2026-01-17,Serie A,Cagliari,Juventus,H,0.134847410108435,0.2094776461201633,0.6556749437714015,A,0.35,0.4,0.2499999999999999,1.0900000000000003,6.65,4.03,1.5,6.8,3.97,1.51,0.14117399782809234,0.23295461180069826,0.6258713903712093,0.13857790456023875,0.2373626576850437,0.6240594377547175
2026-01-17,Serie A,Napoli,Sassuolo,H,0.7303897402091367,0.1680142662100033,0.1015959935808598,H,0.35,0.4,0.2499999999999999,1.0900000000000003,1.44,4.26,7.48,1.43,4.19,7.94,0.6533635155750208,0.22085527287042958,0.12578121155454944,0.6572938584792896,0.22432702091297946,0.11837912060773098
2026-01-17,Bundesliga,RB Leipzig,Bayern Munich,A,0.1868723679596256,0.1942861655335339,0.6188414665068405,A,0.35,0.4,0.2499999999999999,1.0900000000000003,4.9,4.69,1.54,4.12,4.33,1.7,0.19132917964693666,0.1998961578400831,0.6087746625129804,0.22856983163895844,0.21748445874191888,0.5539457096191228
2026-01-17,La Liga,Mallorca,Ath Bilbao,H,0.3228014891121735,0.2613011999251777,0.4158973109626487,A,0.35,0.4,0.2499999999999999,1.0900000000000003,3.62,3.04,2.2,3.64,3.09,2.15,0.26067163481026473,0.3104050388201179,0.4289233263696174,0.2583300605433738,0.3043111392808676,0.4373588001757585
2026-01-17,La Liga,Betis,Villarreal,H,0.3361400122672668,0.2366544316506992,0.4272055560820337,A,0.35,0.4,0.2499999999999999,1.0900000000000003,2.53,3.51,2.63,2.55,3.45,2.64,0.3727483798025479,0.26867618259271964,0.3585754376047323,0.3696803652968037,0.2732420091324201,0.35707762557077627
2026-01-17,Premier League,Nott'm Forest,Arsenal,D,0.163400806764153,0.2102050878435826,0.6263941053922641,A,0.35,0.4,0.2499999999999999,1.0900000000000003,6.1,4.16,1.54,5.79,3.87,1.6,0.15558426671588582,0.22814039109781328,0.6162753421863009,0.16353566646330353,0.2446696405226169,0.5917946930140796
2026-01-17,Serie A,Udinese,Inter,A,0.1435272403596902,0.2043837749045423,0.6520889847357674,A,0.35,0.4,0.2499999999999999,1.0900000000000003,7.18,4.61,1.41,6.87,4.37,1.46,0.13072438294012714,0.20360109967681406,0.6656745173830588,0.1374086573355186,0.21601772903776037,0.6465736136267212
2026-01-18,La Liga,Celta,Vallecano,H,0.5443236239191082,0.2494266438360239,0.2062497322448677,H,0.35,0.4,0.2499999999999999,1.0900000000000003,2.03,3.18,3.86,1.9,3.27,4.39,0.4620492358653919,0.29495595874425956,0.2429948053903486,0.4965633896358611,0.28852307043062264,0.21491353993351622
2026-01-18,Bundesliga,Stuttgart,Union Berlin,D,0.5749070453707206,0.2375056316626155,0.1875873229666639,H,0.35,0.4,0.2499999999999999,1.0900000000000003,1.64,3.86,4.98,1.58,4.08,5.47,0.5700644120473067,0.24220353257968474,0.1877320553730086,0.5966219864943619,0.23104478888752253,0.1723332246181155
2026-01-18,Ligue 1,Nantes,Paris FC,A,0.3936903181962077,0.3013993297220443,0.3049103520817479,H,0.35,0.4,0.2499999999999999,1.0900000000000003,2.98,3.21,2.38,2.62,3.15,2.73,0.3144209399950613,0.29189233681784504,0.3936867231870936,0.3582363747703613,0.29796168314233223,0.3438019420873064
2026-01-18,Serie A,Torino,Roma,A,0.2460991541435322,0.2578293767528501,0.4960714691036176,A,0.35,0.4,0.2499999999999999,1.0900000000000003,3.53,3.18,2.13,4.32,3.27,1.91,0.26543928332098893,0.2946542987808462,0.43990641789816476,0.21820335181478026,0.2882686482690675,0.49352799991615226
2026-01-18,Premier League,Wolves,Newcastle,D,0.2145547633195605,0.2385268768903062,0.546918359790133,A,0.35,0.4,0.2499999999999999,1.0900000000000003,4.6,3.98,1.7,4.5,3.98,1.72,0.20569100747856756,0.23773332522648505,0.5565756672949475,0.21066236659732393,0.23818609288642154,0.5511515405162546
2026-01-18,La Liga,Sociedad,Barcelona,H,0.1343795077833502,0.1918046844797329,0.6738158077369167,A,0.35,0.4,0.2499999999999999,1.0900000000000003,4.93,4.5,1.56,4.7,4.37,1.62,0.190265558681476,0.20844648984437256,0.6012879514741516,0.20093436723016317,0.21610790068232652,0.5829577320875104
2026-01-18,La Liga,Getafe,Valencia,A,0.3956708906554285,0.2720603135394441,0.3322687958051272,H,0.35,0.4,0.2499999999999999,1.0900000000000003,2.51,2.77,3.26,2.47,2.73,3.44,0.37368148807183793,0.3386066913575138,0.2877118205706482,0.38127408032933974,0.3449622631551169,0.2737636565155434
2026-01-18,Ligue 1,Lyon,Brest,H,0.5277320279827963,0.260573592309903,0.2116943797073006,H,0.35,0.4,0.2499999999999999,1.0900000000000003,1.62,4.02,5.02,1.64,3.87,5.16,0.5794769304986044,0.2335205540815272,0.18700251541986837,0.5741839762611276,0.24332344213649854,0.1824925816023739
2026-01-18,Ligue 1,Strasbourg,Metz,H,0.6060616611416392,0.2253073421202505,0.1686309967381101,H,0.35,0.4,0.2499999999999999,1.0900000000000003,1.52,4.34,5.58,1.42,4.7,7.02,0.6162827390343957,0.2158409592931524,0.16787630167245188,0.6647137987444698,0.20082842430152065,0.13445777695400954
2026-01-18,Premier League,Aston Villa,Everton,A,0.6154725223375787,0.2157096314090337,0.1688178462533875,H,0.35,0.4,0.2499999999999999,1.0900000000000003,1.66,3.87,5.09,1.6,3.94,5.77,0.5697777674932532,0.24440079949323001,0.18582143301351675,0.5940402092511589,0.24123460274158737,0.16472518800725378
2026-01-18,Bundesliga,Augsburg,Freiburg,D,0.3036870652523723,0.2572465746424006,0.439066360105227,A,0.35,0.4,0.2499999999999999,1.0900000000000003,2.83,3.29,2.44,2.59,3.2,2.75,0.33112380638109185,0.28482686080805164,0.3840493328108565,0.36347865595506085,0.29419053716362736,0.34233080688131184
2026-01-18,Serie A,Parma,Genoa,D,0.3850013997463911,0.2872109992391624,0.3277876010144464,H,0.35,0.4,0.2499999999999999,1.0900000000000003,2.83,2.74,2.87,2.84,2.73,2.9,0.33124544546990115,0.34212577032110225,0.32662878420899655,0.3311693200926956,0.3445131388510093,0.324317541056295
2026-01-18,La Liga,Ath Madrid,Alaves,H,0.7112861167481674,0.1921348019625523,0.09657908128928,H,0.35,0.4,0.2499999999999999,1.0900000000000003,1.3,5.12,10.03,1.35,4.8,8.98,0.722795382315767,0.18352226504111271,0.09368235264312036,0.6985269094268074,0.1964606932762896,0.1050123972969031
2026-01-18,Serie A,Bologna,Fiorentina,A,0.507988975919516,0.2590371023857911,0.2329739216946927,H,0.35,0.4,0.2499999999999999,1.0900000000000003,2.14,3.3,3.41,2.33,3.28,3.05,0.4393574987115616,0.28491668098264905,0.27572582030578935,0.4041546647059537,0.2870976734039244,0.308747661890122
2026-01-18,Ligue 1,Rennes,Le Havre,D,0.6270168131351757,0.2165094456530851,0.156473741211739,H,0.35,0.4,0.2499999999999999,1.0900000000000003,1.64,3.9,4.98,1.59,4.22,5.14,0.5714840577663217,0.24031637300942763,0.18819956922425052,0.5930790852318091,0.22345870746885696,0.18346220729933393
2026-01-18,Serie A,Milan,Lecce,H,0.7481705393904415,0.1658709393817934,0.0859585212277648,H,0.35,0.4,0.2499999999999999,1.0900000000000003,1.27,5.21,11.59,1.28,5.11,11.56,0.7389130432122408,0.18011891840298386,0.08096803838477531,0.7346373300567597,0.18401874412380673,0.08134392581943359
2026-01-19,La Liga,Elche,Sevilla,D,0.4537995396667981,0.274867489695795,0.2713329706374067,H,0.35,0.4,0.2499999999999999,1.0900000000000003,2.23,3.3,3.16,2.39,3.04,3.19,0.4199115721315304,0.2837584260161554,0.2963300018523141,0.3944150028673339,0.3100828476489895,0.29550214948367654
2026-01-19,Premier League,Brighton,Bournemouth,D,0.5198164052919356,0.2367920452167003,0.2433915494913638,H,0.35,0.4,0.2499999999999999,1.0900000000000003,1.85,3.92,3.75,1.96,3.79,3.55,0.5088353900205956,0.2401391509025771,0.2510254590768272,0.4832638312698224,0.24992008160655724,0.26681608712362026
2026-01-19,Serie A,Lazio,Como,A,0.450902112527885,0.2719518934323205,0.2771459940397943,H,0.35,0.4,0.2499999999999999,1.0900000000000003,2.65,2.94,2.87,3.11,2.85,2.56,0.35401920761255834,0.3190989456371699,0.3268818467502716,0.30247376778007634,0.3300678658933464,0.36745836632657713
2026-01-19,Serie A,Cremonese,Verona,D,0.4595233094703001,0.2732501567142451,0.2672265338154546,H,0.35,0.4,0.2499999999999999,1.0900000000000003,2.49,2.99,3.03,2.4,3.01,3.18,0.3767105345225472,0.31371546185991395,0.30957400361753884,0.39184044408419916,0.3124309188711223,0.2957286370446786
2026-01-23,La Liga,Levante,Elche,H,0.4140554711890906,0.2747559598225427,0.3111885689883665,H,0.35,0.4,0.2499999999999999,1.0900000000000003,2.23,3.24,3.21,2.23,3.33,3.18,0.41964339752823404,0.2888286347185067,0.2915279677532591,0.42177586062684463,0.28245050126061966,0.2957736381125357
2026-01-23,Ligue 1,Auxerre,Paris SG,A,0.0998536898976876,0.1664932500850974,0.7336530600172146,A,0.35,0.4,0.2499999999999999,1.0900000000000003,9.62,5.6,1.29,8.24,5.01,1.35,0.09827795901819993,0.1688274938848363,0.7328945470969638,0.11430642945146098,0.18800099374851068,0.6976925768000285
2026-01-23,Bundesliga,St Pauli,Hamburg,D,0.4472134475940544,0.2654425630167328,0.2873439893892127,H,0.35,0.4,0.2499999999999999,1.0900000000000003,2.85,2.89,2.72,2.81,2.91,2.75,0.3296029652861929,0.3250409865279065,0.3453560481859006,0.3347331964144543,0.3232303374311397,0.342036466154406
2026-01-23,Serie A,Inter,Pisa,H,0.8099161715657337,0.1290948733032466,0.0609889551310196,H,0.35,0.4,0.2499999999999999,1.0900000000000003,1.17,7.18,15.69,1.26,5.88,10.08,0.8080661578155698,0.1316765187526764,0.06025732343175377,0.7466666666666667,0.16,0.09333333333333334
2026-01-24,Ligue 1,Le Havre,Monaco,D,0.2983279921567322,0.2634335114303306,0.4382384964129371,A,0.35,0.4,0.2499999999999999,1.0900000000000003,3.38,3.71,1.99,4.1,3.89,1.78,0.2770433301186916,0.2524006619410182,0.4705560079402902,0.22949700376518004,0.2418863021689558,0.5286166940658641
2026-01-24,Premier League,Bournemouth,Liverpool,H,0.2672613625809292,0.2588868687146685,0.4738517687044021,A,0.35,0.4,0.2499999999999999,1.0900000000000003,3.73,3.87,1.89,4.21,3.98,1.77,0.25397668677146157,0.2447888996531141,0.5012344135754242,0.22541205231008477,0.23843837694106954,0.5361495707488457
2026-01-24,Bundesliga,Heidenheim,RB Leipzig,A,0.1965644296251852,0.2187739865999846,0.5846615837748301,A,0.35,0.4,0.2499999999999999,1.0900000000000003,5.08,4.31,1.56,4.6,4.33,1.62,0.18399045513255544,0.21686113969219997,0.5991484051752447,0.20400411812264796,0.2167249291834135,0.5792709526939386
2026-01-24,Bundesliga,Ein Frankfurt,Hoffenheim,A,0.475448238299628,0.2606242827260848,0.263927478974287,H,0.35,0.4,0.2499999999999999,1.0900000000000003,2.73,3.63,2.33,2.99,3.58,2.21,0.3420276844314501,0.2572274320930741,0.4007448834754759,0.31366283564397257,0.26196979848477037,0.424367365871257
2026-01-24,Premier League,Burnley,Tottenham,D,0.3030327993254135,0.2698702282289625,0.4270969724456238,A,0.35,0.4,0.2499999999999999,1.0900000000000003,3.64,3.39,2.05,3.85,3.33,2.01,0.25978370982875465,0.27894180052409057,0.46127448964715473,0.2456049581136271,0.28395768430554486,0.4704373575808281
2026-01-24,Serie A,Fiorentina,Cagliari,A,0.5410657228020114,0.2501639851549325,0.208770292043056,H,0.35,0.4,0.2499999999999999,1.0900000000000003,1.62,3.81,5.44,1.79,3.46,4.67,0.5803860951964919,0.24677833968984694,0.1728355651136612,0.5261389278725143,0.2721932603733528,0.2016678117541329
2026-01-24,Ligue 1,Marseille,Lens,H,0.4006683810724327,0.2651845281530229,0.3341470907745442,H,0.35,0.4,0.2499999999999999,1.0900000000000003,1.99,3.65,3.43,2.07,3.72,3.22,0.4705040080875804,0.2565213633135028,0.2729746285989169,0.45468831849135677,0.25301204819277107,0.29229963331587216
2026-01-24,Bundesliga,Mainz,Wolfsburg,H,0.4745585826985538,0.2521216224584962,0.2733197948429498,H,0.35,0.4,0.2499999999999999,1.0900000000000003,2.31,3.42,2.91,2.29,3.33,3.06,0.4049807727522432,0.2735396447537081,0.32147958249404873,0.41049998187157827,0.2822957833291034,0.3072042347993184
2026-01-24,Serie A,Como,Torino,H,0.5722563822260014,0.2322337180246856,0.1955098997493128,H,0.35,0.4,0.2499999999999999,1.0900000000000003,1.63,3.72,5.51,1.52,4.01,6.43,0.5767019956614832,0.2526946916473703,0.17060331269114656,0.6190247544600522,0.23464279969558088,0.14633244584436692
2026-01-24,Bundesliga,Union Berlin,Dortmund,A,0.2334017221355963,0.2345353587483807,0.5320629191160229,A,0.35,0.4,0.2499999999999999,1.0900000000000003,3.57,3.4,2.03,3.21,3.25,2.25,0.26256224535989137,0.2756903576278859,0.4617473970122228,0.29288074496845895,0.2892760588765395,0.4178431961550015
2026-01-24,Ligue 1,Rennes,Lorient,A,0.5222399726866125,0.2634210902873686,0.2143389370260187,H,0.35,0.4,0.2499999999999999,1.0900000000000003,1.86,3.59,3.97,1.76,3.7,4.42,0.5033676038977322,0.26079770006957714,0.23583469603269064,0.5336561680132614,0.2538472582982,0.21249657368853847
2026-01-24,La Liga,Villarreal,Real Madrid,A,0.3130735829128667,0.2362531836149439,0.4506732334721892,A,0.35,0.4,0.2499999999999999,1.0900000000000003,3.32,3.84,2.0,3.74,4.05,1.84,0.2837214800803878,0.24530086298616857,0.4709776569334436,0.2527764021085052,0.2334280849100765,0.5137955129814183
2026-01-24,Premier League,Fulham,Brighton,H,0.3931127328092454,0.2626092134556964,0.3442780537350581,H,0.35,0.4,0.2499999999999999,1.0900000000000003,2.54,3.42,2.71,2.57,3.28,2.76,0.37313997681010047,0.2771273511981448,0.34973267199175473,0.3683653705301193,0.28862774459219714,0.3430068848776836
2026-01-24,Serie A,Lecce,Lazio,D,0.2481767098868356,0.2385563578726085,0.5132669322405556,A,0.35,0.4,0.2499999999999999,1.0900000000000003,3.91,3.02,2.11,4.5,2.93,2.0,0.24109267702086604,0.3121431679309888,0.4467641550481451,0.20894990194330543,0.3209128186842575,0.4701372793724372
2026-01-24,Bundesliga,Leverkusen,Werder Bremen,H,0.6643888291141096,0.1962861447922239,0.1393250260936663,H,0.35,0.4,0.2499999999999999,1.0900000000000003,1.59,4.23,4.93,1.54,4.41,5.32,0.5887888464437875,0.2213177933441187,0.18989336021209377,0.6102472597501912,0.21310221769054294,0.17665052255926586
2026-01-24,La Liga,Sevilla,Ath Bilbao,H,0.3143999820043043,0.2631803563590102,0.4224196616366854,A,0.35,0.4,0.2499999999999999,1.0900000000000003,2.88,3.07,2.58,2.61,2.97,2.93,0.3273976339872523,0.30713523970139633,0.36546712631135136,0.3610665073378394,0.3173008700847679,0.3216326225773927
2026-01-24,La Liga,Vallecano,Osasuna,A,0.3996437388652174,0.281322794132109,0.3190334670026734,H,0.35,0.4,0.2499999999999999,1.0900000000000003,2.13,3.15,3.68,2.22,3.09,3.49,0.44345999793419255,0.2998634271745492,0.25667657489125817,0.42470964921608245,0.3051312042911661,0.2701591464927516
2026-01-24,La Liga,Valencia,Espanol,H,0.4090014890122538,0.2802100445054502,0.3107884664822958,H,0.35,0.4,0.2499999999999999,1.0900000000000003,2.39,3.17,3.07,2.39,3.11,3.13,0.39487533221074844,0.29771357854375036,0.30741108924550126,0.39493425403381216,0.3035025296272705,0.3015632163389173
2026-01-24,Premier League,West Ham,Sunderland,H,0.4232102719037863,0.2718950554913472,0.3048946726048663,H,0.35,0.4,0.2499999999999999,1.0900000000000003,2.51,3.24,2.85,2.21,3.32,3.28,0.37659207419279855,0.2917426253777544,0.33166530042944714,0.42745215029282924,0.2845389313696243,0.2880089183375465
2026-01-24,Premier League,Man City,Wolves,H,0.7512445884116692,0.1673506164512579,0.0814047951370727,H,0.35,0.4,0.2499999999999999,1.0900000000000003,1.21,6.68,12.0,1.3,5.63,9.5,0.780048811437602,0.1412962667424399,0.07865492181995819,0.7311288514640348,0.16882193728299208,0.1000492112529732
2026-01-24,Bundesliga,Bayern Munich,Augsburg,A,0.8755014557208403,0.0821580000625191,0.0423405442166405,H,0.35,0.4,0.2499999999999999,1.0900000000000003,1.09,10.35,20.62,1.12,9.33,16.38,0.8634271443268979,0.09093097461993419,0.045641881053167736,0.8414541081793584,0.10101056818444604,0.05753532363619546
2026-01-25,Bundesliga,Freiburg,FC Koln,H,0.5675390861878784,0.2461354270121359,0.1863254867999855,H,0.35,0.4,0.2499999999999999,1.0900000000000003,1.9,3.59,3.78,1.98,3.6,3.57,0.4921517995734989,0.2604703117519911,0.24737788867451008,0.4751447394689559,0.26132960670792577,0.26352565382311843
2026-01-25,Serie A,Genoa,Bologna,H,0.3199724861173892,0.2594579005354842,0.4205696133471263,A,0.35,0.4,0.2499999999999999,1.0900000000000003,2.93,3.0,2.56,3.23,2.98,2.4,0.32038980759924574,0.31291404542193,0.36669614697882424,0.2915684851647411,0.31602892855104486,0.39240258628421404
2026-01-25,Ligue 1,Brest,Toulouse,A,0.4401018763933685,0.2728784350508971,0.2870196885557343,H,0.35,0.4,0.2499999999999999,1.0900000000000003,2.73,3.03,2.69,2.98,2.89,2.62,0.342951995051817,0.3089963519773797,0.3480516529708032,0.31560212741126065,0.3254305673652445,0.3589673052234949
2026-01-25,Premier League,Arsenal,Man United,A,0.6743664296610034,0.1960445437150491,0.1295890266239474,H,0.35,0.4,0.2499999999999999,1.0900000000000003,1.55,4.08,5.89,1.54,4.32,5.69,0.6086205542906493,0.23121614194865353,0.1601633037606972,0.6145783849465699,0.21908581315224945,0.1663358019011806
2026-01-25,Ligue 1,Nantes,Nice,A,0.3433373499119706,0.2475860888577533,0.4090765612302759,A,0.35,0.4,0.2499999999999999,1.0900000000000003,2.88,3.4,2.34,2.7,3.34,2.55,0.3249044398706263,0.27521317259629524,0.39988238753307853,0.3487714987714987,0.2819410319410319,0.36928746928746925
2026-01-25,La Liga,Alaves,Betis,H,0.2470130811841017,0.2501494391850493,0.5028374796308489,A,0.35,0.4,0.2499999999999999,1.0900000000000003,2.8,3.05,2.61,2.66,2.95,2.9,0.33435537728122305,0.30694919881554905,0.35869542390322784,0.35474373859678227,0.31987062531099686,0.325385636092221
2026-01-25,Ligue 1,Metz,Lyon,A,0.1862987298414729,0.2382407564391475,0.5754605137193793,A,0.35,0.4,0.2499999999999999,1.0900000000000003,4.54,3.85,1.7,5.18,3.72,1.66,0.20619368659819798,0.24314787978073216,0.5506584336210699,0.18139092222914147,0.2525819831040195,0.5660270946668391
2026-01-25,La Liga,Ath Madrid,Mallorca,H,0.6838596947515226,0.2011363826030463,0.1150039226454308,H,0.35,0.4,0.2499999999999999,1.0900000000000003,1.28,5.36,10.0,1.32,5.06,9.62,0.7316327422031973,0.17471826679479338,0.09364899100200925,0.7152647572250599,0.18659080623262433,0.09814443654231592
2026-01-25,Bundesliga,M'gladbach,Stuttgart,A,0.2636645585020811,0.258894839842477,0.4774406016554416,A,0.35,0.4,0.2499999999999999,1.0900000000000003,2.89,3.65,2.23,2.88,3.61,2.29,0.3238609460981112,0.2564268860886415,0.4197121678132473,0.32728661976570633,0.26110400690449703,0.41160937332979664
2026-01-25,Premier League,Newcastle,Aston Villa,A,0.3924946806893709,0.2463977597859082,0.3611075595247207,H,0.35,0.4,0.2499999999999999,1.0900000000000003,1.98,3.66,3.54,2.15,3.53,3.26,0.4761211800502712,0.25757375314194997,0.2663050668077788,0.4408054760728253,0.26847925596503525,0.2907152679621394
2026-01-25,Serie A,Roma,Milan,D,0.4070389488907818,0.272731230443823,0.320229820665395,H,0.35,0.4,0.2499999999999999,1.0900000000000003,2.62,3.0,2.87,2.66,2.95,2.89,0.3589085179287519,0.3134467723244433,0.3276447097468048,0.3543447811503788,0.3195108874101721,0.326144331439449
2026-01-25,Premier League,Crystal Palace,Chelsea,A,0.3306346267749739,0.249550115831191,0.419815257393835,A,0.35,0.4,0.2499999999999999,1.0900000000000003,3.5,3.66,2.0,3.39,3.48,2.11,0.2698120162182086,0.25801695539992625,0.4721710283818651,0.27926930844448505,0.2720468263295414,0.4486838652259736
2026-01-25,La Liga,Sociedad,Celta,H,0.3511304852905908,0.2746264206430518,0.3742430940663573,A,0.35,0.4,0.2499999999999999,1.0900000000000003,1.99,3.37,3.77,2.12,3.26,3.54,0.47206420569602614,0.2787560146394932,0.2491797796644807,0.4446071103851073,0.28913100429951766,0.26626188531537504
2026-01-25,Serie A,Juventus,Napoli,H,0.4447537767612075,0.2475119702425982,0.3077342529961941,H,0.35,0.4,0.2499999999999999,1.0900000000000003,2.06,3.08,3.9,1.91,3.12,4.57,0.455158615881292,0.30442426906346154,0.24041711505524657,0.4925810898111331,0.30154803895489235,0.20587087123397466
2026-01-25,Ligue 1,Lille,Strasbourg,A,0.516477722276711,0.2523041160430568,0.231218161680232,H,0.35,0.4,0.2499999999999999,1.0900000000000003,2.0,3.52,3.51,2.46,3.21,2.89,0.46773070050576937,0.26575607983282357,0.26651321966140706,0.38203427103023113,0.292773927331579,0.32519180163818984
2026-01-25,Serie A,Sassuolo,Cremonese,H,0.4411652370556764,0.2669776152660322,0.2918571476782911,H,0.35,0.4,0.2499999999999999,1.0900000000000003,1.91,3.31,4.13,2.04,3.1,4.02,0.49031408824025213,0.2829304859634083,0.22675542579633937,0.46178131530970695,0.3038818978167104,0.23433678687358267
2026-01-25,Premier League,Brentford,Nott'm Forest,A,0.5503238668841257,0.2373664680206298,0.2123096650952443,H,0.35,0.4,0.2499999999999999,1.0900000000000003,1.9,3.49,4.02,1.84,3.5,4.38,0.4957736723818678,0.2699054376864037,0.2343208899317286,0.5139259517519745,0.27017821463532377,0.21589583361270168
2026-01-25,Ligue 1,Paris FC,Angers,D,0.4467504418282423,0.277881609341772,0.2753679488299855,H,0.35,0.4,0.2499999999999999,1.0900000000000003,1.82,3.39,4.5,1.87,3.32,4.41,0.5151140645893268,0.276550913732323,0.20833502167835,0.5031980011204173,0.28342778978770505,0.21337420909187768
2026-01-25,La Liga,Barcelona,Oviedo,H,0.83903961317352,0.1112585035041992,0.0497018833222804,H,0.35,0.4,0.2499999999999999,1.0900000000000003,1.09,9.93,20.27,1.12,9.35,17.46,0.8594443787358704,0.09433981599416907,0.046215805269960476,0.8446425929049421,0.10117643893620698,0.05418096815885082
2026-01-25,Serie A,Atalanta,Parma,H,0.6344253144928793,0.2244478419216315,0.141126843585489,H,0.35,0.4,0.2499999999999999,1.0900000000000003,1.4,4.54,7.65,1.33,4.9,9.22,0.6705214587717435,0.2067687317798328,0.12270980944842366,0.7063742229226863,0.19173014622187196,0.10189563085544172
2026-01-26,La Liga,Girona,Getafe,D,0.5122580259727376,0.2758676385642785,0.2118743354629837,H,0.35,0.4,0.2499999999999999,1.0900000000000003,2.08,3.01,3.93,2.16,2.95,3.87,0.45039121247311004,0.31123379466580364,0.23837499286108624,0.43661584001652154,0.31969159811379205,0.24369256186968644
2026-01-26,Serie A,Verona,Udinese,A,0.3550560462196384,0.2728839663760075,0.372059987404354,A,0.35,0.4,0.2499999999999999,1.0900000000000003,2.72,2.99,2.75,2.92,2.86,2.69,0.3449715338174892,0.3138202581884852,0.3412082079940257,0.3219076629538817,0.3286609705682988,0.3494313664778195
2026-01-26,Premier League,Everton,Leeds,D,0.5380340619948994,0.2612446590787222,0.2007212789263783,H,0.35,0.4,0.2499999999999999,1.0900000000000003,2.48,3.15,2.92,2.49,3.07,3.03,0.3792739448118887,0.29860297877253456,0.32212307641557664,0.3798155248233031,0.30805884586645765,0.31212562931023924
2026-01-27,Bundesliga,Werder Bremen,Hoffenheim,A,0.2885541902656961,0.2626268472451397,0.448818962489164,A,0.35,0.4,0.2499999999999999,1.0900000000000003,3.49,3.61,2.0,3.66,3.7,1.93,0.2694140431137099,0.2604584516528664,0.4701275052334238,0.2573630112301238,0.2545807084060143,0.48805628036386184
2026-01-27,Bundesliga,St Pauli,RB Leipzig,D,0.2176609569367052,0.2253224148326073,0.5570166282306874,A,0.35,0.4,0.2499999999999999,1.0900000000000003,4.49,3.47,1.81,4.75,3.58,1.75,0.20944114126030827,0.27100597240887153,0.5195528863308201,0.19836935011477874,0.26319955671653605,0.5384310931686852
2026-01-30,Ligue 1,Lens,Le Havre,H,0.6755393293870341,0.2059417453689585,0.1185189252440072,H,0.35,0.4,0.2499999999999999,1.0900000000000003,1.38,4.9,7.25,1.42,4.58,7.1,0.679358219230475,0.1913294576608276,0.12931232310869728,0.6622325043377675,0.205320994794679,0.1324465008675535
2026-01-30,Serie A,Lazio,Genoa,H,0.5053996680558401,0.2675504171338574,0.2270499148103024,H,0.35,0.4,0.2499999999999999,1.0900000000000003,2.14,2.93,3.94,2.23,2.87,3.77,0.4398460717823668,0.32125276232568767,0.2389011658919454,0.4222053997526056,0.32805506670672835,0.24973953354066594
2026-01-30,Bundesliga,FC Koln,Wolfsburg,H,0.4595289304259242,0.2395637336297496,0.3009073359443259,H,0.35,0.4,0.2499999999999999,1.0900000000000003,1.97,3.73,3.44,2.03,3.62,3.4,0.47600357618498224,0.25140135256954826,0.2725950712454695,0.4634280421407755,0.25987815622811444,0.27669380163111007
2026-01-30,La Liga,Espanol,Alaves,A,0.5051445319144405,0.2598603877103292,0.2349950803752302,H,0.35,0.4,0.2499999999999999,1.0900000000000003,1.95,3.07,4.47,1.94,3.07,4.51,0.4827604403026817,0.3066393676189672,0.21060019207835107,0.4849479350913632,0.30644918373851615,0.20860288117012074
2026-01-31,Ligue 1,Monaco,Rennes,H,0.4778446405172398,0.2432932511911501,0.2788621082916099,H,0.35,0.4,0.2499999999999999,1.0900000000000003,1.98,3.83,3.31,1.93,3.87,3.51,0.47277778813701543,0.244412537992504,0.2828096738704805,0.48814644716840777,0.24344254341990357,0.2684110094116886
2026-01-31,Ligue 1,Lorient,Nantes,H,0.5209299252546993,0.2677666683716458,0.2113034063736547,H,0.35,0.4,0.2499999999999999,1.0900000000000003,1.82,3.48,4.31,1.86,3.45,4.25,0.514069494046599,0.2688524365416121,0.21707806941178895,0.5058738291155618,0.2727319774362159,0.22139419344822234
2026-01-31,Ligue 1,Paris FC,Marseille,D,0.2099720193796993,0.2390982742790728,0.5509297063412277,A,0.35,0.4,0.2499999999999999,1.0900000000000003,3.78,3.68,1.88,4.28,3.81,1.77,0.247658867665168,0.2543887281995475,0.4979524041352845,0.22019453995121807,0.2473576459294523,0.5324478141193295
2026-01-31,Premier League,Chelsea,West Ham,H,0.6623186745726733,0.2016168385138121,0.1360644869135144,H,0.35,0.4,0.2499999999999999,1.0900000000000003,1.49,4.53,6.05,1.59,4.34,5.11,0.6348402967753592,0.20881060534112256,0.15634909788351822,0.5961201949310403,0.21839426496321523,0.18548554010574445
2026-01-31,Bundesliga,RB Leipzig,Mainz,A,0.5988956763993539,0.2290047848708203,0.1720995387298255,H,0.35,0.4,0.2499999999999999,1.0900000000000003,1.52,4.44,5.41,1.52,4.52,5.44,0.6160277387388311,0.2108923790277079,0.17307988223346088,0.6189287152637939,0.208135320177205,0.1729359645590012
2026-01-31,La Liga,Levante,Ath Madrid,D,0.1741489781538377,0.2274290999930869,0.5984219218530752,A,0.35,0.4,0.2499999999999999,1.0900000000000003,5.25,4.08,1.6,4.87,3.82,1.69,0.17959722680752724,0.231099372730274,0.5893034004621988,0.19392901665690382,0.2472341128584088,0.5588368704846873
2026-01-31,La Liga,Osasuna,Villarreal,D,0.2898185175631452,0.245025740856829,0.4651557415800256,A,0.35,0.4,0.2499999999999999,1.0900000000000003,2.75,3.31,2.53,2.73,3.28,2.56,0.34272723180119746,0.2847431684148921,0.3725295997839103,0.3449794576828267,0.2871322925225966,0.3678882497945769
2026-01-31,Premier League,Leeds,Arsenal,A,0.1650813328153188,0.2104231426979032,0.6244955244867778,A,0.35,0.4,0.2499999999999999,1.0900000000000003,6.16,4.1,1.54,5.87,3.99,1.57,0.15378844711177797,0.2310577644411103,0.6151537884471119,0.1610297803426603,0.2369034613061193,0.6020667583512204
2026-01-31,Bundesliga,Werder Bremen,M'gladbach,D,0.4519911186932989,0.2638117176400975,0.2841971636666036,H,0.35,0.4,0.2499999999999999,1.0900000000000003,2.35,3.49,2.79,2.14,3.48,3.21,0.39751215549232294,0.26766577805356984,0.3348220664541071,0.4382871536523929,0.26952141057934503,0.29219143576826195
2026-01-31,La Liga,Elche,Barcelona,A,0.1086269673199489,0.1668140854423564,0.7245589472376947,A,0.35,0.4,0.2499999999999999,1.0900000000000003,7.55,5.66,1.33,8.62,6.26,1.28,0.12483437613490699,0.16651935332483175,0.7086462705402613,0.10975295722637096,0.15112947145228717,0.7391175713213419
2026-01-31,Bundesliga,Ein Frankfurt,Leverkusen,A,0.3335584644734355,0.2449366734165475,0.4215048621100168,A,0.35,0.4,0.2499999999999999,1.0900000000000003,2.92,3.67,2.21,3.38,3.6,2.04,0.32083084457067357,0.25526595807802915,0.4239031973512973,0.2781059710987912,0.26111060619830956,0.4607834227028991
2026-01-31,Premier League,Brighton,Everton,D,0.4907013569861893,0.2397966764222631,0.2695019665915475,H,0.35,0.4,0.2499999999999999,1.0900000000000003,1.86,3.6,4.13,1.91,3.47,4.08,0.5083806905606959,0.2626633567896929,0.22895595264961124,0.49540032402434026,0.2726843282093631,0.23191534776629655
2026-01-31,Serie A,Pisa,Sassuolo,A,0.4000973811507089,0.2887498988318964,0.3111527200173945,H,0.35,0.4,0.2499999999999999,1.0900000000000003,2.85,3.06,2.59,3.06,3.08,2.43,0.32984155918744457,0.3072053737530121,0.3629530670595433,0.3074306839186692,0.30543438077634016,0.38713493530499077
2026-01-31,Premier League,Wolves,Bournemouth,A,0.2804761925985012,0.2475973798618846,0.471926427539614,A,0.35,0.4,0.2499999999999999,1.0900000000000003,2.95,3.5,2.31,2.94,3.41,2.37,0.32052171499930626,0.2701540169279867,0.40932426807270716,0.3223023820633383,0.2778794730985966,0.39981814483806516
2026-01-31,Premier League,Liverpool,Newcastle,H,0.538922568447894,0.2359960365733134,0.2250813949787924,H,0.35,0.4,0.2499999999999999,1.0900000000000003,1.77,3.99,4.12,1.64,4.22,4.78,0.5338399337522529,0.2368162112134054,0.22934385503434165,0.5774599503028776,0.22441571528358276,0.19812433441353958
2026-01-31,Serie A,Cagliari,Verona,H,0.4885962400733764,0.2753300217589842,0.2360737381676393,H,0.35,0.4,0.2499999999999999,1.0900000000000003,2.18,2.99,3.71,2.18,2.98,3.74,0.43164882543610816,0.3147138593480655,0.25363731521582633,0.43207158031851384,0.31607920976320814,0.2518492099182781
2026-01-31,Bundesliga,Hoffenheim,Union Berlin,H,0.588790085259416,0.2274452300291595,0.1837646847114243,H,0.35,0.4,0.2499999999999999,1.0900000000000003,1.78,3.69,4.3,1.81,3.63,4.23,0.527332065990455,0.2543769857623333,0.2182909482472116,0.5190710410222606,0.2588205466254247,0.2221084123523148
2026-01-31,Serie A,Napoli,Fiorentina,H,0.6301972873807378,0.2051632957058971,0.1646394169133649,H,0.35,0.4,0.2499999999999999,1.0900000000000003,1.78,3.46,4.78,1.92,3.22,4.3,0.5299878228545792,0.27265269499455236,0.1973594821508684,0.4895277962410375,0.2918923505536621,0.21857985320530043
2026-01-31,Bundesliga,Augsburg,St Pauli,H,0.4716463446106562,0.2737254423270545,0.2546282130622892,H,0.35,0.4,0.2499999999999999,1.0900000000000003,1.97,3.22,4.02,2.11,3.06,3.81,0.47577111940956807,0.2910773618747979,0.23315151871563417,0.4457622647136417,0.3073720191326092,0.24686571615374908
2026-01-31,La Liga,Oviedo,Girona,H,0.3637737235054541,0.2883215076821545,0.3479047688123912,H,0.35,0.4,0.2499999999999999,1.0900000000000003,2.67,3.08,2.77,2.78,2.99,2.73,0.3532592718344092,0.30623449863567287,0.3405062295299179,0.33920371670898386,0.315380044297985,0.34541623899303114
2026-01-31,Bundesliga,Hamburg,Bayern Munich,D,0.0620934810540544,0.135452766946626,0.8024537519993193,A,0.35,0.4,0.2499999999999999,1.0900000000000003,8.81,6.15,1.26,9.01,5.94,1.27,0.10610548108956322,0.15199825827626862,0.7418962606341681,0.1040439467684699,0.1578175017481336,0.7381385514833966
2026-02-01,Ligue 1,Lyon,Lille,H,0.5265898295187879,0.229403077633283,0.244007092847929,H,0.35,0.4,0.2499999999999999,1.0900000000000003,1.89,3.63,3.83,2.23,3.38,3.15,0.4964913596383155,0.2585037657620981,0.24500487459958642,0.42235083641095017,0.2786515873362186,0.29899757625283135
2026-02-01,La Liga,Ath Bilbao,Sociedad,D,0.4552165693167438,0.2688578475264424,0.2759255831568136,H,0.35,0.4,0.2499999999999999,1.0900000000000003,2.24,3.1,3.33,2.21,3.1,3.52,0.4174923765075103,0.3016719107667171,0.28083571272577273,0.427214570397225,0.3045626453476991,0.26822278425507595
2026-02-01,La Liga,Real Madrid,Vallecano,H,0.8221924322648775,0.1213024158915364,0.0565051518435859,H,0.35,0.4,0.2499999999999999,1.0900000000000003,1.24,5.96,10.69,1.26,6.17,9.75,0.7552585160458235,0.15713432213033912,0.08760716182383733,0.7499373571837286,0.15314766127252805,0.09691498154374338
2026-02-01,Serie A,Como,Atalanta,D,0.4139309004666937,0.2615820848942145,0.3244870146390917,H,0.35,0.4,0.2499999999999999,1.0900000000000003,2.32,3.27,3.06,2.3,3.24,3.17,0.40524384613515424,0.2875124535270819,0.307243700337764,0.41060534584909136,0.29147910353484874,0.2979155506160599
2026-02-01,Ligue 1,Toulouse,Auxerre,D,0.6110365612416243,0.2227746134412956,0.16618882531708,H,0.35,0.4,0.2499999999999999,1.0900000000000003,1.73,3.49,4.93,1.76,3.43,4.91,0.5415314597935937,0.26843823078593615,0.19003030942047003,0.5343102884862484,0.27416504598711283,0.1915246655266389
2026-02-01,Ligue 1,Nice,Brest,D,0.4579729472637075,0.2647147229894018,0.2773123297468906,H,0.35,0.4,0.2499999999999999,1.0900000000000003,2.09,3.35,3.45,2.26,3.34,3.13,0.4484953142280604,0.2798075243989988,0.2716971613729409,0.41689397202150225,0.2820899331642501,0.3010160948142476
2026-02-01,Premier League,Tottenham,Man City,D,0.1870806000550485,0.226519732554924,0.5863996673900271,A,0.35,0.4,0.2499999999999999,1.0900000000000003,4.41,4.06,1.71,4.98,4.01,1.65,0.2143551838163781,0.2328340789729625,0.5528107372106593,0.19011128255079257,0.23609830102317886,0.5737904164260286
2026-02-01,Bundesliga,Dortmund,Heidenheim,H,0.8035162748181381,0.1306818405093758,0.0658018846724859,H,0.35,0.4,0.2499999999999999,1.0900000000000003,1.22,6.22,11.13,1.26,6.03,10.0,0.7658403727615061,0.15021306346769092,0.083946563770803,0.7490887949732787,0.15652601686008807,0.09438518816663312
2026-02-01,Premier League,Aston Villa,Brentford,A,0.5893836921226985,0.2248491946720705,0.1857671132052309,H,0.35,0.4,0.2499999999999999,1.0900000000000003,2.08,3.47,3.46,2.3,3.32,3.13,0.45442571326919146,0.27239351112389576,0.27318077560691284,0.4119302640863216,0.2853733757224517,0.3026963601912267
2026-02-01,La Liga,Getafe,Celta,D,0.2739946452756921,0.2728719345970436,0.4531334201272642,A,0.35,0.4,0.2499999999999999,1.0900000000000003,2.82,2.85,2.76,2.9,2.81,2.8,0.33209210426324187,0.3285963979025761,0.33931149783418196,0.3259725732278245,0.33641297592907154,0.33761445084310393
2026-02-01,Ligue 1,Angers,Metz,H,0.5208273782241992,0.25159495156966,0.2275776702061405,H,0.35,0.4,0.2499999999999999,1.0900000000000003,2.09,3.32,3.48,2.14,3.24,3.49,0.4484118359362872,0.28228335455025305,0.2693048095134598,0.439816723584003,0.29049623100918714,0.2696870454068098
2026-02-01,Serie A,Torino,Lecce,H,0.4810977746451151,0.2804693087314176,0.2384329166234671,H,0.35,0.4,0.2499999999999999,1.0900000000000003,1.95,3.05,4.43,2.12,2.88,4.05,0.4808790817688407,0.30744728178663583,0.21167363644452356,0.4425624914629149,0.3257751673268679,0.2316623412102172
2026-02-01,Ligue 1,Strasbourg,Paris SG,A,0.1983674296554532,0.2105438088574302,0.5910887614871163,A,0.35,0.4,0.2499999999999999,1.0900000000000003,5.02,4.27,1.58,4.93,4.15,1.6,0.1868160471401356,0.21962917017411726,0.5935547826857472,0.18978206502322262,0.22545194712397285,0.5847659878528046
2026-02-01,La Liga,Betis,Valencia,H,0.5783781164032653,0.2295653952417064,0.192056488355028,H,0.35,0.4,0.2499999999999999,1.0900000000000003,1.83,3.47,4.31,1.81,3.48,4.54,0.5123025646471255,0.27017685686001147,0.21752057849286308,0.521160862136076,0.27106355185813147,0.2077755860057924
2026-02-01,Bundesliga,Stuttgart,Freiburg,H,0.542506469906262,0.2389714992274114,0.2185220308663265,H,0.35,0.4,0.2499999999999999,1.0900000000000003,1.67,3.99,4.53,1.63,4.13,4.82,0.5595345338373098,0.23419114574143035,0.20627432042125987,0.5770848613281306,0.22775988473725253,0.19515525393461677
2026-02-01,Premier League,Nott'm Forest,Crystal Palace,D,0.4310881464991717,0.2679191252586195,0.3009927282422087,H,0.35,0.4,0.2499999999999999,1.0900000000000003,1.95,3.48,3.88,2.09,3.22,3.73,0.48474926762019643,0.271626744787179,0.2436239875926245,0.45261360938495115,0.29377715640203345,0.2536092342130155
2026-02-01,Serie A,Cremonese,Inter,A,0.1027723175406209,0.1657269826932558,0.7315006997661231,A,0.35,0.4,0.2499999999999999,1.0900000000000003,10.14,5.38,1.28,12.08,5.8,1.23,0.09253575709363762,0.1744075421802018,0.7330567007261606,0.0774959698619542,0.16140539929869083,0.761098630839355
2026-02-01,Premier League,Man United,Fulham,H,0.4904086846553514,0.2540075233823808,0.2555837919622675,H,0.35,0.4,0.2499999999999999,1.0900000000000003,1.58,4.32,5.2,1.52,4.63,5.47,0.5989505567168636,0.21906062028070472,0.18198882300243163,0.6225979089485498,0.20439499386647852,0.1730070971849718
2026-02-01,Serie A,Parma,Juventus,A,0.133896244404899,0.2144380507753413,0.6516657048197595,A,0.35,0.4,0.2499999999999999,1.0900000000000003,7.14,4.3,1.44,8.61,4.48,1.38,0.13125429247322767,0.21794317401368501,0.6508025335130871,0.10915832406377456,0.2097886540600667,0.6810530218761587
2026-02-02,Premier League,Sunderland,Burnley,H,0.5001059062808166,0.2786277232079462,0.221266370511237,H,0.35,0.4,0.2499999999999999,1.0900000000000003,1.8,3.42,4.73,1.91,3.23,4.46,0.5244208437882943,0.2760109704148917,0.19956818579681387,0.4951518713673406,0.29279878461660086,0.21204934401605843
2026-02-02,La Liga,Mallorca,Sevilla,H,0.456945148488581,0.2752713210890101,0.2677835304224087,H,0.35,0.4,0.2499999999999999,1.0900000000000003,2.39,3.12,3.05,2.65,3.01,2.84,0.39221343401079034,0.30044554720698363,0.3073410187822259,0.35542952654578414,0.3129196828393116,0.3316507906149042
2026-02-02,Serie A,Udinese,Roma,H,0.2389582409434649,0.2499408277522522,0.5111009313042827,A,0.35,0.4,0.2499999999999999,1.0900000000000003,4.11,3.32,1.91,4.35,3.12,1.95,0.22780162735976145,0.2820074362797047,0.49019093636053385,0.21621621621621623,0.3014553014553014,0.48232848232848236
2026-02-03,Serie A,Bologna,Milan,A,0.297577072549015,0.2426500299652737,0.4597728974857111,A,0.35,0.4,0.2499999999999999,1.0900000000000003,2.94,3.12,2.5,3.06,3.09,2.44,0.3206867630371503,0.30218560363116087,0.3771276333316888,0.3082243861757708,0.30523191640707403,0.38654369741715516
2026-02-06,La Liga,Celta,Osasuna,A,0.5003873745250962,0.2575534032569916,0.2420592222179121,H,0.35,0.4,0.2499999999999999,1.0900000000000003,1.97,3.27,4.06,2.05,3.24,3.8,0.479003330170333,0.28857387169283055,0.23242279813683647,0.4603649416691595,0.29128028716721505,0.24835477116362548
2026-02-06,Serie A,Verona,Pisa,D,0.4244319603655675,0.2593468359195839,0.3162212037148485,H,0.35,0.4,0.2499999999999999,1.0900000000000003,2.49,2.97,3.1,2.54,2.88,3.12,0.3785570672620296,0.31737612709846924,0.3040668056395012,0.370913413909253,0.3271250247671884,0.3019615613235585
2026-02-06,Bundesliga,Union Berlin,Ein Frankfurt,D,0.3369268929978763,0.240882866062026,0.4221902409400976,A,0.35,0.4,0.2499999999999999,1.0900000000000003,2.04,3.46,3.52,2.14,3.39,3.31,0.46101202192411345,0.2718105562789571,0.26717742179692944,0.43902124113322566,0.2771402525147796,0.2838385063519948
2026-02-06,Ligue 1,Metz,Lille,D,0.2054213125661159,0.2245502615684317,0.5700284258654521,A,0.35,0.4,0.2499999999999999,1.0900000000000003,5.71,4.16,1.55,6.18,4.23,1.51,0.1651127596211215,0.2266331388068759,0.6082541015720024,0.15258537284552265,0.22292614756154366,0.6244884795929337
2026-02-06,Premier League,Leeds,Nott'm Forest,H,0.3528004233482303,0.2788777731469358,0.3683218035048338,A,0.35,0.4,0.2499999999999999,1.0900000000000003,2.21,3.26,3.37,2.14,3.37,3.4,0.428504007644753,0.29048891315794606,0.2810070791973009,0.44161290073923337,0.28043074408960217,0.2779563551711645
2026-02-07,Premier League,Bournemouth,Aston Villa,D,0.3306883042427532,0.2564809638297526,0.4128307319274941,A,0.35,0.4,0.2499999999999999,1.0900000000000003,2.68,3.6,2.46,2.84,3.58,2.35,0.3528736731376111,0.26269484555799943,0.38443148130438937,0.33313270663889577,0.26427287342303457,0.4025944199380697
2026-02-07,Serie A,Genoa,Napoli,A,0.2284790493109194,0.2344606113908341,0.5370603392982463,A,0.35,0.4,0.2499999999999999,1.0900000000000003,4.42,3.21,1.91,4.13,2.99,2.05,0.21317038402030491,0.2935243293986753,0.49330528658101974,0.22748444035376159,0.31421763834817235,0.45829792129806607
2026-02-07,Premier League,Arsenal,Sunderland,H,0.7686514523559583,0.1483870604596914,0.0829614871843501,H,0.35,0.4,0.2499999999999999,1.0900000000000003,1.21,6.23,14.08,1.26,5.65,12.04,0.7811529607679875,0.1517167066660136,0.06713033256599893,0.7532048797879431,0.16797135372262095,0.07882376648943593
2026-02-07,Premier League,Burnley,West Ham,A,0.3409692859438459,0.2653700344297157,0.3936606796264382,A,0.35,0.4,0.2499999999999999,1.0900000000000003,3.28,3.5,2.14,3.11,3.58,2.19,0.288196635525526,0.27008141843535005,0.44172194603912396,0.3040616795101009,0.2641429673956463,0.4317953530942529
2026-02-07,Premier League,Newcastle,Brentford,A,0.4608666314594664,0.2634631017060796,0.2756702668344538,H,0.35,0.4,0.2499999999999999,1.0900000000000003,2.05,3.53,3.51,1.92,3.7,3.77,0.46194025120888216,0.2682655849796624,0.2697941638114554,0.4930473571474017,0.2558516015467598,0.25110104130583855
2026-02-07,Premier League,Fulham,Everton,A,0.4379807962699701,0.2586925468678794,0.3033266568621504,H,0.35,0.4,0.2499999999999999,1.0900000000000003,2.1,3.27,3.64,2.13,3.41,3.4,0.45062808077595806,0.28939418031483544,0.25997773890920656,0.4442264735069523,0.277478706325457,0.2782948201675907
2026-02-07,Bundesliga,Wolfsburg,Dortmund,A,0.1504288104541119,0.191107888970315,0.6584633005755729,A,0.35,0.4,0.2499999999999999,1.0900000000000003,4.24,4.01,1.71,4.46,4.16,1.67,0.2204153661696116,0.23305764402971407,0.5465269898006745,0.21084706667880662,0.2260523839873744,0.5631005493338189
2026-02-07,La Liga,Barcelona,Mallorca,H,0.799981828846731,0.1331408050581734,0.0668773660950955,H,0.35,0.4,0.2499999999999999,1.0900000000000003,1.15,8.3,14.69,1.14,8.4,15.31,0.8218015643798593,0.113864072173113,0.06433436344702778,0.8263264826187695,0.11214430835540441,0.06152920902582607
2026-02-07,Ligue 1,Brest,Lorient,H,0.4663097184481667,0.2729201736119053,0.2607701079399276,H,0.35,0.4,0.2499999999999999,1.0900000000000003,2.22,3.13,3.35,2.31,3.1,3.26,0.4215937373095681,0.29902175617483745,0.2793845065155944,0.4075394393005775,0.30368261444655936,0.2887779462528632
2026-02-07,Premier League,Man United,Tottenham,H,0.5760675510196167,0.2316782474087432,0.1922542015716399,H,0.35,0.4,0.2499999999999999,1.0900000000000003,1.57,4.54,4.97,1.59,4.38,4.95,0.601789595807385,0.2081078558188534,0.1901025483737615,0.5937446084834742,0.21553742636728862,0.1907179651492372
2026-02-07,Premier League,Wolves,Chelsea,A,0.1774229447047101,0.2327103873702109,0.5898666679250788,A,0.35,0.4,0.2499999999999999,1.0900000000000003,4.9,4.05,1.65,5.31,4.19,1.58,0.19306608884073673,0.2335861321776815,0.5733477789815818,0.17768103728236745,0.22517572982562553,0.5971432328920069
2026-02-07,La Liga,Sociedad,Elche,H,0.5730405144881423,0.2353707378910296,0.191588747620828,H,0.35,0.4,0.2499999999999999,1.0900000000000003,1.64,3.97,5.04,1.62,4.02,5.14,0.5752101468440601,0.23761829743684096,0.18717155571909894,0.582017914483691,0.23454453270238299,0.18343755281392599
2026-02-07,Bundesliga,Heidenheim,Hamburg,A,0.4016924451357561,0.2837464428547436,0.3145611120095001,H,0.35,0.4,0.2499999999999999,1.0900000000000003,2.78,3.41,2.41,2.87,3.37,2.4,0.3368391282784853,0.27460785237952756,0.3885530193419871,0.32814154552720515,0.2794558562798453,0.39240259819294954
2026-02-07,Bundesliga,St Pauli,Stuttgart,H,0.2014619435013198,0.23750598763406,0.56103206886462,A,0.35,0.4,0.2499999999999999,1.0900000000000003,4.2,3.63,1.8,4.79,3.77,1.7,0.22269938650306748,0.25766871165644173,0.5196319018404908,0.19653299724320228,0.2497063811127159,0.5537606216440817
2026-02-07,Serie A,Fiorentina,Torino,D,0.5298105244322822,0.2383792427567744,0.2318102328109432,H,0.35,0.4,0.2499999999999999,1.0900000000000003,1.75,3.63,4.7,1.69,3.76,4.93,0.5392480680183953,0.2599680768683724,0.2007838551132323,0.5579524966213064,0.2507818402367042,0.19126566314198945
2026-02-07,Ligue 1,Nantes,Lyon,A,0.1904807409463734,0.2331819341565966,0.5763373248970298,A,0.35,0.4,0.2499999999999999,1.0900000000000003,4.87,3.72,1.69,4.81,3.74,1.71,0.19264865858703478,0.2522040234728117,0.5551473179401535,0.1961183566953594,0.25222708441301567,0.551654558891625
2026-02-07,Bundesliga,M'gladbach,Leverkusen,D,0.2040877099115357,0.2293975901723498,0.5665146999161144,A,0.35,0.4,0.2499999999999999,1.0900000000000003,3.41,3.67,1.99,3.48,3.65,2.0,0.27451990121749065,0.25507162483696005,0.4704084739455493,0.2707514279356131,0.2581410874564201,0.4711074846079668
2026-02-07,Bundesliga,Mainz,Augsburg,H,0.4962157140316666,0.2606312095655487,0.2431530764027845,H,0.35,0.4,0.2499999999999999,1.0900000000000003,2.04,3.51,3.41,1.94,3.57,3.75,0.4588340827803526,0.26667280024841006,0.2744931169712373,0.48526005589325916,0.26369874185796155,0.25104120224877935
2026-02-07,Bundesliga,Freiburg,Werder Bremen,H,0.5205803037487574,0.2521592868397772,0.2272604094114652,H,0.35,0.4,0.2499999999999999,1.0900000000000003,1.79,3.7,4.17,2.1,3.34,3.47,0.5227281197169021,0.2528873876468256,0.22438449263627216,0.4476416333214887,0.2814513263398582,0.27090704033865315
2026-02-07,Ligue 1,Lens,Rennes,H,0.6015632514158294,0.226332724159121,0.1721040244250494,H,0.35,0.4,0.2499999999999999,1.0900000000000003,1.76,3.81,4.19,1.56,4.31,5.23,0.5313524542419593,0.24545415209077381,0.22319339366726687,0.6023268677335485,0.2180115808965976,0.17966155136985384
2026-02-08,Bundesliga,FC Koln,RB Leipzig,A,0.2596762946655637,0.2614292068785505,0.4788944984558856,A,0.35,0.4,0.2499999999999999,1.0900000000000003,3.14,3.81,2.05,3.31,3.85,2.0,0.29798671545044236,0.2455848521035142,0.4564284324460435,0.28451604559646754,0.24460989894137858,0.47087405546215383
2026-02-08,La Liga,Alaves,Getafe,A,0.4648714392196498,0.2834913763810494,0.2516371843993006,H,0.35,0.4,0.2499999999999999,1.0900000000000003,2.3,2.78,3.69,2.38,2.67,3.78,0.4080559445010183,0.33760024185336046,0.25434381364562114,0.3966655661934631,0.3535820402773192,0.24975239352921755
2026-02-08,Premier League,Liverpool,Man City,A,0.4260146378889281,0.2400507009002256,0.333934661210846,H,0.35,0.4,0.2499999999999999,1.0900000000000003,2.34,3.68,2.76,2.15,3.84,3.01,0.40262582056892776,0.2560175054704595,0.3413566739606127,0.4397186324227057,0.24619663013250453,0.3140847374447898
2026-02-08,Serie A,Juventus,Lazio,D,0.6543011631984987,0.1923162668188904,0.1533825699826106,H,0.35,0.4,0.2499999999999999,1.0900000000000003,1.45,4.09,7.57,1.39,4.37,8.65,0.6468017456228862,0.22930624233574204,0.12389201204137183,0.6762370233084012,0.21509598681891934,0.10866698987267948
2026-02-08,Ligue 1,Angers,Toulouse,H,0.3197796123878448,0.2828808075540034,0.3973395800581515,A,0.35,0.4,0.2499999999999999,1.0900000000000003,3.43,3.1,2.21,3.72,3.15,2.1,0.27333697729439876,0.30243413939347996,0.4242288833121212,0.25301204819277107,0.2987951807228915,0.4481927710843373
2026-02-08,La Liga,Sevilla,Girona,D,0.3650564815445805,0.2940273852823082,0.3409161331731111,H,0.35,0.4,0.2499999999999999,1.0900000000000003,2.09,3.33,3.51,2.02,3.4,3.7,0.4498285476776004,0.2823248242180735,0.26784662810432613,0.4672758338904985,0.2776168189584726,0.2551073471510289
2026-02-08,Ligue 1,Paris SG,Marseille,H,0.6468832915457814,0.1988456608266135,0.1542710476276049,H,0.35,0.4,0.2499999999999999,1.0900000000000003,1.39,5.02,6.54,1.44,4.92,6.05,0.6713974870754532,0.18590488187945817,0.14269763104508865,0.653296109984461,0.19120861755642762,0.15549527245911138
2026-02-08,Serie A,Sassuolo,Inter,A,0.1212830268676795,0.1811923895663517,0.6975245835659686,A,0.35,0.4,0.2499999999999999,1.0900000000000003,6.87,4.42,1.44,7.15,4.5,1.43,0.13651631169165435,0.21218711794607814,0.6512965703622676,0.13177159590043921,0.20937042459736455,0.6588579795021962
2026-02-08,Bundesliga,Bayern Munich,Hoffenheim,H,0.7333220919406214,0.1643330909961783,0.1023448170632001,H,0.35,0.4,0.2499999999999999,1.0900000000000003,1.26,6.34,8.44,1.22,7.03,9.82,0.7418247555883347,0.14742889464373846,0.11074634976792676,0.7705476852740659,0.1337223578996245,0.0957299568263096
2026-02-08,La Liga,Ath Bilbao,Levante,H,0.5419519081899677,0.2517039777000433,0.2063441141099888,H,0.35,0.4,0.2499999999999999,1.0900000000000003,1.61,3.8,5.52,1.61,3.87,5.54,0.5829711071337252,0.24699565328560466,0.1700332395806699,0.5859485814391402,0.2437667225108568,0.17028469605000288
2026-02-08,Ligue 1,Auxerre,Paris FC,D,0.4038647344143162,0.2713235383565128,0.3248117272291709,H,0.35,0.4,0.2499999999999999,1.0900000000000003,2.46,3.18,2.87,2.48,3.18,2.9,0.3801229508196721,0.29405737704918034,0.32581967213114754,0.37949992592714527,0.295962206383434,0.3245378676894208
2026-02-08,Serie A,Bologna,Parma,A,0.5864866414768135,0.2320752567758644,0.1814381017473219,H,0.35,0.4,0.2499999999999999,1.0900000000000003,1.59,3.91,5.63,1.62,3.84,5.45,0.5920434404912067,0.24075423794910966,0.1672023215596836,0.5816920434267798,0.24540133082067278,0.1729066257525474
2026-02-08,La Liga,Valencia,Real Madrid,A,0.1308617075938422,0.1943870126499493,0.6747512797562083,A,0.35,0.4,0.2499999999999999,1.0900000000000003,5.59,4.47,1.51,5.01,4.1,1.62,0.16799534072213831,0.2100881330283564,0.6219165262495054,0.18816290454174597,0.2299258906717433,0.5819112047865107
2026-02-08,Premier League,Brighton,Crystal Palace,A,0.5001403065366686,0.2451766764512152,0.2546830170121159,H,0.35,0.4,0.2499999999999999,1.0900000000000003,1.96,3.57,3.68,2.19,3.27,3.39,0.48039316064298154,0.263745264666735,0.25586157469028364,0.4318269466746135,0.2892052028187778,0.2789678505066087
2026-02-08,Ligue 1,Nice,Monaco,D,0.4063227380870039,0.2622647946729959,0.33141246724,H,0.35,0.4,0.2499999999999999,1.0900000000000003,3.01,3.76,2.13,3.24,3.82,2.03,0.3111699957649674,0.24910151256716803,0.4397284916678647,0.2903409388736212,0.24625775967291433,0.4634013014534645
2026-02-08,Ligue 1,Le Havre,Strasbourg,H,0.2808957705009893,0.2646302786486069,0.4544739508504036,A,0.35,0.4,0.2499999999999999,1.0900000000000003,3.91,3.47,1.91,4.2,3.62,1.82,0.2395828438194733,0.2699622245919714,0.4904549315885553,0.223818129934367,0.259678493294017,0.5165033767716161
2026-02-08,La Liga,Ath Madrid,Betis,A,0.5883293816709347,0.221126565868701,0.1905440524603641,H,0.35,0.4,0.2499999999999999,1.0900000000000003,1.47,4.47,6.15,1.45,4.66,6.35,0.6378025098661543,0.20974713411705748,0.1524503560167881,0.6495593287308887,0.20211610014158551,0.14832457112752576
2026-02-08,Serie A,Lecce,Udinese,H,0.3034225884146661,0.2768453837474101,0.4197320278379237,A,0.35,0.4,0.2499999999999999,1.0900000000000003,3.04,2.86,2.59,2.87,2.76,2.86,0.3089583489743654,0.3284032800286961,0.3626383709969385,0.3285851059401407,0.34168088914789996,0.3297340049119594
2026-02-09,La Liga,Villarreal,Espanol,H,0.642045505677506,0.2076372495428814,0.1503172447796124,H,0.35,0.4,0.2499999999999999,1.0900000000000003,1.67,3.99,4.53,1.69,3.91,4.73,0.5595345338373098,0.23419114574143035,0.20627432042125987,0.5588093993515814,0.24153142836423847,0.19965917228418018
2026-02-09,Serie A,Roma,Cagliari,H,0.648859344349002,0.2127990981928284,0.1383415574581694,H,0.35,0.4,0.2499999999999999,1.0900000000000003,1.45,4.08,7.68,1.47,4.05,7.48,0.6475869252517237,0.23014731412132333,0.12226576062695303,0.6412364980282835,0.23274509928433995,0.12601840268737655
2026-02-09,Serie A,Atalanta,Cremonese,H,0.7225002729464741,0.1755207396510629,0.1019789874024628,H,0.35,0.4,0.2499999999999999,1.0900000000000003,1.34,4.88,8.42,1.35,4.9,8.5,0.6974789345392078,0.19152085497593005,0.11100021048486207,0.6971878138600602,0.1920823568798125,0.11072982926012721
2026-02-10,Premier League,Everton,Bournemouth,A,0.4490564790783343,0.2686882919798071,0.2822552289418583,H,0.35,0.4,0.2499999999999999,1.0900000000000003,2.41,3.35,2.91,2.32,3.41,3.0,0.392529122089301,0.2823866221597658,0.3250842557509332,0.4075502366420729,0.27727758035472405,0.31517218300320304
2026-02-10,Premier League,Tottenham,Newcastle,A,0.3512095207795594,0.2448025784625026,0.4039879007579378,A,0.35,0.4,0.2499999999999999,1.0900000000000003,3.18,3.48,2.2,3.0,3.6,2.25,0.297685703620754,0.27202314296379243,0.43029115341545354,0.3157894736842105,0.2631578947368421,0.42105263157894735
2026-02-10,Premier League,West Ham,Man United,D,0.2896775383188824,0.2631388087664911,0.4471836529146263,A,0.35,0.4,0.2499999999999999,1.0900000000000003,4.36,4.23,1.7,4.47,4.15,1.69,0.21760707866052567,0.22429476665718487,0.5580981546822894,0.21177113559572805,0.22810047617178414,0.5601283882324878
2026-02-10,Premier League,Chelsea,Leeds,D,0.6837893905997606,0.1851230900608813,0.1310875193393579,H,0.35,0.4,0.2499999999999999,1.0900000000000003,1.55,4.28,5.66,1.51,4.4,6.03,0.6112465242557744,0.22136264313001178,0.16739083261421386,0.6275114530537141,0.21535052138888822,0.15713802555739773
2026-02-11,Premier League,Aston Villa,Brighton,H,0.5436299516117407,0.2412077271989872,0.2151623211892719,H,0.35,0.4,0.2499999999999999,1.0900000000000003,1.92,3.67,3.79,2.06,3.69,3.34,0.4926697954485079,0.2577455060657044,0.24958469848578763,0.45976334009788705,0.2566700489435359,0.28356661095857705
2026-02-11,Premier League,Nott'm Forest,Wolves,D,0.5866064476341262,0.2427694380381735,0.1706241143277002,H,0.35,0.4,0.2499999999999999,1.0900000000000003,1.69,3.72,5.09,1.73,3.79,4.66,0.5598086548780885,0.25432167385590576,0.18586967126600581,0.5471330456414054,0.24974674642734335,0.20312020793125135
2026-02-11,Premier League,Crystal Palace,Burnley,A,0.6342394715976908,0.2243794775456722,0.1413810508566368,H,0.35,0.4,0.2499999999999999,1.0900000000000003,1.55,3.98,6.18,1.46,4.45,6.9,0.6096608203368993,0.2374307214879884,0.1529084581751123,0.6494838818851003,0.21308909383196548,0.13742702428293427
2026-02-11,Premier League,Man City,Fulham,H,0.6679747476020763,0.1943013334964141,0.1377239189015093,H,0.35,0.4,0.2499999999999999,1.0900000000000003,1.34,5.33,8.08,1.37,5.23,7.38,0.7055924555752525,0.1773909738219209,0.11701657060282654,0.6908046985042893,0.18095648890074115,0.1282388125949697
2026-02-11,Premier League,Sunderland,Liverpool,A,0.1925493529611627,0.2293248603193378,0.5781257867194992,A,0.35,0.4,0.2499999999999999,1.0900000000000003,4.65,3.83,1.72,4.45,3.83,1.75,0.20335174146707372,0.2468891900318258,0.5497590685011006,0.2125517306990978,0.24695958266605358,0.5404886866348487
2026-02-12,Premier League,Brentford,Arsenal,D,0.2196793365788141,0.2334264834217867,0.5468941799993989,A,0.35,0.4,0.2499999999999999,1.0900000000000003,4.83,3.86,1.69,5.08,3.77,1.68,0.19572215938241636,0.24490622534121018,0.5593716152763735,0.18617502851297485,0.25086714717398206,0.562957824313043
2026-02-13,Bundesliga,Dortmund,Mainz,H,0.6908723925000438,0.189433704208635,0.1196939032913209,H,0.35,0.4,0.2499999999999999,1.0900000000000003,1.52,4.35,5.52,1.64,4.1,4.77,0.6154650590551181,0.21505905511811024,0.16947588582677167,0.5734551574897812,0.22938206299591252,0.19716277951430636
2026-02-13,La Liga,Elche,Osasuna,D,0.3218719814176229,0.2722768421355386,0.4058511764468382,A,0.35,0.4,0.2499999999999999,1.0900000000000003,2.77,3.11,2.64,2.88,3.14,2.53,0.34014558018717456,0.30295924666188856,0.3568951731509369,0.32727467475220196,0.30017549786189224,0.37254982738590586
2026-02-13,Ligue 1,Monaco,Nantes,H,0.6331480248871211,0.2195146304547709,0.147337344658108,H,0.35,0.4,0.2499999999999999,1.0900000000000003,1.45,4.59,6.18,1.43,4.78,6.56,0.6449399422954935,0.203739197457182,0.15132086024732452,0.65913017888298,0.19718748029344377,0.1436823408235764
2026-02-13,Ligue 1,Rennes,Paris SG,H,0.1290107603157219,0.1768583189872141,0.6941309206970638,A,0.35,0.4,0.2499999999999999,1.0900000000000003,6.51,5.05,1.4,7.47,5.47,1.34,0.14411072269387173,0.18577441677962475,0.6701148605265035,0.1259404987929657,0.17198821315968077,0.7020712880473535
2026-02-13,Serie A,Pisa,Milan,A,0.143474856589031,0.2133293088054972,0.6431958346054716,A,0.35,0.4,0.2499999999999999,1.0900000000000003,6.42,4.21,1.49,6.48,3.82,1.54,0.14633435121270721,0.22315119591106425,0.6305144528762285,0.14484089857099242,0.24569869705236413,0.6094604043766435
2026-02-14,Ligue 1,Paris FC,Lens,A,0.2155584391824698,0.2408540276263163,0.5435875331912138,A,0.35,0.4,0.2499999999999999,1.0900000000000003,3.97,3.57,1.87,3.83,3.52,1.93,0.23612530815946126,0.2625819253201852,0.5012927665203535,0.2455479612969917,0.26717292379757906,0.4872791149054292
2026-02-14,Bundesliga,Ein Frankfurt,M'gladbach,H,0.5720014922349933,0.2251298039842821,0.2028687037807243,H,0.35,0.4,0.2499999999999999,1.0900000000000003,1.92,3.58,3.71,2.12,3.47,3.31,0.48689448872009566,0.2611277704867552,0.25197774079314916,0.44416128820192347,0.2713607870282645,0.284477924769812
2026-02-14,Serie A,Lazio,Atalanta,A,0.3488774246558582,0.2636331933761628,0.3874893819679789,A,0.35,0.4,0.2499999999999999,1.0900000000000003,3.46,3.26,2.13,3.35,3.22,2.2,0.2713142553490771,0.2879593016895113,0.4407264429614116,0.28065449070955983,0.29198526207361036,0.42736024721682975
2026-02-14,Bundesliga,Hamburg,Union Berlin,H,0.3787129879337718,0.2693615221197247,0.3519254899465033,H,0.35,0.4,0.2499999999999999,1.0900000000000003,2.49,3.16,2.86,2.33,3.14,3.14,0.37613724331388326,0.296386625269484,0.32747613141663273,0.40256410256410263,0.29871794871794877,0.29871794871794877
2026-02-14,La Liga,Espanol,Celta,D,0.3527578473745892,0.2710803296305528,0.3761618229948578,A,0.35,0.4,0.2499999999999999,1.0900000000000003,2.41,3.16,2.97,2.58,3.05,2.88,0.3884843843781691,0.2962808121365151,0.3152348034853157,0.36473255437355195,0.3085278656668079,0.3267395799596403
2026-02-14,La Liga,Sevilla,Alaves,D,0.4345658596657341,0.2735764698272746,0.2918576705069911,H,0.35,0.4,0.2499999999999999,1.0900000000000003,2.09,3.12,3.71,2.1,3.05,3.92,0.4477850978146918,0.29995860718996975,0.2522562949953384,0.4495919978941827,0.30955514609107665,0.24085285601474074
2026-02-14,Serie A,Inter,Juventus,H,0.5633303986177396,0.2313328704540315,0.2053367309282287,H,0.35,0.4,0.2499999999999999,1.0900000000000003,1.94,3.41,3.92,2.02,3.29,3.85,0.48454004364311243,0.2756620776151431,0.2397978787417444,0.4675831416832476,0.28708752164138607,0.24532933667536627
2026-02-14,Bundesliga,Hoffenheim,Freiburg,H,0.4929758871279276,0.2525317943381124,0.2544923185339598,H,0.35,0.4,0.2499999999999999,1.0900000000000003,1.72,3.85,4.4,1.7,3.92,4.53,0.5441696113074205,0.24310954063604237,0.2127208480565371,0.5528070579591938,0.23973775472720138,0.2074551873136047
2026-02-14,Bundesliga,Leverkusen,St Pauli,H,0.7123397895436167,0.1810540071216657,0.1066062033347175,H,0.35,0.4,0.2499999999999999,1.0900000000000003,1.45,4.21,6.77,1.51,4.23,6.14,0.641602153853773,0.2209793641539123,0.13741848199231474,0.6238683285732474,0.2227047697743743,0.1534269016523784
2026-02-14,Bundesliga,Werder Bremen,Bayern Munich,A,0.1097560273824631,0.17163741276194,0.7186065598555966,A,0.35,0.4,0.2499999999999999,1.0900000000000003,8.06,5.79,1.29,7.88,5.83,1.31,0.11573916964572109,0.1611153207848898,0.7231455095693892,0.11951862661481523,0.16154490183957873,0.7189364715456061
2026-02-14,Bundesliga,Stuttgart,FC Koln,H,0.6427792607455691,0.217114488228941,0.1401062510254897,H,0.35,0.4,0.2499999999999999,1.0900000000000003,1.43,4.77,6.21,1.49,4.71,5.64,0.6535673861673187,0.19593319962668046,0.1504994142060009,0.6326981200831708,0.2001529084764171,0.16714897144041213
2026-02-14,Serie A,Como,Fiorentina,A,0.5656122605582541,0.2262748952518908,0.208112844189855,H,0.35,0.4,0.2499999999999999,1.0900000000000003,1.72,3.77,4.55,1.68,3.9,4.83,0.545180349543445,0.24872949634342847,0.20609015411312642,0.5622414441519367,0.24219631440391123,0.19556224144415188
2026-02-14,Ligue 1,Lille,Brest,D,0.4746387215387004,0.2521294081629892,0.2732318702983102,H,0.35,0.4,0.2499999999999999,1.0900000000000003,1.73,3.77,4.48,1.58,3.99,5.65,0.541991714293966,0.2487123781773372,0.20929590752869667,0.5967883265783712,0.23632219448466832,0.16688947893696046
2026-02-14,La Liga,Real Madrid,Sociedad,H,0.7484357453995614,0.1656997727396799,0.0858644818607585,H,0.35,0.4,0.2499999999999999,1.0900000000000003,1.34,5.27,7.59,1.37,5.08,7.63,0.6989011334627488,0.17770920661102155,0.12338965992622972,0.6900171078327526,0.18608729089190376,0.12389560127534353
2026-02-14,Ligue 1,Marseille,Strasbourg,D,0.5305860493905904,0.2391547064314163,0.2302592441779932,H,0.35,0.4,0.2499999999999999,1.0900000000000003,1.66,4.06,4.54,1.9,3.8,3.65,0.5635371953382006,0.23041175967029878,0.20605104499150065,0.4949152542372881,0.24745762711864405,0.2576271186440678
2026-02-14,La Liga,Getafe,Villarreal,H,0.2052925959716993,0.2376330553809182,0.5570743486473824,A,0.35,0.4,0.2499999999999999,1.0900000000000003,3.23,3.07,2.31,3.05,2.84,2.61,0.28982267431168285,0.3049274390966566,0.40524988659166045,0.3084015327710954,0.3312058714619158,0.36039259576698884
2026-02-15,La Liga,Levante,Valencia,A,0.3821905087551969,0.2758510532413292,0.3419584380034738,H,0.35,0.4,0.2499999999999999,1.0900000000000003,2.69,3.25,2.56,2.69,3.14,2.7,0.347406352692608,0.2875455657671125,0.36504808154027946,0.35051017876928675,0.30027782830872013,0.349211992921993
2026-02-15,La Liga,Vallecano,Ath Madrid,H,0.2071404929845033,0.2517477354055784,0.5411117716099183,A,0.35,0.4,0.2499999999999999,1.0900000000000003,4.1,3.45,1.86,4.55,3.58,1.78,0.2276500638569604,0.27054065559812684,0.5018092805449126,0.20716245562476432,0.2632930651096865,0.5295444792655493
2026-02-15,Ligue 1,Metz,Auxerre,A,0.3646032596827108,0.2862023070483835,0.3491944332689055,H,0.35,0.4,0.2499999999999999,1.0900000000000003,2.78,2.96,2.71,3.04,3.01,2.48,0.33726591602828765,0.31675650221575663,0.34597758175595555,0.30904514291392043,0.3121253270625642,0.3788295300235154
2026-02-15,Serie A,Torino,Bologna,A,0.3403315173722874,0.2713108429534536,0.3883576396742588,A,0.35,0.4,0.2499999999999999,1.0900000000000003,3.18,3.23,2.27,2.97,3.12,2.46,0.2953859665378836,0.2908134283561827,0.41380060510593386,0.3165318090713384,0.30131393363521636,0.38215425729344515
2026-02-15,Serie A,Udinese,Sassuolo,A,0.5053721583389105,0.261459618366912,0.2331682232941773,H,0.35,0.4,0.2499999999999999,1.0900000000000003,2.37,2.98,3.26,2.58,2.97,2.97,0.39646419301653635,0.31530877095610443,0.2882270360273593,0.3653136531365314,0.31734317343173435,0.31734317343173435
2026-02-15,Serie A,Cremonese,Genoa,D,0.3247720222246341,0.2810767380983905,0.3941512396769753,A,0.35,0.4,0.2499999999999999,1.0900000000000003,3.11,2.96,2.46,3.36,2.83,2.43,0.3016679233401553,0.3169551491850956,0.38137692747474916,0.2801124213356143,0.33257163805217815,0.3873159406122074
2026-02-15,La Liga,Oviedo,Ath Bilbao,A,0.2849175945709735,0.2665612987733499,0.4485211066556765,A,0.35,0.4,0.2499999999999999,1.0900000000000003,3.55,3.1,2.16,3.28,2.93,2.42,0.26394418384642676,0.3022586621467145,0.4337971540068587,0.28778420851834113,0.3221611617543204,0.3900546297273384
2026-02-15,Ligue 1,Le Havre,Toulouse,H,0.3530509722567347,0.2833672552692796,0.3635817724739856,A,0.35,0.4,0.2499999999999999,1.0900000000000003,3.28,3.15,2.25,3.33,3.11,2.27,0.28579205225911813,0.29758664489203407,0.41662130284884774,0.2826695388607052,0.3026654547929738,0.41466500634632086
2026-02-15,Bundesliga,Augsburg,Heidenheim,H,0.5378751307159231,0.2546029028374809,0.2075219664465958,H,0.35,0.4,0.2499999999999999,1.0900000000000003,1.81,3.67,4.06,1.87,3.7,3.85,0.5157295398300538,0.254351625910735,0.2299188342592112,0.5022299786697693,0.25382974597634284,0.24394027535388793
2026-02-15,Serie A,Napoli,Roma,D,0.4681706627103308,0.263369498147687,0.268459839141982,H,0.35,0.4,0.2499999999999999,1.0900000000000003,2.27,3.0,3.43,2.47,2.8,3.33,0.41348383234014163,0.3128694331373738,0.2736467345224844,0.38111432203424467,0.3361972769373516,0.2826884010284037
2026-02-15,La Liga,Mallorca,Betis,A,0.2802913087656125,0.2744759702614695,0.4452327209729179,A,0.35,0.4,0.2499999999999999,1.0900000000000003,2.93,3.21,2.41,3.0,3.15,2.44,0.31963789164018885,0.29175670483045274,0.38860540352935824,0.31427870461236507,0.29931305201177627,0.3864082433758587
2026-02-15,Ligue 1,Lyon,Nice,H,0.5778929190505091,0.2278197748768434,0.1942873060726474,H,0.35,0.4,0.2499999999999999,1.0900000000000003,1.59,4.05,5.26,1.83,3.68,4.09,0.5900143743820262,0.23163527290553623,0.1783503527124376,0.5142140668185841,0.25570971257554587,0.23007622060587016
2026-02-15,Bundesliga,RB Leipzig,Wolfsburg,D,0.6459884343629747,0.2091671243789759,0.1448444412580491,H,0.35,0.4,0.2499999999999999,1.0900000000000003,1.44,4.81,6.03,1.51,4.66,5.39,0.650118012547659,0.19462992475439272,0.15525206269794842,0.6233703704622899,0.20199340330430424,0.17463622623340588
2026-02-15,Serie A,Parma,Verona,H,0.4834852866190184,0.2747306317519173,0.241784081629064,H,0.35,0.4,0.2499999999999999,1.0900000000000003,2.33,2.94,3.38,2.24,2.92,3.66,0.4029226203026421,0.3193230290153592,0.27775435068199883,0.4203190384796903,0.3224365226693515,0.257244438850958
2026-02-15,Ligue 1,Lorient,Angers,H,0.4888582362472429,0.2729317286975622,0.2382100350551946,H,0.35,0.4,0.2499999999999999,1.0900000000000003,1.93,3.11,4.41,1.96,3.12,4.28,0.4858565927584338,0.30151229068288654,0.2126311165586796,0.47935213370857505,0.3011314686117971,0.21951639767962783
2026-02-16,Serie A,Cagliari,Lecce,A,0.4863063405915098,0.2794599817209795,0.2342336776875105,H,0.35,0.4,0.2499999999999999,1.0900000000000003,2.15,3.0,3.73,2.38,2.81,3.48,0.436095792981157,0.31253531830316256,0.25136888871568036,0.39511899470685685,0.3346559456947756,0.27022505959836757
2026-02-16,La Liga,Girona,Barcelona,H,0.1268866221624041,0.1956511103858412,0.6774622674517545,A,0.35,0.4,0.2499999999999999,1.0900000000000003,6.57,5.37,1.37,7.79,5.66,1.32,0.14246872984796285,0.1743053175234853,0.6832259526285518,0.12080445756677134,0.16626620573235845,0.7129293367008703
2026-02-18,Premier League,Wolves,Arsenal,D,0.0980231674401254,0.1728188834451811,0.7291579491146932,A,0.35,0.4,0.2499999999999999,1.0900000000000003,10.94,5.48,1.28,12.35,5.93,1.24,0.08663089980338105,0.1729456284395965,0.7404234717570225,0.0766735451660902,0.15968267838131772,0.763643776452592
2026-02-18,Serie A,Milan,Como,D,0.5836566290512615,0.2278767369051764,0.188466634043562,H,0.35,0.4,0.2499999999999999,1.0900000000000003,2.25,3.3,3.16,2.49,2.98,3.08,0.41773825261386854,0.2848215358730922,0.2974402115130393,0.3782131054318891,0.3160237021897329,0.3057631923783779
2026-02-18,La Liga,Levante,Villarreal,A,0.1950485675061514,0.2271368488578884,0.5778145836359599,A,0.35,0.4,0.2499999999999999,1.0900000000000003,3.97,3.84,1.81,3.97,3.64,1.86,0.23656184800329463,0.24457045223257284,0.5188676997641325,0.2366825844071399,0.2581400714550399,0.5051773441378201
2026-02-20,Bundesliga,Mainz,Hamburg,D,0.4831430161345172,0.2802260689009973,0.2366309149644853,H,0.35,0.4,0.2499999999999999,1.0900000000000003,2.05,3.45,3.5,2.06,3.45,3.48,0.45873302307911484,0.2725804919745465,0.2686864849463387,0.45681802616259165,0.2727667054767938,0.2704152683606146
2026-02-20,Ligue 1,Brest,Marseille,H,0.3415044167321799,0.2444008798945561,0.4140947033732638,A,0.35,0.4,0.2499999999999999,1.0900000000000003,3.71,3.66,1.91,3.8,3.75,1.87,0.25277614055895253,0.25622936652287265,0.4909944929181748,0.24719318962934245,0.25048909882440035,0.5023177115462573
2026-02-20,Serie A,Sassuolo,Verona,H,0.5330703329764366,0.2631146427873027,0.2038150242362606,H,0.35,0.4,0.2499999999999999,1.0900000000000003,1.74,3.39,5.12,1.75,3.4,5.04,0.5396310183371574,0.2769787527748242,0.18339022888801837,0.5370776656428258,0.2764370337867486,0.18648530057042562
2026-02-20,La Liga,Ath Bilbao,Elche,H,0.6127636145031226,0.2218813707497943,0.165355014747083,H,0.35,0.4,0.2499999999999999,1.0900000000000003,1.66,3.83,5.03,1.7,3.7,4.96,0.567073368165428,0.24578114651556404,0.18714548531900801,0.5548769426135333,0.25494346011973146,0.1901795972667352
2026-02-21,Ligue 1,Paris SG,Metz,H,0.8664373445929809,0.0912203999320946,0.0423422554749243,H,0.35,0.4,0.2499999999999999,1.0900000000000003,1.13,8.92,15.03,1.13,8.78,16.16,0.8320404937346049,0.10540423295068425,0.06255527331471082,0.8342876630974851,0.10737415253988135,0.05833818436263355
2026-02-21,Bundesliga,RB Leipzig,Dortmund,D,0.3155450977213387,0.2501482388263041,0.4343066634523571,A,0.35,0.4,0.2499999999999999,1.0900000000000003,2.14,3.88,2.92,1.97,3.88,3.32,0.4377472799208704,0.24143793273986153,0.320814787339268,0.47593993851974464,0.2416499172381178,0.2824101442421377
2026-02-21,Premier League,Man City,Newcastle,H,0.6614802182433646,0.1894034713405317,0.1491163104161036,H,0.35,0.4,0.2499999999999999,1.0900000000000003,1.46,4.92,5.82,1.54,4.63,5.31,0.6461588453518914,0.1917463240271873,0.16209483062092123,0.6162825966525373,0.20498384424296054,0.17873355910450234
2026-02-21,La Liga,Osasuna,Real Madrid,H,0.1648093311631053,0.2143830529069751,0.6208076159299194,A,0.35,0.4,0.2499999999999999,1.0900000000000003,4.67,3.98,1.68,4.62,3.94,1.69,0.20189259207816757,0.23689407160930714,0.5612133363125253,0.20381888751484578,0.23899575134989529,0.557185361135259
2026-02-21,Premier League,Aston Villa,Leeds,D,0.6542194057651451,0.2057021751510028,0.1400784190838519,H,0.35,0.4,0.2499999999999999,1.0900000000000003,1.84,3.62,4.24,1.82,3.68,4.18,0.5148668956633748,0.2617003005581795,0.22343280377844565,0.518142254678721,0.2562551368248022,0.22560260849647665
2026-02-21,Bundesliga,FC Koln,Hoffenheim,D,0.2540076261908745,0.2623408182045237,0.4836515556046016,A,0.35,0.4,0.2499999999999999,1.0900000000000003,3.22,3.7,2.05,3.43,3.71,1.99,0.29061302681992335,0.25291187739463594,0.45647509578544065,0.27411180705356447,0.25342412350235205,0.47246406944408353
2026-02-21,Bundesliga,Union Berlin,Leverkusen,H,0.1876829090356033,0.2356519448766179,0.5766651460877786,A,0.35,0.4,0.2499999999999999,1.0900000000000003,2.89,3.35,2.36,3.1,3.26,2.3,0.323911520450346,0.2794341176422388,0.39665436190741526,0.3031454677771489,0.28826716261017227,0.408587369612679
2026-02-21,Ligue 1,Lens,Monaco,A,0.5666546544325084,0.2331664658966079,0.2001788796708836,H,0.35,0.4,0.2499999999999999,1.0900000000000003,1.63,4.21,4.63,1.72,4.02,4.29,0.57496865920387,0.22261256876539387,0.20241877203073608,0.5468087130219728,0.23395795681537143,0.2192333301626557
2026-02-21,Bundesliga,Bayern Munich,Ein Frankfurt,H,0.7610803681333019,0.1377023113757618,0.1012173204909361,H,0.35,0.4,0.2499999999999999,1.0900000000000003,1.14,8.63,14.22,1.08,10.88,19.31,0.8249013898187509,0.10896727513248852,0.06613133504876062,0.8656552587990014,0.085929014660195,0.04841572654080382
2026-02-21,La Liga,Sociedad,Oviedo,D,0.5714202319757827,0.2484009041471286,0.1801788638770885,H,0.35,0.4,0.2499999999999999,1.0900000000000003,1.46,4.06,7.52,1.53,3.9,6.63,0.6436021754711413,0.2314431468443021,0.1249546776845567,0.6161137440758294,0.24170616113744078,0.14218009478672985
2026-02-21,Premier League,Brentford,Brighton,A,0.4542346979116033,0.2652733855566926,0.280491916531704,H,0.35,0.4,0.2499999999999999,1.0900000000000003,2.01,3.7,3.45,2.25,3.39,3.13,0.47039964623293357,0.25554142944005304,0.27405892432701345,0.4197154350947561,0.2785721914345727,0.3017123734706713
2026-02-21,Premier League,Chelsea,Burnley,D,0.764193775947577,0.1540895824861387,0.0817166415662841,H,0.35,0.4,0.2499999999999999,1.0900000000000003,1.2,6.7,12.88,1.23,6.31,11.6,0.7859953366365492,0.14077528417371027,0.0732293791897406,0.7686612696415763,0.14983413021539446,0.08150460014302922
2026-02-21,La Liga,Betis,Vallecano,D,0.6075353551314363,0.2246366333588054,0.1678280115097581,H,0.35,0.4,0.2499999999999999,1.0900000000000003,1.88,3.45,4.19,1.91,3.45,4.06,0.5016013907636361,0.27333641003931475,0.22506219919704912,0.4940549043952438,0.27352025141881614,0.23242484418593987
2026-02-21,Premier League,West Ham,Bournemouth,D,0.3217196449998948,0.2681276856310928,0.4101526693690122,A,0.35,0.4,0.2499999999999999,1.0900000000000003,2.41,3.65,2.71,2.66,3.62,2.46,0.39222256147126583,0.25897434880705494,0.3488030897216792,0.3551000877262939,0.2609298987160061,0.38397001355769994
2026-02-21,Serie A,Cagliari,Lazio,D,0.3076376860639745,0.2620427614785564,0.430319552457469,A,0.35,0.4,0.2499999999999999,1.0900000000000003,3.3,3.05,2.3,3.35,2.87,2.39,0.28435346574787185,0.3076611268747466,0.40798540737738137,0.2801967296152416,0.32705890042197194,0.3927443699627864
2026-02-21,Serie A,Juventus,Como,A,0.5541738076823187,0.228434491840152,0.2173917004775292,H,0.35,0.4,0.2499999999999999,1.0900000000000003,2.05,3.4,3.56,2.08,3.35,3.5,0.45897163658425605,0.2767328985287426,0.26429546488700134,0.4514303314980942,0.28029107149732413,0.2682785970045817
2026-02-21,Ligue 1,Toulouse,Paris FC,D,0.5419546204642839,0.248871466903945,0.2091739126317709,H,0.35,0.4,0.2499999999999999,1.0900000000000003,1.9,3.28,4.21,1.99,3.26,3.92,0.4924714156306393,0.28527307612750447,0.22225550824185622,0.4721251394666647,0.2881990882020438,0.23967577233129153
2026-02-21,Bundesliga,Wolfsburg,Augsburg,A,0.4116638874978411,0.2770793766589702,0.3112567358431886,H,0.35,0.4,0.2499999999999999,1.0900000000000003,2.04,3.41,3.52,2.19,3.39,3.17,0.45918195589968014,0.27470122874936875,0.266116815350951,0.42792292346103766,0.27644578241288276,0.29563129412607964
2026-02-21,La Liga,Ath Madrid,Espanol,H,0.6388472511142175,0.2073251732926679,0.1538275755931145,H,0.35,0.4,0.2499999999999999,1.0900000000000003,1.47,4.25,6.87,1.41,4.54,7.5,0.6410847555874661,0.22173990369731184,0.137175340715222,0.6673016320963266,0.20724566106956396,0.1254527068341094
2026-02-21,Serie A,Lecce,Inter,A,0.0938658311554604,0.1633970877122926,0.7427370811322468,A,0.35,0.4,0.2499999999999999,1.0900000000000003,8.06,4.22,1.42,7.11,4.13,1.47,0.11646854859399658,0.22244940797810725,0.6610820434278962,0.13230515765868836,0.22776989611459428,0.6399249462267173
2026-02-22,Premier League,Sunderland,Fulham,A,0.3473241394270594,0.2699827194557027,0.3826931411172378,A,0.35,0.4,0.2499999999999999,1.0900000000000003,2.65,3.27,2.67,2.85,3.18,2.55,0.35677246147622377,0.28912752994250546,0.3541000085812708,0.3317989320567114,0.29736696740931684,0.37083410053397164
2026-02-22,Ligue 1,Angers,Lille,A,0.2776733157632763,0.2596751782470785,0.4626515059896451,A,0.35,0.4,0.2499999999999999,1.0900000000000003,4.12,3.44,1.87,4.54,3.52,1.79,0.2272271282232427,0.2721441186859767,0.5006287530907806,0.20720726646102036,0.26725028117415695,0.5255424523648226
2026-02-22,Serie A,Milan,Parma,A,0.7427481396963981,0.1679564891382691,0.0892953711653325,H,0.35,0.4,0.2499999999999999,1.0900000000000003,1.32,4.95,9.48,1.3,5.14,9.79,0.7112845138055222,0.18967587034813926,0.09903961584633852,0.7216533581147748,0.18251933181891195,0.09582731006631331
2026-02-22,Serie A,Roma,Cremonese,H,0.7087883923326834,0.1865865711885031,0.1046250364788131,H,0.35,0.4,0.2499999999999999,1.0900000000000003,1.35,4.62,9.29,1.3,5.19,9.94,0.6956399122828344,0.2032714029397893,0.10108868477737638,0.7239733024968564,0.18134206035566733,0.09468463714747621
2026-02-22,La Liga,Celta,Mallorca,H,0.5524439917347087,0.2412267539719723,0.2063292542933187,H,0.35,0.4,0.2499999999999999,1.0900000000000003,1.81,3.4,4.53,1.78,3.48,4.73,0.5176220706899275,0.2755576317496379,0.2068202975604346,0.5297127520579774,0.27094502835149414,0.19934221959052847
2026-02-22,Bundesliga,Freiburg,M'gladbach,H,0.5283391704420007,0.2606328086871259,0.2110280208708732,H,0.35,0.4,0.2499999999999999,1.0900000000000003,1.96,3.27,3.95,2.06,3.34,3.58,0.47719237319757496,0.28602356313983085,0.23678406366259414,0.4561657841327006,0.28134775907585724,0.2624864567914422
2026-02-22,Premier League,Tottenham,Arsenal,A,0.1431522348808358,0.1997791725903181,0.657068592528846,A,0.35,0.4,0.2499999999999999,1.0900000000000003,5.83,3.98,1.56,7.2,4.35,1.45,0.16123821642818192,0.23618562858701017,0.602576154984808,0.13122171945701355,0.21719457013574658,0.6515837104072397
2026-02-22,La Liga,Getafe,Sevilla,A,0.4576240983814815,0.2785395950870875,0.2638363065314308,H,0.35,0.4,0.2499999999999999,1.0900000000000003,2.39,2.87,3.31,2.33,2.8,3.62,0.3914190004903193,0.32595519553026586,0.28262580397941484,0.4039115985112335,0.33611215161827646,0.25997624987049006
2026-02-22,Premier League,Nott'm Forest,Liverpool,A,0.2295435391802871,0.2422854333399384,0.5281710274797744,A,0.35,0.4,0.2499999999999999,1.0900000000000003,4.08,3.88,1.8,3.83,3.78,1.87,0.2315772720038198,0.2435142447875219,0.5249084832086583,0.24622319136410975,0.2494801118847991,0.5042966967510911
2026-02-22,La Liga,Villarreal,Valencia,H,0.6375771622653482,0.2101262123992942,0.1522966253353573,H,0.35,0.4,0.2499999999999999,1.0900000000000003,1.69,3.86,4.62,1.67,3.87,4.89,0.554439069281566,0.24274663914141104,0.20281429157702305,0.5640037551969243,0.24338146542089492,0.19261477938218066
2026-02-22,Ligue 1,Nice,Lorient,D,0.4694879142448891,0.2723534580928195,0.2581586276622911,H,0.35,0.4,0.2499999999999999,1.0900000000000003,2.07,3.46,3.39,2.15,3.37,3.33,0.4527170200201475,0.2708451535958686,0.27643782638398384,0.43789972333974586,0.27937222705651443,0.2827280496037398
2026-02-22,Bundesliga,St Pauli,Werder Bremen,H,0.3765650514609719,0.2750866177652956,0.3483483307737325,H,0.35,0.4,0.2499999999999999,1.0900000000000003,2.7,3.08,2.67,2.65,3.11,2.73,0.3462772542381445,0.3035547358581137,0.3501680099037417,0.35425993999908206,0.30186136366481264,0.34387869633610524
2026-02-22,Serie A,Genoa,Torino,H,0.4708742213984393,0.254665746976369,0.2744600316251915,H,0.35,0.4,0.2499999999999999,1.0900000000000003,2.23,3.04,3.47,2.29,2.89,3.54,0.42083930088845095,0.3087077766385677,0.27045292247298147,0.40995700312158145,0.32484482254270636,0.2651981743357123
2026-02-22,Ligue 1,Auxerre,Rennes,A,0.3283136732667425,0.2672526102332896,0.4044337164999677,A,0.35,0.4,0.2499999999999999,1.0900000000000003,2.91,3.33,2.36,2.85,3.34,2.43,0.3218616766393493,0.28126651021636834,0.39687181314428244,0.3304547508825074,0.2819748622799839,0.38757038683750866
2026-02-22,Ligue 1,Strasbourg,Lyon,H,0.3506136458327043,0.2443258938706464,0.4050604602966491,A,0.35,0.4,0.2499999999999999,1.0900000000000003,2.34,3.47,2.85,2.27,3.45,3.01,0.4007366795930028,0.27023741505695287,0.3290259053500444,0.4145724129395936,0.2727766311225732,0.3126509559378331
2026-02-22,Bundesliga,Heidenheim,Stuttgart,D,0.1860531078367269,0.2329695017288047,0.5809773904344682,A,0.35,0.4,0.2499999999999999,1.0900000000000003,4.4,4.06,1.68,4.42,4.21,1.67,0.21263966480446925,0.2304469273743017,0.556913407821229,0.21292053676071993,0.22354127612408126,0.5635381871151989
2026-02-22,La Liga,Barcelona,Levante,H,0.8309047024429207,0.1167281851071845,0.0523671124498946,H,0.35,0.4,0.2499999999999999,1.0900000000000003,1.1,9.98,17.54,1.1,10.34,17.85,0.8525627163683049,0.09396983847746847,0.053467445154226655,0.8561587917134401,0.0910807225227064,0.05276048576385345
2026-02-22,Premier League,Crystal Palace,Wolves,H,0.5930290345163005,0.2353625568622622,0.1716084086214372,H,0.35,0.4,0.2499999999999999,1.0900000000000003,1.62,3.99,5.26,1.77,3.71,4.44,0.5834306301497815,0.23688160923374588,0.17968776061647265,0.5331236103424506,0.25434738283184294,0.2125290068257066
2026-02-22,Serie A,Atalanta,Napoli,H,0.4284748321765174,0.2417882005205028,0.3297369673029796,H,0.35,0.4,0.2499999999999999,1.0900000000000003,2.42,3.16,2.98,2.43,2.96,3.15,0.38791214223335363,0.2970719570268088,0.31501590073983754,0.3857467326953866,0.31667721636817214,0.2975760509364411
2026-02-22,Ligue 1,Nantes,Le Havre,H,0.336669742000859,0.2785321990260821,0.3847980589730587,A,0.35,0.4,0.2499999999999999,1.0900000000000003,2.4,3.2,2.95,2.4,3.22,2.98,0.39008264462809916,0.29256198347107437,0.3173553719008264,0.3920475902531501,0.29220938403961494,0.315743025707235
2026-02-23,Premier League,Everton,Man United,A,0.3908487265816493,0.2761506748568867,0.3330005985614638,H,0.35,0.4,0.2499999999999999,1.0900000000000003,3.57,3.73,1.94,3.52,3.62,1.99,0.26334426324964244,0.25204799458477845,0.48460774216557917,0.2672924937850173,0.2599087232384698,0.4727987829765129
2026-02-23,La Liga,Alaves,Girona,D,0.3665834158089936,0.2891324439642452,0.3442841402267609,H,0.35,0.4,0.2499999999999999,1.0900000000000003,2.29,2.96,3.4,2.38,3.04,3.23,0.4086339348069708,0.31613909145539293,0.2752269737376362,0.3968668407310705,0.31070496083550914,0.2924281984334204
2026-02-23,Serie A,Bologna,Udinese,H,0.5074769181123846,0.2538116666662371,0.2387114152213781,H,0.35,0.4,0.2499999999999999,1.0900000000000003,1.85,3.46,4.23,1.86,3.4,4.32,0.507090564508026,0.27113223824851107,0.22177719724346293,0.5056597537800546,0.2766256300090887,0.2177146162108568
2026-02-23,Serie A,Fiorentina,Pisa,H,0.5952374846440321,0.2298444969937867,0.1749180183621809,H,0.35,0.4,0.2499999999999999,1.0900000000000003,1.64,3.88,5.0,1.6,3.94,5.45,0.5712064823102652,0.24143779149196778,0.187355726197767,0.5883497273748528,0.2389237471573006,0.17272652546784667
2026-02-27,La Liga,Levante,Alaves,H,0.3612758975610127,0.2832168876855231,0.3555072147534641,H,0.35,0.4,0.2499999999999999,1.0900000000000003,2.63,3.08,2.81,2.69,3.05,2.77,0.35844360232755584,0.30607359549398433,0.3354828021784597,0.3504976290537373,0.3091274170998536,0.34037495384640915
2026-02-27,Bundesliga,Augsburg,FC Koln,H,0.4887745752847828,0.2717555382233626,0.2394698864918544,H,0.35,0.4,0.2499999999999999,1.0900000000000003,2.19,3.4,3.18,2.16,3.39,3.23,0.4286699812070319,0.2761138996598235,0.2952161191331446,0.43367037771942535,0.2763209486353861,0.2900086736451885
2026-02-27,Premier League,Wolves,Aston Villa,H,0.1647415586251458,0.2274726737557764,0.6077857676190774,A,0.35,0.4,0.2499999999999999,1.0900000000000003,4.17,3.64,1.84,4.6,3.74,1.74,0.22665926657912908,0.2596618520975187,0.5136788813233523,0.20518609138720378,0.2523679198880046,0.5424459887247916
2026-02-27,Ligue 1,Strasbourg,Lens,D,0.361846543613846,0.2379666132894165,0.4001868430967373,A,0.35,0.4,0.2499999999999999,1.0900000000000003,2.23,3.54,2.99,2.23,3.5,3.04,0.42091742389596964,0.26515419640904303,0.3139283796949874,0.42181714385391805,0.2687577802269249,0.309425075919157
2026-02-27,Serie A,Parma,Cagliari,D,0.4198018536375471,0.294951488692484,0.2852466576699686,H,0.35,0.4,0.2499999999999999,1.0900000000000003,2.28,2.92,3.52,2.18,2.92,3.78,0.4117684763797192,0.32151785141978073,0.26671367220049996,0.4304231855121745,0.32134333712895224,0.2482334773588732
2026-02-28,Bundesliga,Leverkusen,Mainz,D,0.6673435314336931,0.2002756650428729,0.1323808035234339,H,0.35,0.4,0.2499999999999999,1.0900000000000003,1.67,3.97,4.54,1.68,4.0,4.53,0.5591289106730157,0.23520032262567664,0.20567076670130754,0.5583906515790252,0.2345240736631906,0.2070852747577842
2026-02-28,Bundesliga,M'gladbach,Union Berlin,H,0.3896793868576483,0.2712549885628619,0.3390656245794895,H,0.35,0.4,0.2499999999999999,1.0900000000000003,2.36,3.22,2.97,2.34,3.25,3.01,0.3956428565518497,0.289974267534896,0.31438287591325426,0.4004150481562284,0.28829883467248446,0.3112861171712872
2026-02-28,La Liga,Oviedo,Ath Madrid,A,0.198940234866821,0.2253880929901146,0.575671672143064,A,0.35,0.4,0.2499999999999999,1.0900000000000003,5.33,3.6,1.67,4.72,3.53,1.77,0.17629929826310584,0.2610209054839873,0.5626797962529068,0.19984902811851293,0.2672202302321192,0.5329307416493677
2026-02-28,Premier League,Bournemouth,Sunderland,D,0.6029380608794294,0.2308603590821048,0.1662015800384656,H,0.35,0.4,0.2499999999999999,1.0900000000000003,1.77,3.8,4.34,1.8,3.68,4.27,0.5337251373795299,0.24860355083204416,0.21767131178842578,0.5233749450432327,0.25599861442332034,0.22062644053344704
2026-02-28,Serie A,Como,Lecce,H,0.6748007998523675,0.2000662621750813,0.1251329379725509,H,0.35,0.4,0.2499999999999999,1.0900000000000003,1.37,4.49,9.12,1.39,4.39,8.65,0.6871238117611524,0.2096569314282358,0.10321925681061173,0.676900342429736,0.21432607653242208,0.10877358103784195
2026-02-28,Premier League,Newcastle,Everton,A,0.4599531130485552,0.2549591153361092,0.2850877716153355,H,0.35,0.4,0.2499999999999999,1.0900000000000003,1.69,3.92,4.67,1.78,3.73,4.34,0.557722363550505,0.24044663122457993,0.20183100522491507,0.5298434186064781,0.25284752952266243,0.21730905187085964
2026-02-28,Bundesliga,Dortmund,Bayern Munich,A,0.3191405124306689,0.2269485499009834,0.4539109376683474,A,0.35,0.4,0.2499999999999999,1.0900000000000003,4.37,4.51,1.61,4.21,4.38,1.67,0.21352722353736894,0.20689888400405818,0.5795738924585728,0.22310744820055453,0.21444802669505356,0.5624445251043919
2026-02-28,La Liga,Barcelona,Villarreal,H,0.6315219465553397,0.2075848900560026,0.1608931633886576,H,0.35,0.4,0.2499999999999999,1.0900000000000003,1.29,6.15,8.02,1.37,5.54,6.51,0.7296053536640025,0.15303917174415663,0.11735547459184081,0.6859943812424035,0.16964120980182182,0.14436440895577463
2026-02-28,Bundesliga,Werder Bremen,Heidenheim,H,0.5092252760539167,0.2607679387610449,0.2300067851850384,H,0.35,0.4,0.2499999999999999,1.0900000000000003,1.77,3.82,4.1,1.6,4.21,4.97,0.527688306087519,0.244504791040552,0.22780690287192895,0.5875512823032879,0.22329739945018068,0.18915131824653134
2026-02-28,La Liga,Vallecano,Ath Bilbao,D,0.3446734073232171,0.2680164181714934,0.3873101745052891,A,0.35,0.4,0.2499999999999999,1.0900000000000003,2.41,3.09,3.1,2.43,3.05,3.1,0.39102906898423884,0.304977364482853,0.30399356653290827,0.3875079407364905,0.30873583475071215,0.3037562245127974
2026-02-28,Premier League,Liverpool,West Ham,H,0.676997792822055,0.2017054585285838,0.121296748649361,H,0.35,0.4,0.2499999999999999,1.0900000000000003,1.41,5.02,6.68,1.41,4.98,6.69,0.6702617997785355,0.18826078439994723,0.14147741582151724,0.6693911502504476,0.18952641001066886,0.14108243973888354
2026-02-28,Ligue 1,Rennes,Toulouse,H,0.4931863988412362,0.2618148004936218,0.2449988006651418,H,0.35,0.4,0.2499999999999999,1.0900000000000003,1.98,3.45,3.64,1.97,3.51,3.67,0.4721727164030952,0.2709860807182981,0.2568412028786067,0.4766357215009084,0.2675134961130455,0.25585078238604625
2026-02-28,Serie A,Verona,Napoli,A,0.1301209795749098,0.1975105570642112,0.6723684633608789,A,0.35,0.4,0.2499999999999999,1.0900000000000003,7.14,3.87,1.5,6.19,3.53,1.61,0.13149310935333933,0.24259969012476557,0.6259072005218952,0.15155507081352218,0.26575804202144543,0.5826868871650325
2026-02-28,Bundesliga,Hoffenheim,St Pauli,A,0.6726989682659377,0.1966639264707886,0.1306371052632734,H,0.35,0.4,0.2499999999999999,1.0900000000000003,1.47,4.33,6.29,1.51,4.2,6.11,0.6356486203266966,0.21579756856356672,0.1485538111097367,0.6224093562712679,0.22377098284990818,0.15381966087882395
2026-02-28,Premier League,Burnley,Brentford,A,0.2335331504159727,0.2522506542501371,0.51421619533389,A,0.35,0.4,0.2499999999999999,1.0900000000000003,4.58,3.81,1.73,4.34,3.79,1.77,0.20620688576389432,0.24788124325423516,0.5459118709818706,0.2175286247474764,0.24909610327283577,0.5333752719796879
2026-02-28,Serie A,Inter,Genoa,H,0.8114738309505485,0.1288528572450924,0.0596733118043588,H,0.35,0.4,0.2499999999999999,1.0900000000000003,1.3,5.13,9.77,1.29,5.34,9.68,0.7212552579432178,0.18277423690568875,0.09597050515109347,0.7273586896871965,0.1757102452615138,0.09693106505128962
2026-02-28,Ligue 1,Le Havre,Paris SG,A,0.1177221826603889,0.1863037710483329,0.6959740462912779,A,0.35,0.4,0.2499999999999999,1.0900000000000003,9.19,5.79,1.27,9.38,5.61,1.28,0.10179733562955201,0.1615747002479418,0.7366279641225062,0.0999986074168976,0.16719909760614965,0.7328022949769527
2026-02-28,Premier League,Leeds,Man City,A,0.164226241950334,0.220128316480702,0.615645441568964,A,0.35,0.4,0.2499999999999999,1.0900000000000003,5.0,4.25,1.6,4.77,3.91,1.69,0.18862690707350901,0.2219140083217753,0.5894590846047156,0.19831692171945295,0.2419365004096651,0.559746577870882
2026-02-28,La Liga,Mallorca,Sociedad,A,0.3408441586733726,0.2656509669371893,0.3935048743894379,A,0.35,0.4,0.2499999999999999,1.0900000000000003,2.97,3.24,2.39,3.04,3.22,2.36,0.3165213552588015,0.2901445756539014,0.39333406908729723,0.30938344787154354,0.292088720971892,0.3985278311565646
2026-02-28,Ligue 1,Monaco,Angers,H,0.6468486232336539,0.2095762848453982,0.1435750919209478,H,0.35,0.4,0.2499999999999999,1.0900000000000003,1.49,4.38,5.96,1.41,4.71,7.02,0.6288585786073223,0.2139267767408471,0.15721464465183058,0.6665698993014605,0.19954640297559645,0.13388369772294292
2026-03-01,Serie A,Torino,Lazio,H,0.2724607892649373,0.2692288523728456,0.4583103583622168,A,0.35,0.4,0.2499999999999999,1.0900000000000003,2.81,2.89,2.73,2.82,2.82,2.82,0.33315316760901786,0.32393093459561945,0.3429158977953627,0.33333333333333337,0.33333333333333337,0.33333333333333337
2026-03-01,La Liga,Betis,Sevilla,D,0.6258902262076743,0.2249510459820216,0.1491587278103039,H,0.35,0.4,0.2499999999999999,1.0900000000000003,1.77,3.63,4.42,1.74,3.65,4.74,0.5296453647860403,0.25825683076344114,0.21209780445051843,0.542357897904676,0.25854869653537976,0.19909340555994434
2026-03-01,Bundesliga,Hamburg,RB Leipzig,A,0.2690737190509239,0.2540598492570174,0.4768664316920585,A,0.35,0.4,0.2499999999999999,1.0900000000000003,3.12,3.67,2.09,3.72,3.87,1.86,0.2991361659809293,0.2543064953298364,0.44655733868923425,0.25244618395303325,0.24266144814090015,0.5048923679060665
2026-03-01,Premier League,Arsenal,Chelsea,H,0.6349344613729855,0.1982496252037938,0.1668159134232205,H,0.35,0.4,0.2499999999999999,1.0900000000000003,1.6,3.98,5.28,1.5,4.36,6.05,0.5864963829597213,0.2357774403858176,0.177726176654461,0.628152311099469,0.2161074464791751,0.15574024242135595
2026-03-01,Ligue 1,Lille,Nantes,H,0.640205628285821,0.2134223101807355,0.1463720615334434,H,0.35,0.4,0.2499999999999999,1.0900000000000003,1.45,4.34,6.79,1.49,4.16,6.58,0.646140622841619,0.21587647537335194,0.1379829017850291,0.631067379205725,0.22603134495589666,0.14290127583837844
2026-03-01,Serie A,Roma,Juventus,D,0.4245539734879231,0.2503249035566118,0.3251211229554649,H,0.35,0.4,0.2499999999999999,1.0900000000000003,2.57,3.06,2.84,2.58,3.06,2.84,0.36432542111397115,0.30598572949768166,0.32968884938834714,0.36342650674963617,0.3064184272594972,0.3301550659908667
2026-03-01,Bundesliga,Stuttgart,Wolfsburg,H,0.6722372235678097,0.1901149175651369,0.1376478588670531,H,0.35,0.4,0.2499999999999999,1.0900000000000003,1.51,4.56,5.24,1.37,5.4,6.61,0.6175476320931242,0.20449493957469683,0.1779574283321789,0.6844788936041284,0.1736548304143807,0.14186627598149104
2026-03-01,Ligue 1,Marseille,Lyon,H,0.4209874341625106,0.254617259397888,0.3243953064396013,H,0.35,0.4,0.2499999999999999,1.0900000000000003,1.93,3.65,3.61,1.92,3.62,3.74,0.4846386129327689,0.25626096519458735,0.25910042187264376,0.4892952656306469,0.25951572099747017,0.2511890133718829
2026-03-01,Ligue 1,Lorient,Auxerre,D,0.5240003984632489,0.2666543323756727,0.2093452691610783,H,0.35,0.4,0.2499999999999999,1.0900000000000003,2.03,3.22,3.73,2.07,3.22,3.71,0.4598397341409161,0.2898989628279688,0.2502613030311152,0.4543784445805266,0.29210042865890995,0.2535211267605633
2026-03-01,Premier League,Man United,Crystal Palace,H,0.5345179719023658,0.2479225056121038,0.2175595224855302,H,0.35,0.4,0.2499999999999999,1.0900000000000003,1.53,4.31,5.61,1.51,4.35,5.95,0.6143579111053518,0.2180899313204613,0.16755215757418684,0.6246455334194109,0.2168309782674277,0.1585234883131614
2026-03-01,La Liga,Elche,Espanol,D,0.3608257028148605,0.2621074588341499,0.3770668383509893,A,0.35,0.4,0.2499999999999999,1.0900000000000003,2.38,3.17,3.0,2.4,3.27,2.94,0.39306291486530054,0.2951071726748944,0.31182991245980507,0.39211511636443735,0.28779091109316496,0.3200939725423978
2026-03-01,La Liga,Girona,Celta,A,0.3782291016269866,0.2709366261227146,0.3508342722502987,H,0.35,0.4,0.2499999999999999,1.0900000000000003,2.4,3.28,2.86,2.41,3.24,2.96,0.38897366151396534,0.28461487427851123,0.3264114642075234,0.3909279157359248,0.2907828015196231,0.3182892827444523
2026-03-01,Ligue 1,Paris FC,Nice,H,0.3228707131130253,0.2590920097257441,0.4180372771612303,A,0.35,0.4,0.2499999999999999,1.0900000000000003,2.36,3.34,2.89,2.43,3.35,2.83,0.39632278673312693,0.2800364600868801,0.32364075317999286,0.38699235444670765,0.2807138571061193,0.33229378844717306
2026-03-01,Serie A,Cremonese,Milan,A,0.1454330024085934,0.2131848030984023,0.6413821944930042,A,0.35,0.4,0.2499999999999999,1.0900000000000003,6.63,4.14,1.49,8.17,4.73,1.37,0.14182156774838775,0.2271200469014036,0.6310583853502086,0.11506451859204397,0.1987478048408032,0.6861876765671527
2026-03-01,Serie A,Sassuolo,Atalanta,H,0.2115936415987493,0.2423574380356925,0.546048920365558,A,0.35,0.4,0.2499999999999999,1.0900000000000003,3.7,3.51,1.95,3.22,3.31,2.22,0.2530641672674837,0.26676279740447006,0.48017303532804617,0.2921191979264395,0.2841763798559321,0.42370442221762844
2026-03-01,Bundesliga,Ein Frankfurt,Freiburg,H,0.4804500437087518,0.2496345035897163,0.2699154527015318,H,0.35,0.4,0.2499999999999999,1.0900000000000003,2.18,3.44,3.1,2.22,3.45,3.06,0.4279087684381169,0.27117474278927184,0.3009164887726113,0.4221246581258097,0.2716280408809558,0.3062473009932345
2026-03-01,Ligue 1,Metz,Brest,A,0.207116815939128,0.2545374362068978,0.5383457478539738,A,0.35,0.4,0.2499999999999999,1.0900000000000003,3.38,3.35,2.09,3.57,3.34,2.07,0.27577229239779905,0.27824189501628677,0.44598581258591424,0.263608807549328,0.28176150986559906,0.45462968258507286
2026-03-01,Premier League,Fulham,Tottenham,H,0.5351586890018192,0.2428863133764958,0.2219549976216848,H,0.35,0.4,0.2499999999999999,1.0900000000000003,2.08,3.57,3.3,2.02,3.66,3.45,0.45188833398540884,0.26328507974500015,0.28482658626959106,0.4678538081899426,0.25821439686985903,0.2739317949401983
2026-03-01,La Liga,Valencia,Osasuna,H,0.3741220684162261,0.2793862707378526,0.3464916608459211,H,0.35,0.4,0.2499999999999999,1.0900000000000003,2.33,3.12,3.13,2.4,3.11,3.09,0.4014123585483454,0.29977269083898866,0.298814950612666,0.3924025822890253,0.3028187130204697,0.3047787046905051
2026-03-01,Premier League,Brighton,Nott'm Forest,H,0.5097243169934689,0.2536228625502323,0.2366528204562987,H,0.35,0.4,0.2499999999999999,1.0900000000000003,2.05,3.54,3.42,2.09,3.39,3.48,0.4590290732062423,0.26582192092451884,0.27514900586923874,0.45104089006136383,0.2780753569994839,0.27088375293915234
2026-03-02,Serie A,Pisa,Bologna,A,0.2600255763290531,0.2576618795932657,0.482312544077681,A,0.35,0.4,0.2499999999999999,1.0900000000000003,3.8,3.32,1.98,4.29,3.31,1.88,0.2460769046478198,0.28165428845232393,0.4722688068998563,0.21843659939834104,0.28310967112352964,0.49845372947812927
2026-03-02,La Liga,Real Madrid,Getafe,A,0.7967976210886987,0.1414899884524899,0.061712390458811,H,0.35,0.4,0.2499999999999999,1.0900000000000003,1.28,5.12,10.52,1.39,4.4,8.67,0.729036729036729,0.18225918225918225,0.0887040887040887,0.6774002802080429,0.21399690670208626,0.10860281308987077
2026-03-02,Serie A,Udinese,Fiorentina,H,0.3562422303454595,0.2654498382592783,0.3783079313952619,A,0.35,0.4,0.2499999999999999,1.0900000000000003,3.07,3.27,2.3,3.23,3.05,2.34,0.3054721801396375,0.286788866369629,0.4077389534907335,0.29075191369919373,0.3079110430322609,0.40133704326854525
2026-03-03,Premier League,Leeds,Sunderland,A,0.4700436017005593,0.2680497081608928,0.2619066901385477,H,0.35,0.4,0.2499999999999999,1.0900000000000003,1.86,3.43,4.31,1.81,3.51,4.51,0.506629608940462,0.2747320911455567,0.21863829991398134,0.5216484381951012,0.26899819747382714,0.20935336433107166
2026-03-03,Premier League,Wolves,Liverpool,H,0.1559073909645099,0.2161956754065292,0.6278969336289608,A,0.35,0.4,0.2499999999999999,1.0900000000000003,6.08,4.61,1.48,6.85,4.71,1.43,0.15559407069555303,0.20520866590649942,0.6391972633979476,0.13803456551277507,0.2007509073805752,0.6612145271066497
2026-03-03,Premier League,Bournemouth,Brentford,D,0.4552374115621667,0.2590795550526551,0.285683033385178,H,0.35,0.4,0.2499999999999999,1.0900000000000003,2.48,3.59,2.65,2.5,3.56,2.65,0.38071208186100114,0.26299887549172224,0.3562890426472765,0.3779798870147041,0.2654353139148203,0.3565847990704756
2026-03-03,Premier League,Everton,Burnley,H,0.6553357793804833,0.2086887238817466,0.1359754967377699,H,0.35,0.4,0.2499999999999999,1.0900000000000003,1.56,3.96,6.06,1.61,3.78,5.73,0.6055595930232558,0.23855377906976746,0.15588662790697674,0.5858562908264697,0.2495313831297927,0.16461232604373757
2026-03-04,Premier League,Fulham,West Ham,A,0.5415889402306622,0.2433238384303645,0.2150872213389731,H,0.35,0.4,0.2499999999999999,1.0900000000000003,2.03,3.56,3.52,2.2,3.51,3.13,0.4657815310962102,0.2656001427318277,0.2686183261719621,0.4292479184818495,0.26904427939033304,0.30170780212781756
2026-03-04,Premier League,Man City,Nott'm Forest,D,0.7343114778278198,0.1680524159605967,0.0976361062115832,H,0.35,0.4,0.2499999999999999,1.0900000000000003,1.37,4.95,7.65,1.39,4.83,7.62,0.6868827034527794,0.19010693004652682,0.12301036650069383,0.6801798555168075,0.1957453414427251,0.12407480304046749
2026-03-04,La Liga,Vallecano,Oviedo,H,0.5242753844893266,0.2573448688433817,0.2183797466672915,H,0.35,0.4,0.2499999999999999,1.0900000000000003,1.68,3.63,5.22,1.73,3.52,5.02,0.5603342736998989,0.25932825890243255,0.1803374673976686,0.5446330051842218,0.26767474402519986,0.1876922507905784
2026-03-04,Premier League,Aston Villa,Chelsea,A,0.4466852636645426,0.2542392698615507,0.2990754664739065,H,0.35,0.4,0.2499999999999999,1.0900000000000003,2.67,3.57,2.46,2.64,3.48,2.54,0.35294968712699387,0.26397077440590294,0.3830795384671031,0.357399320718098,0.2711305191654536,0.3714701601164483
2026-03-04,Premier League,Newcastle,Man United,H,0.3991862968480502,0.2592886620073614,0.3415250411445882,H,0.35,0.4,0.2499999999999999,1.0900000000000003,2.56,3.66,2.53,2.56,3.62,2.52,0.3688252304211709,0.2579761174530594,0.37319865212576975,0.3672345496119288,0.2597017809410325,0.3730636694470388
2026-03-04,Premier League,Brighton,Arsenal,A,0.2284390201745305,0.2253903110219445,0.5461706688035248,A,0.35,0.4,0.2499999999999999,1.0900000000000003,5.03,3.92,1.64,5.03,3.84,1.67,0.18690762771982464,0.2398330018955913,0.5732593703845841,0.187903809470788,0.24613441709324577,0.5659617734359663
2026-03-04,Bundesliga,Hamburg,Leverkusen,A,0.1933543641308919,0.2341548932581897,0.5724907426109183,A,0.35,0.4,0.2499999999999999,1.0900000000000003,3.35,3.57,2.03,3.54,3.63,1.97,0.2786585201733372,0.2614862864371652,0.4598551933894975,0.26510003670051274,0.2585273085178554,0.47637265478163193
2026-03-05,Premier League,Tottenham,Crystal Palace,A,0.3298785864484658,0.2617867071901323,0.4083347063614017,A,0.35,0.4,0.2499999999999999,1.0900000000000003,2.34,3.32,2.97,2.44,3.37,2.83,0.40117173196631273,0.28275357012083485,0.3160746979128524,0.3866637475623452,0.27995832167718754,0.3333779307604672
2026-03-06,Bundesliga,Bayern Munich,M'gladbach,H,0.8275175207923076,0.1169018948234638,0.0555805843842284,H,0.35,0.4,0.2499999999999999,1.0900000000000003,1.19,7.43,11.55,1.21,7.08,10.63,0.7916454110460348,0.1267911223613434,0.08156346659262176,0.7783720052332466,0.13302685400172717,0.08860114076502618
2026-03-06,Ligue 1,Paris SG,Monaco,A,0.6900961950736698,0.1835231441189329,0.1263806608073972,H,0.35,0.4,0.2499999999999999,1.0900000000000003,1.34,5.55,7.27,1.35,5.42,7.15,0.701380040432977,0.16934220796039445,0.12927775160662852,0.6954641302884832,0.17322446049620893,0.131311409215308
2026-03-06,Serie A,Napoli,Torino,H,0.693315428627231,0.1848791244922246,0.1218054468805442,H,0.35,0.4,0.2499999999999999,1.0900000000000003,1.56,3.75,6.32,1.53,3.85,6.48,0.6013824183185652,0.2501750860205232,0.14844249566091167,0.6121772929043087,0.2432808462710629,0.14454186082462842
2026-03-06,La Liga,Celta,Real Madrid,A,0.2125266098050049,0.2292799542644233,0.5581934359305716,A,0.35,0.4,0.2499999999999999,1.0900000000000003,3.15,3.33,2.25,2.97,3.28,2.37,0.29886914378029084,0.2827140549273021,0.41841680129240716,0.3165907119381285,0.2866690287976347,0.39674025926423695
2026-03-07,Ligue 1,Toulouse,Marseille,A,0.3004312564823661,0.2296549469273742,0.4699137965902595,A,0.35,0.4,0.2499999999999999,1.0900000000000003,2.93,3.46,2.28,3.13,3.53,2.15,0.31929412717043754,0.27038491115878094,0.4103209616707816,0.29917730675381093,0.26527619550692016,0.4355464977392689
2026-03-07,La Liga,Osasuna,Mallorca,D,0.5336644128871174,0.2624247712657017,0.2039108158471807,H,0.35,0.4,0.2499999999999999,1.0900000000000003,1.74,3.55,4.93,1.89,3.37,4.23,0.542569450687764,0.2659354490694956,0.19149510024274027,0.4980974244473098,0.27934840718261583,0.22255416837007452
2026-03-07,Ligue 1,Nantes,Angers,A,0.4133622246331759,0.2881434434252234,0.2984943319416005,H,0.35,0.4,0.2499999999999999,1.0900000000000003,2.17,3.15,3.42,2.2,2.99,3.63,0.4304052353385352,0.2965013843443242,0.2730933803171407,0.4270134591249405,0.31419050504176227,0.2587960358332973
2026-03-07,La Liga,Levante,Girona,D,0.3383551777870642,0.2750820615210356,0.3865627606919001,A,0.35,0.4,0.2499999999999999,1.0900000000000003,2.78,3.35,2.46,2.7,3.31,2.56,0.3378455937817717,0.28036141812338067,0.3817929880948477,0.34838380765214244,0.28418014521473856,0.367436047133119
2026-03-07,Bundesliga,Heidenheim,Hoffenheim,A,0.2275036896307823,0.2425408587365039,0.5299554516327136,A,0.35,0.4,0.2499999999999999,1.0900000000000003,4.87,4.31,1.58,5.44,4.57,1.51,0.19185723824522952,0.21678532488498095,0.5913574368697897,0.17262150445643498,0.2054838039919051,0.6218946915516599
2026-03-07,Serie A,Juventus,Pisa,H,0.7510235406055489,0.1582145839410537,0.0907618754533972,H,0.35,0.4,0.2499999999999999,1.0900000000000003,1.23,5.94,12.02,1.19,6.63,13.62,0.763708476664784,0.15814165425886942,0.07814986907634647,0.7893540189915742,0.14167892648566716,0.06896705452275868
2026-03-07,Bundesliga,Mainz,Stuttgart,D,0.2775085193355158,0.261046401917052,0.4614450787474321,A,0.35,0.4,0.2499999999999999,1.0900000000000003,3.05,3.65,2.12,3.47,3.77,1.95,0.3054091922720186,0.25520494148757716,0.4393858662404041,0.27027672895856236,0.24876929694594466,0.48095397409549306
2026-03-07,Serie A,Atalanta,Udinese,D,0.6353078531310907,0.21636352222698,0.148328624641929,H,0.35,0.4,0.2499999999999999,1.0900000000000003,1.65,3.7,5.28,1.69,3.63,5.05,0.5686839577329491,0.2536023054755043,0.17771373679154656,0.5554882169166109,0.2586157263330778,0.18589605675031137
2026-03-07,La Liga,Ath Bilbao,Barcelona,A,0.1940098339524988,0.2128686736086554,0.5931214924388457,A,0.35,0.4,0.2499999999999999,1.0900000000000003,4.75,4.31,1.61,4.63,4.27,1.64,0.19792578816912015,0.21813166909589812,0.5839425427349818,0.2037705762364656,0.22095029694961027,0.5752791268139242
2026-03-07,Bundesliga,Freiburg,Leverkusen,D,0.2546791500345217,0.2598397623867748,0.4854810875787032,A,0.35,0.4,0.2499999999999999,1.0900000000000003,2.86,3.35,2.35,2.94,3.37,2.34,0.3256530641791971,0.27802022792612047,0.3963267078946824,0.3196099411507222,0.27882885073683183,0.40156120811244594
2026-03-07,Serie A,Cagliari,Como,A,0.2646371136320663,0.2546276890169602,0.4807351973509733,A,0.35,0.4,0.2499999999999999,1.0900000000000003,5.58,3.84,1.6,6.58,4.02,1.51,0.16833245660178853,0.24460810099947397,0.5870594423987375,0.14297086976183299,0.2340169957793187,0.6230121344588484
2026-03-07,La Liga,Ath Madrid,Sociedad,H,0.591335870251817,0.2292934536921587,0.179370676056024,H,0.35,0.4,0.2499999999999999,1.0900000000000003,1.6,3.98,5.32,1.63,3.97,5.12,0.5872811591630239,0.23609292830674328,0.17662591253023274,0.578389498934357,0.23747478167833802,0.18413571938730505
2026-03-07,Bundesliga,RB Leipzig,Augsburg,H,0.5973851603744349,0.2323931994935029,0.1702216401320619,H,0.35,0.4,0.2499999999999999,1.0900000000000003,1.41,4.88,6.35,1.33,5.42,7.63,0.6618213970693452,0.19122298562864276,0.14695561730201206,0.7043744709262815,0.17284465799482554,0.1227808710788931
2026-03-07,Bundesliga,Wolfsburg,Hamburg,A,0.3998850187852977,0.2780362392945474,0.3220787419201546,H,0.35,0.4,0.2499999999999999,1.0900000000000003,2.3,3.52,2.82,2.56,3.37,2.65,0.4050203195639046,0.2646439588059604,0.33033572163013497,0.3668807026625092,0.2786986940106895,0.35442060332680136
2026-03-07,Bundesliga,FC Koln,Dortmund,A,0.1499964560013226,0.2064646401067396,0.6435389038919377,A,0.35,0.4,0.2499999999999999,1.0900000000000003,4.1,3.97,1.73,4.03,3.94,1.77,0.2271339799789008,0.23457161660289502,0.5382944034182042,0.23257551250454392,0.23788815111505382,0.5295363363804023
2026-03-07,Ligue 1,Auxerre,Strasbourg,D,0.2618313353233312,0.2616517430048689,0.4765169216717997,A,0.35,0.4,0.2499999999999999,1.0900000000000003,3.51,3.32,2.07,3.37,3.3,2.16,0.2664619464703214,0.28171127473217716,0.4518267787975015,0.2792206266011704,0.28514348837755893,0.43563588502127054
2026-03-08,Serie A,Bologna,Verona,A,0.649660999188787,0.2148642610988753,0.1354747397123377,H,0.35,0.4,0.2499999999999999,1.0900000000000003,1.54,3.89,6.2,1.59,3.75,5.95,0.6081711493168855,0.24076698456246878,0.15106186612064576,0.5912867194021544,0.2507055690265135,0.158007711571332
2026-03-08,La Liga,Getafe,Betis,H,0.2762573857076518,0.2761496124360286,0.4475930018563195,A,0.35,0.4,0.2499999999999999,1.0900000000000003,2.8,2.84,2.72,2.72,2.77,3.01,0.33163896139579613,0.3269679901085314,0.3413930484956724,0.3465479045525015,0.34029252721400877,0.3131595682334898
2026-03-08,Serie A,Fiorentina,Parma,D,0.502019509226568,0.2658554335218056,0.2321250572516262,H,0.35,0.4,0.2499999999999999,1.0900000000000003,1.7,3.64,4.89,1.72,3.57,5.0,0.5510609710036346,0.25736364030389525,0.1915753886924701,0.5477073003092936,0.2638813883843095,0.188411311306397
2026-03-08,Bundesliga,Union Berlin,Werder Bremen,A,0.4475504839891924,0.2692722432456315,0.2831772727651759,H,0.35,0.4,0.2499999999999999,1.0900000000000003,2.2,3.3,3.2,2.37,3.18,3.04,0.4247787610619469,0.2831858407079646,0.2920353982300885,0.3960571274059143,0.29517465155723804,0.3087682210368477
2026-03-08,Ligue 1,Lyon,Paris FC,D,0.6445139010277103,0.2094140987068202,0.1460720002654691,H,0.35,0.4,0.2499999999999999,1.0900000000000003,1.64,3.86,4.97,1.82,3.48,4.45,0.5698491626417627,0.24211207946437588,0.18803875789386135,0.5176044333625236,0.2707011691723543,0.21169439746512203
2026-03-08,Ligue 1,Nice,Rennes,A,0.4001748712582563,0.2609256533951551,0.3388994753465884,H,0.35,0.4,0.2499999999999999,1.0900000000000003,2.74,3.56,2.36,2.61,3.46,2.56,0.34121775294041196,0.26262265254402495,0.3961595945155631,0.36050761503960144,0.2719436055645549,0.36754877939584363
2026-03-08,Ligue 1,Lens,Metz,H,0.7882773860100876,0.1421398445941109,0.0695827693958013,H,0.35,0.4,0.2499999999999999,1.0900000000000003,1.26,5.74,9.96,1.26,6.0,10.0,0.7429319943237638,0.1630826329003384,0.09398537277589783,0.748502994011976,0.15718562874251496,0.09431137724550899
2026-03-08,Serie A,Milan,Inter,H,0.2710465579581214,0.2487167889911024,0.480236653050776,A,0.35,0.4,0.2499999999999999,1.0900000000000003,3.41,3.14,2.19,3.12,3.12,2.37,0.27449415014430045,0.29809715031594414,0.4274086995397556,0.3015267175572519,0.3015267175572519,0.3969465648854962
2026-03-08,Bundesliga,St Pauli,Ein Frankfurt,D,0.253582101249253,0.2646728053317367,0.48174509341901,A,0.35,0.4,0.2499999999999999,1.0900000000000003,2.64,3.3,2.56,2.54,3.28,2.74,0.3532008830022075,0.282560706401766,0.36423841059602646,0.3701787626657879,0.2866628223082626,0.3431584150259494
2026-03-08,Serie A,Genoa,Roma,H,0.2266775827427317,0.2338128716194682,0.5395095456378,A,0.35,0.4,0.2499999999999999,1.0900000000000003,4.22,3.32,1.89,4.2,3.12,1.98,0.2220303598598776,0.2822193128339408,0.4957503273061818,0.22384555178711193,0.30133055048265067,0.4748238977302375
2026-03-08,La Liga,Villarreal,Elche,H,0.7032132697287916,0.1893699552079292,0.1074167750632791,H,0.35,0.4,0.2499999999999999,1.0900000000000003,1.47,4.49,5.99,1.45,4.59,6.58,0.6358074452668633,0.2081596758446078,0.15603287888852904,0.6509277199576713,0.20563076120667173,0.14344151883565703
2026-03-08,La Liga,Valencia,Alaves,H,0.4913450386181133,0.2711713901900063,0.2374835711918803,H,0.35,0.4,0.2499999999999999,1.0900000000000003,2.06,3.1,3.85,2.08,3.07,3.91,0.45463202803595915,0.3021103154045406,0.2432576565595002,0.4525923663661625,0.3066423850298431,0.24076524860399443
2026-03-08,La Liga,Sevilla,Vallecano,D,0.3593873082004692,0.2802173535468364,0.3603953382526941,A,0.35,0.4,0.2499999999999999,1.0900000000000003,2.47,3.1,2.93,2.53,3.03,2.98,0.3788197905501499,0.3018338331157646,0.3193463763340854,0.3725814637688934,0.3110993740380528,0.3163191621930537
2026-03-08,Serie A,Lecce,Cremonese,H,0.471468314846141,0.2681823140094935,0.2603493711443653,H,0.35,0.4,0.2499999999999999,1.0900000000000003,2.11,2.96,3.89,2.28,2.91,3.53,0.4434089780074631,0.31607869716072534,0.24051232483181156,0.411624691951674,0.3225100679208992,0.2658652401274268
2026-03-08,Ligue 1,Brest,Le Havre,H,0.5794611829449391,0.24227990538565,0.1782589116694106,H,0.35,0.4,0.2499999999999999,1.0900000000000003,1.86,3.46,3.97,1.9,3.36,4.18,0.4984830889824358,0.2679706778922921,0.2335462331252722,0.49504420037503355,0.2799357085454059,0.22502009107956072
2026-03-08,Ligue 1,Lille,Lorient,D,0.5546108341006087,0.2466898165238067,0.1986993493755843,H,0.35,0.4,0.2499999999999999,1.0900000000000003,1.55,4.0,5.74,1.52,4.12,6.15,0.6033055679638437,0.23378090758598943,0.16291352445016685,0.6187787557022986,0.22828730792900334,0.15293393636869818
2026-03-09,Serie A,Lazio,Sassuolo,H,0.5317510765123195,0.2434950573664263,0.2247538661212541,H,0.35,0.4,0.2499999999999999,1.0900000000000003,2.16,3.18,3.42,2.2,3.16,3.38,0.4327460249247958,0.293940696175333,0.27331327889987106,0.4260594842992086,0.29662369160071483,0.27731682410007663
2026-03-09,La Liga,Espanol,Oviedo,D,0.5204944579394339,0.2497120235380928,0.2297935185224731,H,0.35,0.4,0.2499999999999999,1.0900000000000003,1.88,3.31,4.25,1.94,3.25,4.17,0.4974310739277872,0.28252882748768576,0.22004009858452706,0.48493056574338134,0.2894662453975876,0.2256031888590311
2026-03-13,Ligue 1,Marseille,Auxerre,H,0.6353854623916229,0.2183655405916466,0.1462489970167304,H,0.35,0.4,0.2499999999999999,1.0900000000000003,1.41,4.76,6.79,1.42,4.53,7.11,0.664948082434437,0.19696991517490675,0.1380820023906563,0.6608579501037197,0.20715635522015052,0.13198569467612967
2026-03-13,Serie A,Torino,Parma,H,0.4322263197934894,0.28117889854804,0.2865947816584704,H,0.35,0.4,0.2499999999999999,1.0900000000000003,2.13,2.98,3.84,2.25,2.92,3.61,0.44063489129681394,0.31495044243698445,0.2444146662662015,0.41774293900617027,0.3218909632753024,0.2603660977185272
2026-03-13,Bundesliga,M'gladbach,St Pauli,H,0.4518565776669581,0.2845718371032883,0.2635715852297534,H,0.35,0.4,0.2499999999999999,1.0900000000000003,1.9,3.31,4.22,1.91,3.3,4.17,0.4940088841104572,0.28357005432322313,0.2224210615663196,0.4909610506373823,0.28416230506587886,0.22487664429673868
2026-03-13,La Liga,Alaves,Villarreal,D,0.2253971030059334,0.2343164013394646,0.5402864956546017,A,0.35,0.4,0.2499999999999999,1.0900000000000003,3.25,3.35,2.19,3.41,3.39,2.1,0.2895053568257601,0.28086340587573744,0.4296312372985025,0.2755041621678102,0.27712955545493595,0.4473662823772538
2026-03-14,Bundesliga,Hoffenheim,Wolfsburg,D,0.6415410025045438,0.2097255680621136,0.1487334294333423,H,0.35,0.4,0.2499999999999999,1.0900000000000003,1.44,4.78,6.04,1.41,4.97,6.46,0.6494915864303069,0.19566273733465311,0.15484567623504006,0.6657929389807662,0.188886930374825,0.1453201306444087
2026-03-14,Bundesliga,Leverkusen,Bayern Munich,D,0.2455630841842108,0.2269597114798222,0.5274772043359669,A,0.35,0.4,0.2499999999999999,1.0900000000000003,4.98,4.59,1.53,4.91,4.67,1.54,0.1872705018359853,0.20318237454100369,0.609547123623011,0.19085049186766412,0.2006586541906276,0.6084908539417083
2026-03-14,Premier League,Sunderland,Brighton,A,0.2876010639592282,0.2742159430716252,0.4381829929691463,A,0.35,0.4,0.2499999999999999,1.0900000000000003,3.26,3.27,2.23,3.64,3.46,2.01,0.2891154979165097,0.28823135266294236,0.4226531494205478,0.25886828411265045,0.2723354202803606,0.46879629560698893
2026-03-14,Premier League,Burnley,Bournemouth,D,0.2236236036627105,0.2620089554715918,0.5143674408656975,A,0.35,0.4,0.2499999999999999,1.0900000000000003,4.02,3.83,1.82,3.92,3.93,1.82,0.23483000714199095,0.24647953752240298,0.5186904553356062,0.24088830213588575,0.24027535480220666,0.5188363430619077
2026-03-14,Premier League,Arsenal,Everton,H,0.6957541720780409,0.1816169530906534,0.1226288748313054,H,0.35,0.4,0.2499999999999999,1.0900000000000003,1.37,4.56,8.83,1.37,4.65,8.58,0.6870059427631545,0.2064031012248951,0.10659095601195036,0.687617304440894,0.20258832410409133,0.10979437145501454
2026-03-14,Bundesliga,Hamburg,FC Koln,D,0.4705346188673202,0.2629329124906014,0.2665324686420782,H,0.35,0.4,0.2499999999999999,1.0900000000000003,2.09,3.52,3.21,2.32,3.44,2.88,0.44546597857669457,0.2644954247799124,0.290038596643393,0.40323000781453505,0.2719458192237562,0.32482417296170873
2026-03-14,La Liga,Girona,Ath Bilbao,H,0.3519471058509514,0.2724335316033152,0.3756193625457331,A,0.35,0.4,0.2499999999999999,1.0900000000000003,2.66,3.31,2.59,2.8,3.28,2.49,0.3532754492745262,0.28390111633541987,0.362823434390054,0.3357781870806473,0.28663991580055254,0.3775818971188001
2026-03-14,La Liga,Oviedo,Valencia,H,0.3459094882028838,0.2792203479160574,0.3748701638810586,A,0.35,0.4,0.2499999999999999,1.0900000000000003,2.86,3.11,2.53,2.8,3.12,2.59,0.3278635926112664,0.30150799834991054,0.37062840903882294,0.33573755234993025,0.3013029315960912,0.36295951605397864
2026-03-14,Bundesliga,Ein Frankfurt,Heidenheim,H,0.6871700551048846,0.1918678302262123,0.120962114668903,H,0.35,0.4,0.2499999999999999,1.0900000000000003,1.52,4.38,5.44,1.61,4.26,4.77,0.614838363403658,0.21336856446884936,0.17179307212749267,0.5829338611816343,0.22031068462498388,0.19675545419338183
2026-03-14,Ligue 1,Monaco,Brest,H,0.504793861157978,0.266802076346925,0.2284040624950969,H,0.35,0.4,0.2499999999999999,1.0900000000000003,1.64,4.03,4.67,1.58,4.14,5.23,0.5687875701536201,0.23146690199799924,0.19974552784838054,0.5939138926071404,0.22666278993219371,0.17942331746066575
2026-03-14,Serie A,Inter,Atalanta,D,0.6508423304371054,0.1974351447563301,0.1517225248065642,H,0.35,0.4,0.2499999999999999,1.0900000000000003,1.53,4.23,5.79,1.49,4.44,5.89,0.6150247474405044,0.22245575971252285,0.16251949284697267,0.6295022302031855,0.21125187455016808,0.15924589524664629
2026-03-14,Premier League,Chelsea,Newcastle,A,0.5709604340594698,0.2187265232370587,0.2103130427034713,H,0.35,0.4,0.2499999999999999,1.0900000000000003,1.79,4.12,3.86,1.69,4.24,4.3,0.5268158238205344,0.22888357394144576,0.24430060223801986,0.5581577610012063,0.2224732585122732,0.2193689804865206
2026-03-14,Serie A,Udinese,Juventus,A,0.2191382278422163,0.2210962047466843,0.5597655674110993,A,0.35,0.4,0.2499999999999999,1.0900000000000003,6.03,4.02,1.53,6.12,4.05,1.52,0.1552511415525114,0.23287671232876717,0.6118721461187214,0.1529653815189194,0.2311476876285893,0.6158869308524912
2026-03-14,Ligue 1,Lorient,Lens,H,0.2316005920032115,0.2431207082970843,0.525278699699704,A,0.35,0.4,0.2499999999999999,1.0900000000000003,4.04,3.6,1.84,4.98,3.92,1.65,0.23159543522040726,0.25990154396956816,0.5085030208100246,0.18908631667572923,0.24021680026661524,0.5706968830576556
2026-03-14,Premier League,West Ham,Man City,D,0.1683193947825781,0.2271157076098299,0.6045648976075918,A,0.35,0.4,0.2499999999999999,1.0900000000000003,4.43,4.15,1.69,4.81,4.16,1.63,0.21327547461281388,0.22766514518910008,0.5590593801980861,0.19580314576372987,0.22639738728931263,0.5777994669469575
2026-03-14,Bundesliga,Dortmund,Augsburg,H,0.7242077118410646,0.1715398842448365,0.1042524039140988,H,0.35,0.4,0.2499999999999999,1.0900000000000003,1.4,4.88,6.75,1.53,4.47,5.31,0.6692129535573524,0.1919873227418634,0.1387997237007842,0.6133398451126769,0.20993511477011093,0.17672504011721202
2026-03-14,La Liga,Real Madrid,Elche,H,0.8151908659136712,0.1280884140043409,0.0567207200819878,H,0.35,0.4,0.2499999999999999,1.0900000000000003,1.3,5.66,8.41,1.27,5.93,9.32,0.7224077120604143,0.16592403280539555,0.1116682551341901,0.7405041327739896,0.15859026115058464,0.10090560607542563
2026-03-14,Ligue 1,Angers,Nice,A,0.3530166747372728,0.2738884845546694,0.3730948407080576,A,0.35,0.4,0.2499999999999999,1.0900000000000003,2.98,3.16,2.39,3.19,3.07,2.35,0.31348946096947455,0.2956324663572893,0.39087807267323604,0.29441771444195514,0.30592589871981657,0.3996563868382284
2026-03-14,La Liga,Ath Madrid,Getafe,H,0.6330955810427044,0.2309630031130808,0.1359414158442148,H,0.35,0.4,0.2499999999999999,1.0900000000000003,1.55,3.67,6.91,1.64,3.46,6.1,0.6072914147231595,0.2564854748830783,0.13622311039376225,0.5737758397581584,0.27196311479866464,0.154261045443177
2026-03-14,Serie A,Napoli,Lecce,H,0.7350301095072087,0.1689662000687439,0.0960036904240472,H,0.35,0.4,0.2499999999999999,1.0900000000000003,1.34,4.53,9.86,1.43,4.19,8.04,0.6984662634248864,0.20661032957822245,0.09492340699689127,0.6582630699637528,0.22465780192080345,0.11707912811544362
2026-03-15,La Liga,Betis,Celta,D,0.4685473889067926,0.264689119607307,0.2667634914859003,H,0.35,0.4,0.2499999999999999,1.0900000000000003,2.18,3.25,3.29,2.02,3.32,3.73,0.42856226728177094,0.287466382361311,0.2839713503569181,0.46511872478835364,0.2829939229133959,0.25188735229825054
2026-03-15,Ligue 1,Rennes,Lille,A,0.4590359690805633,0.258918149951186,0.2820458809682505,H,0.35,0.4,0.2499999999999999,1.0900000000000003,2.22,3.34,3.12,2.19,3.26,3.3,0.4208383813908408,0.27971892415798405,0.29944269445117516,0.4281893298944453,0.28764866026651387,0.28416200983904094
2026-03-15,Serie A,Como,Roma,H,0.3907456223279249,0.2531024972853054,0.3561518803867693,H,0.35,0.4,0.2499999999999999,1.0900000000000003,2.08,3.29,3.51,2.06,3.1,3.88,0.44947629408490614,0.28416738349440873,0.26635632242068513,0.45548873774936766,0.3026796128269991,0.24183164942363336
2026-03-15,Bundesliga,Stuttgart,RB Leipzig,H,0.4907040166766009,0.2325262055919915,0.2767697777314075,H,0.35,0.4,0.2499999999999999,1.0900000000000003,2.26,3.85,2.69,2.4,3.91,2.54,0.41200386682526485,0.24185162052599962,0.3461445126487356,0.390824590538105,0.23989233178809513,0.3692830776737999
2026-03-15,Premier League,Crystal Palace,Leeds,D,0.5215324488307412,0.2541593236497773,0.2243082275194814,H,0.35,0.4,0.2499999999999999,1.0900000000000003,2.49,3.24,2.85,2.66,3.23,2.69,0.378472094138478,0.2908628130879044,0.3306650927736176,0.355571106445844,0.2928232641318716,0.35160562942228446
2026-03-15,Bundesliga,Freiburg,Union Berlin,A,0.516155831720321,0.2574916947671259,0.226352473512553,H,0.35,0.4,0.2499999999999999,1.0900000000000003,2.11,3.26,3.45,1.89,3.54,3.94,0.44270638572570076,0.286536955178291,0.2707566590960083,0.49662450863100327,0.2651469834216373,0.2382285079473594
2026-03-15,Serie A,Pisa,Cagliari,H,0.3642634488557832,0.2867476793259876,0.3489888718182291,H,0.35,0.4,0.2499999999999999,1.0900000000000003,2.49,2.96,3.04,2.55,2.86,3.06,0.37589813855562604,0.3162116097984828,0.3078902516458911,0.36698032506415745,0.32720273738237815,0.3058169375534645
2026-03-15,Serie A,Sassuolo,Bologna,A,0.3480495136947634,0.2759642780400674,0.375986208265169,A,0.35,0.4,0.2499999999999999,1.0900000000000003,2.47,3.23,2.84,2.37,3.18,3.05,0.3795895903766019,0.2902743926409309,0.3301360169824672,0.39645848406440454,0.2954737758593204,0.3080677400762751
2026-03-15,Ligue 1,Le Havre,Lyon,D,0.234867324201669,0.2458395752591567,0.5192931005391741,A,0.35,0.4,0.2499999999999999,1.0900000000000003,3.67,3.37,1.99,3.44,3.33,2.11,0.2542431996967112,0.2768761254857359,0.4688806748175528,0.27297308847353724,0.2819902175222126,0.4450366940042502
2026-03-15,Serie A,Verona,Genoa,A,0.2978763526554127,0.2796301541696513,0.4224934931749358,A,0.35,0.4,0.2499999999999999,1.0900000000000003,3.14,3.06,2.37,3.35,2.9,2.37,0.29841497136085327,0.30621666995852265,0.39536835868062414,0.2802160839873611,0.323697890123331,0.3960860258893079
2026-03-15,La Liga,Sociedad,Osasuna,H,0.4663893562858431,0.2607263023047719,0.2728843414093848,H,0.35,0.4,0.2499999999999999,1.0900000000000003,1.87,3.43,4.06,1.91,3.53,3.89,0.4985590055885522,0.2718091371576072,0.2296318572538406,0.49210683811223527,0.26626743931851826,0.2416257225692466
2026-03-15,Ligue 1,Metz,Toulouse,A,0.2456789391086552,0.2668462224233405,0.4874748384680042,A,0.35,0.4,0.2499999999999999,1.0900000000000003,3.84,3.3,1.97,3.92,3.36,1.96,0.24313892691246103,0.28292529677086375,0.4739357763166752,0.24000000000000002,0.28,0.48000000000000004
2026-03-15,Ligue 1,Strasbourg,Paris FC,D,0.574375069505312,0.2388166473720798,0.1868082831226078,H,0.35,0.4,0.2499999999999999,1.0900000000000003,1.73,3.75,4.39,1.65,3.93,4.88,0.538964206556293,0.24864215395796976,0.2123936394857373,0.5688404829911998,0.2388261569810381,0.19233336002776225
2026-03-15,Bundesliga,Werder Bremen,Mainz,A,0.4218385617173918,0.2688609122562631,0.3093005260263449,H,0.35,0.4,0.2499999999999999,1.0900000000000003,2.2,3.46,3.05,2.24,3.48,3.02,0.42424120603015075,0.26974874371859303,0.3060100502512563,0.4192169001499825,0.26984076331493123,0.3109423365350864
2026-03-15,Premier League,Nott'm Forest,Fulham,D,0.3966988989502295,0.2665559549043625,0.3367451461454078,H,0.35,0.4,0.2499999999999999,1.0900000000000003,2.19,3.4,3.24,2.29,3.31,3.13,0.43102638745422106,0.27763170250727764,0.29134191003850124,0.4126310842404184,0.2854758860756973,0.3018930296838844
2026-03-15,La Liga,Barcelona,Sevilla,H,0.8121067812575987,0.1297642933238818,0.0581289254185193,H,0.35,0.4,0.2499999999999999,1.0900000000000003,1.26,6.06,9.19,1.28,5.87,9.28,0.7434798628688603,0.15458492198263432,0.10193521514850533,0.7374691331282762,0.1608109864402374,0.10171988043148639
2026-03-15,Premier League,Liverpool,Tottenham,D,0.7150881321785554,0.1773579891461631,0.1075538786752813,H,0.35,0.4,0.2499999999999999,1.0900000000000003,1.29,5.79,8.72,1.3,5.87,8.24,0.7295363021210374,0.16253917612023114,0.10792452175873145,0.7250411471433839,0.16057129323448024,0.11438755962213581
2026-03-15,Premier League,Man United,Aston Villa,H,0.4357228687849284,0.2559900758281062,0.3082870553869654,H,0.35,0.4,0.2499999999999999,1.0900000000000003,1.71,4.02,4.38,1.69,4.0,4.56,0.5507262695642382,0.23426415944150436,0.2150095709942574,0.5576890149940074,0.2356236088349681,0.20668737617102467
2026-03-15,La Liga,Mallorca,Espanol,H,0.391513790842582,0.2727710096449227,0.3357151995124952,H,0.35,0.4,0.2499999999999999,1.0900000000000003,2.3,3.09,3.19,2.43,3.09,3.04,0.4056236137458798,0.3019204891959623,0.29245589705815783,0.3867350089544864,0.3041314148088681,0.30913357623664545
2026-03-15,Serie A,Lazio,Milan,H,0.26048264159288,0.2522154692611847,0.4873018891459352,A,0.35,0.4,0.2499999999999999,1.0900000000000003,3.98,3.32,1.93,4.46,3.45,1.81,0.2346882714466754,0.2813431687824603,0.4839685597708644,0.21022350449937888,0.27176719712093617,0.5180092983796849
2026-03-16,Serie A,Cremonese,Fiorentina,A,0.2898132689687825,0.2773014654046624,0.4328852656265547,A,0.35,0.4,0.2499999999999999,1.0900000000000003,3.78,3.52,1.92,4.18,3.36,1.89,0.247364722417428,0.2656359803232607,0.4869992972593113,0.22443223986937805,0.2792043936470239,0.496363366483598
2026-03-16,La Liga,Vallecano,Levante,D,0.5568190375505827,0.2504128580095704,0.1927681044398466,H,0.35,0.4,0.2499999999999999,1.0900000000000003,1.67,3.74,4.92,1.8,3.55,4.45,0.5599245351915529,0.2500197790828591,0.19005568572558806,0.523139332726219,0.2652537461710407,0.2116069211027403
2026-03-16,Premier League,Brentford,Wolves,D,0.6068849489659487,0.2323968669243508,0.1607181841097003,H,0.35,0.4,0.2499999999999999,1.0900000000000003,1.54,4.15,5.68,1.53,4.29,5.78,0.6089351127093117,0.22596628278851563,0.16509860450217256,0.6167702651274896,0.21996701763288087,0.16326271723962957
2026-03-20,Premier League,Bournemouth,Man United,D,0.3713313751900842,0.2640209721829815,0.364647652626934,H,0.35,0.4,0.2499999999999999,1.0900000000000003,3.22,3.76,2.07,3.07,3.72,2.15,0.2930885155032045,0.250996015936255,0.45591546856054044,0.307391934324664,0.2536809780582576,0.4389270876170783
2026-03-20,Serie A,Genoa,Udinese,A,0.4626992583836304,0.2708978521933011,0.2664028894230683,H,0.35,0.4,0.2499999999999999,1.0900000000000003,2.14,3.1,3.65,2.16,3.05,3.68,0.4392468944099379,0.303222049689441,0.2575310559006211,0.4357007546349492,0.30856184590540675,0.25573739945964413
2026-03-20,Bundesliga,RB Leipzig,Hoffenheim,H,0.4904402864793653,0.2506133533951332,0.2589463601255014,H,0.35,0.4,0.2499999999999999,1.0900000000000003,1.9,4.09,3.4,1.9,3.98,3.45,0.49422468635604366,0.22959093009204964,0.2761843835519068,0.4930695202528009,0.23538494685435218,0.2715455328928469
2026-03-20,Serie A,Cagliari,Napoli,A,0.1650406844426083,0.2189821052266281,0.6159772103307634,A,0.35,0.4,0.2499999999999999,1.0900000000000003,5.23,3.37,1.73,5.45,3.37,1.71,0.17937058311361068,0.27837037082616733,0.542259046060222,0.17228472257516733,0.2786206937788314,0.5490945836460012
2026-03-20,La Liga,Villarreal,Sociedad,H,0.5673436671706449,0.2350904661660001,0.1975658666633548,H,0.35,0.4,0.2499999999999999,1.0900000000000003,1.93,3.62,3.72,1.92,3.62,3.74,0.4873374202934216,0.2598235417586474,0.25283903794793106,0.4892952656306469,0.25951572099747017,0.2511890133718829
2026-03-20,Ligue 1,Lens,Angers,H,0.7412141675527998,0.1573731551674326,0.1014126772797675,H,0.35,0.4,0.2499999999999999,1.0900000000000003,1.22,6.29,12.02,1.2,6.54,13.04,0.7719288573062157,0.149722290288328,0.07834885240545618,0.7839996469861442,0.14385314623598977,0.07214720677786604
2026-03-21,Ligue 1,Nice,Paris SG,A,0.1514457203193939,0.1972457373699537,0.6513085423106522,A,0.35,0.4,0.2499999999999999,1.0900000000000003,7.55,5.37,1.33,6.41,4.73,1.44,0.12372178751400989,0.17394776456811445,0.7023304479178756,0.14691690627231138,0.1990988095571915,0.6539842841704971
2026-03-21,Serie A,Juventus,Sassuolo,D,0.6964525227558809,0.1838925075341161,0.1196549697100029,H,0.35,0.4,0.2499999999999999,1.0900000000000003,1.31,5.19,9.25,1.27,5.73,9.82,0.7173446257614993,0.18106386507660194,0.10159150916189882,0.7402097685915406,0.16406045481871845,0.095729776589741
2026-03-21,Ligue 1,Toulouse,Lorient,H,0.4042843514141983,0.275868814014046,0.3198468345717555,H,0.35,0.4,0.2499999999999999,1.0900000000000003,1.95,3.15,4.16,1.8,3.35,4.71,0.4789736279401284,0.2965074839629366,0.22451888809693513,0.5209746916943193,0.2799267000148581,0.19909860829082265
2026-03-21,Bundesliga,Heidenheim,Leverkusen,D,0.14264666037725,0.2060032383934405,0.6513501012293094,A,0.35,0.4,0.2499999999999999,1.0900000000000003,5.1,4.32,1.56,5.25,4.58,1.52,0.18349343266026272,0.2166241913350323,0.5998823760047048,0.1785639168329631,0.2046857125268682,0.6167503706401687
2026-03-21,Premier League,Brighton,Liverpool,H,0.3198181068077237,0.2605696299819089,0.4196122632103672,A,0.35,0.4,0.2499999999999999,1.0900000000000003,3.02,3.55,2.22,3.05,3.62,2.19,0.3114231972939652,0.26492902981064087,0.42364777289539407,0.30909650932030586,0.26042661696876596,0.4304768737109282
2026-03-21,La Liga,Levante,Oviedo,H,0.4387096724193768,0.2768651195520812,0.2844252080285418,H,0.35,0.4,0.2499999999999999,1.0900000000000003,2.18,3.28,3.33,2.29,3.19,3.18,0.43116665745572824,0.2865680833089901,0.28226525923528156,0.41017326082121996,0.2944503972666438,0.29537634191213635
2026-03-21,Premier League,Fulham,Burnley,H,0.6001880188789473,0.2345070930392115,0.1653048880818409,H,0.35,0.4,0.2499999999999999,1.0900000000000003,1.53,4.09,6.22,1.52,4.29,5.92,0.6172596271664309,0.23090641309648882,0.15183395973708025,0.6207058363476391,0.21992374621175087,0.15937041744061
2026-03-21,Bundesliga,FC Koln,M'gladbach,D,0.4025642153960231,0.2670537279730243,0.3303820566309524,H,0.35,0.4,0.2499999999999999,1.0900000000000003,2.25,3.44,2.99,2.3,3.36,3.0,0.41552775207953746,0.27178414016830216,0.3126881077521603,0.40796503156872277,0.2792617775619233,0.31277319086935407
2026-03-21,La Liga,Espanol,Getafe,A,0.4313880779298215,0.2816802622487386,0.2869316598214397,H,0.35,0.4,0.2499999999999999,1.0900000000000003,2.4,2.92,3.28,2.46,2.83,3.29,0.39160015700641115,0.32186314274499545,0.2865367002485935,0.38212009406588715,0.3321609298240574,0.2857189761100554
2026-03-21,Ligue 1,Auxerre,Brest,H,0.2847808564742962,0.2730546157073456,0.4421645278183579,A,0.35,0.4,0.2499999999999999,1.0900000000000003,2.3,3.18,3.13,2.27,3.1,3.33,0.40681914789262014,0.29424026419906485,0.29894058790831507,0.41426054713051436,0.3033456264471831,0.2823938264223026
2026-03-21,Bundesliga,Dortmund,Hamburg,H,0.7566201594436788,0.1591937687016138,0.0841860718547072,H,0.35,0.4,0.2499999999999999,1.0900000000000003,1.38,4.88,6.96,1.41,4.78,6.89,0.6751908396946565,0.19093511450381678,0.1338740458015267,0.6668340457066264,0.19670209298040653,0.1364638613129671
2026-03-21,Premier League,Everton,Chelsea,H,0.3477956603196699,0.2545276701273248,0.3976766695530052,A,0.35,0.4,0.2499999999999999,1.0900000000000003,3.38,3.5,2.08,3.15,3.43,2.22,0.2784961209468868,0.2689476825144221,0.452556196538691,0.2996446574663251,0.2751838691017271,0.4251714734319478
2026-03-21,Premier League,Leeds,Brentford,D,0.3132969966005917,0.2502041068003072,0.4364988965991009,A,0.35,0.4,0.2499999999999999,1.0900000000000003,2.46,3.42,2.77,2.35,3.41,2.95,0.38352603964244075,0.2758696074621065,0.3406043528954528,0.40229149587090846,0.27723900741836793,0.32046949671072367
2026-03-21,La Liga,Osasuna,Girona,H,0.4252523973946315,0.2782555128701989,0.2964920897351695,H,0.35,0.4,0.2499999999999999,1.0900000000000003,2.17,3.35,3.29,2.01,3.48,3.56,0.4334003137988935,0.28073990475928323,0.28585978144182334,0.4668113582926388,0.26962380177247236,0.2635648399348887
2026-03-21,La Liga,Sevilla,Valencia,A,0.3934330129549597,0.2854415602982412,0.321125426746799,H,0.35,0.4,0.2499999999999999,1.0900000000000003,2.24,3.13,3.34,2.18,3.14,3.48,0.41905639956708224,0.2998997875496052,0.2810438128833127,0.43090367052068707,0.29916242093474454,0.26993390854456834
2026-03-21,Serie A,Parma,Cremonese,A,0.5473747816009038,0.2489105414374551,0.2037146769616409,H,0.35,0.4,0.2499999999999999,1.0900000000000003,2.06,3.11,3.88,2.21,3.04,3.52,0.45593247236097356,0.30200028715871563,0.24206724048031075,0.42466188329417737,0.3087180138421487,0.2666201028636739
2026-03-21,La Liga,Elche,Mallorca,H,0.3813226463374434,0.2768264586020361,0.3418508950605203,H,0.35,0.4,0.2499999999999999,1.0900000000000003,2.1,3.3,3.49,2.05,3.37,3.55,0.4468109869646182,0.28433426443202975,0.2688547486033519,0.4575039675710817,0.2783036004512514,0.26419243197766684
2026-03-21,Serie A,Milan,Torino,H,0.6506535911408123,0.2070290891594345,0.142317319699753,H,0.35,0.4,0.2499999999999999,1.0900000000000003,1.36,4.71,8.23,1.34,4.79,8.93,0.6877595956119137,0.19858875796862055,0.1136516464194657,0.6993958420196371,0.1956556217758484,0.10494853620451443
2026-03-21,Bundesliga,Bayern Munich,Union Berlin,H,0.813100547157577,0.1211197104962608,0.065779742346162,H,0.35,0.4,0.2499999999999999,1.0900000000000003,1.16,7.61,13.38,1.13,8.67,15.22,0.8070194071183211,0.12301478479070335,0.06996580809097551,0.8301656274712479,0.10819921096222723,0.061635161566524974
2026-03-21,Bundesliga,Wolfsburg,Werder Bremen,A,0.3808188732828663,0.2673253570351612,0.3518557696819723,H,0.35,0.4,0.2499999999999999,1.0900000000000003,2.32,3.56,2.77,2.34,3.58,2.8,0.4017305718056936,0.2618019456711262,0.3364674825231802,0.4017120048731225,0.26257153391148225,0.33571646121539517
2026-03-22,Serie A,Roma,Lecce,H,0.7047303894252772,0.1812615085189524,0.1140081020557702,H,0.35,0.4,0.2499999999999999,1.0900000000000003,1.47,3.96,7.33,1.48,3.99,7.35,0.6362303306877437,0.23617641063408668,0.12759325867816962,0.6360158491597213,0.23591565332240289,0.12806849751787588
2026-03-22,Bundesliga,St Pauli,Freiburg,A,0.3071347313350798,0.2760893701546785,0.4167758985102416,A,0.35,0.4,0.2499999999999999,1.0900000000000003,2.66,3.05,2.7,2.66,3.0,2.8,0.3499787505312367,0.30522736931576716,0.34479388015299617,0.3525264394829612,0.3125734430082256,0.33490011750881316
2026-03-22,Bundesliga,Mainz,Ein Frankfurt,H,0.3545082811372113,0.2722878518135951,0.3732038670491934,A,0.35,0.4,0.2499999999999999,1.0900000000000003,2.08,3.58,3.19,2.15,3.51,3.18,0.4478193696131253,0.2601855555294136,0.29199507485746107,0.436941433453512,0.26764218858263555,0.29541637796385245
2026-03-22,Ligue 1,Paris FC,Le Havre,H,0.435905411057632,0.2906916907814414,0.2734028981609265,H,0.35,0.4,0.2499999999999999,1.0900000000000003,1.99,3.19,3.94,2.1,3.17,3.67,0.4697260186939639,0.2930265759250747,0.23724740538096145,0.4474938360406033,0.2964470207209044,0.2560591432384924
2026-03-22,Serie A,Atalanta,Verona,H,0.737739209369273,0.169308200782741,0.0929525898479859,H,0.35,0.4,0.2499999999999999,1.0900000000000003,1.37,4.56,8.19,1.37,4.59,8.55,0.6813308303185871,0.20469807840711937,0.11397109127429357,0.685537755278507,0.20461584416809472,0.1098464005533982
2026-03-22,La Liga,Real Madrid,Ath Madrid,H,0.6082855783704226,0.2071167620738979,0.1845976595556793,H,0.35,0.4,0.2499999999999999,1.0900000000000003,1.91,3.78,3.54,2.0,3.8,3.32,0.48903604946934476,0.24710551705990705,0.26385843347074817,0.4697646708370569,0.247244563598451,0.28299076556449215
2026-03-22,Serie A,Como,Pisa,H,0.6964419910102071,0.1867465345216745,0.1168114744681182,H,0.35,0.4,0.2499999999999999,1.0900000000000003,1.24,5.63,11.81,1.29,5.34,10.1,0.7545777776769005,0.16619475032315392,0.07922747199994552,0.7303023901987228,0.1764213639244106,0.09327624587686659
2026-03-22,Premier League,Aston Villa,West Ham,H,0.5852098715777974,0.2299134391178941,0.1848766893043084,H,0.35,0.4,0.2499999999999999,1.0900000000000003,1.95,3.56,3.7,1.73,3.79,4.55,0.4819788503055363,0.26400526912803246,0.2540158805664312,0.5444594240465763,0.24852633340384617,0.20701424254957734
2026-03-22,La Liga,Barcelona,Vallecano,H,0.7824617001289894,0.1427444191405844,0.074793880730426,H,0.35,0.4,0.2499999999999999,1.0900000000000003,1.22,6.54,9.96,1.2,7.1,11.1,0.7639219218373982,0.1425053126363342,0.09357276552626763,0.7830104321907599,0.1323397913561848,0.08464977645305514
2026-03-22,Premier League,Tottenham,Nott'm Forest,A,0.3649219812764016,0.2673148541719659,0.3677631645516324,A,0.35,0.4,0.2499999999999999,1.0900000000000003,2.24,3.39,3.11,2.37,3.29,3.0,0.41998733214090805,0.2775137533910425,0.30249891446804955,0.39834848833408,0.2869562058819969,0.31469530578392324
2026-03-22,La Liga,Celta,Alaves,A,0.5744031115504673,0.2407399033380114,0.1848569851115211,H,0.35,0.4,0.2499999999999999,1.0900000000000003,1.81,3.33,4.64,1.95,3.25,4.17,0.5171620884362167,0.28110011413500063,0.20173779742878278,0.48364648573416846,0.29018789144050106,0.22616562282533054
2026-03-22,Ligue 1,Rennes,Metz,D,0.7434186993344867,0.1678582613801091,0.088723039285404,H,0.35,0.4,0.2499999999999999,1.0900000000000003,1.34,5.05,8.03,1.29,5.58,9.16,0.6982163856973382,0.1852692983830561,0.11651431591960566,0.7288563386065932,0.16849904602195434,0.10264461537145254
2026-03-22,Serie A,Bologna,Lazio,A,0.4295304657460007,0.2769608500662856,0.2935086841877135,H,0.35,0.4,0.2499999999999999,1.0900000000000003,2.3,3.04,3.28,2.29,3.12,3.26,0.40686818567604627,0.3078279036364824,0.2853039106874714,0.41043685990299184,0.30125013114674715,0.28831300895026113
2026-03-22,Serie A,Fiorentina,Inter,D,0.1738879181033671,0.2143732106556533,0.6117388712409795,A,0.35,0.4,0.2499999999999999,1.0900000000000003,5.03,4.03,1.61,5.22,4.02,1.6,0.18613784694828947,0.23232589830022235,0.5815362547514883,0.17982353138524507,0.23350219747039289,0.586674271144362
2026-03-22,La Liga,Ath Bilbao,Betis,H,0.3948005734935566,0.2690878886155529,0.3361115378908903,H,0.35,0.4,0.2499999999999999,1.0900000000000003,2.18,3.39,3.17,2.0,3.48,3.61,0.4290436817036703,0.2759041964938057,0.29505212180252405,0.4697638242816758,0.2699792093572849,0.26025696636103923
2026-03-22,Bundesliga,Augsburg,Stuttgart,A,0.2535504460347704,0.2599770825694809,0.4864724713957487,A,0.35,0.4,0.2499999999999999,1.0900000000000003,3.36,3.75,1.97,3.37,3.74,1.99,0.27765562809367567,0.2487794427719334,0.47356492913439097,0.27819995738747866,0.2506775017101077,0.47112254090241357
2026-03-22,Ligue 1,Marseille,Lille,A,0.4715611875681789,0.2618702943451664,0.2665685180866545,H,0.35,0.4,0.2499999999999999,1.0900000000000003,1.91,3.64,3.69,1.86,3.64,3.99,0.4896343308338103,0.2569235087616971,0.25344216040449263,0.5057773877431623,0.258446687143484,0.23577592511335382
2026-03-22,Premier League,Newcastle,Sunderland,A,0.5952306475434579,0.2328585449265932,0.1719108075299488,H,0.35,0.4,0.2499999999999999,1.0900000000000003,1.65,3.89,5.04,1.53,4.2,5.83,0.5709243712161584,0.2421658643975993,0.18690976438624232,0.6147334171857232,0.22393860197479912,0.1613279808394779
2026-03-22,Ligue 1,Nantes,Strasbourg,A,0.2323132969670625,0.2586094712158694,0.509077231817068,A,0.35,0.4,0.2499999999999999,1.0900000000000003,3.48,3.51,2.01,3.43,3.42,2.08,0.26861528972346915,0.2663194325463455,0.46506527773018547,0.2738253793506963,0.2746260383546457,0.4515485822946579
2026-03-22,Ligue 1,Lyon,Monaco,A,0.4178257697065546,0.252762622150697,0.3294116081427484,H,0.35,0.4,0.2499999999999999,1.0900000000000003,2.7,3.49,2.42,2.62,3.52,2.51,0.34609962791155113,0.26775615912928025,0.3861442129591687,0.3586616762334678,0.26695840674195614,0.37437991702457596
2026-04-03,La Liga,Vallecano,Elche,H,0.5386521355397325,0.2531612503185526,0.2081866141417149,H,0.35,0.4,0.2499999999999999,1.0900000000000003,1.72,3.77,4.7,1.71,3.76,4.68,0.5487899304372603,0.2503763077856997,0.20083376177703993,0.5493986737102393,0.24985950320332695,0.20074182308643362
2026-04-03,Ligue 1,Paris SG,Toulouse,H,0.7655977416267998,0.1486790944075366,0.0857231639656633,H,0.35,0.4,0.2499999999999999,1.0900000000000003,1.24,6.17,10.65,1.27,5.82,9.61,0.759068378013407,0.15255182961695699,0.0883797923696361,0.7405393882660742,0.16159536479345607,0.09786524694046976
2026-04-04,La Liga,Ath Madrid,Barcelona,A,0.2816670542782727,0.244495701522483,0.473837244199244,A,0.35,0.4,0.2499999999999999,1.0900000000000003,3.0,3.77,2.15,3.21,3.98,1.99,0.3133710927683594,0.24936691732230193,0.4372619899093387,0.2924320352681851,0.23585598824393827,0.47171197648787655
2026-04-04,La Liga,Sociedad,Levante,H,0.5516547936166003,0.2545490950919188,0.1937961112914808,H,0.35,0.4,0.2499999999999999,1.0900000000000003,1.57,4.18,5.42,1.57,4.24,5.24,0.6005046703209321,0.2255484048813071,0.1739469247977608,0.5988377734412903,0.2217394585619872,0.1794227679967225
2026-04-04,Serie A,Sassuolo,Cagliari,H,0.4810896933435885,0.2680777894759016,0.2508325171805098,H,0.35,0.4,0.2499999999999999,1.0900000000000003,1.97,3.12,4.24,2.11,3.11,3.75,0.4770917484131563,0.3012406231967686,0.221667628390075,0.44620481996855044,0.30273060132914514,0.25106457870230436
2026-04-04,Bundesliga,Freiburg,Bayern Munich,A,0.1422221396485697,0.188594207525827,0.6691836528256031,A,0.35,0.4,0.2499999999999999,1.0900000000000003,6.66,5.26,1.37,5.43,4.61,1.5,0.14030216891865582,0.17764495152057944,0.6820528795607648,0.17247700930103785,0.20315621702920508,0.624366773669757
2026-04-04,Ligue 1,Brest,Rennes,A,0.3734458892744763,0.2897656864026207,0.3367884243229029,H,0.35,0.4,0.2499999999999999,1.0900000000000003,3.07,3.42,2.21,3.17,3.39,2.21,0.30424719128261074,0.27311078281801604,0.4226420258993733,0.29678060838459985,0.2775205099053633,0.4256988817100369
2026-04-04,Serie A,Verona,Fiorentina,A,0.2435704371159773,0.2630896788477496,0.4933398840362729,A,0.35,0.4,0.2499999999999999,1.0900000000000003,4.13,3.4,1.89,3.91,3.13,2.05,0.22727835408878214,0.2760763536431383,0.4966452922680795,0.24058597016156547,0.3005403013839364,0.4588737284544981
2026-04-04,Bundesliga,Stuttgart,Dortmund,A,0.3920184728824301,0.2308150868896391,0.3771664402279306,H,0.35,0.4,0.2499999999999999,1.0900000000000003,2.28,3.86,2.68,2.33,3.85,2.65,0.40959771935381695,0.24193854925562244,0.34846373139056064,0.4025051780254463,0.24359404280501032,0.3539007791695434
2026-04-04,Bundesliga,Hamburg,Augsburg,D,0.3968784223692727,0.2760432520740321,0.327078325556695,H,0.35,0.4,0.2499999999999999,1.0900000000000003,2.22,3.41,3.07,2.37,3.37,2.88,0.42120276974205667,0.2742141198907231,0.3045831103672202,0.3958544911718282,0.27839025046802157,0.3257552583601503
2026-04-04,Bundesliga,Werder Bremen,RB Leipzig,A,0.2629574115369296,0.2630451611355673,0.4739974273275029,A,0.35,0.4,0.2499999999999999,1.0900000000000003,3.42,3.85,1.93,3.74,3.96,1.84,0.273199230828624,0.24268606998282966,0.4841146991885463,0.2514424536896447,0.23747342848466446,0.5110841178256909
2026-04-04,La Liga,Mallorca,Real Madrid,H,0.1220491342548018,0.1821144641611967,0.6958364015840014,A,0.35,0.4,0.2499999999999999,1.0900000000000003,5.51,4.22,1.55,5.41,4.41,1.53,0.1706331504655173,0.2227935211054503,0.6065733284290324,0.17352961599888897,0.21287873527301343,0.6135916487280976
2026-04-04,Ligue 1,Lille,Lens,H,0.3736193216491103,0.2719733114822827,0.3544073668686068,H,0.35,0.4,0.2499999999999999,1.0900000000000003,2.58,3.32,2.63,2.82,3.38,2.4,0.3625688256251401,0.28175529220266915,0.3556758821721907,0.3323010372118173,0.2772452440642973,0.39045371872388535
2026-04-04,Ligue 1,Strasbourg,Nice,H,0.5449371879689487,0.237280514360041,0.2177822976710101,H,0.35,0.4,0.2499999999999999,1.0900000000000003,1.81,3.67,4.1,1.93,3.68,3.67,0.5168889789664968,0.25492344739219597,0.22818757364130712,0.4877234923856401,0.25578976638703405,0.25648674122732573
2026-04-04,Bundesliga,Hoffenheim,Mainz,A,0.4435391773013749,0.277316187061974,0.279144635636651,H,0.35,0.4,0.2499999999999999,1.0900000000000003,1.67,4.05,4.41,1.7,3.95,4.52,0.5583377880313987,0.2302281743240582,0.21143403764454322,0.5535609090627229,0.23824140390041237,0.20819768703686484
2026-04-04,Bundesliga,M'gladbach,Heidenheim,D,0.5380745858009028,0.2602112162064348,0.2017141979926622,H,0.35,0.4,0.2499999999999999,1.0900000000000003,1.56,4.22,5.2,1.59,4.22,5.05,0.5989213738291229,0.22140221402214025,0.17967641214873686,0.5911462595318208,0.22273046271459598,0.1861232777535832
2026-04-04,La Liga,Betis,Espanol,D,0.5779041787854111,0.2353553087382834,0.1867405124763053,H,0.35,0.4,0.2499999999999999,1.0900000000000003,1.71,3.88,4.59,1.78,3.72,4.34,0.5514896463309272,0.2430534266046097,0.2054569270644631,0.5294835298901993,0.2533550223668158,0.21716144774298496
2026-04-04,Bundesliga,Leverkusen,Wolfsburg,H,0.7341125983223679,0.1714235121309841,0.0944638895466477,H,0.35,0.4,0.2499999999999999,1.0900000000000003,1.39,4.93,6.73,1.42,4.88,6.39,0.6718239673755677,0.1894189279213061,0.13875710470312616,0.6608486307553415,0.19229611796569362,0.1468552512789648
2026-04-04,Serie A,Lazio,Parma,D,0.5949097357951666,0.2375111529534087,0.1675791112514245,H,0.35,0.4,0.2499999999999999,1.0900000000000003,1.77,3.4,4.91,1.92,3.2,4.35,0.5316103392383458,0.2767500883681977,0.19163957239345664,0.48986486486486486,0.2939189189189189,0.21621621621621623
2026-04-05,Ligue 1,Monaco,Marseille,H,0.4989542039079416,0.2463526962072552,0.2546930998848029,H,0.35,0.4,0.2499999999999999,1.0900000000000003,2.14,3.62,3.06,2.05,3.7,3.29,0.4365846352729738,0.25809146947076356,0.30532389525626275,0.45931515894726915,0.25448542590321666,0.2861994151495142
2026-04-05,Serie A,Cremonese,Bologna,A,0.2594821331929929,0.2710483688843029,0.4694694979227039,A,0.35,0.4,0.2499999999999999,1.0900000000000003,3.55,3.37,2.05,3.44,3.29,2.13,0.26419243197766684,0.2783036004512514,0.4575039675710817,0.2731780528213624,0.28563297924178926,0.4411889679368482
2026-04-05,Serie A,Inter,Roma,H,0.6123955230348763,0.2072482731603225,0.1803562038048012,H,0.35,0.4,0.2499999999999999,1.0900000000000003,1.63,3.84,5.22,1.56,3.98,5.81,0.5757915237586391,0.2444115061787973,0.17979697006256354,0.6022418885202181,0.23605460957073876,0.16170350190904312
2026-04-05,Ligue 1,Metz,Nantes,D,0.3531442263490013,0.2840462048184584,0.3628095688325403,A,0.35,0.4,0.2499999999999999,1.0900000000000003,2.87,3.22,2.43,2.81,3.27,2.48,0.32548117520309816,0.29010278659406574,0.3844160382028361,0.33418084567171186,0.287170696127679,0.37864845820060905
2026-04-05,Bundesliga,Union Berlin,St Pauli,D,0.4506118594730396,0.2881943169845681,0.261193823542392,H,0.35,0.4,0.2499999999999999,1.0900000000000003,2.08,3.13,3.67,2.04,3.18,3.85,0.44817038675671345,0.2978256883239502,0.2540039249193363,0.46053670977497907,0.29543864400659037,0.24402464621843045
2026-04-05,Ligue 1,Lorient,Paris FC,D,0.4541938177252721,0.2770733394012284,0.2687328428734993,H,0.35,0.4,0.2499999999999999,1.0900000000000003,2.22,3.24,3.21,2.36,3.21,3.05,0.4207383674361028,0.28828369620621863,0.2909779363576786,0.3985694570531792,0.29302925814501646,0.30840128480180423
2026-04-05,La Liga,Valencia,Celta,A,0.381902496708416,0.2862759682218598,0.331821535069724,H,0.35,0.4,0.2499999999999999,1.0900000000000003,2.3,3.22,3.07,2.33,3.22,3.11,0.4059312429165092,0.28995088779750655,0.3041178692859841,0.40440009530309207,0.29262491368205107,0.30297499101485675
2026-04-05,La Liga,Getafe,Ath Bilbao,H,0.3528780405051738,0.2781304506847196,0.3689915088101065,A,0.35,0.4,0.2499999999999999,1.0900000000000003,2.99,2.82,2.63,3.27,2.84,2.48,0.31277702101458743,0.3316323733452541,0.3555906056401584,0.2881880227172294,0.3318221247483592,0.37998985253441137
2026-04-05,Ligue 1,Angers,Lyon,D,0.2113849784887918,0.2366797305704951,0.5519352909407129,A,0.35,0.4,0.2499999999999999,1.0900000000000003,4.59,3.45,1.78,5.4,4.01,1.59,0.20370388798773995,0.27101473793151487,0.5252813740807452,0.17412927170983097,0.23448829606810156,0.5913824322220674
2026-04-05,La Liga,Oviedo,Sevilla,H,0.3999153647678194,0.2898658372251488,0.3102187980070315,H,0.35,0.4,0.2499999999999999,1.0900000000000003,2.82,2.97,2.64,2.79,2.93,2.75,0.33138075313807536,0.31464435146443515,0.35397489539748955,0.33706760595196755,0.3209619865549452,0.3419704074930871
2026-04-05,Ligue 1,Le Havre,Auxerre,D,0.4063759774324267,0.2826898156417824,0.3109342069257906,H,0.35,0.4,0.2499999999999999,1.0900000000000003,2.49,3.1,2.9,2.41,3.04,3.12,0.3756790639364813,0.3017551190973673,0.3225658169661513,0.3898332949725446,0.3090454739749449,0.3011212310525104
2026-04-05,Bundesliga,Ein Frankfurt,FC Koln,D,0.5860859913927867,0.2396668181091011,0.1742471904981121,H,0.35,0.4,0.2499999999999999,1.0900000000000003,2.01,3.55,3.4,1.9,3.7,3.72,0.4635265654102422,0.26244743562664413,0.2740259989631137,0.4940061732826071,0.25367884573971716,0.2523149809776757
2026-04-05,La Liga,Alaves,Osasuna,D,0.3760232772552623,0.271674600422809,0.3523021223219286,H,0.35,0.4,0.2499999999999999,1.0900000000000003,2.43,3.11,2.97,2.68,3.1,2.73,0.38468458338018663,0.300573484763297,0.31474193185651633,0.35134551674319353,0.3037438660876641,0.3449106171691424
2026-04-05,Serie A,Pisa,Torino,A,0.3062044623432653,0.2680441603342666,0.4257513773224679,A,0.35,0.4,0.2499999999999999,1.0900000000000003,3.05,2.96,2.49,3.12,2.97,2.46,0.30719087730120165,0.3165311404623868,0.37627798223641157,0.30131393363521636,0.3165318090713384,0.38215425729344515
2026-04-06,Serie A,Juventus,Genoa,H,0.6670504702869965,0.1974170718721402,0.1355324578408631,H,0.35,0.4,0.2499999999999999,1.0900000000000003,1.36,4.52,8.82,1.37,4.71,8.27,0.6872474521107143,0.20678241921915297,0.10597012867013281,0.6865635074372999,0.19970106267284518,0.113735429889855
2026-04-06,Serie A,Napoli,Milan,H,0.4457142644387344,0.2647406774824205,0.289545058078845,H,0.35,0.4,0.2499999999999999,1.0900000000000003,2.52,2.98,2.98,2.42,2.97,3.19,0.37157107231920194,0.31421446384039897,0.31421446384039897,0.38858560794044666,0.3166253101736972,0.29478908188585606
2026-04-06,Serie A,Lecce,Atalanta,A,0.1920915285767221,0.2329503609400006,0.574958110483277,A,0.35,0.4,0.2499999999999999,1.0900000000000003,4.73,3.64,1.72,5.27,3.72,1.65,0.19804134929270945,0.25734494015233944,0.5446137105549511,0.1782338644342425,0.25249797461517687,0.5692681609505806
2026-04-06,Serie A,Udinese,Como,D,0.2569044297014488,0.2534072154831271,0.489688354815424,A,0.35,0.4,0.2499999999999999,1.0900000000000003,4.97,3.71,1.67,5.4,3.75,1.63,0.18812302068056708,0.2520138578928351,0.5598631214265978,0.17382587552787612,0.25030926076014165,0.5758648637119823
2026-04-06,La Liga,Girona,Villarreal,H,0.273474634704099,0.2494811602538517,0.4770442050420491,A,0.35,0.4,0.2499999999999999,1.0900000000000003,3.09,3.45,2.19,2.93,3.53,2.3,0.3024244389207104,0.2708671061637667,0.4267084549155229,0.32217103357419774,0.26741108452475904,0.4104178819010432
2026-04-10,Premier League,West Ham,Wolves,H,0.4447906242958901,0.2853985176097877,0.2698108580943221,H,0.35,0.4,0.2499999999999999,1.0900000000000003,1.78,3.74,4.34,1.77,3.74,4.38,0.5302018684262103,0.2523420657215653,0.2174560658522245,0.5326595910722648,0.25208756048072417,0.2152528484470111
2026-04-10,Ligue 1,Paris FC,Monaco,H,0.2533589496408381,0.257853977401649,0.4887870729575126,A,0.35,0.4,0.2499999999999999,1.0900000000000003,3.7,3.75,1.9,3.75,3.7,1.89,0.254191937210132,0.25080271138066357,0.49500535140920443,0.25014755593711435,0.2535279283146429,0.4963245157482428
2026-04-10,Bundesliga,Augsburg,Hoffenheim,D,0.3669824171994365,0.2611563260154657,0.3718612567850975,A,0.35,0.4,0.2499999999999999,1.0900000000000003,3.32,3.75,2.01,3.46,3.84,1.94,0.28271950849002464,0.25030100484983514,0.4669794866601402,0.27140379767126677,0.244546130193381,0.4840500721353521
2026-04-10,Serie A,Roma,Pisa,H,0.7230009083658521,0.1776194502800332,0.0993796413541144,H,0.35,0.4,0.2499999999999999,1.0900000000000003,1.32,4.89,9.35,1.36,4.76,8.4,0.7086594036110685,0.19129456293795716,0.10004603345097438,0.6907894736842105,0.19736842105263158,0.1118421052631579
2026-04-10,La Liga,Real Madrid,Girona,D,0.7267874789950132,0.1696425909822076,0.103569930022779,H,0.35,0.4,0.2499999999999999,1.0900000000000003,1.3,5.76,8.57,1.32,5.79,7.91,0.7260126896908763,0.16385703065939916,0.11013027964972454,0.7169195512414119,0.16344279924674676,0.11963764951184118
2026-04-10,Ligue 1,Marseille,Metz,H,0.7342488423828486,0.1718612840144578,0.0938898736026933,H,0.35,0.4,0.2499999999999999,1.0900000000000003,1.22,6.39,11.4,1.23,6.48,10.0,0.7704511273424163,0.14709708534550045,0.08245178731208315,0.7617220560853127,0.14458613101619364,0.09369181289849349
2026-04-11,La Liga,Sociedad,Alaves,D,0.5522394465308381,0.2389269266060681,0.2088336268630935,H,0.35,0.4,0.2499999999999999,1.0900000000000003,1.72,3.68,4.76,1.82,3.59,4.23,0.5468258328754808,0.2555816392787573,0.19759252784576195,0.5162026099578151,0.26169603067499264,0.2221013593671923
2026-04-11,La Liga,Barcelona,Espanol,H,0.8144714218850808,0.1288538138982067,0.0566747642167123,H,0.35,0.4,0.2499999999999999,1.0900000000000003,1.26,6.26,9.39,1.3,5.64,8.46,0.7488038277511962,0.1507177033492823,0.10047846889952153,0.722459436379163,0.16652433817250215,0.11101622544833474
2026-04-11,Serie A,Atalanta,Juventus,A,0.4085537358743007,0.2585067917364119,0.3329394723892873,H,0.35,0.4,0.2499999999999999,1.0900000000000003,3.04,3.34,2.29,3.01,3.4,2.28,0.30886212939855756,0.2811200219675494,0.410017848633893,0.3119667750555359,0.2761823508579891,0.411850874086475
2026-04-11,Bundesliga,Wolfsburg,Ein Frankfurt,A,0.2585771751488367,0.2513079453164255,0.4901148795347376,A,0.35,0.4,0.2499999999999999,1.0900000000000003,2.48,3.58,2.57,2.46,3.62,2.6,0.37626264691689226,0.2606512190932661,0.3630861339898416,0.38084910088535684,0.2588090575077287,0.3603418416069145
2026-04-11,Premier League,Arsenal,Bournemouth,A,0.6983670109778892,0.1802628061486063,0.1213701828735041,H,0.35,0.4,0.2499999999999999,1.0900000000000003,1.43,4.55,7.06,1.47,4.47,6.4,0.659267362130146,0.20719831381233159,0.13353432405752247,0.6416234364802217,0.2110036804532273,0.1473728830665509
2026-04-11,Serie A,Milan,Udinese,A,0.6251690375776939,0.2284296707385428,0.1464012916837631,H,0.35,0.4,0.2499999999999999,1.0900000000000003,1.41,4.43,7.77,1.42,4.4,7.5,0.6667770823526676,0.21222475984588293,0.12099815780144933,0.6613491522706321,0.21343540823279486,0.125215439496573
2026-04-11,Premier League,Burnley,Brighton,A,0.2074446479765246,0.2564274345490995,0.5361279174743758,A,0.35,0.4,0.2499999999999999,1.0900000000000003,4.48,3.93,1.72,5.29,4.13,1.59,0.21076591127352545,0.24026241285124533,0.5489716758752292,0.17831937108796894,0.22840423076400865,0.5932763981480225
2026-04-11,Premier League,Brentford,Everton,D,0.4356718519313845,0.2616970169946134,0.3026311310740019,H,0.35,0.4,0.2499999999999999,1.0900000000000003,2.13,3.31,3.45,2.15,3.34,3.37,0.44230255284042713,0.28462369714504826,0.2730737500145246,0.43827071562905184,0.2821203708390604,0.27960891353188766
2026-04-11,Bundesliga,St Pauli,Bayern Munich,A,0.0904242472380202,0.1561322143610919,0.7534435384008877,A,0.35,0.4,0.2499999999999999,1.0900000000000003,7.83,5.06,1.34,8.22,5.53,1.31,0.11917936314868068,0.18442182084074502,0.6963988160105743,0.11413900622507646,0.1696605119656652,0.7162004818092583
2026-04-11,La Liga,Sevilla,Ath Madrid,H,0.2024634266716045,0.234184691225202,0.5633518821031933,A,0.35,0.4,0.2499999999999999,1.0900000000000003,2.78,3.12,2.63,2.23,3.46,3.12,0.3392061379213414,0.3022413664811952,0.35855249559746355,0.4238631098686225,0.2731834494239966,0.3029534407073808
2026-04-11,Serie A,Cagliari,Cremonese,H,0.4646050952309167,0.2680423266502041,0.267352578118879,H,0.35,0.4,0.2499999999999999,1.0900000000000003,2.14,3.11,3.61,2.06,3.08,3.92,0.43842329906005567,0.3016803408323213,0.25989636010762307,0.45571760727119004,0.3047981399281336,0.2394842528006764
2026-04-11,Bundesliga,Dortmund,Leverkusen,A,0.4696846714749143,0.2468639335087861,0.2834513950162994,H,0.35,0.4,0.2499999999999999,1.0900000000000003,1.95,3.8,3.42,2.06,3.79,3.19,0.48,0.24631578947368415,0.2736842105263157,0.45676624264703103,0.2482687229163282,0.29496503443664074
2026-04-11,La Liga,Elche,Valencia,H,0.343268638924342,0.2772596467311266,0.3794717143445312,A,0.35,0.4,0.2499999999999999,1.0900000000000003,2.5,3.24,2.83,2.59,3.38,2.62,0.376648236540942,0.2906236393062824,0.33272812415277564,0.36299988522520454,0.27815671678499404,0.3588433979898014
2026-04-11,Serie A,Torino,Verona,H,0.5896731778495905,0.2464645549129338,0.1638622672374755,H,0.35,0.4,0.2499999999999999,1.0900000000000003,1.88,3.28,4.38,1.94,3.2,4.2,0.4994020968325036,0.2862426652576545,0.21435523790984176,0.48352280903727163,0.2931357029788459,0.22334148798388256
2026-04-11,Bundesliga,RB Leipzig,M'gladbach,H,0.6599707173621525,0.2011941412048959,0.1388351414329515,H,0.35,0.4,0.2499999999999999,1.0900000000000003,1.49,4.58,5.57,1.46,4.73,5.94,0.6278126007466636,0.20424471072325953,0.16794268853007696,0.6433104976828531,0.19856941366109207,0.1581200886560548
2026-04-11,Premier League,Liverpool,Fulham,H,0.5902592040594259,0.2280578662803204,0.1816829296602534,H,0.35,0.4,0.2499999999999999,1.0900000000000003,1.62,4.18,4.83,1.71,4.06,4.38,0.5803953360011039,0.2249379053401408,0.19466675865875535,0.552000297995977,0.23249273634805934,0.21550696565596367
2026-04-11,Ligue 1,Auxerre,Nantes,D,0.4916812622502207,0.2817365514026501,0.2265821863471289,H,0.35,0.4,0.2499999999999999,1.0900000000000003,1.99,3.25,3.86,1.91,3.33,4.15,0.4699575558460921,0.28775862650268413,0.24228381765122373,0.4916869171680371,0.28201862215944473,0.22629446067251827
2026-04-11,Ligue 1,Rennes,Angers,H,0.655122592547013,0.2011196306448565,0.1437577768081303,H,0.35,0.4,0.2499999999999999,1.0900000000000003,1.37,4.72,7.99,1.34,5.01,8.65,0.6841262210773599,0.19857053450762355,0.11730324441501665,0.7030478140325661,0.18804073269533705,0.10891145327209695
2026-04-11,Bundesliga,Heidenheim,Union Berlin,H,0.3414330502058325,0.2595728541464968,0.3989940956476705,A,0.35,0.4,0.2499999999999999,1.0900000000000003,2.93,3.5,2.25,2.74,3.39,2.47,0.3185357467893619,0.26665992516938014,0.414804328041258,0.3427508319791074,0.2770316459064172,0.3802175221144754
2026-04-12,La Liga,Osasuna,Betis,D,0.3811333012752819,0.2659358142190899,0.3529308845056281,H,0.35,0.4,0.2499999999999999,1.0900000000000003,2.2,3.39,3.14,2.25,3.37,3.1,0.4256035440973028,0.27620288997465076,0.2981935659280465,0.41780479513687535,0.2789497890379732,0.30324541582515147
2026-04-12,Serie A,Parma,Napoli,D,0.1799217799072498,0.226569556396181,0.5935086636965691,A,0.35,0.4,0.2499999999999999,1.0900000000000003,5.87,3.75,1.59,6.74,3.65,1.56,0.15981698442437742,0.25016685295229213,0.5900161626233305,0.1395266776772018,0.25764652261488774,0.6028267997079104
2026-04-12,Serie A,Como,Inter,A,0.286823452933833,0.234862345366389,0.4783142016997778,A,0.35,0.4,0.2499999999999999,1.0900000000000003,3.11,3.38,2.23,3.05,3.24,2.35,0.3016830434869619,0.27758410214332885,0.4207328543697092,0.3087153080463033,0.29061163257445216,0.4006730593792447
2026-04-12,Bundesliga,Mainz,Freiburg,A,0.447248383443536,0.2665761830756082,0.2861754334808556,H,0.35,0.4,0.2499999999999999,1.0900000000000003,2.23,3.14,3.3,2.2,3.2,3.37,0.4191205022003624,0.29765564328242294,0.2832238545172146,0.4272921784610508,0.2937633726919724,0.2789444488469767
2026-04-12,Serie A,Genoa,Sassuolo,H,0.4118018742354333,0.2859568734989055,0.302241252265661,H,0.35,0.4,0.2499999999999999,1.0900000000000003,2.15,3.24,3.41,2.13,3.27,3.44,0.43590482089805455,0.289257828682351,0.27483735041959445,0.44041955906362684,0.2868787953533716,0.27270164558300153
2026-04-12,Premier League,Crystal Palace,Newcastle,H,0.413872001861312,0.2652848722705772,0.3208431258681107,H,0.35,0.4,0.2499999999999999,1.0900000000000003,3.07,3.5,2.22,2.91,3.3,2.42,0.3067460442788113,0.2690601016959859,0.42419385402520293,0.3242229367631297,0.2859056806002144,0.38987138263665594
2026-04-12,Serie A,Bologna,Lecce,H,0.5893875389386974,0.2363065253493967,0.1743059357119056,H,0.35,0.4,0.2499999999999999,1.0900000000000003,1.78,3.37,4.8,1.82,3.33,4.65,0.526586498082595,0.27813767554510943,0.19527582637229562,0.5160106771171783,0.28202385355953896,0.2019654693232827
2026-04-12,La Liga,Celta,Oviedo,A,0.5983600847788451,0.2289317794822752,0.1727081357388795,H,0.35,0.4,0.2499999999999999,1.0900000000000003,1.66,3.8,4.9,1.72,3.52,4.94,0.5631843203677939,0.2460226241606678,0.19079305547153827,0.5444207889793363,0.266023794614903,0.18955541640576082
2026-04-12,Bundesliga,FC Koln,Werder Bremen,H,0.3812944793893874,0.2772295924093196,0.3414759282012928,H,0.35,0.4,0.2499999999999999,1.0900000000000003,2.18,3.45,3.08,2.29,3.38,3.01,0.42740955859283863,0.270073286299243,0.30251715510791827,0.4101197650653649,0.27786220769221465,0.31201802724242045
2026-04-12,Ligue 1,Toulouse,Lille,A,0.2706195026453034,0.2595752736335897,0.4698052237211068,A,0.35,0.4,0.2499999999999999,1.0900000000000003,3.06,3.18,2.33,3.27,3.19,2.25,0.30529048207663784,0.29377008652657605,0.40093943139678623,0.2874875331947465,0.29469725189555523,0.4178152149096983
2026-04-12,Premier League,Chelsea,Man City,A,0.3052041600664552,0.2432987473804583,0.4514970925530862,A,0.35,0.4,0.2499999999999999,1.0900000000000003,3.08,3.8,2.1,3.48,3.89,1.94,0.3051391862955033,0.2473233404710921,0.44753747323340476,0.2711190946649901,0.24254356026585233,0.4863373450691576
2026-04-12,La Liga,Ath Bilbao,Villarreal,A,0.3159702126909649,0.2611506952142521,0.4228790920947829,A,0.35,0.4,0.2499999999999999,1.0900000000000003,2.26,3.41,2.99,2.03,3.46,3.55,0.41346071962984443,0.274023820047932,0.31251546032222355,0.4632769213941682,0.27180697989311026,0.26491609871272154
2026-04-12,Ligue 1,Nice,Le Havre,D,0.4681394197989825,0.2677912648226662,0.264069315378351,H,0.35,0.4,0.2499999999999999,1.0900000000000003,1.9,3.28,4.2,1.88,3.31,4.35,0.49221094754894956,0.28512219522652565,0.22266685722452478,0.4999600684738866,0.283965235266135,0.2160746962599786
2026-04-12,Ligue 1,Lyon,Lorient,H,0.5452695753625734,0.243649519283097,0.2110809053543295,H,0.35,0.4,0.2499999999999999,1.0900000000000003,1.67,3.74,4.92,1.62,3.97,5.09,0.5599245351915529,0.2500197790828591,0.19005568572558806,0.5792629964597457,0.23637432097349825,0.18436268256675603
2026-04-12,Premier League,Sunderland,Tottenham,H,0.4723679093520713,0.26895274521999,0.2586793454279385,H,0.35,0.4,0.2499999999999999,1.0900000000000003,2.62,3.34,2.63,2.75,3.31,2.53,0.3596308790776889,0.282105659635792,0.3582634612865191,0.34272723180119746,0.2847431684148921,0.3725295997839103
2026-04-12,Bundesliga,Stuttgart,Hamburg,H,0.6791422087079602,0.192344500936288,0.1285132903557516,H,0.35,0.4,0.2499999999999999,1.0900000000000003,1.39,4.88,6.75,1.28,5.93,8.84,0.6707978910798543,0.19106743209036833,0.13813467682977737,0.734943948137306,0.15863882860299355,0.10641722325970042
2026-04-12,La Liga,Mallorca,Vallecano,H,0.379009094928729,0.2832104524829225,0.3377804525883483,H,0.35,0.4,0.2499999999999999,1.0900000000000003,2.41,3.15,2.96,2.4,3.26,2.95,0.38770681647130245,0.296626484982806,0.3156666985458915,0.3921944455772603,0.28873210717344316,0.3190734472492965
2026-04-12,Premier League,Nott'm Forest,Aston Villa,D,0.3242739923523852,0.2493783609034909,0.4263476467441238,A,0.35,0.4,0.2499999999999999,1.0900000000000003,2.61,3.33,2.65,2.35,3.32,2.99,0.361181714369912,0.2830883707223634,0.35572991490772465,0.40099695822712705,0.28383820838365925,0.3151648333892136
2026-04-13,Premier League,Man United,Leeds,A,0.6253677823543449,0.2209595983229994,0.1536726193226555,H,0.35,0.4,0.2499999999999999,1.0900000000000003,1.59,4.07,5.3,1.62,4.07,5.08,0.5914837959598896,0.2310710652521436,0.17744513878796692,0.5824342368431432,0.23182886085648452,0.18573690230037243
2026-04-13,Serie A,Fiorentina,Lazio,H,0.3879709743766206,0.2764868516345041,0.3355421739888752,H,0.35,0.4,0.2499999999999999,1.0900000000000003,2.28,3.05,3.31,2.34,3.07,3.23,0.4104479128974683,0.30682663652663206,0.2827254505758996,0.40214371748026007,0.3065199670696445,0.29133631545009553
2026-04-13,La Liga,Levante,Getafe,H,0.3705142992986491,0.2929128490962107,0.33657285160514,H,0.35,0.4,0.2499999999999999,1.0900000000000003,2.69,2.95,2.78,2.61,2.95,2.94,0.3472836834683481,0.3166756300101208,0.3360406865215311,0.36068518957493795,0.3191146931493518,0.3202001172757102
2026-04-17,Ligue 1,Lens,Toulouse,H,0.6702603253332776,0.1913421556186442,0.1383975190480779,H,0.35,0.4,0.2499999999999999,1.0900000000000003,1.48,4.4,6.18,1.5,4.36,5.94,0.6345798405615817,0.2134495827343502,0.1519705767040681,0.6263458803726384,0.2154859680181095,0.1581681516092521
2026-04-17,Serie A,Inter,Cagliari,H,0.8232623998963666,0.1174938942146932,0.05924370588894,H,0.35,0.4,0.2499999999999999,1.0900000000000003,1.23,6.04,11.88,1.23,6.19,12.08,0.7650069085512513,0.15578783071490715,0.07920526073384167,0.7689180059497795,0.1527898460934134,0.07829214795680703
2026-04-17,Serie A,Sassuolo,Como,H,0.2578089806983492,0.2458876645283886,0.4963033547732619,A,0.35,0.4,0.2499999999999999,1.0900000000000003,5.7,4.17,1.54,6.2,4.4,1.48,0.1647933731600665,0.22525712877994705,0.6099494980599864,0.15155464531744556,0.21355427294730964,0.6348910817352449
2026-04-17,Bundesliga,St Pauli,FC Koln,D,0.3693920966486297,0.2793461491607309,0.3512617541906391,H,0.35,0.4,0.2499999999999999,1.0900000000000003,2.82,3.24,2.49,2.82,3.25,2.48,0.33301136785793894,0.2898432275800579,0.3771454045620031,0.33280206122566947,0.28876978850965784,0.3784281502646726
2026-04-18,Premier League,Tottenham,Brighton,D,0.2486510131061567,0.2714064734675884,0.4799425134262549,A,0.35,0.4,0.2499999999999999,1.0900000000000003,2.68,3.65,2.41,2.93,3.76,2.21,0.35133580697599176,0.2579671130673036,0.39069707995670455,0.3220562986159827,0.2509640837619227,0.4269796176220947
2026-04-18,Serie A,Udinese,Parma,A,0.5286892861055599,0.2505437167368267,0.2207669971576133,H,0.35,0.4,0.2499999999999999,1.0900000000000003,2.16,2.99,3.77,2.17,2.93,3.85,0.43566296538210314,0.3147264231522886,0.24961061146560823,0.4339805563784235,0.32141222093555594,0.24460722268602048
2026-04-18,Premier League,Brentford,Fulham,D,0.4915501273510013,0.255324306507806,0.2531255661411925,H,0.35,0.4,0.2499999999999999,1.0900000000000003,2.09,3.63,3.26,1.96,3.75,3.52,0.4510880959369366,0.25971738856975135,0.2891945154933121,0.4808883319003832,0.2513443014732669,0.26776736662634976
2026-04-18,Serie A,Napoli,Lazio,A,0.5834923316033218,0.2409678012040842,0.1755398671925939,H,0.35,0.4,0.2499999999999999,1.0900000000000003,1.54,3.83,6.58,1.51,3.96,6.86,0.6111978812983838,0.2457558060573136,0.1430463126443026,0.6244420027675743,0.23810793539874675,0.13745006183367886
2026-04-18,Premier League,Chelsea,Man United,A,0.4504989647528366,0.2412645362864625,0.3082364989607007,H,0.35,0.4,0.2499999999999999,1.0900000000000003,2.21,3.54,3.07,2.1,3.69,3.21,0.4265914059954702,0.26631836362994044,0.3070902303745893,0.4497795700762106,0.255972113051502,0.2942483168722873
2026-04-18,Premier League,Leeds,Wolves,H,0.4921183824271252,0.2690855453972107,0.2387960721756639,H,0.35,0.4,0.2499999999999999,1.0900000000000003,1.6,3.93,5.5,1.53,4.11,6.26,0.5889164373484456,0.23976241724109743,0.1713211454104569,0.6185547677949353,0.23026491355869855,0.15118031864636597
2026-04-18,Ligue 1,Lorient,Marseille,H,0.2691679745937116,0.2666392958707239,0.4641927295355644,A,0.35,0.4,0.2499999999999999,1.0900000000000003,4.26,3.85,1.74,4.5,4.28,1.65,0.21955008455578717,0.24293074291107877,0.5375191725331341,0.20926304560405365,0.22001955729398165,0.5707173971019646
2026-04-18,Bundesliga,Werder Bremen,Hamburg,H,0.4821847002252916,0.266057339315931,0.2517579604587774,H,0.35,0.4,0.2499999999999999,1.0900000000000003,1.97,3.55,3.55,1.79,3.78,4.18,0.4739652870493991,0.2630173564753004,0.2630173564753004,0.5258246585554166,0.24900162402491954,0.22517371741966408
2026-04-18,Serie A,Roma,Atalanta,D,0.436052128468194,0.2503000651420185,0.3136478063897873,H,0.35,0.4,0.2499999999999999,1.0900000000000003,2.4,3.25,2.94,2.36,3.33,2.94,0.39142189996313137,0.2890500184343124,0.3195280816025562,0.398179555382025,0.28219331852900265,0.31962712608897237
2026-04-18,Ligue 1,Angers,Le Havre,D,0.3875761508585393,0.2813386324720623,0.3310852166693983,H,0.35,0.4,0.2499999999999999,1.0900000000000003,2.78,3.0,2.65,3.21,3.01,2.39,0.3360527539417509,0.3114088853193558,0.3525383607388934,0.2932945747495709,0.3127825863608381,0.393922838889591
2026-04-18,Bundesliga,Leverkusen,Augsburg,A,0.7375763186232135,0.1550518629763262,0.1073718184004601,H,0.35,0.4,0.2499999999999999,1.0900000000000003,1.4,4.86,6.64,1.38,5.2,6.74,0.6671518118518764,0.19218364950465572,0.14066453864346792,0.6802108482839465,0.18051749435227807,0.13927165736377536
2026-04-18,Bundesliga,Hoffenheim,Dortmund,H,0.251921245554698,0.2457630668052213,0.5023156876400805,A,0.35,0.4,0.2499999999999999,1.0900000000000003,2.53,3.8,2.42,2.19,3.82,2.89,0.3688343774816907,0.2455660460601782,0.3855995764581311,0.42898498913917793,0.2459364204750784,0.32507859038574377
2026-04-18,Ligue 1,Lille,Nice,D,0.6715797407005005,0.1832631316600066,0.1451571276394926,H,0.35,0.4,0.2499999999999999,1.0900000000000003,1.5,4.15,6.23,1.49,4.37,6.06,0.6241354753829256,0.2255911356805755,0.15027338893649894,0.6301849705755671,0.21486855976146335,0.15494646966296946
2026-04-18,Bundesliga,Union Berlin,Wolfsburg,A,0.4771263117855244,0.267927462196191,0.2549462260182844,H,0.35,0.4,0.2499999999999999,1.0900000000000003,2.14,3.46,3.18,2.14,3.56,3.15,0.43640430899081406,0.2699148038266885,0.2936808871824975,0.43850250651067124,0.26359420335192035,0.29790329013740835
2026-04-18,Premier League,Newcastle,Bournemouth,A,0.439433160754187,0.2538448115842371,0.3067220276615756,H,0.35,0.4,0.2499999999999999,1.0900000000000003,1.96,3.81,3.48,2.18,3.67,3.04,0.4813120752744381,0.24760411221467155,0.2710838125108904,0.4326923822746911,0.2570216330678002,0.3102859846575088
2026-04-18,Bundesliga,Ein Frankfurt,RB Leipzig,A,0.3607553715680577,0.263016524196042,0.3762281042359001,A,0.35,0.4,0.2499999999999999,1.0900000000000003,3.28,3.91,1.97,2.9,3.89,2.16,0.2854004023846664,0.2394151713098992,0.4751844263054344,0.3238243523435875,0.24141147089881837,0.43476417675759416
2026-04-19,Bundesliga,Freiburg,Heidenheim,H,0.614382131944468,0.2230260257032518,0.16259184235228,H,0.35,0.4,0.2499999999999999,1.0900000000000003,1.65,4.05,4.63,1.62,4.12,4.87,0.5669644881854052,0.23098553222368362,0.20204997959091114,0.5794237066899233,0.22783165165963004,0.19274464165044675
2026-04-19,Premier League,Nott'm Forest,Burnley,H,0.6385352072359717,0.2137015386257919,0.1477632541382363,H,0.35,0.4,0.2499999999999999,1.0900000000000003,1.49,4.25,6.32,1.46,4.39,6.84,0.6303788140147809,0.2210033959722408,0.14861779001297837,0.6468203535286083,0.2151156528819518,0.1380639935894398
2026-04-19,Serie A,Verona,Milan,A,0.1559155378429067,0.2133148210070595,0.6307696411500336,A,0.35,0.4,0.2499999999999999,1.0900000000000003,6.12,3.83,1.56,6.36,3.98,1.53,0.1533509917457189,0.2450412714056918,0.6016077368485895,0.14804171832834948,0.23656917803223684,0.6153891036394136
2026-04-19,Bundesliga,Bayern Munich,Stuttgart,H,0.7189344506155833,0.1677801401448552,0.1132854092395612,H,0.35,0.4,0.2499999999999999,1.0900000000000003,1.37,5.39,6.44,1.46,5.16,5.45,0.681706327930603,0.17327229485434625,0.14502137721505062,0.6448136547694931,0.18244727441152325,0.1727390708189835
2026-04-19,Serie A,Cremonese,Torino,D,0.2989219114927308,0.2771016716796048,0.4239764168276642,A,0.35,0.4,0.2499999999999999,1.0900000000000003,2.86,3.08,2.54,2.85,3.08,2.58,0.3273798563800406,0.3039955809243234,0.36862456269563615,0.33003563507687705,0.3053901168730843,0.3645742480500386
2026-04-19,Serie A,Pisa,Genoa,A,0.2901847509672682,0.2745905997103083,0.4352246493224233,A,0.35,0.4,0.2499999999999999,1.0900000000000003,3.24,3.12,2.29,2.99,2.98,2.56,0.2895773551870045,0.30071494577112007,0.40970769904187543,0.3153256673307596,0.31638380715401726,0.3682905255152232
2026-04-19,Ligue 1,Monaco,Auxerre,D,0.6572508135652235,0.2166879583886236,0.1260612280461526,H,0.35,0.4,0.2499999999999999,1.0900000000000003,1.54,4.18,5.59,1.58,4.18,5.27,0.6083046964490264,0.22411225658648343,0.16758304696449028,0.5960183551770041,0.22528923473197768,0.17869241009101833
2026-04-19,Ligue 1,Paris SG,Lyon,A,0.6847479927050284,0.1855769600284401,0.1296750472665314,H,0.35,0.4,0.2499999999999999,1.0900000000000003,1.28,5.7,8.85,1.31,5.53,8.34,0.7303565999218173,0.16400990314033792,0.10563349693784477,0.7173786240140364,0.16993960171037753,0.11268177427558607
2026-04-19,Premier League,Everton,Liverpool,A,0.3405505620225573,0.2475877515277939,0.4118616864496485,A,0.35,0.4,0.2499999999999999,1.0900000000000003,3.11,3.36,2.25,3.2,3.33,2.24,0.30231414278344954,0.2798205309692048,0.41786532624734574,0.2950259460827743,0.2835084166561195,0.42146563726110614
2026-04-19,Bundesliga,M'gladbach,Mainz,D,0.3683226605053091,0.2722773704379611,0.3593999690567296,H,0.35,0.4,0.2499999999999999,1.0900000000000003,2.39,3.4,2.79,2.22,3.48,3.04,0.3906903184089027,0.2746323120580228,0.33467736953307436,0.4222626688380112,0.269374461155283,0.30836287000670565
2026-04-19,Premier League,Aston Villa,Sunderland,H,0.6055535109639293,0.2287058307916466,0.1657406582444239,H,0.35,0.4,0.2499999999999999,1.0900000000000003,1.65,3.78,5.25,1.73,3.66,4.8,0.57116953762466,0.2493200362647326,0.1795104261106074,0.5455256833044548,0.257857768337898,0.19661654835764725
2026-04-19,Ligue 1,Metz,Paris FC,A,0.2384911322719345,0.2745367710992389,0.4869720966288264,A,0.35,0.4,0.2499999999999999,1.0900000000000003,3.35,3.42,2.08,3.06,3.48,2.22,0.278543068139992,0.27284189423069394,0.44861503762931404,0.3069660992704907,0.2699184665999142,0.42311543412959524
2026-04-19,Ligue 1,Strasbourg,Rennes,A,0.4333136986306521,0.2594412703365812,0.3072450310327665,H,0.35,0.4,0.2499999999999999,1.0900000000000003,2.57,3.6,2.49,3.73,3.97,1.87,0.3641637518128969,0.25997245615531805,0.37586379203178505,0.2541813463164779,0.23881521958701823,0.5070034340965038
2026-04-19,Ligue 1,Nantes,Brest,D,0.2803164038784628,0.2529768158198898,0.4667067803016472,A,0.35,0.4,0.2499999999999999,1.0900000000000003,2.34,3.23,3.01,2.37,3.22,3.02,0.3997015281266573,0.28956705133634,0.3107314205370027,0.39670055317135255,0.29198146304848,0.31131798378016745
2026-04-19,Premier League,Man City,Arsenal,H,0.4281170495691969,0.2567732751840686,0.3151096752467343,H,0.35,0.4,0.2499999999999999,1.0900000000000003,1.82,3.6,4.25,1.84,3.59,4.22,0.5171190049683982,0.2614323858451347,0.22144860918646703,0.5132011300736444,0.26303344828287073,0.2237654216434848
2026-04-19,Serie A,Juventus,Bologna,H,0.6028348972968683,0.229958108018685,0.1672069946844465,H,0.35,0.4,0.2499999999999999,1.0900000000000003,1.45,4.38,6.58,1.44,4.54,6.78,0.6445728701657706,0.21338599583113407,0.14204113400309532,0.6537785140818146,0.20736587230788836,0.13885561361029694
2026-04-20,Premier League,Crystal Palace,West Ham,D,0.5051851980469553,0.2648307285028462,0.2299840734501984,H,0.35,0.4,0.2499999999999999,1.0900000000000003,2.31,3.21,3.11,2.53,3.33,2.76,0.4061092737457439,0.29224686054600263,0.3016438657082535,0.37363253856942497,0.28387096774193543,0.34249649368863955
2026-04-20,Serie A,Lecce,Fiorentina,D,0.2517096102694537,0.2775633459961769,0.4707270437343692,A,0.35,0.4,0.2499999999999999,1.0900000000000003,3.42,3.28,2.13,3.57,3.25,2.1,0.2740990089687155,0.2857983569125021,0.4401026341187826,0.26326447954637505,0.2891859052247874,0.44754961522883757
2026-04-21,La Liga,Mallorca,Valencia,D,0.4283124485382732,0.2781851706331785,0.2935023808285482,H,0.35,0.4,0.2499999999999999,1.0900000000000003,2.51,3.12,2.88,2.62,3.14,2.76,0.3736899890208604,0.30062880526998703,0.3256812057091526,0.3592379499593772,0.2997463149342574,0.3410157351063654
2026-04-21,La Liga,Ath Bilbao,Osasuna,H,0.4278920983306675,0.2731621671543143,0.2989457345150181,H,0.35,0.4,0.2499999999999999,1.0900000000000003,1.82,3.47,4.4,1.84,3.42,4.37,0.5159607183168082,0.27061916637942107,0.21342011530377067,0.5104477611940298,0.2746268656716418,0.21492537313432836
2026-04-21,Premier League,Brighton,Chelsea,H,0.4618103734214526,0.2555486893562455,0.2826409372223018,H,0.35,0.4,0.2499999999999999,1.0900000000000003,2.44,3.62,2.66,2.28,3.43,3.01,0.3859027588528559,0.26011125182347195,0.3539859893236723,0.4128481455563331,0.27442967109867034,0.3127221833449965
2026-04-21,La Liga,Girona,Betis,A,0.371667167875781,0.2699114735953897,0.358421358528829,H,0.35,0.4,0.2499999999999999,1.0900000000000003,2.39,3.37,2.88,2.4,3.32,2.89,0.3938465533962853,0.2793155081949916,0.3268379384087229,0.3916436723431352,0.28311590771792905,0.32524041993893577
2026-04-21,La Liga,Real Madrid,Alaves,H,0.7675816827006424,0.144329838558066,0.0880884787412913,H,0.35,0.4,0.2499999999999999,1.0900000000000003,1.23,6.46,11.23,1.2,7.26,11.65,0.7692718799208945,0.14647127125428797,0.08425684882481747,0.7884610006432308,0.13032413233772408,0.08121486701904522
2026-04-22,La Liga,Elche,Ath Madrid,H,0.1961736774070894,0.2364716237810268,0.5673546988118836,A,0.35,0.4,0.2499999999999999,1.0900000000000003,2.65,3.61,2.44,2.43,3.61,2.7,0.3545926274812909,0.2602965270984545,0.3851108454202544,0.3886317149316396,0.26159974162988486,0.3497685434384757
2026-04-22,La Liga,Barcelona,Celta,H,0.7810507221420822,0.1374243535400448,0.0815249243178728,H,0.35,0.4,0.2499999999999999,1.0900000000000003,1.23,6.72,10.25,1.22,6.88,10.23,0.7674386734274359,0.14046868576127175,0.09209264081129231,0.7712581884488355,0.1367638066726133,0.09197800487855125
2026-04-22,Premier League,Burnley,Man City,A,0.0887105701193372,0.159265387786944,0.7520240420937188,A,0.35,0.4,0.2499999999999999,1.0900000000000003,16.53,8.3,1.14,15.78,8.1,1.15,0.05717040914726546,0.11385865821738529,0.8289709326353493,0.05998840803709428,0.11686630602782071,0.823145285935085
2026-04-22,La Liga,Sociedad,Getafe,A,0.5148973298091997,0.2592307802372521,0.2258718899535481,H,0.35,0.4,0.2499999999999999,1.0900000000000003,2.22,3.01,3.58,2.21,3.02,3.58,0.42415058097427333,0.31282866769531126,0.2630207513304153,0.42569376634012657,0.31151762371247677,0.26278860994739656
2026-04-22,Premier League,Bournemouth,Leeds,D,0.5318000198313302,0.2603094826814208,0.2078904974872488,H,0.35,0.4,0.2499999999999999,1.0900000000000003,2.02,3.51,3.57,1.83,3.78,4.02,0.46700059256940324,0.26875817578068223,0.2642412316499145,0.5156364524798436,0.2496335206450037,0.23473002687515274
2026-04-22,Ligue 1,Paris SG,Nantes,H,0.8274553089659116,0.1200692399488521,0.052475451085236,H,0.35,0.4,0.2499999999999999,1.0900000000000003,1.17,7.28,12.84,1.15,7.93,14.88,0.7988268230902548,0.12838288228236233,0.07279029462738301,0.818127170579748,0.11864391502732789,0.06322891439292407
2026-04-23,La Liga,Vallecano,Espanol,H,0.4582833856612616,0.2831759085977264,0.2585407057410118,H,0.35,0.4,0.2499999999999999,1.0900000000000003,2.08,3.2,3.65,2.07,3.29,3.58,0.4504782474544894,0.29281086084541813,0.2567108917000926,0.4530233738860191,0.28503294344804236,0.26194368266593837
2026-04-23,La Liga,Oviedo,Villarreal,D,0.2274758459785122,0.2527575546048568,0.5197665994166307,A,0.35,0.4,0.2499999999999999,1.0900000000000003,3.66,3.32,2.03,3.19,3.29,2.23,0.25605799259895284,0.28228079906993003,0.46166120833111707,0.2941091579643623,0.28516966988033915,0.4207211721552986
2026-04-23,La Liga,Levante,Sevilla,H,0.4347016640322705,0.278376130677261,0.2869222052904682,H,0.35,0.4,0.2499999999999999,1.0900000000000003,2.49,3.19,2.81,2.41,3.17,2.99,0.37499738536389454,0.2927095578545761,0.33229305678152943,0.3896702420253331,0.29624772343250877,0.31408203454215816
2026-04-24,Bundesliga,RB Leipzig,Union Berlin,H,0.7149226241870813,0.1750247860196342,0.1100525897932844,H,0.35,0.4,0.2499999999999999,1.0900000000000003,1.45,4.75,6.06,1.51,4.4,5.69,0.6474431786232414,0.19764054926393682,0.15491627211282177,0.6216741698305767,0.2133472719191297,0.1649785582502936
2026-04-24,Premier League,Sunderland,Nott'm Forest,A,0.3492390908253368,0.2822937370028312,0.3684671721718319,A,0.35,0.4,0.2499999999999999,1.0900000000000003,2.67,3.18,2.66,2.66,3.1,2.75,0.35169385820485954,0.29529012622860845,0.35301601556653195,0.3539400481607573,0.3037033961637466,0.34235655567549617
2026-04-24,Serie A,Napoli,Cremonese,H,0.7244274852086149,0.1822088182748759,0.093363696516509,H,0.35,0.4,0.2499999999999999,1.0900000000000003,1.32,4.85,9.45,1.32,4.89,9.94,0.7082918009225989,0.1927722014882125,0.09893599758918843,0.7128928078002763,0.19243732235099484,0.09466986984872885
2026-04-24,Ligue 1,Brest,Lens,D,0.2951353255830657,0.2460605008256888,0.4588041735912453,A,0.35,0.4,0.2499999999999999,1.0900000000000003,5.43,4.2,1.55,5.71,4.18,1.53,0.1725303120651958,0.22305704631286027,0.604412641621944,0.16398671777843304,0.22401056423800303,0.6120027179835638
2026-04-24,La Liga,Betis,Real Madrid,D,0.2534077606475152,0.2317310637610079,0.5148611755914767,A,0.35,0.4,0.2499999999999999,1.0900000000000003,3.65,4.03,1.84,3.54,3.98,1.88,0.25710887738508426,0.2328653604108083,0.5100257622041073,0.26508141199144075,0.23577592925871863,0.49914265874984054
2026-04-25,Bundesliga,Augsburg,Ein Frankfurt,D,0.3576410593998877,0.2632451776266921,0.37911376297342,A,0.35,0.4,0.2499999999999999,1.0900000000000003,2.45,3.69,2.53,2.36,3.69,2.67,0.37989070059858304,0.25223095297195897,0.36787834642945794,0.39628105655641765,0.2534480470116926,0.35027089643188974
2026-04-25,Serie A,Verona,Lecce,D,0.363259506930684,0.2805480650360465,0.3561924280332693,H,0.35,0.4,0.2499999999999999,1.0900000000000003,2.66,2.98,2.8,2.51,2.9,3.1,0.3517884547278951,0.3140125132806044,0.33419903199150036,0.3738045738045738,0.3235343035343035,0.30266112266112266
2026-04-25,Bundesliga,FC Koln,Leverkusen,A,0.2000537937153121,0.2235241947866798,0.5764220114980079,A,0.35,0.4,0.2499999999999999,1.0900000000000003,3.72,3.9,1.83,3.52,3.92,1.89,0.2508382362244575,0.23926108686025185,0.5099006769152907,0.2659296482412061,0.23879396984924622,0.4952763819095478
2026-04-25,Ligue 1,Lyon,Auxerre,H,0.6213343286925179,0.2266184228609064,0.1520472484465754,H,0.35,0.4,0.2499999999999999,1.0900000000000003,1.63,3.83,5.03,1.61,3.95,5.14,0.5715451230764211,0.24324244141372486,0.18521243550985414,0.5811167814894428,0.23686025777164627,0.18202296073891108
2026-04-25,La Liga,Getafe,Barcelona,A,0.1495549222056621,0.2170615076519448,0.6333835701423928,A,0.35,0.4,0.2499999999999999,1.0900000000000003,5.2,3.93,1.61,5.59,3.84,1.59,0.18008384729887036,0.23827888192216948,0.5816372707789602,0.16746344554064396,0.24378142202401035,0.5887551324353457
2026-04-25,Bundesliga,Mainz,Bayern Munich,A,0.122464782614606,0.1850832115159225,0.6924520058694712,A,0.35,0.4,0.2499999999999999,1.0900000000000003,4.33,4.37,1.64,3.63,4.22,1.79,0.21593185919897798,0.2139553662085983,0.5701127745924236,0.25719354036928715,0.22123520178685127,0.5215712578438616
2026-04-25,Premier League,Fulham,Aston Villa,H,0.3228429000487485,0.2509697166583412,0.4261873832929103,A,0.35,0.4,0.2499999999999999,1.0900000000000003,2.67,3.5,2.47,2.43,3.55,2.7,0.35163860743789893,0.26825002338834,0.38011136917376115,0.3869209809264305,0.26485013623978204,0.3482288828337875
2026-04-25,Premier League,Wolves,Tottenham,A,0.417312947928883,0.275274621372203,0.3074124306989138,H,0.35,0.4,0.2499999999999999,1.0900000000000003,4.48,3.99,1.7,4.62,4.17,1.64,0.21016787402941048,0.23597796382249597,0.5538541621480936,0.20304622784359136,0.22495769127995013,0.5719960808764586
2026-04-25,Serie A,Parma,Pisa,H,0.5345984884992077,0.2622331544917657,0.2031683570090265,H,0.35,0.4,0.2499999999999999,1.0900000000000003,2.05,3.2,3.73,2.19,3.0,3.56,0.45657454336807884,0.2924930668451755,0.25093238978674576,0.42640858566500583,0.3112782675354542,0.2623131467995401
2026-04-25,Premier League,West Ham,Everton,H,0.339351142887208,0.2702517016720293,0.3903971554407626,A,0.35,0.4,0.2499999999999999,1.0900000000000003,2.38,3.34,2.9,2.42,3.38,2.82,0.3947475669595553,0.281287188432258,0.32396524460818676,0.3884804121358353,0.278142780286604,0.3333768075775608
2026-04-25,Serie A,Bologna,Roma,A,0.341345027060103,0.2568942122946779,0.401760760645219,A,0.35,0.4,0.2499999999999999,1.0900000000000003,2.98,3.21,2.38,3.44,3.25,2.13,0.3144209399950613,0.29189233681784504,0.3936867231870936,0.2722210643460206,0.28813552656932645,0.439643409084653
2026-04-25,La Liga,Ath Madrid,Ath Bilbao,H,0.5821825556535638,0.2189559452576765,0.1988614990887595,H,0.35,0.4,0.2499999999999999,1.0900000000000003,2.16,3.48,3.15,2.03,3.53,3.44,0.43357539513028626,0.26911576249466046,0.29730884237505345,0.461853850747177,0.2655986733758553,0.2725474758769678
2026-04-25,Ligue 1,Angers,Paris SG,A,0.0993312381478775,0.1709709716044026,0.7296977902477196,A,0.35,0.4,0.2499999999999999,1.0900000000000003,10.7,5.96,1.24,11.05,6.11,1.23,0.08753245276582843,0.15714718869032954,0.755320358543842,0.08480145516421939,0.1533643338076308,0.7618342110281497
2026-04-25,Bundesliga,Heidenheim,St Pauli,H,0.4611777532335733,0.2508709349036913,0.2879513118627353,H,0.35,0.4,0.2499999999999999,1.0900000000000003,2.35,3.32,2.89,2.29,3.37,2.95,0.39667111785449993,0.28077624305966115,0.32255263908583903,0.40719987875957947,0.2767025882372216,0.3160975330031989
2026-04-25,La Liga,Alaves,Mallorca,H,0.4361502093032426,0.2759066576973182,0.2879431329994389,H,0.35,0.4,0.2499999999999999,1.0900000000000003,2.13,3.13,3.61,2.03,3.29,3.65,0.4404240806064976,0.29971351172263255,0.2598624076708698,0.460153965827097,0.28392478742523003,0.2559212467476731
2026-04-25,Ligue 1,Toulouse,Monaco,D,0.2754725483812538,0.2525217402429852,0.4720057113757608,A,0.35,0.4,0.2499999999999999,1.0900000000000003,3.32,3.64,2.01,4.31,4.01,1.71,0.2805970607185592,0.2559291872487957,0.46347375203264507,0.2176145577795197,0.2338949486358429,0.5484904935846373
2026-04-25,Premier League,Arsenal,Newcastle,H,0.667204359415358,0.1874457459087149,0.1453498946759267,H,0.35,0.4,0.2499999999999999,1.0900000000000003,1.45,4.66,6.22,1.38,4.87,7.59,0.6475518976256222,0.20149147029123435,0.15095663208314342,0.682507325773984,0.1934004331762008,0.12409224104981527
2026-04-25,La Liga,Valencia,Girona,H,0.4031428340587619,0.2772559053551326,0.3196012605861053,H,0.35,0.4,0.2499999999999999,1.0900000000000003,2.06,3.39,3.49,2.26,3.22,3.19,0.4549740615830703,0.27647391352835543,0.26855202488857444,0.41488141398474865,0.29119006074705955,0.2939285252681918
2026-04-25,Premier League,Liverpool,Crystal Palace,H,0.5900210792190914,0.2319605508749021,0.1780183699060062,H,0.35,0.4,0.2499999999999999,1.0900000000000003,1.44,4.76,6.31,1.56,4.37,5.21,0.6532829886637491,0.1976318285033191,0.14908518283293168,0.6037176002651641,0.2155147497514087,0.18076764998342726
2026-04-25,Bundesliga,Hamburg,Hoffenheim,A,0.2985998036856068,0.2510417040865706,0.4503584922278223,A,0.35,0.4,0.2499999999999999,1.0900000000000003,3.88,3.96,1.77,4.34,4.16,1.67,0.2396996060407091,0.2348571897570584,0.5254432042022323,0.21542106209727935,0.22474216574571929,0.5598367721570014
2026-04-25,Bundesliga,Wolfsburg,M'gladbach,D,0.3671175455829724,0.2718889320434164,0.360993522373611,H,0.35,0.4,0.2499999999999999,1.0900000000000003,2.2,3.59,2.95,2.12,3.65,3.09,0.4239846267790299,0.25982344816542224,0.3161919250555478,0.4411298807461092,0.2562179033374662,0.30265221591642455
2026-04-26,Serie A,Torino,Inter,D,0.1484171295267166,0.1947708201382074,0.6568120503350758,A,0.35,0.4,0.2499999999999999,1.0900000000000003,7.17,4.61,1.4,7.38,4.81,1.38,0.13026357484100537,0.20260083115184566,0.667135594007149,0.12686926605504587,0.19465596330275228,0.6784747706422019
2026-04-26,Bundesliga,Stuttgart,Werder Bremen,D,0.6540621589181972,0.1982912267232734,0.1476466143585292,H,0.35,0.4,0.2499999999999999,1.0900000000000003,1.5,4.46,5.46,1.52,4.5,5.29,0.6207139142935797,0.20876028507631608,0.1705258006301043,0.6153420634961666,0.20784887478092737,0.17680906172290609
2026-04-26,Ligue 1,Paris FC,Lille,A,0.2834534949834272,0.2526255387936699,0.4639209662229028,A,0.35,0.4,0.2499999999999999,1.0900000000000003,3.8,3.53,1.89,4.63,3.84,1.7,0.24467410159272684,0.263388551289621,0.49193734711765197,0.2028702662050705,0.24460659701288454,0.552523136782045
2026-04-26,Ligue 1,Marseille,Nice,D,0.5693332354278182,0.2333549309055881,0.1973118336665936,H,0.35,0.4,0.2499999999999999,1.0900000000000003,1.45,4.68,5.9,1.7,3.97,4.43,0.6428421763322701,0.19917118711149395,0.15798663655623585,0.5518889387487409,0.23632523825512833,0.21178582299613083
2026-04-26,La Liga,Villarreal,Celta,H,0.5907117032030723,0.2204545865130403,0.1888337102838872,H,0.35,0.4,0.2499999999999999,1.0900000000000003,2.03,3.35,3.57,1.89,3.64,3.83,0.4598551933894975,0.2786585201733372,0.2614862864371652,0.49684420606211804,0.2579767993014843,0.2451789946363976
2026-04-26,La Liga,Osasuna,Sevilla,H,0.5309950995415895,0.2505723067160653,0.2184325937423451,H,0.35,0.4,0.2499999999999999,1.0900000000000003,2.03,3.35,3.55,1.9,3.33,4.18,0.4591787486244908,0.27824861483812424,0.2625726365373849,0.4937988676193044,0.28174710164464817,0.2244540307360475
2026-04-26,Ligue 1,Le Havre,Metz,D,0.5632618143635906,0.2503700303793689,0.1863681552570404,H,0.35,0.4,0.2499999999999999,1.0900000000000003,1.62,3.81,5.18,1.57,4.19,5.21,0.5753944652415771,0.24465591435468637,0.1799496204037365,0.5966426058888321,0.2235629812041686,0.17979441290699932
2026-04-26,Serie A,Milan,Juventus,D,0.3908079272465051,0.2671005070670649,0.3420915656864299,H,0.35,0.4,0.2499999999999999,1.0900000000000003,2.93,3.11,2.45,2.68,3.07,2.71,0.3186701965261833,0.30022626232209554,0.38110354115172124,0.34941894406155366,0.30503021826871796,0.3455508376697284
2026-04-26,Ligue 1,Rennes,Nantes,H,0.6893978425022416,0.1991114963009745,0.1114906611967838,H,0.35,0.4,0.2499999999999999,1.0900000000000003,1.4,4.62,7.02,1.45,4.5,6.5,0.6655749008791588,0.2016893639027754,0.13273573521806586,0.6471238938053098,0.20851769911504422,0.144358407079646
2026-04-26,Ligue 1,Lorient,Strasbourg,A,0.3646821089028488,0.276242403045306,0.3590754880518451,H,0.35,0.4,0.2499999999999999,1.0900000000000003,2.09,3.51,3.22,2.08,3.59,3.21,0.4455315575983823,0.2652880214759598,0.289180420925658,0.4489615434063558,0.26012256553905855,0.2909158910545857
2026-04-26,Serie A,Genoa,Como,A,0.2940552214939569,0.2614210710480213,0.4445237074580217,A,0.35,0.4,0.2499999999999999,1.0900000000000003,4.52,3.63,1.75,5.62,3.86,1.58,0.20712355029817314,0.2579059083602597,0.5349705413415672,0.1663085330337373,0.24213833047917194,0.5915531364870908
2026-04-26,Serie A,Fiorentina,Sassuolo,D,0.5096935141714964,0.2617960161306541,0.2285104696978492,H,0.35,0.4,0.2499999999999999,1.0900000000000003,1.9,3.34,4.08,2.01,3.32,3.69,0.49150952923693964,0.2796012292066424,0.228889241556418,0.4650866143525847,0.28157352254478774,0.25333986310262746
2026-04-26,Bundesliga,Dortmund,Freiburg,H,0.6284703837174268,0.2094624216609471,0.1620671946216258,H,0.35,0.4,0.2499999999999999,1.0900000000000003,1.35,4.98,7.51,1.41,4.88,6.62,0.6892536669781225,0.1868458735784067,0.12390045944347078,0.6658120468419598,0.19237602173097612,0.14181193142706394
2026-04-26,La Liga,Oviedo,Elche,A,0.4796979567331334,0.2800417670073608,0.2402602762595056,H,0.35,0.4,0.2499999999999999,1.0900000000000003,2.34,3.29,2.93,2.24,3.23,3.23,0.3984252619396971,0.28337845378081794,0.318196284279485,0.4189364461738002,0.2905317769130999,0.2905317769130999
2026-04-26,La Liga,Vallecano,Sociedad,D,0.3746845397580401,0.2921430374027963,0.3331724228391634,H,0.35,0.4,0.2499999999999999,1.0900000000000003,2.62,3.23,2.63,2.59,3.37,2.61,0.3562086707117128,0.28893706416863396,0.3548542651196531,0.3622029410432427,0.27836961937744764,0.35942743957930984
2026-04-27,Serie A,Cagliari,Atalanta,H,0.1912311481981611,0.2381811499117248,0.570587701890114,A,0.35,0.4,0.2499999999999999,1.0900000000000003,4.51,3.64,1.74,4.65,3.71,1.71,0.20699798022054167,0.2564727721963304,0.536529247583128,0.20109930865277634,0.2520516941335337,0.5468489972136901
2026-04-27,La Liga,Espanol,Levante,D,0.4065687801671379,0.2915868821758157,0.3018443376570462,H,0.35,0.4,0.2499999999999999,1.0900000000000003,1.98,3.36,3.72,2.11,3.3,3.47,0.4713548737442303,0.2777626934564214,0.25088243279934835,0.4449461254211077,0.2844958559510719,0.27055801862782053
2026-04-27,Premier League,Man United,Brentford,H,0.4989802720847216,0.2512113578023818,0.2498083701128965,H,0.35,0.4,0.2499999999999999,1.0900000000000003,1.84,3.82,3.84,1.96,3.73,3.53,0.5099849808088113,0.24564721588696667,0.2443678033042221,0.48060518679393344,0.25254320807402403,0.26685160513204237
2026-04-27,Serie A,Lazio,Udinese,D,0.5305978546683299,0.2631545073368119,0.2062476379948581,H,0.35,0.4,0.2499999999999999,1.0900000000000003,1.97,3.26,3.87,2.25,3.05,3.4,0.4731849840411367,0.2859430731782329,0.2408719427806303,0.4167587662011454,0.30744499145986137,0.2757962423389933
2026-05-01,Premier League,Leeds,Burnley,H,0.6114522941455447,0.241177175050009,0.1473705308044462,H,0.35,0.4,0.2499999999999999,1.0900000000000003,1.34,5.09,8.57,1.36,4.93,8.54,0.7044135149057661,0.18544481531900328,0.11014166977523064,0.6968094085870238,0.19222328512745487,0.11096730628552136
2026-05-01,Serie A,Pisa,Lecce,A,0.3626650696664107,0.2999081100304488,0.3374268203031403,H,0.35,0.4,0.2499999999999999,1.0900000000000003,3.42,2.99,2.27,3.32,2.91,2.37,0.2739410328335318,0.3133372348798257,0.4127217322866426,0.28234730597757335,0.32212819788506647,0.39552449613736007
2026-05-01,La Liga,Girona,Mallorca,A,0.4547356583834568,0.2788507083182856,0.2664136332982574,H,0.35,0.4,0.2499999999999999,1.0900000000000003,2.04,3.43,3.57,1.91,3.49,3.91,0.46164199192462985,0.2745625841184387,0.26379542395693134,0.4912148711838416,0.26883106130691614,0.23995406750924234
2026-05-02,La Liga,Osasuna,Barcelona,A,0.1622398827341909,0.202662612188048,0.6350975050777611,A,0.35,0.4,0.2499999999999999,1.0900000000000003,4.35,3.97,1.71,4.67,4.16,1.64,0.21553686576688988,0.23616759851032013,0.54829553572279,0.20120088237722808,0.2258673367071286,0.5729317809156433
2026-05-02,Bundesliga,Werder Bremen,Augsburg,A,0.4217992864052879,0.2684918899627492,0.3097088236319627,H,0.35,0.4,0.2499999999999999,1.0900000000000003,1.92,3.76,3.5,1.93,3.82,3.48,0.4856231918285411,0.24797780008265927,0.2663990080887996,0.48547617830301,0.24527984924733226,0.2692439724496578
2026-05-02,Serie A,Udinese,Torino,H,0.4474272273221457,0.2664811701585533,0.2860916025193009,H,0.35,0.4,0.2499999999999999,1.0900000000000003,2.25,3.19,3.2,1.98,3.31,3.84,0.41520408370787654,0.2928555449350227,0.2919403713571007,0.4730788985908573,0.2829897943232318,0.2439313070859108
2026-05-02,Serie A,Atalanta,Genoa,D,0.6235496268344859,0.2179079208205298,0.1585424523449841,H,0.35,0.4,0.2499999999999999,1.0900000000000003,1.57,3.99,5.54,1.48,4.33,6.1,0.5963465860192572,0.23465266667925658,0.16900074730148626,0.6311440546339971,0.2157259124384101,0.15313003292759275
2026-05-02,Bundesliga,Union Berlin,FC Koln,D,0.4029157774078791,0.2774097555174672,0.3196744670746534,H,0.35,0.4,0.2499999999999999,1.0900000000000003,2.37,3.31,2.84,2.61,3.37,2.58,0.39207704403171517,0.28073190161787465,0.3271910543504103,0.35892355133936865,0.27797936765452586,0.3630970810061055
2026-05-02,Premier League,Newcastle,Brighton,H,0.3602290561935419,0.2635928432415095,0.3761781005649484,A,0.35,0.4,0.2499999999999999,1.0900000000000003,2.5,3.6,2.6,2.66,3.6,2.46,0.3765084473049075,0.2614641995172969,0.3620273531777956,0.35458607601018594,0.2619997117186374,0.38341421227117667
2026-05-02,Bundesliga,Leverkusen,RB Leipzig,H,0.4800780617729033,0.2396192391282858,0.2803026990988106,H,0.35,0.4,0.2499999999999999,1.0900000000000003,2.1,3.98,2.9,2.09,4.0,2.93,0.44409388226240865,0.23432089265101963,0.32158522508657184,0.44726508088552386,0.23369600476268618,0.31903891435179
2026-05-02,Bundesliga,Bayern Munich,Heidenheim,D,0.8777171304531859,0.0869629532276222,0.0353199163191917,H,0.35,0.4,0.2499999999999999,1.0900000000000003,1.22,6.75,9.61,1.26,6.59,8.53,0.7647061597350835,0.13821355775952618,0.09708028250539041,0.7468746636833862,0.1428015290198887,0.1103238072967253
2026-05-02,La Liga,Alaves,Ath Bilbao,A,0.3827514897197756,0.2664081844759113,0.3508403258043129,H,0.35,0.4,0.2499999999999999,1.0900000000000003,2.65,3.35,2.55,2.74,3.22,2.56,0.3533243718333161,0.2794953986144142,0.3671802295522697,0.3423198950183552,0.29129084234481156,0.3663892626368333
2026-05-02,Bundesliga,Hoffenheim,Stuttgart,D,0.3475984021233148,0.2573879714563098,0.3950136264203753,A,0.35,0.4,0.2499999999999999,1.0900000000000003,2.27,3.98,2.63,2.16,3.98,2.82,0.41093588671526887,0.23437800573961312,0.35468610754511803,0.4331496318251285,0.23507618209604966,0.33177418607882186
2026-05-02,Serie A,Como,Napoli,D,0.3812428808675284,0.2380216497295206,0.3807354694029508,H,0.35,0.4,0.2499999999999999,1.0900000000000003,2.24,3.26,3.18,2.21,3.17,3.34,0.4181442700182314,0.287313854245656,0.2945418757361127,0.4239376333839175,0.2955527349458857,0.28050963167019694
2026-05-02,Premier League,Wolves,Sunderland,D,0.3877674315100545,0.2697853488239742,0.3424472196659711,H,0.35,0.4,0.2499999999999999,1.0900000000000003,3.24,3.35,2.18,3.67,3.52,1.98,0.28956947208983275,0.28006122076748,0.43036930714268723,0.25666369602203676,0.26760106943206674,0.4757352345458964
2026-05-02,Ligue 1,Nantes,Marseille,H,0.1999456708063444,0.2311467179272441,0.5689076112664113,A,0.35,0.4,0.2499999999999999,1.0900000000000003,4.45,3.95,1.68,3.61,3.82,1.89,0.20940690133956041,0.23591410404077057,0.554678994619669,0.25939805050857084,0.24513794825548182,0.49546400123594747
2026-05-02,Premier League,Arsenal,Fulham,H,0.6449535029372464,0.2188892182846019,0.1361572787781515,H,0.35,0.4,0.2499999999999999,1.0900000000000003,1.44,4.39,7.0,1.45,4.42,7.02,0.6520041755425235,0.2138692512030146,0.13412657325446198,0.6516326307742711,0.21377088566124278,0.1345964835644862
2026-05-02,Ligue 1,Paris SG,Lorient,D,0.7835495525669094,0.139894625749762,0.0765558216833284,H,0.35,0.4,0.2499999999999999,1.0900000000000003,1.29,5.67,8.6,1.33,5.47,7.68,0.7259458421355867,0.16516228154407528,0.108891876320338,0.7060543772931018,0.1716731849725458,0.12227243773435229
2026-05-02,Ligue 1,Nice,Lens,D,0.2669578245678342,0.2435339592944878,0.4895082161376777,A,0.35,0.4,0.2499999999999999,1.0900000000000003,4.11,3.96,1.73,4.55,4.16,1.65,0.2265723442042286,0.2351546299695403,0.538273025826231,0.20612922115947685,0.2254538356431778,0.5684169431973453
2026-05-02,La Liga,Valencia,Ath Madrid,A,0.2729163560684272,0.2450082889146817,0.4820753550168909,A,0.35,0.4,0.2499999999999999,1.0900000000000003,1.78,3.77,4.19,1.69,3.82,4.67,0.5271565921688899,0.24889621593119998,0.22394719189991022,0.554233786407767,0.24519766990291259,0.20056854368932037
2026-05-02,Ligue 1,Metz,Monaco,A,0.1726497176888745,0.2116665222420023,0.6156837600691231,A,0.35,0.4,0.2499999999999999,1.0900000000000003,6.52,5.06,1.39,7.12,5.65,1.33,0.14328320505873196,0.18462578991757558,0.6720910050236925,0.131344593189203,0.16551743424904872,0.7031379725617483
2026-05-02,Bundesliga,Ein Frankfurt,Hamburg,A,0.6165931513726501,0.2214844131369042,0.1619224354904454,H,0.35,0.4,0.2499999999999999,1.0900000000000003,1.7,4.05,4.26,1.66,4.16,4.42,0.54980879541109,0.23078393881453158,0.2194072657743786,0.5635059760956176,0.22486055776892427,0.21163346613545816
2026-05-02,Premier League,Brentford,West Ham,H,0.4921522683984297,0.2622179511150574,0.2456297804865126,H,0.35,0.4,0.2499999999999999,1.0900000000000003,1.91,3.77,3.62,1.86,3.86,3.8,0.4915803085479229,0.24904997064364268,0.25936972080843446,0.5072694324171035,0.2444355296103142,0.2482950379725823
2026-05-02,La Liga,Villarreal,Levante,H,0.6552504131710744,0.2184898126752133,0.1262597741537122,H,0.35,0.4,0.2499999999999999,1.0900000000000003,1.7,4.09,4.31,1.73,4.09,4.04,0.5524619294908157,0.22962965284459336,0.21790841766459093,0.540189940663975,0.22849109959625347,0.23131895973977146
2026-05-03,Ligue 1,Lille,Le Havre,D,0.6916586047932114,0.1928376144381111,0.1155037807686773,H,0.35,0.4,0.2499999999999999,1.0900000000000003,1.39,4.48,7.78,1.35,4.72,8.52,0.6716227517448426,0.2083829519922614,0.11999429626289602,0.6922965686780838,0.19800855248207905,0.10969487883983722
2026-05-03,La Liga,Betis,Oviedo,H,0.5950699007849583,0.2341178063265695,0.170812292888472,H,0.35,0.4,0.2499999999999999,1.0900000000000003,1.54,4.02,5.75,1.54,4.1,5.85,0.6057262950462255,0.2320444015848725,0.16222930336890215,0.6101811336114785,0.22918998677114075,0.16062887961738068
2026-05-03,La Liga,Espanol,Real Madrid,A,0.1477745502549591,0.2151049416293545,0.6371205081156862,A,0.35,0.4,0.2499999999999999,1.0900000000000003,4.3,3.84,1.73,4.31,3.8,1.75,0.21713919631825634,0.24315066254388085,0.5397101411378626,0.21752997170474808,0.24672478369670106,0.5357452445985509
2026-05-03,Serie A,Juventus,Verona,D,0.7662415455600426,0.1629115971580957,0.0708468572818615,H,0.35,0.4,0.2499999999999999,1.0900000000000003,1.21,6.02,12.75,1.17,7.01,15.0,0.7716652909968864,0.15510215981831105,0.07323254918480254,0.8032745182071738,0.13407006937266666,0.06265541242015955
2026-05-03,Serie A,Bologna,Cagliari,D,0.5489380098072547,0.2465910542386314,0.2044709359541136,H,0.35,0.4,0.2499999999999999,1.0900000000000003,1.78,3.43,4.55,2.2,3.08,3.44,0.5235165660882429,0.2716791509145983,0.20480428299715875,0.4248412138320395,0.3034580098800282,0.27170077628793227
2026-05-03,La Liga,Getafe,Vallecano,A,0.4327096586015898,0.2890214285827887,0.2782689128156214,H,0.35,0.4,0.2499999999999999,1.0900000000000003,1.93,3.17,4.15,2.02,3.03,4.15,0.48218494232693504,0.2935700122053579,0.2242450454677071,0.4643789630734801,0.3095859753823201,0.22603506154419992
2026-05-03,Serie A,Inter,Parma,H,0.7910438964582127,0.1391892483683397,0.0697668551734474,H,0.35,0.4,0.2499999999999999,1.0900000000000003,1.21,6.25,11.94,1.19,6.67,12.91,0.7722365315222554,0.14950499250270866,0.07825847597503593,0.7870375532744294,0.14041599526185472,0.0725464514637158
2026-05-03,Premier League,Aston Villa,Tottenham,A,0.6332404969068859,0.2200357947091206,0.1467237083839934,H,0.35,0.4,0.2499999999999999,1.0900000000000003,2.1,3.59,3.21,2.24,3.54,2.99,0.4465952821085185,0.2612395800634788,0.29216513782800274,0.4198272237603027,0.2656533845262932,0.31451939171340404
2026-05-03,Ligue 1,Paris FC,Brest,H,0.429873502190478,0.2481142922121014,0.3220122055974204,H,0.35,0.4,0.2499999999999999,1.0900000000000003,2.01,3.44,3.53,1.84,3.75,3.89,0.46431562082981237,0.2713006970546287,0.26438368211555885,0.5092494004210144,0.24987170580657772,0.24087889377240784
2026-05-03,Premier League,Man United,Liverpool,H,0.380215686318049,0.2543333475533305,0.3654509661286204,H,0.35,0.4,0.2499999999999999,1.0900000000000003,2.29,3.73,2.76,2.35,3.71,2.74,0.4092237119835909,0.2512392226387194,0.33953706537768963,0.40143111570949613,0.2542757741017024,0.34429311018880143
2026-05-03,Ligue 1,Strasbourg,Toulouse,A,0.5696200270653318,0.2322870838023414,0.1980928891323266,H,0.35,0.4,0.2499999999999999,1.0900000000000003,2.56,3.48,2.54,2.97,3.48,2.25,0.3644970804605285,0.2681357833272853,0.3673671362121862,0.3151146365315658,0.26893404324676734,0.4159513202216668
2026-05-03,Ligue 1,Lyon,Rennes,H,0.4860135199203231,0.2530791403704558,0.2609073397092208,H,0.35,0.4,0.2499999999999999,1.0900000000000003,2.16,3.59,2.99,2.05,3.76,3.16,0.4302779102814378,0.2588858735955169,0.3108362161230454,0.4557995365894828,0.24850772606607438,0.2956927373444429
2026-05-03,Ligue 1,Auxerre,Angers,H,0.5085570255099737,0.2567231281716736,0.2347198463183526,H,0.35,0.4,0.2499999999999999,1.0900000000000003,1.68,3.55,5.16,1.72,3.65,4.77,0.5559197348774537,0.2630831421391894,0.18099712298335702,0.5459052014711738,0.25724847850148463,0.19684632002734154
2026-05-03,Bundesliga,Freiburg,Wolfsburg,D,0.5718135559312111,0.2498800644010121,0.1783063796677766,H,0.35,0.4,0.2499999999999999,1.0900000000000003,2.43,3.51,2.67,2.05,3.59,3.31,0.38425772168714706,0.2660245765526403,0.34971770176021255,0.4565447077943285,0.2607010169856193,0.2827542752200523
2026-05-03,Bundesliga,M'gladbach,Dortmund,H,0.1868092107804176,0.2262264517253973,0.5869643374941849,A,0.35,0.4,0.2499999999999999,1.0900000000000003,3.59,3.79,1.89,3.64,3.82,1.89,0.2599630547682213,0.24624468776198266,0.493792257469796,0.25781132830075487,0.24566315052742088,0.4965255211718243
2026-05-03,Premier League,Bournemouth,Crystal Palace,H,0.494257609511089,0.2527995516656777,0.2529428388232331,H,0.35,0.4,0.2499999999999999,1.0900000000000003,1.58,4.16,5.2,1.56,4.23,5.36,0.593946316390634,0.22558537978298115,0.18046830382638493,0.6024680335448486,0.2221867925129938,0.17534517394215743
2026-05-03,Bundesliga,St Pauli,Mainz,A,0.2835117990247513,0.2641123555569146,0.4523758454183339,A,0.35,0.4,0.2499999999999999,1.0900000000000003,2.7,3.22,2.55,2.75,3.26,2.51,0.34514501891551064,0.2894073139974779,0.3654476670870113,0.3402314335491329,0.2870050436380722,0.372763522812795
2026-05-03,Serie A,Sassuolo,Milan,H,0.2623980785349471,0.2495499373712847,0.4880519840937681,A,0.35,0.4,0.2499999999999999,1.0900000000000003,4.49,3.98,1.68,4.58,3.93,1.67,0.20830036324213858,0.23499211833095535,0.5567075184269061,0.20375274361943554,0.23745230681348978,0.5587949495670748
2026-05-03,La Liga,Celta,Elche,H,0.5320437355922818,0.2532446446128116,0.2147116197949064,H,0.35,0.4,0.2499999999999999,1.0900000000000003,1.75,3.81,4.24,1.69,3.86,4.62,0.5341727867627364,0.24535495454981332,0.22047225868745016,0.554439069281566,0.24274663914141104,0.20281429157702305
2026-05-04,Premier League,Everton,Man City,D,0.2183331187477564,0.21370578311475,0.5679610981374934,A,0.35,0.4,0.2499999999999999,1.0900000000000003,6.38,4.63,1.44,6.69,4.61,1.44,0.14687468332679796,0.20238887248919457,0.6507364441840076,0.14090408359493894,0.20447902803690707,0.6546168883681539
2026-05-04,Serie A,Cremonese,Lazio,A,0.1970545166507103,0.2438045432489091,0.5591409401003804,A,0.35,0.4,0.2499999999999999,1.0900000000000003,2.88,3.21,2.42,3.11,3.14,2.34,0.32390983463010686,0.2906106927522454,0.38547947261764787,0.3012496720020992,0.29837149042246125,0.4003788375754395
2026-05-04,Serie A,Roma,Fiorentina,H,0.5608197874868132,0.2447557005213948,0.1944245119917918,H,0.35,0.4,0.2499999999999999,1.0900000000000003,1.61,3.94,5.08,1.51,4.13,6.16,0.5795224886644622,0.2368099509517219,0.1836675603838158,0.6208298457491331,0.2269862147896346,0.1521839394612323
2026-05-04,Premier League,Chelsea,Nott'm Forest,A,0.3870130432700043,0.2812468481545451,0.3317401085754504,H,0.35,0.4,0.2499999999999999,1.0900000000000003,1.68,3.93,4.65,1.41,4.78,7.11,0.5590429778915779,0.23898020428952949,0.20197681781889262,0.6696616992474981,0.19753619161903185,0.13280210913347007
2026-05-04,La Liga,Sevilla,Sociedad,H,0.3329911372163207,0.2660440113849302,0.400964851398749,A,0.35,0.4,0.2499999999999999,1.0900000000000003,2.34,3.35,2.87,2.37,3.19,3.03,0.39779803304191685,0.27786489472181647,0.3243370722362666,0.3960200105706945,0.2942217633393562,0.30975822608994924
2026-05-08,Ligue 1,Lens,Nantes,H,0.7302400909558967,0.172124757412983,0.0976351516311201,H,0.35,0.4,0.2499999999999999,1.0900000000000003,1.43,4.79,6.18,1.44,4.78,6.17,0.6536245868229361,0.19513218354004144,0.15124322963702244,0.6516175216413392,0.19630318643588462,0.1520792919227761
2026-05-08,Bundesliga,Dortmund,Ein Frankfurt,H,0.6149765699661514,0.2128546501549869,0.1721687798788616,H,0.35,0.4,0.2499999999999999,1.0900000000000003,1.64,4.38,4.43,1.7,4.24,4.13,0.5731866547716813,0.21461783420674826,0.21219551102157053,0.5517041480519972,0.22120213483216863,0.22709371711583418
2026-05-08,La Liga,Levante,Osasuna,H,0.3300682435604929,0.2857466611628433,0.3841850952766636,A,0.35,0.4,0.2499999999999999,1.0900000000000003,2.51,3.23,2.81,2.53,3.24,2.76,0.37448580045963353,0.2910090895212632,0.33450511001910327,0.3707093821510298,0.28947368421052627,0.33981693363844395
2026-05-08,Serie A,Torino,Sassuolo,H,0.4125556510261034,0.2869175729912427,0.3005267759826537,H,0.35,0.4,0.2499999999999999,1.0900000000000003,2.49,3.23,2.81,2.71,3.18,2.6,0.376361653514901,0.29013638305018685,0.3335019634349123,0.3454817439557409,0.2944199767673138,0.36009827927694527
2026-05-09,Bundesliga,RB Leipzig,St Pauli,H,0.7228964799598121,0.1815866831485653,0.0955168368916223,H,0.35,0.4,0.2499999999999999,1.0900000000000003,1.3,5.39,8.8,1.27,6.01,9.02,0.7199866421773251,0.1736516947737519,0.10636166304892303,0.7395833191219987,0.1562846614450813,0.10413201943292001
2026-05-09,Bundesliga,Wolfsburg,Bayern Munich,A,0.0808670338502534,0.149840617796588,0.7692923483531583,A,0.35,0.4,0.2499999999999999,1.0900000000000003,4.28,4.48,1.62,5.28,5.16,1.46,0.2175174431150646,0.2078068429759992,0.5746757139089361,0.17731457944981077,0.18143817432073658,0.6412472462294526
2026-05-09,Bundesliga,Hoffenheim,Werder Bremen,H,0.5545676742334454,0.2469440582587072,0.1984882675078473,H,0.35,0.4,0.2499999999999999,1.0900000000000003,1.44,4.91,5.7,1.48,4.87,5.42,0.6468679360412708,0.18971279590619755,0.16341926805253157,0.6341298174637114,0.19271296300745233,0.17315721952883634
2026-05-09,Premier League,Fulham,Bournemouth,A,0.3525628709281204,0.2675534208551585,0.379883708216721,A,0.35,0.4,0.2499999999999999,1.0900000000000003,2.68,3.66,2.39,2.63,3.6,2.47,0.35043707484355846,0.2566041968799827,0.3929587282764589,0.3577391465274118,0.2613483209353036,0.3809125325372846
2026-05-09,Premier League,Brighton,Wolves,H,0.6801573473296945,0.1970691992428662,0.1227734534274391,H,0.35,0.4,0.2499999999999999,1.0900000000000003,1.27,5.88,9.98,1.27,5.95,9.93,0.7444680975228546,0.16079498024728323,0.09473692222986226,0.7455227750782008,0.1591283906469437,0.09534883427485549
2026-05-09,Serie A,Lecce,Juventus,A,0.1590136989108156,0.2372219799922805,0.6037643210969037,A,0.35,0.4,0.2499999999999999,1.0900000000000003,6.74,4.42,1.44,8.21,4.42,1.39,0.13878398297471503,0.21162987449085505,0.64958614253443,0.11410391892117769,0.21194415709114683,0.6739519239876756
2026-05-09,Bundesliga,Augsburg,M'gladbach,H,0.4845050052724585,0.2632291904308544,0.2522658042966868,H,0.35,0.4,0.2499999999999999,1.0900000000000003,2.06,3.66,3.2,1.91,3.9,3.46,0.4531876363974059,0.25507282267176395,0.29173954093083004,0.48977191887222515,0.2398626577040898,0.270365423423685
2026-05-09,Premier League,Man City,Brentford,H,0.6680906612737142,0.1882309937286177,0.1436783449976679,H,0.35,0.4,0.2499999999999999,1.0900000000000003,1.35,5.51,7.23,1.34,5.57,7.32,0.6984551943236149,0.17112786067819968,0.13041694499818535,0.702427426996296,0.1689861314497373,0.12858644155396676
2026-05-09,La Liga,Sevilla,Espanol,H,0.432008933851082,0.2820759250795319,0.2859151410693859,H,0.35,0.4,0.2499999999999999,1.0900000000000003,2.02,3.34,3.66,1.98,3.16,4.13,0.46367070746916295,0.28042360152326623,0.25590569100757077,0.47483354557031104,0.2975222848826632,0.22764416954702563
2026-05-09,La Liga,Elche,Alaves,D,0.407433454236652,0.2810515695584018,0.311514976204946,H,0.35,0.4,0.2499999999999999,1.0900000000000003,2.22,3.32,3.2,2.23,3.21,3.27,0.42329391514996967,0.2830459312147388,0.29366015363529147,0.4207583246148851,0.2923025121156366,0.28693916326947816
2026-05-09,Premier League,Sunderland,Man United,D,0.2440018507856028,0.2561796010090882,0.4998185482053087,A,0.35,0.4,0.2499999999999999,1.0900000000000003,3.93,3.7,1.86,3.21,3.51,2.15,0.2395172068159038,0.2544061142666221,0.5060766789174741,0.29346570691928087,0.2683831678663509,0.4381511252143682
2026-05-09,Serie A,Lazio,Inter,A,0.2128095382219631,0.2127869681254494,0.5744034936525875,A,0.35,0.4,0.2499999999999999,1.0900000000000003,4.37,3.72,1.75,4.1,3.58,1.84,0.21404686672869971,0.25144752892591876,0.5345056043453816,0.22864918151146163,0.2618607944684337,0.5094900240201047
2026-05-09,Premier League,Liverpool,Chelsea,D,0.6268337213838306,0.2032625314959967,0.1699037471201724,H,0.35,0.4,0.2499999999999999,1.0900000000000003,1.82,3.95,3.81,1.99,3.69,3.48,0.5158761444775424,0.23769483112636128,0.24642902439609637,0.473678968627234,0.2554528855198363,0.2708681458529298
2026-05-09,La Liga,Sociedad,Betis,D,0.347182805594131,0.2651643295779129,0.3876528648279559,A,0.35,0.4,0.2499999999999999,1.0900000000000003,2.48,3.55,2.59,2.5,3.49,2.64,0.3764889422112302,0.26301199343207066,0.36049906435669915,0.37547374340834444,0.26896399957617795,0.35556225701547767
2026-05-09,Bundesliga,Stuttgart,Leverkusen,H,0.3588918380200494,0.2325429976483981,0.4085651643315522,A,0.35,0.4,0.2499999999999999,1.0900000000000003,2.13,3.96,2.82,1.99,4.12,3.12,0.4360722569761721,0.23455401700991074,0.3293737260139172,0.47151346196170485,0.22774557992810504,0.30074095811018997
2026-05-09,Serie A,Cagliari,Udinese,A,0.3319098718502578,0.286176411249221,0.3819137169005213,A,0.35,0.4,0.2499999999999999,1.0900000000000003,2.5,3.12,2.89,2.51,3.06,2.94,0.37504679350131853,0.30051826402349235,0.324434942475189,0.373971167755774,0.30675412779967076,0.3192747044445553
2026-05-09,La Liga,Ath Madrid,Celta,A,0.6030755144786655,0.2180515623211756,0.1788729232001588,H,0.35,0.4,0.2499999999999999,1.0900000000000003,2.08,3.47,3.34,1.84,3.7,3.98,0.4500089304434935,0.2697459871246301,0.28024508243187624,0.5103059201862967,0.2537737549034556,0.23592032491024773
2026-05-10,Bundesliga,Mainz,Union Berlin,A,0.5528450230327987,0.2424233106909726,0.2047316662762286,H,0.35,0.4,0.2499999999999999,1.0900000000000003,1.74,3.81,4.24,1.66,4.27,4.34,0.5355984801766496,0.2446040303168951,0.21979748950645522,0.5645739145269982,0.21948306747419602,0.21594301799880575
2026-05-10,Ligue 1,Toulouse,Lyon,H,0.2663686286919142,0.2635949869805115,0.4700363843275741,A,0.35,0.4,0.2499999999999999,1.0900000000000003,4.29,3.78,1.74,3.89,3.74,1.84,0.21737061273051755,0.2466983938132065,0.535930993456276,0.24071806854672276,0.25037253653656455,0.5089093949167128
2026-05-10,Ligue 1,Auxerre,Nice,H,0.3687458101880945,0.2702803402482256,0.3609738495636795,H,0.35,0.4,0.2499999999999999,1.0900000000000003,2.36,3.36,2.85,2.31,3.33,2.97,0.39518645075026004,0.27757143564601594,0.327242113603724,0.40461725394896725,0.28068043742405835,0.31470230862697446
2026-05-10,Serie A,Parma,Roma,A,0.2136680411474167,0.2422296260842898,0.5441023327682931,A,0.35,0.4,0.2499999999999999,1.0900000000000003,6.12,4.01,1.53,8.47,4.46,1.38,0.15322888803974016,0.2338555598012992,0.6129155521589607,0.1106588324978964,0.210152536156319,0.6791886313457847
2026-05-10,Serie A,Verona,Como,A,0.1843866970558444,0.2383735283130878,0.5772397746310676,A,0.35,0.4,0.2499999999999999,1.0900000000000003,8.03,4.6,1.37,8.29,4.57,1.37,0.11618495937582386,0.20281852691040558,0.6809965137137705,0.11280189537596728,0.20462313187456643,0.6825749727494662
2026-05-10,Serie A,Cremonese,Pisa,H,0.449149741968967,0.2719006089578586,0.2789496490731741,H,0.35,0.4,0.2499999999999999,1.0900000000000003,1.69,3.62,4.97,1.84,3.5,4.18,0.5534367934540197,0.25837242567328544,0.18819078087269484,0.5086714045311044,0.267415824096352,0.2239127713725436
2026-05-10,Ligue 1,Rennes,Paris FC,H,0.5054768644849873,0.2602777152145117,0.2342454203005008,H,0.35,0.4,0.2499999999999999,1.0900000000000003,1.49,4.52,5.57,1.53,4.6,5.04,0.626115069447035,0.20639633926461995,0.1674885912883451,0.6111796526525577,0.20328366707791595,0.18553668026952644
2026-05-10,Ligue 1,Paris SG,Brest,H,0.7698712595389718,0.1411055997646601,0.0890231406963679,H,0.35,0.4,0.2499999999999999,1.0900000000000003,1.16,7.42,13.44,1.19,7.29,11.47,0.8047358669619052,0.12580776356816845,0.06945636946992634,0.7892745658656212,0.1288390580768298,0.08188637605754918
2026-05-10,Premier League,Burnley,Aston Villa,D,0.1599132553980531,0.2187759708634186,0.6213107737385282,A,0.35,0.4,0.2499999999999999,1.0900000000000003,5.34,4.09,1.58,6.34,4.42,1.48,0.175890038105607,0.22964616222101256,0.5944637996733805,0.1488499940838635,0.21350881504336983,0.6376411908727666
2026-05-10,Serie A,Fiorentina,Genoa,D,0.4636741481930898,0.2753252919888404,0.2610005598180698,H,0.35,0.4,0.2499999999999999,1.0900000000000003,2.06,3.31,3.56,2.0,3.31,3.79,0.4543372481280701,0.2827597375056871,0.2629030143662428,0.46905765211311323,0.2834185209142678,0.2475238269726191
2026-05-10,Bundesliga,FC Koln,Heidenheim,A,0.476826659840103,0.2698073760337774,0.2533659641261194,H,0.35,0.4,0.2499999999999999,1.0900000000000003,1.88,3.93,3.48,2.02,4.05,3.08,0.4953925063027036,0.23698165695905415,0.2676258367382422,0.46412120580728217,0.23148761376066915,0.3043911804320487
2026-05-10,La Liga,Oviedo,Getafe,D,0.3877440762649123,0.2801316093880698,0.3321243143470178,H,0.35,0.4,0.2499999999999999,1.0900000000000003,3.03,3.03,2.42,2.78,2.83,2.83,0.3074968233799238,0.3074968233799238,0.38500635324015253,0.33730631704410013,0.3313468414779499,0.3313468414779499
2026-05-10,Ligue 1,Angers,Strasbourg,D,0.2594042115819012,0.2532671504331034,0.4873286379849952,A,0.35,0.4,0.2499999999999999,1.0900000000000003,2.83,3.31,2.39,2.64,3.45,2.5,0.32904637320677654,0.28132967860277264,0.3896239481904508,0.3544569103686352,0.2712365922820861,0.3743064973492788
2026-05-10,Premier League,Crystal Palace,Everton,D,0.3727254970985045,0.2581797227369201,0.3690947801645751,H,0.35,0.4,0.2499999999999999,1.0900000000000003,2.71,3.26,2.56,2.78,3.25,2.54,0.3460348788032076,0.2876547612137094,0.3663103599830831,0.33899766746607973,0.2899733894017544,0.37102894313216594
2026-05-10,Bundesliga,Hamburg,Freiburg,H,0.309103907487371,0.2727173621135576,0.4181787303990714,A,0.35,0.4,0.2499999999999999,1.0900000000000003,2.74,3.57,2.35,2.94,3.59,2.23,0.3408938533865902,0.2616384196860664,0.3974677269273434,0.3187426592080903,0.26103159277765614,0.4202257480142536
2026-05-10,Ligue 1,Monaco,Lille,A,0.4037874598132891,0.26181374805711,0.3343987921296007,H,0.35,0.4,0.2499999999999999,1.0900000000000003,2.28,3.66,2.75,2.53,3.59,2.53,0.4078234021345392,0.2540539226411883,0.3381226752242725,0.36972193614830073,0.26055612770339853,0.36972193614830073
2026-05-10,La Liga,Ath Bilbao,Valencia,A,0.513819368306156,0.2578568485200068,0.2283237831738369,H,0.35,0.4,0.2499999999999999,1.0900000000000003,1.71,3.67,4.73,1.65,3.71,5.29,0.5472069249222176,0.25496562441879894,0.1978274506589835,0.5692643266745756,0.2531768568768328,0.17755881644859164
2026-05-10,Premier League,Nott'm Forest,Newcastle,D,0.4935677853847917,0.2430567167978927,0.2633754978173154,H,0.35,0.4,0.2499999999999999,1.0900000000000003,2.58,3.48,2.56,3.27,3.44,2.15,0.3637432631063204,0.269671729544341,0.3665850073493386,0.2880589515993971,0.2738234801540781,0.4381175682465249
2026-05-10,Ligue 1,Le Havre,Marseille,A,0.299201123987431,0.2576622520465385,0.4431366239660304,A,0.35,0.4,0.2499999999999999,1.0900000000000003,3.42,3.69,1.96,3.61,3.78,1.89,0.2723513861587474,0.25242323595200983,0.4752253778892429,0.2587268993839835,0.24709103353867212,0.49418206707734424
2026-05-10,La Liga,Mallorca,Villarreal,D,0.2325325294192501,0.2495767796029281,0.5178906909778215,A,0.35,0.4,0.2499999999999999,1.0900000000000003,2.32,3.48,2.83,2.43,3.41,2.75,0.40217906205589765,0.2681193747039317,0.3297015632401705,0.38517146342565406,0.2744770252564045,0.3403515113179416
2026-05-10,Serie A,Milan,Atalanta,A,0.4193605505486557,0.267742646022161,0.3128968034291833,H,0.35,0.4,0.2499999999999999,1.0900000000000003,2.05,3.42,3.47,2.23,3.28,3.19,0.45658070398855033,0.27368141613348773,0.269737879877962,0.4203557066123505,0.285790617605348,0.2938536757823014
2026-05-10,Ligue 1,Metz,Lorient,A,0.2488584217643975,0.2477236686701968,0.5034179095654054,A,0.35,0.4,0.2499999999999999,1.0900000000000003,3.07,3.58,2.13,2.86,3.58,2.28,0.30313534829915206,0.2599512623682672,0.4369133893325806,0.3275178557098147,0.2616483428296284,0.410833801460557
2026-05-10,La Liga,Barcelona,Real Madrid,H,0.5551366340185335,0.2329706292006989,0.2118927367807674,H,0.35,0.4,0.2499999999999999,1.0900000000000003,1.61,4.65,4.28,1.64,4.6,4.18,0.5805836175184441,0.20101927402251507,0.21839710845904092,0.5717990198410811,0.20385878098682023,0.22434219917209883
2026-05-10,Premier League,West Ham,Arsenal,A,0.1670130612499126,0.2234856622893593,0.6095012764607279,A,0.35,0.4,0.2499999999999999,1.0900000000000003,5.29,4.09,1.58,5.83,4.14,1.54,0.1772578278221991,0.22926501446929906,0.593477157708502,0.1614484679665738,0.22735376044568245,0.6111977715877437
2026-05-11,Premier League,Tottenham,Leeds,D,0.3495254438377339,0.3088495867597324,0.3416249694025335,H,0.35,0.4,0.2499999999999999,1.0900000000000003,1.82,3.82,3.92,1.81,3.73,4.15,0.5152712207341748,0.24549571249638694,0.2392330667694383,0.5204540334809346,0.2525527615550916,0.22699320496397385
2026-05-11,La Liga,Vallecano,Girona,D,0.4617031878468571,0.2779347048874861,0.2603621072656567,H,0.35,0.4,0.2499999999999999,1.0900000000000003,2.3,3.39,2.92,2.22,3.24,3.25,0.4054924257940832,0.27511285525852247,0.31939471894739424,0.4222505593917667,0.28931982773139575,0.2884296128768376
2026-05-11,Serie A,Napoli,Bologna,A,0.629220457135356,0.2132012885654473,0.1575782542991965,H,0.35,0.4,0.2499999999999999,1.0900000000000003,1.52,4.01,6.06,1.53,4.01,6.01,0.6135430605701012,0.23256495064003838,0.15389198878986038,0.6112014242709362,0.2332015409313048,0.15559703479775913
2026-05-12,La Liga,Celta,Levante,A,0.5511334244345386,0.249952081718581,0.1989144938468803,H,0.35,0.4,0.2499999999999999,1.0900000000000003,1.78,3.78,4.17,1.89,3.68,3.82,0.5269375802310654,0.24813462772785622,0.22492779204107827,0.4979208432804631,0.2557256504891508,0.24635350623038615
2026-05-12,La Liga,Betis,Elche,H,0.6444820500489071,0.2109954996520867,0.1445224502990061,H,0.35,0.4,0.2499999999999999,1.0900000000000003,1.57,4.16,5.25,1.6,4.15,4.95,0.5964980321573619,0.22512065155938898,0.17838131628324919,0.5852147282957054,0.22562495548750083,0.18916031621679366
2026-05-12,La Liga,Osasuna,Ath Madrid,A,0.2822332396718716,0.2479479518262892,0.469818808501839,A,0.35,0.4,0.2499999999999999,1.0900000000000003,2.51,3.51,2.61,2.59,3.44,2.58,0.37358241274268733,0.26714867691855987,0.3592689103387529,0.36274165202108966,0.27311072056239016,0.3641476274165202
2026-05-13,La Liga,Getafe,Mallorca,H,0.400315393287183,0.3006148624599729,0.299069744252844,H,0.35,0.4,0.2499999999999999,1.0900000000000003,2.19,3.07,3.51,2.29,2.88,3.48,0.4278465331792789,0.30520648458065824,0.26694698224006286,0.40763336424422864,0.32412514031919565,0.2682414954365757
2026-05-13,Ligue 1,Brest,Strasbourg,A,0.4005274452569952,0.2571974600083866,0.3422750947346181,H,0.35,0.4,0.2499999999999999,1.0900000000000003,2.68,3.47,2.42,3.24,3.56,2.09,0.34724967538643486,0.2681928328632984,0.38455749175026677,0.28898797501786655,0.26301152782524934,0.44800049715688406
2026-05-13,La Liga,Villarreal,Sevilla,A,0.7001695604767371,0.1921975197092021,0.1076329198140607,H,0.35,0.4,0.2499999999999999,1.0900000000000003,2.09,3.29,3.5,2.07,3.33,3.46,0.4479481523840645,0.2845628080494513,0.2674890395664842,0.45047327492170736,0.2800239276540343,0.2695027974242584
2026-05-13,La Liga,Espanol,Ath Bilbao,H,0.2983310361937478,0.2637025052641265,0.4379664585421256,A,0.35,0.4,0.2499999999999999,1.0900000000000003,2.61,3.21,2.69,2.74,2.91,2.75,0.35928001697602135,0.29212487361601736,0.3485951094079613,0.34037403927539994,0.3204896452283834,0.33913631549621664
2026-05-13,Premier League,Man City,Crystal Palace,H,0.7364466720021681,0.1621398207892917,0.1014135072085399,H,0.35,0.4,0.2499999999999999,1.0900000000000003,1.19,7.03,12.75,1.3,5.7,8.53,0.7920115365549564,0.13406738669991436,0.07392107674512927,0.7243891537544696,0.16521156138259832,0.11039928486293209
2026-05-13,Ligue 1,Lens,Paris SG,A,0.2671831270839641,0.2301405279871609,0.5026763449288749,A,0.35,0.4,0.2499999999999999,1.0900000000000003,3.3,3.91,1.95,3.09,4.01,2.01,0.2827816411682893,0.23866481223922115,0.4785535465924896,0.30230778751701864,0.23295038988219144,0.4647418226007899
2026-05-13,La Liga,Alaves,Barcelona,H,0.1171693435871681,0.1775273437493463,0.7053033126634853,A,0.35,0.4,0.2499999999999999,1.0900000000000003,3.09,3.75,2.1,2.98,3.69,2.15,0.3034506675914687,0.25004335009537015,0.44650598231316097,0.3131228613039583,0.2528742890747414,0.4340028496213003
2026-05-14,La Liga,Valencia,Vallecano,D,0.4139550773067002,0.2848773117467112,0.3011676109465884,H,0.35,0.4,0.2499999999999999,1.0900000000000003,2.17,3.33,3.23,2.27,3.05,3.31,0.43038921856180795,0.28046384512886585,0.2891469363093261,0.4115119819669258,0.30627285215243333,0.28221516588064094
2026-05-14,La Liga,Real Madrid,Oviedo,H,0.7582548241581131,0.1598217253855944,0.0819234504562924,H,0.35,0.4,0.2499999999999999,1.0900000000000003,1.23,6.28,10.42,1.21,6.51,11.28,0.7610917135194106,0.14906732605555337,0.089840960425036,0.773313029769784,0.14373406544108122,0.08295290478913464
2026-05-14,La Liga,Girona,Sociedad,D,0.4043797938409124,0.2668105416378443,0.3288096645212433,H,0.35,0.4,0.2499999999999999,1.0900000000000003,2.06,3.64,3.21,1.91,3.67,3.65,0.4529644820394334,0.2563480310442947,0.2906874869162719,0.4893029473968739,0.25465085273243304,0.25604619987069294
2026-05-15,Premier League,Aston Villa,Liverpool,H,0.3868766525058509,0.23711318677899,0.376010160715159,H,0.35,0.4,0.2499999999999999,1.0900000000000003,2.76,3.44,2.43,2.68,3.42,2.5,0.34035276298431627,0.2730737284409049,0.38657350857477885,0.3501859466898212,0.2744147184586903,0.3753993348514884
2026-05-16,Bundesliga,Bayern Munich,FC Koln,H,0.8604960755174969,0.094967056919317,0.0445368675631862,H,0.35,0.4,0.2499999999999999,1.0900000000000003,1.14,8.71,12.84,1.14,9.11,12.56,0.8198945187583302,0.10731110808088361,0.07279437316078631,0.822435011866992,0.10291722431705497,0.07464776381595309
2026-05-16,Bundesliga,Heidenheim,Mainz,A,0.3598677879287992,0.259488418563683,0.3806437935075177,A,0.35,0.4,0.2499999999999999,1.0900000000000003,1.88,4.14,3.35,1.92,4.04,3.28,0.49620396276234163,0.22532933574715033,0.2784667014905081,0.4852923942341498,0.23063400914098206,0.28407359662486814
2026-05-16,Bundesliga,Leverkusen,Hamburg,D,0.7325854553285093,0.1670056803614212,0.1004088643100694,H,0.35,0.4,0.2499999999999999,1.0900000000000003,1.25,6.29,8.83,1.27,6.19,8.28,0.7461066325276362,0.1482723832527099,0.10562098421965403,0.7360782190460734,0.15102089469927518,0.11290088625465138
2026-05-16,Bundesliga,Union Berlin,Augsburg,H,0.3672814747792227,0.2793544651180572,0.3533640601027199,H,0.35,0.4,0.2499999999999999,1.0900000000000003,2.57,3.77,2.39,2.51,3.95,2.38,0.3627115914900469,0.24725962602902402,0.39002878248092904,0.3717382450285299,0.23621847975230628,0.3920432752191639
2026-05-16,Bundesliga,Ein Frankfurt,Stuttgart,D,0.3231737434256818,0.2400235817081767,0.4368026748661414,A,0.35,0.4,0.2499999999999999,1.0900000000000003,3.35,4.22,1.86,3.48,4.24,1.82,0.27817076109606903,0.22082276058574205,0.5010064783181889,0.2678923542644486,0.21987391340572668,0.5122337323298247
2026-05-16,Bundesliga,St Pauli,Wolfsburg,A,0.3678575634357076,0.2963655306455293,0.335776905918763,H,0.35,0.4,0.2499999999999999,1.0900000000000003,2.78,3.63,2.28,2.56,3.56,2.51,0.33499283580639677,0.2565509872015931,0.4084561769920101,0.3650938924935035,0.2625394283099351,0.37236667919656136
2026-05-16,Bundesliga,Freiburg,RB Leipzig,H,0.3045593375496645,0.2579655477767884,0.4374751146735469,A,0.35,0.4,0.2499999999999999,1.0900000000000003,2.65,3.88,2.28,2.44,3.72,2.53,0.3514604456027715,0.24004386104313002,0.40849569335409847,0.3816297401628443,0.25031628118208066,0.36805397865507516
2026-05-16,Bundesliga,M'gladbach,Hoffenheim,H,0.3069756410660217,0.2718588552525388,0.4211655036814393,A,0.35,0.4,0.2499999999999999,1.0900000000000003,4.1,4.4,1.67,4.37,4.43,1.62,0.2279509849542423,0.21240887234372574,0.559640142702032,0.21349334079029958,0.2106017831272256,0.5759048760824749
2026-05-16,Bundesliga,Werder Bremen,Dortmund,A,0.1892771491831456,0.2252492620535861,0.5854735887632682,A,0.35,0.4,0.2499999999999999,1.0900000000000003,3.3,3.97,1.93,3.12,3.94,2.01,0.2823998142421707,0.23474039974790006,0.4828597860099292,0.2990326015541811,0.23679739006320938,0.4641700083826095
2026-05-17,Premier League,Newcastle,West Ham,H,0.5189565582416403,0.2511337521958788,0.2299096895624807,H,0.35,0.4,0.2499999999999999,1.0900000000000003,2.05,3.78,3.15,2.05,3.81,3.15,0.4559710494571773,0.24728588661037396,0.2967430639324487,0.4568606178267573,0.2458173927939245,0.2973219893793182
2026-05-17,Ligue 1,Lorient,Le Havre,A,0.5267058597891962,0.2523898442570761,0.2209042959537275,H,0.35,0.4,0.2499999999999999,1.0900000000000003,2.55,3.43,2.56,2.29,3.4,2.92,0.3650255868769045,0.2713747074449289,0.3635997056781666,0.40687190583915284,0.2740401954034294,0.3190878987574178
2026-05-17,Serie A,Genoa,Milan,A,0.2861173247813727,0.2569157572296118,0.4569669179890153,A,0.35,0.4,0.2499999999999999,1.0900000000000003,4.65,3.69,1.71,5.07,3.59,1.68,0.2008249548852797,0.2530720976196615,0.5461029474950588,0.18415821631078988,0.26007859517986204,0.555763188509348
2026-05-17,Ligue 1,Nice,Metz,D,0.6472265458104127,0.2095299282497336,0.1432435259398534,H,0.35,0.4,0.2499999999999999,1.0900000000000003,1.34,5.09,7.75,1.27,5.78,9.47,0.6962990551267273,0.18330859211587716,0.12039235275739543,0.7386446903747566,0.1622973627640036,0.0990579468612398
2026-05-17,Premier League,Everton,Sunderland,A,0.593787484755419,0.2186637685856646,0.1875487466589162,H,0.35,0.4,0.2499999999999999,1.0900000000000003,1.81,3.63,4.18,1.84,3.58,4.13,0.5176956276975042,0.2581347344717583,0.22416963783073746,0.5103376386693267,0.26229643998646957,0.22736592134420366
2026-05-17,Ligue 1,Paris FC,Paris SG,H,0.1757639043737631,0.2051489550019366,0.6190871406243,A,0.35,0.4,0.2499999999999999,1.0900000000000003,5.15,4.54,1.52,5.62,4.81,1.46,0.18107678339954553,0.20540648337173117,0.6135167332287235,0.16617605300520588,0.1941599621391387,0.6396639848556555
2026-05-17,Premier League,Man United,Nott'm Forest,H,0.4857106720595487,0.2578702996593501,0.2564190282811011,H,0.35,0.4,0.2499999999999999,1.0900000000000003,1.58,4.23,4.94,1.56,4.42,5.12,0.5905417015215573,0.2205805882751916,0.18887771020325114,0.6032714166897698,0.21291932353756585,0.18380925977266427
2026-05-17,Premier League,Leeds,Brighton,H,0.3303387277107791,0.2644969068206946,0.4051643654685263,A,0.35,0.4,0.2499999999999999,1.0900000000000003,3.09,3.57,2.14,3.43,3.48,2.04,0.30216305366698704,0.26153608846806436,0.43630085786494854,0.27270212962109336,0.2687839955748133,0.45851387480409334
2026-05-17,Serie A,Atalanta,Bologna,A,0.54018622106349,0.2401107149325977,0.2197030640039121,H,0.35,0.4,0.2499999999999999,1.0900000000000003,1.64,4.06,4.65,1.71,3.91,4.3,0.5692721494177315,0.22995229680913298,0.2007755537731354,0.5449548004835976,0.23833061606827416,0.21671458344812836
2026-05-17,La Liga,Osasuna,Espanol,A,0.4907961685666812,0.2688661008097749,0.2403377306235437,H,0.35,0.4,0.2499999999999999,1.0900000000000003,2.05,3.11,3.7,2.11,2.9,3.96,0.451830764700108,0.29783056837145383,0.25033866692843815,0.44239673942354363,0.3218817655805783,0.23572149499587805
2026-05-17,La Liga,Sociedad,Valencia,A,0.4675830767635227,0.2679126842236843,0.2645042390127928,H,0.35,0.4,0.2499999999999999,1.0900000000000003,2.13,3.37,3.21,2.37,3.19,2.99,0.43561617357478527,0.2753301037727871,0.2890537226524276,0.3943857066657845,0.2930075626325735,0.3126067307016419
2026-05-17,Serie A,Udinese,Cremonese,A,0.608649791373169,0.2374527264807922,0.1538974821460386,H,0.35,0.4,0.2499999999999999,1.0900000000000003,2.34,3.26,2.97,2.37,3.14,3.02,0.39909482119008755,0.28646683484196467,0.31443834396794773,0.3937712814550286,0.2972095340918528,0.30901918445311854
2026-05-17,La Liga,Barcelona,Betis,H,0.6806657858075934,0.1883953220465314,0.130938892145875,H,0.35,0.4,0.2499999999999999,1.0900000000000003,1.33,5.5,7.08,1.32,5.67,7.3,0.6994614829158239,0.1691425040505538,0.1313960130336223,0.7074006091120704,0.16468585608958253,0.12791353479834697
2026-05-17,La Liga,Oviedo,Alaves,A,0.3693776774879321,0.2791689370482579,0.3514533854638097,H,0.35,0.4,0.2499999999999999,1.0900000000000003,3.69,3.56,1.9,3.71,3.18,2.04,0.25134329689276663,0.26052156335233395,0.48813513975489936,0.25092250922509224,0.29274292742927427,0.45633456334563344
2026-05-17,La Liga,Vallecano,Villarreal,H,0.2803409469739542,0.2556327689427002,0.4640262840833454,A,0.35,0.4,0.2499999999999999,1.0900000000000003,2.38,3.48,2.69,1.96,3.55,3.58,0.38930707233695694,0.26625023912699924,0.3444426885360437,0.4762814891432255,0.2629610475269639,0.2607574633298106
2026-05-17,Ligue 1,Marseille,Rennes,H,0.4463526712248734,0.2583356118564772,0.2953117169186492,H,0.35,0.4,0.2499999999999999,1.0900000000000003,1.99,3.69,3.33,1.82,4.11,3.58,0.4679691516709511,0.2523736075407027,0.2796572407883462,0.5125045281020982,0.22694847716443278,0.26054699473346893
2026-05-17,Ligue 1,Strasbourg,Monaco,H,0.3934176203320491,0.2524577402316466,0.3541246394363042,H,0.35,0.4,0.2499999999999999,1.0900000000000003,2.86,3.83,2.15,3.19,4.13,1.93,0.3249951652307073,0.24268568474146807,0.43231915002782456,0.2919497624742237,0.22550114825490888,0.48254908927086726
2026-05-17,Ligue 1,Lille,Auxerre,A,0.6632826593376735,0.2102898422660803,0.1264274983962459,H,0.35,0.4,0.2499999999999999,1.0900000000000003,1.36,4.77,7.87,1.41,4.58,6.95,0.6859070752398579,0.19556260426125932,0.11853032049888271,0.6619281613199053,0.20378137717490535,0.13429046150518942
2026-05-17,La Liga,Sevilla,Real Madrid,A,0.1630268510712536,0.2318237453365474,0.6051494035921988,A,0.35,0.4,0.2499999999999999,1.0900000000000003,3.03,3.5,2.16,3.45,3.68,1.96,0.305951484835976,0.2648665711580021,0.4291819440060219,0.27043808209727493,0.25353570196619524,0.4760262159365299
2026-05-17,Serie A,Sassuolo,Lecce,A,0.5289936263062243,0.26087132710735,0.2101350465864255,H,0.35,0.4,0.2499999999999999,1.0900000000000003,2.67,3.18,2.61,2.5,3.18,2.78,0.3493314140687147,0.2933065646426001,0.35736202128868516,0.3723778874829405,0.2927499115431922,0.33487220097386733
2026-05-17,Premier League,Brentford,Crystal Palace,D,0.5052235775751656,0.244785325499304,0.2499910969255303,H,0.35,0.4,0.2499999999999999,1.0900000000000003,1.71,4.09,4.17,1.72,3.9,4.41,0.5469966228243195,0.22869540954268616,0.22430796763299432,0.5461352334863872,0.24085964143502203,0.21300512507859085
2026-05-17,Premier League,Wolves,Fulham,D,0.2697276627531794,0.2760780017771428,0.4541943354696777,A,0.35,0.4,0.2499999999999999,1.0900000000000003,3.68,3.78,1.87,4.03,3.63,1.84,0.2537131289347681,0.24700114139681134,0.4992857296684206,0.2325359551305038,0.2581597518390993,0.5093042930303969
2026-05-17,Serie A,Juventus,Fiorentina,A,0.6299655034500906,0.2184113650208407,0.1516231315290685,H,0.35,0.4,0.2499999999999999,1.0900000000000003,1.31,5.28,8.38,1.3,5.43,8.52,0.7120323136093721,0.17665953235384046,0.1113081540367873,0.7183944992593008,0.1719913165814164,0.10961418415928298
2026-05-17,Serie A,Cagliari,Torino,H,0.3494041795238383,0.287704918832633,0.3628909016435286,A,0.35,0.4,0.2499999999999999,1.0900000000000003,2.35,3.11,3.08,2.16,3.05,3.53,0.3970437673313907,0.30001699460732095,0.30293923806128836,0.43101688197827803,0.3052447426469117,0.2637383753748104
2026-05-17,Serie A,Como,Parma,H,0.6149337964502232,0.2230005217596939,0.1620656817900828,H,0.35,0.4,0.2499999999999999,1.0900000000000003,1.24,5.69,11.34,1.23,5.83,12.06,0.7534241456858684,0.16419085072943349,0.08238500358469811,0.7616333295419463,0.16068764928586518,0.07767902117218856
2026-05-17,La Liga,Ath Madrid,Girona,H,0.6264113721678232,0.2131591041177757,0.160429523714401,H,0.35,0.4,0.2499999999999999,1.0900000000000003,1.74,3.74,4.25,1.78,3.83,4.07,0.5334322227293473,0.24817434961204926,0.21839342765860337,0.5257351577229082,0.24433644405921057,0.2299283982178812
2026-05-17,Ligue 1,Nantes,Toulouse,D,0.3366626450510732,0.2588144989469025,0.4045228560020241,A,0.35,0.4,0.2499999999999999,1.0900000000000003,2.52,3.51,2.55,2.75,3.41,2.4,0.36952402184817745,0.26529929773715305,0.36517668041466955,0.338720692010016,0.2731618483951741,0.38811745959481
2026-05-17,Serie A,Inter,Verona,D,0.8595622090094059,0.1040087624819118,0.0364290285086821,H,0.35,0.4,0.2499999999999999,1.0900000000000003,1.18,6.85,12.88,1.36,4.83,7.8,0.7912158078153052,0.13629702966745405,0.07248716251724069,0.6868450414579186,0.19339736156993154,0.11975759697214992
2026-05-17,Ligue 1,Brest,Angers,D,0.5453972208941456,0.2451188943922577,0.2094838847135966,H,0.35,0.4,0.2499999999999999,1.0900000000000003,1.79,3.64,4.16,1.93,3.43,3.79,0.5202787207432553,0.25585134893693046,0.22386993031981417,0.4826448060651289,0.27157564889378966,0.24577954504108143
2026-05-17,Ligue 1,Lyon,Lens,A,0.4673468177252767,0.2438134106118321,0.288839771662891,H,0.35,0.4,0.2499999999999999,1.0900000000000003,1.73,4.03,4.04,1.52,4.52,5.16,0.5383585243185869,0.23110676105984,0.23053471462157307,0.6131746098515122,0.2062003112774997,0.18062507887098808
2026-05-17,Serie A,Roma,Lazio,H,0.5758884486265134,0.2204191962382001,0.2036923551352862,H,0.35,0.4,0.2499999999999999,1.0900000000000003,1.52,4.09,6.0,1.49,4.12,6.23,0.6153954178870922,0.22870440958151103,0.15590017253139668,0.6246814848706835,0.22591636224692194,0.1494021528823946
2026-05-17,La Liga,Elche,Getafe,H,0.3815918900487544,0.285346290187966,0.3330618197632795,H,0.35,0.4,0.2499999999999999,1.0900000000000003,2.2,2.91,3.57,2.3,2.87,3.48,0.42153891100317714,0.31868921106769404,0.25977187792912876,0.4061221668306727,0.3254637573904345,0.2684140757788928
2026-05-17,La Liga,Ath Bilbao,Celta,D,0.4277192507295916,0.2637139660717415,0.3085667831986668,H,0.35,0.4,0.2499999999999999,1.0900000000000003,2.15,3.11,3.42,2.13,3.15,3.52,0.43103944366319896,0.29798546748420507,0.2709750888525958,0.4383457665713913,0.2964052326339884,0.2652490007946203
2026-05-17,Serie A,Pisa,Napoli,A,0.1158220046195552,0.1908059195674613,0.6933720758129833,A,0.35,0.4,0.2499999999999999,1.0900000000000003,8.06,4.63,1.37,7.98,4.29,1.4,0.11595503728307902,0.20185693315369696,0.682188029563224,0.1168205211992484,0.2173025079650355,0.665876970835716
2026-05-17,La Liga,Levante,Mallorca,H,0.4329212298775516,0.281058573152006,0.2860201969704422,H,0.35,0.4,0.2499999999999999,1.0900000000000003,2.12,3.33,3.27,2.05,3.39,3.49,0.43764544172082415,0.2786211220565007,0.283733436222675,0.4561810056641386,0.27586167009188317,0.2679573242439782
2026-05-18,Premier League,Arsenal,Burnley,H,0.8379564351555656,0.1156442989361261,0.0463992659083082,H,0.35,0.4,0.2499999999999999,1.0900000000000003,1.08,10.12,22.13,1.09,10.11,22.69,0.8654098218757148,0.09235598889582729,0.04223418922845785,0.8651620472951134,0.09327662033152063,0.04156133237336595
2026-05-19,Premier League,Chelsea,Tottenham,H,0.5151912596696535,0.2548272741356471,0.2299814661946992,H,0.35,0.4,0.2499999999999999,1.0900000000000003,1.9,3.64,3.76,2.19,3.28,3.25,0.49326759507539714,0.2574748435833117,0.24925756134129112,0.42707135617190223,0.28514825305380054,0.2877803907742972
2026-05-19,Premier League,Bournemouth,Man City,D,0.2606538672875945,0.2406737707302642,0.498672361982141,A,0.35,0.4,0.2499999999999999,1.0900000000000003,4.42,4.27,1.66,4.62,4.24,1.63,0.2128665297247949,0.22034427667063078,0.5667891936045744,0.2030878092070078,0.22128907512650375,0.5756231156664884
2026-05-22,Serie A,Fiorentina,Atalanta,D,0.3368107287862888,0.2602747072211421,0.402914563992569,A,0.35,0.4,0.2499999999999999,1.0900000000000003,2.65,3.43,2.49,3.01,3.51,2.21,0.35250343600770995,0.2723423047872977,0.3751542592049924,0.31060330019259796,0.26635781583467805,0.42303888397272393
2026-05-23,La Liga,Celta,Sevilla,H,0.5314500153519046,0.2563751957594354,0.2121747888886597,H,0.35,0.4,0.2499999999999999,1.0900000000000003,1.74,3.68,4.52,1.85,3.37,4.34,0.538276335205944,0.25451109327672355,0.20721257151733247,0.5062704876892136,0.2779229680193013,0.2158065442914851
2026-05-23,La Liga,Mallorca,Oviedo,H,0.470951034616346,0.2789474761480729,0.2501014892355809,H,0.35,0.4,0.2499999999999999,1.0900000000000003,1.45,4.33,6.9,1.45,4.34,6.78,0.6472416893231225,0.21674375277564148,0.1360145579012359,0.6460091505449054,0.21583255029726098,0.13815829915783373
2026-05-23,La Liga,Alaves,Vallecano,A,0.3778009213440887,0.2894282532425427,0.3327708254133683,H,0.35,0.4,0.2499999999999999,1.0900000000000003,2.41,3.31,2.82,2.11,3.27,3.45,0.3871907082858031,0.28191226796640045,0.33089702374779634,0.44309465175741436,0.28591122789239887,0.2709941203501868
2026-05-23,La Liga,Girona,Elche,D,0.4681486743304011,0.2774102953410104,0.2544410303285883,H,0.35,0.4,0.2499999999999999,1.0900000000000003,1.76,3.86,4.16,1.77,3.73,4.21,0.532187930851628,0.242655636864991,0.22515643228338103,0.5277160744830645,0.25041754740885364,0.22186637810808174
2026-05-23,La Liga,Valencia,Barcelona,H,0.1497029355175764,0.2055690965511241,0.6447279679312993,A,0.35,0.4,0.2499999999999999,1.0900000000000003,3.54,3.98,1.84,3.34,3.98,1.92,0.2622359091885698,0.23324500465516004,0.5045190861562701,0.27942488554754347,0.23449224063537566,0.4860828738170809
2026-05-23,La Liga,Real Madrid,Ath Bilbao,H,0.6859877794744018,0.1894292377506551,0.1245829827749429,H,0.35,0.4,0.2499999999999999,1.0900000000000003,1.46,4.63,5.84,1.52,4.6,5.18,0.6388409796481545,0.20144877543980683,0.1597102449120386,0.6158124340976285,0.2034858477887816,0.18070171811358982
2026-05-23,Serie A,Bologna,Inter,D,0.1836064497352151,0.2261492965992089,0.5902442536655758,A,0.35,0.4,0.2499999999999999,1.0900000000000003,2.95,3.64,2.19,3.35,3.54,2.04,0.31670911120734524,0.25667359287408475,0.4266172959185701,0.2786691671876085,0.26371234747979905,0.45761848533259236
2026-05-23,La Liga,Betis,Levante,H,0.6035181731331859,0.2273254519889216,0.1691563748778923,H,0.35,0.4,0.2499999999999999,1.0900000000000003,2.19,3.26,3.26,2.29,3.43,2.91,0.4267015706806283,0.28664921465968585,0.28664921465968585,0.40740166286393015,0.27199702855930025,0.3206013085767697
2026-05-23,Serie A,Lazio,Pisa,H,0.714797869735606,0.1792276832991548,0.1059744469652391,H,0.35,0.4,0.2499999999999999,1.0900000000000003,1.52,4.16,5.76,1.67,3.73,4.86,0.6137704918032787,0.22426229508196716,0.16196721311475407,0.5582405129168451,0.24993610095740784,0.19182338612574715
2026-05-23,La Liga,Espanol,Sociedad,D,0.3796051830938675,0.2806651436503787,0.3397296732557536,H,0.35,0.4,0.2499999999999999,1.0900000000000003,2.4,3.41,2.76,2.38,3.49,2.77,0.38859436159143834,0.2734974978942674,0.33790814051429424,0.3935219672638311,0.26836168541201083,0.33811634732415813
2026-05-23,La Liga,Getafe,Osasuna,H,0.4119373023190026,0.2836985031618741,0.3043641945191231,H,0.35,0.4,0.2499999999999999,1.0900000000000003,2.41,2.77,3.38,2.91,2.55,2.99,0.38713865721693175,0.3368246079035399,0.2760367348795283,0.32108700870466056,0.3664169393453186,0.31249605195002084
2026-05-24,Premier League,Crystal Palace,Arsenal,A,0.1934790818556543,0.2152715766649142,0.5912493414794313,A,0.35,0.4,0.2499999999999999,1.0900000000000003,4.13,3.86,1.76,3.97,3.66,1.86,0.2264216343045307,0.24225941701495127,0.5313189486805181,0.23701692082724046,0.2570921245038646,0.5058909546688949
2026-05-24,Serie A,Lecce,Genoa,H,0.3612679038250751,0.2781765897704219,0.3605555064045029,H,0.35,0.4,0.2499999999999999,1.0900000000000003,1.73,3.42,4.84,1.91,3.15,4.36,0.5366862715854046,0.27148165200080404,0.19183207641379132,0.48913566088873534,0.29658701977697915,0.21427731933428543
2026-05-24,Serie A,Torino,Juventus,D,0.2407597883312412,0.2441408666178448,0.515099345050914,A,0.35,0.4,0.2499999999999999,1.0900000000000003,7.23,4.45,1.4,6.31,4.39,1.46,0.12838610627402086,0.2085913591822856,0.6630225345436935,0.14794485133728352,0.212649661033772,0.6394054876289444
2026-05-24,Serie A,Cremonese,Como,A,0.2109820088746817,0.2544843257962276,0.5345336653290905,A,0.35,0.4,0.2499999999999999,1.0900000000000003,5.33,4.05,1.55,5.55,4.17,1.53,0.17376922118725,0.22868887627852902,0.5975419025342209,0.16783067780960723,0.22337176543005277,0.6087975567603399
2026-05-24,Premier League,Man City,Aston Villa,A,0.6438315473953701,0.1900985244602814,0.1660699281443484,H,0.35,0.4,0.2499999999999999,1.0900000000000003,1.28,5.93,8.39,1.39,5.15,6.71,0.730772902795587,0.15773850178387042,0.11148859542054247,0.6770222111637694,0.18273026670245424,0.14024752213377634
2026-05-24,Serie A,Parma,Sassuolo,H,0.3889726908520889,0.2828421530991853,0.3281851560487256,H,0.35,0.4,0.2499999999999999,1.0900000000000003,2.61,3.3,2.55,3.04,3.31,2.25,0.3553106593197795,0.28101843055291653,0.3636709101273038,0.30585341212900263,0.28090464437225615,0.41324194349874127
2026-05-24,Serie A,Napoli,Udinese,H,0.6521410025854366,0.203150524850131,0.1447084725644322,H,0.35,0.4,0.2499999999999999,1.0900000000000003,1.47,4.07,6.72,1.51,4.15,5.97,0.6329396899450844,0.2286047528794285,0.13845555717548721,0.6185107609962878,0.225048493760095,0.15644074524361717
2026-05-24,Premier League,Fulham,Newcastle,H,0.3644545175794019,0.2714944485142754,0.3640510339063225,H,0.35,0.4,0.2499999999999999,1.0900000000000003,2.82,3.66,2.27,2.54,3.63,2.53,0.3319190756987392,0.255740927177717,0.41233999712354374,0.3698666548531431,0.2588047667567448,0.37132857839011213
2026-05-24,Serie A,Verona,Roma,A,0.1401393043454846,0.213100956668948,0.6467597389855673,A,0.35,0.4,0.2499999999999999,1.0900000000000003,9.84,5.01,1.3,9.46,4.83,1.32,0.09493698563044982,0.18646306159753018,0.7185999527720202,0.09876290767815152,0.1934362539617626,0.7078008383600859
2026-05-24,Premier League,Tottenham,Everton,H,0.3314000184949202,0.2735080266534123,0.3950919548516673,A,0.35,0.4,0.2499999999999999,1.0900000000000003,1.89,3.63,3.78,1.87,3.48,4.1,0.4948875255623722,0.2576687116564417,0.2474437627811861,0.5016419033421698,0.26956044806030394,0.2287976485975263
2026-05-24,Serie A,Milan,Cagliari,A,0.6605470599742593,0.206474697414859,0.1329782426108815,H,0.35,0.4,0.2499999999999999,1.0900000000000003,1.26,5.3,10.35,1.35,4.66,8.62,0.7355780835143615,0.17487328023171617,0.08954863625392227,0.6914136997996461,0.20030225208788033,0.1082840481124736
2026-05-24,Premier League,West Ham,Leeds,H,0.3508679227417662,0.2888708508436854,0.3602612264145483,A,0.35,0.4,0.2499999999999999,1.0900000000000003,1.82,3.9,3.75,1.7,4.11,4.35,0.5122950819672131,0.23907103825136616,0.24863387978142076,0.554191658529781,0.22922769330915513,0.21658064816106387
2026-05-24,Premier League,Liverpool,Brentford,D,0.5653666644769925,0.2269636961332047,0.2076696393898026,H,0.35,0.4,0.2499999999999999,1.0900000000000003,1.8,4.09,3.73,1.77,4.06,3.96,0.5201096424687284,0.2288991091549416,0.2509912483763301,0.5310871073233574,0.23153304925180854,0.237379843424834
2026-05-24,Premier League,Burnley,Wolves,D,0.3815967737586836,0.2811142816953001,0.337288944546016,H,0.35,0.4,0.2499999999999999,1.0900000000000003,2.36,3.5,2.77,2.39,3.42,2.82,0.39584030834306433,0.26690946505418045,0.33725022660275517,0.3927192768140728,0.2744441729782556,0.33283655020767167
2026-05-24,Premier League,Sunderland,Chelsea,H,0.3362802440665152,0.2588468123995514,0.4048729435339332,A,0.35,0.4,0.2499999999999999,1.0900000000000003,3.47,3.59,1.99,3.39,3.65,2.03,0.26952053631723305,0.26051149332055673,0.46996797036221033,0.2778767434098265,0.25808278360529086,0.4640404729848827
2026-05-24,La Liga,Villarreal,Ath Madrid,H,0.4752299550943742,0.2419938067484801,0.2827762381571455,H,0.35,0.4,0.2499999999999999,1.0900000000000003,2.39,3.71,2.58,2.46,3.79,2.5,0.38902007323744453,0.25060861860848854,0.3603713081540668,0.3797838739157622,0.24650879415112797,0.37370733193311
2026-05-24,Premier League,Brighton,Man United,A,0.4248028199677023,0.2523970746849882,0.3228001053473093,H,0.35,0.4,0.2499999999999999,1.0900000000000003,1.86,3.98,3.58,1.87,4.08,3.49,0.503299187566231,0.23521017308371597,0.26149063935005296,0.5014668023708316,0.2298389510866312,0.2686942465425373
2026-05-24,Premier League,Nott'm Forest,Bournemouth,D,0.4227374720747366,0.2493085298368028,0.3279539980884604,H,0.35,0.4,0.2499999999999999,1.0900000000000003,3.19,3.72,2.05,3.54,3.7,1.96,0.2929437660137598,0.25120715418921874,0.4558490797970214,0.2657539467319447,0.2542618841705633,0.4799841690974919
