date,league,home_team,away_team,expected_home_goals,expected_away_goals,prob_home,prob_draw,prob_away,result,prediction
2025-08-15,Premier League,Liverpool,Bournemouth,1.6694350874598523,1.21707464182582,0.4796374475115638,0.24144944407336952,0.2789131084150666,H,H
2025-08-15,Ligue 1,Rennes,Marseille,1.4609110185779606,1.2365615999792938,0.4233847879846212,0.25644097802019794,0.3201742339951809,H,H
2025-08-15,La Liga,Girona,Vallecano,1.479585674654897,1.202902498021306,0.4355898753884396,0.256278618459338,0.3081315061522224,A,H
2025-08-15,La Liga,Villarreal,Oviedo,1.475549901608222,1.1982589717833427,0.4355878120819227,0.2567424062447698,0.30766978167330744,H,H
2025-08-16,La Liga,Mallorca,Barcelona,1.372347210208826,1.33967907548339,0.3787708839438987,0.25748221224330164,0.3637469038127997,A,H
2025-08-16,La Liga,Alaves,Levante,1.4429085440290932,1.2137711655437653,0.4237461405047746,0.25861834362974895,0.3176355158654764,H,H
2025-08-16,Ligue 1,Lens,Lyon,1.466725636168098,1.2751166514329313,0.4165093496235266,0.2545484110667383,0.3289422393097351,A,H
2025-08-16,Premier League,Sunderland,West Ham,1.5296879805898171,1.289185965671449,0.42934564923014396,0.24978880389713357,0.32086554687272245,H,H
2025-08-16,Premier League,Tottenham,Burnley,1.6014223337373639,1.212960482386777,0.4639717736196807,0.24673777106474234,0.2892904553155769,H,H
2025-08-16,Premier League,Aston Villa,Newcastle,1.521276726237697,1.2810375008495096,0.4290055284082542,0.25063403235703735,0.3203604392347085,D,H
2025-08-16,Ligue 1,Nice,Toulouse,1.477321037800756,1.1792880806558494,0.4402824942164892,0.2572413805509755,0.3024761252325353,A,H
2025-08-16,Ligue 1,Monaco,Le Havre,1.5374488014007641,1.2150220598685504,0.4475780429874143,0.25153816827831393,0.30088378873427174,H,H
2025-08-16,Premier League,Wolves,Man City,1.4226200465539551,1.394165840298366,0.38047627507350557,0.25191588690585875,0.36760783802063574,A,H
2025-08-16,La Liga,Valencia,Sociedad,1.4259916204418437,1.213834075038619,0.4193478482074263,0.25985703156917017,0.3207951202234035,D,H
2025-08-16,Premier League,Brighton,Fulham,1.5167534521171813,1.261313307530878,0.43215923571249215,0.25160988352177455,0.3162308807657333,D,H
2025-08-17,Premier League,Chelsea,Crystal Palace,1.5734369426590358,1.2239295640153751,0.4545865166120226,0.24859608053985716,0.2968174028481202,D,H
2025-08-17,La Liga,Ath Bilbao,Sevilla,1.4231937269116042,1.199800459158738,0.42170553493244567,0.26063009991287756,0.31766436515467683,H,H
2025-08-17,Ligue 1,Angers,Paris FC,1.4358137035152418,1.236309948532891,0.4169827560520363,0.2582368122799987,0.32478043166796505,H,H
2025-08-17,La Liga,Espanol,Ath Madrid,1.3552841149027388,1.2672003838677823,0.38940266495811415,0.26229481735525073,0.3483025176866351,H,H
2025-08-17,Ligue 1,Brest,Lille,1.4295697674487222,1.2375480879340917,0.4151003782452051,0.25862762019490326,0.32627200155989156,D,H
2025-08-17,Ligue 1,Metz,Strasbourg,1.4457572885800423,1.2527288347539132,0.415980504649315,0.256874235736281,0.327145259614404,A,H
2025-08-17,Premier League,Nott'm Forest,Brentford,1.5188727448571377,1.2889242342217586,0.4266976563589894,0.2505264808255212,0.3227758628154893,H,H
2025-08-17,La Liga,Celta,Getafe,1.4252145312734,1.2001083082234503,0.4221640497759876,0.2604667884898269,0.31736916173418556,A,H
2025-08-17,Ligue 1,Nantes,Paris SG,1.3704760839866343,1.3574571927063959,0.3746636819849809,0.2566447757305897,0.3686915422844294,A,H
2025-08-17,Premier League,Man United,Arsenal,1.5153074533044188,1.2992413040779331,0.42358303588274926,0.2504025379981014,0.3260144261191494,A,H
2025-08-17,Ligue 1,Auxerre,Lorient,1.4929896765753845,1.2248331213948547,0.43415449180626137,0.25453780903226225,0.31130769916147644,H,H
2025-08-18,La Liga,Elche,Betis,1.4336896537367352,1.2163321263938462,0.4207973856145336,0.25919373510200344,0.320008879283463,D,H
2025-08-18,Premier League,Leeds,Everton,1.5209308258187413,1.2788169105473473,0.42940017186094037,0.25073290219363165,0.319866925945428,H,H
2025-08-19,La Liga,Real Madrid,Osasuna,1.589279507944093,1.1490525196237018,0.4754944174504432,0.24901249636535744,0.2754930861841994,H,H
2025-08-22,Premier League,West Ham,Chelsea,1.493400548085734,1.3309154255356734,0.4113485900120435,0.2506236253202991,0.33802778466765737,A,H
2025-08-22,Ligue 1,Paris SG,Angers,1.634154922132369,1.1484302225604284,0.4867239521321909,0.24530420145021048,0.2679718464175986,H,H
2025-08-22,Bundesliga,Bayern Munich,RB Leipzig,1.7299994089469706,1.3379406331902874,0.4672869503838786,0.23508306367146645,0.297629985944655,H,H
2025-08-22,La Liga,Betis,Alaves,1.4483987912269773,1.185751550223902,0.4313699639572712,0.2592579044869813,0.3093721315557475,H,H
2025-08-23,Premier League,Man City,Tottenham,1.6331550394870278,1.2667566879270071,0.45975027230712895,0.24320319488559694,0.29704653280727406,A,H
2025-08-23,Serie A,Milan,Cremonese,1.5559686477035763,1.2258776233173607,0.4498005974726486,0.2498493874297236,0.30035001509762776,A,H
2025-08-23,Premier League,Burnley,Sunderland,1.4938356450622157,1.273968600815809,0.4236315492433014,0.25275329298593346,0.32361515777076505,H,H
2025-08-23,Serie A,Roma,Bologna,1.5712430802051047,1.2172843094825048,0.455525897687987,0.2489291575367158,0.2955449447752972,H,H
2025-08-23,Ligue 1,Lyon,Metz,1.5664319655469354,1.1925356270408172,0.4598879728739241,0.2499091922864881,0.2902028348395878,H,H
2025-08-23,Serie A,Sassuolo,Napoli,1.456273470724245,1.3608727268507994,0.3957626543045522,0.2516027787021251,0.3526345669933227,A,H
2025-08-23,Bundesliga,Leverkusen,Hoffenheim,1.6714189345432806,1.3460168602256688,0.4516685103537173,0.23878690930098384,0.30954458034529897,A,H
2025-08-23,Premier League,Bournemouth,Wolves,1.5010129279179734,1.2864766185645053,0.42274123042085376,0.2518130661095981,0.3254457034695482,H,H
2025-08-23,Ligue 1,Nice,Auxerre,1.4718760285043642,1.196128425777927,0.43511847108973345,0.25709479056137524,0.3077867383488913,H,H
2025-08-23,Bundesliga,Heidenheim,Wolfsburg,1.5983363389704164,1.338108237997157,0.4357462543314049,0.2437273430684863,0.32052640260010873,A,H
2025-08-23,Bundesliga,Union Berlin,Stuttgart,1.6096786368175937,1.335003646207364,0.43917159653396504,0.2430843204480529,0.31774408301798207,H,H
2025-08-23,Serie A,Genoa,Lecce,1.482451474205386,1.2588520556408267,0.424024729544166,0.25409044158821736,0.32188482886761666,D,H
2025-08-23,La Liga,Mallorca,Celta,1.447566035015008,1.2151155091468988,0.42465372121524936,0.25822418364658456,0.317122095138166,D,H
2025-08-23,Ligue 1,Marseille,Paris FC,1.5018757578016828,1.208639994758615,0.4400037839758993,0.2544087900096032,0.30558742601449757,H,H
2025-08-23,Bundesliga,Ein Frankfurt,Werder Bremen,1.6328041470963204,1.3366936027123018,0.4444086944275384,0.24153430703830217,0.3140569985341595,H,H
2025-08-23,Bundesliga,Freiburg,Augsburg,1.619289227040903,1.3268259272922511,0.4432650286370753,0.2426817739378973,0.3140531974250273,A,H
2025-08-23,Premier League,Arsenal,Leeds,1.6160020007208749,1.2434090091331942,0.4607439068657643,0.2449695304085153,0.29428656272572035,H,H
2025-08-23,Bundesliga,St Pauli,Dortmund,1.5782087837594982,1.4349796816379203,0.4105325613357941,0.2417398572511175,0.3477275814130885,D,H
2025-08-23,La Liga,Levante,Barcelona,1.3875738730760783,1.363568242919448,0.3777978787489588,0.2553749796686767,0.3668271415823645,A,H
2025-08-23,La Liga,Ath Madrid,Elche,1.5057874340732247,1.1385665585224907,0.45682047457635894,0.25617076141158074,0.2870087640120604,D,H
2025-08-23,Premier League,Brentford,Aston Villa,1.5381839493729819,1.2738064852035842,0.43480477478138246,0.24971046285967988,0.31548476235893763,H,H
2025-08-24,La Liga,Osasuna,Valencia,1.4177826448135615,1.225817154168207,0.4145960738751506,0.2599557672926246,0.32544815883222483,H,H
2025-08-24,Ligue 1,Lille,Monaco,1.4597461847664819,1.2556796077202879,0.4189263165076008,0.255787290018254,0.3252863934741452,H,H
2025-08-24,La Liga,Sociedad,Espanol,1.4741764924690386,1.1776089076455758,0.4398501670717666,0.25754245611398763,0.30260737681424577,D,H
2025-08-24,Serie A,Atalanta,Pisa,1.5757913941154544,1.2421068374446835,0.4511274004775368,0.2479527263505291,0.3009198731719341,D,H
2025-08-24,Ligue 1,Le Havre,Lens,1.4503546228931508,1.2415132305588654,0.41959559436561,0.2569997711308001,0.32340463450359,A,H
2025-08-24,Ligue 1,Toulouse,Brest,1.445509178612947,1.2373940229692737,0.4192463290669327,0.257505566334345,0.3232481045987223,H,H
2025-08-24,La Liga,Villarreal,Girona,1.4795916491530474,1.2082654462245672,0.4344006218469678,0.25609515786807957,0.3095042202849526,H,H
2025-08-24,Ligue 1,Strasbourg,Nantes,1.4616130174057065,1.2076326461669993,0.42992553119957083,0.2574620378989836,0.31261243090144564,H,H
2025-08-24,Ligue 1,Lorient,Rennes,1.432357845468153,1.2723438238882818,0.4083168742230388,0.2569688495541891,0.33471427622277206,H,H
2025-08-24,Premier League,Crystal Palace,Nott'm Forest,1.5075978731264603,1.2726867099289225,0.42738041308154817,0.2518570385040939,0.32076254841435786,D,H
2025-08-24,Serie A,Juventus,Parma,1.594721737842653,1.1941394505704346,0.4665606048805823,0.24766336632667615,0.2857760287927415,H,H
2025-08-24,La Liga,Oviedo,Real Madrid,1.395192301121395,1.3165222589975671,0.3894329601208967,0.2573083376723103,0.353258702206793,A,H
2025-08-24,Bundesliga,Mainz,FC Koln,1.6007931788226886,1.3294326075907799,0.43820672204842703,0.2438209209197746,0.3179723570317984,A,H
2025-08-24,Serie A,Como,Lazio,1.4891800144230072,1.3090861827757605,0.41491900800941395,0.25174318989464217,0.33333780209594377,H,H
2025-08-24,Bundesliga,M'gladbach,Hamburg,1.632968207495393,1.3315266264714223,0.4455617896040752,0.24165817923945418,0.3127800311564705,D,H
2025-08-24,Premier League,Everton,Brighton,1.5033704731520563,1.257663574246634,0.4295823260383587,0.2526717882456216,0.3177458857160197,H,H
2025-08-24,Premier League,Fulham,Man United,1.4677411224889643,1.3137433046747724,0.4085217554196941,0.2529273303573401,0.33855091422296585,D,H
2025-08-24,Serie A,Cagliari,Fiorentina,1.4655034126150484,1.2985337383715512,0.4111851371397468,0.2536929444434125,0.3351219184168407,D,H
2025-08-25,Serie A,Inter,Torino,1.5803548554739149,1.205246326208187,0.4604919503658072,0.2485279038074775,0.2909801458267152,H,H
2025-08-25,Serie A,Udinese,Verona,1.4947784065479661,1.2458004863662817,0.4299999234054096,0.25368989353173427,0.31631018306285613,D,H
2025-08-25,La Liga,Ath Bilbao,Vallecano,1.4583105795473377,1.1739533614941429,0.436574380325416,0.25890825821840435,0.30451736145617964,H,H
2025-08-25,Premier League,Newcastle,Liverpool,1.461411698068846,1.3661521996513462,0.39596160357550797,0.25107052736895125,0.35296786905554084,A,H
2025-08-25,La Liga,Sevilla,Getafe,1.4427618661121,1.168282485824872,0.43381026806750794,0.26032995033310974,0.30585978159938226,A,H
2025-08-27,La Liga,Celta,Betis,1.4485696032019397,1.2254371111616678,0.42264662814386766,0.2577543003751056,0.3195990714810267,D,H
2025-08-29,Ligue 1,Lens,Brest,1.4866261859543972,1.216902823864414,0.4342853943602284,0.2552759773186795,0.31043862832109215,H,H
2025-08-29,Serie A,Lecce,Milan,1.4535250152155645,1.3068242685488238,0.4063837350608234,0.25411913492215354,0.3394971300170231,A,H
2025-08-29,Bundesliga,Hamburg,St Pauli,1.582387844282749,1.3478118164238821,0.42978292308326455,0.24444706354789567,0.32577001336883976,A,H
2025-08-29,Serie A,Cremonese,Sassuolo,1.5303238157669916,1.2736690028608193,0.4328705279167336,0.25025851907813507,0.3168709530051314,H,H
2025-08-29,La Liga,Elche,Levante,1.4613520503497093,1.2168757652909352,0.42781767573556073,0.2571440400064172,0.315038284258022,H,H
2025-08-29,La Liga,Valencia,Getafe,1.4265698368146384,1.1764239730745178,0.4277681841109156,0.26129134574411816,0.3109404701449663,H,H
2025-08-30,Serie A,Bologna,Como,1.4885202997922948,1.2655227495161148,0.42411616953046255,0.25342571441054174,0.32245811605899566,H,H
2025-08-30,Ligue 1,Lorient,Lille,1.4202928908908525,1.2602019061946526,0.40781179807637835,0.25830608444727005,0.33388211747635166,A,H
2025-08-30,Premier League,Leeds,Newcastle,1.5249941921624264,1.289785804090822,0.4280432858400198,0.2500849563227892,0.3218717578371909,D,H
2025-08-30,Ligue 1,Toulouse,Paris SG,1.3766952015321465,1.372562450124356,0.37319632076416887,0.2554966700905311,0.37130700914530007,A,H
2025-08-30,Bundesliga,RB Leipzig,Heidenheim,1.669086647375197,1.3091771497784044,0.45910243486979063,0.2397644088214187,0.3011331563087906,H,H
2025-08-30,Premier League,Man United,Burnley,1.5629442432560932,1.2101550026485468,0.45505392493964525,0.2497396861939538,0.2952063888664009,H,H
2025-08-30,Premier League,Wolves,Everton,1.4964545194026642,1.2538332211108696,0.4286689907172196,0.2532909210177995,0.31804008826498104,A,H
2025-08-30,La Liga,Girona,Sevilla,1.4439565070224945,1.229386972930744,0.4205932487843048,0.25793283690973007,0.32147391430596506,A,H
2025-08-30,La Liga,Oviedo,Sociedad,1.4296448264994936,1.2213959729424344,0.4186399644978619,0.2592843932218965,0.3220756422802417,H,H
2025-08-30,Bundesliga,Werder Bremen,Leverkusen,1.5713572004688852,1.4121004810701638,0.41359319999098376,0.2429447081251807,0.34346209188383553,D,H
2025-08-30,Bundesliga,Hoffenheim,Ein Frankfurt,1.6319177012828896,1.3560103607173124,0.4400516860878177,0.24107421011266844,0.3188741037995138,A,H
2025-08-30,Serie A,Napoli,Cagliari,1.627700924597334,1.194405999188641,0.4746213496773518,0.24507383218138293,0.28030481814126523,H,H
2025-08-30,Serie A,Parma,Atalanta,1.4736396937296532,1.3360919313864656,0.40529741199667574,0.251634725560997,0.34306786244232723,D,H
2025-08-30,La Liga,Real Madrid,Mallorca,1.5769028878122506,1.1500375788380206,0.47218119711570095,0.2500150862863793,0.27780371659791986,H,H
2025-08-30,La Liga,Alaves,Ath Madrid,1.342108965144312,1.2580816876118743,0.38786271664157035,0.263629896619297,0.3485073867391327,D,H
2025-08-30,Bundesliga,Augsburg,Bayern Munich,1.5100809518100338,1.5124575023061575,0.3784890359743706,0.24198044695302398,0.37953051707260543,A,A
2025-08-30,Ligue 1,Nantes,Auxerre,1.440182346552706,1.2200959932754156,0.42165243893672255,0.2585713104007297,0.3197762506625478,H,H
2025-08-30,Serie A,Pisa,Roma,1.4756893163008515,1.3167244095563433,0.4098977328594671,0.25230235500675663,0.33779991213377636,A,H
2025-08-30,Bundesliga,Stuttgart,M'gladbach,1.6067104003204886,1.3784506777457304,0.4291997133793064,0.2419873435203556,0.32881294310033804,H,H
2025-08-30,Premier League,Tottenham,Bournemouth,1.6326646242852954,1.233691597739208,0.4669835079347149,0.24393938347547595,0.28907710858980906,A,H
2025-08-30,Premier League,Chelsea,Fulham,1.5852930827159912,1.2334905075766682,0.4553944947833441,0.24747268542591158,0.29713281979074424,H,H
2025-08-30,Premier League,Sunderland,Brentford,1.5142961379121596,1.2874440512889682,0.42587019993370867,0.2508859502322677,0.32324384983402366,H,H
2025-08-31,Ligue 1,Le Havre,Nice,1.4298950364474108,1.2281681736289747,0.4172258340757017,0.2589905637576024,0.3237836021666959,H,H
2025-08-31,Premier League,Aston Villa,Crystal Palace,1.5212282408547952,1.262337832608233,0.43306032865338195,0.2512624908224,0.31567718052421806,A,H
2025-08-31,Bundesliga,Wolfsburg,Mainz,1.604958641591959,1.3204369859105785,0.4411598032213884,0.24380229562346223,0.31503790115514935,D,H
2025-08-31,La Liga,Vallecano,Barcelona,1.376489476574933,1.3503373514355719,0.3776563081569813,0.2566860088416299,0.3656576830013889,D,H
2025-08-31,Premier League,Brighton,Man City,1.4273657989705435,1.40021678474299,0.3804464945633996,0.25136435432954085,0.3681891511070595,H,H
2025-08-31,Bundesliga,Dortmund,Union Berlin,1.7071187077441072,1.3122744390054193,0.4674870758038986,0.2370952375718272,0.29541768662427426,H,H
2025-08-31,Serie A,Lazio,Verona,1.578664635755468,1.220451249579489,0.4566618377864432,0.24829029442328013,0.2950478677902767,H,H
2025-08-31,La Liga,Betis,Ath Bilbao,1.4121648573704877,1.2101508769421774,0.4165548211282587,0.26102143268921785,0.3224237461825234,A,H
2025-08-31,Ligue 1,Monaco,Strasbourg,1.5450104359181123,1.2175763874435832,0.44890735100637175,0.25089765522503626,0.300194993768592,H,H
2025-08-31,Ligue 1,Lyon,Marseille,1.5091511613824915,1.2444306120331252,0.43393823063620623,0.25270980308523344,0.3133519662785603,H,H
2025-08-31,Serie A,Torino,Fiorentina,1.4856485502228471,1.2672058268543027,0.4230235878093616,0.2535616733428545,0.3234147388477839,D,H
2025-08-31,Ligue 1,Angers,Rennes,1.411319182230146,1.2517245368644527,0.4073113447407641,0.25928999199249503,0.3333986632667408,D,H
2025-08-31,Premier League,Liverpool,Arsenal,1.587580330181296,1.284712877079387,0.4446627472347488,0.24596805332100208,0.3093691994442491,H,H
2025-08-31,Serie A,Inter,Udinese,1.5976613683008802,1.1873113059012388,0.4688351987745452,0.2475760978772769,0.2835887033481778,A,H
2025-08-31,La Liga,Espanol,Osasuna,1.4427816393728174,1.2081170367273073,0.42495838817924414,0.258845417342474,0.3161961944782819,H,H
2025-08-31,La Liga,Celta,Villarreal,1.4255160528169455,1.2530486046339666,0.4106992246021407,0.258258148420867,0.3310426269769922,D,H
2025-08-31,Serie A,Genoa,Juventus,1.3965165150855199,1.32767112715369,0.387457486126938,0.25667956657306235,0.3558629472999996,A,H
2025-08-31,Bundesliga,FC Koln,Freiburg,1.5857948885505315,1.3495621665506863,0.43024228122312974,0.24417756039883973,0.32558015837803056,H,H
2025-08-31,Ligue 1,Paris FC,Metz,1.4976873371164527,1.2055612552457209,0.43962290967826023,0.25482332864218277,0.305553761679557,H,H
2025-08-31,Premier League,Nott'm Forest,West Ham,1.534311105789931,1.2906681512947151,0.430178678616392,0.2494274578929933,0.3203938634906146,A,H
2025-09-12,Bundesliga,Leverkusen,Ein Frankfurt,1.6582059368195181,1.3246886166102678,0.453117336622939,0.2401541815091464,0.3067284818679146,H,H
2025-09-12,La Liga,Sevilla,Elche,1.4728774246028382,1.1830111786060447,0.438304733659638,0.25746367081161253,0.3042315955287495,D,H
2025-09-12,Ligue 1,Marseille,Lorient,1.53337024632749,1.198576836411931,0.4502292347030666,0.252312712826187,0.2974580524707464,H,H
2025-09-13,Premier League,Brentford,Chelsea,1.4913827042968741,1.3175236481882342,0.4136784483705633,0.25127474244557435,0.3350468091838625,D,H
2025-09-13,Premier League,Newcastle,Wolves,1.5097130059643022,1.25683089516989,0.4313648093991962,0.25225464013737486,0.3163805504634289,H,H
2025-09-13,Bundesliga,Bayern Munich,Hamburg,1.7809754433460876,1.270102575137836,0.494137799060337,0.23242768105633543,0.2734345198833276,H,H
2025-09-13,Premier League,Everton,Aston Villa,1.5163449987417121,1.2708786729384491,0.42997297438163107,0.2513168374829732,0.3187101881353958,D,H
2025-09-13,Serie A,Juventus,Inter,1.5090767376695722,1.2629250126455014,0.4298750573304522,0.25209197250824744,0.31803297016130033,H,H
2025-09-13,Premier League,Crystal Palace,Sunderland,1.5058665683825003,1.2688519009528816,0.4277767331477246,0.25210999035670534,0.32011327649557,D,H
2025-09-13,La Liga,Sociedad,Real Madrid,1.402104400108649,1.2971815375382174,0.3952604014709373,0.2578131646485516,0.34692643388051125,A,H
2025-09-13,Premier League,West Ham,Tottenham,1.4919360452209718,1.3491467991755302,0.40714656736804095,0.24998645711853554,0.3428669755134234,A,H
2025-09-13,Premier League,Bournemouth,Brighton,1.507527609008962,1.2907682068464403,0.4234548584858858,0.25122205981489215,0.32532308169922214,H,H
2025-09-13,La Liga,Ath Madrid,Villarreal,1.4753110268517373,1.173991402054293,0.440954878311737,0.25757254397205276,0.30147257771621033,H,H
2025-09-13,Serie A,Fiorentina,Napoli,1.463438682274516,1.3228011233638601,0.4055208217180504,0.2528207675818129,0.3416584107001367,A,H
2025-09-13,Premier League,Arsenal,Nott'm Forest,1.605649176181607,1.2388723857766346,0.4592145627152001,0.24583665435977384,0.29494878292502597,H,H
2025-09-13,Serie A,Cagliari,Parma,1.4999112359293356,1.282604536170947,0.42329868285402683,0.25202760403377744,0.32467371311219567,H,H
2025-09-13,Bundesliga,Wolfsburg,FC Koln,1.6132769648577903,1.3159496453533872,0.4441550521768157,0.24337260698561175,0.3124723408375726,D,H
2025-09-13,Bundesliga,Union Berlin,Hoffenheim,1.604609403958073,1.363413379945892,0.43187444574408845,0.2425754013856848,0.3255501528702267,A,H
2025-09-13,Bundesliga,Freiburg,Stuttgart,1.60958041558257,1.3466051344400791,0.4366613896395061,0.24275927126131847,0.3205793390991753,H,H
2025-09-13,Ligue 1,Auxerre,Monaco,1.4486004626098137,1.2927759132245618,0.4081128770676445,0.25502942140444007,0.33685770152791533,A,H
2025-09-13,La Liga,Ath Bilbao,Alaves,1.4473991743650174,1.158228763080738,0.4372771166071963,0.26031915497335184,0.3024037284194519,A,H
2025-09-13,Bundesliga,Mainz,RB Leipzig,1.5414829568333606,1.404625926008429,0.40785581103800667,0.24491222281094663,0.3472319661510468,A,H
2025-09-13,Ligue 1,Nice,Nantes,1.4610628962765386,1.1739607350055867,0.4372848428490354,0.2586922924771024,0.3040228646738622,H,H
2025-09-13,Bundesliga,Heidenheim,Dortmund,1.5781402254229406,1.4368573360376753,0.4101303182684217,0.24167557638875933,0.3481941053428189,A,H
2025-09-13,La Liga,Getafe,Oviedo,1.4132091042355088,1.1980055190817576,0.4194952745761339,0.26144899107993513,0.31905573434393103,H,H
2025-09-13,Premier League,Fulham,Leeds,1.5291712907109316,1.2869722063146922,0.4296954819269896,0.24989787145353523,0.32040664661947527,H,H
2025-09-14,Serie A,Roma,Torino,1.5637710165635164,1.2284261457948762,0.45117949752423975,0.2492004180030895,0.29962008447267074,A,H
2025-09-14,Ligue 1,Lille,Toulouse,1.4841373766402348,1.17704755189042,0.4425371006969504,0.25678050877978414,0.3006823905232654,H,H
2025-09-14,Serie A,Atalanta,Lecce,1.587575386647582,1.2275318281816192,0.45728754309265857,0.2474486002589547,0.29526385664838667,H,H
2025-09-14,Serie A,Pisa,Udinese,1.5201108498961777,1.2395246678767144,0.43778234008073036,0.25207972622365654,0.31013793369561304,A,H
2025-09-14,Ligue 1,Brest,Paris FC,1.4667355645782165,1.234084892546878,0.4254188358875386,0.2561166106925908,0.3184645534198706,A,H
2025-09-14,Bundesliga,St Pauli,Augsburg,1.6313431077779537,1.3200292881090754,0.4476542309256072,0.24206072986277882,0.31028503921161404,H,H
2025-09-14,La Liga,Osasuna,Vallecano,1.4427120580013768,1.2130232701672015,0.4238598517791351,0.25866170534029137,0.31747844288057353,H,H
2025-09-14,Ligue 1,Metz,Angers,1.4456128101246049,1.2257965318366486,0.4218056859637355,0.25795421428931226,0.32024009974695233,D,H
2025-09-14,Ligue 1,Strasbourg,Le Havre,1.4667859157535303,1.232083183938675,0.42587020756492405,0.25618719888781294,0.317942593547263,H,H
2025-09-14,Bundesliga,M'gladbach,Werder Bremen,1.654597908567178,1.3440527724928386,0.4480678237612555,0.23992852357195416,0.3120036526667904,A,H
2025-09-14,Premier League,Man City,Man United,1.629377683638094,1.236319758561812,0.4655941969842285,0.24413112559134093,0.2902746774244306,H,H
2025-09-14,Serie A,Milan,Bologna,1.547854198994652,1.2132374072648535,0.4505889841017142,0.25080314243174573,0.29860787346654,H,H
2025-09-14,Ligue 1,Rennes,Lyon,1.4716988268988116,1.265399298711012,0.4198713994264031,0.254587284312385,0.3255413162612119,H,H
2025-09-14,Serie A,Sassuolo,Lazio,1.4909498302620017,1.3319732066580436,0.41051111963454345,0.2507343568071843,0.33875452355827207,H,H
2025-09-14,La Liga,Levante,Betis,1.4463680479337397,1.2343520853365468,0.42013059113113127,0.2575646395248213,0.3223047693440474,D,H
2025-09-14,La Liga,Celta,Girona,1.4498383911663155,1.2424567692974087,0.41925765151214966,0.2569990557187325,0.32374329276911784,D,H
2025-09-14,La Liga,Barcelona,Valencia,1.584227970836862,1.1651559465000596,0.4705452074070574,0.24910701516734018,0.28034777742560246,H,H
2025-09-14,Premier League,Burnley,Liverpool,1.4285737338132376,1.371617550240941,0.3865679683625133,0.2526876417653411,0.3607443898721457,A,H
2025-09-14,Ligue 1,Paris SG,Lens,1.6114817828621986,1.1859689572392986,0.4725526664261595,0.24651045814469624,0.28093687542914425,H,H
2025-09-15,Serie A,Como,Genoa,1.520709594921357,1.2325355420707385,0.439475249954004,0.252256433334136,0.30826831671186006,D,H
2025-09-15,La Liga,Espanol,Mallorca,1.4315458811600825,1.2091527307436203,0.42181824637662746,0.2596366101114531,0.31854514351191954,H,H
2025-09-15,Serie A,Verona,Cremonese,1.485952030466154,1.2725853659305155,0.4219363554636984,0.2533417448466187,0.32472189968968285,D,H
2025-09-19,Serie A,Lecce,Cagliari,1.5227374390909338,1.2504685416581256,0.436037392776483,0.25154166821206764,0.3124209390114493,A,H
2025-09-19,Ligue 1,Lyon,Angers,1.5437008561261178,1.1896926337278007,0.4548298277918434,0.25175375877151296,0.2934164134366437,H,H
2025-09-19,La Liga,Betis,Sociedad,1.4218361934439556,1.223669755224711,0.4161172616851174,0.25975465281229526,0.32412808550258726,H,H
2025-09-19,Bundesliga,Stuttgart,St Pauli,1.5993933490103829,1.3582764259191493,0.4316997909090625,0.24305610810874417,0.3252441009821933,H,H
2025-09-20,Ligue 1,Lens,Lille,1.4451746498916362,1.2225780258496943,0.42239771504859086,0.2581112990506542,0.31949098590075503,H,H
2025-09-20,Serie A,Udinese,Milan,1.4399155054445156,1.3045013959647829,0.40341110356858456,0.255084602110397,0.3415042943210184,A,H
2025-09-20,Premier League,Wolves,Leeds,1.5193680546773047,1.26822097317617,0.43131049350630446,0.2511970152464155,0.3174924912472801,A,H
2025-09-20,Bundesliga,Hoffenheim,Bayern Munich,1.5652065110393971,1.4986547203257232,0.3945013845594775,0.23997958194482336,0.3655190334956992,A,H
2025-09-20,La Liga,Girona,Levante,1.4940829685952923,1.2125890582654595,0.43714261156057016,0.25486538282282145,0.3079920056166084,A,H
2025-09-20,Premier League,Brighton,Tottenham,1.466588689082575,1.3322309427370544,0.40433230973105067,0.25222882063266483,0.34343886963628456,D,H
2025-09-20,Premier League,Burnley,Nott'm Forest,1.4955531177741377,1.277818873823978,0.42323291546051683,0.25249627293299887,0.3242708116064843,D,H
2025-09-20,Serie A,Bologna,Genoa,1.4975756810483765,1.2319768334166759,0.43374500512098224,0.25396175171021124,0.3122932431688066,H,H
2025-09-20,Premier League,Fulham,Brentford,1.5095796441432654,1.290696883738734,0.4239854230588637,0.2510874641999368,0.3249271127411994,H,H
2025-09-20,Bundesliga,Hamburg,Heidenheim,1.5844583805669596,1.3477532666698335,0.4303011568394288,0.24431834913298078,0.32538049402759045,H,H
2025-09-20,Bundesliga,RB Leipzig,FC Koln,1.6855869852097085,1.2868114492524607,0.46795801921633734,0.23906348527578922,0.29297849550787336,H,H
2025-09-20,Serie A,Verona,Juventus,1.4035637090828579,1.3330079298824038,0.38815807436304084,0.2559982251802722,0.3558437004566869,D,H
2025-09-20,Bundesliga,Werder Bremen,Freiburg,1.605498062884191,1.3555736404387244,0.4337569753591137,0.24275492324691816,0.3234881013939682,A,H
2025-09-20,Premier League,West Ham,Crystal Palace,1.5314282197323066,1.267427956075462,0.434506842718138,0.2503839651248826,0.31510919215697947,A,H
2025-09-20,Bundesliga,Augsburg,Mainz,1.5853460181010792,1.3476463926417215,0.43054066130767965,0.2442656818140659,0.3251936568782544,A,H
2025-09-20,Ligue 1,Brest,Nice,1.4322909762741542,1.2318642831662312,0.417040271865141,0.258668328296526,0.32429139983833305,H,H
2025-09-20,Ligue 1,Nantes,Rennes,1.410739058413095,1.2413295216991913,0.40940131727646106,0.25978719144727314,0.3308114912762658,D,H
2025-09-20,La Liga,Real Madrid,Espanol,1.5889901465377763,1.1492301103218556,0.47538154991045745,0.24903303621496578,0.2755854138745767,H,H
2025-09-20,Premier League,Liverpool,Everton,1.6266186972463001,1.2137184547790099,0.4699905665539487,0.24479377786559217,0.2852156555804591,H,H
2025-09-20,Premier League,Man United,Chelsea,1.5180125304109584,1.2810080248498834,0.4281937179890935,0.2508573070789828,0.3209489749319238,H,H
2025-09-20,La Liga,Villarreal,Osasuna,1.492040380429838,1.1781535590638788,0.4443145281871801,0.2561256958734706,0.29955977593934935,H,H
2025-09-20,La Liga,Valencia,Ath Bilbao,1.4162920191355657,1.2004238595408718,0.4197681011798943,0.26111971612731866,0.31911218269278696,H,H
2025-09-20,La Liga,Alaves,Sevilla,1.3944989836461532,1.2305854558616676,0.4074926923957834,0.2614021387157226,0.331105168888494,A,H
2025-09-21,Bundesliga,Dortmund,Wolfsburg,1.7059220997300995,1.313919640717504,0.46684356268765614,0.23714733322453393,0.29600910408780984,H,H
2025-09-21,Ligue 1,Monaco,Metz,1.5676041583975053,1.1942468967469932,0.4597945267146443,0.24977653746734851,0.29042893581800727,H,H
2025-09-21,Ligue 1,Paris FC,Strasbourg,1.4761013188130172,1.2291117707756622,0.4289054826409569,0.25562168488430614,0.315472832474737,A,H
2025-09-21,Serie A,Cremonese,Parma,1.5224362142308283,1.264234697543126,0.43294965897506454,0.25111555922487466,0.31593478180006074,D,H
2025-09-21,La Liga,Elche,Oviedo,1.4310256194913589,1.2230121443118498,0.4186444057122334,0.2591190304352688,0.32223656385249794,H,H
2025-09-21,La Liga,Mallorca,Ath Madrid,1.3562363604481813,1.2575609415274576,0.39169026116878086,0.2627248097420782,0.3455849290891409,D,H
2025-09-21,La Liga,Vallecano,Celta,1.4519353404320012,1.2247827769629547,0.42365698070827196,0.25753558007307276,0.3188074392186553,D,H
2025-09-21,Premier League,Arsenal,Man City,1.5131006831554623,1.366889842320825,0.4087030817533425,0.24801396048362043,0.3432829577630372,D,H
2025-09-21,Premier League,Bournemouth,Newcastle,1.5118624810689951,1.3037727537647363,0.42174820532008256,0.25046713939035736,0.32778465528956013,D,H
2025-09-21,Premier League,Sunderland,Aston Villa,1.5235445933856653,1.2805994257020268,0.4296685124763023,0.2504942252636629,0.31983726226003495,D,H
2025-09-21,Bundesliga,Ein Frankfurt,Union Berlin,1.6019031593995845,1.3334510546888025,0.43761374558596433,0.24363290663562334,0.31875334777841235,A,H
2025-09-21,Ligue 1,Auxerre,Toulouse,1.4728054183758568,1.2118208454196968,0.43187432578944535,0.2564783183922974,0.3116473558182572,H,H
2025-09-21,La Liga,Barcelona,Getafe,1.5713157072304447,1.1377479499384708,0.47361113187926457,0.25072780169128644,0.27566106642944904,H,H
2025-09-21,Bundesliga,Leverkusen,M'gladbach,1.6673351935133391,1.3423698233764956,0.4514795487185611,0.23913853813819003,0.30938191314324887,D,H
2025-09-21,Serie A,Lazio,Roma,1.5257954132720508,1.2972683330394643,0.4266294557438427,0.24977547550385373,0.32359506875230354,A,H
2025-09-21,Serie A,Inter,Sassuolo,1.6164005664298384,1.2142053076789112,0.46737694871121754,0.24556636314242838,0.2870566881463541,H,H
2025-09-21,Ligue 1,Le Havre,Lorient,1.494988149454013,1.2201379365752862,0.43570058876514295,0.2545480324197552,0.30975137881510195,D,H
2025-09-21,Serie A,Fiorentina,Como,1.5207565372497365,1.2521926823122815,0.43516108519972807,0.25162709652339066,0.31321181827688127,A,H
2025-09-21,Serie A,Torino,Atalanta,1.4736823240845105,1.313064903959738,0.4101667118170337,0.25257786816900796,0.33725542001395836,A,H
2025-09-22,Serie A,Napoli,Pisa,1.5967453586949039,1.2183770374134786,0.4616016913914847,0.2469728447045049,0.2914254639040105,H,H
2025-09-22,Ligue 1,Marseille,Paris SG,1.434121439005666,1.338188895763848,0.3948720535064273,0.25393379074736977,0.35119415574620283,H,H
2025-09-23,La Liga,Ath Bilbao,Girona,1.4459895337777293,1.199306689129447,0.4277352808118707,0.25893985890987264,0.3133248602782567,D,H
2025-09-23,La Liga,Levante,Real Madrid,1.3881920200476856,1.3444221237639016,0.38186809930617016,0.2563256647703617,0.36180623592346817,A,H
2025-09-23,La Liga,Espanol,Valencia,1.4180017688356776,1.2255939686468156,0.41470163438064467,0.2599494723378356,0.3253488932815198,D,H
2025-09-23,La Liga,Sevilla,Villarreal,1.443067100008677,1.219818851890315,0.42245866435233215,0.2583720323085072,0.3191693033391606,A,H
2025-09-24,La Liga,Sociedad,Mallorca,1.4629626075306164,1.1784363155848028,0.43677262242267123,0.25839001792205757,0.3048373596552712,H,H
2025-09-24,La Liga,Ath Madrid,Vallecano,1.5132683491182983,1.1394594470855828,0.4585293411447198,0.25552611622863064,0.2859445426266494,H,H
2025-09-24,La Liga,Getafe,Alaves,1.4184615490586188,1.1666338546132506,0.4278307022044266,0.2623016381912113,0.3098676596043622,D,H
2025-09-25,La Liga,Oviedo,Barcelona,1.3945710369999385,1.3352710519519166,0.38538669075097015,0.2564170580117133,0.3581962512373166,A,H
2025-09-25,La Liga,Osasuna,Elche,1.4355799413832635,1.212072736466799,0.42222252089218915,0.25922382236317754,0.31855365674463326,D,H
2025-09-26,Bundesliga,Bayern Munich,Werder Bremen,1.804565594262038,1.2820508831942163,0.4969325594165195,0.23060491243567258,0.27246252814780786,H,H
2025-09-26,La Liga,Girona,Espanol,1.4791590220822999,1.1984405619071012,0.43647323184177,0.2564620424884026,0.30706472566982745,D,H
2025-09-26,Ligue 1,Strasbourg,Marseille,1.440866290521216,1.2637154989770165,0.41235368213818036,0.2567597379319966,0.330886579929823,A,H
2025-09-27,Bundesliga,Mainz,Dortmund,1.5564690838577784,1.4435799745986861,0.4035095735793319,0.24259422584105533,0.35389620057961274,A,H
2025-09-27,Premier League,Man City,Burnley,1.6831454361467437,1.180520701509526,0.4912505674102993,0.24087917395580466,0.267870258633896,H,H
2025-09-27,Premier League,Leeds,Bournemouth,1.5609652652582473,1.2823531085292772,0.4386084973945075,0.24787307883030313,0.3135184237751894,D,H
2025-09-27,Premier League,Chelsea,Brighton,1.568975527476552,1.2296712779056054,0.4521977074274992,0.2487809009259075,0.29902139164659336,A,H
2025-09-27,Premier League,Tottenham,Wolves,1.5835948345347082,1.22438095920312,0.45700591623550796,0.2478232734433408,0.2951708103211513,D,H
2025-09-27,Premier League,Nott'm Forest,Sunderland,1.52697257187197,1.276657157378873,0.4313822270279894,0.2503911967921594,0.3182265761798513,A,H
2025-09-27,Bundesliga,Heidenheim,Augsburg,1.6312722412544782,1.3217565312417408,0.44726307516663194,0.24202147333532598,0.31071545149804203,H,H
2025-09-27,Bundesliga,St Pauli,Leverkusen,1.5791177469506894,1.3902573383546992,0.420026601702951,0.24325710512152376,0.33671629317552526,A,H
2025-09-27,Ligue 1,Paris SG,Auxerre,1.6325777194812816,1.169634848233804,0.4814624494595559,0.2451093076047066,0.2734282429357375,H,H
2025-09-27,Ligue 1,Toulouse,Nantes,1.4360894785986227,1.210809253747684,0.42263239951729875,0.25923596622111517,0.31813163426158614,D,H
2025-09-27,La Liga,Getafe,Levante,1.4431579658102043,1.1919946090769598,0.4286227187860248,0.25942789620049805,0.3119493850134772,D,H
2025-09-27,Serie A,Juventus,Atalanta,1.5455888668530426,1.2527215398731413,0.44126900076773207,0.2498398749316491,0.3088911243006188,D,H
2025-09-27,Ligue 1,Lorient,Monaco,1.443541321691914,1.315340927103503,0.40204765685896227,0.2543822208455184,0.34357012229551936,H,H
2025-09-27,Premier League,Brentford,Man United,1.486474115054932,1.3034812008317525,0.4154324876883569,0.25213516866561814,0.33243234364602503,H,H
2025-09-27,Serie A,Cagliari,Inter,1.4193580616592245,1.3564859190349032,0.38733907268237155,0.25393743212917486,0.35872349518845353,A,H
2025-09-27,Bundesliga,M'gladbach,Ein Frankfurt,1.627496015219909,1.3526972505014105,0.4396937354870401,0.24144604106318282,0.31886022344977705,A,H
2025-09-27,La Liga,Mallorca,Alaves,1.4331449178962006,1.1874553793857014,0.4270288247328152,0.26036251659434256,0.3126086586728422,H,H
2025-09-27,Serie A,Como,Cremonese,1.5187495093469636,1.2598263432319556,0.43298588848576647,0.25151918626533276,0.31549492524890077,D,H
2025-09-27,Bundesliga,Wolfsburg,RB Leipzig,1.553504212086345,1.3903803612389933,0.4137538383104727,0.24475356241536012,0.34149259927416725,A,H
2025-09-27,La Liga,Ath Madrid,Real Madrid,1.4388700348871128,1.2505026688687397,0.4146915395592099,0.2574425038989653,0.3278659565418248,H,H
2025-09-27,Premier League,Crystal Palace,Liverpool,1.4400790564407238,1.366108658320989,0.3906029552194881,0.2522969479418721,0.3571000968386398,H,H
2025-09-27,La Liga,Villarreal,Ath Bilbao,1.4439836919609728,1.1908916890140555,0.42908179702480953,0.2594062325387831,0.3115119704364074,H,H
2025-09-28,Serie A,Sassuolo,Udinese,1.5219174254834922,1.2611955334389955,0.43348288227443466,0.2512516941302557,0.31526542359530974,H,H
2025-09-28,Ligue 1,Metz,Le Havre,1.4386814216713906,1.2501007616082362,0.41472994897862,0.25747209787414177,0.3277979531472382,D,H
2025-09-28,La Liga,Barcelona,Sociedad,1.570678822554137,1.1739281602969938,0.46516542147320933,0.25000823456823473,0.2848263439585558,H,H
2025-09-28,Ligue 1,Angers,Brest,1.4395709357975057,1.234024337428617,0.41845009918401,0.25806218921149293,0.3234877116044971,A,H
2025-09-28,Serie A,Roma,Verona,1.5878757928641758,1.209395004383193,0.4614248019468056,0.2478541554008138,0.2907210426523807,H,H
2025-09-28,Premier League,Newcastle,Arsenal,1.4801763986920018,1.3367671084763717,0.40679854613227273,0.2512062557949833,0.34199519807274403,A,H
2025-09-28,Ligue 1,Lille,Lyon,1.4576544737212187,1.2547406598035635,0.4185947129443771,0.2559691169289194,0.3254361701267036,A,H
2025-09-28,Serie A,Pisa,Fiorentina,1.4949152192756718,1.2738382638484083,0.42393249060654264,0.2526843655611147,0.3233831438323427,D,H
2025-09-28,Bundesliga,Freiburg,Hoffenheim,1.6045114920433698,1.3752617552883155,0.42934117924360105,0.24221957198184219,0.32843924877455677,D,H
2025-09-28,Bundesliga,Union Berlin,Hamburg,1.5972771417862923,1.3208092575467918,0.4392057397774563,0.24429894149462195,0.31649531872792175,D,H
2025-09-28,La Liga,Vallecano,Sevilla,1.4134312854544864,1.2398623828892563,0.41041751939627563,0.2596631982971934,0.32991928230653106,A,H
2025-09-28,La Liga,Elche,Celta,1.4507975935265394,1.2187280042529671,0.4246930219083204,0.25784943835450164,0.31745753973717794,H,H
2025-09-28,Bundesliga,FC Koln,Stuttgart,1.5937903698963494,1.354721640163695,0.4310931806770693,0.24351542206705995,0.32539139725587074,A,H
2025-09-28,Serie A,Lecce,Bologna,1.4931009355614124,1.2561600944195879,0.4273121483111085,0.25344437316378854,0.31924347852510304,D,H
2025-09-28,Premier League,Aston Villa,Fulham,1.5326909786316842,1.2721988091935659,0.4337826611959785,0.2501424577387282,0.3160748810652933,H,H
2025-09-28,La Liga,Betis,Osasuna,1.4591625949454683,1.1972067450181636,0.4316050990260921,0.2580222855060187,0.31037261546788913,H,H
2025-09-28,Serie A,Milan,Napoli,1.4901905272269487,1.301447618359999,0.4168032272898395,0.2519714033037593,0.3312253694064013,H,H
2025-09-28,Ligue 1,Nice,Paris FC,1.4668080654838724,1.2019585552437013,0.4325194490042934,0.2572753412121684,0.31020520978353816,D,H
2025-09-28,Ligue 1,Rennes,Lens,1.4736228306095505,1.2208113294294052,0.43009839193813315,0.25609931681376624,0.31380229124810055,D,H
2025-09-29,Premier League,Everton,West Ham,1.5224593550282244,1.2794000343434728,0.4296567448681216,0.25060874498918023,0.3197345101426981,D,H
2025-09-29,Serie A,Genoa,Lazio,1.449705490681813,1.3170499804369393,0.40325394028206507,0.2539227268906369,0.342823332827298,A,H
2025-09-29,Serie A,Parma,Torino,1.494280388721432,1.27364796493208,0.4238132895018623,0.25273460449847895,0.32345210599965873,H,H
2025-09-30,La Liga,Valencia,Oviedo,1.4472528748894462,1.2078501117330915,0.4261736170990631,0.2585235632802467,0.31530281962069023,A,H
2025-10-03,La Liga,Osasuna,Getafe,1.4062269952584248,1.196982222288488,0.417893509356169,0.2620129471197017,0.3200935435241293,H,H
2025-10-03,Serie A,Verona,Sassuolo,1.504728538700969,1.2804391289318218,0.4249794176489982,0.2517795666833178,0.323241015667684,A,H
2025-10-03,Premier League,Bournemouth,Fulham,1.5232060976814699,1.294777197153548,0.4265193313975975,0.2500338690543306,0.3234467995480718,H,H
2025-10-03,Bundesliga,Hoffenheim,FC Koln,1.6517357544264581,1.3308096744624867,0.4502379112615678,0.24043922008417148,0.3093228686542608,A,H
2025-10-03,Ligue 1,Paris FC,Lorient,1.5002667572950725,1.220615776424701,0.4369370144628452,0.2541418002267855,0.30892118531036933,H,H
2025-10-04,Ligue 1,Metz,Marseille,1.4132584319372286,1.2821956571772601,0.4013020725385726,0.25779372695477515,0.3409042005066522,A,H
2025-10-04,Premier League,Arsenal,West Ham,1.611513057689204,1.2486948123709034,0.45846934329367517,0.24517858141384538,0.2963520752924794,H,H
2025-10-04,Serie A,Atalanta,Como,1.5757913941154544,1.2421068374446835,0.4511274004775368,0.2479527263505291,0.3009198731719341,D,H
2025-10-04,Serie A,Inter,Cremonese,1.5962305771156655,1.206757799627987,0.4640855735091117,0.24727222484593323,0.2886422016449551,H,H
2025-10-04,Serie A,Lazio,Torino,1.5546996895867202,1.2396563729946122,0.44642568820905637,0.24956084682399826,0.3040134649669455,D,H
2025-10-04,Bundesliga,Werder Bremen,St Pauli,1.5972739312793918,1.3656644399816804,0.4296170968288087,0.24296063746959656,0.32742226570159466,H,H
2025-10-04,Ligue 1,Brest,Nantes,1.4609906793412129,1.2053387375073683,0.4302729750163485,0.2575915863739476,0.3121354386097039,D,H
2025-10-04,Premier League,Chelsea,Liverpool,1.5122148923892778,1.3321861206383208,0.4157820174906587,0.24939839433030764,0.33481958817903357,H,H
2025-10-04,La Liga,Girona,Valencia,1.4540191020143782,1.215589637174113,0.426213692695484,0.2577315664675039,0.3160547408370121,H,H
2025-10-04,Ligue 1,Auxerre,Lens,1.4484158152983855,1.2462906691571396,0.4180589555728433,0.2569471935297191,0.3249938508974376,A,H
2025-10-04,La Liga,Oviedo,Levante,1.4817094433198381,1.2092766721405908,0.43471834567116685,0.2559019698797912,0.30937968444904196,A,H
2025-10-04,Bundesliga,Ein Frankfurt,Bayern Munich,1.5404051086481498,1.486807468269924,0.39089712950266853,0.2416750176017036,0.36742785289562785,A,H
2025-10-04,Bundesliga,Dortmund,RB Leipzig,1.6681490034339326,1.3728119189999517,0.44514422332043946,0.23834945777629285,0.3165063189032677,D,H
2025-10-04,Premier League,Man United,Sunderland,1.5644439963422736,1.2332719224650244,0.4502695979280421,0.24902103973509776,0.3007093623368602,H,H
2025-10-04,La Liga,Real Madrid,Villarreal,1.549580330008602,1.1884665594659436,0.45658472851143467,0.2513264987443955,0.2920887727441697,H,H
2025-10-04,Bundesliga,Leverkusen,Union Berlin,1.653914923850946,1.3130302383483656,0.4546196806892289,0.24071207209254422,0.3046682472182268,H,H
2025-10-04,La Liga,Ath Bilbao,Mallorca,1.4468000658492028,1.1704205865565565,0.43438112471595414,0.2599356055552297,0.30568326972881615,H,H
2025-10-04,Bundesliga,Augsburg,Wolfsburg,1.5692676096332787,1.358156013396783,0.42437827713688625,0.24493043564242564,0.3306912872206881,H,H
2025-10-04,Serie A,Parma,Lecce,1.5133342403791257,1.2665539538213366,0.430156825176408,0.25167205091425965,0.31817112390933233,A,H
2025-10-04,Premier League,Leeds,Tottenham,1.4856205866316061,1.3529049090425047,0.404781191688805,0.2502129966915385,0.3450058116196565,A,H
2025-10-05,Serie A,Bologna,Pisa,1.4885202997922948,1.2655227495161148,0.42411616953046255,0.25342571441054174,0.32245811605899566,H,H
2025-10-05,Premier League,Brentford,Man City,1.4500733056838284,1.4037278960843624,0.38542628678709784,0.2499847022085143,0.3645890110043878,A,H
2025-10-05,Premier League,Wolves,Brighton,1.496150337188049,1.2519741253280614,0.42899781630748507,0.2533774179410606,0.3176247657514543,D,H
2025-10-05,Premier League,Newcastle,Nott'm Forest,1.5299307061767615,1.2727272736660313,0.4329771393661792,0.25031640004341554,0.31670646059040525,H,H
2025-10-05,Ligue 1,Lille,Paris SG,1.4070982741369773,1.3282629319537618,0.39004675006983347,0.25601810331116687,0.35393514661899983,D,H
2025-10-05,La Liga,Sociedad,Vallecano,1.4746017078675078,1.1819932850443777,0.43897644417326,0.25736378241341706,0.3036597734133229,A,H
2025-10-05,Serie A,Juventus,Milan,1.5329864908668354,1.2310700924097449,0.44288999892106296,0.2514011525419845,0.3057088485369525,D,H
2025-10-05,Premier League,Everton,Crystal Palace,1.5076453389714142,1.2517911557041859,0.43194481778811467,0.2525708377257789,0.31548434448610635,H,H
2025-10-05,Ligue 1,Le Havre,Rennes,1.4393018243694384,1.2457227990957624,0.4158379265080524,0.25760801749543827,0.32655405599650944,D,H
2025-10-05,Ligue 1,Monaco,Nice,1.5019315622997058,1.2171181166912486,0.43813486210692765,0.2541321837167447,0.30773295417632757,D,H
2025-10-05,Serie A,Napoli,Genoa,1.6064591247711064,1.1860808389530533,0.47128870494466246,0.24690582613195625,0.2818054689233813,H,H
2025-10-05,La Liga,Celta,Ath Madrid,1.3733715361629912,1.2707412192025183,0.39338601812445556,0.26093789935784395,0.34567608251770043,D,H
2025-10-05,Bundesliga,Stuttgart,Heidenheim,1.6014861368018312,1.358217421576185,0.43222060887946717,0.24292712714096604,0.3248522639795668,H,H
2025-10-05,Ligue 1,Strasbourg,Angers,1.4738527081695885,1.2081292486081892,0.43296027133232773,0.2565296069663665,0.3105101217013058,H,H
2025-10-05,Bundesliga,Hamburg,Mainz,1.591871601587837,1.3292458163391228,0.4360700411313094,0.24440713892765492,0.31952281994103565,H,H
2025-10-05,La Liga,Espanol,Betis,1.4294918169307083,1.2220225126910045,0.41846329785890884,0.2592700374901384,0.3222666646509528,A,H
2025-10-05,La Liga,Sevilla,Barcelona,1.4067958406114376,1.3178205484692185,0.3921429513708797,0.2565384453643469,0.3513186032647734,H,H
2025-10-05,Premier League,Aston Villa,Burnley,1.5273626591628877,1.2522525501620485,0.43680809093371253,0.251155159814041,0.3120367492522464,H,H
2025-10-05,Serie A,Fiorentina,Roma,1.484712470273827,1.3022644379876889,0.41524799197552814,0.2522968195912987,0.33245518843317323,A,H
2025-10-05,Bundesliga,M'gladbach,Freiburg,1.637391186477912,1.3407105585919608,0.4446506839311619,0.2411309672583909,0.31421834881044713,D,H
2025-10-05,La Liga,Alaves,Elche,1.4218439280006874,1.2031316403387486,0.4206199755220732,0.2605964567362705,0.31878356774165617,H,H
2025-10-05,Serie A,Udinese,Cagliari,1.5084798860119615,1.2482458410529025,0.4329318866834603,0.25263066422376035,0.3144374490927794,D,H
2025-10-05,Ligue 1,Lyon,Toulouse,1.5479161590956092,1.194600126341844,0.4547842799993944,0.2512971462488988,0.29391857375170677,A,H
2025-10-17,La Liga,Oviedo,Espanol,1.4669090922384713,1.1951668247232778,0.4340548813239172,0.25750623324794697,0.30843888542813575,A,H
2025-10-17,Bundesliga,Union Berlin,M'gladbach,1.6006888971811384,1.3597192071726887,0.43170781807685016,0.24293136637357127,0.3253608155495785,H,H
2025-10-17,Ligue 1,Paris SG,Strasbourg,1.6343182439965929,1.173662689637975,0.4809668631901125,0.2449037444040581,0.27412939240582934,D,H
2025-10-18,Premier League,Sunderland,Wolves,1.5039809021833366,1.2630697420614896,0.4285584541391702,0.252441930175171,0.31899961568565877,H,H
2025-10-18,Serie A,Pisa,Verona,1.5268223490136723,1.238755244437133,0.43964164673297634,0.2516173383556216,0.3087410149114021,D,H
2025-10-18,Premier League,Crystal Palace,Bournemouth,1.5337728918596356,1.2663479331278125,0.4353292944569258,0.25025481784252857,0.3144158877005457,D,H
2025-10-18,Bundesliga,FC Koln,Augsburg,1.603403937541449,1.3348232161467803,0.4376845419448485,0.24349608241608178,0.3188193756390697,D,H
2025-10-18,La Liga,Ath Madrid,Osasuna,1.513107476529731,1.1350574131031774,0.45949764299766666,0.2556551447545268,0.2848472122478065,H,H
2025-10-18,Premier League,Fulham,Arsenal,1.4699637212522174,1.3467969714887806,0.4021314547172116,0.2514070997920676,0.34646144549072083,A,H
2025-10-18,Ligue 1,Angers,Monaco,1.4223383940622634,1.2940248397370757,0.40113028100526094,0.2566712112946275,0.34219850770011156,D,H
2025-10-18,Ligue 1,Marseille,Le Havre,1.5012878118650428,1.2043874599861633,0.4408011525040585,0.25458840959608753,0.30461043789985387,H,H
2025-10-18,Ligue 1,Nice,Lyon,1.450959765427935,1.2571290786375595,0.4163632792619877,0.25633746052979167,0.32729926020822064,H,H
2025-10-18,Serie A,Roma,Inter,1.5057390640966586,1.29914912879239,0.42120465589784883,0.25103752989930944,0.3277578142028417,A,H
2025-10-18,Bundesliga,Mainz,Leverkusen,1.5573655261536348,1.3985895959843384,0.41298952753652035,0.24423137549817237,0.34277909696530723,A,H
2025-10-18,Premier League,Nott'm Forest,Chelsea,1.4816532283130497,1.3260725666368662,0.4094227603757164,0.2515496585535932,0.3390275810706905,A,H
2025-10-18,Premier League,Man City,Everton,1.6719718784517545,1.1973863523168802,0.4847099505321546,0.24154629359423108,0.2737437558736144,H,H
2025-10-18,La Liga,Barcelona,Girona,1.598463801060087,1.1778958886201638,0.47117388303220675,0.24770378664736553,0.2811223303204277,H,H
2025-10-18,Serie A,Lecce,Sassuolo,1.5198940956954403,1.2770806674819486,0.42951685620841273,0.25086262620832783,0.31962051758325954,D,H
2025-10-18,Bundesliga,Heidenheim,Werder Bremen,1.630311291800895,1.3396825475505687,0.44316379979462067,0.24161754876732797,0.3152186514380514,D,H
2025-10-18,Premier League,Burnley,Leeds,1.505196070448452,1.2824981152171975,0.4246522113478542,0.2516745391412943,0.32367324951085147,H,H
2025-10-18,Bundesliga,RB Leipzig,Hamburg,1.6709622873187295,1.2906581344976178,0.46361010438011596,0.2400184099282772,0.2963714856916069,H,H
2025-10-18,Premier League,Brighton,Newcastle,1.5054578896304933,1.2700763713902685,0.42740784111164654,0.2520954174307051,0.3204967414576483,H,H
2025-10-18,La Liga,Villarreal,Betis,1.4782968234068992,1.191714154187582,0.4377518789589247,0.2567539526448356,0.3054941683962397,D,H
2025-10-18,Bundesliga,Wolfsburg,Stuttgart,1.6116966949085563,1.33406787293364,0.43986285769064215,0.24297960777993427,0.3171575345294235,A,H
2025-10-18,Bundesliga,Bayern Munich,Dortmund,1.746818272094122,1.375045319549224,0.4632052678634403,0.23331113608036277,0.30348359605619696,H,H
2025-10-18,Serie A,Torino,Napoli,1.445528395770269,1.3305252832909344,0.3993649814484566,0.2535908322234088,0.34704418632813466,H,H
2025-10-18,La Liga,Sevilla,Mallorca,1.468511591972712,1.1803760971442894,0.437770172457971,0.25789172519531245,0.30433810234671654,A,H
2025-10-19,Serie A,Genoa,Parma,1.4894566657189108,1.2658663084032784,0.42427884330929616,0.2533486097458748,0.322372546944829,D,H
2025-10-19,Ligue 1,Rennes,Auxerre,1.4929140532380543,1.2039973435250344,0.43875413794889456,0.2552348242674822,0.3060110377836233,D,H
2025-10-19,Ligue 1,Lens,Paris FC,1.4827461410336291,1.2191567231779739,0.43279651999888485,0.25548570165994366,0.3117177783411715,H,H
2025-10-19,Serie A,Milan,Fiorentina,1.5315502641169711,1.2395119627131723,0.4406630304196318,0.2512507818606775,0.30808618771969065,H,H
2025-10-19,La Liga,Celta,Sociedad,1.4246368642321794,1.2382715684137968,0.41366708182481354,0.2589451055349801,0.32738781264020633,D,H
2025-10-19,Serie A,Cagliari,Bologna,1.4811042536465835,1.271008068804253,0.4210485583991007,0.25373125272246544,0.3252201888784339,A,H
2025-10-19,Serie A,Como,Juventus,1.4345427381246467,1.3196431066728476,0.39885336330311055,0.25475024387064327,0.3463963928262462,H,H
2025-10-19,La Liga,Levante,Vallecano,1.4599699733142115,1.2250389606760923,0.4256670554866663,0.2569425013389783,0.3173904431743555,A,H
2025-10-19,Premier League,Liverpool,Man United,1.585179894015824,1.2531829046413685,0.45099809668305113,0.24698142702187845,0.3020204762950705,A,H
2025-10-19,Premier League,Tottenham,Aston Villa,1.6041941388792411,1.2413736953566263,0.45830024600595076,0.24588588695287036,0.2958138670411788,A,H
2025-10-19,La Liga,Elche,Ath Bilbao,1.4004119108894229,1.215492671051401,0.4123165826512139,0.26164884268907046,0.32603457465971564,D,H
2025-10-19,Bundesliga,Freiburg,Ein Frankfurt,1.5918274149074885,1.353470113133985,0.4308814570663803,0.24367707069843753,0.32544147223518227,D,H
2025-10-19,Ligue 1,Nantes,Lille,1.3988562019648767,1.2294835720430022,0.4088694135278518,0.261143888101897,0.32998669837025124,A,H
2025-10-19,Ligue 1,Toulouse,Metz,1.4694390397283936,1.2142018077494492,0.43048454683290294,0.2566437751444309,0.3128716780226662,H,H
2025-10-19,La Liga,Getafe,Real Madrid,1.3588918477087581,1.2977075235207012,0.3839537775521779,0.26048466879288495,0.35556155365493713,A,H
2025-10-19,Bundesliga,St Pauli,Hoffenheim,1.616455368309169,1.3682170045483364,0.433721579052781,0.24169738174593874,0.3245810392012802,A,H
2025-10-19,Serie A,Atalanta,Lazio,1.552507313015386,1.2842817891490195,0.4360909514408617,0.2483951929844402,0.31551385557469813,D,H
2025-10-19,Ligue 1,Lorient,Brest,1.4610307504920155,1.2543520543171665,0.41954257968689107,0.25574982343411806,0.3247075968789907,D,H
2025-10-20,Serie A,Cremonese,Udinese,1.512582519592826,1.2454579118612372,0.43457908565056347,0.25243008144736345,0.31299083290207314,D,H
2025-10-20,La Liga,Alaves,Valencia,1.4042169207313637,1.2167746696034771,0.41303178155245934,0.2613179264519507,0.32565029199559004,D,H
2025-10-20,Premier League,West Ham,Brentford,1.5309151603744087,1.2936314262372153,0.4286914624668582,0.2495569472549544,0.32175159027818745,A,H
2025-10-24,Serie A,Milan,Pisa,1.5485561598698472,1.2319789840962128,0.44659219933450034,0.2502286996624075,0.30317910100309214,D,H
2025-10-24,La Liga,Sociedad,Sevilla,1.4390925566634771,1.2080173988460998,0.4240251663516335,0.2591228429905746,0.31685199065779185,H,H
2025-10-24,Bundesliga,Werder Bremen,Union Berlin,1.5916661188288592,1.355656361448399,0.4303772984715573,0.24361948023479396,0.32600322129364867,H,H
2025-10-24,Premier League,Leeds,West Ham,1.5399295953766465,1.2989900569183035,0.42978031634139324,0.24877516209717998,0.3214445215614267,H,H
2025-10-24,Ligue 1,Paris FC,Nantes,1.4636966685333717,1.2021928434753268,0.4316668466366248,0.25750140919992,0.3108317441634552,A,H
2025-10-25,Serie A,Napoli,Inter,1.5294845404499458,1.280534195801141,0.43116884642759074,0.25009072152593637,0.31874043204647295,H,H
2025-10-25,Premier League,Man United,Brighton,1.552253052492141,1.2256240597177706,0.4489285210197684,0.2501328744734783,0.3009386045067533,H,H
2025-10-25,Bundesliga,Hoffenheim,Heidenheim,1.6355667888373064,1.3539400955147298,0.44137323856703686,0.24089839952502404,0.31772836190793907,H,H
2025-10-25,Premier League,Newcastle,Fulham,1.5320348104020556,1.2649401942181195,0.4352017999799454,0.2504213210976304,0.3143768789224241,H,H
2025-10-25,Serie A,Parma,Como,1.5021013127731504,1.2815922894353813,0.4240688430085093,0.25191620686103416,0.32401495013045656,D,H
2025-10-25,Serie A,Udinese,Lecce,1.490857754998773,1.258356411102074,0.4262654331556833,0.25352284912914475,0.320211717715172,H,H
2025-10-25,La Liga,Ath Bilbao,Getafe,1.4214310423601295,1.1584289749945265,0.43044683673527356,0.2623821822013377,0.3071709810633887,A,H
2025-10-25,Ligue 1,Brest,Paris SG,1.4005665299455856,1.3663611222512726,0.38054084762948054,0.25451050276690707,0.36494864960361245,A,H
2025-10-25,Bundesliga,Augsburg,RB Leipzig,1.5345203626502473,1.4190310467041967,0.40318551278994935,0.24474065147192323,0.35207383573812745,A,H
2025-10-25,La Liga,Espanol,Elche,1.4358018160492962,1.2118520534026627,0.422328534707676,0.25921617832340105,0.3184552869689229,H,H
2025-10-25,Premier League,Chelsea,Sunderland,1.5812978047798498,1.2373443951907113,0.4535484807517224,0.24767136941256315,0.2987801498357143,A,H
2025-10-25,La Liga,Valencia,Villarreal,1.4268716450896266,1.2283194840148572,0.4164096818626982,0.2592008196929924,0.3243894984443094,A,H
2025-10-25,Bundesliga,Hamburg,Wolfsburg,1.5757270113555555,1.3396119401949451,0.42990099483336075,0.24512794121054438,0.3249710639560948,A,H
2025-10-25,Premier League,Brentford,Liverpool,1.46985200598403,1.3656509843523195,0.398181851300972,0.2506036787011555,0.3512144699978725,H,H
2025-10-25,Ligue 1,Monaco,Toulouse,1.5490744961921965,1.1963143585717653,0.45468942880790714,0.25116255360532536,0.29414801758676756,H,H
2025-10-25,Ligue 1,Lens,Marseille,1.4559742822001114,1.2460575000020135,0.4200492734604822,0.25642589969982227,0.32352482683969547,H,H
2025-10-25,Serie A,Cremonese,Atalanta,1.475530437298919,1.326255519245041,0.4078432822169447,0.25192420154662853,0.34023251623642664,D,H
2025-10-25,Bundesliga,Dortmund,FC Koln,1.7323328384003536,1.2993216880127956,0.47628586042229937,0.23555939216439817,0.28815474741330244,H,H
2025-10-25,Bundesliga,Ein Frankfurt,St Pauli,1.6075470393412135,1.34329520343853,0.4368759217776634,0.24298483755474126,0.3201392406675953,H,H
2025-10-25,Bundesliga,M'gladbach,Bayern Munich,1.5609655791528756,1.494993090291131,0.3942148857236061,0.24033385437385507,0.36545125990253885,A,H
2025-10-25,La Liga,Girona,Oviedo,1.463077295572901,1.2187038205693599,0.42785831176866457,0.25695004252868664,0.3151916457026488,D,H
2025-10-26,Ligue 1,Rennes,Nice,1.4528350086414792,1.2076887977552504,0.4276508392164723,0.25811437205881965,0.31423478872470806,A,H
2025-10-26,Bundesliga,Stuttgart,Mainz,1.6089790257534078,1.3395662766746863,0.43802252550395326,0.24299996424096532,0.3189775102550815,H,H
2025-10-26,Premier League,Arsenal,Crystal Palace,1.595832520646608,1.2217485386435103,0.4606208771742884,0.24696479666528334,0.2924143261604282,H,H
2025-10-26,La Liga,Real Madrid,Barcelona,1.5106318777112249,1.2839493756025053,0.42570518852574585,0.2512557163425119,0.32303909513174234,H,H
2025-10-26,La Liga,Osasuna,Celta,1.4463261292176974,1.224652572709441,0.42224015678551113,0.25794714616422115,0.31981269705026766,A,H
2025-10-26,Ligue 1,Lille,Metz,1.5018902764026518,1.17501338682165,0.44754058641163513,0.255446386785567,0.29701302680279784,H,H
2025-10-26,Premier League,Bournemouth,Nott'm Forest,1.5211141188541193,1.302747955729855,0.4242818368674013,0.24989531212056393,0.3258228510120349,H,H
2025-10-26,Serie A,Sassuolo,Roma,1.477443099121014,1.3397449741336893,0.4054867852965248,0.2512506920104504,0.3432625226930248,A,H
2025-10-26,La Liga,Vallecano,Alaves,1.4374706948912621,1.1969025875611587,0.42605902710619786,0.25967250043277595,0.31426847246102624,H,H
2025-10-26,Serie A,Fiorentina,Bologna,1.5200671779500798,1.2331436030128988,0.4391789169963027,0.2522843333672566,0.30853674963644073,D,H
2025-10-26,Ligue 1,Angers,Lorient,1.4659228639938338,1.2260164096531418,0.42698014345706753,0.2564735113441583,0.31654634519877417,H,H
2025-10-26,Premier League,Aston Villa,Man City,1.442364070598166,1.412301063920446,0.3817653569122128,0.2499847158692441,0.368249927218543,H,H
2025-10-26,Ligue 1,Auxerre,Le Havre,1.4617521176319,1.2307710337534676,0.42486743507286345,0.2565989125837016,0.318533652343435,A,H
2025-10-26,Serie A,Lazio,Juventus,1.4832517290699665,1.3001439031401587,0.41533218567550556,0.2524743081097283,0.33219350621476607,H,H
2025-10-26,Premier League,Everton,Tottenham,1.468766472785791,1.3325017985116836,0.40482440048670965,0.2520836599964001,0.34309193951689027,A,H
2025-10-26,La Liga,Mallorca,Levante,1.4580969824631045,1.2132687605027739,0.42777545864090233,0.2575171128074701,0.3147074285516275,D,H
2025-10-26,Premier League,Wolves,Burnley,1.5064551187703739,1.2361724942811392,0.4350719394267101,0.2531772512636497,0.31175080930964016,A,H
2025-10-26,Serie A,Verona,Cagliari,1.5075435111155886,1.2537570186497304,0.43148915388501324,0.25251159455867894,0.3159992515563079,D,H
2025-10-26,Ligue 1,Lyon,Strasbourg,1.543855137766256,1.2158316882591322,0.449006674895808,0.2510331850689447,0.2999601400352474,H,H
2025-10-26,Bundesliga,Leverkusen,Freiburg,1.6682878243156603,1.3129501183488301,0.4580877377686006,0.23973778300905565,0.30217447922234364,H,H
2025-10-26,Serie A,Torino,Genoa,1.5112830318896293,1.226118154119867,0.43851271389787716,0.25315083585026993,0.3083364502518529,H,H
2025-10-27,La Liga,Betis,Ath Madrid,1.370671647061931,1.2557565208796495,0.3958589705178248,0.26185417577606307,0.34228685370611217,A,H
2025-10-28,Serie A,Lecce,Napoli,1.437477038736902,1.3474910626493373,0.3937909128678051,0.2533078849553132,0.3529012021768817,A,H
2025-10-28,Serie A,Atalanta,Milan,1.53332831897018,1.272546449738897,0.43386628932268395,0.25008708893776554,0.31604662173955045,D,H
2025-10-29,Serie A,Inter,Fiorentina,1.5711803483837405,1.2201794863410098,0.4548629694982311,0.2488606868525401,0.29627634364922883,H,H
2025-10-29,Serie A,Juventus,Udinese,1.5844001881511773,1.1764037401195004,0.46802335629717645,0.24885758750277892,0.2831190562000447,H,H
2025-10-29,Ligue 1,Nice,Lille,1.4296404312448021,1.2053315949343106,0.4221642971551975,0.2599293049142474,0.31790639793055503,H,H
2025-10-29,Ligue 1,Le Havre,Brest,1.4681137337965333,1.2281074681372466,0.4270824007177731,0.25623764714298997,0.31667995213923683,H,H
2025-10-29,Ligue 1,Nantes,Monaco,1.4217537407898564,1.2832785393833355,0.403259031612981,0.2571908081666244,0.3395501602203948,A,H
2025-10-29,Ligue 1,Strasbourg,Auxerre,1.4724302210068634,1.2304361576206302,0.42767605936631226,0.25583998149098136,0.31648395914270644,H,H
2025-10-29,Ligue 1,Lorient,Paris SG,1.391477863477368,1.3913729152018388,0.37316829053222306,0.2537111394069587,0.37312057006081817,D,H
2025-10-29,Ligue 1,Marseille,Angers,1.5085208301325779,1.1809719798420948,0.4478885477532764,0.2547478308891717,0.2973636213575518,D,H
2025-10-29,Serie A,Como,Verona,1.5268223490136723,1.238755244437133,0.43964164673297634,0.2516173383556216,0.3087410149114021,H,H
2025-10-29,Serie A,Genoa,Cremonese,1.4784911705410453,1.267490469717844,0.42114594984625675,0.25404224617880905,0.32481180397493425,A,H
2025-10-29,Serie A,Roma,Parma,1.5911946404673611,1.228390610156255,0.45799047260384096,0.24715738695511358,0.29485214044104546,H,H
2025-10-29,Ligue 1,Metz,Lens,1.425555604941189,1.265864138796961,0.4079547379332404,0.257704350455615,0.33434091161114454,H,H
2025-10-29,Serie A,Bologna,Torino,1.4807700873964185,1.2576780367542306,0.42385260908131056,0.2542506866715461,0.3218967042471434,D,H
2025-10-29,Ligue 1,Toulouse,Rennes,1.4171408863127795,1.255142555411434,0.40808396865439117,0.2587415262723416,0.3331745050732672,D,H
2025-10-29,Ligue 1,Paris FC,Lyon,1.453575325364269,1.2873612690765277,0.4105353981299272,0.25493016055928164,0.33453444131079113,D,H
2025-10-30,Serie A,Cagliari,Sassuolo,1.5076821376315144,1.2921759257393641,0.42319063479701297,0.25116121715826295,0.3256481480447241,A,H
2025-10-30,Serie A,Pisa,Lazio,1.4891800144230072,1.3090861827757605,0.41491900800941395,0.25174318989464217,0.33333780209594377,D,H
2025-10-31,Bundesliga,Augsburg,Dortmund,1.549438800103149,1.4583845879715727,0.39879732260031736,0.24238301117284144,0.35881966622684125,A,H
2025-10-31,La Liga,Getafe,Girona,1.4170800911951114,1.2080098769788623,0.41830627593726355,0.2607494803476448,0.32094424371509156,H,H
2025-11-01,Premier League,Burnley,Arsenal,1.4469167910561298,1.3421149027458,0.3972971497564034,0.2529914037874603,0.34971144645613617,A,H
2025-11-01,La Liga,Sociedad,Ath Bilbao,1.4269549835465256,1.1901572052622904,0.4248171579343978,0.2607290899991096,0.3144537520664925,H,H
2025-11-01,Premier League,Crystal Palace,Brentford,1.4978786981771015,1.2810439790540904,0.4231231741981307,0.25222145913748123,0.324655366664388,H,H
2025-11-01,La Liga,Ath Madrid,Sevilla,1.4768280857343477,1.1645470873442914,0.44347322669856454,0.2577581736612665,0.29876859964016894,H,H
2025-11-01,La Liga,Villarreal,Vallecano,1.492199013178648,1.1827227305820949,0.4433281840068164,0.25597040524399184,0.3007014107491918,H,H
2025-11-01,Bundesliga,Union Berlin,Freiburg,1.601603449668437,1.3299192688108052,0.4382995277443255,0.24375412158158574,0.3179463506740888,D,H
2025-11-01,Ligue 1,Monaco,Paris FC,1.5380509089836216,1.2193121440238157,0.44677347395079264,0.2513702528444275,0.30185627320477987,A,H
2025-11-01,Premier League,Brighton,Leeds,1.5244365511002522,1.2737252929854646,0.431384288096237,0.25066298248728325,0.31795272941647973,H,H
2025-11-01,Bundesliga,Heidenheim,Ein Frankfurt,1.60360720706559,1.3482989177986575,0.4348491727929772,0.24308991740321764,0.32206090980380514,D,H
2025-11-01,Premier League,Nott'm Forest,Man United,1.4767766617042026,1.3119390030887055,0.4111866598284363,0.25242613808416475,0.336387202087399,D,H
2025-11-01,Premier League,Tottenham,Chelsea,1.5553844480266303,1.2839777618260237,0.43687116990940883,0.24820735123507515,0.314921478855516,A,H
2025-11-01,Serie A,Napoli,Como,1.5967453586949039,1.2183770374134786,0.4616016913914847,0.2469728447045049,0.2914254639040105,D,H
2025-11-01,Ligue 1,Auxerre,Marseille,1.4359214448222988,1.262369660848838,0.4113729583543221,0.2571521081213588,0.33147493352431906,A,H
2025-11-01,Premier League,Fulham,Wolves,1.4992965367041617,1.2662609908300722,0.42668189821499897,0.25265494384015563,0.3206631579448454,H,H
2025-11-01,Bundesliga,RB Leipzig,Stuttgart,1.683935884674853,1.3045284969926652,0.4636702912818699,0.23883940825043493,0.2974903004676952,H,H
2025-11-01,Premier League,Liverpool,Aston Villa,1.6403233969222522,1.2246532670051793,0.4708753813986865,0.24353937780327153,0.285585240798042,H,H
2025-11-01,Serie A,Udinese,Atalanta,1.4517527634347804,1.3274443166114633,0.4015877975522827,0.2533451896902864,0.345067012757431,H,H
2025-11-01,Ligue 1,Paris SG,Nice,1.5887492384749262,1.173220947099836,0.46982935574090173,0.24857626984826597,0.28159437441083224,H,H
2025-11-01,Serie A,Cremonese,Juventus,1.4274381828432905,1.3259598543159548,0.39572124682939536,0.25489843365171977,0.3493803195188848,A,H
2025-11-01,Bundesliga,Mainz,Werder Bremen,1.6079237331855436,1.3459505334722002,0.4363992964804343,0.24288390130529966,0.320716802214266,D,H
2025-11-01,Bundesliga,St Pauli,M'gladbach,1.6125059185487252,1.3645098163394036,0.43355403209491294,0.2420518198068592,0.32439414809822786,A,H
2025-11-01,La Liga,Real Madrid,Valencia,1.5619835267786384,1.1656750090406238,0.4648678821450983,0.25089425026468065,0.28423786759022107,H,H
2025-11-01,Bundesliga,Bayern Munich,Leverkusen,1.7478243452622437,1.332190880843392,0.47271574327780286,0.23398024573192575,0.2933040109902714,H,H
2025-11-02,La Liga,Alaves,Espanol,1.428495763489552,1.1996088763506387,0.42312832635685316,0.2602412214180055,0.3166304522251413,H,H
2025-11-02,Ligue 1,Toulouse,Le Havre,1.4411720447790717,1.2353241072397767,0.4185798493122279,0.257896164643449,0.3235239860443231,D,H
2025-11-02,Serie A,Verona,Inter,1.4165774925005532,1.3441649964059699,0.3891722621372834,0.25469117992123874,0.35613655794147786,A,H
2025-11-02,Ligue 1,Brest,Lyon,1.4508880478668311,1.2907300315470824,0.40913178938930067,0.254966208528864,0.3359020020818354,D,H
2025-11-02,Serie A,Parma,Bologna,1.5014204098911814,1.2620959663089348,0.42812397376072675,0.25265410796284843,0.3192219182764248,A,H
2025-11-02,Bundesliga,Wolfsburg,Hoffenheim,1.606621106739253,1.362457692816785,0.43256504281583125,0.24247909351460306,0.3249558636695656,A,H
2025-11-02,Serie A,Milan,Roma,1.5118532027724219,1.2812424493442218,0.42659713588278314,0.2512678656972764,0.3221349984199404,H,H
2025-11-02,Serie A,Fiorentina,Lecce,1.5321289712819672,1.2374993247091712,0.44125269455508315,0.2512700293317496,0.3074772761131673,A,H
2025-11-02,Ligue 1,Lille,Angers,1.4800957567798025,1.172212166358553,0.4425864653837389,0.25725332702958664,0.30016020758667444,H,H
2025-11-02,Bundesliga,FC Koln,Hamburg,1.5815112833127798,1.3403176004878479,0.431166477431315,0.24473743488011776,0.32409608768856724,H,H
2025-11-02,Ligue 1,Rennes,Strasbourg,1.494505679460749,1.2081435181692706,0.4382376662690748,0.25497952229597537,0.30678281143494973,H,H
2025-11-02,La Liga,Betis,Mallorca,1.4477992689490262,1.1982330858646297,0.42844149639596724,0.2588436423507704,0.31271486125326226,H,H
2025-11-02,La Liga,Barcelona,Elche,1.6041146404431954,1.152091689761996,0.47847840825537846,0.24773163445452134,0.2737899572901002,H,H
2025-11-02,Ligue 1,Lens,Lorient,1.5138394795357577,1.2090060023612141,0.44295951877834505,0.2534953678766293,0.3035451133450257,H,H
2025-11-02,Premier League,West Ham,Newcastle,1.531477030214275,1.2862030269686162,0.43043782981943224,0.2497672315167149,0.3197949386638529,H,H
2025-11-02,Premier League,Man City,Bournemouth,1.7159820699582626,1.2006973776620495,0.494503109232922,0.23804350229834287,0.2674533884687351,H,H
2025-11-02,La Liga,Levante,Celta,1.463627276535588,1.2367834581231767,0.4240323971130181,0.25623849649996033,0.3197291063870216,A,H
2025-11-02,Ligue 1,Nantes,Metz,1.4628009588344784,1.2008393331591336,0.4317364778914189,0.2576172154003902,0.31064630670819093,A,H
2025-11-02,Serie A,Torino,Pisa,1.5021447664832177,1.2595045422486384,0.4288713338005248,0.25269387776923136,0.31843478843024386,D,H
2025-11-03,Serie A,Sassuolo,Genoa,1.5225168820871369,1.2540842153042466,0.43518919900556585,0.25144089376684703,0.3133699072275871,A,H
2025-11-03,Serie A,Lazio,Cagliari,1.5931350355100988,1.2228468468004021,0.4597089077769909,0.2471427081359063,0.2931483840871027,H,H
2025-11-03,Premier League,Sunderland,Everton,1.510815566210629,1.2691650755604262,0.42895508778729147,0.2517573195066615,0.319287592706047,D,H
2025-11-03,La Liga,Oviedo,Osasuna,1.467176222200727,1.1949821354178842,0.43416475599413656,0.2574923391553601,0.3083429048505034,D,H
2025-11-07,Bundesliga,Werder Bremen,Wolfsburg,1.5905504375204795,1.3573559511840214,0.429744532418608,0.24363622523590148,0.3266192423454905,H,H
2025-11-07,La Liga,Elche,Sociedad,1.4100027558681871,1.229071223764412,0.4118647964224591,0.2603718785495886,0.3277633250279523,D,H
2025-11-07,Serie A,Pisa,Cremonese,1.5187495093469636,1.2598263432319556,0.43298588848576647,0.25151918626533276,0.31549492524890077,H,H
2025-11-07,Ligue 1,Paris FC,Rennes,1.4443838110718363,1.246210658686788,0.417039996362368,0.25723276744317886,0.32572723619445315,A,H
2025-11-08,Bundesliga,Leverkusen,Heidenheim,1.661913806794794,1.3226661713350159,0.4544457642143235,0.23995253466719924,0.30560170111847734,H,H
2025-11-08,Premier League,Everton,Fulham,1.519005727055892,1.2615697450463281,0.4326695711002742,0.25144355829600473,0.315886870603721,H,H
2025-11-08,Premier League,Tottenham,Man United,1.5502652097877325,1.2702928536635563,0.4385826908580961,0.2489795907792859,0.31243771836261797,D,H
2025-11-08,Bundesliga,Hamburg,Dortmund,1.5558165827021841,1.438472007760601,0.40439409118313796,0.24282576057316657,0.35278014824369547,D,H
2025-11-08,Ligue 1,Le Havre,Nantes,1.458546730581415,1.201722215732847,0.4304443896198195,0.2579059302299658,0.3116496801502147,D,H
2025-11-08,Bundesliga,Union Berlin,Bayern Munich,1.5268482431266954,1.4829599907121287,0.3883843227451538,0.24249970491277836,0.36911597234206783,D,H
2025-11-08,Serie A,Lecce,Verona,1.5089064586819607,1.2480188326278625,0.43308936357812045,0.2526078572744012,0.31430277914747834,D,H
2025-11-08,Premier League,Chelsea,Wolves,1.5621953032604297,1.225582826688028,0.4514199216044721,0.2493933904715914,0.29918668792393655,H,H
2025-11-08,Serie A,Juventus,Torino,1.5672373257803818,1.1941739953704584,0.45971937988009465,0.2498068525911089,0.2904737675287964,D,H
2025-11-08,La Liga,Girona,Alaves,1.4685150844633843,1.1867901384231425,0.4363362884306661,0.25767294131765195,0.3059907702516819,H,H
2025-11-08,Premier League,West Ham,Burnley,1.5376037698939158,1.2573020067558567,0.43826714594173294,0.2502692088615288,0.31146364519673825,H,H
2025-11-08,Ligue 1,Monaco,Lens,1.5234218800161743,1.230343105667842,0.4406437441856611,0.2521258508035514,0.3072304050107875,A,H
2025-11-08,Bundesliga,M'gladbach,FC Koln,1.6472603712871412,1.3275581365276659,0.44986502239189075,0.24081452062244718,0.30932045698566213,H,H
2025-11-08,Premier League,Sunderland,Arsenal,1.474556439999244,1.343402754808397,0.4039951525848197,0.25127363161164484,0.3447312158035354,D,H
2025-11-08,Serie A,Como,Cagliari,1.540817550555613,1.2411867701715593,0.44261755505091893,0.25052740897228326,0.3068550359767978,D,H
2025-11-08,Serie A,Parma,Milan,1.4616239747458633,1.3129995494500848,0.4071311263856737,0.2533454641387989,0.3395234094755274,D,H
2025-11-08,La Liga,Sevilla,Osasuna,1.4800374825481737,1.1793650516165177,0.4409635138754406,0.25702671816545425,0.3020097679591053,H,H
2025-11-08,La Liga,Espanol,Villarreal,1.4067418837872092,1.2495570685852548,0.4065899461574056,0.2597001195406866,0.33370993430190776,A,H
2025-11-08,La Liga,Ath Madrid,Levante,1.5280956730398967,1.1486351222530384,0.46020583298545836,0.2540645411286954,0.28572962588584633,H,H
2025-11-08,Bundesliga,Hoffenheim,RB Leipzig,1.59053808344763,1.4060808804143934,0.41949285658289576,0.24205521202692543,0.33845193139017876,H,H
2025-11-08,Ligue 1,Marseille,Brest,1.505805861036766,1.2064055381028485,0.441500400501062,0.25418285950531805,0.30431673999362,H,H
2025-11-09,La Liga,Valencia,Betis,1.449947118212494,1.2012529079144985,0.42832817418345553,0.25856965021700384,0.3131021755995406,D,H
2025-11-09,Premier League,Nott'm Forest,Leeds,1.5385849992677954,1.2852046722882087,0.43242725817559824,0.24931684581138464,0.3182558960130172,H,H
2025-11-09,Bundesliga,Freiburg,St Pauli,1.5933020402600158,1.351462434549251,0.43166790145265055,0.24364620042617555,0.32468589812117393,H,H
2025-11-09,Serie A,Roma,Udinese,1.5808959192794176,1.2101461914060239,0.45952499437661765,0.24837050304997177,0.29210450257341064,H,H
2025-11-09,Serie A,Bologna,Napoli,1.4324174400765217,1.336882844268973,0.3947110576905494,0.2540956551064041,0.3511932872030464,H,H
2025-11-09,Ligue 1,Lyon,Paris SG,1.467566406084893,1.348070486853936,0.401262995816061,0.2514963640437395,0.3472406401401995,A,H
2025-11-09,Ligue 1,Lorient,Toulouse,1.467661743257332,1.2329728129927,0.4258995439811468,0.25609120823824844,0.31800924778060474,D,H
2025-11-09,La Liga,Celta,Barcelona,1.3896859361672476,1.3537200190490295,0.3803459367097418,0.25576478735846575,0.36388927593179243,A,H
2025-11-09,Premier League,Crystal Palace,Brighton,1.4941320896642694,1.2609833968474093,0.42652322320372105,0.25320072415118744,0.3202760526450915,D,H
2025-11-09,Serie A,Genoa,Fiorentina,1.4552886692663807,1.2815876315522563,0.4122068347298651,0.2550543035277811,0.3327388617423539,D,H
2025-11-09,La Liga,Mallorca,Getafe,1.40743252488866,1.1876606434247439,0.42026520828768915,0.2623101171483388,0.31742467456397216,H,H
2025-11-09,Premier League,Aston Villa,Bournemouth,1.5571601129415322,1.2736552194532211,0.4395620188839742,0.2483972583489585,0.31204072276706735,H,H
2025-11-09,La Liga,Vallecano,Real Madrid,1.377102685585209,1.331377009725489,0.3817005186858235,0.2576393114495816,0.36066016986459487,D,H
2025-11-09,Premier League,Brentford,Newcastle,1.529407738477935,1.2732611493479302,0.43273007605027997,0.2503351305112504,0.31693479343846964,H,H
2025-11-09,Bundesliga,Stuttgart,Augsburg,1.6254798866828375,1.3335157028914835,0.443322825108935,0.24209645473860866,0.31458072015245636,H,H
2025-11-09,La Liga,Ath Bilbao,Oviedo,1.4420395759286604,1.189374408297067,0.42891449905513634,0.25961105934644163,0.3114744415984221,H,H
2025-11-09,Ligue 1,Strasbourg,Lille,1.4301787211502845,1.2399032949703248,0.4147465274386255,0.25848708506493195,0.32676638749644255,H,H
2025-11-09,Premier League,Man City,Liverpool,1.6111575926854003,1.295286264333389,0.4481289275681744,0.24406111651363468,0.3078099559181909,H,H
2025-11-09,Ligue 1,Angers,Auxerre,1.4407745780324748,1.2303131967910554,0.4195701200338026,0.2581244791538304,0.32230540081236697,H,H
2025-11-09,Bundesliga,Ein Frankfurt,Mainz,1.617181583762613,1.324791419336779,0.4431926374801368,0.24287549455842491,0.3139318679614383,H,H
2025-11-09,Serie A,Inter,Lazio,1.5651525542705549,1.2539426325990222,0.4458719478490415,0.2484027596147197,0.30572529253623876,H,H
2025-11-09,Ligue 1,Metz,Nice,1.4054458485601442,1.252257333342179,0.4056731658930368,0.2596679998057138,0.3346588343012493,H,H
2025-11-09,Serie A,Atalanta,Sassuolo,1.603341280246056,1.2435830191912434,0.45759937273038875,0.24589669312416376,0.29650393414544746,A,H
2025-11-21,Ligue 1,Nice,Marseille,1.440323978034065,1.2284798533111656,0.41985419151419534,0.2582297166475781,0.3219160918382265,A,H
2025-11-21,La Liga,Valencia,Levante,1.4779231952855856,1.2017898071641464,0.4354111632628873,0.2564421018200247,0.30814673491708794,H,H
2025-11-21,Bundesliga,Mainz,Hoffenheim,1.5941888247610752,1.3764171673963468,0.4265951222740187,0.24281127751082104,0.3305936002151603,D,H
2025-11-22,Ligue 1,Lens,Strasbourg,1.489455419410087,1.2174211878476955,0.4348923961326531,0.2550486956062788,0.31005890826106813,H,H
2025-11-22,La Liga,Osasuna,Sociedad,1.4056570242331436,1.2350460734254218,0.409438253634282,0.2604184108555241,0.33014333551019387,A,H
2025-11-22,La Liga,Alaves,Celta,1.43248729343168,1.2156186789119632,0.42064223957993674,0.259310070502944,0.32004768991711924,A,H
2025-11-22,Premier League,Newcastle,Man City,1.4417465726864023,1.404243086206326,0.3832391568419296,0.2504046523522661,0.3663561908058042,H,H
2025-11-22,Ligue 1,Paris SG,Le Havre,1.626319516636028,1.17120048767443,0.4795694205626962,0.24558966405651722,0.2748409153807865,H,H
2025-11-22,Ligue 1,Rennes,Monaco,1.4738106913680822,1.2663462227036841,0.4202039137961903,0.25440633896259834,0.32538974724121145,H,H
2025-11-22,Bundesliga,Heidenheim,M'gladbach,1.6124358703240527,1.366295261731379,0.4331579166276867,0.24200330702621992,0.3248387763460934,A,H
2025-11-22,Serie A,Fiorentina,Juventus,1.4433142999052522,1.3051510826283554,0.4041400812104948,0.25484037927774655,0.3410195395117587,D,H
2025-11-22,Bundesliga,FC Koln,Ein Frankfurt,1.5762115268396217,1.3616279967176999,0.425341792647932,0.24438775706802668,0.33027045028404134,A,H
2025-11-22,Serie A,Napoli,Atalanta,1.5664904366585566,1.270188454232872,0.4426344501859765,0.2478466242734639,0.3095189255405596,H,H
2025-11-22,Premier League,Liverpool,Nott'm Forest,1.6409448886044662,1.2231667783571838,0.47136063805005085,0.24352021959283943,0.2851191423571098,A,H
2025-11-22,Serie A,Udinese,Bologna,1.4791208722264366,1.2539272771122278,0.42424885049924504,0.2545041639324971,0.3212469855682578,A,H
2025-11-22,Premier League,Brighton,Brentford,1.5049055657192076,1.277411631991028,0.42567876507701913,0.2518750591440279,0.322446175778953,H,H
2025-11-22,Bundesliga,Wolfsburg,Leverkusen,1.56951064162773,1.3844052510234908,0.4189119882591777,0.2440253625920278,0.3370626491487945,A,H
2025-11-22,La Liga,Villarreal,Mallorca,1.480421016486841,1.1791635660038733,0.4411072903809456,0.25700330310294367,0.3018894065161107,H,H
2025-11-22,Premier League,Burnley,Chelsea,1.4494997793982105,1.3232799444504597,0.40189110765317243,0.253665271756553,0.3444436205902745,A,H
2025-11-22,La Liga,Barcelona,Ath Bilbao,1.559995058259457,1.1609588180020383,0.4654449356218376,0.25116299294078726,0.2833920714373752,H,H
2025-11-22,Bundesliga,Bayern Munich,Freiburg,1.785799307594115,1.2788628474480477,0.4933053312755528,0.23199372811845748,0.27470094060598965,H,H
2025-11-22,Bundesliga,Dortmund,Stuttgart,1.7306359484141778,1.3172109789339936,0.47195805494522053,0.23539396358196124,0.29264798147281823,D,H
2025-11-22,Premier League,Fulham,Sunderland,1.5176299130180437,1.2784129360610368,0.4286600052295509,0.2509721965027425,0.3203677982677066,H,H
2025-11-22,Bundesliga,Augsburg,Hamburg,1.5797364259552737,1.3470814338913994,0.42929033879405326,0.2446372495417817,0.326072411664165,H,H
2025-11-22,Premier League,Wolves,Crystal Palace,1.5004046723976903,1.246128272574756,0.43135386227563266,0.2532777471331437,0.3153683905912237,A,H
2025-11-22,Premier League,Bournemouth,West Ham,1.5266692756622242,1.3130768211666035,0.42345313128504264,0.24916903424747974,0.3273778344674776,D,H
2025-11-22,Serie A,Cagliari,Genoa,1.4907902951402943,1.2564302946008745,0.42666767157054253,0.25359655324217273,0.3197357751872847,D,H
2025-11-23,La Liga,Elche,Real Madrid,1.3760235780826935,1.3247952832864713,0.3827793056501458,0.2580426543777267,0.35917803997212755,D,H
2025-11-23,Ligue 1,Lille,Paris FC,1.4735758976144584,1.199674954856271,0.4347660203511274,0.2568435810918907,0.3083903985569819,H,H
2025-11-23,Bundesliga,St Pauli,Union Berlin,1.599526966060156,1.334686327252388,0.43676986619248204,0.24375090424249807,0.31947922956501995,A,H
2025-11-23,Bundesliga,RB Leipzig,Werder Bremen,1.6930952441093363,1.302799816034463,0.4662326042875344,0.23823888030519902,0.2955285154072665,H,H
2025-11-23,Serie A,Inter,Milan,1.5458173464640996,1.2424845223005627,0.4435821038895612,0.2501261939816959,0.30629170212874285,A,H
2025-11-23,La Liga,Getafe,Ath Madrid,1.3423409626675902,1.2355101455552955,0.39271393913102476,0.26478743179581893,0.34249862907315626,A,H
2025-11-23,Ligue 1,Nantes,Lorient,1.465320295292104,1.2158348890422825,0.4290667905696507,0.2568895417163851,0.3140436677139642,D,H
2025-11-23,La Liga,Oviedo,Vallecano,1.4673322114086391,1.1996165723263181,0.4331743044903384,0.2573182649708588,0.3095074305388028,D,H
2025-11-23,Ligue 1,Auxerre,Lyon,1.4465247225808722,1.2918092261468626,0.40778920839985,0.255205300245561,0.3370054913545889,D,H
2025-11-23,Premier League,Leeds,Aston Villa,1.5337450767744387,1.290338217431514,0.43010888575432416,0.24947658382323334,0.3204145304224425,A,H
2025-11-23,Ligue 1,Toulouse,Angers,1.4481154327451662,1.211307162472771,0.425634123204143,0.2583286508384501,0.3160372259574068,A,H
2025-11-23,Premier League,Arsenal,Tottenham,1.5546795004892182,1.3005221499233945,0.43310987455721495,0.2477396823074954,0.3191504431352896,H,H
2025-11-23,Serie A,Cremonese,Roma,1.4683809830967312,1.3230271862454568,0.40672153600204664,0.25250315736799417,0.34077530662995914,A,H
2025-11-23,Serie A,Verona,Parma,1.4969728604509915,1.2709546760198556,0.4250766474325356,0.25264763036783777,0.32227572219962664,A,H
2025-11-23,Serie A,Lazio,Lecce,1.5745239591690805,1.2327516894983397,0.4528906373850141,0.24828937789574201,0.2988199847192438,H,H
2025-11-23,Ligue 1,Brest,Metz,1.494918508140753,1.208715963725913,0.43821564115574757,0.2549297899385904,0.306854568905662,H,H
2025-11-23,La Liga,Betis,Girona,1.446988177100029,1.2278056038313103,0.4217205595711211,0.25777661492650866,0.3205028255023703,D,H
2025-11-24,La Liga,Espanol,Sevilla,1.4081884331801828,1.2395048568031448,0.4091327246985119,0.26004507370346164,0.33082220159802633,H,H
2025-11-24,Serie A,Torino,Como,1.5021447664832177,1.2595045422486384,0.4288713338005248,0.25269387776923136,0.31843478843024386,A,H
2025-11-24,Premier League,Man United,Everton,1.5525686409456634,1.2274440274588232,0.4486026377753872,0.250059081899111,0.3013382803255018,A,H
2025-11-24,Serie A,Sassuolo,Pisa,1.5133106890308579,1.2882321008221544,0.42545296697872365,0.2509245954510441,0.3236224375702321,D,H
2025-11-28,Ligue 1,Metz,Rennes,1.4146917936794074,1.2701562733626695,0.4042346570022958,0.2582425077231541,0.33752283527455,A,H
2025-11-28,Serie A,Como,Sassuolo,1.5379404469305467,1.26760136390046,0.4360974433335993,0.24992386779442818,0.31397868887197256,H,H
2025-11-28,Bundesliga,M'gladbach,RB Leipzig,1.5862285155872584,1.402645434001712,0.4191653173580989,0.24242089090545946,0.33841379173644165,D,H
2025-11-28,La Liga,Getafe,Elche,1.422089708543364,1.1815459701180366,0.42545776393381074,0.26143806623990007,0.3131041698262892,H,H
2025-11-29,La Liga,Levante,Ath Bilbao,1.4127960235864494,1.2335001934642453,0.4116303011395952,0.25998290730005413,0.3283867915603506,A,H
2025-11-29,Premier League,Tottenham,Fulham,1.607009015948971,1.2322808854265233,0.46101862804935123,0.24588618700654147,0.29309518494410725,A,H
2025-11-29,Premier League,Everton,Newcastle,1.507693391432956,1.270334590523585,0.4279149678176664,0.25193237565752813,0.3201526565248054,A,H
2025-11-29,Bundesliga,Bayern Munich,St Pauli,1.7766515864819326,1.288382616977024,0.48906827209714177,0.23255676656602958,0.27837496133682865,H,H
2025-11-29,Premier League,Man City,Leeds,1.6975729148470364,1.211126375849074,0.4877430837980894,0.23936150492548783,0.27289541127642275,H,H
2025-11-29,Premier League,Sunderland,Bournemouth,1.550583748473069,1.272674584186655,0.4381416912127862,0.24888482937041387,0.3129734794167999,H,H
2025-11-29,Bundesliga,Hoffenheim,Augsburg,1.6600711411031412,1.3293161679873307,0.45256188491192517,0.23992224484003744,0.3075158702480374,H,H
2025-11-29,Ligue 1,Marseille,Toulouse,1.512640068850081,1.1858434996818934,0.44784029685409915,0.2542824081533686,0.2978772949925323,D,H
2025-11-29,Premier League,Brentford,Burnley,1.5355261998670497,1.2446509335096465,0.44052761358449327,0.2508062347210674,0.30866615169443934,H,H
2025-11-29,La Liga,Ath Madrid,Oviedo,1.4963841578288295,1.1544273819626352,0.45079245962130604,0.2564952005757976,0.2927123398028963,H,H
2025-11-29,Serie A,Juventus,Cagliari,1.605982627631193,1.1779812023570742,0.4730137674259985,0.24710148556549072,0.2798847470085108,H,H
2025-11-29,Ligue 1,Paris FC,Auxerre,1.4745292929594755,1.2248936361068237,0.4294312080842012,0.2558871653736291,0.3146816265421697,D,H
2025-11-29,Serie A,Milan,Lazio,1.5256745098309725,1.2738100509486474,0.4316760037693382,0.2505748058889534,0.31774919034170834,H,H
2025-11-29,Bundesliga,Werder Bremen,FC Koln,1.6151750156028306,1.3422754109707566,0.43894512386439405,0.24252436540137656,0.3185305107342294,D,H
2025-11-29,Ligue 1,Monaco,Paris SG,1.4686646158295775,1.3500049466165074,0.40113557182108506,0.25134796106535956,0.3475164671135554,H,H
2025-11-29,Bundesliga,Leverkusen,Dortmund,1.631871869495145,1.4116962727001885,0.4282669709615424,0.23947324461735342,0.3322597844211041,A,H
2025-11-29,Serie A,Parma,Udinese,1.5106442975137617,1.2546950740431062,0.4320664007287425,0.2522609642741511,0.3156726349971065,A,H
2025-11-29,La Liga,Barcelona,Alaves,1.6000220830522107,1.1375513123375622,0.4808165103183218,0.2483256024105451,0.27085788727113314,H,H
2025-11-29,Serie A,Genoa,Verona,1.4863500189521661,1.2462911853463126,0.4277525983722193,0.25427173072885206,0.3179756708989286,H,H
2025-11-29,Bundesliga,Union Berlin,Heidenheim,1.5954842127472817,1.3397608963810632,0.4346974326486443,0.2438614666347593,0.3214411007165964,A,H
2025-11-29,La Liga,Mallorca,Osasuna,1.443795362159082,1.1989270343692335,0.42725111873304517,0.2591192580450707,0.31362962322188415,D,H
2025-11-30,Ligue 1,Lorient,Nice,1.4229964410339757,1.2544140570817723,0.4097543592053796,0.2583725673136319,0.33187307348098855,H,H
2025-11-30,Ligue 1,Angers,Lens,1.422157094271753,1.2474946871490333,0.4110293517258873,0.25872724972800853,0.33024339854610407,A,H
2025-11-30,Serie A,Lecce,Torino,1.48600047774277,1.2676577618462763,0.4230148895638534,0.2535208224064757,0.3234642880296709,H,H
2025-11-30,La Liga,Sevilla,Betis,1.4664044872188997,1.1929395910685092,0.43442085843660516,0.2576224065866394,0.3079567349767555,A,H
2025-11-30,Premier League,Crystal Palace,Man United,1.4563644722849223,1.3039180396881704,0.40772100477302453,0.25406011124714817,0.3382188839798273,A,H
2025-11-30,Premier League,West Ham,Liverpool,1.4718407186949076,1.3795319450029357,0.39581189417087353,0.24988406377361613,0.35430404205551036,A,H
2025-11-30,Premier League,Chelsea,Arsenal,1.5316319120908852,1.3035316188727173,0.42673702794962964,0.24917392041176545,0.32408905163860485,D,H
2025-11-30,Premier League,Aston Villa,Wolves,1.5103596137983049,1.264042976499097,0.42995474767852754,0.2519643865812872,0.3180808657401853,H,H
2025-11-30,Serie A,Roma,Napoli,1.5127080803949997,1.3057887565588053,0.4215279433909481,0.2503389517603203,0.3281331048487316,A,H
2025-11-30,Ligue 1,Strasbourg,Brest,1.471200133226949,1.2341476691596278,0.42654749690254284,0.255793337786975,0.3176591653104821,A,H
2025-11-30,Ligue 1,Le Havre,Lille,1.4271783796667168,1.2338349245985416,0.4152885312496183,0.25895079029104906,0.32576067845933254,A,H
2025-11-30,Bundesliga,Hamburg,Stuttgart,1.5985547119476384,1.3429676370255534,0.434759473465465,0.24356954573946654,0.32167098079506845,H,H
2025-11-30,Bundesliga,Freiburg,Mainz,1.602851209838209,1.332846147491489,0.43797448317603943,0.24358883973319706,0.31843667709076345,H,H
2025-11-30,La Liga,Girona,Real Madrid,1.4068433351887524,1.32012840651058,0.3916738653483075,0.25642498411825393,0.35190115053343846,D,H
2025-11-30,Premier League,Nott'm Forest,Brighton,1.515073624432556,1.2687402507039711,0.4301185029028872,0.25147724510729424,0.3184042519898186,A,H
2025-11-30,La Liga,Celta,Espanol,1.461770595426296,1.2116800213455279,0.4290714791189796,0.2573032799732005,0.31362524090781985,A,H
2025-11-30,Serie A,Atalanta,Fiorentina,1.5584864071404525,1.2497017431754125,0.44514976278518764,0.24900179745081824,0.3058484397639942,H,H
2025-11-30,Serie A,Pisa,Inter,1.4478437577909222,1.3306883117301145,0.3999176872748187,0.25344248275304576,0.3466398299721356,A,H
2025-11-30,Bundesliga,Ein Frankfurt,Wolfsburg,1.6007803024186924,1.3351228055763817,0.436981519913202,0.2436571497167828,0.3193613303700153,D,H
2025-11-30,Ligue 1,Lyon,Nantes,1.5308811075812383,1.1892036096710985,0.4517072426669221,0.25276582055987784,0.2955269367732001,H,H
2025-11-30,La Liga,Sociedad,Villarreal,1.4376142612768483,1.2178142517289468,0.4214885970714736,0.25884836536545414,0.31966303756307224,A,H
2025-12-01,La Liga,Vallecano,Valencia,1.4232811573205817,1.2259474822392529,0.4159956277554336,0.2595562130192771,0.3244481592252893,D,H
2025-12-01,Serie A,Bologna,Cremonese,1.4956454134293724,1.2592552636512426,0.4272823051162251,0.25315667095842864,0.3195610239253463,A,H
2025-12-02,Premier League,Bournemouth,Everton,1.5078341043358712,1.292684909181884,0.4231192641843405,0.2511328023132621,0.3257479335023975,A,H
2025-12-02,Premier League,Newcastle,Tottenham,1.4813646351555059,1.3360617519750881,0.4072452031247163,0.25116216199831065,0.341592634876973,D,H
2025-12-02,Premier League,Fulham,Man City,1.4317990470335324,1.4147792264969297,0.3786237009480611,0.2504140605612726,0.37096223849066634,A,H
2025-12-02,La Liga,Barcelona,Ath Madrid,1.5141581981401664,1.2047106141529895,0.4439983274761665,0.25360220403775263,0.3023994684860808,H,H
2025-12-03,Premier League,Leeds,Chelsea,1.4870788901641476,1.334622751080878,0.40898197386528556,0.25086841018643674,0.34014961594827775,H,H
2025-12-03,Premier League,Burnley,Crystal Palace,1.4864095700992985,1.2601567035226635,0.4247460170852501,0.25376753338616803,0.3214864495285818,A,H
2025-12-03,La Liga,Ath Bilbao,Real Madrid,1.3866142087040303,1.2883581029852944,0.3931131696439653,0.25921965826008064,0.3476671720959541,A,H
2025-12-03,Premier League,Liverpool,Sunderland,1.6390604499747365,1.2194811808694084,0.471730616158159,0.2437325755513507,0.28453680829049033,D,H
2025-12-03,Premier League,Brighton,Aston Villa,1.5140966689439537,1.270620343210262,0.4294640936143178,0.25148086030015143,0.31905504608553065,A,H
2025-12-03,Premier League,Arsenal,Brentford,1.595297884548222,1.24700760857648,0.45486011285022315,0.24640301556315305,0.29873687158662376,H,H
2025-12-03,Premier League,Wolves,Nott'm Forest,1.5096343099952894,1.2635938224591259,0.4298698629357085,0.25203024459160794,0.3180998924726835,A,H
2025-12-04,Premier League,Man United,West Ham,1.5719626155639885,1.24680677424756,0.44913739300469424,0.248106917974737,0.3027556890205688,D,H
2025-12-05,Ligue 1,Lille,Marseille,1.4469696129513892,1.2261458651243575,0.42207903498773053,0.2578425490545434,0.32007841595772607,H,H
2025-12-05,Ligue 1,Brest,Monaco,1.4529700491983373,1.2916959110415467,0.409456453400538,0.2547899632523584,0.3357535833471036,H,H
2025-12-05,La Liga,Oviedo,Mallorca,1.4557504895477333,1.1960065691520576,0.4309909640080963,0.2583241576166206,0.31068487837528314,D,H
2025-12-05,Bundesliga,Mainz,M'gladbach,1.590293778355531,1.372687760820795,0.426435990850487,0.24316711953883194,0.33039688961068103,A,H
2025-12-06,Bundesliga,Heidenheim,Freiburg,1.6133571344362805,1.336351200951073,0.4397753659461178,0.24280792172130894,0.3174167123325732,H,H
2025-12-06,Ligue 1,Toulouse,Strasbourg,1.4482601613194792,1.237921115586742,0.4198394102272605,0.2572894451775894,0.32287114459515015,H,H
2025-12-06,Serie A,Verona,Atalanta,1.4508516013735389,1.3333051664041409,0.40013167355084617,0.25314426433678655,0.34672406211236717,H,H
2025-12-06,Serie A,Inter,Como,1.588626285248886,1.212763998426444,0.46085381775543705,0.2477189571982575,0.2914272250463055,H,H
2025-12-06,La Liga,Alaves,Sociedad,1.392207321336366,1.2259355098983045,0.40790001726645597,0.26177375866345665,0.3303262240700874,H,H
2025-12-06,Premier League,Newcastle,Burnley,1.5267087720675527,1.2451077398950046,0.43821363126167867,0.2514273865288027,0.3103589822095186,H,H
2025-12-06,Ligue 1,Nantes,Lens,1.4215725155227619,1.237134799003051,0.4131199155895203,0.2592087674895262,0.3276713169209534,A,H
2025-12-06,Bundesliga,Wolfsburg,Union Berlin,1.589795694241112,1.3290681580607084,0.43560092132156625,0.24454732801839546,0.31985175066003835,H,H
2025-12-06,Premier League,Everton,Nott'm Forest,1.5169195170384413,1.2693360757224041,0.43045278709461055,0.2513292804084774,0.3182179324969121,H,H
2025-12-06,Bundesliga,Stuttgart,Bayern Munich,1.5325919710337794,1.5033892243954436,0.385714193758045,0.241343242981226,0.372942563260729,A,H
2025-12-06,Bundesliga,Augsburg,Leverkusen,1.5503311933345074,1.4129328111855923,0.4083030844245564,0.24409914160958526,0.3475977739658583,H,H
2025-12-06,La Liga,Betis,Barcelona,1.3869539748485809,1.3377568270217746,0.38292039625078467,0.2567370284658016,0.36034257528341385,A,H
2025-12-06,Premier League,Aston Villa,Arsenal,1.48081035604106,1.3444378883255872,0.40534801612631916,0.2508519828212939,0.343800001052387,H,H
2025-12-06,Premier League,Bournemouth,Chelsea,1.4742736673907508,1.3490959304210615,0.40273382024249915,0.2510513326753795,0.3462148470821213,D,H
2025-12-06,Premier League,Tottenham,Brentford,1.5944561120904657,1.2480086648776663,0.45443082390385287,0.246439704650563,0.2991294714455841,H,H
2025-12-06,La Liga,Villarreal,Getafe,1.4544624639352632,1.167082377742124,0.43711980520849175,0.2594492934269232,0.30343090136458506,H,H
2025-12-06,Premier League,Man City,Sunderland,1.6847605305899678,1.203071533707683,0.4864984157787584,0.2404648774047732,0.2730367068164684,H,H
2025-12-06,La Liga,Ath Bilbao,Ath Madrid,1.3697256738265813,1.226608830184002,0.4018529761542223,0.2633299262703229,0.3348170975754548,H,H
2025-12-06,Premier League,Leeds,Liverpool,1.465610324879546,1.3833746940777514,0.39346448814033674,0.25006576477201564,0.35646974708764767,D,H
2025-12-06,Bundesliga,RB Leipzig,Ein Frankfurt,1.6653627741871693,1.3111789694351093,0.4577728576256724,0.2399754464143703,0.30225169595995727,H,H
2025-12-06,Bundesliga,FC Koln,St Pauli,1.577671686060814,1.3596082170839594,0.4261259587776573,0.24436367951447727,0.3295103617078654,D,H
2025-12-06,Ligue 1,Paris SG,Rennes,1.5992010735863673,1.189990193167557,0.4686085443503703,0.24739940806450622,0.28399204758512353,H,H
2025-12-06,Serie A,Sassuolo,Fiorentina,1.496691851118299,1.296109041090168,0.41958304915998845,0.25174622275920766,0.32867072808080383,H,H
2025-12-07,Ligue 1,Lorient,Lyon,1.4414728310471792,1.3143573667942545,0.40172851861995745,0.2545546551821571,0.34371682619788546,H,H
2025-12-07,Ligue 1,Auxerre,Metz,1.4904227679376347,1.2097265853964707,0.43684470148619764,0.2552340395857277,0.30792125892807476,H,H
2025-12-07,Premier League,Fulham,Crystal Palace,1.510085553277205,1.2645528549257588,0.4297746801943611,0.2519660429182361,0.3182592768874028,A,H
2025-12-07,Serie A,Cagliari,Roma,1.446655770918112,1.3422513033803372,0.3972027250983449,0.2530009023668346,0.34979637253482054,H,H
2025-12-07,Ligue 1,Le Havre,Paris FC,1.4642820057604296,1.230382120250077,0.4256014418059725,0.25643092096509884,0.3179676372289287,D,H
2025-12-07,Serie A,Lazio,Bologna,1.5621284083064713,1.2284126784194234,0.4507732221416973,0.24932282236664824,0.29990395549165444,D,H
2025-12-07,Serie A,Cremonese,Lecce,1.5152759137714222,1.257229485649293,0.43267938877901513,0.25184961026658886,0.315471000954396,H,H
2025-12-07,La Liga,Real Madrid,Celta,1.5934301329274858,1.1645675653261516,0.4729676698595108,0.2483728651920746,0.27865946494841465,A,H
2025-12-07,La Liga,Elche,Girona,1.4349454084987365,1.233225328649748,0.4174299490330861,0.25842381618963467,0.3241462347772793,H,H
2025-12-07,Ligue 1,Nice,Angers,1.4732979802721287,1.1744434908905947,0.4403347606808751,0.25771589518995275,0.301949344129172,A,H
2025-12-07,Bundesliga,Hamburg,Werder Bremen,1.607249661271818,1.3411880188823242,0.43725490146715135,0.2430646982955907,0.319680400237258,H,H
2025-12-07,La Liga,Espanol,Vallecano,1.442935034964779,1.2128024140386249,0.4239661052468808,0.2586538097585352,0.31738008499458403,H,H
2025-12-07,Bundesliga,Dortmund,Hoffenheim,1.7251857943170135,1.3452420733023818,0.4645713627296113,0.2352710714243261,0.30015756584606257,H,H
2025-12-07,La Liga,Valencia,Sevilla,1.4283388938691248,1.2184381205302832,0.4189485125901788,0.25949909531277715,0.321552392097044,D,H
2025-12-07,Premier League,Brighton,West Ham,1.5202019592926717,1.2791399724900856,0.42914742482114854,0.2507717497178247,0.32008082546102673,D,H
2025-12-07,Serie A,Napoli,Juventus,1.5154335050103005,1.2699052884523743,0.42995557135318546,0.25141282829377315,0.3186316003530415,H,H
2025-12-08,La Liga,Osasuna,Levante,1.4568480564328816,1.222791329509802,0.4253581800626937,0.25725394940926777,0.31738787052803846,H,H
2025-12-08,Serie A,Pisa,Parma,1.5300135877215648,1.2582120027231838,0.43616692303658944,0.25077789671419276,0.31305518024921786,A,H
2025-12-08,Serie A,Torino,Milan,1.461666257502616,1.2903705102902616,0.4119521140446298,0.25427517671406,0.3337727092413102,A,H
2025-12-08,Serie A,Udinese,Genoa,1.4887939429149617,1.2395454103390324,0.4298506066042719,0.25433594975528134,0.3158134436404468,A,H
2025-12-08,Premier League,Wolves,Man United,1.4583317039709576,1.2946020156327418,0.4102016264874723,0.254320045669449,0.33547832784307857,A,H
2025-12-12,Bundesliga,Union Berlin,RB Leipzig,1.551559018704458,1.3913556345431146,0.4130747664463383,0.2448310917653657,0.3420941417882959,H,H
2025-12-12,Ligue 1,Angers,Nantes,1.430189932504559,1.2075119641543044,0.42182710371320525,0.2598019871445998,0.3183709091421949,H,H
2025-12-12,La Liga,Sociedad,Girona,1.4621430208159352,1.2075202471890396,0.4300868075515684,0.2574265385889504,0.31248665385948116,A,H
2025-12-12,Serie A,Lecce,Pisa,1.493778065513421,1.2755647227149904,0.423271833863547,0.25269905432270395,0.32402911181374905,H,H
2025-12-13,Serie A,Torino,Cremonese,1.5093350964787362,1.2532668614813003,0.43204848622515546,0.25240149879025386,0.3155500149845908,H,H
2025-12-13,Bundesliga,Ein Frankfurt,Augsburg,1.6337665659060605,1.3188075808588877,0.4485051003301616,0.24192973874269927,0.3095651609271391,H,H
2025-12-13,Premier League,Chelsea,Everton,1.5692945157752292,1.2314972554883254,0.4518707226780772,0.24870938168206977,0.299419895639853,H,H
2025-12-13,Serie A,Parma,Lazio,1.4799060850813772,1.3251079446770695,0.40918699318186375,0.2516978313758962,0.33911517544224007,A,H
2025-12-13,Bundesliga,St Pauli,Heidenheim,1.6072628107414852,1.344481187745304,0.4365531021313149,0.24296870702384152,0.3204781908448436,H,H
2025-12-13,La Liga,Getafe,Espanol,1.4287426938713241,1.178086408874467,0.4279651449719169,0.26105940357436397,0.3109754514537192,A,H
2025-12-13,Bundesliga,Leverkusen,FC Koln,1.6783432350135608,1.3000700272693464,0.46331123604776253,0.23931508803960816,0.2973736759126293,H,H
2025-12-13,Bundesliga,M'gladbach,Wolfsburg,1.6221466274247878,1.3424733273295841,0.44059098070404784,0.24207003470541463,0.31733898459053755,A,H
2025-12-13,Premier League,Arsenal,Wolves,1.5844308729216217,1.223398855225194,0.4574324604038154,0.24778438252774812,0.2947831570684365,H,H
2025-12-13,Premier League,Liverpool,Brighton,1.6262880567415285,1.211918838352515,0.4703151566563017,0.24485419679362785,0.28483064655007045,H,H
2025-12-13,La Liga,Barcelona,Osasuna,1.6119126782056599,1.1485408588988415,0.4812245158478013,0.24714792631969307,0.27162755783250564,H,H
2025-12-13,Ligue 1,Rennes,Brest,1.4916668529923989,1.2076291045113638,0.4376280602675799,0.25520994392151963,0.3071619958109004,H,H
2025-12-13,Ligue 1,Metz,Paris SG,1.3743160068387779,1.388980717043741,0.3692863517684827,0.2547383834513973,0.37597526478012,A,A
2025-12-13,La Liga,Mallorca,Elche,1.4368106346936211,1.2026336392177455,0.4246209422690014,0.2595012185354989,0.3158778391954997,H,H
2025-12-13,Serie A,Atalanta,Cagliari,1.6063407325452796,1.2176689257265445,0.4641258331690919,0.24626017981780737,0.2896139870131008,H,H
2025-12-13,Ligue 1,Paris FC,Toulouse,1.4799841176542734,1.2076483043135762,0.4346379999253577,0.25608686666299346,0.3092751334116489,A,H
2025-12-13,La Liga,Ath Madrid,Valencia,1.487119755065876,1.1514774457080277,0.4490834227429491,0.2573350441889491,0.2935815330681018,H,H
2025-12-13,Premier League,Burnley,Fulham,1.4976099427150031,1.2700006418300593,0.42544435207430287,0.25263808526742004,0.32191756265827703,A,H
2025-12-13,Bundesliga,Hoffenheim,Hamburg,1.6374047607630193,1.334787884278572,0.4459292312813065,0.24128312742215152,0.31278764129654196,H,H
2025-12-14,Ligue 1,Auxerre,Lille,1.4252705536509915,1.2385828164836907,0.4137636067793409,0.2588874454281541,0.3273489477925049,A,H
2025-12-14,Ligue 1,Lens,Nice,1.4479255628593843,1.216962975509302,0.4243402300569976,0.2581271519315067,0.3175326180114956,H,H
2025-12-14,Bundesliga,Bayern Munich,Mainz,1.7872996286308733,1.2706352493664146,0.495486038428676,0.2319596922115215,0.2725542693598024,D,H
2025-12-14,La Liga,Celta,Ath Bilbao,1.4149464779836287,1.2245913719860981,0.41412555872072676,0.26021078876706266,0.32566365251221063,H,H
2025-12-14,Serie A,Milan,Sassuolo,1.5756298867797496,1.233443129396475,0.4530112449688188,0.24818969514802233,0.298799059883159,D,H
2025-12-14,Serie A,Genoa,Inter,1.4094649572181774,1.338783525478566,0.38847135834692104,0.2553683301025315,0.35616031155054745,A,H
2025-12-14,Serie A,Fiorentina,Verona,1.536158157704803,1.2251515127184223,0.4449994854820646,0.2513420486717955,0.30365846584613987,A,H
2025-12-14,Premier League,West Ham,Aston Villa,1.5402651153402573,1.2867539058111976,0.43250991852735815,0.24915238307121104,0.3183376984014307,A,H
2025-12-14,Bundesliga,Werder Bremen,Stuttgart,1.6135928864362272,1.3607560963504886,0.43461510664980474,0.24209440480813543,0.3232904885420598,A,H
2025-12-14,Serie A,Udinese,Napoli,1.4240177878815274,1.345095905073832,0.39087248922372964,0.2542107424065172,0.3549167683697532,H,H
2025-12-14,Ligue 1,Marseille,Monaco,1.4877804468663187,1.265063164276339,0.42402838872500787,0.25349354388769896,0.32247806738729307,H,H
2025-12-14,La Liga,Alaves,Real Madrid,1.3586569896869596,1.3214153498381627,0.3789851801925313,0.2592463969901949,0.36176842281727384,A,H
2025-12-14,Premier League,Nott'm Forest,Tottenham,1.480200245454412,1.3442376009974755,0.40523696338421045,0.25089722017281774,0.34386581644297165,H,H
2025-12-14,Premier League,Crystal Palace,Man City,1.4207009884787933,1.4041983308619843,0.37796789562977023,0.2515181786905451,0.3705139256796847,A,H
2025-12-14,Ligue 1,Strasbourg,Lorient,1.4981310466742586,1.2261389410501848,0.4351734004997591,0.25411673289064174,0.3107098666095991,D,H
2025-12-14,Premier League,Brentford,Leeds,1.5486883254128019,1.27691922079059,0.43674426408079303,0.24888592361039877,0.31436981230880817,D,H
2025-12-14,Ligue 1,Lyon,Le Havre,1.5362991575423546,1.2132810208513651,0.44767724912818896,0.25167442751797575,0.30064832335383523,H,H
2025-12-14,Premier League,Sunderland,Newcastle,1.514851908310508,1.280051181685626,0.427607933024284,0.2511053684609593,0.3212866985147566,H,H
2025-12-14,Bundesliga,Freiburg,Dortmund,1.5665475088462675,1.4423681837106677,0.40619839833359844,0.2421005150575267,0.3517010866088749,D,H
2025-12-14,La Liga,Sevilla,Oviedo,1.4636796633622564,1.1994911386849152,0.43226203677562564,0.25759888781390367,0.3101390754104707,H,H
2025-12-14,Serie A,Bologna,Juventus,1.4127196443125756,1.3190449121390546,0.3934054967267082,0.25611838676097937,0.3504761165123124,A,H
2025-12-15,Premier League,Man United,Bournemouth,1.5934358613191844,1.2308381686036836,0.4579976689357386,0.24693174212923508,0.29507058893502625,D,H
2025-12-15,La Liga,Vallecano,Betis,1.4348139842251575,1.2223749961231625,0.4197646923873619,0.25887066339935466,0.3213646442132835,D,H
2025-12-15,Serie A,Roma,Como,1.5719556480738623,1.2360884011426907,0.4515113841550983,0.24839224239710822,0.30009637344779344,H,H
2025-12-19,La Liga,Valencia,Mallorca,1.4520305750568985,1.18860186194115,0.4316757993009778,0.25887575827543324,0.30944844242358904,D,H
2025-12-19,Bundesliga,Dortmund,M'gladbach,1.720970685904083,1.3415971357407752,0.4643698649390922,0.235618487266937,0.30001164779397077,H,H
2025-12-20,Bundesliga,Stuttgart,Hoffenheim,1.6106456553373258,1.382195741385392,0.4293604950450228,0.24163356077828435,0.3290059441766928,D,H
2025-12-20,Bundesliga,RB Leipzig,Leverkusen,1.6398589754295814,1.3537512880622846,0.4424464545998074,0.2406298062181332,0.31692373918205946,A,H
2025-12-20,Bundesliga,Augsburg,Werder Bremen,1.6006610382709234,1.359753909535674,0.43169368007762765,0.24293204852971217,0.32537427139266023,D,H
2025-12-20,Serie A,Juventus,Roma,1.5380999553811754,1.249672201168964,0.44006702573129564,0.25046817511986097,0.30946479914884345,H,H
2025-12-20,Bundesliga,Wolfsburg,Freiburg,1.6036113838772845,1.3289870594408164,0.4389890959774341,0.2436498168324818,0.3173610871900841,A,H
2025-12-20,Bundesliga,Hamburg,Ein Frankfurt,1.5809233201851525,1.3498140717962175,0.42899898418659044,0.2444759057408765,0.326525110072533,D,H
2025-12-20,Premier League,Newcastle,Chelsea,1.4828187609934675,1.3180072000011556,0.4114223884302463,0.2517994662747252,0.3367781452950285,D,H
2025-12-20,Bundesliga,FC Koln,Union Berlin,1.5721326944384701,1.349644520722902,0.4268844642587324,0.24503250460526096,0.3280830311360067,A,H
2025-12-20,La Liga,Osasuna,Alaves,1.431917364438118,1.1967753471958684,0.4246442915181168,0.260095584483097,0.3152601239987862,H,H
2025-12-20,La Liga,Real Madrid,Sevilla,1.5511737598421569,1.1789057976151596,0.4591469396334736,0.25144253545414913,0.2894105249123772,H,H
2025-12-20,Premier League,Wolves,Brentford,1.499902006554206,1.2718913819109572,0.42561310421442566,0.2524132098511565,0.3219736859344179,A,H
2025-12-20,La Liga,Oviedo,Celta,1.4710079574319852,1.2111173443208603,0.4315689373452244,0.2566369346170791,0.31179412803769657,D,H
2025-12-20,Premier League,Everton,Arsenal,1.4675883415965358,1.333205275581634,0.4043797296403893,0.25212640701445566,0.34349386334515497,A,H
2025-12-20,Premier League,Bournemouth,Burnley,1.5179107519017803,1.2744769412690944,0.42958439249928815,0.25108696168871897,0.3193286458119929,D,H
2025-12-20,Premier League,Brighton,Sunderland,1.5129309087226008,1.2652541240215303,0.43033834652980335,0.25174421075854614,0.3179174427116506,D,H
2025-12-20,Serie A,Lazio,Cremonese,1.5703176879260827,1.2412109993118414,0.4499681713655813,0.2483767884068817,0.3016550402275369,D,H
2025-12-20,La Liga,Levante,Sociedad,1.4224716822576375,1.2472799124188445,0.4111571031165724,0.25871463197543365,0.33012826490799396,D,H
2025-12-20,Premier League,Man City,West Ham,1.692857383490357,1.216274943755302,0.48544890830321763,0.23965874853411823,0.2748923431626642,H,H
2025-12-20,Premier League,Leeds,Crystal Palace,1.524945588298281,1.2709584343824316,0.4321137699907825,0.25071943136676467,0.31716679864245295,H,H
2025-12-20,Premier League,Tottenham,Liverpool,1.5329297734387692,1.33087971266052,0.4212106967562734,0.24813956605987794,0.33064973718384877,A,H
2025-12-21,Bundesliga,Mainz,St Pauli,1.5830514892833694,1.3525978519012012,0.4289269249721724,0.2442542245465854,0.32681885048124226,D,H
2025-12-21,Serie A,Cagliari,Pisa,1.4817759430336206,1.2906420623096746,0.41699250312810004,0.2529389416365714,0.3300685552353286,D,H
2025-12-21,Serie A,Genoa,Atalanta,1.4435669782174523,1.327967173665492,0.39940296574373,0.25382397685458613,0.34677305740168385,A,H
2025-12-21,La Liga,Girona,Ath Madrid,1.3897084157682682,1.256856425748809,0.40059575372838896,0.260524002934888,0.338880243336723,A,H
2025-12-21,Serie A,Fiorentina,Udinese,1.5294056208910551,1.2259124865226967,0.44313240071196697,0.2518197276634312,0.3050478716246019,H,H
2025-12-21,La Liga,Villarreal,Barcelona,1.4182047589762194,1.3164668287045056,0.39534838845017223,0.2559028910944549,0.3487487204553728,A,H
2025-12-21,Bundesliga,Heidenheim,Bayern Munich,1.5380533219754966,1.4901320787107646,0.3896658028834616,0.24164953180658075,0.3686846653099576,A,H
2025-12-21,La Liga,Elche,Vallecano,1.4471723490415298,1.2071549614210717,0.42630621980482225,0.25855584239351637,0.3151379378016613,H,H
2025-12-21,Serie A,Sassuolo,Torino,1.5054314016186705,1.2802466175067004,0.42519792474669466,0.2517387447520358,0.32306333050126945,A,H
2025-12-21,La Liga,Betis,Getafe,1.4224127248587943,1.185956519738315,0.42456310818015314,0.26123983421561614,0.31419705760423067,H,H
2025-12-21,Premier League,Aston Villa,Man United,1.4785713570655308,1.3114421191386998,0.41174496322948684,0.2523314194707163,0.33592361729979686,H,H
2025-12-22,Premier League,Fulham,Nott'm Forest,1.5193747421570596,1.2822766410360713,0.42826054381583917,0.2507212364238312,0.3210182197603296,H,H
2025-12-22,La Liga,Ath Bilbao,Espanol,1.4578900618503448,1.1695988066497898,0.43744282582451793,0.2590917237199564,0.30346545045552575,A,H
2025-12-26,Premier League,Man United,Newcastle,1.5567165318653466,1.2379722764651702,0.44730162536170553,0.24946060601033795,0.3032377686279565,H,H
2025-12-27,Serie A,Udinese,Lazio,1.4579260844984965,1.3165314217809456,0.4054480923652788,0.2534300170147294,0.3411218906199919,D,H
2025-12-27,Premier League,Nott'm Forest,Man City,1.4406133237745655,1.4128361616735206,0.3812198525238631,0.25005051247612753,0.3687296350000094,A,H
2025-12-27,Premier League,Burnley,Everton,1.4824962623609401,1.2679483913944256,0.42206343311727307,0.2537505453447003,0.3241860215380266,D,H
2025-12-27,Premier League,Chelsea,Aston Villa,1.5825162438164886,1.2425922431214005,0.45268477568724896,0.24744806884137757,0.29986715547137344,A,H
2025-12-27,Premier League,Liverpool,Wolves,1.6192601602118462,1.2078894110256388,0.4695016580977665,0.24547430253414923,0.28502403936808424,H,H
2025-12-27,Premier League,Brentford,Bournemouth,1.5654829168863813,1.2659236810152585,0.4433195696203431,0.24804000241228188,0.3086404279673751,H,H
2025-12-27,Serie A,Pisa,Juventus,1.4345427381246467,1.3196431066728476,0.39885336330311055,0.25475024387064327,0.3463963928262462,A,H
2025-12-27,Premier League,Arsenal,Brighton,1.591307603731741,1.2274800208798606,0.4582217069491697,0.24717065260058052,0.29460764045024973,H,H
2025-12-27,Serie A,Lecce,Como,1.493778065513421,1.2755647227149904,0.423271833863547,0.25269905432270395,0.32402911181374905,A,H
2025-12-27,Serie A,Torino,Cagliari,1.5312663424819533,1.2347243382563724,0.44164913839689524,0.25141718750155373,0.30693367410155104,A,H
2025-12-27,Premier League,West Ham,Fulham,1.5429678162474587,1.2773286950659373,0.4352307856630421,0.24926824914492177,0.3155009651920362,A,H
2025-12-27,Serie A,Parma,Fiorentina,1.485605573711659,1.2894286303442801,0.4182207578616194,0.25273159194280215,0.32904765019557847,H,H
2025-12-28,Serie A,Milan,Verona,1.5642393239026668,1.2053743304230269,0.45644974749105244,0.24976209555858375,0.29378815695036387,H,H
2025-12-28,Serie A,Cremonese,Napoli,1.447341201750476,1.3438912997660786,0.3970346445471864,0.252886662085239,0.3500786933675746,A,H
2025-12-28,Premier League,Crystal Palace,Tottenham,1.4597407348376792,1.336019169672666,0.4018103018990043,0.2524857923797567,0.345703905721239,A,H
2025-12-28,Serie A,Bologna,Sassuolo,1.5145444073711958,1.2670267599010305,0.4303583074179118,0.2515719980609162,0.318069694521172,D,H
2025-12-28,Premier League,Sunderland,Leeds,1.5339489961418387,1.2837287608493861,0.43159108463777984,0.2496807813744403,0.3187281339877799,D,H
2025-12-28,Serie A,Atalanta,Inter,1.5094132343328583,1.3054746037917495,0.4207702949359452,0.2505657499940981,0.32866395506995677,A,H
2025-12-29,Serie A,Roma,Genoa,1.5815186064782227,1.2033227177031183,0.46121396383791585,0.24848333867261557,0.2903026974894685,H,H
2025-12-30,Premier League,Nott'm Forest,Everton,1.5153816539393041,1.27062424303404,0.4297862272149556,0.2513920005874537,0.3188217721975907,A,H
2025-12-30,Premier League,Man United,Wolves,1.545545093348263,1.2215490648233789,0.44815620353791963,0.250746468555936,0.30109732790614446,D,H
2025-12-30,Premier League,Burnley,Newcastle,1.4864569457232972,1.2788240615619972,0.4207172974958673,0.25307487046948995,0.32620783203464276,A,H
2025-12-30,Premier League,Arsenal,Aston Villa,1.6050410524021428,1.2403779611162833,0.45872993772596676,0.24584667304988034,0.2954233892241529,H,H
2025-12-30,Premier League,Chelsea,Bournemouth,1.6106020001052495,1.2349026046619975,0.46131585141511694,0.2455596107438844,0.2931245378409986,D,H
2025-12-30,Premier League,West Ham,Brighton,1.5270859185410994,1.2733737301740875,0.43212437705121504,0.25049181480165666,0.31738380814712824,D,H
2026-01-01,Premier League,Crystal Palace,Fulham,1.5096712631447682,1.2648998786669732,0.42959477011876707,0.25198298089111204,0.3184222489901209,D,H
2026-01-01,Premier League,Liverpool,Leeds,1.6515252910749056,1.2276458893934543,0.472924760257858,0.24263620250817788,0.284439037233964,D,H
2026-01-01,Premier League,Sunderland,Man City,1.436272525004597,1.4112136799807924,0.3804610813112928,0.2503563071238059,0.36918261156490123,D,H
2026-01-01,Premier League,Brentford,Tottenham,1.4899201802301065,1.335571576289901,0.40949435988624333,0.2506549213363345,0.33985071877742207,D,H
2026-01-02,La Liga,Vallecano,Getafe,1.4116806920922964,1.1971094846486015,0.41929300565336186,0.2616001699838909,0.31910682436274723,D,H
2026-01-02,Ligue 1,Toulouse,Lens,1.4280235048372105,1.2509011554672282,0.41180975360923533,0.25817662466646657,0.33001362172429816,A,H
2026-01-02,Serie A,Cagliari,Milan,1.441846315639751,1.322271100008342,0.40016004586320697,0.2541822194713282,0.3456577346654649,A,H
2026-01-03,La Liga,Osasuna,Ath Bilbao,1.3960957389401725,1.221401511672816,0.4099012973810853,0.26169952145439845,0.32839918116451616,D,H
2026-01-03,La Liga,Espanol,Barcelona,1.3713836528556742,1.3499479688437201,0.3764245994429997,0.2569943710572673,0.366581029499733,A,H
2026-01-03,Ligue 1,Nice,Strasbourg,1.4734452256583748,1.200247502432773,0.43460516307665076,0.25683374148885324,0.30856109543449595,D,H
2026-01-03,Ligue 1,Lille,Rennes,1.4484371654091919,1.2146327699112571,0.4249848116730068,0.25817852476562714,0.3168366635613661,A,H
2026-01-03,Serie A,Sassuolo,Parma,1.531831932216656,1.2802095828169866,0.43182596820459634,0.24994083012318427,0.3182332016722194,D,H
2026-01-03,Serie A,Genoa,Pisa,1.4714477780986035,1.273798943330877,0.4179941582962196,0.254280879115184,0.32772496258859635,D,H
2026-01-03,Serie A,Atalanta,Roma,1.5384429236940957,1.2917752878084374,0.43096878121295595,0.2491122950868007,0.31991892370024333,H,H
2026-01-03,Premier League,Aston Villa,Nott'm Forest,1.5305859732216813,1.280030573292779,0.43155346880450485,0.25003199923309577,0.3184145319623994,H,H
2026-01-03,Serie A,Juventus,Lecce,1.5872214651314782,1.1875226412878799,0.4661994903935949,0.24839462477765833,0.28540588482874674,D,H
2026-01-03,Ligue 1,Monaco,Lyon,1.5214328572558797,1.2752792061765053,0.43029374913832313,0.2508178224955732,0.31888842836610376,A,H
2026-01-03,Premier League,Wolves,West Ham,1.5151475421788396,1.2736122535005894,0.4290782647542877,0.25130633421624815,0.3196154010294642,H,H
2026-01-03,Premier League,Bournemouth,Arsenal,1.47164653232662,1.3682983415907148,0.39808304111233295,0.25038482297596326,0.35153213591170385,A,H
2026-01-03,La Liga,Elche,Villarreal,1.4108729132806281,1.2437384667618427,0.40891597229661897,0.25967237783704994,0.33141164986633104,A,H
2026-01-03,Premier League,Brighton,Burnley,1.5114805386199706,1.2415377176072728,0.43516211515427855,0.2526378614261521,0.3122000234195693,H,H
2026-01-03,La Liga,Celta,Valencia,1.4369262106251801,1.2290185465474142,0.41885898732292537,0.2584521119746505,0.322688900702424,H,H
2026-01-03,Serie A,Como,Udinese,1.5201108498961777,1.2395246678767144,0.43778234008073036,0.25207972622365654,0.31013793369561304,H,H
2026-01-04,Premier League,Newcastle,Crystal Palace,1.52057697999688,1.255135480090979,0.43447126057584534,0.25154422016508304,0.3139845192590716,H,H
2026-01-04,La Liga,Sevilla,Levante,1.4946981018200574,1.193472774686297,0.44155796137329156,0.2554374779769349,0.30300456064977355,A,H
2026-01-04,Premier League,Everton,Brentford,1.5071402473585107,1.2776713424556359,0.42618504563585524,0.2517136322294843,0.32210132213466036,A,H
2026-01-04,Premier League,Leeds,Man United,1.4821844660695485,1.3203980578477903,0.41075627495693656,0.25174417462705406,0.3374995504160094,D,H
2026-01-04,Ligue 1,Lorient,Metz,1.4852175653956876,1.2308419982920493,0.4308514447844131,0.2548986757871656,0.31424987942842136,D,H
2026-01-04,Premier League,Fulham,Liverpool,1.4513284902212589,1.3764025411878174,0.39131803729184694,0.2511843149977799,0.3574976477103731,D,H
2026-01-04,Serie A,Verona,Torino,1.4711731124659098,1.2709914429779368,0.4185296807990472,0.25440812792410505,0.3270621912768477,A,H
2026-01-04,Premier League,Tottenham,Sunderland,1.6029590092122978,1.2361309937266656,0.45916394144818173,0.24609931837979634,0.29473674017202184,D,H
2026-01-04,Ligue 1,Le Havre,Angers,1.470760743958687,1.2022163876880847,0.4334782561898383,0.25696826021045877,0.30955348359970286,H,H
2026-01-04,La Liga,Mallorca,Girona,1.431749159711788,1.2295698612699224,0.4174001163488982,0.25880060732622917,0.32379927632487265,A,H
2026-01-04,Serie A,Lazio,Napoli,1.5039329659617753,1.3177262299357884,0.4167828503784662,0.2504663032248511,0.3327508463966827,A,H
2026-01-04,La Liga,Sociedad,Ath Madrid,1.3850271994608991,1.2350093693742223,0.4040599458601785,0.26186375941192974,0.33407629472789185,D,H
2026-01-04,Ligue 1,Paris SG,Paris FC,1.6269564284552858,1.175335843583404,0.47878033360430866,0.2454684700330649,0.2757511963626264,H,H
2026-01-04,Ligue 1,Brest,Auxerre,1.4718032771011023,1.228098933493701,0.4280289192408562,0.25597022061370317,0.3160008601454407,H,H
2026-01-04,La Liga,Alaves,Oviedo,1.4129648585325354,1.2198918888985057,0.41463403584612385,0.26055252400975754,0.3248134401441185,D,H
2026-01-04,La Liga,Real Madrid,Betis,1.5746402570033606,1.162278160606248,0.4688114787629375,0.24994487883890174,0.28124364239816074,H,H
2026-01-04,Serie A,Fiorentina,Cremonese,1.5280359563774066,1.245991213441422,0.4383527576539812,0.2513042691417075,0.3103429732043113,H,H
2026-01-04,Serie A,Inter,Bologna,1.5879061605763358,1.1943147310702398,0.46483194844858944,0.24819211555506535,0.28697593599634524,H,H
2026-01-04,Ligue 1,Marseille,Nantes,1.4959932360457657,1.1804865404167666,0.44480116848020046,0.2557436834006765,0.29945514811912305,A,H
2026-01-04,Premier League,Man City,Chelsea,1.6347581646622595,1.2496386734140588,0.4639358158242519,0.2434560995406702,0.29260808463507787,D,H
2026-01-06,Serie A,Lecce,Roma,1.458373426229159,1.326571062271306,0.40344680125544513,0.2529750326120241,0.34357816613253084,A,H
2026-01-06,Serie A,Pisa,Como,1.5115143299767806,1.2660966714380935,0.42979836546445316,0.25181399573041696,0.3183876388051298,A,H
2026-01-06,Premier League,West Ham,Nott'm Forest,1.540848696577582,1.2851920391789957,0.43299398646720383,0.24916303699868725,0.31784297653410887,A,H
2026-01-06,Serie A,Sassuolo,Juventus,1.4362476202980963,1.3427146994341967,0.3944706439780509,0.25359969122936005,0.3519296647925891,A,H
2026-01-07,Premier League,Newcastle,Leeds,1.5397953169480594,1.2773878701427412,0.43442706235357614,0.24948512104657825,0.3160878165998456,H,H
2026-01-07,Serie A,Parma,Inter,1.4388272516751888,1.3469744597132736,0.39423994887031283,0.2532519819630775,0.3525080691666097,A,H
2026-01-07,Premier League,Man City,Brighton,1.6716320190693494,1.1956109519841212,0.4850316581836692,0.24159813931753663,0.2733702024987941,D,H
2026-01-07,Serie A,Napoli,Verona,1.6129165638652483,1.192066118524284,0.4715217639275612,0.24627934552887387,0.28219889054356495,D,H
2026-01-07,Premier League,Burnley,Man United,1.4447290394648238,1.3091761452637154,0.4036497428200939,0.2545762615969643,0.3417739955829418,D,H
2026-01-07,Premier League,Brentford,Sunderland,1.5369996434445148,1.268426809960576,0.43568215647369324,0.24996348587021114,0.3143543576560957,H,H
2026-01-07,Premier League,Everton,Wolves,1.4968737568493726,1.2534820533281414,0.4288517870532391,0.25327369117840925,0.3178745217683516,D,H
2026-01-07,Premier League,Fulham,Chelsea,1.4725878522172777,1.327896306025351,0.4067561713783838,0.2520395854222786,0.34120424319933756,H,H
2026-01-07,Serie A,Torino,Udinese,1.5106879983605426,1.2330708899555716,0.4368263240248348,0.25297099506867354,0.31020268090649167,A,H
2026-01-07,Serie A,Bologna,Atalanta,1.4603160120049512,1.319339035161814,0.40546091185434574,0.25316156220197683,0.34137752594367743,A,H
2026-01-07,Premier League,Crystal Palace,Aston Villa,1.5070268853103683,1.2742333790996672,0.42690125689389624,0.2518421233933451,0.32125661971275854,D,H
2026-01-07,Premier League,Bournemouth,Tottenham,1.4728279212966406,1.367576347366877,0.3985282212195288,0.25034762972025054,0.35112414906022066,H,H
2026-01-07,Serie A,Lazio,Fiorentina,1.5456741196169124,1.2550158781223675,0.4407859293603297,0.2497650835126938,0.3094489871269765,D,H
2026-01-08,Serie A,Cremonese,Cagliari,1.5331866705717119,1.2471279701562312,0.43939554335415165,0.2508988049683926,0.3097056516774558,D,H
2026-01-08,Premier League,Arsenal,Liverpool,1.5337390638627395,1.3298121835960404,0.42163856251045273,0.2481259109726671,0.33023552651688026,D,H
2026-01-08,Serie A,Milan,Genoa,1.557976767990564,1.1993222312622036,0.4562444478071225,0.25039697771511443,0.29335857447776303,D,H
2026-01-09,Bundesliga,Ein Frankfurt,Dortmund,1.5805533076592317,1.4336515860443442,0.41137199061297675,0.24165898864012017,0.34696902074690317,D,H
2026-01-09,La Liga,Getafe,Sociedad,1.3924479788826813,1.2039407100432573,0.41275203613290656,0.2627352239862757,0.3245127398808177,A,H
2026-01-10,La Liga,Villarreal,Alaves,1.4810340471735985,1.1668806702560026,0.44402950407443653,0.2573490196016419,0.29862147632392155,H,H
2026-01-10,La Liga,Oviedo,Betis,1.4536616951564207,1.2087364281361745,0.42763274756970965,0.2580139054360774,0.31435334699421297,D,H
2026-01-10,Serie A,Roma,Sassuolo,1.5994384730648576,1.23755743027923,0.4579797797613118,0.24632667113651482,0.2956935491021733,H,H
2026-01-10,La Liga,Valencia,Elche,1.456347410211062,1.1912553066689673,0.4322014636267323,0.25844999715173617,0.30934853922153144,D,H
2026-01-10,La Liga,Girona,Osasuna,1.4794283828053532,1.1982553667106186,0.43658353300378194,0.25644781660917476,0.30696865038704324,H,H
2026-01-10,Bundesliga,Heidenheim,FC Koln,1.6230814567940244,1.3232415443526384,0.4449585367480183,0.24252678999166033,0.3125146732603215,D,H
2026-01-10,Serie A,Atalanta,Torino,1.5675867911969097,1.2344072750598498,0.4507992697129967,0.2487587571563816,0.3004419731306217,H,H
2026-01-10,Serie A,Udinese,Pisa,1.4797916621384724,1.273297413792992,0.42022112395085104,0.2537342887595018,0.32604458728964725,D,H
2026-01-10,Bundesliga,Union Berlin,Mainz,1.6029490204377077,1.321363197886836,0.44047011067711295,0.2439091073846364,0.31562078193825066,D,H
2026-01-10,Bundesliga,Leverkusen,Stuttgart,1.676699230024606,1.3179696214578505,0.45900615146011325,0.2390592370562631,0.30193461148362377,A,H
2026-01-10,Bundesliga,Freiburg,Hamburg,1.597179677280053,1.3322873932826924,0.43671253385281383,0.24397299805803982,0.3193144680891463,H,H
2026-01-10,Serie A,Como,Bologna,1.5108291601718769,1.2468360766146414,0.43383413619352185,0.2525100108817503,0.31365585292472786,D,H
2026-01-11,Serie A,Verona,Lazio,1.457021090405469,1.3223440896373984,0.40399368963345617,0.2532394278581766,0.34276688250836723,A,H
2026-01-11,Bundesliga,M'gladbach,Augsburg,1.655573173207823,1.3260682791039504,0.45218615460588196,0.2402975691110237,0.30751627628309436,H,H
2026-01-11,Bundesliga,Bayern Munich,Wolfsburg,1.7691730284089884,1.2805442986999547,0.48906795322889196,0.2331803115982652,0.27775173517284296,H,H
2026-01-11,La Liga,Vallecano,Mallorca,1.4368756959788709,1.2095015019815554,0.42312391274857303,0.25922915481481296,0.317646932436614,H,H
2026-01-11,Serie A,Lecce,Parma,1.5120602510669394,1.267621091324182,0.4296040563052118,0.25172407954135106,0.3186718641534372,A,H
2026-01-11,La Liga,Levante,Espanol,1.459548977115276,1.2204949135991763,0.42655739985845764,0.25714257543820307,0.31630002470333934,D,H
2026-01-11,Serie A,Fiorentina,Milan,1.4797764942313196,1.2828794627229354,0.4181530020873608,0.25337035127546087,0.3284766466371783,D,H
2026-01-11,Serie A,Inter,Napoli,1.5287503953234718,1.2811491411460492,0.43085189139704966,0.25012051223584875,0.3190275963671015,D,H
2026-01-12,Serie A,Juventus,Cremonese,1.5829812730618864,1.1956715832189917,0.4633026910003912,0.24854584338245683,0.28815146561715205,H,H
2026-01-12,Serie A,Genoa,Cagliari,1.499974241895026,1.2487375032152916,0.43067363025075006,0.25321892282684927,0.3161074469224007,H,H
2026-01-12,La Liga,Sevilla,Celta,1.4839028067537121,1.1952893913339873,0.4383912916023265,0.25620577200847633,0.3054029363891972,A,H
2026-01-13,Bundesliga,Stuttgart,Ein Frankfurt,1.597913086058652,1.3602942270971572,0.4309114653927148,0.24308672459543576,0.3260018100118494,H,H
2026-01-13,Bundesliga,Mainz,Heidenheim,1.5851228939394262,1.3525390942388997,0.4294449931882555,0.24412637462933406,0.32642863218241036,H,H
2026-01-13,Bundesliga,Dortmund,Werder Bremen,1.7400493214802335,1.315465491930477,0.4745515609499773,0.2347740768533519,0.29067436219667075,H,H
2026-01-14,Bundesliga,FC Koln,Bayern Munich,1.5117775502069017,1.5048632987797985,0.3803922869364529,0.24224813254384345,0.37735958051970353,A,H
2026-01-14,Serie A,Napoli,Parma,1.6162877496319046,1.2107895446678045,0.4681183083494103,0.2456448020764702,0.2862368895741195,D,H
2026-01-14,Bundesliga,Hoffenheim,M'gladbach,1.640902228033998,1.3741096327004456,0.43835501608775657,0.24001465249041806,0.3216303314218254,H,H
2026-01-14,Bundesliga,RB Leipzig,Freiburg,1.6754881752346542,1.2995601845673626,0.462739920394351,0.2395233785581795,0.29773670104746947,H,H
2026-01-14,Bundesliga,Wolfsburg,St Pauli,1.5953969167478326,1.3388799502524582,0.434864695648512,0.24389332602703703,0.3212419783244511,H,H
2026-01-14,Serie A,Inter,Lecce,1.6005062589253651,1.1985333010515384,0.46699745647636176,0.24711878043577895,0.28588376308785923,H,H
2026-01-15,Serie A,Verona,Bologna,1.478202721665533,1.2594635390330713,0.42281210648168943,0.25436289564624925,0.3228249978720614,A,H
2026-01-15,Bundesliga,Augsburg,Union Berlin,1.5703683622398057,1.3564554218771234,0.4250077781760808,0.24491881417327108,0.33007340765064813,D,H
2026-01-15,Serie A,Como,Milan,1.4707833380341628,1.297124189074865,0.4128239735339109,0.2534063600064051,0.3337696664596839,A,H
2026-01-16,Bundesliga,Werder Bremen,Ein Frankfurt,1.5957956298811138,1.367693216498135,0.42882843722572195,0.24298852441722918,0.3281830383570488,D,H
2026-01-16,La Liga,Espanol,Girona,1.4307438948484599,1.2389947466887687,0.41508976863229746,0.2584849381031303,0.32642529326457226,A,H
2026-01-16,Serie A,Pisa,Atalanta,1.4828743543155096,1.3199373630821072,0.41102743970249883,0.25171903186766026,0.33725352842984085,D,H
2026-01-16,Ligue 1,Monaco,Lorient,1.5703039941362809,1.2091601291702967,0.4571123278868393,0.24920352296817433,0.29368414914498625,A,H
2026-01-16,Ligue 1,Paris SG,Lille,1.5857307746845708,1.1786341723260276,0.4678469115801151,0.2487039592585033,0.28344912916138154,H,H
2026-01-17,Bundesliga,Hamburg,M'gladbach,1.5896270972509252,1.3678306391616593,0.42730006184491687,0.2433630001541047,0.3293369380009785,D,H
2026-01-17,Premier League,Leeds,Fulham,1.5364363369796652,1.2808867523323746,0.4328285547178199,0.2496034865311717,0.3175679587510085,H,H
2026-01-17,La Liga,Osasuna,Oviedo,1.4266150938528097,1.2289575391389063,0.4162041689021727,0.2591928321076963,0.324602998990131,H,H
2026-01-17,Premier League,Sunderland,Crystal Palace,1.5148036276962404,1.26136591102532,0.4316571980666681,0.251744673678614,0.31659812825471795,H,H
2026-01-17,Serie A,Cagliari,Juventus,1.4063187337690237,1.3452265842974125,0.38633815698553786,0.25523777753954024,0.35842406547492195,H,H
2026-01-17,Serie A,Udinese,Inter,1.4174573660119736,1.3382564097305303,0.39061924781196455,0.25492183123643725,0.35445892095159814,A,H
2026-01-17,Bundesliga,RB Leipzig,Bayern Munich,1.5972843822646516,1.4491073288675178,0.41222724230642044,0.2401971786461098,0.3475755790474698,A,H
2026-01-17,La Liga,Mallorca,Ath Bilbao,1.3972925832516618,1.2118897659648582,0.4122859076558531,0.2620324994248773,0.32568159291926946,H,H
2026-01-17,La Liga,Betis,Villarreal,1.422713653645968,1.2382725392631468,0.41316884895341566,0.2590803673399088,0.32775078370667543,H,H
2026-01-17,Premier League,Nott'm Forest,Arsenal,1.4790129429745253,1.3449472738323813,0.40479050127202215,0.25093968389496873,0.3442698148330091,D,H
2026-01-17,Ligue 1,Toulouse,Nice,1.4078789347558023,1.2374551874964625,0.4094953150706846,0.26015670737865904,0.3303479775506565,H,H
2026-01-17,Serie A,Napoli,Sassuolo,1.624661587312401,1.2198250174815677,0.4681378405815771,0.24482226152047,0.2870398978979528,H,H
2026-01-17,La Liga,Real Madrid,Levante,1.6050222320692007,1.1627976401165163,0.47624544311006467,0.24746425551545861,0.27629030137447674,H,H
2026-01-17,Ligue 1,Angers,Marseille,1.4098892376083916,1.2635892124524062,0.40439641402204873,0.25885803424534176,0.3367455517326095,A,H
2026-01-17,Premier League,Tottenham,West Ham,1.6106627291578266,1.249697223103272,0.4580384452025804,0.2452174157090188,0.29674413908840075,A,H
2026-01-17,Premier League,Liverpool,Burnley,1.6374891658801745,1.1966227599791355,0.4765120636315137,0.24426637892712705,0.2792215574413592,D,H
2026-01-17,Bundesliga,Hoffenheim,Leverkusen,1.6069260890722836,1.4000382977754238,0.4247133591368157,0.24129760496897526,0.33398903589420914,H,H
2026-01-17,Bundesliga,Wolfsburg,Heidenheim,1.5974844752536559,1.3388217885040357,0.4353859010567405,0.2437610234758489,0.3208530754674105,D,H
2026-01-17,Ligue 1,Lens,Auxerre,1.487869171638902,1.213243173576627,0.4354129818599659,0.25530740932782353,0.30927960881221056,H,H
2026-01-17,Premier League,Chelsea,Brentford,1.5729098095312195,1.2492337256105412,0.44883564187369257,0.24797293344054788,0.3031914246857596,H,H
2026-01-17,Premier League,Man United,Man City,1.4759655195815624,1.364823092217321,0.3998841185608429,0.25028341749768973,0.34983246394146744,H,H
2026-01-17,Bundesliga,FC Koln,Mainz,1.5871271779187481,1.3408797225226077,0.43241914239142437,0.24436201565066895,0.3232188419579067,H,H
2026-01-17,Bundesliga,Dortmund,St Pauli,1.7131332867004452,1.3219622522420662,0.4667929127143604,0.23650771846421265,0.2966993688214269,H,H
2026-01-18,Serie A,Bologna,Fiorentina,1.472173704363405,1.2732608326607506,0.41829466819684524,0.2542525449757852,0.3274527868273695,A,H
2026-01-18,La Liga,Ath Madrid,Alaves,1.501945737640066,1.1241968797626556,0.45913446126673907,0.25687931005513914,0.28398622867812173,H,H
2026-01-18,Serie A,Parma,Genoa,1.5112393138298506,1.2476204090946086,0.433765636301705,0.25245474100705123,0.31377962269124376,D,H
2026-01-18,Bundesliga,Augsburg,Freiburg,1.5840152238999299,1.3563726521094541,0.42836040840887707,0.24407429370787026,0.3275652978832526,D,H
2026-01-18,Premier League,Aston Villa,Everton,1.5172232651290611,1.2701430066416728,0.4303535703320278,0.2512810271434037,0.3183654025245685,A,H
2026-01-18,Serie A,Milan,Lecce,1.56013648344036,1.2175228161050253,0.4527043340780159,0.24976108284496837,0.29753458307701564,H,H
2026-01-18,Ligue 1,Strasbourg,Metz,1.495555298439341,1.2110162996646376,0.43786682194979826,0.2548068359592275,0.3073263420909743,H,H
2026-01-18,Ligue 1,Rennes,Le Havre,1.4871912267752123,1.2056089796098162,0.436934297525199,0.25561383069813404,0.3074518717766669,D,H
2026-01-18,Ligue 1,Lyon,Brest,1.5409225715748913,1.2153140010665509,0.4483859250860795,0.25126844572348805,0.30034562919043245,H,H
2026-01-18,La Liga,Getafe,Valencia,1.4044596542621093,1.194944226557709,0.41787895124268093,0.2622306297104174,0.3198904190469016,A,H
2026-01-18,La Liga,Sociedad,Barcelona,1.4014800581038775,1.315654896347986,0.3912301901967622,0.2569672982245073,0.35180251157873044,H,H
2026-01-18,Premier League,Wolves,Newcastle,1.5004524940809163,1.2645878201548804,0.42733744879154084,0.2526339609023702,0.320028590306089,D,H
2026-01-18,Serie A,Torino,Roma,1.4665418246286652,1.309868679176099,0.4090393122392495,0.2531629018353916,0.33779778592535886,A,H
2026-01-18,Ligue 1,Nantes,Paris FC,1.4352235112066947,1.2260429446630494,0.4190686403762478,0.25869398753720146,0.3222373720865508,A,H
2026-01-18,Bundesliga,Stuttgart,Union Berlin,1.593778095571234,1.348322489401123,0.4324529168895165,0.24371208320892307,0.3238349999015605,D,H
2026-01-18,La Liga,Celta,Vallecano,1.4621922324347412,1.2161912495348497,0.42818451563173354,0.25710727628908453,0.314708208079182,H,H
2026-01-19,La Liga,Elche,Sevilla,1.4123237106015798,1.2337330634203194,0.4114570362442601,0.26000620437532507,0.3285367593804149,D,H
2026-01-19,Premier League,Brighton,Bournemouth,1.5409681466982863,1.2627572560933609,0.43791292324208325,0.2498626979518501,0.3122243788060667,D,H
2026-01-19,Serie A,Lazio,Como,1.5628368426185495,1.2473886764024693,0.44674260363248036,0.24875259991126508,0.3045047964562546,A,H
2026-01-19,Serie A,Cremonese,Verona,1.5192607800934192,1.2446848054154902,0.43643262507092284,0.2519762156535354,0.31159115927554165,D,H
2026-01-23,Serie A,Inter,Pisa,1.588626285248886,1.212763998426444,0.46085381775543705,0.2477189571982575,0.2914272250463055,H,H
2026-01-23,Bundesliga,St Pauli,Hamburg,1.6090689760069745,1.3254627778495922,0.4410763979072714,0.24339139878541322,0.3155322033073154,D,H
2026-01-23,La Liga,Levante,Elche,1.4527525413596705,1.2240790113947662,0.42402171451998155,0.257503138412289,0.3184751470677295,H,H
2026-01-23,Ligue 1,Auxerre,Paris SG,1.396354538976493,1.3675035528978392,0.37923603689925295,0.2546860103496299,0.36607795275111704,A,H
2026-01-24,Premier League,Man City,Wolves,1.6644081715984023,1.1916357456503488,0.48418990672252654,0.2422254116199972,0.2735846816574763,H,H
2026-01-24,Premier League,West Ham,Sunderland,1.539079207043495,1.2813195496422305,0.4333937119799628,0.2494084981601317,0.31719778985990554,H,H
2026-01-24,La Liga,Valencia,Espanol,1.4631606638998687,1.187767316531997,0.4347377907830835,0.2580513754144366,0.30721083380247993,H,H
2026-01-24,La Liga,Vallecano,Osasuna,1.4481532862498099,1.2084655092268988,0.4262705067346928,0.25843340349448035,0.3152960897708269,A,H
2026-01-24,La Liga,Sevilla,Ath Bilbao,1.4323673918763844,1.192116280155966,0.42579262544949664,0.26024236650064514,0.3139650080498583,H,H
2026-01-24,Bundesliga,Leverkusen,Werder Bremen,1.685819227437264,1.3162231291479045,0.4615629964960038,0.238476222928127,0.2999607805758693,H,H
2026-01-24,Serie A,Lecce,Lazio,1.4717058231133147,1.318875715742718,0.40843743214822825,0.25246611197587804,0.3390964558758937,D,H
2026-01-24,Premier League,Fulham,Brighton,1.5058037683314067,1.2704851413134144,0.4274062649597878,0.25205730166112805,0.3205364333790841,H,H
2026-01-24,La Liga,Villarreal,Real Madrid,1.418836551628049,1.2979820693992175,0.39939536472637793,0.2567154253917587,0.3438892098818634,A,H
2026-01-24,Bundesliga,Bayern Munich,Augsburg,1.8056292539020604,1.2648960243189504,0.5010037575793794,0.23065683396138015,0.26833940845924054,A,H
2026-01-24,Bundesliga,Union Berlin,Dortmund,1.5666431040893212,1.429941662318025,0.4087684856789991,0.24255884735843794,0.34867266696256305,A,H
2026-01-24,Ligue 1,Rennes,Lorient,1.5189724180225248,1.1997924627570855,0.4463176300025659,0.2533824208665602,0.3002999491308739,A,H
2026-01-24,Serie A,Como,Torino,1.50364439558733,1.2582484010533794,0.42952395547570726,0.25263239766953527,0.31784364685475747,H,H
2026-01-24,Bundesliga,Mainz,Wolfsburg,1.5763878628384629,1.3443688581811848,0.4290486740381528,0.2449348297669949,0.32601649619485235,H,H
2026-01-24,Ligue 1,Le Havre,Monaco,1.4505395173681392,1.2878202815251485,0.40966342947956075,0.25511051898329323,0.335226051537146,D,H
2026-01-24,Ligue 1,Marseille,Lens,1.4875908054388858,1.2195744068277186,0.4339407018829465,0.2551136789525832,0.31094561916447033,H,H
2026-01-24,Serie A,Fiorentina,Cagliari,1.5502389333963977,1.2275563359836508,0.4479951362687866,0.2502288219520523,0.30177604177916106,A,H
2026-01-24,Premier League,Burnley,Tottenham,1.4480783278110112,1.341406724435518,0.39773843449278096,0.25295351491432894,0.34930805059289005,D,H
2026-01-24,Bundesliga,Ein Frankfurt,Hoffenheim,1.6188567098064743,1.3669506988312252,0.43457041830472454,0.2415854352680912,0.32384414642718423,A,H
2026-01-24,Bundesliga,Heidenheim,RB Leipzig,1.5629454424839095,1.3980846933922,0.4144558425347971,0.24392784450814756,0.3416163129570553,A,H
2026-01-24,Premier League,Bournemouth,Liverpool,1.4529899677262,1.3983765588562769,0.38724253125076935,0.25007807945505195,0.36267938929417864,H,H
2026-01-25,La Liga,Barcelona,Oviedo,1.5940973347130212,1.1681409253041721,0.4723164329236804,0.24824844871068566,0.2794351183656339,H,H
2026-01-25,Ligue 1,Paris FC,Angers,1.475953807996163,1.202687208962005,0.43470670275036755,0.2565601553452597,0.3087331419043727,D,H
2026-01-25,Premier League,Brentford,Nott'm Forest,1.538766742090591,1.2722603341982235,0.435287207195437,0.2497191513746392,0.3149936414299238,A,H
2026-01-25,Serie A,Sassuolo,Cremonese,1.5205544670492388,1.281852147174016,0.42864809755588623,0.25065550860127483,0.3206963938428389,H,H
2026-01-25,Ligue 1,Lille,Strasbourg,1.4802436815542246,1.197967152873622,0.4368567288001004,0.2563955192803275,0.30674775191957204,A,H
2026-01-25,Serie A,Juventus,Napoli,1.5160612017317943,1.2693795079724974,0.43022766889674025,0.25138722428118443,0.31838510682207527,H,H
2026-01-25,La Liga,Sociedad,Celta,1.4782956643700438,1.1933251018798305,0.43739202152688,0.2567000620539861,0.3059079164191338,H,H
2026-01-25,Premier League,Crystal Palace,Chelsea,1.4611736343877821,1.3179651931245255,0.40596783782581225,0.2531657209532518,0.340866441220936,A,H
2026-01-25,Serie A,Roma,Milan,1.529595935323516,1.2663805230100524,0.43427665269362964,0.25054556353808727,0.31517778376828304,D,H
2026-01-25,Serie A,Atalanta,Parma,1.5950773317831457,1.23437156640045,0.4576148128949252,0.24672544016165265,0.29565974694342206,H,H
2026-01-25,Premier League,Newcastle,Aston Villa,1.5293512600205525,1.2742739921330257,0.4324955753309632,0.25030589661078273,0.31719852805825416,A,H
2026-01-25,Serie A,Genoa,Bologna,1.4707807704711855,1.2544211770927187,0.42201713179623296,0.25506836487961354,0.32291450332415345,H,H
2026-01-25,Ligue 1,Brest,Toulouse,1.477248017263369,1.2108084741764764,0.43323687196992255,0.2561827018438239,0.31058042618625353,A,H
2026-01-25,Bundesliga,Freiburg,FC Koln,1.6111586105181654,1.3283166359449685,0.44096956276336763,0.24317503005320734,0.3158554071834251,H,H
2026-01-25,Premier League,Arsenal,Man United,1.5510836522308464,1.2692739227047425,0.43900910718561614,0.24895328937041697,0.31203760344396686,A,H
2026-01-25,Bundesliga,M'gladbach,Stuttgart,1.64564681321868,1.3458361918685793,0.4455355486944255,0.24046398719842682,0.31400046410714755,A,H
2026-01-25,La Liga,Alaves,Betis,1.4155952703989436,1.2132289136257177,0.4167753855976016,0.2606417700899316,0.3225828443124668,H,H
2026-01-25,Ligue 1,Metz,Lyon,1.4236943591618758,1.3120975820610787,0.3976684297548483,0.2557648324359619,0.34656673780918973,A,H
2026-01-25,La Liga,Ath Madrid,Mallorca,1.501324051171227,1.13603047459903,0.4562573246768607,0.2566109728630934,0.2871317024600458,H,H
2026-01-25,Ligue 1,Nantes,Nice,1.4015189470291418,1.223836805944038,0.4107897832916693,0.26120421594383014,0.32800600076450054,A,H
2026-01-26,La Liga,Girona,Getafe,1.4421681069053485,1.186995287468351,0.4294767905557639,0.2596899993313024,0.3108332101129337,D,H
2026-01-26,Serie A,Verona,Udinese,1.4872839727916072,1.2520780832405272,0.42672653209362993,0.2539985881241079,0.3192748797822622,A,H
2026-01-26,Premier League,Everton,Leeds,1.5267002349144576,1.273984253980761,0.4318950111678843,0.2504983055076841,0.31760668332443165,D,H
2026-01-27,Bundesliga,St Pauli,RB Leipzig,1.5630133407213036,1.3962577062516277,0.41485259481065506,0.24398932289956832,0.3411580822897766,D,H
2026-01-27,Bundesliga,Werder Bremen,Hoffenheim,1.608511326741813,1.3897138587432898,0.42726191165757593,0.24152939687414995,0.33120869146827414,A,H
2026-01-30,Ligue 1,Lens,Le Havre,1.48216568385256,1.21486718586259,0.4335965804020483,0.25567652421498277,0.31072689538296905,H,H
2026-01-30,Serie A,Lazio,Genoa,1.5723443269658819,1.2143234502751734,0.4564627082122733,0.24891994063294515,0.2946173511547815,H,H
2026-01-30,Bundesliga,FC Koln,Wolfsburg,1.571030705120027,1.3513365733989273,0.42625526852912277,0.24504612708479848,0.32869860438607873,H,H
2026-01-30,La Liga,Espanol,Alaves,1.432138673038122,1.196557449339778,0.4247500232098478,0.26008741205557423,0.3151625647345781,A,H
2026-01-31,La Liga,Oviedo,Girona,1.4549349432343945,1.2255241364532439,0.4242663483494796,0.2572897802762181,0.31844387137430213,H,H
2026-01-31,Bundesliga,Augsburg,St Pauli,1.5759011377066672,1.3664693994418635,0.42424280999737757,0.24424738324083506,0.3315098067617873,H,H
2026-01-31,Serie A,Napoli,Fiorentina,1.5792102599897098,1.2258268464513844,0.45559629274432584,0.2481161375239365,0.29628756973173764,H,H
2026-01-31,Bundesliga,Hoffenheim,Union Berlin,1.627694715546101,1.3440763246622927,0.4415882529901805,0.24166881057099085,0.3167429364388286,H,H
2026-01-31,Serie A,Cagliari,Verona,1.4967827834548524,1.2627705762477714,0.4268051775721874,0.2529528721282965,0.32024195029951624,H,H
2026-01-31,Premier League,Liverpool,Newcastle,1.6309644226114504,1.2241289743869526,0.4687116950294452,0.24425832396661243,0.28702998100394245,H,H
2026-01-31,Premier League,Wolves,Bournemouth,1.535844685486484,1.2573003339317905,0.4378273223305515,0.2503939555490107,0.3117787221204377,A,H
2026-01-31,Serie A,Pisa,Sassuolo,1.5379404469305467,1.26760136390046,0.4360974433335993,0.24992386779442818,0.31397868887197256,A,H
2026-01-31,Premier League,Brighton,Everton,1.501446578012391,1.2592750953445275,0.4287449440061406,0.2527506770455581,0.3185043789483013,D,H
2026-01-31,Bundesliga,Hamburg,Bayern Munich,1.5162967300756534,1.4918066180478111,0.3840670073511361,0.24262122479317003,0.37331176785569387,D,H
2026-01-31,La Liga,Elche,Barcelona,1.3754108495873785,1.3436618936331506,0.3787434795833009,0.25709762366806294,0.3641588967486362,A,H
2026-01-31,Ligue 1,Monaco,Rennes,1.5118122537629444,1.2345147999355512,0.4367921327709802,0.2528424291699368,0.3103654380590829,H,H
2026-01-31,Bundesliga,Werder Bremen,M'gladbach,1.604581286482974,1.3859484247413756,0.42710452084372424,0.24188275492852787,0.3310127242277478,D,H
2026-01-31,Premier League,Leeds,Arsenal,1.4844289363720584,1.35361915767046,0.40433388986465835,0.25025478036750604,0.3454113297678357,A,H
2026-01-31,La Liga,Osasuna,Villarreal,1.4065244997567874,1.2497846178821632,0.4064845700350711,0.25970487976967116,0.33381055019525774,D,H
2026-01-31,La Liga,Levante,Ath Madrid,1.371284267913021,1.2799857777759123,0.39089146992570317,0.2606127620769109,0.34849576799738596,D,H
2026-01-31,Bundesliga,RB Leipzig,Mainz,1.6768958195009807,1.2911994296178781,0.4649130417701396,0.23959163671108794,0.29549532151877256,A,H
2026-01-31,Premier League,Chelsea,West Ham,1.5888974223424286,1.2509239413457747,0.4524149915645829,0.2467705402496004,0.30081446818581664,H,H
2026-01-31,Ligue 1,Paris FC,Marseille,1.4429203654612355,1.2580230700793193,0.4141078083889375,0.25685434895041437,0.32903784266064817,D,H
2026-01-31,Ligue 1,Lorient,Nantes,1.4515099037309152,1.227402950581697,0.42297329580593945,0.25746590727436924,0.3195607969196914,H,H
2026-01-31,Bundesliga,Ein Frankfurt,Leverkusen,1.5814636211698154,1.388970633972308,0.42086622622977765,0.24316208990825375,0.3359716838619687,A,H
2026-02-01,Premier League,Man United,Fulham,1.568396691756143,1.2294307191547666,0.45210729531887717,0.24883019679940918,0.2990625078817137,H,H
2026-02-01,Serie A,Cremonese,Inter,1.4406733293731262,1.337057929556577,0.39676977108744743,0.25359259856463295,0.3496376303479196,A,H
2026-02-01,Premier League,Nott'm Forest,Crystal Palace,1.5193817684107451,1.2628161117479333,0.43249204587062295,0.25137595160018467,0.31613200252919244,D,H
2026-02-01,Bundesliga,Stuttgart,Freiburg,1.607628393189415,1.3482402158981452,0.43583821060856937,0.2428361461072542,0.3213256432841764,H,H
2026-02-01,La Liga,Betis,Valencia,1.4341013804077618,1.2145258458504293,0.4213004450802482,0.2592354197693028,0.31946413515044886,H,H
2026-02-01,Ligue 1,Strasbourg,Paris SG,1.4011631291407523,1.3689614764197588,0.3801628493015409,0.2543456841512425,0.3654914665472167,A,H
2026-02-01,Serie A,Torino,Lecce,1.5133780190422272,1.244725386529706,0.4349406594229858,0.2523971069152545,0.31266223366175966,H,H
2026-02-01,Ligue 1,Angers,Metz,1.463402491535203,1.2108952795142518,0.4296645434500551,0.25721060134111623,0.3131248552088286,H,H
2026-02-01,Serie A,Parma,Juventus,1.425609064651953,1.3357940736053566,0.39320638257484536,0.25455313585690525,0.3522404815682494,A,H
2026-02-01,Premier League,Aston Villa,Brentford,1.5207185986956573,1.2884360668883303,0.4272652428841405,0.2504190683458634,0.32231568876999606,A,H
2026-02-01,Premier League,Tottenham,Man City,1.512302282748097,1.3679871360985627,0.40827606087468243,0.2480182373279301,0.34370570179738746,D,H
2026-02-01,Ligue 1,Lyon,Lille,1.4979570916519387,1.2209817933473588,0.43626903056257316,0.25430056688933206,0.30943040254809473,H,H
2026-02-01,La Liga,Ath Bilbao,Sociedad,1.4208549088402125,1.195266838778835,0.4220960547723822,0.2609873351916514,0.3169166100359664,D,H
2026-02-01,La Liga,Getafe,Celta,1.4327349137910057,1.193808975769468,0.42551329033191704,0.26014908995717184,0.3143376197109112,D,H
2026-02-01,La Liga,Real Madrid,Vallecano,1.5894484790927825,1.1535088300980094,0.4745124302414253,0.24891322337479788,0.2765743463837768,H,H
2026-02-01,Bundesliga,Dortmund,Heidenheim,1.7153749018914481,1.3219048254085963,0.46733503854578895,0.23635628840516287,0.2963086730490482,H,H
2026-02-01,Ligue 1,Toulouse,Auxerre,1.4467177858827585,1.2336727485146013,0.42036887520836236,0.2575664021012145,0.32206472269042313,D,H
2026-02-01,Ligue 1,Nice,Brest,1.4706464037042337,1.199736450807834,0.43399981274897337,0.25706329152281127,0.30893689572821526,D,H
2026-02-01,Serie A,Como,Atalanta,1.4828743543155096,1.3199373630821072,0.41102743970249883,0.25171903186766026,0.33725352842984085,D,H
2026-02-02,Premier League,Sunderland,Burnley,1.5209121384754534,1.2512883936190686,0.4353984845032819,0.2516452954514047,0.3129562200453135,H,H
2026-02-02,La Liga,Mallorca,Sevilla,1.4091778501945893,1.2300760910374353,0.4114319131325771,0.26038695037442294,0.32818113649300007,H,H
2026-02-02,Serie A,Udinese,Roma,1.4447185202685895,1.3242130898755575,0.40048207595592245,0.25391937958898564,0.3455985444550918,H,H
2026-02-03,Serie A,Bologna,Milan,1.448408931256216,1.2965362023717697,0.4072643813999921,0.2548829395282259,0.33785267907178196,A,H
2026-02-06,Bundesliga,Union Berlin,Ein Frankfurt,1.591924552803255,1.3418094806372993,0.4333914097330841,0.24402757467690442,0.3225810155900115,D,H
2026-02-06,Ligue 1,Metz,Lille,1.4027756427778546,1.2580352313615488,0.40374120961369936,0.259588276465974,0.3366705139203267,D,H
2026-02-06,Premier League,Leeds,Nott'm Forest,1.534326187675887,1.28877200014866,0.43059264818386433,0.24948917375942728,0.31991817805670836,H,H
2026-02-06,Serie A,Verona,Pisa,1.478873095190953,1.2789191975395942,0.41877616894211017,0.25358260479166994,0.3276412262662199,D,H
2026-02-06,La Liga,Celta,Osasuna,1.4620367896479072,1.211492780253429,0.42918130597810317,0.25729034352776503,0.3135283504941319,A,H
2026-02-07,Bundesliga,Heidenheim,Hamburg,1.6089990770851486,1.3271971306410546,0.4406856504704456,0.24334771929401752,0.31596663023553684,A,H
2026-02-07,Bundesliga,St Pauli,Stuttgart,1.621562024576276,1.3397071766652573,0.4410432169691512,0.2421837048977636,0.31677307813308514,H,H
2026-02-07,Serie A,Fiorentina,Torino,1.5128384818710174,1.2444305998692524,0.43486925789960174,0.2524454601362397,0.3126852819641586,D,H
2026-02-07,Ligue 1,Lens,Rennes,1.4574509674167293,1.23435744126792,0.42297886632740056,0.25677227768044636,0.320248855992153,H,H
2026-02-07,Bundesliga,M'gladbach,Leverkusen,1.6025721178599455,1.3966176150716723,0.4243788707418503,0.24166356816672882,0.3339575610914209,D,H
2026-02-07,Premier League,Wolves,Chelsea,1.4631473622059685,1.3085488072247629,0.4084595814818539,0.25343374810796043,0.33810667041018566,A,H
2026-02-07,Bundesliga,Mainz,Augsburg,1.608871486808167,1.3279406465344232,0.44049447258326785,0.24333533146152092,0.31617019595521134,H,H
2026-02-07,Bundesliga,Freiburg,Werder Bremen,1.618335336538407,1.3448206961089195,0.4391653095416397,0.24224998542109918,0.31858470503726116,H,H
2026-02-07,La Liga,Sociedad,Elche,1.4673119432277435,1.1810670666619973,0.437306098636525,0.2579615371174162,0.3047323642460588,H,H
2026-02-07,Ligue 1,Nantes,Lyon,1.4197164701778218,1.2823189540689583,0.4029389697621039,0.25736676240432943,0.33969426783356665,A,H
2026-02-07,Premier League,Man United,Tottenham,1.5165238918120365,1.2985557483855794,0.4240348204204144,0.25034632674555735,0.3256188528340282,H,H
2026-02-07,Premier League,Bournemouth,Aston Villa,1.5205380118933487,1.3043311576951608,0.4237980696432666,0.24987753536145793,0.3263243949952755,D,H
2026-02-07,Ligue 1,Brest,Lorient,1.4974931596516046,1.2238098795233099,0.43552576871769083,0.25424108931548983,0.3102331419668194,H,H
2026-02-07,La Liga,Barcelona,Mallorca,1.5993598007513599,1.1495254794768897,0.47789037351818847,0.24817020587196625,0.2739394206098454,H,H
2026-02-07,Premier League,Fulham,Everton,1.5061099131843951,1.2723717246864672,0.4270740270292091,0.25197023069710744,0.3209557422736835,A,H
2026-02-07,Premier League,Newcastle,Brentford,1.520067556023272,1.2810848091584561,0.42869227854237285,0.2507147841097489,0.32059293734787825,A,H
2026-02-07,Premier League,Burnley,West Ham,1.5010149249989264,1.2879500884938724,0.4224243448183063,0.2517593723962293,0.32581628278546443,A,H
2026-02-07,Premier League,Arsenal,Sunderland,1.6038052706644854,1.235139464777239,0.45959312653560375,0.2460594426014297,0.2943474308629666,H,H
2026-02-07,Serie A,Genoa,Napoli,1.4159883877998813,1.3456257147792277,0.38872050542758085,0.25465543513702993,0.3566240594353892,A,H
2026-02-07,Bundesliga,Wolfsburg,Dortmund,1.5686072084263887,1.428939342066404,0.40945064369237455,0.2424878043346642,0.34806155197296124,A,H
2026-02-08,La Liga,Ath Madrid,Betis,1.4991698652168717,1.1481219698435399,0.4529418110151885,0.2564501660281014,0.2906080229567102,A,H
2026-02-08,Ligue 1,Le Havre,Strasbourg,1.4709077357666709,1.2286306049618123,0.4276829468196904,0.2560159021652522,0.3163011510150574,H,H
2026-02-08,Ligue 1,Nice,Monaco,1.4530418696730036,1.2580698138566009,0.41669326625520847,0.25615631557024454,0.32715041817454704,D,H
2026-02-08,Premier League,Brighton,Crystal Palace,1.5054099084177646,1.251536705868898,0.4314358791228354,0.2527378048157845,0.3158263160613802,A,H
2026-02-08,La Liga,Valencia,Real Madrid,1.3916271324364404,1.3083714159203161,0.39021410018291397,0.2579265939783175,0.35185930583876857,A,H
2026-02-08,Serie A,Bologna,Parma,1.5067381361290657,1.2576416549234068,0.43043734710931797,0.25243620037112163,0.3171264525195604,A,H
2026-02-08,La Liga,Ath Bilbao,Levante,1.4725994155980224,1.183406804294906,0.43814460545158995,0.25747195115445165,0.30438344339395845,H,H
2026-02-08,Ligue 1,Auxerre,Paris FC,1.4623245802943852,1.2351167254779756,0.4240630094888898,0.2563944532284767,0.3195425372826335,D,H
2026-02-08,Serie A,Lecce,Udinese,1.5022737129847499,1.248794009925537,0.4312431568344431,0.2530536645843493,0.31570317858120767,H,H
2026-02-08,Bundesliga,Bayern Munich,Hoffenheim,1.7891509681379294,1.3110710989889554,0.4869526105147513,0.23142174262033033,0.2816256468649183,H,H
2026-02-08,Bundesliga,FC Koln,RB Leipzig,1.5362444190884887,1.4119059469493527,0.40507173179252826,0.24492504684881725,0.3500032213586546,A,H
2026-02-08,Serie A,Sassuolo,Inter,1.4495644475598621,1.3539530100908175,0.39550614046481347,0.25230411548334986,0.35218974405183673,A,H
2026-02-08,Ligue 1,Paris SG,Marseille,1.5975807675612874,1.2012697096897356,0.4656565923922978,0.24728761550561837,0.2870557921020838,H,H
2026-02-08,La Liga,Sevilla,Girona,1.4676888965839572,1.2095079027604325,0.4310729558428789,0.2569413806308662,0.31198566352625484,D,H
2026-02-08,Ligue 1,Angers,Toulouse,1.4461045316559218,1.2129915627627255,0.4247436944078651,0.2584129657826269,0.3168433398095081,H,H
2026-02-08,Serie A,Juventus,Lazio,1.5521612092986077,1.2424229395887565,0.4451804041312493,0.24966719396523812,0.3051524019035125,D,H
2026-02-08,Premier League,Liverpool,Man City,1.5463619754549993,1.3495613139787652,0.42056939815736133,0.24663999948309195,0.33279060235954677,A,H
2026-02-08,La Liga,Alaves,Getafe,1.3927718387262171,1.18815244434608,0.41630382418577005,0.26339754753180117,0.32029862828242867,A,H
2026-02-09,Serie A,Roma,Cagliari,1.602430624183654,1.2117688995408118,0.46448834673461536,0.24668668023980952,0.28882497302557497,H,H
2026-02-09,Serie A,Atalanta,Cremonese,1.583334249092285,1.2359553185965853,0.4543613420529434,0.2475561837592131,0.2980824741878435,H,H
2026-02-09,La Liga,Villarreal,Espanol,1.4917687234301698,1.1783356474449695,0.44420400753835476,0.2561413279961379,0.2996546644655073,H,H
2026-02-10,Premier League,West Ham,Man United,1.4884853175127066,1.316730245767011,0.41311877683063813,0.25149009168954334,0.33539113147981847,D,H
2026-02-10,Premier League,Chelsea,Leeds,1.5933233684916277,1.2456287020656986,0.45467948821123955,0.246581216882324,0.29873929490643636,D,H
2026-02-10,Premier League,Everton,Bournemouth,1.5432563787991036,1.2630139871778867,0.4384280485799385,0.24969363108161624,0.31187832033844526,A,H
2026-02-10,Premier League,Tottenham,Newcastle,1.5950413024547412,1.2408422444696923,0.4561657992714802,0.24657242679496671,0.29726177393355313,A,H
2026-02-11,Premier League,Aston Villa,Brighton,1.5169148612805854,1.268259727855106,0.4306858290443768,0.2513658942961135,0.31794827665950964,H,H
2026-02-11,Premier League,Nott'm Forest,Wolves,1.5085263337338237,1.2645219016899034,0.4293885948463376,0.2520755576502323,0.3185358475034301,D,H
2026-02-11,Premier League,Crystal Palace,Burnley,1.50442297050454,1.245068056434079,0.43260315454227105,0.2530268801024716,0.31436996535525724,A,H
2026-02-11,Premier League,Man City,Fulham,1.6890172155453262,1.1993243938648186,0.48837227584567056,0.2401799686894823,0.27144775546484706,H,H
2026-02-11,Premier League,Sunderland,Liverpool,1.4558629855076153,1.3729337121340532,0.3931697539525981,0.25108527294465216,0.35574497310274983,A,H
2026-02-12,Premier League,Brentford,Arsenal,1.4887250811681703,1.3362766740092786,0.40904636755148477,0.2507004391870499,0.3402531932614654,D,H
2026-02-13,Serie A,Pisa,Milan,1.4707833380341628,1.297124189074865,0.4128239735339109,0.2534063600064051,0.3337696664596839,A,H
2026-02-13,Ligue 1,Rennes,Paris SG,1.4206555234534848,1.3395461201211563,0.39116661681685,0.2546713110786887,0.35416207210446127,H,H
2026-02-13,Ligue 1,Monaco,Nantes,1.5320266970028336,1.190910097985209,0.4516125890948201,0.25262958110129285,0.2957578298038871,H,H
2026-02-13,La Liga,Elche,Osasuna,1.4470185029890243,1.2024914017166906,0.427296815376878,0.2587430722154584,0.3139601124076636,D,H
2026-02-13,Bundesliga,Dortmund,Mainz,1.723400643329249,1.3037523278386016,0.4732059598329498,0.23611467213581963,0.29067936803123057,H,H
2026-02-14,Ligue 1,Marseille,Strasbourg,1.5086715957857366,1.2069194305582855,0.44211373545617677,0.2539501398600593,0.30393612468376396,D,H
2026-02-14,La Liga,Real Madrid,Sociedad,1.5486246246451796,1.1744511307501366,0.4595157672400394,0.25175575013067364,0.2887284826292869,H,H
2026-02-14,Ligue 1,Lille,Brest,1.4774319458742904,1.1974570721953797,0.43624930646886173,0.2566266276638243,0.30712406586731383,D,H
2026-02-14,Serie A,Como,Fiorentina,1.4949152192756718,1.2738382638484083,0.42393249060654264,0.2526843655611147,0.3233831438323427,A,H
2026-02-14,Bundesliga,Leverkusen,St Pauli,1.659742053418118,1.3227236312432462,0.45391233824541,0.2400967963954819,0.30599086535910813,H,H
2026-02-14,Bundesliga,Stuttgart,FC Koln,1.6173181862260313,1.3350139276065307,0.44102357544122983,0.24258786714339367,0.3163885574153765,H,H
2026-02-14,Bundesliga,Werder Bremen,Bayern Munich,1.53056107438175,1.5115665442099837,0.38360893570093185,0.24108185774639365,0.37530920655267447,A,H
2026-02-14,La Liga,Getafe,Villarreal,1.393307302685575,1.218308055569922,0.40984363600593077,0.26203711696699966,0.32811924702706957,H,H
2026-02-14,Bundesliga,Hoffenheim,Freiburg,1.64183975637989,1.343994310256712,0.44501589736288716,0.2407575228898217,0.3142265797472912,H,H
2026-02-14,Serie A,Inter,Juventus,1.5077278831572383,1.2640548598288532,0.4292890385019569,0.2521471514941697,0.3185638100038734,H,H
2026-02-14,La Liga,Sevilla,Alaves,1.4691196910605477,1.1680805709234137,0.4406883282004604,0.25825565157547803,0.30105602022406164,D,H
2026-02-14,Bundesliga,Hamburg,Union Berlin,1.5768322948676072,1.3379345683152357,0.43052988196699515,0.24511049359255907,0.32435962444044575,H,H
2026-02-14,Serie A,Lazio,Atalanta,1.5332244147060596,1.3004338115817093,0.427800344739299,0.24917350141977643,0.32302615384092453,A,H
2026-02-14,Bundesliga,Ein Frankfurt,M'gladbach,1.614901392901297,1.3632469416815527,0.43440181699744634,0.24193976214063412,0.32365842086191965,H,H
2026-02-14,Ligue 1,Paris FC,Lens,1.4554756355831286,1.241999441566124,0.42080451673799774,0.25661880238170426,0.322576680880298,A,H
2026-02-14,La Liga,Espanol,Celta,1.4465496647503726,1.2244295992243381,0.42234664912666336,0.25793961561426154,0.3197137352590752,D,H
2026-02-15,Serie A,Parma,Verona,1.5173140004964778,1.25391623371462,0.4339172524964766,0.2518151431580259,0.31426760434549744,H,H
2026-02-15,Bundesliga,RB Leipzig,Wolfsburg,1.659888922813418,1.3012688487166337,0.45862348356900706,0.2405663768206429,0.30081013961035014,D,H
2026-02-15,Ligue 1,Lyon,Nice,1.5008084768384038,1.2153740741757477,0.43823627563194123,0.2542723160157907,0.307491408352268,H,H
2026-02-15,La Liga,Mallorca,Betis,1.4304962020629108,1.2127267330340334,0.42076044628021053,0.25957150374493515,0.3196680499748544,A,H
2026-02-15,Serie A,Napoli,Roma,1.5589002498674542,1.2670965980686655,0.44142893977126885,0.24846983457950045,0.31010122564923076,D,H
2026-02-15,Bundesliga,Augsburg,Heidenheim,1.5779631862099717,1.3664100391912133,0.4247586344835738,0.24412329060913707,0.3311180749072891,H,H
2026-02-15,Ligue 1,Lorient,Angers,1.4636649900299634,1.2279076829632845,0.4259858930606318,0.25656749967996045,0.3174466072594078,H,H
2026-02-15,La Liga,Oviedo,Ath Bilbao,1.4199203760694614,1.207902214988146,0.41907005929501906,0.2605446538770021,0.32038528682797895,A,H
2026-02-15,La Liga,Levante,Valencia,1.4347423511392265,1.2379595754285544,0.41634744484861913,0.25824538413809245,0.3254071710132885,A,H
2026-02-15,Serie A,Cremonese,Genoa,1.5131782993406262,1.2384353311432936,0.4362734373138192,0.25261640955043985,0.31111015313574103,D,H
2026-02-15,Serie A,Udinese,Sassuolo,1.5056631651439913,1.274810663976889,0.42643276671164887,0.2519151992911254,0.3216520339972258,A,H
2026-02-15,Serie A,Torino,Bologna,1.5014638439036716,1.240344230707029,0.4328907866823376,0.25339838116073143,0.31371083215693096,A,H
2026-02-15,Ligue 1,Metz,Auxerre,1.4442175786653995,1.2484296497211358,0.4165160331646521,0.2571549524252515,0.3263290144100965,A,H
2026-02-15,La Liga,Vallecano,Ath Madrid,1.3603299981359211,1.2675658985255722,0.39064794459044755,0.26194751174779674,0.3474045436617557,H,H
2026-02-15,Ligue 1,Le Havre,Toulouse,1.4747768731891766,1.2071755408977456,0.4334086692233225,0.2564936025274549,0.31009772824922266,H,H
2026-02-16,Serie A,Cagliari,Lecce,1.4928568746291353,1.2754975357308151,0.4230536166613063,0.25276418438828613,0.3241821989504076,A,H
2026-02-16,La Liga,Girona,Barcelona,1.4062168829871737,1.3389285551580237,0.38761180767641157,0.25555227941077585,0.3568359129128125,H,H
2026-02-18,Premier League,Wolves,Arsenal,1.460540054062125,1.3271740892860964,0.4038678270643876,0.2528155255844913,0.3433166473511211,D,H
2026-02-18,Serie A,Milan,Como,1.5485561598698472,1.2319789840962128,0.44659219933450034,0.2502286996624075,0.30317910100309214,D,H
2026-02-18,La Liga,Levante,Villarreal,1.4233495346399483,1.2621644506030758,0.4081795062129234,0.25801364958694484,0.3338068442001316,A,H
2026-02-20,Serie A,Sassuolo,Verona,1.5286369008814409,1.2604126580106385,0.4353401838772685,0.25080475711071337,0.3138550590120181,H,H
2026-02-20,La Liga,Ath Bilbao,Elche,1.4511013508858897,1.1730334432532938,0.43491238056174325,0.25950525253701334,0.3055823669012434,H,H
2026-02-20,Ligue 1,Brest,Marseille,1.4402527861751555,1.2613150604532533,0.4127129660047133,0.2569011374536429,0.33038589654164385,H,H
2026-02-20,Bundesliga,Mainz,Hamburg,1.5869041794226908,1.3334067009196984,0.4339635033177018,0.2446041573627172,0.32143233931958104,D,H
2026-02-21,La Liga,Ath Madrid,Espanol,1.5128319838268247,1.1352328408012113,0.4593869725971664,0.2556735422102342,0.2849394851925995,H,H
2026-02-21,Bundesliga,Wolfsburg,Augsburg,1.6214182715302639,1.3144728156052803,0.44645326934500384,0.24286722501340544,0.3106795056415908,A,H
2026-02-21,Ligue 1,Toulouse,Paris FC,1.4417364477143586,1.2396858752719226,0.4177759073607378,0.25768126511609785,0.3245428275231644,D,H
2026-02-21,Serie A,Juventus,Como,1.5754400996295617,1.2016226044004523,0.460085461049898,0.24899232694573029,0.2909222120043717,A,H
2026-02-21,Serie A,Cagliari,Lazio,1.4598810454230824,1.3344649968629345,0.40217124218647915,0.25254411472459054,0.34528464308893037,D,H
2026-02-21,Premier League,West Ham,Bournemouth,1.567601018411432,1.2787909780070958,0.4410282570162081,0.24751987118389696,0.3114518717998948,D,H
2026-02-21,Premier League,Brentford,Brighton,1.5250225599600855,1.2605609419627661,0.434401139998249,0.2510542665211774,0.3145445934805736,A,H
2026-02-21,La Liga,Betis,Vallecano,1.459317732149818,1.2018498095140173,0.4306148764849053,0.25784330373435826,0.31154181978073636,D,H
2026-02-21,Premier League,Chelsea,Burnley,1.5797818948026094,1.2141511393904663,0.4583498092043711,0.2483594222277698,0.2932907685678592,D,H
2026-02-21,Serie A,Lecce,Inter,1.430854610364051,1.3406393884948278,0.3935332306272541,0.25401549965699627,0.3524512697157496,A,H
2026-02-21,La Liga,Sociedad,Oviedo,1.4581489370645508,1.1975199442518716,0.43127403676296366,0.2580877814604992,0.31063818177653707,D,H
2026-02-21,Ligue 1,Paris SG,Metz,1.6582179743734466,1.151174611615755,0.49196554060835446,0.2432706780654894,0.2647637813261562,H,H
2026-02-21,Bundesliga,Bayern Munich,Ein Frankfurt,1.7750072683264078,1.29029658670561,0.48826198363681944,0.2326535135501909,0.2790845028129897,H,H
2026-02-21,Ligue 1,Lens,Monaco,1.4688303641875657,1.2760708471179831,0.416839427853073,0.25436913298510516,0.32879143916182185,A,H
2026-02-21,Bundesliga,Union Berlin,Leverkusen,1.5675454060724332,1.3853763331252298,0.41822927897759415,0.2441079611668113,0.3376627598555946,H,H
2026-02-21,Bundesliga,FC Koln,Hoffenheim,1.58877117269172,1.383550985458902,0.4237782941446636,0.24290727440400547,0.3333144314513309,D,H
2026-02-21,Premier League,Aston Villa,Leeds,1.5404548089910939,1.2847179137021547,0.4329987401115019,0.24920515038765903,0.317796109500839,D,H
2026-02-21,La Liga,Osasuna,Real Madrid,1.3717825727591557,1.33123547364827,0.3803583867423478,0.2579576466150211,0.3616839666426312,H,H
2026-02-21,Premier League,Man City,Newcastle,1.676438770793707,1.2076567853402846,0.48345604965075334,0.2410501139690546,0.27549383638019215,H,H
2026-02-21,Bundesliga,RB Leipzig,Dortmund,1.6389150487019586,1.3972992904029693,0.4329740602279568,0.23948212798174515,0.32754381179029807,D,H
2026-02-22,Serie A,Atalanta,Napoli,1.5163992558035229,1.3121465594861224,0.4210904641037457,0.2498690308860902,0.32904050501016413,H,H
2026-02-22,Ligue 1,Nice,Lorient,1.4975671809086808,1.1919510266826556,0.4426308688474533,0.25526481884551677,0.30210431230702994,D,H
2026-02-22,Premier League,Crystal Palace,Wolves,1.487675296426251,1.256790838074331,0.42579914185096746,0.25380143454446163,0.32039942360457085,H,H
2026-02-22,La Liga,Barcelona,Levante,1.6278795968501856,1.162279858837378,0.4819966471545732,0.245609444675367,0.2723939081700598,H,H
2026-02-22,Bundesliga,Heidenheim,Stuttgart,1.621491582948924,1.3414601680886462,0.44064986077508667,0.24214013636077533,0.3172100028641379,D,H
2026-02-22,Ligue 1,Strasbourg,Lyon,1.4515060825143304,1.2931864503980475,0.40876600432157995,0.2548231497563213,0.33641084592209863,H,H
2026-02-22,Ligue 1,Auxerre,Rennes,1.4373777919540554,1.2505164364382104,0.41430441197324613,0.25754543252796736,0.3281501554987864,A,H
2026-02-22,Serie A,Genoa,Torino,1.463786456441589,1.2659029281619336,0.417746674928699,0.25510942311690943,0.32714390195439164,H,H
2026-02-22,Bundesliga,St Pauli,Werder Bremen,1.6303821165783363,1.3379318790836352,0.4435573848068386,0.2416594157478922,0.31478319944526917,H,H
2026-02-22,Ligue 1,Nantes,Le Havre,1.4346616579194298,1.2217291785479871,0.41986659930415515,0.2589075449140812,0.32122585578176366,H,H
2026-02-22,La Liga,Villarreal,Valencia,1.466414487741525,1.195197031605466,0.4339208201990543,0.25754282862501715,0.30853635117592865,H,H
2026-02-22,La Liga,Getafe,Sevilla,1.3947400373301846,1.2085072302228208,0.41235533798934865,0.2623667731774733,0.3252778888331781,A,H
2026-02-22,Premier League,Sunderland,Fulham,1.5262179548178598,1.2712192952722754,0.4323758156316098,0.25062273275019,0.31700145161820015,A,H
2026-02-22,Ligue 1,Angers,Lille,1.3994314393162137,1.239779388063983,0.4067941045627167,0.26064305484795397,0.3325628405893292,A,H
2026-02-22,Serie A,Milan,Parma,1.5675087684991982,1.2243067846722175,0.45302796781170745,0.24903013627257697,0.2979418959157155,A,H
2026-02-22,Serie A,Roma,Cremonese,1.5794801424502811,1.229966688526417,0.4547400116340756,0.24799240171775808,0.2972675866481663,H,H
2026-02-22,Premier League,Nott'm Forest,Liverpool,1.4602629918759846,1.374512183094806,0.39394848964747703,0.25076407669042605,0.355287433662097,A,H
2026-02-22,Bundesliga,Freiburg,M'gladbach,1.6005912244924576,1.3715354793054468,0.42917916696779185,0.24257452292103926,0.32824631011116895,H,H
2026-02-22,Premier League,Tottenham,Arsenal,1.5526127746853797,1.3022533109247296,0.43222413967731693,0.2478227615992235,0.3199530987234595,A,H
2026-02-22,La Liga,Celta,Mallorca,1.4506510806685857,1.2125313682255956,0.4260189208433804,0.2580949373214489,0.3158861418351707,H,H
2026-02-23,Premier League,Everton,Man United,1.4653693344293262,1.3004851819768493,0.4107356297327795,0.25362221159713977,0.33564215867008085,A,H
2026-02-23,La Liga,Alaves,Girona,1.4168351764673432,1.230079016468394,0.41342263260963935,0.25984307951844954,0.3267342878719111,D,H
2026-02-23,Serie A,Bologna,Udinese,1.4969860444788092,1.2389627910502634,0.432059025679416,0.25376744961496506,0.3141735247056188,H,H
2026-02-23,Serie A,Fiorentina,Pisa,1.5207565372497365,1.2521926823122815,0.43516108519972807,0.25162709652339066,0.31321181827688127,H,H
2026-02-27,Premier League,Wolves,Aston Villa,1.509062550898831,1.265129441236547,0.42939145504332893,0.2520174195986831,0.31859112535798795,H,H
2026-02-27,Ligue 1,Strasbourg,Lens,1.453403687539132,1.24761936514324,0.4190506987790122,0.2565451553803399,0.32440414584064786,D,H
2026-02-27,Serie A,Parma,Cagliari,1.5312220463494055,1.256377518625246,0.43687172096953697,0.25075048132989497,0.31237779770056806,D,H
2026-02-27,Bundesliga,Augsburg,FC Koln,1.5935626913068652,1.3430665843063139,0.43352223117650046,0.24388509239503026,0.32259267642846934,H,H
2026-02-27,La Liga,Levante,Alaves,1.4490461521774294,1.2086300927182636,0.42646484749947156,0.2583608812685598,0.3151742712319685,H,H
2026-02-28,La Liga,Mallorca,Sociedad,1.406862065238881,1.225428069783077,0.4118381187503794,0.26075323238192755,0.327408648867693,A,H
2026-02-28,Premier League,Leeds,Man City,1.4458887017129556,1.4219457760908636,0.3807028654830948,0.24933638703424624,0.36996074748265895,A,H
2026-02-28,Ligue 1,Le Havre,Paris SG,1.3982236588497767,1.3622614657839962,0.3807804605712236,0.2548489307475673,0.364370608681209,A,H
2026-02-28,Serie A,Inter,Genoa,1.5982906591162551,1.1806165879154995,0.4705118308411667,0.24766295933959984,0.2818252098192335,H,H
2026-02-28,Premier League,Burnley,Brentford,1.485911592897506,1.2862098439963328,0.41898942241995757,0.2528334314132762,0.32817714616676624,A,H
2026-02-28,Bundesliga,Hoffenheim,St Pauli,1.6334294651795365,1.3539989140400113,0.4408459285052028,0.24103289402555708,0.31812117746924,A,H
2026-02-28,Serie A,Verona,Napoli,1.423133842049087,1.3510346890647924,0.38942073575518255,0.2539807811277382,0.35659848311707926,A,H
2026-02-28,Ligue 1,Rennes,Toulouse,1.4984368899044378,1.1870462115612244,0.4439520746496318,0.2553504912065888,0.3006974341437794,H,H
2026-02-28,Premier League,Liverpool,West Ham,1.646937671168685,1.2328646827022145,0.47064099025749023,0.24288579553330114,0.2864732142092086,H,H
2026-02-28,Ligue 1,Monaco,Angers,1.5448560388258896,1.1913998237836743,0.4547357489567496,0.2516188433567177,0.29364540768653263,H,H
2026-02-28,La Liga,Vallecano,Ath Bilbao,1.4015101442509172,1.2215313702756654,0.41128866327253827,0.26130591691571964,0.32740541981174215,D,H
2026-02-28,Bundesliga,Leverkusen,Mainz,1.669689419280752,1.3045032189048726,0.4602684252002311,0.23982210249263686,0.29990947230713205,D,H
2026-02-28,Bundesliga,Werder Bremen,Heidenheim,1.5993639458371292,1.3656051146989523,0.43013707279885166,0.24283341606574285,0.3270295111354054,H,H
2026-02-28,La Liga,Barcelona,Villarreal,1.571648138262437,1.187937348093179,0.4622294295964037,0.2496101130807536,0.28816045732284273,H,H
2026-02-28,Bundesliga,Dortmund,Bayern Munich,1.6415813671679638,1.4631953902412453,0.4199068687244878,0.23732624932979296,0.34276688194571925,A,H
2026-02-28,Premier League,Newcastle,Everton,1.516573718861933,1.2628961211845076,0.4317686871438302,0.2515696339305988,0.31666167892557107,A,H
2026-02-28,Serie A,Como,Lecce,1.5228176494663812,1.2512401629978789,0.43588827988474854,0.25151117236704834,0.3126005477482032,H,H
2026-02-28,Premier League,Bournemouth,Sunderland,1.5193672922387333,1.2988225674035867,0.4246887598514059,0.2501485460388589,0.32516269410973525,D,H
2026-02-28,La Liga,Oviedo,Ath Madrid,1.378199287714833,1.2534231160407718,0.39832546327977036,0.2614621595303524,0.3402123771898772,A,H
2026-02-28,Bundesliga,M'gladbach,Union Berlin,1.6232844716760457,1.3407923726135527,0.44122700701980255,0.24204265588098367,0.31673033709921383,H,H
2026-03-01,La Liga,Valencia,Osasuna,1.4634271112584605,1.1875837706736938,0.4348474830326998,0.258037290235719,0.30711522673158126,H,H
2026-03-01,Premier League,Fulham,Tottenham,1.4711437593173853,1.34608632264522,0.40257646731498203,0.2513663868739908,0.3460571458110271,H,H
2026-03-01,Ligue 1,Metz,Brest,1.443011060101933,1.2521954371794035,0.4153903778541726,0.2570861829136126,0.3275234392322148,A,H
2026-03-01,Bundesliga,Ein Frankfurt,Freiburg,1.615824065688133,1.3333696886282487,0.4410148066494203,0.24273043416513085,0.31625475918544893,H,H
2026-03-01,Serie A,Sassuolo,Atalanta,1.4846366761933807,1.3430141003889835,0.40660572393206884,0.2506781626626473,0.3427161134052839,H,H
2026-03-01,Serie A,Cremonese,Milan,1.4634993016271183,1.3033331452105996,0.4096558185187524,0.253626300997981,0.3367178804832667,A,H
2026-03-01,La Liga,Elche,Espanol,1.4467550431590206,1.2026772516094566,0.4271875625346348,0.25875582167832195,0.31405661578704325,D,H
2026-03-01,Serie A,Torino,Lazio,1.4799488967142551,1.3022702220109428,0.4140445528397515,0.2526060650191939,0.3333493821410546,H,H
2026-03-01,Ligue 1,Paris FC,Nice,1.434943809010618,1.228649158341892,0.4184272193753183,0.25860914443384875,0.322963636190833,H,H
2026-03-01,La Liga,Girona,Celta,1.4832921162620036,1.2144347723167341,0.43398015960562575,0.2556076690543697,0.31041217134000454,A,H
2026-03-01,Premier League,Brighton,Nott'm Forest,1.5146703353853288,1.269078059555793,0.42994363632968025,0.25149370106997293,0.3185626626003469,H,H
2026-03-01,Premier League,Man United,Crystal Palace,1.5566669169624068,1.2199012435356542,0.45130677732745056,0.24995881249275237,0.29873441017979707,H,H
2026-03-01,Ligue 1,Marseille,Lyon,1.4856485647445408,1.26411719970439,0.42369313232617734,0.25367536837261,0.32263149930121265,H,H
2026-03-01,La Liga,Betis,Sevilla,1.4241766267725775,1.2283111072312851,0.41571285578482464,0.25939391650578153,0.3248932277093938,D,H
2026-03-01,Bundesliga,Hamburg,RB Leipzig,1.5408367381444743,1.3996557942691326,0.40872571269350305,0.24513822386530934,0.34613606344118764,A,H
2026-03-01,Premier League,Arsenal,Chelsea,1.5562055931052834,1.282947853889299,0.43729896373935506,0.24818248921245376,0.31451854704819127,H,H
2026-03-01,Ligue 1,Lorient,Auxerre,1.4622523355311066,1.2505797811606376,0.4206738124744306,0.25581055050062845,0.32351563702494096,D,H
2026-03-01,Serie A,Roma,Juventus,1.4919061730847256,1.288365710616254,0.42003974273419764,0.2523525098151799,0.32760774745062243,D,H
2026-03-01,Bundesliga,Stuttgart,Wolfsburg,1.5926609338688524,1.3500128846432082,0.4318204939596097,0.24373101690600524,0.324448489134385,H,H
2026-03-01,Ligue 1,Lille,Nantes,1.4678042202758481,1.171730327661181,0.4395276339953158,0.25823814431413405,0.30223422169055014,H,H
2026-03-02,La Liga,Real Madrid,Getafe,1.5492525667034966,1.1382548025560888,0.4679444350195418,0.252560994121937,0.2794945708585212,A,H
2026-03-02,Serie A,Pisa,Bologna,1.5108291601718769,1.2468360766146414,0.43383413619352185,0.2525100108817503,0.31365585292472786,A,H
2026-03-02,Serie A,Udinese,Fiorentina,1.4635409226467788,1.2810830353944587,0.4144170058526861,0.25452543636713115,0.33105755778018275,H,H
2026-03-03,Premier League,Bournemouth,Brentford,1.5113078074347326,1.3113026260845921,0.4199981385089794,0.25022974942640824,0.32977211206461243,D,H
2026-03-03,Premier League,Everton,Burnley,1.5137249836434719,1.2417901345489952,0.4356732671886767,0.25246799111076645,0.3118587417005568,H,H
2026-03-03,Premier League,Wolves,Liverpool,1.442024290071548,1.3563483047282958,0.39310709399430116,0.2526354789291978,0.35425742707650104,H,H
2026-03-03,Premier League,Leeds,Sunderland,1.5325641885016663,1.2848887236158861,0.43099396255180505,0.24973688530725396,0.31926915214094087,A,H
2026-03-04,Premier League,Fulham,West Ham,1.524923546706527,1.2924431992100407,0.42745189494197683,0.24999907028338805,0.32254903477463504,A,H
2026-03-04,Premier League,Man City,Nott'm Forest,1.6866975109043525,1.20670753686362,0.486138533694207,0.24026493949608643,0.27359652680970653,D,H
2026-03-04,La Liga,Vallecano,Oviedo,1.4321478607864078,1.2290882010936102,0.41760829868370647,0.25879169047706324,0.3236000108392303,H,H
2026-03-04,Premier League,Aston Villa,Chelsea,1.483453850062368,1.3255703297391495,0.4099815774987503,0.2514572537704436,0.3385611687308061,A,H
2026-03-04,Premier League,Newcastle,Man United,1.4779383582658565,1.3039595988465722,0.4131766960364821,0.25266965329200847,0.3341536506715094,H,H
2026-03-04,Premier League,Brighton,Arsenal,1.46541230474345,1.3329342768122059,0.40388798522818947,0.2522712726057956,0.34384074216601507,A,H
2026-03-04,Bundesliga,Hamburg,Leverkusen,1.556712649192546,1.3936408232096504,0.4138592908704451,0.24444877808815454,0.34169193104140044,A,H
2026-03-05,Premier League,Tottenham,Crystal Palace,1.5949904660835803,1.2227293178020835,0.46019342868615376,0.24700565468948024,0.2928009166243661,A,H
2026-03-06,Bundesliga,Bayern Munich,M'gladbach,1.7847795750261597,1.3075187477880224,0.4867237078331967,0.23176810631085773,0.28150818585594556,H,H
2026-03-06,Ligue 1,Paris SG,Monaco,1.611687218190561,1.2302042691115598,0.4626316415334019,0.2455828491759127,0.29178550929068536,A,H
2026-03-06,Serie A,Napoli,Torino,1.5884316557015743,1.2108245711319845,0.4612412173622697,0.24777866372459245,0.2909801189131379,H,H
2026-03-06,La Liga,Celta,Real Madrid,1.3903050240367982,1.334712180664301,0.3844077602115921,0.2566954729442248,0.35889676684418315,A,H
2026-03-07,Bundesliga,Wolfsburg,Hamburg,1.5992796520922403,1.3198834338560395,0.4398942960417986,0.24419319673208184,0.3159125072261196,A,H
2026-03-07,Serie A,Atalanta,Udinese,1.5847534805738317,1.2160383167284066,0.45915990831694037,0.2479367048900039,0.2929033867930557,D,H
2026-03-07,Ligue 1,Nantes,Angers,1.441573679650008,1.1979765438916548,0.426885766427811,0.25932246576034906,0.3137917678118399,A,H
2026-03-07,La Liga,Ath Madrid,Sociedad,1.4744011271622708,1.1601466769525146,0.44384148694065556,0.2580930195909594,0.29806549346838496,H,H
2026-03-07,Serie A,Cagliari,Como,1.4817759430336206,1.2906420623096746,0.41699250312810004,0.2529389416365714,0.3300685552353286,A,H
2026-03-07,Bundesliga,Freiburg,Leverkusen,1.5674497557716722,1.3974155715739747,0.41569280931775526,0.2436910284754805,0.3406161622067642,D,H
2026-03-07,La Liga,Ath Bilbao,Barcelona,1.3859967643148394,1.3067058059267715,0.3891086265612277,0.2583555713561396,0.3525358020826327,A,H
2026-03-07,Bundesliga,FC Koln,Dortmund,1.551179617627633,1.4510618900684091,0.4007041288814636,0.2425824880980724,0.35671338302046396,A,H
2026-03-07,Bundesliga,Mainz,Stuttgart,1.5992251372461108,1.347736470980986,0.4339038949732023,0.24338472443993478,0.32271138058686283,D,H
2026-03-07,Bundesliga,Heidenheim,Hoffenheim,1.6163851485180292,1.3700073007534208,0.4333247533821313,0.24164901846549894,0.32502622815236976,A,H
2026-03-07,Ligue 1,Toulouse,Marseille,1.41570504315684,1.2670396292467807,0.4051621315262754,0.2583139264892696,0.33652394198445496,A,H
2026-03-07,La Liga,Osasuna,Mallorca,1.4313246641642947,1.2093729222503973,0.42171239877238126,0.2596441981425025,0.3186434030851162,D,H
2026-03-07,Serie A,Juventus,Pisa,1.5754400996295617,1.2016226044004523,0.460085461049898,0.24899232694573029,0.2909222120043717,H,H
2026-03-07,La Liga,Levante,Girona,1.4476349075773631,1.2514955603629005,0.4167296414749831,0.2567936245559796,0.32647673396903737,D,H
2026-03-07,Bundesliga,RB Leipzig,Augsburg,1.6940932001180284,1.285367319961366,0.47030630678013996,0.23848753933296843,0.2912061538868916,H,H
2026-03-07,Ligue 1,Auxerre,Strasbourg,1.4689414531456562,1.2333584702238871,0.4261426097647655,0.25598486177083335,0.3178725284644012,D,H
2026-03-08,Ligue 1,Lille,Lorient,1.5044769351724885,1.189686439593146,0.4449000020070638,0.25480135120326125,0.3002986467896749,D,H
2026-03-08,Ligue 1,Brest,Le Havre,1.4661613751282307,1.2297428312710048,0.42622331250066425,0.256318840597565,0.31745784690177076,H,H
2026-03-08,Serie A,Lecce,Cremonese,1.5009283465454246,1.2692475041012574,0.4264454689837634,0.252436596025252,0.3211179349909846,H,H
2026-03-08,La Liga,Sevilla,Vallecano,1.4801948391568003,1.1839389216031324,0.43997819602853483,0.25686505906404955,0.3031567449074156,D,H
2026-03-08,La Liga,Villarreal,Elche,1.484822255411636,1.1817959406009797,0.4416463196961764,0.2565747757812923,0.3017789045225313,H,H
2026-03-08,Serie A,Genoa,Roma,1.4365723980057086,1.3247346742059993,0.3983028873322032,0.2543964848036051,0.34730062786419164,H,H
2026-03-08,Bundesliga,St Pauli,Ein Frankfurt,1.6036768717511718,1.3465369896435835,0.4352424343773341,0.24313742024449705,0.32162014537816885,D,H
2026-03-08,La Liga,Valencia,Alaves,1.4526318494853934,1.1762206510753621,0.434595491225314,0.25927274637090975,0.3061317624037762,H,H
2026-03-08,Ligue 1,Lens,Metz,1.5112367236713633,1.1940946708680449,0.4456313196830985,0.2541460847739733,0.3002225955429282,H,H
2026-03-08,Serie A,Fiorentina,Parma,1.5393689093534668,1.2443946012573395,0.44154700926728174,0.2505365171511486,0.30791647358156976,D,H
2026-03-08,Serie A,Bologna,Verona,1.5035954443900772,1.2381937163905101,0.4339032523908136,0.2533169921632471,0.31277975544593944,A,H
2026-03-08,Serie A,Milan,Inter,1.4833252488520448,1.2948300642571664,0.41648692883580357,0.2526752627842166,0.3308378083799798,H,H
2026-03-08,La Liga,Getafe,Betis,1.4158399707960243,1.1914620858292315,0.42162666422584455,0.26151864873744646,0.31685468703670916,H,H
2026-03-08,Ligue 1,Nice,Rennes,1.441784790324162,1.216944842737923,0.4227581236175952,0.25857765114282066,0.3186642252395841,A,H
2026-03-08,Bundesliga,Union Berlin,Werder Bremen,1.618434092023935,1.333234581455119,0.4416768540571769,0.2425640104222467,0.3157591355205764,A,H
2026-03-08,Ligue 1,Lyon,Paris FC,1.5369008148927985,1.2175649576253214,0.446873499993835,0.25150655859549403,0.30161994141067094,D,H
2026-03-09,Serie A,Lazio,Sassuolo,1.5901602416519725,1.2488711353500093,0.4531809099689156,0.2467308670022136,0.3000882230288708,H,H
2026-03-09,La Liga,Espanol,Oviedo,1.426835582965524,1.2287337818450814,0.41631005597301235,0.25918630737956017,0.32450363664742743,D,H
2026-03-13,La Liga,Alaves,Villarreal,1.3930664966218562,1.2405653325442085,0.40496481193220163,0.26104924175963556,0.33398594630816275,D,H
2026-03-13,Bundesliga,M'gladbach,St Pauli,1.6290036829875985,1.3506907183474262,0.4404868026077655,0.24140499588648476,0.3181082015057497,H,H
2026-03-13,Serie A,Torino,Parma,1.5205293511702702,1.2516609262874063,0.4352205062675223,0.2516604778069839,0.3131190159254938,H,H
2026-03-13,Ligue 1,Marseille,Auxerre,1.5070648830737758,1.2027774568065248,0.44262941672908024,0.25420045965787924,0.3031701236130404,H,H
2026-03-14,La Liga,Ath Madrid,Getafe,1.4749989728014534,1.124391208910702,0.4521391324517104,0.25914757675058414,0.2887132907977054,H,H
2026-03-14,Ligue 1,Angers,Nice,1.402095279353941,1.2340853353918668,0.408718245548395,0.26071111127443203,0.33057064317717294,A,H
2026-03-14,La Liga,Real Madrid,Elche,1.5815909639022068,1.1526049323380192,0.4727623273459086,0.24957715670298175,0.2776605159511097,H,H
2026-03-14,Bundesliga,Dortmund,Augsburg,1.7410749534887302,1.2978635190562606,0.4786623098332153,0.23496601901354497,0.28637167115323975,H,H
2026-03-14,Premier League,West Ham,Man City,1.4520352577735471,1.4179958839619244,0.383029926407755,0.24920651928105547,0.36776355431118946,D,H
2026-03-14,Ligue 1,Lorient,Lens,1.443357319248959,1.268044297113109,0.41206177141189104,0.2564112600369746,0.33152696855113445,H,H
2026-03-14,Serie A,Udinese,Juventus,1.4044354993913661,1.327148386661283,0.3895963547707579,0.2562316706438862,0.3541719745853559,A,H
2026-03-14,Serie A,Inter,Atalanta,1.5585252023533753,1.264336721070184,0.4419406976364678,0.24857714523026062,0.3094821571332716,D,H
2026-03-14,Premier League,Chelsea,Newcastle,1.5734870920650141,1.2420602705557062,0.4505664148708307,0.24812245282993933,0.3013111322992299,A,H
2026-03-14,Serie A,Napoli,Lecce,1.6086860479592544,1.204080476062332,0.4677620072445987,0.24636826994969035,0.285869722805711,H,H
2026-03-14,Ligue 1,Monaco,Brest,1.5420756752279126,1.217057957378093,0.4482865527548335,0.25113262139077214,0.3005808258543944,H,H
2026-03-14,Bundesliga,Ein Frankfurt,Heidenheim,1.6096504961426272,1.3432368498888596,0.4373991187733106,0.24285174812745344,0.3197491330992359,H,H
2026-03-14,La Liga,Oviedo,Valencia,1.441977373082361,1.2122690544752477,0.4238357806689815,0.2587449862700216,0.3174192330609969,H,H
2026-03-14,La Liga,Girona,Ath Bilbao,1.431777910447499,1.2112108362733336,0.42142600972554184,0.25953774985167016,0.3190362404227881,H,H
2026-03-14,Bundesliga,Hamburg,FC Koln,1.6001220961716538,1.324728540069387,0.43905538850644604,0.24399970920257152,0.3169449022909825,D,H
2026-03-14,Premier League,Arsenal,Everton,1.5916311323631933,1.2293027445960565,0.45789468922129534,0.24710299267458022,0.2950023181041245,H,H
2026-03-14,Premier League,Burnley,Bournemouth,1.5215190146303168,1.2714545356327915,0.43114663846139956,0.2509400071608634,0.31791335437773705,D,H
2026-03-14,Premier League,Sunderland,Brighton,1.5105084648461395,1.267283246781339,0.4292869639747239,0.25184317914752163,0.31886985687775454,A,H
2026-03-14,Bundesliga,Leverkusen,Bayern Munich,1.5904201093681132,1.4640381119171961,0.4075300279078481,0.2400292537684424,0.3524407183237095,D,H
2026-03-14,Bundesliga,Hoffenheim,Wolfsburg,1.6265537799262493,1.3457613964771356,0.44095127423632724,0.24169642313212752,0.3173523026315453,D,H
2026-03-15,La Liga,Mallorca,Espanol,1.4435324891689378,1.1991123333746598,0.42714200084499987,0.2591320421487678,0.31372595700623235,H,H
2026-03-15,La Liga,Sociedad,Osasuna,1.4744449458536926,1.1774269315676933,0.43996012903102183,0.2575274731426095,0.30251239782636874,H,H
2026-03-15,Premier League,Man United,Aston Villa,1.5656494489964266,1.2385024981490784,0.44940862722771474,0.24879145247791182,0.30179992029437347,H,H
2026-03-15,Premier League,Liverpool,Tottenham,1.5888547869546443,1.2840349874347476,0.44512410515472456,0.2458984526224506,0.3089774422228248,D,H
2026-03-15,La Liga,Barcelona,Sevilla,1.573264260371669,1.1783808435467873,0.4647991063826832,0.24970166776556743,0.28549922585174936,H,H
2026-03-15,Premier League,Nott'm Forest,Fulham,1.5308305926742833,1.2726808244958654,0.4332123979704998,0.2502556549703777,0.3165319470591225,D,H
2026-03-15,Bundesliga,Werder Bremen,Mainz,1.6068469056729506,1.3468525214337883,0.435945031690058,0.24292632805634398,0.32112864025359805,A,H
2026-03-15,Ligue 1,Strasbourg,Paris FC,1.467360349790943,1.2364335086940594,0.42506474538360095,0.2559845205891987,0.3189507340272004,D,H
2026-03-15,Ligue 1,Metz,Toulouse,1.44956026921104,1.2308529533490344,0.4217165804320769,0.25747301206883205,0.320810407499091,A,H
2026-03-15,Serie A,Lazio,Milan,1.5207228556176455,1.2779577277475185,0.4295343818575722,0.2507761993881832,0.31968941875424467,H,H
2026-03-15,Serie A,Verona,Genoa,1.487869787885157,1.245018174333943,0.4284172021645731,0.25420903332189143,0.31737376451353555,A,H
2026-03-15,Serie A,Sassuolo,Bologna,1.512624704935968,1.2686347690447022,0.4295255963152031,0.25165036979249195,0.3188240338923049,A,H
2026-03-15,La Liga,Betis,Celta,1.4629734014720357,1.2133719916426788,0.42900722103304445,0.257152521308469,0.31384025765848655,D,H
2026-03-15,Ligue 1,Rennes,Lille,1.450074768220433,1.213261057167732,0.4257094529527826,0.2581099223763932,0.3161806246708242,A,H
2026-03-15,Serie A,Como,Roma,1.4756893163008515,1.3167244095563433,0.4098977328594671,0.25230235500675663,0.33779991213377636,H,H
2026-03-15,Bundesliga,Stuttgart,RB Leipzig,1.5573957040956472,1.4105229280457725,0.4105234283549091,0.24379195787872032,0.34568461376637055,H,H
2026-03-15,Ligue 1,Le Havre,Lyon,1.4484609988135213,1.2868573000742918,0.4093386117510053,0.25528720346264216,0.3353741847863526,D,H
2026-03-15,Bundesliga,Freiburg,Union Berlin,1.5877081725809306,1.341558433402432,0.4324160446528988,0.24430415237642317,0.3232798029706781,A,H
2026-03-15,Serie A,Pisa,Cagliari,1.540817550555613,1.2411867701715593,0.44261755505091893,0.25052740897228326,0.3068550359767978,H,H
2026-03-15,Premier League,Crystal Palace,Leeds,1.5173184873725742,1.2773471578653959,0.42881293833070216,0.2510298888826132,0.3201571727866846,D,H
2026-03-16,Serie A,Cremonese,Fiorentina,1.487511670023337,1.2799357570343892,0.42074441336185375,0.25296212356527326,0.326293463072873,A,H
2026-03-16,La Liga,Vallecano,Levante,1.4624980742888822,1.222921335877167,0.42678154042445904,0.25683711186767527,0.31638134770786563,D,H
2026-03-16,Premier League,Brentford,Wolves,1.5184322755929327,1.2563697877814826,0.43366172152233073,0.2516554315988157,0.3146828468788535,D,H
2026-03-20,La Liga,Villarreal,Sociedad,1.4538729421407042,1.2041954184069905,0.42869099044385983,0.25816629427047166,0.3131427152856686,H,H
2026-03-20,Serie A,Cagliari,Napoli,1.425927280523729,1.363418580861916,0.3875797937223039,0.2532295177984467,0.3591906884792495,A,H
2026-03-20,Ligue 1,Lens,Angers,1.4893065740816636,1.191247960809738,0.4406774727626993,0.25592322582995325,0.3033993014073474,H,H
2026-03-20,Bundesliga,RB Leipzig,Hoffenheim,1.6786327993728098,1.3322897000119767,0.456356083945009,0.23862143532354124,0.30502248073144983,H,H
2026-03-20,Serie A,Genoa,Udinese,1.4798164252783967,1.247065289556854,0.42592129357963715,0.25470672529193533,0.3193719811284275,A,H
2026-03-20,Premier League,Bournemouth,Man United,1.469421389137434,1.3347169789632773,0.40452423454021885,0.251950489005176,0.3435252764546052,D,H
2026-03-21,Premier League,Everton,Chelsea,1.4702082321118368,1.314495353120201,0.4089861019044293,0.25274014567792047,0.3382737524176502,H,H
2026-03-21,Premier League,Leeds,Brentford,1.524434700752733,1.2972348955039708,0.4262968453164355,0.24986721299464631,0.32383594168891805,D,H
2026-03-21,La Liga,Osasuna,Girona,1.4305228017837348,1.2392203725449782,0.4149836547974628,0.2584911724367704,0.32652517276576687,H,H
2026-03-21,La Liga,Sevilla,Valencia,1.4546177404286378,1.1964260499211061,0.4306052379377091,0.25839478203984106,0.3109999800224498,A,H
2026-03-21,Bundesliga,Wolfsburg,Werder Bremen,1.6204631268507597,1.3323000482106033,0.4423698124579982,0.24245697995977109,0.3151732075822307,A,H
2026-03-21,La Liga,Elche,Mallorca,1.4357497499183893,1.203522272991215,0.4241495679690616,0.25954589985732496,0.3163045321736135,H,H
2026-03-21,Serie A,Milan,Torino,1.5404933614333,1.224342202171425,0.4462678590928375,0.2510435958327252,0.30268854507443727,H,H
2026-03-21,Bundesliga,Bayern Munich,Union Berlin,1.7704140033774793,1.278940887344089,0.4897133826188444,0.23310797067006114,0.27717864671109455,H,H
2026-03-21,Bundesliga,Dortmund,Hamburg,1.7173025583670303,1.303205770306977,0.4718860111728666,0.23654874194026124,0.29156524688687213,H,H
2026-03-21,Serie A,Parma,Cremonese,1.5092914347684,1.2752452193715387,0.42725182360357866,0.2516517049045187,0.3210964714919026,A,H
2026-03-21,La Liga,Espanol,Getafe,1.4064443333083272,1.1967642867664818,0.4179984043310491,0.2620058512435009,0.31999574442545003,A,H
2026-03-21,Ligue 1,Nice,Paris SG,1.4006357601083395,1.330791301604008,0.3878673390847845,0.256280639612311,0.35585202130290466,A,H
2026-03-21,Bundesliga,FC Koln,M'gladbach,1.5848893631160244,1.3798022497812281,0.4236231933164896,0.24326304839577817,0.33311375828773215,D,H
2026-03-21,Premier League,Fulham,Burnley,1.5161750382184023,1.2544498758494647,0.4335136973460741,0.2518782036750209,0.314608098978905,H,H
2026-03-21,Ligue 1,Auxerre,Brest,1.4661511861463687,1.232833320328501,0.425543283136666,0.2562051003006465,0.3182516165626874,H,H
2026-03-21,Premier League,Brighton,Liverpool,1.4468347735706122,1.3622351138884703,0.3931045956872864,0.2520878192303286,0.3548075850823849,H,H
2026-03-21,Bundesliga,Heidenheim,Leverkusen,1.5790491491282257,1.3920764740829303,0.4196294222579315,0.24319928536189234,0.3371712923801762,D,H
2026-03-21,Ligue 1,Toulouse,Lorient,1.4719698087456603,1.2293642283653923,0.42779361989203757,0.25591224164902593,0.31629413845893656,H,H
2026-03-21,Serie A,Juventus,Sassuolo,1.6029838440061719,1.2030506726643053,0.4665889210650075,0.24683106799825627,0.2865800109367362,D,H
2026-03-21,La Liga,Levante,Oviedo,1.443680455119583,1.2411310677117138,0.41796227893735155,0.2574860725500418,0.3245516485126067,H,H
2026-03-22,Ligue 1,Nantes,Strasbourg,1.4417177544238178,1.2242976064251938,0.42112866577452257,0.25829462546716986,0.3205767087583076,A,H
2026-03-22,Premier League,Newcastle,Sunderland,1.5281737547132783,1.2688923424649512,0.4333726269123115,0.2505631970975655,0.3160641759901229,A,H
2026-03-22,Ligue 1,Marseille,Lille,1.4638195388920294,1.2120317844806425,0.42952067614297595,0.2571384708131898,0.31334085304383413,A,H
2026-03-22,Bundesliga,Augsburg,Stuttgart,1.592001732284857,1.361558162700531,0.42920601817299653,0.2434146629807158,0.3273793188462877,A,H
2026-03-22,La Liga,Ath Bilbao,Betis,1.4447241140397442,1.1828781176464864,0.43105714040547993,0.2596458331586236,0.3092970264358965,H,H
2026-03-22,Serie A,Fiorentina,Inter,1.4566966491218067,1.3160749917257855,0.4052328767030445,0.2535265561987322,0.3412405670982232,D,H
2026-03-22,Serie A,Bologna,Lazio,1.4665257467639625,1.3084927736980785,0.40932705884124954,0.25322042660716,0.3374525145515905,A,H
2026-03-22,Ligue 1,Rennes,Metz,1.5163608370574984,1.1849947668811045,0.44897656736535213,0.2540169055397619,0.29700652709488595,D,H
2026-03-22,Ligue 1,Lyon,Monaco,1.5224767889704165,1.2744047728729164,0.4307454267830819,0.25077534307409827,0.3184792301428198,A,H
2026-03-22,La Liga,Celta,Alaves,1.4512517838593157,1.1999008928476878,0.42896483731207674,0.25852162693961495,0.31251353574830826,A,H
2026-03-22,Serie A,Roma,Lecce,1.5837109563506513,1.2215840128296174,0.45765988610391023,0.2478825026533792,0.2944576112427106,H,H
2026-03-22,La Liga,Barcelona,Vallecano,1.6120840556980782,1.152995185026038,0.48024125021763403,0.24705875069856748,0.27269999908379844,H,H
2026-03-22,Premier League,Aston Villa,West Ham,1.5361757215411156,1.2901793234699062,0.43074922433487106,0.2493177433765384,0.3199330322885906,H,H
2026-03-22,Serie A,Como,Pisa,1.5115143299767806,1.2660966714380935,0.42979836546445316,0.25181399573041696,0.3183876388051298,H,H
2026-03-22,La Liga,Real Madrid,Ath Madrid,1.4928976169903225,1.2052472978080018,0.43847173985958954,0.25519529245612527,0.3063329676842853,H,H
2026-03-22,Serie A,Atalanta,Verona,1.5917503858238955,1.215283472223438,0.46106141122298694,0.24742285819738566,0.2915157305796275,H,H
2026-03-22,Ligue 1,Paris FC,Le Havre,1.4688769412787601,1.226533243365582,0.42762368305924237,0.25623978686157095,0.31613653007918663,H,H
2026-03-22,Bundesliga,Mainz,Ein Frankfurt,1.5815863509721975,1.3546072172165788,0.4281423735269765,0.24428186628849308,0.3275757601845304,H,H
2026-03-22,Bundesliga,St Pauli,Freiburg,1.6134272226829574,1.3346048858165427,0.44016759034276753,0.24285213821206336,0.31698027144516916,A,H
2026-03-22,Premier League,Tottenham,Nott'm Forest,1.6048019417770358,1.2398669113910876,0.4587849296617155,0.2458762013373043,0.2953388690009802,A,H
2026-04-03,Ligue 1,Paris SG,Toulouse,1.6386172232761023,1.1531675073642351,0.4867244820944706,0.2448661964487878,0.26840932145674157,H,H
2026-04-03,La Liga,Vallecano,Elche,1.4411474762176042,1.2122016032404235,0.4236359165343151,0.25880876514693096,0.3175553183187539,H,H
2026-04-04,Bundesliga,Leverkusen,Wolfsburg,1.652755609127612,1.314676387607957,0.4539824895479135,0.24075260955582028,0.3052649008962661,H,H
2026-04-04,La Liga,Betis,Espanol,1.458896924030813,1.1973917781459371,0.43149547296218155,0.25803576097358244,0.310468766064236,D,H
2026-04-04,Bundesliga,M'gladbach,Heidenheim,1.631135215560302,1.3506320435321506,0.4410134939388019,0.24127044712046358,0.31771605894073446,D,H
2026-04-04,Bundesliga,Hoffenheim,Mainz,1.643219131271015,1.335347687179922,0.4472094800859608,0.24088798892118402,0.31190253099285525,A,H
2026-04-04,Ligue 1,Strasbourg,Nice,1.4329010891287879,1.234208673219179,0.4166875778056762,0.25852914732235577,0.324783274871968,H,H
2026-04-04,Ligue 1,Lille,Lens,1.4595601167543961,1.2105282613513961,0.42875701625940776,0.2575094477130053,0.31373353602758697,H,H
2026-04-04,La Liga,Mallorca,Real Madrid,1.3729585738907495,1.3208683886383514,0.38279911124042876,0.2584274552718924,0.35877343348767887,H,H
2026-04-04,Serie A,Lazio,Parma,1.5819642309543844,1.2396205124904736,0.4532077755677721,0.2475644296290459,0.29922779480318207,D,H
2026-04-04,Bundesliga,Hamburg,Augsburg,1.608197017578272,1.3232418581716041,0.4413431644177819,0.24351045767716611,0.315146377905052,D,H
2026-04-04,Bundesliga,Werder Bremen,RB Leipzig,1.555331939061566,1.418195124241678,0.40843709219180147,0.24362195143094384,0.34794095637725464,A,H
2026-04-04,Serie A,Verona,Fiorentina,1.462632443195055,1.2867391937345392,0.4129740910199352,0.2543585931029858,0.332667315877079,A,H
2026-04-04,Ligue 1,Brest,Rennes,1.441713526260704,1.2494717383838656,0.41564632161851583,0.25728711940221405,0.32706655897927006,A,H
2026-04-04,Bundesliga,Freiburg,Bayern Munich,1.5267550761325492,1.4958472535527292,0.3857987264524515,0.24194672347747348,0.37225455007007513,A,H
2026-04-04,Serie A,Sassuolo,Cagliari,1.5426487350192526,1.26288669461126,0.4383042388453756,0.24974034476456922,0.31195541639005503,H,H
2026-04-04,La Liga,Sociedad,Levante,1.4890501678452988,1.191511470585268,0.4405529336580962,0.25593445875136406,0.3035126075905397,H,H
2026-04-04,La Liga,Ath Madrid,Barcelona,1.4382293215407191,1.2683112668375531,0.4106890246009646,0.2567461645967422,0.33256481080229316,A,H
2026-04-04,Bundesliga,Stuttgart,Dortmund,1.5725365330911267,1.4496405163369892,0.40616052948364245,0.24150724878861515,0.3523322217277424,A,H
2026-04-05,La Liga,Alaves,Osasuna,1.4287558982323267,1.1994235006143532,0.4232369250535273,0.26022906552508324,0.3165340094213895,D,H
2026-04-05,Bundesliga,Ein Frankfurt,FC Koln,1.6255632571868848,1.3202892807801938,0.4461985366256407,0.24243920443201666,0.31136225894234265,D,H
2026-04-05,Ligue 1,Le Havre,Auxerre,1.4693412410014886,1.224414121584784,0.42820849801193767,0.25628309929383075,0.31550840269423164,D,H
2026-04-05,La Liga,Oviedo,Sevilla,1.4319981133376394,1.226028700543679,0.4182371830903081,0.2589267005756825,0.3228361163340094,H,H
2026-04-05,Ligue 1,Angers,Lyon,1.4203002856842388,1.2930572187611593,0.40081182870355603,0.2568456523223596,0.3423425189740844,D,H
2026-04-05,La Liga,Getafe,Ath Bilbao,1.3829765415745787,1.1906397946214544,0.4131739411135303,0.2640248471507329,0.3228012117357368,H,H
2026-04-05,Serie A,Pisa,Torino,1.50364439558733,1.2582484010533794,0.42952395547570726,0.25263239766953527,0.31784364685475747,A,H
2026-04-05,Ligue 1,Lorient,Paris FC,1.4572175088068549,1.2566753156152297,0.4180638359397868,0.25592334249367465,0.3260128215665386,D,H
2026-04-05,Bundesliga,Union Berlin,St Pauli,1.5933992681416707,1.3398190989266676,0.4341766529399252,0.24399330545324077,0.32183004160683404,D,H
2026-04-05,Ligue 1,Metz,Nantes,1.4336076391450663,1.2252926672453284,0.41881453373155647,0.25884058222514433,0.32234488404329914,D,H
2026-04-05,Serie A,Inter,Roma,1.5509736098714346,1.2612591090263596,0.44073693104875916,0.24920186965808483,0.3100611992931559,H,H
2026-04-05,Serie A,Cremonese,Bologna,1.5033467973228212,1.2528043181857687,0.4306373453101956,0.2528405161887725,0.3165221385010319,A,H
2026-04-05,La Liga,Valencia,Celta,1.4672490551638606,1.2036190833881413,0.43226444851108065,0.2571834463267087,0.31055210516221077,A,H
2026-04-05,Ligue 1,Monaco,Marseille,1.5102804898440592,1.2462163502194927,0.4338315702794551,0.25256975844962554,0.31359867127091934,H,H
2026-04-06,Serie A,Juventus,Genoa,1.5850242556200815,1.1697705250239103,0.469689861386476,0.2489471964281819,0.28136294218534214,H,H
2026-04-06,Serie A,Napoli,Milan,1.5537176340815266,1.248235116870907,0.44428536766013127,0.24938760734433035,0.3063270249955383,H,H
2026-04-06,Serie A,Lecce,Atalanta,1.4654741542694556,1.3298080427212522,0.40456021771973644,0.25239956826589766,0.34304021401436596,A,H
2026-04-06,Serie A,Udinese,Como,1.4797916621384724,1.273297413792992,0.42022112395085104,0.2537342887595018,0.32604458728964725,D,H
2026-04-06,La Liga,Girona,Villarreal,1.4424732151849124,1.2393571300836095,0.41803720008146456,0.2576423903944176,0.3243204095241178,H,H
2026-04-10,La Liga,Real Madrid,Girona,1.5760194690218174,1.178420626647124,0.4654774605695623,0.24948162195897802,0.2850409174714597,D,H
2026-04-10,Serie A,Roma,Pisa,1.5719556480738623,1.2360884011426907,0.4515113841550983,0.24839224239710822,0.30009637344779344,H,H
2026-04-10,Ligue 1,Marseille,Metz,1.5307339110654845,1.1837941335197473,0.4528890404267749,0.2529259699365112,0.29418498963671386,H,H
2026-04-10,Bundesliga,Augsburg,Hoffenheim,1.5869881678943476,1.390532993579632,0.4218806447941084,0.24278306527376775,0.3353362899321238,D,H
2026-04-10,Ligue 1,Paris FC,Monaco,1.4556611828963524,1.288324627657623,0.4108610996137347,0.25475330008894437,0.33438560029732106,H,H
2026-04-10,Premier League,West Ham,Wolves,1.5204867175059855,1.2691399756161794,0.4313912632807153,0.2510887237751477,0.3175200129441369,H,H
2026-04-11,Bundesliga,Dortmund,Leverkusen,1.6853366681214574,1.3669123085409327,0.45049102293069954,0.23740593815179695,0.3121030389175036,A,H
2026-04-11,La Liga,Elche,Valencia,1.4221658640377128,1.2198869517525768,0.41702887510428716,0.2598876409801805,0.3230834839155325,H,H
2026-04-11,Serie A,Torino,Verona,1.5173578942885264,1.2323054726387686,0.43868045164756314,0.2525087019749919,0.308810846377445,H,H
2026-04-11,Bundesliga,Heidenheim,Union Berlin,1.5994574816489677,1.3364327489521,0.4363784092678818,0.24370434901989174,0.31991724171222646,H,H
2026-04-11,Premier League,Liverpool,Fulham,1.6432016699473386,1.215682930813257,0.47359430828420973,0.24348577534721585,0.2829199163685744,H,H
2026-04-11,Ligue 1,Auxerre,Nantes,1.4565969719265763,1.20634653543926,0.4289178413278247,0.25788344717419875,0.3131987114979765,D,H
2026-04-11,Ligue 1,Rennes,Angers,1.4943563294461117,1.1821697509052191,0.4440042690143088,0.2558194369973163,0.300176293988375,H,H
2026-04-11,Serie A,Cagliari,Cremonese,1.4888687733969523,1.2842501733568854,0.42015815959013375,0.25270947197158417,0.32713236843828214,H,H
2026-04-11,Bundesliga,RB Leipzig,M'gladbach,1.6745314328659877,1.3286798569458929,0.4561600944088043,0.23897379580561812,0.30486610978557754,H,H
2026-04-11,Bundesliga,St Pauli,Bayern Munich,1.5381201388372636,1.48818480601804,0.3900702012980164,0.24172849921701206,0.3682012994849716,A,H
2026-04-11,La Liga,Sociedad,Alaves,1.4635684088276848,1.1661609953263192,0.43968586124280784,0.2587596187734701,0.30155451998372207,D,H
2026-04-11,Premier League,Brentford,Everton,1.5253326121841813,1.262432788579853,0.43406990590127087,0.2509717290088045,0.31495836508992464,D,H
2026-04-11,Premier League,Burnley,Brighton,1.4821949174216873,1.2660683666291133,0.42239406113311256,0.25384123677821663,0.32376470208867075,A,H
2026-04-11,Serie A,Milan,Udinese,1.5573633498584665,1.206123020099589,0.45456329084035507,0.25026945843694204,0.295167250722703,A,H
2026-04-11,La Liga,Sevilla,Ath Madrid,1.390280576643697,1.2370422737991986,0.40499607904132073,0.2614040594044124,0.33359986155426685,H,H
2026-04-11,Bundesliga,Wolfsburg,Ein Frankfurt,1.593920352555147,1.3408689368013502,0.43407917238567845,0.2439284283741891,0.3219923992401324,A,H
2026-04-11,Serie A,Atalanta,Juventus,1.4955465895334012,1.294638681834047,0.4196101331989618,0.25187667941600067,0.3285131873850376,A,H
2026-04-11,La Liga,Barcelona,Espanol,1.6116191959597148,1.148718370517768,0.48111111075969043,0.24716928336153002,0.27171960587877947,H,H
2026-04-11,Premier League,Arsenal,Bournemouth,1.6335265684323026,1.2327020254851098,0.46741507735300647,0.24389475988079828,0.28869016276619525,A,H
2026-04-12,Premier League,Nott'm Forest,Aston Villa,1.5281491516305845,1.2820717393235528,0.4305014909631722,0.2501308728308368,0.31936763620599096,D,H
2026-04-12,La Liga,Mallorca,Vallecano,1.443948865529381,1.20357677057358,0.42626255406303126,0.25893176527690703,0.31480568066006165,H,H
2026-04-12,Bundesliga,Stuttgart,Hamburg,1.6032858105167473,1.3390047052611642,0.4367590574171323,0.24338269867611828,0.3198582439067494,H,H
2026-04-12,Premier League,Sunderland,Tottenham,1.4757401649465205,1.3426938969520528,0.40444091004564836,0.25123159514532534,0.34432749480902636,H,H
2026-04-12,Ligue 1,Lyon,Lorient,1.5691297824545325,1.207427489877198,0.4572086446313149,0.24933624167286425,0.2934551136958209,H,H
2026-04-12,Ligue 1,Nice,Le Havre,1.4662338476516368,1.1977295287565872,0.4333110334501072,0.25746775979906905,0.30922120675082376,D,H
2026-04-12,Premier League,Chelsea,Man City,1.4918661463765488,1.3693299691819187,0.402917888332709,0.24916556308319662,0.3479165485840944,A,H
2026-04-12,Ligue 1,Toulouse,Lille,1.4052041063544092,1.2431647886195898,0.40756680799644185,0.26009089425710363,0.3323422977464545,A,H
2026-04-12,La Liga,Ath Bilbao,Villarreal,1.4217317634603788,1.2095306738049658,0.4191842052486152,0.26034469447232256,0.32047110027906217,A,H
2026-04-12,La Liga,Celta,Oviedo,1.445877919531291,1.2321671330712396,0.4204812112893635,0.25768564822514545,0.3218331404854911,A,H
2026-04-12,La Liga,Osasuna,Betis,1.4292709173497682,1.2222450478361049,0.4183573871193555,0.25927696974587205,0.32236564313477245,D,H
2026-04-12,Bundesliga,FC Koln,Werder Bremen,1.6024594047414127,1.3529264463381756,0.4335832386841253,0.24302508550435334,0.32339167581152145,H,H
2026-04-12,Serie A,Bologna,Lecce,1.4996516666484507,1.250672975534706,0.43016865269100885,0.2531751215731341,0.31665622573585706,H,H
2026-04-12,Premier League,Crystal Palace,Newcastle,1.49842844311795,1.2736878604842685,0.4248520873102658,0.25244982889314704,0.3226980837965871,H,H
2026-04-12,Serie A,Genoa,Sassuolo,1.4971734032575725,1.275312789557503,0.42418366519102846,0.2524769791398538,0.32333935566911765,H,H
2026-04-12,Bundesliga,Mainz,Freiburg,1.591202391598924,1.342603600468579,0.43304558453927194,0.2440495458947503,0.32290486956597775,A,H
2026-04-12,Serie A,Como,Inter,1.4478437577909222,1.3306883117301145,0.3999176872748187,0.25344248275304576,0.3466398299721356,A,H
2026-04-12,Serie A,Parma,Napoli,1.4454865798459948,1.353858510839627,0.3944966412696381,0.25254715970371977,0.35295619902664205,D,H
2026-04-13,La Liga,Levante,Getafe,1.423048471352838,1.2088390170272074,0.4196787425499049,0.2602759251195166,0.32004533233057847,H,H
2026-04-13,Premier League,Man United,Leeds,1.576341389037473,1.24152896319331,0.4513918371286897,0.247927612879917,0.3006805499913932,A,H
2026-04-13,Serie A,Fiorentina,Lazio,1.4982856577418187,1.2947100924971322,0.4202842429111126,0.2516928722995804,0.32802288478930713,H,H
2026-04-17,Ligue 1,Lens,Toulouse,1.4933733454378468,1.196161869161721,0.4406186417426501,0.25545319267046585,0.303928165586884,H,H
2026-04-17,Serie A,Inter,Cagliari,1.6194244494017156,1.1889033943020402,0.4738401580527873,0.24582684768849883,0.28033299425871383,H,H
2026-04-17,Serie A,Sassuolo,Como,1.5133106890308579,1.2882321008221544,0.42545296697872365,0.2509245954510441,0.3236224375702321,H,H
2026-04-17,Bundesliga,St Pauli,FC Koln,1.623151967489451,1.321512360636638,0.44534948503024635,0.24256759332243685,0.31208292164731677,D,H
2026-04-18,Premier League,Newcastle,Bournemouth,1.5564934691047758,1.2663882948321086,0.44098610857866155,0.24866003120017355,0.3103538602211648,A,H
2026-04-18,Bundesliga,Union Berlin,Wolfsburg,1.5866920842172296,1.3316678491405407,0.4342843301751817,0.24467047624639354,0.3210451935784248,A,H
2026-04-18,Ligue 1,Lille,Nice,1.4389706720005864,1.1975162626345528,0.42631251533855224,0.25953602458725805,0.3141514600741897,D,H
2026-04-18,Bundesliga,Hoffenheim,Dortmund,1.6060011189940535,1.4450752787971304,0.4151462660253673,0.23986238300491408,0.34499135096971867,H,H
2026-04-18,Bundesliga,Leverkusen,Augsburg,1.6868128947654566,1.2986110184860902,0.4656545842712338,0.23875502523462072,0.2955903904941455,A,H
2026-04-18,Serie A,Roma,Atalanta,1.5421704382292925,1.2886529927351105,0.4325726630111787,0.2489616886495173,0.31846564833930396,D,H
2026-04-18,Ligue 1,Angers,Le Havre,1.435251619182787,1.2319600585172836,0.4177847286554619,0.2584532915248371,0.32376197981970095,D,H
2026-04-18,Bundesliga,Ein Frankfurt,RB Leipzig,1.56533529087811,1.3949654484371805,0.41568791388713777,0.24390058348842844,0.34041150262443376,A,H
2026-04-18,Bundesliga,Werder Bremen,Hamburg,1.6011612347350874,1.346287895489229,0.4346841032404767,0.24330486002740082,0.32201103673212256,H,H
2026-04-18,Premier League,Tottenham,Brighton,1.5904679367794974,1.2284654010820588,0.45779422872520115,0.24720990858251532,0.29499586269228345,D,H
2026-04-18,Ligue 1,Lorient,Marseille,1.430906584532042,1.2844039427580338,0.40537015845976915,0.2565428634944892,0.33808697804574167,H,H
2026-04-18,Premier League,Leeds,Wolves,1.5140504021351966,1.2726752228315676,0.4290060434638067,0.25141384227861074,0.31958011425758265,H,H
2026-04-18,Premier League,Chelsea,Man United,1.5293160704518332,1.2715397888316127,0.43308186296956813,0.2503976587456413,0.3165204782847906,A,H
2026-04-18,Serie A,Napoli,Lazio,1.5731516593214663,1.2597462587731296,0.44657692350842715,0.247669265977562,0.3057538105140109,A,H
2026-04-18,Premier League,Brentford,Fulham,1.5408829984613557,1.2644761116818855,0.4375155167092551,0.24981544420733323,0.31266903908341176,D,H
2026-04-18,Serie A,Udinese,Parma,1.4979026696384161,1.2653679021610675,0.42652376054741964,0.2527830371091592,0.3206932023434212,A,H
2026-04-19,Premier League,Man City,Arsenal,1.6318450484676525,1.2674254557171583,0.4592840200382052,0.2432821907435396,0.2974337892182553,H,H
2026-04-19,Ligue 1,Nantes,Brest,1.4389791990757876,1.2237763145417244,0.4205352854329662,0.25851335996967184,0.320951354597362,D,H
2026-04-19,Ligue 1,Strasbourg,Rennes,1.4423276528380835,1.251849637601284,0.41528952370035344,0.2571476294029976,0.327562846896649,A,H
2026-04-19,Ligue 1,Metz,Paris FC,1.4392448492096055,1.2545147040764422,0.41392070120562224,0.25725148454788893,0.3288278142464888,A,H
2026-04-19,Premier League,Aston Villa,Sunderland,1.5288282692585007,1.2761736360797362,0.43195167065685597,0.2502795771364685,0.3177687522066756,H,H
2026-04-19,Bundesliga,M'gladbach,Mainz,1.6387668239484996,1.3320850616186863,0.44684064037380433,0.2412627856606804,0.31189657396551523,D,H
2026-04-19,Premier League,Everton,Liverpool,1.448983224062958,1.3625120698089215,0.3935887174055747,0.2519512717880683,0.354460010806357,A,H
2026-04-19,Serie A,Juventus,Bologna,1.5747259522580859,1.1833428263738894,0.4640377796589016,0.24947342810825018,0.28648879223284834,H,H
2026-04-19,Ligue 1,Monaco,Auxerre,1.5433650228842646,1.2133978405498422,0.449426920607144,0.25113792077321045,0.29943515861964554,D,H
2026-04-19,Serie A,Pisa,Genoa,1.520709594921357,1.2325355420707385,0.439475249954004,0.252256433334136,0.30826831671186006,A,H
2026-04-19,Serie A,Cremonese,Torino,1.4961976151965855,1.2642712701015393,0.42633101458019923,0.25294011070363265,0.3207288747161681,D,H
2026-04-19,Ligue 1,Paris SG,Lyon,1.6093777865982886,1.2292843706529675,0.4622702129783151,0.24577610895730517,0.2919536780643796,A,H
2026-04-19,Bundesliga,Bayern Munich,Stuttgart,1.7948031990521671,1.2837520324590128,0.4943019549670905,0.2312966096661556,0.2744014353667539,H,H
2026-04-19,Serie A,Verona,Milan,1.4390216912513674,1.3102609495975892,0.401967379708279,0.25488857287546746,0.34314404741625343,A,H
2026-04-19,Premier League,Nott'm Forest,Burnley,1.5255087407392915,1.2527270081533308,0.4362384523665075,0.2512720018876982,0.3124895457457942,H,H
2026-04-19,Bundesliga,Freiburg,Heidenheim,1.5953868576440626,1.3514037262101606,0.43218797893102,0.24351670385440963,0.32429531721457044,H,H
2026-04-20,Premier League,Crystal Palace,West Ham,1.5131036681782426,1.2827772341260066,0.42657921005236354,0.25112950360520025,0.3222912863424362,D,H
2026-04-20,Serie A,Lecce,Fiorentina,1.477373730482918,1.2833642078562153,0.4174400368713923,0.25351237769490276,0.32904758543370494,D,H
2026-04-21,Premier League,Brighton,Chelsea,1.4680283106692167,1.3142281574905115,0.40849171812711454,0.25288918386825643,0.338619098004629,H,H
2026-04-21,La Liga,Girona,Betis,1.4658009980461133,1.2120473344534974,0.4300264666306021,0.25699084463731586,0.31298268873208207,A,H
2026-04-21,La Liga,Real Madrid,Alaves,1.5775558708822688,1.1380580773555649,0.4751018958906116,0.2501993503284943,0.27469875378089403,H,H
2026-04-21,La Liga,Ath Bilbao,Osasuna,1.4581555494114045,1.1694180683739936,0.43755219456051486,0.2590770106737892,0.3033707947656959,H,H
2026-04-21,La Liga,Mallorca,Valencia,1.4189980808657203,1.2162710213499075,0.4169957865196492,0.2602672445265222,0.32273696895382853,D,H
2026-04-22,La Liga,Barcelona,Celta,1.616122412868295,1.164048995918359,0.47869914525756563,0.2465383652120648,0.2747624895303695,H,H
2026-04-22,Premier League,Burnley,Man City,1.4093504843821385,1.409860821024665,0.3739747266620298,0.25181982718361606,0.37420544615435414,A,A
2026-04-22,La Liga,Sociedad,Getafe,1.4373101807509037,1.166362578409128,0.43282048504846804,0.2608292397116008,0.3063502752399311,A,H
2026-04-22,Premier League,Bournemouth,Leeds,1.5309218824741586,1.307518484859027,0.4257036122409566,0.2490842049191379,0.3252121828399055,D,H
2026-04-22,Ligue 1,Paris SG,Nantes,1.6205839928283028,1.147958159449038,0.48349783592677353,0.24643809997032265,0.27006406410290384,H,H
2026-04-22,La Liga,Elche,Ath Madrid,1.3592640338311157,1.2612996253913809,0.39169321770620436,0.2623351746143261,0.34597160767946955,H,H
2026-04-23,La Liga,Oviedo,Villarreal,1.4305271056565796,1.2359716225751396,0.4156904314264762,0.2586251087090498,0.325684459864474,D,H
2026-04-23,La Liga,Levante,Sevilla,1.4248131616414985,1.2520108172234676,0.4107414359214725,0.2583508093171991,0.3309077547613284,H,H
2026-04-23,La Liga,Vallecano,Espanol,1.4478896198088995,1.2086522824420591,0.42616117464282904,0.2584459245166916,0.31539290084047933,H,H
2026-04-24,Bundesliga,RB Leipzig,Union Berlin,1.6610532411534615,1.299639487474555,0.45926001693606444,0.2405212328102772,0.30021875025365846,H,H
2026-04-24,Premier League,Sunderland,Nott'm Forest,1.5241218394909442,1.279045029400459,0.4301501423816697,0.250507036151098,0.31934282146723225,A,H
2026-04-24,Serie A,Napoli,Cremonese,1.6043885142042815,1.2123430401084174,0.4648418132082518,0.2465244164987148,0.2886337702930334,H,H
2026-04-24,Ligue 1,Brest,Lens,1.4527848449131702,1.2452495013649552,0.4194069004088873,0.25668169226137333,0.3239114073297393,D,H
2026-04-24,La Liga,Betis,Real Madrid,1.3875718456632067,1.3189731308303274,0.38696173398757017,0.25764826056953877,0.3553900054428911,D,H
2026-04-25,Bundesliga,Hamburg,Hoffenheim,1.593520510779654,1.3715468495960559,0.4274609190078298,0.2430066807072771,0.32953240028489317,A,H
2026-04-25,Premier League,Liverpool,Crystal Palace,1.6309124413162888,1.2062600160696588,0.4727233459314594,0.2446052776360077,0.282671376432533,H,H
2026-04-25,La Liga,Valencia,Girona,1.4512171127288105,1.2179366802933915,0.4249751215761409,0.2578487853777117,0.3171760930461474,H,H
2026-04-25,Premier League,Arsenal,Newcastle,1.5958833838561728,1.2398469365182638,0.45659461820917835,0.24653449116128212,0.2968708906295395,H,H
2026-04-25,Ligue 1,Toulouse,Monaco,1.428205552490957,1.297558365502701,0.40188678164706826,0.2561371597057482,0.3419760586471835,D,H
2026-04-25,La Liga,Alaves,Mallorca,1.4176293664138764,1.2004517418400347,0.4201110267993428,0.2610189396003612,0.318870033600296,H,H
2026-04-25,Bundesliga,Heidenheim,St Pauli,1.605092744895187,1.3462989099397353,0.4356373291634151,0.24305424495205333,0.3213084258845317,H,H
2026-04-25,Ligue 1,Angers,Paris SG,1.3710396508718625,1.3688246723785626,0.37250535876221835,0.2560034066981136,0.371491234539668,A,H
2026-04-25,Bundesliga,Wolfsburg,M'gladbach,1.602695684813269,1.3587661094808163,0.43239757013701846,0.2428349531764619,0.3247674766865197,D,H
2026-04-25,La Liga,Ath Madrid,Ath Bilbao,1.4643722441772713,1.147329589949554,0.4441508026833258,0.2593159806508187,0.29653321666585564,H,H
2026-04-25,Serie A,Bologna,Roma,1.4532402769440986,1.3161275380686468,0.40434537663714276,0.2537411741017296,0.3419134492611276,A,H
2026-04-25,Premier League,West Ham,Everton,1.527396390266476,1.2752646029036538,0.43179092671536495,0.2504080809597402,0.31780099232489484,H,H
2026-04-25,Serie A,Parma,Pisa,1.5021013127731504,1.2815922894353813,0.4240688430085093,0.25191620686103416,0.32401495013045656,H,H
2026-04-25,Premier League,Wolves,Tottenham,1.4617125271201863,1.3264737946227425,0.4043113864633096,0.25277281802108703,0.34291579551560336,A,H
2026-04-25,Premier League,Fulham,Aston Villa,1.5187992939680472,1.2838349646467322,0.42777908484319954,0.2507068899052574,0.32151402525154305,H,H
2026-04-25,Bundesliga,Mainz,Bayern Munich,1.5169326568163748,1.4971039743346999,0.38317223568593384,0.24235598245772644,0.3744717818563397,A,H
2026-04-25,La Liga,Getafe,Barcelona,1.3582867477886662,1.3161883729765373,0.37996645746266783,0.2595466988439831,0.36048684369334905,A,H
2026-04-25,Ligue 1,Lyon,Auxerre,1.5422109551076815,1.211659128921846,0.44952549849730866,0.2512735176628477,0.2992009838398435,H,H
2026-04-25,Bundesliga,FC Koln,Leverkusen,1.5520730134760523,1.405838331293858,0.41019419580482613,0.2442669177014951,0.3455388864936788,A,H
2026-04-25,Serie A,Verona,Lecce,1.4899323188767613,1.2639122282605277,0.4248233451616722,0.25338677326821973,0.3217898815701082,D,H
2026-04-25,Bundesliga,Augsburg,Ein Frankfurt,1.574442617154996,1.3684993717739238,0.4234583491369837,0.24426896528919761,0.3322726855738187,D,H
2026-04-26,La Liga,Vallecano,Sociedad,1.4111085105781067,1.235177382709074,0.4108281299017161,0.2600293397789486,0.3291425303193354,D,H
2026-04-26,La Liga,Oviedo,Elche,1.460078383875113,1.1986765442101217,0.43151491127425784,0.2579002226766366,0.3105848660491056,A,H
2026-04-26,Bundesliga,Dortmund,Freiburg,1.7219539613076507,1.3121943651241235,0.4710117924909873,0.2360750890661257,0.292913118442887,H,H
2026-04-26,Serie A,Fiorentina,Sassuolo,1.5473442376205184,1.253680850580164,0.4414962944901649,0.24968576438430634,0.30881794112552885,D,H
2026-04-26,Serie A,Genoa,Como,1.4714477780986035,1.273798943330877,0.4179941582962196,0.254280879115184,0.32772496258859635,A,H
2026-04-26,Ligue 1,Rennes,Nantes,1.4819463652332119,1.18168381913519,0.44093347879188843,0.25680245600745627,0.30226406520065535,H,H
2026-04-26,Ligue 1,Lorient,Strasbourg,1.463811272669102,1.254886370545679,0.42013731016934336,0.2555358617180586,0.3243268281125981,A,H
2026-04-26,Ligue 1,Le Havre,Metz,1.4924178048264674,1.2050893088562074,0.438384475883328,0.2552366869699651,0.30637883714670694,D,H
2026-04-26,La Liga,Villarreal,Celta,1.49593705187642,1.1940615406410533,0.4417425979611684,0.25532365733758344,0.3029337447012482,H,H
2026-04-26,Serie A,Milan,Juventus,1.4696982685924018,1.2840824959138026,0.41533871822440716,0.2539961204199589,0.33066516135563395,D,H
2026-04-26,Bundesliga,Stuttgart,Werder Bremen,1.624522349388071,1.3516012002376956,0.4392102088037083,0.24166562404593825,0.3191241671503534,D,H
2026-04-26,Serie A,Torino,Inter,1.4388688749543241,1.3237598761219087,0.39909104269530565,0.2542992897578713,0.3466096675468231,D,H
2026-04-26,Ligue 1,Paris FC,Lille,1.4322175600697524,1.2343181285682727,0.4164870741064996,0.25857321553375867,0.32493971035974173,A,H
2026-04-26,La Liga,Osasuna,Sevilla,1.4079708256142704,1.2397305755524288,0.40902737907357095,0.26005033960088375,0.33092228132554524,H,H
2026-04-26,Ligue 1,Marseille,Nice,1.4666059427030036,1.2064651708657084,0.4314682828967599,0.25713070543831407,0.31140101166492595,D,H
2026-04-27,Serie A,Cagliari,Atalanta,1.4536994464352777,1.345526545356834,0.3983002527851702,0.2524350090806536,0.34926473813417624,H,H
2026-04-27,La Liga,Espanol,Levante,1.4570732181718162,1.2225686949027552,0.4254649889246659,0.25724590595171176,0.3172891051236224,D,H
2026-04-27,Premier League,Man United,Brentford,1.5561454021316188,1.245122121520903,0.4455775984452526,0.24930103882015417,0.3051213627345933,H,H
2026-04-27,Serie A,Lazio,Udinese,1.571725251932237,1.2212093039267942,0.45476841454443995,0.24879356728974789,0.29643801816581217,D,H
2026-05-01,Serie A,Pisa,Lecce,1.5228176494663812,1.2512401629978789,0.43588827988474854,0.25151117236704834,0.3126005477482032,A,H
2026-05-01,La Liga,Girona,Mallorca,1.4679072356347498,1.1992826065190056,0.433396423564865,0.25728647252787096,0.30931710390726397,A,H
2026-05-01,Premier League,Leeds,Burnley,1.5310949969698193,1.2608042787697278,0.43587056802622526,0.25061918418295626,0.31351024779081843,H,H
2026-05-02,Premier League,Brentford,West Ham,1.5443863668363331,1.2823474778660744,0.43449246664629165,0.24901211149874597,0.3164954218549624,H,H
2026-05-02,Bundesliga,Ein Frankfurt,Hamburg,1.6114593445750558,1.3242360418217332,0.44192229478384576,0.24326795555907982,0.3148097496570744,A,H
2026-05-02,Ligue 1,Metz,Monaco,1.4257373379814966,1.3130794513275201,0.3979844944540013,0.2555929274197615,0.3464225781262373,A,H
2026-05-02,La Liga,Valencia,Ath Madrid,1.3746775416886843,1.2456629319205077,0.39906176079859074,0.2620739833584968,0.33886425584291247,A,H
2026-05-02,Serie A,Como,Napoli,1.4545448170820618,1.337489128408659,0.40019060734746287,0.2527371419777623,0.3470722506747749,D,H
2026-05-02,Ligue 1,Nice,Lens,1.4528566562331677,1.2128325211806334,0.42652146266212887,0.25792067560198934,0.3155578617358818,D,H
2026-05-02,Ligue 1,Paris SG,Lorient,1.6610738714606743,1.1655499761987362,0.4893482960998218,0.24285300050703498,0.26779870339314316,D,H
2026-05-02,Premier League,Arsenal,Fulham,1.6078574155497718,1.2312924447370444,0.4614478791678305,0.24584509125222334,0.2927070295799462,H,H
2026-05-02,Ligue 1,Nantes,Marseille,1.4093097015711586,1.2530956664370771,0.40649562135855183,0.2593666421006365,0.3341377365408117,H,H
2026-05-02,Premier League,Wolves,Sunderland,1.5079006666351278,1.2597864118099593,0.43026270186168764,0.25228142521520835,0.317455872923104,D,H
2026-05-02,La Liga,Villarreal,Levante,1.5068198952824603,1.192246790097108,0.44492243002504145,0.2545423845100496,0.300535185464909,H,H
2026-05-02,Bundesliga,Hoffenheim,Stuttgart,1.650117812539446,1.3491324975530605,0.4459011312014837,0.24009159579898748,0.31400727299952885,D,H
2026-05-02,La Liga,Osasuna,Barcelona,1.3711717327378843,1.3501937997216336,0.37632004082828063,0.2569932373149698,0.3666867218567496,A,H
2026-05-02,La Liga,Alaves,Ath Bilbao,1.3827375209819572,1.212391599975069,0.40835587491470227,0.2630653647614762,0.3285787603238215,A,H
2026-05-02,Bundesliga,Bayern Munich,Heidenheim,1.7789763146372342,1.2883266488630596,0.48962062225728803,0.2323907063042122,0.2779886714384998,D,H
2026-05-02,Bundesliga,Leverkusen,RB Leipzig,1.6161597430048364,1.373602584668297,0.4325082873747094,0.24155650588803235,0.3259352067372582,H,H
2026-05-02,Bundesliga,Union Berlin,FC Koln,1.6112569280591917,1.3168727097136588,0.4434638168518262,0.24348234999148066,0.31305383315669316,D,H
2026-05-02,Serie A,Atalanta,Genoa,1.58537768719843,1.2091816199632983,0.4608536279100676,0.2480503893314479,0.2910959827584844,D,H
2026-05-02,Serie A,Udinese,Torino,1.4720868967517857,1.2654045075015208,0.41996903707342387,0.2545604694496665,0.32547049347690965,H,H
2026-05-02,Bundesliga,Werder Bremen,Augsburg,1.623325900675995,1.3407690370269865,0.44124203921322025,0.24204061539074764,0.31671734539603213,A,H
2026-05-02,Premier League,Newcastle,Brighton,1.5162654470458174,1.2610235875703968,0.432099715270369,0.25165373435632776,0.3162465503733033,H,H
2026-05-03,Serie A,Sassuolo,Milan,1.4725312903449455,1.3198020789527454,0.4084499015985359,0.2523762239299438,0.33917387447152036,H,H
2026-05-03,Bundesliga,St Pauli,Mainz,1.614782727074283,1.3260186698511685,0.44234537521936845,0.24300026660716534,0.31465435817346626,A,H
2026-05-03,Premier League,Bournemouth,Crystal Palace,1.5118142957322809,1.2847412125793702,0.4258310584301013,0.2511480093920942,0.3230209321778047,H,H
2026-05-03,Bundesliga,M'gladbach,Dortmund,1.6016496539910055,1.4415445582306614,0.4148285618497803,0.24022198369474937,0.3449494544554704,H,H
2026-05-03,Bundesliga,Freiburg,Wolfsburg,1.5865952656022901,1.3432403485307705,0.4317851640709005,0.2443232641464658,0.3238915717826337,D,H
2026-05-03,Premier League,Man United,Liverpool,1.4960973843299232,1.3278014952559896,0.4126825215033775,0.25057691024766116,0.33674056824896126,H,H
2026-05-03,Ligue 1,Auxerre,Angers,1.4687946578336386,1.2068426090062685,0.43194710924420726,0.25695343284311356,0.31109945791267923,H,H
2026-05-03,Ligue 1,Lyon,Rennes,1.5106817799084502,1.2327458292271405,0.4368964576100089,0.25298196623143243,0.31012157615855857,H,H
2026-05-03,Ligue 1,Strasbourg,Toulouse,1.4778772804645932,1.2131127924213307,0.4328878551447205,0.2560558421271881,0.3110563027280914,A,H
2026-05-03,La Liga,Celta,Elche,1.4549638146350932,1.2152382333831826,0.4265344753778924,0.2576751668879648,0.3157903577341429,H,H
2026-05-03,Ligue 1,Paris FC,Brest,1.4732974515869488,1.22858842907621,0.42830363951278183,0.2558440383029583,0.31585232218425974,H,H
2026-05-03,Serie A,Juventus,Verona,1.5913955335664547,1.1756734984103059,0.46992777310791733,0.24831375149730672,0.28175847539477605,D,H
2026-05-03,La Liga,Betis,Oviedo,1.4430354912927437,1.2176373039499226,0.4229293133444275,0.25845921796936744,0.31861146868620505,H,H
2026-05-03,La Liga,Espanol,Real Madrid,1.371994587284733,1.330993094528129,0.3804629109449878,0.2579579386524431,0.3615791504025691,A,H
2026-05-03,Premier League,Aston Villa,Tottenham,1.4819991014244733,1.3437284842722639,0.4057947637451974,0.25080914702555834,0.34339608922924425,A,H
2026-05-03,Serie A,Bologna,Cagliari,1.5173777428319208,1.2406241399137432,0.43685127633882564,0.2522422384770328,0.31090648518414166,D,H
2026-05-03,La Liga,Getafe,Vallecano,1.4291548042237738,1.1824725640668832,0.4270964304753146,0.2608593490764918,0.3120442204481936,A,H
2026-05-03,Serie A,Inter,Parma,1.6080693077383978,1.205211461110237,0.4673549294046455,0.24639252358030173,0.2862525470150528,H,H
2026-05-03,Ligue 1,Lille,Le Havre,1.4729990303490854,1.1954539630942165,0.4355572749491798,0.2570324222619902,0.30741030278883,D,H
2026-05-04,Premier League,Chelsea,Nott'm Forest,1.5831158333147215,1.2410839800780948,0.45316775763738076,0.24744261578691837,0.2993896265757009,A,H
2026-05-04,La Liga,Sevilla,Sociedad,1.4421770867963584,1.2054336897427587,0.425393798360772,0.25899316603121353,0.3156130356080145,H,H
2026-05-04,Serie A,Cremonese,Lazio,1.4818048687022252,1.3153523974953765,0.41173004082298353,0.25196945937637044,0.336300499800646,A,H
2026-05-04,Serie A,Roma,Fiorentina,1.5546927843999123,1.2436465069340086,0.44554151928700125,0.24944835164137633,0.30501012907162245,H,H
2026-05-04,Premier League,Everton,Man City,1.4294853393697473,1.400501462714139,0.3809214641666047,0.2512378280040319,0.3678407078293633,D,H
2026-05-08,Ligue 1,Lens,Nantes,1.476938545839537,1.1907582974346627,0.43761657801672393,0.25689024511422714,0.30549317686904887,H,H
2026-05-08,Bundesliga,Dortmund,Ein Frankfurt,1.7115477557006766,1.3239261065348702,0.46598972798111626,0.23657934276213255,0.29743092925675113,H,H
2026-05-08,La Liga,Levante,Osasuna,1.4598147667713834,1.2203063103404794,0.4266672113142039,0.257130129171172,0.31620265951462406,H,H
2026-05-08,Serie A,Torino,Sassuolo,1.5284070734248814,1.26100140029573,0.43515380730058895,0.2508020452141824,0.31404414748522863,H,H
2026-05-09,Serie A,Cagliari,Udinese,1.490203330163035,1.263554916241117,0.4249695705919943,0.2533809688059415,0.32164946060206423,A,H
2026-05-09,Bundesliga,Stuttgart,Leverkusen,1.5734422293716774,1.4044612558648906,0.4156848263317724,0.24309652849420002,0.3412186451740275,H,H
2026-05-09,La Liga,Sociedad,Betis,1.4608634647783034,1.1909791631795217,0.4334290608069296,0.25811469446099616,0.3084562447320742,D,H
2026-05-09,Premier League,Liverpool,Chelsea,1.5904144264543665,1.2666834867404737,0.4493117071428226,0.2462543436240008,0.3044339492331766,D,H
2026-05-09,Serie A,Lazio,Inter,1.4970043764425975,1.3110259029335305,0.4164725544596611,0.25116451888720626,0.3323629266531327,A,H
2026-05-09,La Liga,Sevilla,Espanol,1.4797680109258373,1.1795473272386652,0.44085335710244233,0.25704183021644916,0.30210481268110856,H,H
2026-05-09,Premier League,Sunderland,Man United,1.4723268970027017,1.310432390310642,0.4103827455438948,0.2527708889109478,0.3368463655451574,D,H
2026-05-09,La Liga,Elche,Alaves,1.4363442825853823,1.1909856419117035,0.4270774978489274,0.25998393146210447,0.3129385706889682,D,H
2026-05-09,La Liga,Ath Madrid,Celta,1.5170591676345684,1.150383490317618,0.4569986371262073,0.25492377810913003,0.28807758476466255,A,H
2026-05-09,Premier League,Man City,Brentford,1.6758237172440238,1.2146315448400222,0.4817294351638339,0.24099528656849042,0.2772752782676758,H,H
2026-05-09,Bundesliga,RB Leipzig,St Pauli,1.6669055206840404,1.3092340236899882,0.4585672298423148,0.23991231936223215,0.3015204507954531,H,H
2026-05-09,Bundesliga,Augsburg,M'gladbach,1.5831107146949601,1.3867653401293434,0.4217286473713432,0.24313844320238076,0.33513290942627605,H,H
2026-05-09,Serie A,Lecce,Juventus,1.4177096662292836,1.3295115858206445,0.39249957694194754,0.2553214255012609,0.35217899755679155,A,H
2026-05-09,Premier League,Brighton,Wolves,1.4946542976406836,1.2532272597864613,0.4283452587156392,0.25343893300806225,0.31821580827629853,H,H
2026-05-09,Premier League,Fulham,Bournemouth,1.5457542317063515,1.2758901003726124,0.43623821004380325,0.24912084229388667,0.31464094766231,A,H
2026-05-09,Bundesliga,Hoffenheim,Werder Bremen,1.6590932268006666,1.3473447101156928,0.448436546899669,0.23955609192281854,0.31200736117751243,H,H
2026-05-09,Bundesliga,Wolfsburg,Bayern Munich,1.5287624565480809,1.481920507165209,0.3890556751895713,0.24245086677879893,0.36849345803162986,A,H
2026-05-10,La Liga,Barcelona,Real Madrid,1.5328275667793814,1.265357498904982,0.4353090707555224,0.25035250807082426,0.3143384211736533,H,H
2026-05-10,Ligue 1,Metz,Lorient,1.4694259611649692,1.2440695920744302,0.4239247904511685,0.25555269259267427,0.3205225169561572,A,H
2026-05-10,Serie A,Milan,Atalanta,1.5192143204646826,1.2843688229536896,0.42776760723816815,0.2506604364165012,0.3215719563453306,A,H
2026-05-10,La Liga,Mallorca,Villarreal,1.407730284431542,1.240051836842183,0.4088954383637113,0.2600529844696901,0.33105157716659867,D,H
2026-05-10,Ligue 1,Angers,Strasbourg,1.4423106172936866,1.2345499946614473,0.41904207331920273,0.25784604074400275,0.3231118859367945,D,H
2026-05-10,Ligue 1,Le Havre,Marseille,1.4378435278134558,1.257530586231431,0.41290943308221356,0.25722301188324886,0.3298675550345376,A,H
2026-05-10,Premier League,Nott'm Forest,Newcastle,1.5194301949419105,1.2815228649873838,0.4284376524965723,0.25074322624437656,0.3208191212590511,D,H
2026-05-10,La Liga,Ath Bilbao,Valencia,1.4331116309476695,1.1863351710594912,0.42726896071785475,0.2604079212183632,0.312323118063782,A,H
2026-05-10,Ligue 1,Monaco,Lille,1.4990780433638005,1.222733882850909,0.43616637554915755,0.25415996526544643,0.3096736591853961,A,H
2026-05-10,Bundesliga,Hamburg,Freiburg,1.590535329586533,1.3378529286744556,0.4338985400815233,0.24423609015941844,0.32186536975905833,H,H
2026-05-10,Premier League,Crystal Palace,Everton,1.4944358615491293,1.2628558707810507,0.42619297403687145,0.2531127704628311,0.3206942555002974,D,H
2026-05-10,Premier League,West Ham,Arsenal,1.4907393291876088,1.3498590637580448,0.40669826367978124,0.25002989053581004,0.3432718457844086,A,H
2026-05-10,La Liga,Oviedo,Getafe,1.4302245241878342,1.183752814931019,0.4270907044997152,0.26072800859376766,0.31218128690651714,D,H
2026-05-10,Serie A,Fiorentina,Genoa,1.5300080269636467,1.2190001137257107,0.44481944686909375,0.2519806435960422,0.30319990953486403,D,H
2026-05-10,Bundesliga,Mainz,Union Berlin,1.5774936099005095,1.342685530009041,0.4296780922783226,0.24491833822429493,0.3254035694973824,A,H
2026-05-10,Ligue 1,Toulouse,Lyon,1.4261590368978854,1.2965881022949317,0.4015677636176259,0.25631137625195516,0.3421208601304188,H,H
2026-05-10,Ligue 1,Auxerre,Nice,1.427983578854473,1.23289425941964,0.4157015652090565,0.25893258960212784,0.3253658451888156,H,H
2026-05-10,Serie A,Parma,Roma,1.4664994008325898,1.3328396548756554,0.4041819785545853,0.25220861526907185,0.3436094061763427,A,H
2026-05-10,Serie A,Verona,Como,1.478873095190953,1.2789191975395942,0.41877616894211017,0.25358260479166994,0.3276412262662199,A,H
2026-05-10,Bundesliga,FC Koln,Heidenheim,1.5797360513062644,1.3595491548871879,0.42664256077728463,0.24423797558967528,0.32911946363304007,A,H
2026-05-10,Ligue 1,Rennes,Paris FC,1.487773652098244,1.2098658274084721,0.4361375938583005,0.2554279353162544,0.3084344708254451,H,H
2026-05-10,Ligue 1,Paris SG,Brest,1.6312138423522717,1.1731629575215121,0.4803208665615276,0.24516212235766688,0.27451701108080545,H,H
2026-05-10,Serie A,Cremonese,Pisa,1.5040285738326864,1.2721571078733782,0.42659615433424264,0.2521206696112336,0.32128317605452367,H,H
2026-05-10,Premier League,Burnley,Aston Villa,1.4949866917902668,1.2793717800046749,0.4227545740404302,0.25247799121935594,0.3247674347402139,D,H
2026-05-11,Premier League,Tottenham,Leeds,1.6151493035606383,1.2444071765982387,0.4603130063266188,0.24500987820043316,0.29467711547294806,D,H
2026-05-11,La Liga,Vallecano,Girona,1.43607072377725,1.2393521256373585,0.41638769031621575,0.2580947377392721,0.32551757194451203,D,H
2026-05-11,Serie A,Napoli,Bologna,1.596021553644432,1.199842381261856,0.4655932853249563,0.24743939918706215,0.28696731548798154,A,H
2026-05-12,La Liga,Osasuna,Ath Madrid,1.355074682648919,1.2674311460823626,0.38929907798763685,0.26229658356295305,0.3484043384494101,A,H
2026-05-12,La Liga,Betis,Elche,1.4521035245809206,1.2009080314172063,0.42896182317822834,0.25842035073082925,0.3126178260909423,H,H
2026-05-12,La Liga,Celta,Levante,1.4765191017428763,1.2259848195261085,0.4296999060124593,0.25570300684846875,0.31459708713907203,A,H
2026-05-13,La Liga,Getafe,Mallorca,1.4178744184256546,1.178914152314135,0.42493992791510793,0.2618659677561766,0.3131941043287155,H,H
2026-05-13,Ligue 1,Brest,Strasbourg,1.473372396693353,1.2323281061626017,0.42750181596244624,0.2557031870477958,0.3167949969897579,A,H
2026-05-13,La Liga,Villarreal,Sevilla,1.456266110007057,1.2087629046896797,0.4282984482411742,0.2578192048045502,0.3138823469542756,A,H
2026-05-13,La Liga,Espanol,Ath Bilbao,1.396311511163577,1.2211791301110275,0.41000607419113316,0.2616939436985378,0.32829998211032907,H,H
2026-05-13,Premier League,Man City,Crystal Palace,1.6763853401625068,1.1900282762449503,0.4874500583277523,0.2412985892740386,0.27125135239820913,H,H
2026-05-13,Ligue 1,Lens,Paris SG,1.415854819157441,1.3498328668814517,0.387818549356527,0.25446038898057866,0.35772106166289447,A,H
2026-05-13,La Liga,Alaves,Barcelona,1.3580519943466183,1.3402338260405167,0.37497174003655737,0.2582696701661021,0.3667585897973406,H,H
2026-05-14,La Liga,Valencia,Vallecano,1.4635827018633711,1.192189514889897,0.43386082664164644,0.2578641851737933,0.30827498818456034,D,H
2026-05-14,La Liga,Real Madrid,Oviedo,1.5717143130531677,1.1686613176158165,0.46662342358205916,0.25004269170416166,0.28333388471377924,H,H
2026-05-14,La Liga,Girona,Sociedad,1.4415835682517086,1.224741555609289,0.4209968406230565,0.25828684886721615,0.3207163105097275,D,H
2026-05-15,Premier League,Aston Villa,Liverpool,1.4620376185245494,1.3739916001704022,0.3945005443922822,0.2506863255353104,0.3548131300724074,H,H
2026-05-16,Bundesliga,Ein Frankfurt,Stuttgart,1.6239709523180563,1.3384672572289205,0.44189251868187357,0.24206146622423688,0.3160460150938895,D,H
2026-05-16,Bundesliga,M'gladbach,Hoffenheim,1.6404643086429676,1.3744764491257657,0.4381720370866096,0.24003169934598448,0.32179626356740587,H,H
2026-05-16,Bundesliga,Freiburg,RB Leipzig,1.551464343879593,1.4034468344941646,0.41054072292025123,0.24439049283300845,0.34506878424674037,H,H
2026-05-16,Bundesliga,St Pauli,Wolfsburg,1.598405774676378,1.3363596268042377,0.43613786904187907,0.24377431964615115,0.3200878113119697,A,H
2026-05-16,Bundesliga,Werder Bremen,Dortmund,1.5704527043613605,1.4575254831345725,0.40405160339624324,0.24132066079898334,0.3546277358047733,A,H
2026-05-16,Bundesliga,Union Berlin,Augsburg,1.6193880407355783,1.3153948440528849,0.44576049700608983,0.2429790695460932,0.3112604334478169,H,H
2026-05-16,Bundesliga,Bayern Munich,FC Koln,1.7965630050809387,1.2663171538050828,0.4985939184281466,0.23131513209058974,0.27009094948126366,H,H
2026-05-16,Bundesliga,Leverkusen,Hamburg,1.6637813862422925,1.3039563465855704,0.45897081199707446,0.24024020957384615,0.30078897842907937,D,H
2026-05-16,Bundesliga,Heidenheim,Mainz,1.614712579943682,1.3277537500209178,0.44195424419726304,0.2429574603575542,0.31508829544518274,A,H
2026-05-17,Serie A,Sassuolo,Lecce,1.524627441949374,1.2731158529790247,0.43156464035936165,0.25067004142388094,0.3177653182167574,A,H
2026-05-17,Premier League,Brentford,Crystal Palace,1.5293589939474141,1.2546749947181683,0.4367777658257985,0.2509364461003716,0.3122857880738298,D,H
2026-05-17,Premier League,Wolves,Fulham,1.5117105007126113,1.2558626252977443,0.43207997459846303,0.25214654263298353,0.31577348276855344,D,H
2026-05-17,Ligue 1,Nantes,Toulouse,1.4455101092946856,1.2029182077082354,0.4268121815331324,0.2588399436680092,0.31434787479885834,D,H
2026-05-17,Serie A,Cagliari,Torino,1.474060846179911,1.2826416401433434,0.41675524214257603,0.25376173154314535,0.3294830263142785,H,H
2026-05-17,Serie A,Como,Parma,1.5300135877215648,1.2582120027231838,0.43616692303658944,0.25077789671419276,0.31305518024921786,H,H
2026-05-17,La Liga,Ath Madrid,Girona,1.5004829734564324,1.164067825609526,0.44965491029840127,0.25588247901100913,0.29446261069058965,H,H
2026-05-17,La Liga,Levante,Mallorca,1.4484463619433643,1.2213524539716563,0.4235104590544913,0.25792072625382456,0.31856881469168413,H,H
2026-05-17,Serie A,Inter,Verona,1.6047152636560373,1.1865742934217653,0.4707461486641737,0.24703395984143814,0.28221989149438814,D,H
2026-05-17,Ligue 1,Brest,Angers,1.4732251585851035,1.2058343966479246,0.43330806335024424,0.2566566616394121,0.31003527501034367,D,H
2026-05-17,Ligue 1,Lyon,Lens,1.5222827249389246,1.228580112696567,0.44074668080548884,0.2522640111331593,0.3069893080613519,A,H
2026-05-17,Serie A,Roma,Lazio,1.5487282444136157,1.2780590006506451,0.43650587681595887,0.2488478681041344,0.31464625507990673,H,H
2026-05-17,La Liga,Elche,Getafe,1.4105744890168548,1.1911915161934192,0.42030862644810035,0.26192710847526773,0.31776426507663197,H,H
2026-05-17,La Liga,Ath Bilbao,Celta,1.4619637258981757,1.185208099261385,0.4350001565963795,0.25823288449224663,0.3067669589113738,D,H
2026-05-17,Serie A,Pisa,Napoli,1.4545448170820618,1.337489128408659,0.40019060734746287,0.2527371419777623,0.3470722506747749,A,H
2026-05-17,La Liga,Sevilla,Real Madrid,1.4074225507314657,1.2993167813291169,0.39618083455769576,0.25737668235271943,0.3464424830895848,A,H
2026-05-17,Serie A,Juventus,Fiorentina,1.5581389704916602,1.2089699678713026,0.4541189602612158,0.25013631606215875,0.2957447236766256,A,H
2026-05-17,Ligue 1,Strasbourg,Monaco,1.453588970715751,1.2941541680806223,0.4090903974108542,0.25464722687768815,0.33626237571145756,H,H
2026-05-17,Serie A,Atalanta,Bologna,1.5750770875021047,1.223211189850659,0.45515436535861764,0.24849127772980945,0.2963543569115729,A,H
2026-05-17,Premier League,Newcastle,West Ham,1.5355180614402504,1.2828181194735855,0.43218017477529913,0.24960352916114517,0.3182162960635558,H,H
2026-05-17,Ligue 1,Lorient,Le Havre,1.456647045432203,1.2522537711516089,0.41887599274647286,0.2561366744848088,0.3249873327687183,A,H
2026-05-17,Serie A,Genoa,Milan,1.4317964652363313,1.305015216204423,0.4012300676290809,0.25557650179263697,0.34319343057828217,A,H
2026-05-17,Ligue 1,Nice,Metz,1.4949924021325125,1.1772500435214666,0.44527342650499435,0.25592187974328984,0.29880469375171587,D,H
2026-05-17,Premier League,Everton,Sunderland,1.515177507446316,1.2655113627440902,0.43084750871967575,0.2515792028366141,0.31757328844371013,A,H
2026-05-17,Ligue 1,Paris FC,Paris SG,1.4031606039164348,1.3627949651484212,0.3819286750760065,0.2545454440284722,0.36352588089552135,H,H
2026-05-17,Premier League,Man United,Nott'm Forest,1.5662426479422198,1.2369991992532896,0.44988958961358194,0.24878842850548122,0.3013219818809369,H,H
2026-05-17,Ligue 1,Marseille,Rennes,1.476254239058007,1.2237095879317297,0.4301330979199665,0.25580328524339657,0.3140636168366368,H,H
2026-05-17,Premier League,Leeds,Brighton,1.5206216683395959,1.2769207707056576,0.4297339918186236,0.25081818185659116,0.3194478263247852,H,H
2026-05-17,La Liga,Osasuna,Espanol,1.4422960382861232,1.2085237929897636,0.4247430526687358,0.2588658164973898,0.3163911308338743,A,H
2026-05-17,La Liga,Sociedad,Valencia,1.4491212559235398,1.1944598925289487,0.4296204764689153,0.2588834594372702,0.3114960640938145,A,H
2026-05-17,Serie A,Udinese,Cremonese,1.486874994326423,1.266991423998832,0.4233808800765833,0.2534852455671604,0.32313387435625635,A,H
2026-05-17,Ligue 1,Lille,Auxerre,1.4786672441462452,1.1938559020502106,0.43736894617635574,0.25665382104334533,0.305977232780299,A,H
2026-05-17,La Liga,Barcelona,Betis,1.5970649474743135,1.1617606106457468,0.4745121065843319,0.24813166074475684,0.2773562326709113,H,H
2026-05-17,La Liga,Oviedo,Alaves,1.4563533043635302,1.1835482262841142,0.43392100210135426,0.2587243246602428,0.30735467323840304,A,H
2026-05-17,La Liga,Vallecano,Villarreal,1.411979350386843,1.2499174941581377,0.40787129177875386,0.25932441943548634,0.3328042887857598,H,H
2026-05-18,Premier League,Arsenal,Burnley,1.6022677839216328,1.2119875390345751,0.46439902147413603,0.246694383923166,0.28890659460269796,H,H
2026-05-19,Premier League,Chelsea,Tottenham,1.5328614553319617,1.3028437993593778,0.42719119149961327,0.24911598612032107,0.3236928223800656,H,H
2026-05-19,Premier League,Bournemouth,Man City,1.4334381672769998,1.4373659210065053,0.37451544780546603,0.2492076705721708,0.3762768816223632,D,A
2026-05-22,Serie A,Fiorentina,Atalanta,1.4919414414548986,1.3054421075798546,0.41639089182291605,0.2517047854486014,0.3319043227284825,D,H
2026-05-23,La Liga,Espanol,Sociedad,1.405874274191727,1.2348212075872316,0.40954347946271835,0.26041303515328157,0.33004348538400013,D,H
2026-05-23,Serie A,Lazio,Pisa,1.5628368426185495,1.2473886764024693,0.44674260363248036,0.24875259991126508,0.3045047964562546,H,H
2026-05-23,La Liga,Betis,Levante,1.4736164364951014,1.2115278928195485,0.4321470738785594,0.256428257465949,0.3114246686554916,H,H
2026-05-23,La Liga,Real Madrid,Ath Bilbao,1.5380908731021739,1.161476010773849,0.4598082049488558,0.25292549349228083,0.28726630155886324,H,H
2026-05-23,Serie A,Bologna,Inter,1.4258183211749325,1.330085110402245,0.39444788126466307,0.2548060695774372,0.3507460491578998,D,H
2026-05-23,La Liga,Getafe,Osasuna,1.4290028735811002,1.1779043590082494,0.42807360850999127,0.2610462426473,0.31088014884270876,H,H
2026-05-23,La Liga,Valencia,Barcelona,1.3910074558462433,1.3270041314834826,0.38618086819390895,0.25704089768180266,0.35677823412428844,H,H
2026-05-23,La Liga,Alaves,Vallecano,1.4289078026167439,1.204075162237852,0.4222506176677185,0.26003360433388983,0.3177157779983916,A,H
2026-05-23,La Liga,Mallorca,Oviedo,1.4278381017828092,1.219386950363265,0.41861091606054673,0.25949695111447624,0.3218921328249771,H,H
2026-05-23,La Liga,Celta,Sevilla,1.4269819076440762,1.2429683047711366,0.413255831124671,0.2585833209797808,0.3281608478955482,H,H
2026-05-23,La Liga,Girona,Elche,1.4722712715350206,1.2019598950302604,0.4339231900078896,0.2568632169887814,0.30921359300332907,D,H
2026-05-24,Premier League,Sunderland,Chelsea,1.4771887697349977,1.3245497230680487,0.40862087644756084,0.2518903797095709,0.33948874384286837,H,H
2026-05-24,Premier League,Burnley,Wolves,1.4757897098858637,1.2618589011824637,0.4216788370219715,0.25444017483920645,0.323880988138822,D,H
2026-05-24,Premier League,Liverpool,Brentford,1.6303660527365642,1.231198868165261,0.466980717629133,0.24416199145084916,0.2888572909200179,D,H
2026-05-24,Premier League,West Ham,Leeds,1.5507837038219188,1.2898982803459977,0.43444356183662686,0.24833746653490762,0.3172189716284655,H,H
2026-05-24,Serie A,Milan,Cagliari,1.578577497962006,1.2077403334871528,0.45948959081608864,0.2486052189772323,0.2919051902066791,A,H
2026-05-24,Premier League,Tottenham,Everton,1.5907912946983234,1.2302895880203304,0.45746704443570646,0.24714200135603198,0.2953909542082615,H,H
2026-05-24,Serie A,Verona,Roma,1.4438217246485427,1.3300596733564145,0.3990296153344033,0.25371548300337665,0.3472549016622201,A,H
2026-05-24,Premier League,Brighton,Man United,1.4631965877641193,1.3002208341750292,0.4102408167858517,0.2537735274139665,0.3359856558001818,A,H
2026-05-24,Premier League,Fulham,Newcastle,1.5101336835145347,1.283285335447088,0.4257235135220146,0.25131276813546055,0.3229637183425249,H,H
2026-05-24,Serie A,Napoli,Udinese,1.60582661780704,1.192806542120666,0.46960672608573095,0.24682137902864884,0.28357189488562023,H,H
2026-05-24,Serie A,Parma,Sassuolo,1.5283628600046337,1.2831153976634047,0.430328697064329,0.25008154724884535,0.31958975568682557,H,H
2026-05-24,Premier League,Man City,Aston Villa,1.686058690867971,1.2081740229444533,0.4856526108777711,0.2402948620477815,0.2740525270744473,A,H
2026-05-24,Serie A,Cremonese,Como,1.5040285738326864,1.2721571078733782,0.42659615433424264,0.2521206696112336,0.32128317605452367,A,H
2026-05-24,Serie A,Torino,Juventus,1.4256503055472494,1.312772179642228,0.3980267741859773,0.25561234713423586,0.3463608786797868,D,H
2026-05-24,Serie A,Lecce,Genoa,1.5028654322742796,1.2417526184411143,0.4329364750476395,0.2532501743548186,0.31381335059754195,H,H
2026-05-24,Premier League,Crystal Palace,Arsenal,1.4585698433993168,1.3367245036931743,0.40136708816376215,0.25252648923836984,0.34610642259786806,A,H
2026-05-24,La Liga,Villarreal,Ath Madrid,1.4015555585175243,1.2357715328187422,0.40821296237531723,0.2606740572273712,0.3311129803973116,H,H
2026-05-24,Premier League,Nott'm Forest,Bournemouth,1.5552700262587444,1.274137786565526,0.4389872114001558,0.24851434227871155,0.3124984463211328,D,H
