date,league,home_team,away_team,result,market_home,market_draw,market_away,ridge_home,ridge_draw,ridge_away,close_home,close_draw,close_away
2025-08-15,Premier League,Liverpool,Bournemouth,H,0.7259844066296011,0.15957039810147275,0.11444519526892628,0.7273705604535728,0.1585586399166086,0.11407079962981853,0.7337278106508877,0.15722738799661878,0.10904480135249367
2025-08-15,Ligue 1,Rennes,Marseille,H,0.2718105562789571,0.26717742179692944,0.46101202192411345,0.2681892883907268,0.2694895456160436,0.4623211659932297,0.2481165207523862,0.26336390470923676,0.4885195745383771
2025-08-15,La Liga,Girona,Vallecano,A,0.42118863049095606,0.289405684754522,0.289405684754522,0.4193707075007471,0.2933775519960467,0.2872517405032061,0.39491461470112105,0.29963362829704104,0.305451757001838
2025-08-15,La Liga,Villarreal,Oviedo,H,0.6843223959668462,0.19923310262325897,0.1164445014098949,0.6852217306879982,0.1991194300162767,0.11565883929572517,0.6807067474735801,0.2013153997847396,0.11797785274168034
2025-08-16,Ligue 1,Monaco,Le Havre,H,0.7047682898965489,0.179224058424935,0.11600765167851611,0.7057325713835135,0.17872072660248037,0.1155467020140061,0.7790650759666271,0.14218231401502546,0.07875261001834742
2025-08-16,Premier League,Brighton,Fulham,D,0.49469799173767465,0.2623812552862805,0.24292075297604485,0.49610320328926133,0.2646426792284488,0.23925411748228975,0.5175113638639139,0.26017741644806663,0.2223112196880194
2025-08-16,La Liga,Valencia,Sociedad,D,0.36859947736422066,0.3252348329684299,0.3061656896673494,0.3683687426890913,0.3305864260904307,0.30104483122047804,0.38847760756431865,0.31466686212709816,0.29685553030858314
2025-08-16,Premier League,Wolves,Man City,A,0.140915645501321,0.20049942795431083,0.6585849265443683,0.13938466594857446,0.19947091829002478,0.6611444157614008,0.15204743790557168,0.21962407697471467,0.6283284851197136
2025-08-16,Ligue 1,Nice,Toulouse,A,0.4500089304434936,0.2802450824318763,0.26974598712463016,0.44913906229946704,0.28346360376853197,0.2673973339320009,0.4818763326226013,0.2771855010660981,0.24093816631130066
2025-08-16,La Liga,Alaves,Levante,H,0.43065522985195454,0.3102417609788751,0.2591030091691704,0.42925137287581805,0.31493588277240914,0.2558127443517728,0.4533221194280908,0.3061396131202691,0.24053826745164003
2025-08-16,Premier League,Tottenham,Burnley,H,0.6894284181563327,0.1967743610154533,0.11379722082821393,0.6908102692978435,0.1964565616623381,0.11273316903981831,0.6104420846606088,0.23595641676407572,0.15360149857531552
2025-08-16,Premier League,Sunderland,West Ham,H,0.29935417123867447,0.28075524343982194,0.4198905853215036,0.29900217142384816,0.284362635707931,0.41663519286822065,0.2790438371706344,0.2992899199937404,0.4216662428356253
2025-08-16,Ligue 1,Lens,Lyon,A,0.40964000336782685,0.2635043841888549,0.32685561244331823,0.40913765864431956,0.2663689971021275,0.3244933442535529,0.3870082045333798,0.27101727291530636,0.34197452255131383
2025-08-16,La Liga,Mallorca,Barcelona,A,0.13997113103166292,0.199325977734963,0.660702891233374,0.13933795536346985,0.19900311873366025,0.6616589259028699,0.1237698246306391,0.18597538416002762,0.6902547912093333
2025-08-16,Premier League,Aston Villa,Newcastle,D,0.41179710737948727,0.2660486929698934,0.32215419965061926,0.41005382766875365,0.26897009526698984,0.3209760770642565,0.3983692510117422,0.2780407089172863,0.3235900400709714
2025-08-17,La Liga,Celta,Getafe,A,0.5503293843359449,0.2704204733374902,0.17925014232656492,0.550184174032083,0.2728328624368498,0.17698296353106724,0.56582832164016,0.2715325566491572,0.16263912171068282
2025-08-17,Ligue 1,Auxerre,Lorient,H,0.40382485176255944,0.27966377793705605,0.3165113703003844,0.4026040650550983,0.28306009370791757,0.3143358412369841,0.3777002449706777,0.2957464182317571,0.32655333679756515
2025-08-17,Premier League,Man United,Arsenal,A,0.26462528429577853,0.2653686137460476,0.4700061019581739,0.26490573421156305,0.26843268769965345,0.4666615780887835,0.2507488052474305,0.2568481005102058,0.4924030942423636
2025-08-17,Ligue 1,Nantes,Paris SG,A,0.11756890417632383,0.17256430318329666,0.7098667926403794,0.11752365581270784,0.17175027390259917,0.710726070284693,0.07647357460343773,0.14109431499114145,0.7824321104054208
2025-08-17,Premier League,Nott'm Forest,Brentford,H,0.44116937752887275,0.28229588145448703,0.27653474101664033,0.4409071666093655,0.28571214524786187,0.27338068814277267,0.4964338245497183,0.27563622235173313,0.22792995309854852
2025-08-17,La Liga,Ath Bilbao,Sevilla,H,0.6069305411246153,0.2405990636171749,0.15247039525820968,0.6070375469332078,0.2418510743785119,0.15111137868828034,0.604909785902438,0.24833138579152722,0.14675882830603476
2025-08-17,Ligue 1,Brest,Lille,D,0.29111892810560847,0.27489822536658626,0.4339828465278052,0.2870740189184005,0.27760976075597843,0.43531622032562106,0.38267619517003454,0.29603252833908333,0.32129127649088224
2025-08-17,La Liga,Espanol,Ath Madrid,H,0.15034363181766783,0.2434320463368974,0.6062243218454347,0.14768045543104827,0.24352748815781777,0.6087920564111339,0.1655852860743203,0.24451713228591346,0.5898975816397661
2025-08-17,Ligue 1,Angers,Paris FC,H,0.3576604468245335,0.30034306752573003,0.34199648564973645,0.3569812308257482,0.3048054434898611,0.3382133256843908,0.3102429216812748,0.28842155410124626,0.40133552421747887
2025-08-17,Premier League,Chelsea,Crystal Palace,D,0.5884596229883033,0.22504037838745097,0.18649999862424577,0.5885135660277516,0.22618198302047934,0.18530445095176892,0.521790667351535,0.25528468133865423,0.22292465130981076
2025-08-17,Ligue 1,Metz,Strasbourg,A,0.3089129731478486,0.27692494338401813,0.4141620834681333,0.3090075063245023,0.2804555060411747,0.41053698763432317,0.26013061169687046,0.27137545081921355,0.468493937483916
2025-08-18,La Liga,Elche,Betis,D,0.2814593571879053,0.28662374906291277,0.4319168937491819,0.2812302171986717,0.290552781500008,0.4282170013013203,0.2945994780164626,0.2955229873519374,0.4098775346316001
2025-08-18,Premier League,Leeds,Everton,H,0.39465227205492004,0.2866926839547899,0.31865504399029015,0.395087767352153,0.2905374520064128,0.31437478064143415,0.4049438309899639,0.29519269922632874,0.29986346978370737
2025-08-19,La Liga,Real Madrid,Osasuna,H,0.7865558164078484,0.14172176872213485,0.07172241487001657,0.7876673014981735,0.14057484564636488,0.07175785285546155,0.7815770407150704,0.14178534021967545,0.07663761906525407
2025-08-22,La Liga,Betis,Alaves,H,0.5034184713332379,0.2800079071320969,0.21657362153466528,0.5016034484165289,0.283236074106736,0.215160477476735,0.5120826987614053,0.27712710756499587,0.21079019367359866
2025-08-22,Bundesliga,Bayern Munich,RB Leipzig,H,0.7768913976936251,0.13184271966469654,0.0912658826416783,0.7813224126868409,0.1295156443251628,0.08916194298799626,0.7687353335989047,0.1354648223963686,0.09579984400472674
2025-08-22,Premier League,West Ham,Chelsea,A,0.20230515916575192,0.24401756311745335,0.5536772777167946,0.20093027290850915,0.24534638601617928,0.5537233410753116,0.19979687034367832,0.24843851678860526,0.5517646128677164
2025-08-22,Ligue 1,Paris SG,Angers,H,0.8764602035356276,0.08558562566170687,0.03795417080266551,0.8775599410345944,0.0841776375522667,0.03826242141313887,0.8890516553809306,0.07872972052663212,0.03221862409243715
2025-08-23,La Liga,Mallorca,Celta,D,0.32070576024909186,0.30513751946030104,0.37415672029060715,0.3194521451974565,0.30974921476964296,0.37079864003290064,0.30238953271627456,0.29485334498502785,0.40275712229869765
2025-08-23,Premier League,Brentford,Aston Villa,H,0.304112237698176,0.26792891196638174,0.4279588503354423,0.3026411530610594,0.2707051476794327,0.4266536992595079,0.2913027480295138,0.2744156322017159,0.4342816197687705
2025-08-23,La Liga,Ath Madrid,Elche,D,0.762150131544574,0.16464567301659783,0.07320419543882817,0.7633060227189217,0.1636052461541152,0.07308873112696312,0.7512975778546713,0.16695501730103807,0.08174740484429066
2025-08-23,La Liga,Levante,Barcelona,A,0.0907190635451505,0.14548494983277593,0.7637959866220736,0.08946128022088333,0.1432022671807455,0.7673364525983711,0.08224490095306089,0.13608868503024463,0.7816664140166945
2025-08-23,Bundesliga,St Pauli,Dortmund,D,0.20758512614024413,0.24371032991010477,0.5487045439496511,0.20629531131329115,0.24505021902670013,0.5486544696600089,0.23370534331173795,0.2586765991724442,0.5076180575158179
2025-08-23,Premier League,Arsenal,Leeds,H,0.7497018103478064,0.16056008417229584,0.08973810547989768,0.7501860541245813,0.1598636019139555,0.0899503439614633,0.7158688565734552,0.17763163791841333,0.1064995055081315
2025-08-23,Bundesliga,Freiburg,Augsburg,A,0.5163648457862728,0.2625095026064292,0.22112565160729802,0.5167851429256661,0.26487786946835734,0.2183369876059765,0.48807838006857535,0.2691403638663858,0.24278125606503878
2025-08-23,Bundesliga,Ein Frankfurt,Werder Bremen,H,0.5551164686626796,0.2345367080099821,0.21034682332733823,0.5563524044524534,0.23571633633082448,0.20793125921672223,0.6149923586738651,0.20679962830132168,0.17820801302481318
2025-08-23,Ligue 1,Marseille,Paris FC,H,0.6894228140428748,0.1917413143350327,0.11883587162209251,0.6903576209264909,0.19145098180054396,0.11819139727296527,0.6774694408671903,0.19101065371306178,0.1315199054197478
2025-08-23,Serie A,Genoa,Lecce,D,0.4932088791057803,0.28720395094269524,0.21958716995152458,0.4916382759093936,0.2906412960137497,0.21772042807685665,0.5447051305735667,0.27715878702713836,0.17813608239929496
2025-08-23,Bundesliga,Heidenheim,Wolfsburg,A,0.3071904525111884,0.2669318746892093,0.42587767279960215,0.3056809214597213,0.2695904581998279,0.4247286203404509,0.3440385648909663,0.2788951679885348,0.37706626712049907
2025-08-23,Serie A,Milan,Cremonese,A,0.7044135149057661,0.18544481531900328,0.11014166977523064,0.7051203737938301,0.18509784746466923,0.10978177874150051,0.707463643408199,0.18661442562342256,0.10592193096837842
2025-08-23,Ligue 1,Nice,Auxerre,H,0.5798148728580835,0.22965772470173484,0.19052740244018165,0.5807514344979663,0.23064956801572822,0.18859899748630546,0.5228321187403892,0.25573310155779905,0.22143477970181186
2025-08-23,Premier League,Bournemouth,Wolves,H,0.5309236429355192,0.2449364229006648,0.22413993416381586,0.5324859157592704,0.24656102743622416,0.2209530568045054,0.5268842451279644,0.2535806527353839,0.21953510213665178
2025-08-23,Bundesliga,Leverkusen,Hoffenheim,A,0.627447730563179,0.20327680255826536,0.16927546687855555,0.6284600547464506,0.2033321173160307,0.16820782793751868,0.5508579371315692,0.22698001746867066,0.2221620453997602
2025-08-23,Serie A,Sassuolo,Napoli,A,0.15478702657292304,0.23410575163267963,0.6111072217943974,0.15394384266733513,0.23487876331909308,0.6111773940135719,0.16620099537239155,0.2510695887540383,0.5827294158735703
2025-08-23,Ligue 1,Lyon,Metz,H,0.6751794813435544,0.19036500589605287,0.1344555127603926,0.6751804066652997,0.19035620002114645,0.13446339331355386,0.6768585978342228,0.19006736383627668,0.13307403832950065
2025-08-23,Serie A,Roma,Bologna,H,0.4484040428865473,0.2870879542871187,0.2645080028263341,0.44858095500593026,0.290625019316239,0.2607940256778308,0.44498357030986085,0.29297054939655437,0.2620458802935848
2025-08-23,Premier League,Burnley,Sunderland,H,0.4219551619931126,0.30044275774826057,0.27760208025862676,0.4162300142792532,0.30551223053968357,0.27825775518106327,0.3992966394998326,0.3055710617394217,0.2951322987607458
2025-08-23,Premier League,Man City,Tottenham,A,0.6417189156171963,0.20207319044967031,0.1562078939331333,0.6429649774108755,0.20193834671450112,0.15509667587462345,0.6165201005025125,0.2095896147403685,0.1738902847571189
2025-08-23,Bundesliga,Union Berlin,Stuttgart,H,0.283997173622525,0.261055897758867,0.454946928618608,0.2815624043998812,0.26320073601076227,0.45523685958935656,0.24108555727548847,0.24937685950983068,0.5095375832146809
2025-08-24,Bundesliga,Mainz,FC Koln,A,0.5034938614672453,0.2594178898418494,0.23708824869090533,0.5028351534553713,0.2618242474599925,0.2353405990846361,0.48339684267827987,0.26183995645073493,0.25476320087098525
2025-08-24,Serie A,Como,Lazio,H,0.38538791090868874,0.28581960565872355,0.32879248343258766,0.3848549329227695,0.2896947838183338,0.3254502832588967,0.40423867233973904,0.2828456776431207,0.31291565001714017
2025-08-24,Bundesliga,M'gladbach,Hamburg,D,0.51393609789259,0.23861318830727396,0.24745071380013597,0.5141028723081298,0.24022628857630243,0.24567083911556792,0.49845968177343036,0.24343379807539617,0.25810652015117347
2025-08-24,Premier League,Everton,Brighton,H,0.3066619668664082,0.28621783574198095,0.40712019739161087,0.3052829245029455,0.28986875084852276,0.4048483246485319,0.32661816074561756,0.28359061861146434,0.38979122064291805
2025-08-24,Serie A,Cagliari,Fiorentina,D,0.2960061796193258,0.28695400287255746,0.4170398175081168,0.2965899938017853,0.29108598311348105,0.4123240230847337,0.3072489623682849,0.3013592059011612,0.39139183173055375
2025-08-24,Serie A,Juventus,Parma,H,0.6641711742663332,0.20592206713060987,0.1299067586030569,0.6644076058392484,0.2061731923061468,0.12941920185460476,0.6698662932514229,0.21177387297858885,0.11835983376998825
2025-08-24,Premier League,Fulham,Man United,D,0.2888873520292311,0.26760953006673815,0.44350311790403085,0.28600314561400675,0.2699673547501031,0.44402949963589017,0.27460759865043277,0.2699134516649553,0.45547894968461194
2025-08-24,Premier League,Crystal Palace,Nott'm Forest,D,0.40219902988703454,0.2899287485381997,0.3078722215747659,0.4018055080553923,0.29375643837047255,0.30443805357413506,0.39703020255171917,0.29287104447487927,0.31009875297340156
2025-08-24,La Liga,Oviedo,Real Madrid,A,0.09723955017429463,0.17944779583691392,0.7233126539887915,0.09554408558921071,0.1774205048473695,0.7270354095634197,0.09520606672901638,0.1790307630520972,0.7257631702188863
2025-08-24,Ligue 1,Strasbourg,Nantes,H,0.5328188108377029,0.25692085125324843,0.21026033790904863,0.530540768936482,0.2594765524747641,0.20998267858875383,0.5404172842321286,0.2612016873788622,0.19838102838900923
2025-08-24,La Liga,Villarreal,Girona,H,0.6164181068958884,0.21891484170134354,0.16466705140276805,0.6185083857644026,0.21905822513820947,0.16243338909738794,0.6474157532744216,0.20958470061655335,0.14299954610902504
2025-08-24,Ligue 1,Toulouse,Brest,H,0.4534522185284114,0.27128499779011894,0.2752627836814696,0.45697904032921405,0.2739974012936557,0.26902355837713027,0.4280732482820106,0.2794543460594728,0.29247240565851657
2025-08-24,Ligue 1,Le Havre,Lens,A,0.25418917982188916,0.2598221810367786,0.4859886391413321,0.2525957892158874,0.26208913914952137,0.48531507163459126,0.2234017799030799,0.2569730856262203,0.5196251344706997
2025-08-24,Serie A,Atalanta,Pisa,D,0.6826797746603337,0.19384734342207002,0.12347288191759638,0.6834282131880006,0.19370007688735566,0.1228717099246437,0.6556586888657648,0.2088824141519251,0.1354588969823101
2025-08-24,La Liga,Sociedad,Espanol,D,0.5188332407281099,0.27701715802887283,0.20414960124301718,0.5175275548781155,0.280209783441718,0.20226266168016643,0.5090424714380859,0.27296480352477076,0.2179927250371433
2025-08-24,Ligue 1,Lille,Monaco,H,0.31851923146332367,0.26528230609126674,0.41619846244540953,0.3176664808095305,0.26797069095199844,0.41436282823847104,0.29275685656037237,0.2625841443243452,0.44465899911528256
2025-08-24,La Liga,Osasuna,Valencia,H,0.39795672241595703,0.3019864517368677,0.30005682584717525,0.39671475485281205,0.3063946033928888,0.29689064175429913,0.4227508410845042,0.2983336631703938,0.27891549574510194
2025-08-24,Ligue 1,Lorient,Rennes,H,0.34594446905310916,0.2849572982169987,0.36909823272989206,0.34783738133954883,0.2888845899441142,0.36327802871633696,0.34304185824621436,0.28396818477179075,0.372989956981995
2025-08-25,La Liga,Sevilla,Getafe,A,0.4161815760784298,0.31318011577808264,0.2706383081434876,0.4145762375261356,0.31804847559663835,0.267375286877226,0.45973291657605386,0.3120703572784472,0.22819672614549888
2025-08-25,La Liga,Ath Bilbao,Vallecano,H,0.5548431479632016,0.26413659719938326,0.18102025483741518,0.552761035744511,0.266873357426498,0.18036560682899103,0.5466807473302028,0.2664106177130284,0.18690863495676893
2025-08-25,Premier League,Newcastle,Liverpool,A,0.28609993491509383,0.2465090823028223,0.4673909827820839,0.2864866680542253,0.24867258999789033,0.46484074194788444,0.32519170690144844,0.26015336552115875,0.4146549275773928
2025-08-25,Serie A,Inter,Torino,H,0.6686241693233244,0.20187581985993303,0.12950001081674273,0.6697027440723935,0.20174407691297866,0.12855317901462796,0.7002977028007761,0.18795266377356812,0.11174963342565575
2025-08-25,Serie A,Udinese,Verona,D,0.4809411506608896,0.28163220534196237,0.23742664399714797,0.48038434297306304,0.2849904562893643,0.23462520073757262,0.48950172906539746,0.29431100844118907,0.21618726249341347
2025-08-27,La Liga,Celta,Betis,D,0.43100437193056484,0.27123550992182094,0.29776011814761416,0.43200042058312543,0.2743096444128036,0.293689935004071,0.4068838990148766,0.2720376500618195,0.32107845092330395
2025-08-29,Ligue 1,Lens,Brest,H,0.5116866708780795,0.25584333543903975,0.2324699936828806,0.5152493640574115,0.2573792226460266,0.22737141329656194,0.49630127774041694,0.2555480833893746,0.24815063887020847
2025-08-29,Serie A,Lecce,Milan,A,0.15695578149303113,0.24021405137131413,0.6028301671356546,0.15648197690557844,0.241445577515349,0.6020724455790724,0.14579152402313778,0.2486129146499823,0.60559556132688
2025-08-29,Bundesliga,Hamburg,St Pauli,A,0.39487297902766466,0.2894927668331652,0.3156342541391701,0.3959074036066744,0.2934067869995443,0.3106858093937812,0.389655790605952,0.29284689852993906,0.317497310864109
2025-08-29,Serie A,Cremonese,Sassuolo,H,0.37021538461538467,0.2950153846153846,0.33476923076923076,0.3687255199600223,0.29894871855657756,0.33232576148340015,0.346123930515945,0.299974073113819,0.35390199637023595
2025-08-29,La Liga,Elche,Levante,H,0.4354020046918319,0.2961825549157603,0.2684154403924077,0.43576792737787834,0.30013903149058135,0.2640930411315402,0.4397313266229143,0.29544448507477056,0.26482418830231536
2025-08-29,La Liga,Valencia,Getafe,H,0.419262454477955,0.32086412332496556,0.2598734221970796,0.4177464209347185,0.32584072453453466,0.25641285453074686,0.4089165354205759,0.3234921906923049,0.26759127388711906
2025-08-30,Bundesliga,Augsburg,Bayern Munich,A,0.09524300242409282,0.14665342182929736,0.7581035757466098,0.09221688132376765,0.14325927677510802,0.7645238419011243,0.10139500959795457,0.15953042825445468,0.7390745621475907
2025-08-30,La Liga,Real Madrid,Mallorca,H,0.8010480623301858,0.13580987263643954,0.06314206503337469,0.8027067041064323,0.1343064694727289,0.06298682642083885,0.8127834099124792,0.1268948526915849,0.06032173739593575
2025-08-30,La Liga,Alaves,Ath Madrid,D,0.2035091561407012,0.26599506605432494,0.5304957778049739,0.2020123098215518,0.2684164509526351,0.5295712392258132,0.17524795220990988,0.26911295225396414,0.555639095536126
2025-08-30,Premier League,Sunderland,Brentford,H,0.32467972779890053,0.2899280749763883,0.38539219722471124,0.32606642610217584,0.2942120100212948,0.37972156387652944,0.3055305530553056,0.29142914291429145,0.4030403040304031
2025-08-30,Serie A,Parma,Atalanta,D,0.24730832917561482,0.27069278436987065,0.4819988864545146,0.24698575604363465,0.273838647497033,0.4791755964593323,0.21125874599595487,0.25522340394646437,0.5335178500575809
2025-08-30,Serie A,Pisa,Roma,A,0.19004829220114278,0.25545786702375833,0.5544938407750989,0.18923246597527252,0.2573588834384127,0.5534086505863148,0.18115898889113793,0.2636419922130806,0.5551990188957815
2025-08-30,Bundesliga,Stuttgart,M'gladbach,H,0.5910025024115418,0.21116718625491046,0.1978303113335477,0.5932040981558317,0.21149892020220948,0.19529698164195883,0.601519645469547,0.20574854975755746,0.19273180477289564
2025-08-30,Premier League,Tottenham,Bournemouth,A,0.5466357425093133,0.2329260676209636,0.2204381898697231,0.5487814466131665,0.23407714303557053,0.217141410351263,0.5009549453646013,0.252481292463759,0.24656376217163967
2025-08-30,Premier League,Chelsea,Fulham,H,0.6123295418839941,0.21818638848740024,0.16948406962860554,0.6142062183068235,0.2184878143545451,0.16730596733863148,0.5691699946157767,0.24186104096904504,0.18896896441517833
2025-08-30,Ligue 1,Nantes,Auxerre,H,0.4160112990723205,0.2938079799698263,0.29018072095785313,0.41742379924826106,0.297683470411557,0.284892730340182,0.37985767225264816,0.2907552553044961,0.32938707244285576
2025-08-30,Serie A,Napoli,Cagliari,H,0.7276477680061142,0.18086847005888115,0.0914837619350047,0.7284710020030236,0.18029102253476406,0.09123797546221221,0.6715785264060499,0.21818565028399317,0.11023582330995697
2025-08-30,Premier League,Man United,Burnley,H,0.7016660496112551,0.183931877082562,0.1144020733061829,0.7043265216209852,0.18293209528100982,0.1127413830980051,0.6876130942589243,0.1875308438887975,0.12485606185227832
2025-08-30,Bundesliga,Werder Bremen,Leverkusen,D,0.2636172643307856,0.24503327963905916,0.49134945603015534,0.26380468207380353,0.2470855594158913,0.48910975851030514,0.26656414199666795,0.24195822119697555,0.4914776368063566
2025-08-30,Serie A,Bologna,Como,H,0.38959724421660985,0.30026284426885214,0.3101399115145381,0.38689880255258785,0.30459400161299277,0.30850719583441927,0.34614956530342195,0.3038547631120071,0.3499956715845711
2025-08-30,Ligue 1,Lorient,Lille,A,0.284717213782193,0.26999046134518295,0.4452923248726241,0.28714194033524254,0.27351173173875903,0.4393463279259985,0.28828776307351484,0.2732466623914184,0.43846557453506674
2025-08-30,Premier League,Leeds,Newcastle,D,0.28127506700374466,0.2716037179950199,0.4471212150012356,0.27794593314500815,0.2745209405368625,0.44753312631812936,0.2581434378846082,0.28196024316562857,0.4598963189497631
2025-08-30,Ligue 1,Toulouse,Paris SG,A,0.11503881688157078,0.18356779959422526,0.7013933835242039,0.1139093231874729,0.1822670853075558,0.7038235915049713,0.11076538612308899,0.17261613092904743,0.7166184829478636
2025-08-30,Bundesliga,Hoffenheim,Ein Frankfurt,A,0.33077793138117384,0.24984290561769512,0.4193791630011311,0.328092356778863,0.2520397637785462,0.41986787944259074,0.35758090385885455,0.24908010189640528,0.39333899424474006
2025-08-30,Premier League,Wolves,Everton,A,0.3565496198152922,0.2973109682472343,0.3461394119374735,0.35306019880437145,0.30147034727405264,0.345469453921576,0.2852184637764803,0.30539468950986476,0.40938684671365494
2025-08-30,La Liga,Girona,Sevilla,A,0.3908247539314402,0.2874759588188709,0.3216992872496889,0.38742300095152604,0.2913704975769707,0.32120650147150315,0.3903390436563405,0.2989305334330202,0.31073042291063946
2025-08-30,La Liga,Oviedo,Sociedad,H,0.27207858911134636,0.3045524852310877,0.4233689256575659,0.26871622767430875,0.3087019436025916,0.4225818287230997,0.2794147949721822,0.302699361219864,0.4178858438079539
2025-08-30,Bundesliga,RB Leipzig,Heidenheim,H,0.660881022665366,0.19429628409623592,0.14482269323839808,0.6592634095369694,0.1949565065191222,0.14578008394390846,0.6435806447227094,0.19386548109475057,0.16255387418254
2025-08-31,Premier League,Liverpool,Arsenal,H,0.430222474557948,0.2712004137614572,0.2985771116805948,0.428671488830332,0.27419668584587564,0.29713182532379234,0.40014611303400116,0.2847886750422171,0.3150652119237817
2025-08-31,Premier League,Nott'm Forest,West Ham,A,0.5593292401920704,0.252745030995882,0.1879257288120475,0.5613088561231802,0.2540734239462037,0.18461771993061618,0.5737904164260286,0.23609830102317886,0.19011128255079257
2025-08-31,Ligue 1,Paris FC,Metz,H,0.5165781278622459,0.26115894241924653,0.22226292971850767,0.5155537654253565,0.2636582140811499,0.22078802049349364,0.5428049337597076,0.250525354042942,0.20666971219735042
2025-08-31,Bundesliga,FC Koln,Freiburg,H,0.37323461082047765,0.28622286105864847,0.34054252812087377,0.3739855254713375,0.29002250354922343,0.33599197097943895,0.37112671121352403,0.2836708699003672,0.34520241888610864
2025-08-31,Serie A,Genoa,Juventus,A,0.21466551255100777,0.2798318288611351,0.5055026585878569,0.21363697868879103,0.2830016320026741,0.5033613893085348,0.1893530953690819,0.2971295427332449,0.5135173618976733
2025-08-31,La Liga,Celta,Villarreal,D,0.34686912392082336,0.2662932934349664,0.38683758264421036,0.34547048894708154,0.26927834911165405,0.3852511619412644,0.30102992585160915,0.2731890078537725,0.4257810662946183
2025-08-31,La Liga,Espanol,Osasuna,H,0.39997780983024517,0.2971263730167535,0.30289581715300123,0.398569192065041,0.301508926345232,0.299921881589727,0.38422649140546,0.307381193124368,0.3083923154701719
2025-08-31,Serie A,Inter,Udinese,A,0.720052947016215,0.17764018090230543,0.10230687208147957,0.7215708173552424,0.17674392600190117,0.10168525664285641,0.7435929064748744,0.16481029515237183,0.0915967983727537
2025-08-31,Serie A,Torino,Fiorentina,D,0.3012118977484066,0.299299441254766,0.3994886609968275,0.299014397429818,0.3036711708655378,0.3973144317046442,0.2951513311063873,0.3096669703411277,0.3951816985524851
2025-08-31,Ligue 1,Angers,Rennes,D,0.2797957023518626,0.27730493942291423,0.44289935822522325,0.280037903801377,0.2808927293884088,0.43906936681021413,0.21543985637342905,0.26152004787552363,0.5230400957510473
2025-08-31,Ligue 1,Monaco,Strasbourg,H,0.6132274207968103,0.2161838603269861,0.17058871887620358,0.6143727114640273,0.2167348726584891,0.16889241587748363,0.6638646775714073,0.19199345053999964,0.144141871888593
2025-08-31,La Liga,Betis,Ath Bilbao,A,0.3189085746033706,0.2986604111364899,0.38243101426013953,0.3179182504621394,0.3028766078667087,0.379205141671152,0.30009315154667865,0.3010488622203942,0.3988579862329273
2025-08-31,Serie A,Lazio,Verona,H,0.6497965982254397,0.21365194272718535,0.136551459047375,0.6493704007072061,0.21432244808983966,0.13630715120295414,0.6078560380164509,0.24282908735193276,0.14931487463161633
2025-08-31,Bundesliga,Dortmund,Union Berlin,H,0.6805922792173453,0.18561607615018508,0.13379164463246956,0.6832450856160255,0.1847322533233211,0.1320226610606535,0.6683311791010028,0.19469978564719295,0.13696903525180434
2025-08-31,Premier League,Brighton,Man City,H,0.24828569631136374,0.24440623230649866,0.5073080713821376,0.2469935280066735,0.24611799621014913,0.5068884757831775,0.2730258903861573,0.2602746812197708,0.46669942839407197
2025-08-31,La Liga,Vallecano,Barcelona,D,0.13951081160177475,0.1840123033651589,0.6764768850330662,0.1382750082546636,0.18293485631278883,0.6787901354325476,0.14155322239544632,0.18404678233482008,0.6743999952697336
2025-08-31,Bundesliga,Wolfsburg,Mainz,D,0.4599150982152367,0.25917867413234336,0.28090622765242007,0.45975800206510353,0.2618337766284009,0.27840822130649556,0.440767271138807,0.26720735417480085,0.2920253746863923
2025-08-31,Premier League,Aston Villa,Crystal Palace,A,0.5025109594362133,0.2653709561067643,0.23211808445702234,0.5011091222517464,0.2681262289934478,0.23076464875480585,0.45392651852074634,0.27028673040124207,0.2757867510780116
2025-08-31,Ligue 1,Le Havre,Nice,H,0.27336552452520524,0.26791379041786495,0.4587206850569298,0.2707291429554539,0.27051248097222624,0.45875837607231984,0.2915793049324728,0.27704309324962223,0.431377601817905
2025-08-31,Ligue 1,Lyon,Marseille,H,0.354073123797306,0.2549711353431687,0.39095574085952534,0.3531199169411421,0.25736178076684435,0.3895183022920135,0.3333373464481927,0.2702993382373597,0.39636331531444763
2025-09-12,Ligue 1,Marseille,Lorient,H,0.6941220397969643,0.18084405634556927,0.12503390385746643,0.6969140531296076,0.17973964199295508,0.12334630487743731,0.7008363714346987,0.18335835299163628,0.11580527557366503
2025-09-12,La Liga,Sevilla,Elche,D,0.5107283878013946,0.2778963286566412,0.21137528354196425,0.5090709658758946,0.28117386161376146,0.2097551725103439,0.5009671179883947,0.28433268858800775,0.21470019342359767
2025-09-12,Bundesliga,Leverkusen,Ein Frankfurt,H,0.44885867294618104,0.24805347715446846,0.30308784989935056,0.44639308664165867,0.25021579095932595,0.30339112239901533,0.44499648393310304,0.25360014675757486,0.3014033693093222
2025-09-13,Serie A,Cagliari,Parma,H,0.4352009758409441,0.2942012827335977,0.27059774142545806,0.43464219860672293,0.2981510563392341,0.2672067450540429,0.41782355575459024,0.3036274070756829,0.2785490371697268
2025-09-13,La Liga,Getafe,Oviedo,H,0.48054459603481003,0.3077998066105319,0.2116555973546579,0.48036034948951684,0.31200078197916614,0.20763886853131705,0.4747539825215882,0.32465993993744346,0.20058607754096827
2025-09-13,Bundesliga,Heidenheim,Dortmund,A,0.18167182398030696,0.2135368136078324,0.6047913624118606,0.17931273980227166,0.21331536842681575,0.6073718917709126,0.18962665023192446,0.21268935093580718,0.5976839988322682
2025-09-13,Ligue 1,Nice,Nantes,H,0.565724387935499,0.24455793853461671,0.18971767352988447,0.5653058881449032,0.24614584490364455,0.18854826695145216,0.6094828131923784,0.2276381591441413,0.16287902766348045
2025-09-13,Bundesliga,Mainz,RB Leipzig,A,0.36671120288270775,0.26222924005020437,0.3710595570670877,0.36916322683707775,0.2650363681181604,0.3658004050447618,0.4069510965465087,0.25586085202924125,0.33718805142425007
2025-09-13,La Liga,Ath Bilbao,Alaves,A,0.6020028619498983,0.24677401912828725,0.15122311892181445,0.6002702719246182,0.24880250631883205,0.15092722175654966,0.5943306659433066,0.2547131425471314,0.1509561915095619
2025-09-13,Ligue 1,Auxerre,Monaco,A,0.19089340458680248,0.21841756989931818,0.5906890255138794,0.1898009696332706,0.21870436936321624,0.5914946610035131,0.1878255633328093,0.21041482930156588,0.6017596073656247
2025-09-13,Bundesliga,Freiburg,Stuttgart,H,0.3298957075155597,0.260975991460777,0.4091283010236635,0.3268251882425967,0.26326227413576203,0.40991253762164126,0.3602712835282948,0.26664145843054593,0.3730872580411591
2025-09-13,Bundesliga,Union Berlin,Hoffenheim,A,0.36699143785060534,0.27713807696092907,0.35587048518846576,0.365880476060961,0.2803854671894461,0.35373405674959274,0.34408200092665603,0.2772896125114816,0.3786283865618624
2025-09-13,Premier League,Fulham,Leeds,H,0.4849047691766787,0.2707730335003676,0.24432219732295377,0.4852429574545753,0.27342284461356575,0.241334197931859,0.4655722285092812,0.28183007304419394,0.2525976984465249
2025-09-13,Premier League,Arsenal,Nott'm Forest,H,0.6879217379514617,0.19573855636557055,0.11633970568296777,0.6896448032473808,0.19523148890028286,0.11512370785233626,0.6740898550178165,0.1988424049320337,0.12706774005014987
2025-09-13,Bundesliga,Wolfsburg,FC Koln,D,0.47936778902754884,0.2639215917117966,0.2567106192606545,0.47808527184650584,0.26689631119754686,0.2550184169559473,0.49099859755574,0.2582787143306906,0.25072268811356935
2025-09-13,La Liga,Ath Madrid,Villarreal,H,0.5229889233086085,0.2558405273482651,0.22117054934312644,0.523632088516886,0.2579795038696642,0.2183884076134498,0.5337775905265155,0.25673541718259035,0.20948699229089415
2025-09-13,Serie A,Fiorentina,Napoli,A,0.2749215163514174,0.30031235703355474,0.4247661266150279,0.2730290458850068,0.30454855348775833,0.42242240062723485,0.2346689624487699,0.29009690756703765,0.4752341299841923
2025-09-13,Premier League,Newcastle,Wolves,H,0.6660139205210617,0.2061471658755667,0.12783891360337157,0.6686244801617759,0.20562123331013188,0.12575428652809215,0.6981400495284261,0.18989409347173192,0.11196585699984192
2025-09-13,Bundesliga,Bayern Munich,Hamburg,H,0.8856677262415505,0.07882517126918923,0.035507102489260346,0.8872536228321277,0.07720195357687874,0.03554442359099356,0.8867317367186944,0.07536163290619563,0.03790663037510999
2025-09-13,Premier League,Everton,Aston Villa,D,0.3886066719573949,0.2899695044575057,0.3214238235850995,0.3892463842942003,0.2939657955146816,0.31678782019111823,0.3630470016207455,0.2972447325769854,0.33970826580226904
2025-09-13,Premier League,Brentford,Chelsea,D,0.2090982529923595,0.2421699154554368,0.5487318315522036,0.20611540579024076,0.24272021635089425,0.551164377858865,0.22561818308360765,0.25533670719945917,0.5190451097169333
2025-09-13,Premier League,Crystal Palace,Sunderland,D,0.5721601437475434,0.2526026166545005,0.17523723959795606,0.572021227893491,0.2543391286188145,0.17363964348769445,0.5647133178712683,0.2599228421982824,0.17536383993044932
2025-09-13,La Liga,Sociedad,Real Madrid,A,0.17982766617033222,0.22640173798423124,0.5937705958454366,0.17854898926535906,0.2270064389751726,0.5944445717594684,0.1764105399715021,0.22513345101125032,0.5984560090172476
2025-09-13,Premier League,West Ham,Tottenham,A,0.2821813570069753,0.26632847178186436,0.4514901712111604,0.2790491344158656,0.26852772719418894,0.45242313838994536,0.2908214109804011,0.27093618629798055,0.4382424027216183
2025-09-13,Premier League,Bournemouth,Brighton,H,0.3985225505443235,0.27099533437013995,0.33048211508553654,0.3978202097295333,0.2741549199778584,0.32802487029260824,0.3925240315979823,0.2706291044065861,0.3368468639954316
2025-09-13,Serie A,Juventus,Inter,H,0.347265723589211,0.311736887182394,0.34099738922839495,0.34517940780802076,0.3168043289916255,0.3380162632003537,0.3424971363115693,0.3150057273768614,0.3424971363115693
2025-09-14,Premier League,Man City,Man United,H,0.537302064284314,0.23700542183969736,0.22569251387598865,0.535979994232795,0.238516528641444,0.2255034771257612,0.5746579417013682,0.22903033908387863,0.19631171921475307
2025-09-14,Ligue 1,Paris SG,Lens,H,0.7192396808621254,0.16386156207467553,0.11689875706319905,0.7200288096084235,0.1632260066775224,0.11674518371405411,0.7058699999999999,0.16951,0.12462
2025-09-14,Premier League,Burnley,Liverpool,A,0.11049773631037718,0.17500562288568025,0.7144966408039426,0.10964474112215367,0.17367851320479638,0.7166767456730498,0.10994277947999387,0.171264654677319,0.7187925658426872
2025-09-14,La Liga,Barcelona,Valencia,H,0.783310978399832,0.13409032440510676,0.08259869719506135,0.7844297282636773,0.13286818234897443,0.0827020893873483,0.6947965593345029,0.17629166430875445,0.1289117763567427
2025-09-14,La Liga,Celta,Girona,D,0.5579463384742958,0.2375136806099647,0.20453998091573963,0.5617538349775418,0.23814502199042606,0.20010114303203216,0.5468554072505364,0.25228262787824746,0.20086196487121613
2025-09-14,La Liga,Levante,Betis,D,0.2950902771072705,0.287848797914454,0.41706092497827557,0.2940930787018446,0.29177418045664305,0.41413274084151247,0.26745718050065875,0.26745718050065875,0.4650856389986825
2025-09-14,Serie A,Sassuolo,Lazio,H,0.26948480845442535,0.26948480845442535,0.46103038309114924,0.26817934386188563,0.2725586636214149,0.4592619925166994,0.23254916813960666,0.27052997783576016,0.4969208540246331
2025-09-14,Serie A,Milan,Bologna,H,0.4972835314091681,0.2700764006791171,0.23264006791171474,0.4978919658082197,0.2726770575119255,0.22943097667985488,0.533156007420866,0.26733318219119906,0.199510810387935
2025-09-14,Bundesliga,M'gladbach,Werder Bremen,A,0.48906709744418164,0.23954306813592569,0.2713898344198927,0.4912561311729568,0.24123556570815605,0.2675083031188872,0.45174250139993916,0.2427099814719467,0.3055475171281142
2025-09-14,Ligue 1,Rennes,Lyon,H,0.3530274511721137,0.2698428218729375,0.37712972695494873,0.35139243902900963,0.27296920139901093,0.37563835957197944,0.37737673481327394,0.27830142685344683,0.3443218383332791
2025-09-14,Ligue 1,Metz,Angers,D,0.41355489547270036,0.28361619719729,0.3028289073300096,0.41256115999460163,0.28728166899338814,0.3001571710120103,0.41972403465611297,0.28880094127714195,0.29147502406674514
2025-09-14,La Liga,Osasuna,Vallecano,H,0.37885457092906477,0.29827280504891446,0.3228726240220208,0.3775691136833672,0.302513018289539,0.3199178680270937,0.3476786688939978,0.3216618977522701,0.3306594333537322
2025-09-14,Bundesliga,St Pauli,Augsburg,H,0.42817795007940646,0.283295985097855,0.28852606482273846,0.42942786911061553,0.2866817956626717,0.2838903352267129,0.44617498677968587,0.2793558522567172,0.2744691609635968
2025-09-14,Ligue 1,Brest,Paris FC,A,0.42519685039370075,0.26771653543307083,0.30708661417322836,0.42300211218292594,0.27065320553601324,0.3063446822810609,0.3621092919413141,0.2785456091856262,0.35934509887305977
2025-09-14,Serie A,Pisa,Udinese,A,0.33833760527279394,0.30538264372024904,0.3562797510069572,0.33742893259402895,0.31002110009223555,0.35254996731373556,0.33236037978357313,0.3167461337534724,0.35089348646295454
2025-09-14,Serie A,Atalanta,Lecce,H,0.6732367876622155,0.20669550498401354,0.12006770735377091,0.6725785889348211,0.20716530178010878,0.12025610928507008,0.6870913681611972,0.20303770622322315,0.1098709256155796
2025-09-14,Ligue 1,Lille,Toulouse,H,0.5330320197774054,0.24623001438536313,0.2207379658372314,0.5341861636791974,0.24764298533970908,0.21817085098109365,0.5124782040104621,0.26193330427201394,0.225588491717524
2025-09-14,Serie A,Roma,Torino,A,0.6261091098737028,0.23172175389933608,0.14216913622696106,0.6277422638555931,0.232128508424256,0.14012922772015093,0.6244518620328555,0.2322468747954709,0.14330126317167352
2025-09-14,Ligue 1,Strasbourg,Le Havre,H,0.5883620331548017,0.2312971137709294,0.18034085307426875,0.5888897684194214,0.23231784878267936,0.17879238279789916,0.5255071892850108,0.25704155997636396,0.21745125073862517
2025-09-15,Serie A,Como,Genoa,D,0.5734490808948526,0.25555882952922776,0.17099208957591966,0.5733792148177725,0.2574302823688568,0.16919050281337064,0.5582366902443533,0.26575211451069214,0.17601119524495465
2025-09-15,La Liga,Espanol,Mallorca,H,0.438002233020396,0.2910946517588967,0.27090311522070737,0.43750664263074895,0.29498846977952103,0.2675048875897299,0.42177170559717936,0.3067430586161305,0.27148523578669015
2025-09-15,Serie A,Verona,Cremonese,D,0.40191146472486133,0.3004705519029314,0.29761798337220735,0.4014181401434465,0.3049436336317189,0.2936382262248345,0.354706277524819,0.31768306337239677,0.3276106591027842
2025-09-19,Bundesliga,Stuttgart,St Pauli,H,0.5393660318873345,0.24264538709584454,0.2179885810168211,0.5394191400424577,0.2443173149262481,0.21626354503129405,0.516278656112962,0.2421719469395853,0.24154939694745264
2025-09-19,La Liga,Betis,Sociedad,H,0.48923539088763324,0.2622845290036478,0.24848008010871894,0.48881537105547496,0.2647923208999902,0.24639230804453482,0.4883472480512801,0.2596446800933803,0.2520080718553397
2025-09-19,Ligue 1,Lyon,Angers,H,0.6590653605267384,0.2066805845511482,0.13425405492211337,0.6593171269855704,0.2070228613514013,0.13366001166302835,0.6547955530431506,0.2095345769738082,0.13566986998304129
2025-09-19,Serie A,Lecce,Cagliari,A,0.3363932237336226,0.3247934573979805,0.3388133188683969,0.3330313947363248,0.33038744211434906,0.33658116314932607,0.3315862391293462,0.3247258341818425,0.3436879266888114
2025-09-20,Bundesliga,Werder Bremen,Freiburg,A,0.39502417120087374,0.26078197374542367,0.34419385505370254,0.3966160905232428,0.26329231828448174,0.3400915911922755,0.3972876379345615,0.265231465325327,0.3374808967401114
2025-09-20,La Liga,Valencia,Ath Bilbao,H,0.31235794638681247,0.3072706834163432,0.38037137019684425,0.31192529595473084,0.3122079915441726,0.3758667125010965,0.27626763315922254,0.3038055644387592,0.41992680240201824
2025-09-20,La Liga,Villarreal,Osasuna,H,0.6104466313398941,0.22528387585162754,0.1642694928084784,0.6110398822694583,0.2260273099013853,0.1629328078291564,0.5632497178049023,0.2530105684257315,0.18373971376936618
2025-09-20,Premier League,Man United,Chelsea,H,0.35402642340358603,0.2571248820383769,0.38884869455803717,0.35322876854652024,0.25990463228456295,0.38686659916891686,0.35957323877891834,0.262230207286283,0.37819655393479856
2025-09-20,Premier League,Liverpool,Everton,H,0.6543449724337096,0.20404305592018898,0.14161197164610131,0.6541822932343176,0.2044388846363422,0.14137882212934005,0.6303464683741683,0.21880992350459638,0.15084360812123523
2025-09-20,La Liga,Real Madrid,Espanol,H,0.7875687599869903,0.1416915310321422,0.0707397089808674,0.7886650841852554,0.14047277668231342,0.07086213913243117,0.7881597717546363,0.1390870185449358,0.07275320970042796
2025-09-20,Ligue 1,Nantes,Rennes,D,0.27635185062104395,0.2796515742105489,0.4439965751684071,0.27713213250051244,0.28331077891671663,0.4395570885827709,0.2465345884892191,0.27297452986342524,0.48049088164735565
2025-09-20,Ligue 1,Brest,Nice,H,0.35697867891445934,0.26747975086752934,0.3755415702180112,0.3529539000503015,0.27042376259432876,0.3766223373553697,0.3184588680082747,0.2662819913289529,0.4152591406627723
2025-09-20,Bundesliga,Augsburg,Mainz,A,0.3521691669009775,0.28047005507682643,0.3673607780221962,0.34961572201268126,0.283904365633377,0.3664799123539418,0.36182208373243446,0.27214859900335847,0.3660293172642069
2025-09-20,La Liga,Alaves,Sevilla,A,0.4100649649926459,0.303263478933468,0.28667155607388617,0.4091183953495438,0.3076335304044517,0.28324807424600446,0.3921944455772603,0.3190734472492965,0.28873210717344316
2025-09-20,Serie A,Verona,Juventus,D,0.14530955134838988,0.24532781396481404,0.6093626346867962,0.14426293974514448,0.2463778747415622,0.6093591855132934,0.1424789682427531,0.23698763059473005,0.620533401162517
2025-09-20,Premier League,West Ham,Crystal Palace,A,0.3180369509477367,0.28206848625721886,0.39989456279504443,0.31444536148105917,0.2855303491130098,0.4000242894059311,0.31202161188653765,0.27735254389914454,0.4106258442143179
2025-09-20,Bundesliga,Hamburg,Heidenheim,H,0.46274748076901034,0.26631051599811995,0.2709420032328698,0.4620410448365676,0.2692730775367488,0.2686858776266835,0.5322566384721935,0.24343520674309627,0.22430815478471014
2025-09-20,Bundesliga,RB Leipzig,FC Koln,H,0.5696357058849801,0.22648166619523305,0.2038826279197868,0.5685599440197142,0.22793646486152722,0.20350359111875854,0.5063728517210516,0.2348761855863232,0.25875096269262526
2025-09-20,Serie A,Udinese,Milan,A,0.21855941981209825,0.2638630530504603,0.5175775271374414,0.2175478079988367,0.2663091887029174,0.5161430032982458,0.18422741861531408,0.24062356717102246,0.5751490142136634
2025-09-20,Premier League,Wolves,Leeds,A,0.35468674471763195,0.29968785075825227,0.3456254045241158,0.3531593379053741,0.303862903663676,0.34297775843094985,0.3277244382856577,0.30644363060477087,0.3658319311095714
2025-09-20,Bundesliga,Hoffenheim,Bayern Munich,A,0.12532981530343007,0.1644678979771328,0.7102022867194371,0.1219306862584612,0.16183333765640337,0.7162359760851356,0.13523191200339693,0.17577630275301873,0.6889917852435844
2025-09-20,Ligue 1,Lens,Lille,H,0.3911060433295325,0.2736602052451539,0.3352337514253136,0.3912029629487835,0.276956695987229,0.3318403410639876,0.422702211331344,0.27322490761417306,0.3040728810544829
2025-09-20,Premier League,Brighton,Tottenham,D,0.4213597899037059,0.26262036766851476,0.3160198424277794,0.4190224565094868,0.2652306058725434,0.3157469376179699,0.43689510178580326,0.2611742068526703,0.30193069136152645
2025-09-20,Premier League,Burnley,Nott'm Forest,D,0.28262023651065993,0.28178160079401104,0.435598162695329,0.28287950346249413,0.28555113027791024,0.4315693662595957,0.2782080989485941,0.2866131774666785,0.4351787235847275
2025-09-20,Serie A,Bologna,Genoa,H,0.5175264767254163,0.28542369322432054,0.1970498300502631,0.5153539330737418,0.28896481713940747,0.19568124978685073,0.46344768122190055,0.3140974317915871,0.22245488698651228
2025-09-20,Premier League,Fulham,Brentford,H,0.46995015480555985,0.2727871588239169,0.2572626863705233,0.47054761156059616,0.27578912312268666,0.2536632653167172,0.4471160781395914,0.28811127223584615,0.26477264962456254
2025-09-20,La Liga,Girona,Levante,A,0.4905651698552489,0.2697409623420599,0.23969386780269117,0.4875554679190821,0.27303782503182944,0.23940670704908834,0.5108010508945928,0.2547121143274924,0.23448683477791485
2025-09-21,Bundesliga,Ein Frankfurt,Union Berlin,A,0.6034583090863745,0.21905395294704463,0.17748773796658077,0.6062124959202883,0.219147866197017,0.17463963788269476,0.5821543490474489,0.22616068236375714,0.19168496858879414
2025-09-21,Serie A,Torino,Atalanta,A,0.2764226361595715,0.2856929074941913,0.4378844563462371,0.2748119814578173,0.2895119327478672,0.4356760857943155,0.25212394179495673,0.2901364745578887,0.45773958364715456
2025-09-21,Serie A,Fiorentina,Como,A,0.36256936172685283,0.2934545771476715,0.34397606112547574,0.35957347831434816,0.2975514591903155,0.34287506249533634,0.3670574327652448,0.2911535809279874,0.34178898630676785
2025-09-21,Serie A,Inter,Sassuolo,H,0.7421890354230619,0.16682833185615728,0.09098263272078076,0.7433975821061699,0.16582968111697247,0.0907727367768577,0.7266657195624379,0.17175735189657623,0.10157692854098593
2025-09-21,Serie A,Lazio,Roma,A,0.3347940548496093,0.3005659086669016,0.36464003648348914,0.3340869163030984,0.30492305291184285,0.36099003078505865,0.33688159846435745,0.3175988133670709,0.3455195881685717
2025-09-21,Bundesliga,Leverkusen,M'gladbach,D,0.605216387335067,0.2075410177808305,0.18724259488410255,0.6048738115440586,0.2080050130777442,0.1871211753781972,0.6240670023625761,0.2117620614758404,0.16417093616158357
2025-09-21,La Liga,Barcelona,Getafe,H,0.7709003107372383,0.1499997414831628,0.07909994777959889,0.7731107517798235,0.14834343752027981,0.07854581069989666,0.7675637262277082,0.1496201875214075,0.08281608625088431
2025-09-21,Ligue 1,Auxerre,Toulouse,H,0.3562841530054645,0.28743169398907104,0.3562841530054645,0.3559797230012221,0.29127982642720424,0.35274045057157366,0.286726510976512,0.2902554526500691,0.42301803637341906
2025-09-21,Premier League,Sunderland,Aston Villa,D,0.2658792133553699,0.28339221543266974,0.45072857121196036,0.2666864540702726,0.28743806806141764,0.4458754778683098,0.2495431232682898,0.28562164711430765,0.4648352296174026
2025-09-21,Ligue 1,Le Havre,Lorient,D,0.4150027374319668,0.27748703745451037,0.307510225113523,0.4166773749225955,0.2805748521116255,0.30274777296577915,0.45083811044191285,0.28815035193382194,0.2610115376242653
2025-09-21,Premier League,Arsenal,Man City,D,0.49825113676110533,0.2558586918502973,0.24589017138859742,0.49891231300048605,0.25813802971070293,0.24294965728881107,0.4640503140948692,0.26721998424002297,0.26872970166510785
2025-09-21,La Liga,Vallecano,Celta,D,0.40605128580669564,0.2903958112115997,0.30355290298170456,0.40526077270451705,0.29427113232827834,0.3004680949672046,0.46870271576481964,0.2787255794932803,0.2525717047419001
2025-09-21,La Liga,Mallorca,Ath Madrid,D,0.18605367857572105,0.26768406746649326,0.5462622539577857,0.18421435115584825,0.26979053368168965,0.5459951151624621,0.1911949176546757,0.2690891433658399,0.5397159389794846
2025-09-21,La Liga,Elche,Oviedo,H,0.48461659942859614,0.2978694385022899,0.21751396206911405,0.4860307114787892,0.30127630498838587,0.21269298353282487,0.4786461920094033,0.2919297208230726,0.2294240871675242
2025-09-21,Serie A,Cremonese,Parma,D,0.3726947985943717,0.30006098800569225,0.3272442133999361,0.3711720236157191,0.30427119565069904,0.3245567807335817,0.32284210483334214,0.3002944022735532,0.3768634928931046
2025-09-21,Ligue 1,Paris FC,Strasbourg,A,0.39597740333106063,0.2712330768481543,0.33278951982078503,0.3955084333032687,0.27441773590488056,0.33007383079185065,0.4000256632342091,0.27443621082346903,0.3255381259423219
2025-09-21,Ligue 1,Monaco,Metz,H,0.7482829032856877,0.1548171524039354,0.09689994431037684,0.7484484598964569,0.15417359147071466,0.09737794863282848,0.7234903708848367,0.1667619649202638,0.1097476641948994
2025-09-21,Bundesliga,Dortmund,Wolfsburg,H,0.6386650622942838,0.19890627999419433,0.16242865771152198,0.6400476401181016,0.19873882414829966,0.1612135357335988,0.6187406539223215,0.20579557854746797,0.17546376753021053
2025-09-21,Premier League,Bournemouth,Newcastle,D,0.3868555432757077,0.27360218133122516,0.33954227539306725,0.3856900280322848,0.27693052177393024,0.3373794501937849,0.39817100538599637,0.28803859964093353,0.31379039497307
2025-09-22,Serie A,Napoli,Pisa,H,0.7617144617394774,0.16483873168533192,0.07344680657519066,0.7623833335681884,0.16405001571837263,0.07356665071343897,0.7279032705546845,0.1873810399447703,0.0847156895005452
2025-09-22,Ligue 1,Marseille,Paris SG,H,0.2637893732217243,0.24073323263165067,0.495477394146625,0.2639231279329694,0.24247586858179807,0.4936010034852327,0.2358739909993571,0.24701764411743699,0.517108364883206
2025-09-23,La Liga,Ath Bilbao,Girona,D,0.6547980813863531,0.2147857032337924,0.13041621537985454,0.6569037384269617,0.21457061878802466,0.12852564278501377,0.6410415210524919,0.2191467525458519,0.13981172640165626
2025-09-23,La Liga,Levante,Real Madrid,A,0.11382797909104378,0.16584076391296182,0.7203312569959944,0.11299252221295096,0.16428606203922816,0.722721415747821,0.12326446335684886,0.17026458247852505,0.7064709541646262
2025-09-23,La Liga,Espanol,Valencia,D,0.41744236001718465,0.29667287221347083,0.2858847677693446,0.41708577738809555,0.30085860933386194,0.28205561327804257,0.4066400720627976,0.2985458756916741,0.29481405224552826
2025-09-23,La Liga,Sevilla,Villarreal,A,0.3070869626440828,0.2865522721329283,0.40636076522298886,0.3067419763154517,0.29064698137569595,0.4026110423088523,0.28571428571428575,0.28571428571428575,0.4285714285714286
2025-09-24,La Liga,Getafe,Alaves,D,0.4097886011184707,0.3284020148336176,0.2618093840479118,0.4074626890960375,0.3341807819610769,0.2583565289428854,0.4571931842691782,0.3339779998562082,0.20882881587461358
2025-09-24,La Liga,Ath Madrid,Vallecano,H,0.6286702221180333,0.22188360780636468,0.1494461700756022,0.6292609571948912,0.22253627082981567,0.14820277197529305,0.6520155190334566,0.21935556904837863,0.1286289119181649
2025-09-24,La Liga,Sociedad,Mallorca,H,0.5278278507463648,0.2707197286063018,0.2014524206473333,0.52817681918914,0.273255542809028,0.19856763800183214,0.5427903698482768,0.2667952665355937,0.1904143636161294
2025-09-25,La Liga,Oviedo,Barcelona,A,0.09701379319856514,0.15171139227174646,0.7512748145296885,0.09469986399069374,0.1489466678250138,0.7563534681842925,0.07651455305477771,0.14126642108770152,0.7822190258575209
2025-09-25,La Liga,Osasuna,Elche,D,0.4763393326636519,0.3007655401754469,0.2228951271609013,0.47449979480742294,0.30495239865999285,0.2205478065325841,0.4978456318914334,0.29652247667514847,0.20563189143341817
2025-09-26,Bundesliga,Bayern Munich,Werder Bremen,H,0.8671204867247473,0.08615873569097307,0.04672077758427951,0.8702917207358025,0.08390436436567492,0.045803914898522625,0.8586108162591763,0.0897786975175945,0.05161048622322918
2025-09-26,La Liga,Girona,Espanol,D,0.38649817526414937,0.28491104158444847,0.3285907831514022,0.38420135382848575,0.2887423267474976,0.32705631942401664,0.37011244700243734,0.29039591995575853,0.3394916330418041
2025-09-26,Ligue 1,Strasbourg,Marseille,A,0.2680965147453083,0.2613941018766756,0.47050938337801607,0.26514126728974907,0.2635854320186542,0.47127330069159684,0.29543399024147876,0.26622441493511784,0.43834159482340335
2025-09-27,Ligue 1,Lorient,Monaco,H,0.19079418077748633,0.2213212497018841,0.5878845695206297,0.1885226205903134,0.22141792208157837,0.5900594573281082,0.248172156872307,0.24752078638182853,0.5043070567458645
2025-09-27,Premier League,Brentford,Man United,H,0.27893807643564067,0.25156219094991467,0.46949973261444466,0.2765605027261704,0.2531236417122439,0.47031585556158567,0.28764100049043656,0.25380088278567925,0.45855811672388436
2025-09-27,Serie A,Cagliari,Inter,A,0.16116161946497484,0.22663352737262085,0.6122048531624044,0.16004592622960204,0.2271952649315914,0.6127588088388067,0.1464058925751131,0.2250248086357347,0.6285692987891522
2025-09-27,Bundesliga,M'gladbach,Ein Frankfurt,A,0.31478662125468904,0.2549087313421123,0.4303046474031987,0.3150999726299122,0.2575916109943707,0.427308416375717,0.3244557995317345,0.25920711257356194,0.4163370878947035
2025-09-27,La Liga,Mallorca,Alaves,H,0.4048901167196603,0.3176410679989254,0.27746881528141426,0.4037840218343395,0.32279592996612116,0.27342004819953925,0.38541658210275936,0.3301645545985177,0.28441886329872307
2025-09-27,La Liga,Ath Madrid,Real Madrid,H,0.32085177320446917,0.26722498958105934,0.4119232372144714,0.32004669512635764,0.2702097156517853,0.40974358922185705,0.3061639944451458,0.27097273071581873,0.4228632748390355
2025-09-27,Bundesliga,Wolfsburg,RB Leipzig,A,0.36874646407500206,0.25660712842479594,0.3746464075002021,0.37100807066833286,0.25923245626526,0.36975947306640716,0.36311560570747775,0.2576628544609225,0.3792215398315998
2025-09-27,Premier League,Crystal Palace,Liverpool,H,0.2483311081441923,0.25500667556742324,0.4966622162883846,0.24901707206750925,0.25742312291677777,0.493559805015713,0.2366725228990056,0.255810462756068,0.5075170143449264
2025-09-27,La Liga,Villarreal,Ath Bilbao,H,0.45418796696814784,0.28627605190719624,0.2595359811246559,0.45414319554011684,0.28968647923043417,0.25617032522944894,0.4663819116043889,0.2863499882798983,0.24726810011571276
2025-09-27,Serie A,Como,Cremonese,D,0.6579729997656856,0.2148483264541014,0.12717867378021305,0.6590015612393185,0.2150611200256066,0.12593731873507474,0.6708493717463924,0.20880742034490357,0.12034320790870398
2025-09-27,Serie A,Juventus,Atalanta,D,0.507341472966752,0.2658183492163828,0.22684017781686508,0.5058096327560475,0.2688338353759189,0.22535653186803356,0.48884833232932096,0.27587055011566936,0.2352811175550098
2025-09-27,Bundesliga,St Pauli,Leverkusen,A,0.29980148764679154,0.27112482361101153,0.4290736887421971,0.2996281454366657,0.2745128415508623,0.42585901301247203,0.3176021327184955,0.27581237841343037,0.4065854888680741
2025-09-27,Ligue 1,Toulouse,Nantes,D,0.5555035496543956,0.2607780552544246,0.18371839509117976,0.5544020587383262,0.26319890717705896,0.18239903408461483,0.5590857115843155,0.2581570635457631,0.18275722486992133
2025-09-27,La Liga,Getafe,Levante,D,0.4599944191238025,0.30127430006511025,0.23873128081108733,0.45824982288543054,0.30560580549340255,0.2361443716211669,0.448140061853888,0.3100247641021979,0.241835174043914
2025-09-27,Premier League,Man City,Burnley,H,0.8118816030441579,0.1269921758772279,0.0611262210786142,0.8134578824294546,0.12541858314134965,0.06112353442919575,0.7977688578428818,0.13523432205598707,0.06699682010113121
2025-09-27,Premier League,Leeds,Bournemouth,D,0.31823928653135275,0.2882532139402526,0.39350749952839464,0.31743519581056395,0.29218048906522737,0.3903843151242087,0.3205476799444897,0.29375267264262833,0.3856996474128819
2025-09-27,Premier League,Chelsea,Brighton,A,0.5092348284960422,0.2453825857519789,0.2453825857519789,0.5110432697737888,0.24693460207201606,0.24202212815419524,0.4801639820523581,0.25352658252364507,0.26630943542399693
2025-09-27,Bundesliga,Mainz,Dortmund,A,0.2985798725723498,0.25067935825593,0.45074076917172035,0.2981921743559618,0.2529663269418206,0.4488414987022177,0.2780407004259347,0.250680312352106,0.4712789872219593
2025-09-27,Premier League,Nott'm Forest,Sunderland,A,0.536551398188263,0.2587727451752659,0.20467585663647106,0.5341017588831909,0.26146540634542975,0.2044328347713793,0.5422306585851556,0.257155461388624,0.20061388002622035
2025-09-27,Bundesliga,Heidenheim,Augsburg,H,0.3483164459576697,0.2708009363081305,0.3808826177341998,0.3468546137891341,0.27386682277818464,0.3792785634326813,0.3338959235092706,0.27213482783125525,0.3939692486594741
2025-09-27,Ligue 1,Paris SG,Auxerre,H,0.8194959794244122,0.1185434435645376,0.06196057701105022,0.8209997395885368,0.11703311958561843,0.06196714082584474,0.7812136712392467,0.14066496163682865,0.07812136712392467
2025-09-27,Premier League,Tottenham,Wolves,D,0.6443006114498233,0.207247680269418,0.14845170828075868,0.6487396562037637,0.2064369817800043,0.1448233620162318,0.6206529547294651,0.22238852944638915,0.15695851582414572
2025-09-28,Ligue 1,Rennes,Lens,D,0.3907439953134153,0.26947861745752777,0.3397773872290568,0.3897755262134934,0.2726544925636779,0.3375699812228286,0.3681825538112964,0.26929923935911965,0.3625182068295841
2025-09-28,La Liga,Vallecano,Sevilla,A,0.4681490384615385,0.2854567307692308,0.24639423076923075,0.46694492627272344,0.2888971784719058,0.24415789525537074,0.47389774404153806,0.2849113325204413,0.2411909234380207
2025-09-28,Ligue 1,Nice,Paris FC,D,0.5063162965020409,0.24456531293179523,0.24911839056616378,0.505642006540793,0.24643608154937902,0.24792191190982787,0.46086508753862,0.262615859938208,0.276519052523172
2025-09-28,Serie A,Milan,Napoli,H,0.3990350250178699,0.2952108649035025,0.3057541100786276,0.3994751338311965,0.2993423164090533,0.30118254975975023,0.49386679258447475,0.2766233354358788,0.2295098719796464
2025-09-28,La Liga,Betis,Osasuna,H,0.5363562753036437,0.2550607287449393,0.208582995951417,0.5361751206318381,0.25727656297912865,0.20654831638903318,0.5188780510570775,0.26452606524478467,0.21659588369813787
2025-09-28,Premier League,Aston Villa,Fulham,H,0.41462674927429494,0.29764741562323993,0.28772583510246524,0.412847721232928,0.3017732787510543,0.28537900001601774,0.4222799747137739,0.29324998244012074,0.2844700428461052
2025-09-28,Bundesliga,FC Koln,Stuttgart,A,0.3358285322912051,0.2564844285081181,0.40768703920067684,0.33569262912910836,0.2589240812271342,0.4053832896437575,0.3716019016871233,0.25971072134486795,0.36868737696800863
2025-09-28,La Liga,Elche,Celta,H,0.33703369585191867,0.29839288995806806,0.36457341419001316,0.33625993801771953,0.30277452191667353,0.36096554006560705,0.3395340012456331,0.3015669404034696,0.3588990583508973
2025-09-28,Bundesliga,Union Berlin,Hamburg,D,0.47533486763822735,0.26527186664229685,0.2593932657194759,0.47422519441406885,0.2679866287482729,0.25778817683765815,0.47811505876223226,0.2638337999332206,0.25805114130454726
2025-09-28,Serie A,Lecce,Bologna,D,0.23832170151188553,0.3058591218100421,0.45581917667807237,0.23700276735330641,0.31042539713638423,0.4525718355103094,0.17662502344105804,0.2718091138833573,0.5515658626755847
2025-09-28,Serie A,Pisa,Fiorentina,D,0.2847336977246727,0.29452141858395836,0.42074488369136903,0.2848179807261758,0.2988863462772951,0.41629567299652903,0.2719816898722106,0.29309828070079835,0.43492002942699115
2025-09-28,Ligue 1,Lille,Lyon,A,0.42093632704834005,0.27129711251959493,0.307766560432065,0.42034562366062705,0.2741734255466234,0.30548095079274956,0.41659761616419144,0.2736949455032188,0.3097074383325897
2025-09-28,Premier League,Newcastle,Arsenal,A,0.2693320271842282,0.2847456070532052,0.4459223657625665,0.26729533443486325,0.28822093575259355,0.4444837298125432,0.2792199235735934,0.291210963236263,0.4295691131901436
2025-09-28,Serie A,Roma,Verona,H,0.6610182649553905,0.22295627939112936,0.11602545565348016,0.6613101741114585,0.22340905303083075,0.11528077285771057,0.6688181889244994,0.21728885861371983,0.1138929524617807
2025-09-28,Ligue 1,Angers,Brest,A,0.3086391676379453,0.28518634334934756,0.4061744890127072,0.30870691359626706,0.289138661804438,0.40215442459929496,0.29856,0.30336,0.39808
2025-09-28,La Liga,Barcelona,Sociedad,H,0.7417625044139402,0.16021060894654832,0.09802688663951137,0.7436814129893767,0.1589088479452457,0.09740973906537756,0.6999820915378252,0.17729377553021838,0.12272413293195636
2025-09-28,Ligue 1,Metz,Le Havre,D,0.36090535658313677,0.28094428955573525,0.3581503538611281,0.3592096249090006,0.28458320571146883,0.35620716937953056,0.3672737159075462,0.28578137164842504,0.3469449124440289
2025-09-28,Serie A,Sassuolo,Udinese,H,0.41337748076961905,0.2887282711837032,0.29789424804667786,0.41363651068364576,0.2924828369905846,0.29388065232576965,0.4002444524225397,0.30178175965405546,0.2979737879234049
2025-09-28,Bundesliga,Freiburg,Hoffenheim,D,0.42778870858554474,0.2609630283571986,0.3112482630572568,0.4284070649356077,0.26328650536580755,0.30830642969858474,0.41201627620025005,0.2816469470144992,0.30633677678525084
2025-09-29,Premier League,Everton,West Ham,D,0.5487774462621355,0.255798701238719,0.19542385249914554,0.550949181589603,0.25724532507869563,0.19180549333170133,0.5750905544719978,0.24519364725550288,0.17971579827249928
2025-09-29,Serie A,Genoa,Lazio,A,0.31659713945172824,0.3072854588796186,0.3761174016686532,0.3157666436154319,0.31228084157108527,0.37195251481348274,0.327057961114906,0.32147676723922497,0.3514652716458691
2025-09-29,Serie A,Parma,Torino,H,0.4194082565688161,0.30015159575531886,0.28044014767586506,0.42100206150695785,0.30421950236459827,0.274778436128444,0.3734714477189614,0.3179554217066834,0.30857313057435504
2025-09-30,La Liga,Valencia,Oviedo,A,0.5585638610947616,0.25779870512065917,0.18363743378457914,0.5584350376438698,0.2598796858376338,0.1816852765184963,0.5587841054110171,0.2660127149703152,0.1752031796186677
2025-10-03,Ligue 1,Paris FC,Lorient,H,0.5427381314668289,0.2421447048082776,0.21511716372489353,0.5440406493523932,0.243564336359748,0.2123950142878589,0.5354685309263363,0.25131323051476046,0.21321823855890312
2025-10-03,Bundesliga,Hoffenheim,FC Koln,A,0.4928327645051194,0.2464163822525597,0.26075085324232083,0.4926478311270218,0.24851379429843526,0.25883837457454284,0.48522460342777596,0.2503552475132674,0.26442014905895656
2025-10-03,La Liga,Osasuna,Getafe,H,0.43934057699512924,0.33027351067815663,0.23038591232671413,0.4380726420841523,0.335601707656405,0.22632565025944273,0.43567847961110556,0.33253198443815835,0.231789535950736
2025-10-03,Serie A,Verona,Sassuolo,A,0.3839280937349526,0.3014819966828955,0.3145899095821518,0.3819915296905814,0.30596112939379877,0.31204734091561975,0.40250564498506813,0.30679583363682716,0.2906985213781047
2025-10-03,Premier League,Bournemouth,Fulham,H,0.4820333041191937,0.2713158883185176,0.24665080756228872,0.4820730909498134,0.2741752282147122,0.24375168083547447,0.48666598259872695,0.2766759959380517,0.23665802146322132
2025-10-04,Bundesliga,Ein Frankfurt,Bayern Munich,A,0.15893876917237454,0.1806818377874778,0.6603793930401478,0.15508449056205625,0.17856918190695664,0.6663463275309871,0.14064270001242427,0.16648517492636797,0.6928721250612078
2025-10-04,Premier League,Leeds,Tottenham,A,0.34492091008451475,0.2741423418301779,0.38093674808530736,0.3423737670102623,0.2772771267483525,0.3803491062413853,0.34490764106187544,0.2831331381851216,0.371959220753003
2025-10-04,Serie A,Parma,Lecce,A,0.5155750194246274,0.26652606936357853,0.217898911211794,0.5166580019055986,0.26893365735892005,0.21440834073548137,0.5011362376676644,0.27873849905775416,0.22012526327458157
2025-10-04,Bundesliga,Augsburg,Wolfsburg,H,0.3463155377000134,0.26586830231360803,0.38781615998637864,0.344371833208275,0.2686753173708181,0.3869528494209068,0.37756076336431427,0.2689179226241555,0.3535213140115302
2025-10-04,La Liga,Ath Bilbao,Mallorca,H,0.6206228579943377,0.24064967963045747,0.1387274623752049,0.6197913233754061,0.24209110643476758,0.13811757018982643,0.5862728527489528,0.25719326782719737,0.15653387942384978
2025-10-04,Bundesliga,Leverkusen,Union Berlin,H,0.5583604352272412,0.23990934301323924,0.2017302217595194,0.5588137402662389,0.24121968045705774,0.19996657927670344,0.5557125930167742,0.24285640311787046,0.20143100386535526
2025-10-04,La Liga,Real Madrid,Villarreal,H,0.6556421745098547,0.1895832793763435,0.1547745461138018,0.6569423331564503,0.18933743488635205,0.15372023195719764,0.6757747417527491,0.1852715761412862,0.13895368210596465
2025-10-04,Premier League,Man United,Sunderland,H,0.632708585247884,0.2085852478839178,0.15870616686819833,0.6325206015750325,0.20925092013352756,0.15822847829143993,0.5892047570030005,0.22479138833526796,0.18600385466173155
2025-10-04,Bundesliga,Dortmund,RB Leipzig,D,0.5583104446588969,0.21512879518966668,0.22656076015143642,0.5613945843901528,0.21531224609351046,0.22329316951633674,0.5629201406389478,0.20890591885934282,0.2281739405017094
2025-10-04,La Liga,Oviedo,Levante,A,0.38053646352015413,0.2894878618190129,0.329975674660833,0.3791980145768773,0.29335081545260877,0.32745116997051393,0.3987222045198789,0.29346944866835806,0.3078083468117632
2025-10-04,Bundesliga,Werder Bremen,St Pauli,H,0.404504976427449,0.2673651126244107,0.3281299109481404,0.4012957186869954,0.2702286219119463,0.3284756594010584,0.40738650689783523,0.26810906864216505,0.3245044244599998
2025-10-04,La Liga,Girona,Valencia,H,0.38809298855282204,0.27984153180515065,0.3320654796420274,0.3883749134193616,0.2833428190466893,0.32828226753394923,0.39907961157175587,0.28802075942181765,0.3128996290064265
2025-10-04,Ligue 1,Metz,Marseille,A,0.15144059448638392,0.205455511119383,0.6431038943942331,0.14939852400899617,0.20469702737611595,0.6459044486148879,0.16349940590507936,0.2199047953548503,0.6165957987400705
2025-10-04,Premier League,Arsenal,West Ham,H,0.7985535835722176,0.13913305482444202,0.062313361603340264,0.8013661563861834,0.13708603205527703,0.06154781155853957,0.8046708904942724,0.13042742455813755,0.06490168494758997
2025-10-04,Serie A,Atalanta,Como,D,0.43202213023091557,0.2745796629455965,0.29339820682348783,0.4309460831085424,0.27760572773475517,0.2914481891567024,0.4341568458556831,0.28377119141772056,0.2820719627265965
2025-10-04,Serie A,Inter,Cremonese,H,0.7987495578153437,0.13561503283771303,0.06563540934694329,0.800307014313578,0.13414613759265345,0.06554684809376851,0.8126974666251734,0.13315382221542388,0.05414871115940271
2025-10-04,Ligue 1,Auxerre,Lens,A,0.25690274348976,0.25974931128466044,0.48334794522557945,0.2549535219270428,0.2618986469594321,0.48314783111352505,0.2690903531114003,0.26234435540108664,0.468565291487513
2025-10-04,Ligue 1,Brest,Nantes,D,0.5042595180739815,0.26125980602161714,0.2344806759044014,0.5040701651045006,0.2635876902055725,0.23234214468992678,0.4990727074488412,0.26570349776853797,0.2352237947826209
2025-10-04,Premier League,Chelsea,Liverpool,H,0.3295492722258248,0.25562335440219386,0.41482737337198133,0.33026556467983365,0.2580084367700727,0.41172599855009373,0.32993655066333394,0.26014228033070563,0.40992116900596043
2025-10-04,Serie A,Lazio,Torino,D,0.550971763287731,0.26465216719719664,0.1843760695150724,0.553376394076792,0.2661070657878887,0.18051654013531945,0.47242027232246275,0.29196159687009343,0.23561813080744384
2025-10-05,La Liga,Sevilla,Barcelona,H,0.16122176409921407,0.18944368256326163,0.6493345533375243,0.15964741691584258,0.18870368108815075,0.6516489019960067,0.16452949946053982,0.1984745330334512,0.6369959675060088
2025-10-05,Ligue 1,Lyon,Toulouse,A,0.4974385736955897,0.25899694332910866,0.24356448297530167,0.49750231397130446,0.26135718175674344,0.24114050427195205,0.4754194877833383,0.2768619370032382,0.2477185752134236
2025-10-05,Serie A,Udinese,Cagliari,D,0.43506930008276373,0.29595623234470136,0.26897446757253485,0.4328336941713035,0.3001943715235245,0.266971934305172,0.4464674276754814,0.30097324996653857,0.2525593223579801
2025-10-05,La Liga,Alaves,Elche,H,0.40076946953978865,0.3115616474163141,0.28766888304389737,0.3990983775292033,0.3163309030406102,0.2845707194301864,0.429027580675017,0.323239958042821,0.24773246128216206
2025-10-05,Bundesliga,M'gladbach,Freiburg,D,0.41314516355299385,0.26567691820546635,0.32117791824153974,0.4128721911534349,0.2687621158010928,0.3183656930454724,0.36436276468238116,0.2808629644426688,0.35477427087495
2025-10-05,Serie A,Fiorentina,Roma,A,0.31928826672786287,0.2879470871717536,0.3927646461003836,0.31859862853951915,0.29176831866362063,0.3896330527968603,0.3109375576216251,0.30293916385643865,0.3861232785219361
2025-10-05,Premier League,Aston Villa,Burnley,H,0.5975351674343334,0.23752022905514752,0.16494460351051912,0.5973143324356941,0.23873705081286437,0.16394861675144148,0.6114073216682469,0.23399539471253894,0.15459728361921415
2025-10-05,La Liga,Espanol,Betis,A,0.36529128707093866,0.2777510673882581,0.3569576455408032,0.3639778422866791,0.28127350322955597,0.35474865448376486,0.3723831901950992,0.2837739371065063,0.3438428726983945
2025-10-05,Bundesliga,Hamburg,Mainz,H,0.339080459770115,0.264367816091954,0.39655172413793105,0.337629406154006,0.2672727962678013,0.3950977975781926,0.3050185252790443,0.2559828495529854,0.4389986251679703
2025-10-05,Bundesliga,Stuttgart,Heidenheim,H,0.6603475379550261,0.1949466744066813,0.14470578763829273,0.6618544438477191,0.19468663893624033,0.14345891721604054,0.678629057789017,0.18642181627010548,0.13494912594087746
2025-10-05,La Liga,Celta,Ath Madrid,D,0.2168066236097101,0.25158843488399507,0.5316049415062948,0.21597817410547188,0.2534151504269886,0.5306066754675395,0.21029119311358546,0.2550701803264514,0.5346386265599631
2025-10-05,Ligue 1,Strasbourg,Angers,H,0.5694116823778796,0.24921200952878025,0.18137630809334004,0.5675074567454839,0.251435803769183,0.18105673948533316,0.5470760669747106,0.2585084712078302,0.19441546181745914
2025-10-05,Ligue 1,Monaco,Nice,D,0.4992702129699669,0.2463590552187763,0.25437073181125686,0.5002107527070249,0.24811284746523563,0.2516763998277395,0.4890430147203703,0.2523671172220092,0.2585898680576204
2025-10-05,Ligue 1,Le Havre,Rennes,D,0.3086391676379453,0.28518634334934756,0.4061744890127072,0.3087866049349634,0.28893494860656155,0.40227844645847516,0.3037452959799295,0.2777611851143898,0.4184935189056806
2025-10-05,Premier League,Everton,Crystal Palace,H,0.37543251894989466,0.29590164266144336,0.32866583838866203,0.37445422247258037,0.3000677237195495,0.32547805380787015,0.3578387228817028,0.30589439214081043,0.3362668849774867
2025-10-05,Serie A,Juventus,Milan,D,0.3577905711057492,0.2949809410683763,0.3472284878258747,0.355275568932294,0.2990615474597419,0.345662883607964,0.3431753734615722,0.31239220042681326,0.34443242611161456
2025-10-05,La Liga,Sociedad,Vallecano,A,0.4589211491208598,0.2802991449720222,0.26077970590711813,0.4586275733115149,0.2836688415019892,0.257703585186496,0.44492147040364094,0.28325330848520086,0.2718252211111582
2025-10-05,Ligue 1,Lille,Paris SG,D,0.21663774815463407,0.24114176079937416,0.5422204910459917,0.2153148102964394,0.24237700524330116,0.5423081844602594,0.27773257596112727,0.262992578912911,0.45927484512596173
2025-10-05,Premier League,Newcastle,Nott'm Forest,H,0.6007181459916582,0.22544766524152496,0.17383418876681683,0.6030140264417365,0.2259003361826087,0.17108563737565485,0.628613001642807,0.21475240553860597,0.1566345928185872
2025-10-05,Premier League,Wolves,Brighton,D,0.25882157424501345,0.26385421596644426,0.47732420978854234,0.25876764612424885,0.26671489624036937,0.47451745763538183,0.27445146338728366,0.2690090830934848,0.45653945351923136
2025-10-05,Premier League,Brentford,Man City,A,0.20032554187847387,0.22190627941104954,0.5777681787104765,0.1984485719560371,0.2222620404054043,0.5792893876385588,0.18838467016825422,0.22669255764266003,0.5849227721890856
2025-10-05,Serie A,Bologna,Pisa,H,0.5891221913483128,0.25002533319822295,0.16085247545346423,0.5883255626317572,0.2519228498548437,0.15975158751339918,0.5686436172481143,0.2600408828186969,0.1713154999331887
2025-10-05,Serie A,Napoli,Genoa,H,0.6401220895111119,0.23524486789533366,0.12463304259355426,0.6391128451645041,0.23654455030738364,0.12434260452811217,0.6472982300253081,0.23745110950677129,0.11525066046792071
2025-10-17,Ligue 1,Paris SG,Strasbourg,D,0.7284308959364008,0.16468872429866455,0.10688037976493468,0.7296799706436353,0.1638399214258581,0.10648010793050654,0.680423550303683,0.1861788848271888,0.13339756486912824
2025-10-17,Bundesliga,Union Berlin,M'gladbach,H,0.43467544420697934,0.27419933544451897,0.2911252203485016,0.43353965354486595,0.27732687144029905,0.28913347501483494,0.4206850523204538,0.28298333849784285,0.2963316091817033
2025-10-17,La Liga,Oviedo,Espanol,A,0.3159936475375937,0.31180830121259245,0.3721980512498139,0.31416202817096417,0.31679024527076505,0.36904772655827084,0.32854794429790596,0.3101751974128258,0.3612768582892683
2025-10-18,La Liga,Barcelona,Girona,H,0.7943504153300409,0.12791298974868046,0.07773659492127867,0.7959422871438429,0.12640277318923882,0.07765493966691825,0.7863515549611473,0.13441906922412772,0.07922937581472517
2025-10-18,Serie A,Torino,Napoli,H,0.18961048752674187,0.2769091577370013,0.5334803547362569,0.18886031099197717,0.27997242157251223,0.5311672674355107,0.18769965743199205,0.29171897223176474,0.5205813703362431
2025-10-18,Bundesliga,Bayern Munich,Dortmund,H,0.7015993295145214,0.17031577926620634,0.12808489121927233,0.7044624217998013,0.16911407341630552,0.12642350478389305,0.7008929259904693,0.17141403081288653,0.1276930431966442
2025-10-18,Bundesliga,Wolfsburg,Stuttgart,A,0.3612180821187129,0.26160641044809296,0.37717550743319417,0.3616174843556563,0.2643184978872532,0.37406401775709053,0.33242110423925314,0.2672590127832632,0.40031988297748355
2025-10-18,La Liga,Villarreal,Betis,D,0.5025606567536234,0.2533013497846681,0.2441379934617085,0.500483169523545,0.25578236692192424,0.24373446355453074,0.4578783622551463,0.2605606149849728,0.281561022759881
2025-10-18,Premier League,Brighton,Newcastle,H,0.364141765114663,0.27310632383599726,0.36275191104933985,0.3623151722675967,0.27611550065232177,0.36156932708008144,0.33187160147342576,0.2759165058761621,0.39221189265041223
2025-10-18,Bundesliga,RB Leipzig,Hamburg,H,0.6680230600734033,0.18446396136149198,0.1475129785651048,0.6702563033050853,0.18384413323879767,0.1458995634561171,0.6492655038542866,0.18980543963482172,0.16092905651089157
2025-10-18,Premier League,Burnley,Leeds,H,0.28772328423691634,0.2921497963020997,0.420126919460984,0.2848425010783736,0.29581729145457464,0.4193402074670517,0.2724954209269435,0.2944981567781874,0.4330064222948692
2025-10-18,Bundesliga,Heidenheim,Werder Bremen,D,0.3301778774048928,0.2656388588753245,0.4041832637197826,0.3306995879012101,0.2685890818307188,0.4007113302680711,0.35268127271619726,0.2721557798127881,0.37516294747101464
2025-10-18,Serie A,Lecce,Sassuolo,D,0.32403208498986547,0.3002972507390154,0.37567066427111895,0.32137695437648905,0.3045055602021664,0.3741174854213446,0.3313153549807375,0.313703907539901,0.35498073747936165
2025-10-18,La Liga,Sevilla,Mallorca,A,0.5100685178750349,0.2783559758315088,0.21157550629345623,0.5099699410444685,0.2813103015402537,0.2087197574152779,0.5163506303678603,0.2795626194003505,0.20408675023178932
2025-10-18,Premier League,Man City,Everton,H,0.6873086011592545,0.1927816808129616,0.11990971802778394,0.6893657146244642,0.19212997832256715,0.11850430705296874,0.6577212977460583,0.21235844590904124,0.1299202563449004
2025-10-18,Bundesliga,Mainz,Leverkusen,A,0.33547737199758904,0.2743020865156757,0.3902205414867353,0.33517218025285533,0.27771629130515757,0.3871115284419872,0.376246878958956,0.2715520952486378,0.3522010257924062
2025-10-18,Premier League,Nott'm Forest,Chelsea,A,0.25344180445003106,0.2541194563335873,0.4924387392163817,0.25156456665480464,0.2560413484168342,0.4923940849283612,0.3079323395992106,0.27561291037013885,0.4164547500306504
2025-10-18,Premier League,Sunderland,Wolves,H,0.386511457658752,0.3097127641174365,0.30377577822381147,0.3852219529371046,0.31459249957381713,0.3001855474890783,0.38019579325601005,0.31243812713117664,0.30736607961281337
2025-10-18,Premier League,Crystal Palace,Bournemouth,D,0.42186980582334427,0.28334539197090286,0.294784802205753,0.4208576527877174,0.2868324845023071,0.29230986270997567,0.44493790419504375,0.2795627539632576,0.2754993418416986
2025-10-18,Bundesliga,FC Koln,Augsburg,D,0.4747214986421327,0.24800753754918806,0.27727096380867927,0.4753291576242239,0.24996082365956038,0.27471001871621564,0.4759481961147087,0.24930619796484743,0.274745605920444
2025-10-18,La Liga,Ath Madrid,Osasuna,H,0.6897288380803007,0.20190780089102822,0.10836336102867108,0.6907280811317971,0.20172847116700104,0.10754344770120201,0.7091801109845284,0.1893995075520929,0.10142038146337878
2025-10-18,Serie A,Pisa,Verona,D,0.37378640776699035,0.30582524271844663,0.32038834951456313,0.37261220054189653,0.31041919058094797,0.3169686088771554,0.35185000498653635,0.3274159768624713,0.3207340181509923
2025-10-18,Ligue 1,Angers,Monaco,D,0.18412686028594275,0.22781797967582748,0.5880551600382297,0.18290173025204803,0.2284568061683473,0.5886414635796047,0.17890122010064108,0.23439167298545527,0.5867071069139036
2025-10-18,Ligue 1,Marseille,Le Havre,H,0.7144397992154837,0.17827231284771997,0.10728788793679621,0.7157077645070131,0.17759430283645472,0.10669793265653212,0.7167874975993854,0.17784952947954674,0.10536297292106778
2025-10-18,Ligue 1,Nice,Lyon,H,0.38816356393789114,0.2714901227542476,0.34034631330786114,0.3869183047707012,0.27458327574694075,0.33849841948235815,0.4231918520647394,0.2704062550442317,0.3064018928910288
2025-10-18,Serie A,Roma,Inter,A,0.2912459656532654,0.2930549468063912,0.4156990875403435,0.2901874488619629,0.29715085230441174,0.4126616988336253,0.2686279911686074,0.29282119534217765,0.4385508134892149
2025-10-18,Premier League,Fulham,Arsenal,A,0.15447126827609658,0.22964977898673922,0.6158789527371643,0.15224844323832212,0.22960163324222,0.6181499235194579,0.14019443873033477,0.22706132780008764,0.6327442334695775
2025-10-19,La Liga,Elche,Ath Bilbao,D,0.2626444079660544,0.29383343141202345,0.4435221606219221,0.2614551320129926,0.2979762550587681,0.44056861292823923,0.2380010687527946,0.28719277901173085,0.47480615223547457
2025-10-19,Ligue 1,Lorient,Brest,D,0.39229575521334487,0.2798766731223565,0.32782757166429877,0.3886876170438441,0.28366262028615796,0.3276497626699979,0.34754521431192203,0.29159366278182935,0.3608611229062486
2025-10-19,Serie A,Atalanta,Lazio,D,0.5529399345508286,0.24226749709701256,0.20479256835215875,0.5529339628654263,0.24390369444293555,0.2031623426916381,0.5186138700268189,0.25718725979531626,0.22419887017786477
2025-10-19,Bundesliga,St Pauli,Hoffenheim,A,0.3897940687575441,0.27229092919005254,0.3379150020524034,0.3899970251806457,0.27547009387251753,0.3345328809468367,0.3558034896268095,0.2773174257385427,0.3668790846346479
2025-10-19,La Liga,Getafe,Real Madrid,A,0.12322481455652064,0.21465875229823117,0.6621164331452483,0.12268196319548066,0.21469708342061952,0.6626209533838998,0.1320355480321625,0.21328819297503174,0.6546762589928057
2025-10-19,Ligue 1,Toulouse,Metz,H,0.5950088035729623,0.23620952503650258,0.16878167139053507,0.5947951750545167,0.23740989646936517,0.16779492847611818,0.6210636808957313,0.22160018661068343,0.15733613249358522
2025-10-19,Ligue 1,Nantes,Lille,A,0.2197696931265474,0.257202992505245,0.5230273143682077,0.21867417427014188,0.2593810223778981,0.52194480335196,0.17710605061621953,0.24237967236394992,0.5805142770198306
2025-10-19,Premier League,Tottenham,Aston Villa,A,0.45850719288996006,0.2653159599307072,0.2761768471793326,0.46066542390905263,0.2678716400342862,0.27146293605666116,0.4229249011857707,0.28194993412384717,0.295125164690382
2025-10-19,Bundesliga,Freiburg,Ein Frankfurt,D,0.3775687856945281,0.26228868025838364,0.3601425340470883,0.37968751545081564,0.26511658435191743,0.35519590019726693,0.3832278939489061,0.2663109093543246,0.3504611966967692
2025-10-19,La Liga,Levante,Vallecano,A,0.3417838448116597,0.28225392589551473,0.3759622292928257,0.34160594673639727,0.28590973108867757,0.37248432217492505,0.35881829039553126,0.2903668011508453,0.3508149084536235
2025-10-19,Serie A,Como,Juventus,H,0.3222811671087533,0.29045092838196285,0.3872679045092838,0.32262965857520126,0.29459701277658445,0.38277332864821434,0.29757343550447,0.29757343550447,0.4048531289910601
2025-10-19,Serie A,Cagliari,Bologna,A,0.2658619406456415,0.29228300307005306,0.44185505628430555,0.2644151974982912,0.29617830799127726,0.43940649451043157,0.24680016825406362,0.2955412673136436,0.45765856443229275
2025-10-19,La Liga,Celta,Sociedad,D,0.4469139824986036,0.281837646620741,0.2712483708806554,0.44713641067706417,0.28514095281933616,0.2677226365035998,0.4764242034116511,0.27663340843257156,0.24694238815577726
2025-10-19,Serie A,Milan,Fiorentina,H,0.6187315923817004,0.22607500490869817,0.1551934027096014,0.6200474562393151,0.2266966112598979,0.15325593250078712,0.5612946385345974,0.25977272527221035,0.17893263619319233
2025-10-19,Ligue 1,Lens,Paris FC,H,0.5069223845364471,0.2507503773776543,0.2423272380858985,0.5066914575040248,0.25272392934787086,0.24058461314810434,0.5266794129634478,0.24615043060171576,0.22717015643483648
2025-10-19,Ligue 1,Rennes,Auxerre,D,0.5400011536021226,0.2525811847493799,0.20741766164849743,0.5408423482369247,0.25435261895312505,0.20480503280995024,0.5156848363578596,0.25854883576298165,0.22576632787915868
2025-10-19,Serie A,Genoa,Parma,D,0.44796004282214713,0.30642217912915604,0.24561777804869683,0.44564763633299237,0.31095926451139344,0.2433930991556141,0.42222100459480405,0.3246733931884183,0.2531056022167777
2025-10-19,Premier League,Liverpool,Man United,A,0.5914238592633315,0.21506322155030236,0.19351291918636612,0.5919179783396121,0.21562712383640595,0.19245489782398198,0.5696690882091748,0.22124357611844692,0.20908733567237842
2025-10-20,Serie A,Cremonese,Udinese,D,0.31717865337316986,0.29804724253478815,0.3847741040920421,0.3161813898026034,0.30217275977961394,0.3816458504177828,0.2995304591743399,0.307335813159339,0.39313372766632115
2025-10-20,La Liga,Alaves,Valencia,D,0.4171779141104294,0.3067484662576687,0.27607361963190186,0.4182809401709082,0.3110445115596405,0.27067454826945125,0.4332367127263696,0.30368361213616907,0.2630796751374612
2025-10-20,Premier League,West Ham,Brentford,A,0.38427386093454313,0.2805085156970255,0.33521762336843125,0.3839262674962263,0.28408919342211014,0.3319845390816634,0.3441268523379853,0.287644025510474,0.3682291221515407
2025-10-24,Ligue 1,Paris FC,Nantes,A,0.5771685301475468,0.2372321778050067,0.18559929204744646,0.5784130086718458,0.23840508605611388,0.1831819052720403,0.6003818008272351,0.23159691088421602,0.1680212882885489
2025-10-24,Premier League,Leeds,West Ham,H,0.5259453265673596,0.2666557538058602,0.20739891962678017,0.5276230296919248,0.26883403423048663,0.20354293607758847,0.5307004642478034,0.26097632719878244,0.2083232085534141
2025-10-24,La Liga,Sociedad,Sevilla,H,0.47524427472563546,0.27653102535205104,0.24822469992231355,0.47528740622196025,0.27960676834408904,0.24510582543395074,0.4867872044506259,0.2698191933240612,0.24339360222531295
2025-10-24,Serie A,Milan,Pisa,D,0.7253278864760266,0.18168135884755965,0.09299075467641367,0.7266486169772691,0.18092212239882316,0.09242926062390774,0.7196121416040352,0.18340309445550315,0.09698476394046154
2025-10-24,Bundesliga,Werder Bremen,Union Berlin,H,0.420939631220005,0.2678706744127305,0.31118969436726446,0.4198903582451941,0.2708338155877734,0.30927582616703236,0.4119064019206956,0.2726201330631194,0.31547346501618495
2025-10-25,Bundesliga,Hamburg,Wolfsburg,A,0.40425805518272345,0.26197728715751906,0.33376465765975744,0.40486379217804025,0.2647749188122183,0.33036128900974143,0.4364024900120784,0.25754901049893153,0.3060484994889901
2025-10-25,La Liga,Girona,Oviedo,D,0.5255777720072707,0.2687613606855362,0.20566086730719293,0.5262886988881486,0.27121257196309967,0.20249872914875175,0.543395807508002,0.2655923328831246,0.19101185960887343
2025-10-25,Bundesliga,M'gladbach,Bayern Munich,A,0.08946621999244057,0.13833763531870766,0.7721961446888518,0.08686790063590835,0.13516481511932998,0.7779672842447617,0.10051539251855786,0.13994490756298472,0.7595396999184574
2025-10-25,Bundesliga,Ein Frankfurt,St Pauli,H,0.557716518341654,0.23077924896896032,0.21150423268938576,0.556618770639209,0.23213612254277904,0.21124510681801195,0.5739622043361102,0.22096197537822082,0.205075820285669
2025-10-25,Bundesliga,Dortmund,FC Koln,H,0.6626972313188448,0.18934206609109852,0.14796070259005653,0.6640488485599548,0.18903981077619972,0.14691134066384534,0.6881294322043466,0.1841283832265537,0.1277421845690996
2025-10-25,Serie A,Cremonese,Atalanta,D,0.1804630334413041,0.23581703123003334,0.5837199353286627,0.17850434829946069,0.2363422780610822,0.585153373639457,0.13632192947961727,0.20762878489972475,0.656049285620658
2025-10-25,Ligue 1,Lens,Marseille,H,0.3410792791922316,0.26667954973670227,0.39224117107106626,0.3390629045326002,0.26952854150800926,0.3914085539593906,0.3745255217744575,0.27198971610133515,0.35348476212420715
2025-10-25,Ligue 1,Monaco,Toulouse,H,0.5190277386119002,0.24203366049259595,0.23893860089550392,0.5174826938366439,0.24402472188213029,0.23849258428122586,0.45467207910887086,0.26235979914965657,0.2829681217414725
2025-10-25,Premier League,Brentford,Liverpool,H,0.22171434600334516,0.22976692515600905,0.5485187288406459,0.22157687407716203,0.23102283102216992,0.547400294900668,0.2420485675813716,0.23661605608952038,0.521335376329108
2025-10-25,La Liga,Valencia,Villarreal,A,0.295629609076094,0.2717747703033832,0.4325956206205228,0.2972001405860634,0.2751626073831119,0.42763725203082475,0.26167648445300645,0.2706739566978089,0.46764955884918474
2025-10-25,Premier League,Man United,Brighton,H,0.4757592669271068,0.24843825949196174,0.2758024735809315,0.4757996735898528,0.250684360990931,0.27351596541921613,0.4760860026327337,0.24608081694523118,0.2778331804220352
2025-10-25,La Liga,Espanol,Elche,H,0.4776332295853616,0.2817178030787912,0.24064896733584717,0.4772887103305261,0.2848694936744832,0.23784179599499067,0.4795413449982135,0.2836926275214657,0.23676602748032094
2025-10-25,Premier League,Chelsea,Sunderland,A,0.694728747367557,0.19073715108087233,0.11453410155157075,0.6945907602127512,0.19072477146679045,0.11468446832045819,0.6585081585081585,0.2097902097902098,0.1317016317016317
2025-10-25,Bundesliga,Hoffenheim,Heidenheim,H,0.5985963901741878,0.21456537273367007,0.1868382370921421,0.6003275731239928,0.21494347383273896,0.1847289530432684,0.6004885744821619,0.21573616977963253,0.18377525573820552
2025-10-25,Premier League,Newcastle,Fulham,H,0.5862164436361662,0.23921174778100487,0.1745718085828289,0.5878325799409935,0.2402409474742964,0.17192647258471003,0.5932253609807459,0.23788485653363242,0.16888978248562161
2025-10-25,Serie A,Parma,Como,D,0.2483114877122935,0.27271203852795245,0.47897647375975394,0.24717359545848805,0.2756333772526676,0.4771930272888443,0.22300610980529229,0.2957102960741023,0.4812835941206053
2025-10-25,Serie A,Napoli,Inter,H,0.31827700529061503,0.2971924087256216,0.3845305859837634,0.31673000163060744,0.3013786944427045,0.38189130392668796,0.27098017103655675,0.2984212010149422,0.4305986279485012
2025-10-25,La Liga,Ath Bilbao,Getafe,A,0.5733415834227243,0.2710640723918324,0.1555943441854433,0.5726280968922308,0.27351075305889794,0.15386115004887124,0.585976058436081,0.26954898688059725,0.14447495468332164
2025-10-25,Ligue 1,Brest,Paris SG,A,0.11435326122158172,0.17527041906859256,0.7103763197098258,0.11353399258867013,0.17389770192356271,0.7125683054877672,0.11516762979964813,0.17201454030404484,0.712817829896307
2025-10-25,Bundesliga,Augsburg,RB Leipzig,A,0.28865294796315466,0.2399289209412411,0.47141813109560426,0.28790372924598107,0.2415836304300007,0.47051264032401835,0.29126213592233013,0.24757281553398058,0.4611650485436893
2025-10-25,Serie A,Udinese,Lecce,H,0.5236506378802749,0.2732090284592738,0.20314033366045145,0.5232567157545845,0.2760401517272904,0.20070313251812508,0.4814961717438574,0.300551750515274,0.21795207774086847
2025-10-26,Ligue 1,Auxerre,Le Havre,A,0.44508843421139527,0.2795049393410845,0.2754066264475202,0.44506315457869366,0.28277717465136715,0.2721596707699392,0.45294245451669335,0.28462849105580734,0.26242905442749925
2025-10-26,Serie A,Torino,Genoa,H,0.4089750168371765,0.31994644174336934,0.27107854141945414,0.4069076416960382,0.3252498281826041,0.2678425301213576,0.3815880444609903,0.32840504174865714,0.29000691379035265
2025-10-26,Bundesliga,Leverkusen,Freiburg,H,0.5297139835792456,0.24544339029718967,0.22484262612356465,0.5277905112595545,0.24759742648413222,0.22461206225631333,0.48145133155018033,0.26212350273287593,0.25642516571694385
2025-10-26,Ligue 1,Lyon,Strasbourg,H,0.45625942684766213,0.2589240824534942,0.2848164906988436,0.45476521282972526,0.2615269929516665,0.28370779421860837,0.4913616743249467,0.25706114842068056,0.2515771772543727
2025-10-26,Serie A,Verona,Cagliari,D,0.4205993963256673,0.3078897541730375,0.27151084950129534,0.4205451867883708,0.3123511854000717,0.2671036278115575,0.4814686095871708,0.29958046818757295,0.21895092222525633
2025-10-26,Premier League,Wolves,Burnley,A,0.4802632522260299,0.2867026081470542,0.23303413962691602,0.4798436010290817,0.29016000381557855,0.22999639515533965,0.49401879216855005,0.28742911544352,0.21855209238792997
2025-10-26,La Liga,Mallorca,Levante,D,0.448276921658703,0.28876734217278416,0.2629557361685129,0.44829541303705395,0.29238166682194827,0.2593229201409979,0.48600807722051964,0.28061180649041906,0.23338011628906138
2025-10-26,Premier League,Everton,Tottenham,A,0.40302763232930683,0.2802115195188968,0.31676084815179634,0.40104505921000844,0.28362718952121924,0.31532775126877227,0.4307869219293884,0.28375186474390857,0.28546121332670316
2025-10-26,Serie A,Lazio,Juventus,H,0.29373840783367217,0.29935124365215,0.4069103485141779,0.29382405756127455,0.30390474409791185,0.4022711983408136,0.2704328761535716,0.30250344159486053,0.4270636822515678
2025-10-26,Premier League,Aston Villa,Man City,H,0.2323856117415888,0.24950876208044273,0.5181056261779685,0.2304850235463489,0.25112341206331207,0.518391564390339,0.22783389450056118,0.2514029180695848,0.5207631874298542
2025-10-26,Ligue 1,Angers,Lorient,H,0.3622337125129266,0.2989865563598759,0.33877973112719756,0.3608905264091625,0.3033455654884191,0.3357639081024185,0.3476720837126928,0.31095423988825,0.34137367639905714
2025-10-26,Serie A,Fiorentina,Bologna,D,0.3540826686004351,0.3009137055837563,0.3450036258158085,0.351533154990177,0.3052556318105674,0.3432112131992556,0.34124480496720244,0.3247709178308547,0.3339842772019428
2025-10-26,Bundesliga,Stuttgart,Mainz,H,0.5424356739935118,0.23519140752099632,0.2223729184854918,0.5443125386863211,0.23628387958471064,0.21940358172896815,0.45677623804511785,0.2606534765576019,0.28257028539728013
2025-10-26,Premier League,Arsenal,Crystal Palace,H,0.6719424135412511,0.20596495719416608,0.12209262926458299,0.6734565549900473,0.20577168207868687,0.1207717629312657,0.6887758468028959,0.19358669421344116,0.1176374589836629
2025-10-26,La Liga,Real Madrid,Barcelona,H,0.4719896949968623,0.23077628821713905,0.2972340167859987,0.4733176737670627,0.23208563735008975,0.2945966888828477,0.5107744883982694,0.22077869241513987,0.2684468191865906
2025-10-26,La Liga,Osasuna,Celta,A,0.3982931923503688,0.29652111480973825,0.30518569283989294,0.39630410823383033,0.30075786312595526,0.30293802864021446,0.39808,0.29856,0.30336
2025-10-26,Ligue 1,Rennes,Nice,A,0.43308476544265606,0.2647306876086095,0.3021845469487343,0.4354021376298383,0.2672951751050803,0.2973026872650813,0.46065792189757737,0.26159244872300097,0.27774962937942166
2025-10-26,Premier League,Bournemouth,Nott'm Forest,H,0.5292279549382696,0.2499519892716366,0.22082005579009384,0.5309254786366285,0.2515202337613334,0.2175542876020381,0.48693867551032727,0.2644931524359716,0.24856817205370105
2025-10-26,Serie A,Sassuolo,Roma,A,0.2177345148253884,0.26707944736372,0.5151860378108916,0.2174893657155117,0.2700301600045418,0.5124804742799465,0.21953953608691903,0.28245235836854354,0.4980081055445373
2025-10-26,La Liga,Vallecano,Alaves,H,0.45129998479549943,0.3067660027368101,0.24193401246769047,0.4500537089366064,0.3112751476639879,0.2386711433994058,0.43001660295764316,0.3142978493378123,0.25568554770454455
2025-10-26,Ligue 1,Lille,Metz,H,0.7195428394597031,0.17618712517611423,0.10427003536418265,0.7211952228067742,0.17522255360912767,0.10358222358409816,0.7682433553227597,0.14857536588789222,0.08318127878934811
2025-10-27,La Liga,Betis,Ath Madrid,A,0.3021829776796664,0.26612705420652444,0.43168996811380916,0.3013907919814305,0.2689319943273095,0.42967721369126,0.2885777196185521,0.27588368503122573,0.4355385953502221
2025-10-28,Serie A,Lecce,Napoli,A,0.1404830256261687,0.24741236271695327,0.6121046116568779,0.14004873134473078,0.2488982758913088,0.6110529927639603,0.15552700930990188,0.25638648673703174,0.5880865039530665
2025-10-28,Serie A,Atalanta,Milan,D,0.36042606909183916,0.28856197556125773,0.351011955346903,0.3599450432261752,0.29236642889938985,0.34768852787443494,0.3708137022940026,0.2915996296677297,0.33758666803826765
2025-10-29,Serie A,Genoa,Cremonese,A,0.5126086035176943,0.28756092392456023,0.19983047255774528,0.5120445473048305,0.29095766579243004,0.19699778690273942,0.5419605629308731,0.274930431341026,0.18310900572810085
2025-10-29,Ligue 1,Paris FC,Lyon,D,0.3572496808316616,0.2654143109003587,0.3773360082679798,0.35864315724755763,0.2684698330579219,0.3728870096945205,0.35345068454875667,0.273540094998603,0.37300922045264046
2025-10-29,Ligue 1,Toulouse,Rennes,D,0.44349176762969866,0.2733146940043492,0.2831935383659522,0.44364892358873037,0.276349076836182,0.28000199957508765,0.47864547541415053,0.2678782916380332,0.2534762329478163
2025-10-29,Serie A,Bologna,Torino,D,0.5326966517027422,0.2732965430474938,0.19400680524976407,0.5333624457555651,0.275700081004956,0.1909374732394788,0.5323741915526923,0.278787668357475,0.1888381400898327
2025-10-29,Ligue 1,Metz,Lens,H,0.15517380128475194,0.21371664449672653,0.6311095542185213,0.1517077107586836,0.2125781271439251,0.6357141620973913,0.15006401821750243,0.2034273005577781,0.6465086812247194
2025-10-29,Serie A,Roma,Parma,H,0.6289521700057189,0.23352184529915307,0.13752598469512803,0.6271785313798582,0.23505658902997908,0.13776487959016276,0.6504957429359873,0.23174909760618712,0.11775515945782541
2025-10-29,Ligue 1,Marseille,Angers,D,0.7713742830716019,0.15351984100283106,0.07510587592556699,0.7733795313284598,0.1520370875317714,0.07458338113976885,0.7686392009987515,0.1515106117353308,0.0798501872659176
2025-10-29,Serie A,Como,Verona,H,0.5890071015602314,0.25470577364766755,0.1562871247921012,0.5887876965753746,0.2565770742789287,0.15463522914569686,0.6038647342995169,0.2512077294685991,0.1449275362318841
2025-10-29,Ligue 1,Strasbourg,Auxerre,H,0.5501504372522004,0.24308972808818152,0.20675983465961814,0.5504067307189653,0.2445245232701901,0.2050687460108447,0.5613774023850943,0.244964684677132,0.1936579129377738
2025-10-29,Ligue 1,Nantes,Monaco,A,0.19683012572245726,0.23639397008878033,0.5667759041887626,0.19540416415345574,0.23736521666302693,0.5672306191835174,0.2027052771956563,0.23623547342350926,0.5610592493808345
2025-10-29,Ligue 1,Le Havre,Brest,H,0.3742041300755381,0.28548704148620074,0.3403088284382611,0.37286705039730855,0.2892623082402183,0.3378706413624731,0.33141234305454065,0.3065834053012689,0.3620042516441905
2025-10-29,Ligue 1,Nice,Lille,H,0.3230651587716826,0.27171087052762904,0.40522397070068816,0.32022950282421103,0.27470623055124355,0.4050642666245454,0.24769606592554022,0.2503241408955725,0.5019797931788873
2025-10-29,Serie A,Juventus,Udinese,H,0.6547058823529412,0.21823529411764708,0.12705882352941178,0.6556563326386807,0.21842444029138164,0.12591922706993772,0.6545550464622631,0.21324870291983236,0.1321962506179045
2025-10-29,Serie A,Inter,Fiorentina,H,0.6850823439295289,0.1981999234009958,0.1167177326694753,0.6852214533269896,0.19839322597378195,0.11638532069922844,0.7016447222591656,0.18464334796293835,0.11371192977789599
2025-10-29,Ligue 1,Lorient,Paris SG,D,0.09261176060404659,0.15389895512143037,0.7534892842745231,0.09146961391713176,0.15183370868521318,0.756696677397655,0.09470246734397678,0.15519386274103256,0.7501036699149907
2025-10-30,Serie A,Cagliari,Sassuolo,A,0.37053665467492175,0.2968968778783285,0.3325664674467496,0.36794696124281095,0.30109967304652485,0.33095336571066425,0.3612768582892683,0.3101751974128258,0.32854794429790596
2025-10-30,Serie A,Pisa,Lazio,D,0.2582603556653951,0.29194648901305537,0.44979315532154945,0.2561866148500764,0.295723913093498,0.44808947205642574,0.2468739738746117,0.3050088128837945,0.4481172132415938
2025-10-31,Bundesliga,Augsburg,Dortmund,A,0.18717721947437957,0.2169358096673109,0.5958869708583097,0.18445118777532318,0.21667305425478467,0.5988757579698921,0.17546941484170667,0.21661396728734825,0.607916617870945
2025-10-31,La Liga,Getafe,Girona,H,0.4388494682976012,0.3198394429965568,0.24131108870584211,0.4371284648939092,0.32485733349353474,0.23801420161255607,0.4460263110470355,0.31519192647323846,0.23878176247972613
2025-11-01,Premier League,Tottenham,Chelsea,A,0.3503993756520216,0.2697677011411871,0.37983292320679146,0.35122057281146607,0.2729533111999027,0.3758261159886314,0.31394549491533463,0.27561494030357864,0.4104395647810868
2025-11-01,Premier League,Fulham,Wolves,H,0.5155239284558003,0.27415145328285334,0.21032461826134646,0.5144537783098286,0.27707256833054866,0.20847365335962276,0.5295914508199105,0.25690208589908947,0.21350646328099998
2025-11-01,Bundesliga,RB Leipzig,Stuttgart,H,0.4768481567167747,0.24273665858709204,0.2804151846961332,0.4783953641736044,0.2443774841401548,0.27722715168624085,0.4514352590056395,0.25093076896856026,0.29763397202580016
2025-11-01,Premier League,Liverpool,Aston Villa,H,0.5826853350008834,0.2198558092711666,0.19745885572795008,0.5826360373990844,0.2206596585003145,0.19670430410060114,0.5750983308924446,0.22170846868517136,0.20319320042238403
2025-11-01,Serie A,Udinese,Atalanta,H,0.21957750669443618,0.2558762273132997,0.5245462659922643,0.21763924955445235,0.25760543288043286,0.5247553175651147,0.19533281271532912,0.2529376636501447,0.5517295236345261
2025-11-01,Bundesliga,Bayern Munich,Leverkusen,H,0.7722243698694926,0.13753485127602644,0.09024077885448094,0.7755211433949379,0.1356061316730727,0.08887272493198933,0.7479522367875091,0.15200319650842928,0.10004456670406173
2025-11-01,Serie A,Cremonese,Juventus,A,0.13862622658340767,0.22444246208742194,0.6369313113291704,0.13702447647272015,0.22421699209431925,0.6387585314329606,0.1431756029027682,0.22358465003062616,0.6332397470666057
2025-11-01,Bundesliga,Mainz,Werder Bremen,D,0.47206420569602614,0.2491797796644807,0.2787560146394932,0.4733701189778982,0.25111576412059555,0.2755141169015063,0.5056474088975503,0.24685149095785924,0.24750110014459042
2025-11-01,Bundesliga,St Pauli,M'gladbach,A,0.445412748009335,0.27320374950572585,0.2813835024849392,0.4454356788100783,0.27620125791331146,0.2783630632766103,0.4083536431632911,0.2782586771997647,0.3133876796369443
2025-11-01,La Liga,Real Madrid,Valencia,H,0.8088741027032116,0.124852598966063,0.06627329833072532,0.8095788692306363,0.12372441954644992,0.0666967112229139,0.8377470410905363,0.10806554297172444,0.054187415937739326
2025-11-01,Ligue 1,Paris SG,Nice,H,0.7568141541780637,0.14943464190777053,0.09375120391416573,0.7588758305522411,0.1480412305706159,0.09308293887714303,0.8220383680917042,0.11685341450005682,0.06110821740823914
2025-11-01,Ligue 1,Auxerre,Marseille,A,0.19749381225114487,0.2361986297274999,0.5663075580213552,0.19551404674630818,0.23698268423182328,0.5675032690218687,0.18066089382759815,0.24669881846431807,0.5726402877080838
2025-11-01,Premier League,Brighton,Leeds,H,0.5141985488678292,0.2543495495736588,0.23145190155851195,0.5126844125926928,0.256638174521012,0.23067741288629515,0.4921141853315767,0.26309705753184015,0.24478875713658324
2025-11-01,Premier League,Nott'm Forest,Man United,D,0.2783522699944873,0.25863249064882887,0.46301523935668387,0.27659446777470537,0.2608171605484475,0.4625883716768471,0.2904208226250184,0.2616187575712976,0.44796041980368406
2025-11-01,Bundesliga,Heidenheim,Ein Frankfurt,D,0.2702134956700677,0.23746034467975646,0.4923261596501757,0.27096544794334754,0.23942816307812115,0.48960638897853126,0.23515895177215648,0.23340838885573842,0.531432659372105
2025-11-01,Ligue 1,Monaco,Paris FC,A,0.5633655858533775,0.220849889289939,0.21578452485668353,0.5623932553197881,0.2219611828583217,0.2156455618218902,0.5689306375477658,0.22486306150697408,0.2062063009452601
2025-11-01,Bundesliga,Union Berlin,Freiburg,D,0.36671998143651535,0.2906511307979812,0.3426288877655034,0.3652501712376125,0.29468379331882516,0.34006603544356234,0.36012145414940844,0.3004835063284873,0.3393950395221044
2025-11-01,La Liga,Villarreal,Vallecano,H,0.5583334592202064,0.24508663534601266,0.196579905433781,0.5566457367089401,0.24711054018240086,0.19624372310865906,0.5537960552495922,0.24725620221326441,0.19894774253714345
2025-11-01,La Liga,Ath Madrid,Sevilla,H,0.7145928414793702,0.1779740661797677,0.10743309234086205,0.7160568592432104,0.17723220735438397,0.10671093340240563,0.7032770431008076,0.18624332761958148,0.11047962927961107
2025-11-01,Premier League,Crystal Palace,Brentford,H,0.49389333099024696,0.25980142342500656,0.24630524558474648,0.49332963980860767,0.26226308333460907,0.24440727685678332,0.4602345153523321,0.27640906752938893,0.26335641711827895
2025-11-01,La Liga,Sociedad,Ath Bilbao,H,0.3438041450086632,0.31611522057843533,0.34008063441290154,0.34290909816199117,0.3215233241436559,0.335567577694353,0.34815987238126095,0.3276087688032004,0.32423135881553855
2025-11-01,Premier League,Burnley,Arsenal,A,0.08686659275639277,0.16865956151108474,0.7444738457325225,0.08571451015567084,0.1665913854205509,0.7476941044237783,0.06954368506235178,0.1643541069120632,0.766102208025585
2025-11-01,Serie A,Napoli,Como,D,0.48901566489110226,0.29401876424916734,0.21696557085973042,0.48570421970508787,0.2980645521227894,0.2162312281721227,0.4934428571926438,0.2908876102586264,0.2156695325487299
2025-11-02,La Liga,Barcelona,Elche,H,0.7774088080044118,0.1456137240998976,0.07697746789569053,0.77725468527298,0.1449931503570394,0.07775216436998046,0.7943543010719892,0.13056375943034076,0.07508193949767014
2025-11-02,La Liga,Betis,Mallorca,H,0.593631142449242,0.23331771270393098,0.17305114484682702,0.5930826852897273,0.23466033848966533,0.17225697622060723,0.6135010159041546,0.22388425698871994,0.16261472710712535
2025-11-02,Ligue 1,Lens,Lorient,H,0.6474684892636184,0.21049984516418088,0.1420316655722007,0.6475841562613863,0.21099414758596258,0.1414216961526511,0.6094408827205023,0.2259888440709997,0.164570273208498
2025-11-02,Ligue 1,Rennes,Strasbourg,H,0.4081194183007584,0.2636726578909394,0.3282079238083022,0.4074259955683762,0.26665210777434145,0.3259218966572822,0.3517953379650672,0.2740731121355756,0.37413154989935715
2025-11-02,Premier League,Man City,Bournemouth,H,0.6354600446604736,0.20405936778967795,0.1604805875498484,0.6366376198138815,0.20421610175671892,0.15914627842939955,0.6742640884448245,0.1871481032888194,0.13858780826635603
2025-11-02,La Liga,Levante,Celta,A,0.3338692412118628,0.28005151277771173,0.3860792460104256,0.3318735826761129,0.2835053264982632,0.38462109082562385,0.30910628520368266,0.28319318345008054,0.4077005313462367
2025-11-02,Ligue 1,Nantes,Metz,A,0.4976531131595318,0.2672057908725895,0.23514109596787874,0.49867572315476194,0.269504717308887,0.23181955953635117,0.4532488114104596,0.2678288431061807,0.2789223454833598
2025-11-02,Serie A,Torino,Pisa,D,0.48766965141511287,0.2860797651158564,0.22625058346903068,0.48713831401915275,0.28939854414431976,0.22346314183652746,0.5193780931504373,0.2873155408917313,0.19330636595783146
2025-11-02,Bundesliga,FC Koln,Hamburg,H,0.4473811963967851,0.2581045363827606,0.2945142672204542,0.4451352183686773,0.2606760956391677,0.2941886859921551,0.3886057692307692,0.2667548076923077,0.3446394230769231
2025-11-02,Premier League,West Ham,Newcastle,H,0.18990747573366634,0.2322642901742635,0.5778282340920702,0.18791483559396954,0.23265699698851516,0.5794281674175153,0.18990747573366634,0.2322642901742635,0.5778282340920702
2025-11-02,Serie A,Fiorentina,Lecce,A,0.5805270620555197,0.25213239692491746,0.16734054101956267,0.5793553341924127,0.25417188476937175,0.16647278103821556,0.5591462651282902,0.26618512339910155,0.1746686114726082
2025-11-02,Serie A,Milan,Roma,H,0.4421850448285424,0.3018763286810241,0.2559386264904335,0.4411836595064343,0.30617387245019956,0.2526424680433662,0.4036439579432522,0.3201785971482068,0.2761774449085409
2025-11-02,Bundesliga,Wolfsburg,Hoffenheim,A,0.33958103638368253,0.25468577728776187,0.4057331863285557,0.3372416915558002,0.2569140649449166,0.40584424349928333,0.34855711900787023,0.2543524922489864,0.3970903887431433
2025-11-02,Serie A,Parma,Bologna,A,0.23440226309185275,0.3059406161133922,0.4596571207947551,0.23304694689960792,0.3105512089115017,0.4564018441888904,0.20312381215660527,0.3110542866028542,0.4858219012405405
2025-11-02,Ligue 1,Brest,Lyon,D,0.3076628993333493,0.2696470813122745,0.4226900193543762,0.307371612960682,0.2728210911237832,0.4198072959155349,0.279701078053575,0.283913443686912,0.43638547825951285
2025-11-02,Serie A,Verona,Inter,A,0.12383402108950435,0.1999787702275187,0.676187208682977,0.12271737971081259,0.1991663383008506,0.6781162819883368,0.11281981398834873,0.1936701529656253,0.6935100330460259
2025-11-02,Ligue 1,Toulouse,Le Havre,D,0.5424662498291433,0.25571297335270243,0.20182077681815436,0.5442042259457873,0.2572866234777048,0.19850915057650792,0.5502886129088682,0.25922686723806193,0.1904845198530698
2025-11-02,La Liga,Alaves,Espanol,H,0.3959979534989483,0.3131146609061452,0.29088738559490646,0.39505899859140087,0.31805274938656514,0.28688825202203394,0.3912926577884964,0.31122617335652686,0.2974811688549768
2025-11-02,Ligue 1,Lille,Angers,H,0.7375746349741817,0.17103179941430305,0.09139356561151527,0.7401622233782009,0.16956446415206775,0.09027331246973132,0.6990069455445956,0.1879799554751403,0.11301309898026397
2025-11-03,Serie A,Sassuolo,Genoa,A,0.38805330873268207,0.31095662487850684,0.30099006638881104,0.38793623995446846,0.31575870128057826,0.29630505876495317,0.38515440397620787,0.3253890654281757,0.2894565305956164
2025-11-03,Serie A,Lazio,Cagliari,H,0.6065740211942383,0.23802271717748588,0.15540326162827595,0.6073454614794586,0.23907569388703223,0.15357884463350924,0.5824459660323107,0.2557079850873559,0.16184604888033333
2025-11-03,Premier League,Sunderland,Everton,D,0.34430254184748915,0.3023682579045257,0.35332920024798514,0.34500463922389046,0.30709896160940436,0.3478963991667051,0.2927715611844709,0.306983772892455,0.4002446659230741
2025-11-03,La Liga,Oviedo,Osasuna,D,0.3173896488093495,0.3110629448463724,0.3715474063442782,0.3154383750696196,0.31598831824812335,0.368573306682257,0.30604534005037787,0.30604534005037787,0.3879093198992443
2025-11-07,Ligue 1,Paris FC,Rennes,A,0.4300345048224317,0.2690787330174644,0.30088676216010396,0.4297540407489607,0.2721191247569068,0.2981268344941324,0.4248433335167988,0.26794096602479933,0.3072157004584018
2025-11-07,Serie A,Pisa,Cremonese,H,0.4178088415995322,0.31163299736466754,0.27055816103580016,0.41657693403053314,0.3165371075082908,0.2668859584611762,0.41009174311926605,0.3165137614678899,0.27339449541284405
2025-11-07,Bundesliga,Werder Bremen,Wolfsburg,H,0.4330881384046569,0.2593769620115802,0.3075348995837629,0.4323494929084097,0.2619715939657923,0.3056789131257981,0.44063719216000746,0.25905593165450985,0.30030687618548274
2025-11-07,La Liga,Elche,Sociedad,D,0.348490534137722,0.30172822604256444,0.3497812398197136,0.34672983184706185,0.3061433364024356,0.3471268317505027,0.31841825007504143,0.303060456663062,0.3785212932618966
2025-11-08,Bundesliga,M'gladbach,FC Koln,H,0.4283883826879271,0.2650199316628702,0.30659168564920275,0.42708631882805864,0.26796550826956644,0.30494817290237497,0.4635423519195853,0.25640081046233193,0.28005683761808275
2025-11-08,Bundesliga,Hoffenheim,RB Leipzig,H,0.3554442260130636,0.24694019912486523,0.39761557486207116,0.3555865674207069,0.24921306199587653,0.3952003705834165,0.34938734368601754,0.25088984785964025,0.39972280845434216
2025-11-08,La Liga,Ath Madrid,Levante,H,0.7789176141468792,0.14433236035493474,0.07675002549818599,0.7809448751375596,0.14279731055602407,0.07625781430641623,0.7772597447882181,0.1441119891552623,0.07862826605651957
2025-11-08,La Liga,Espanol,Villarreal,A,0.33484195402298855,0.2667385057471265,0.39841954022988507,0.33535322204670914,0.2698718740779082,0.3947749038753826,0.3408578608920167,0.2768845380266528,0.38225760108133044
2025-11-08,La Liga,Sevilla,Osasuna,H,0.4373432419879238,0.29428704133766836,0.26836971667440784,0.4361439363564195,0.2983921196138872,0.26546394402969326,0.4185800210238455,0.2956221398480909,0.28579783912806367
2025-11-08,Serie A,Parma,Milan,D,0.16000481485067425,0.2435215399148504,0.5964736452344753,0.1593818990330173,0.24487145965999393,0.5957466413069888,0.13592788667906713,0.23608527686364286,0.62798683645729
2025-11-08,Serie A,Como,Cagliari,D,0.6378242842246986,0.22107258563291662,0.1411031301423847,0.6395110361195735,0.22132673216363746,0.13916223171678904,0.6128834251223381,0.23894695561731655,0.14816961926034547
2025-11-08,Premier League,Sunderland,Arsenal,D,0.11321765004438845,0.20340387234955443,0.6833784776060571,0.11244015136752648,0.20273891302545813,0.6848209356070154,0.12897553436987688,0.22349661156765896,0.647527854062464
2025-11-08,Ligue 1,Marseille,Brest,H,0.6530785361505704,0.20399850153076385,0.14292296231866586,0.6549142043463633,0.20376975822907403,0.1413160374245628,0.6457856640461542,0.2040794522743258,0.15013488367951994
2025-11-08,Ligue 1,Monaco,Lens,A,0.46298512951170917,0.24603660023789778,0.2909782702503931,0.4635258350615694,0.24796441503892616,0.2885097498995045,0.476884339591658,0.24782965679566477,0.2752860036126772
2025-11-08,Premier League,Chelsea,Wolves,H,0.6977273864110045,0.18753147144643603,0.1147411421425594,0.6986236131741039,0.18712863139166383,0.11424775543423223,0.6972750171742614,0.1859400045798031,0.11678497824593544
2025-11-08,La Liga,Girona,Alaves,H,0.3917233306644014,0.2987510211712681,0.3095256481643303,0.39055229608099307,0.3030871112579562,0.3063605926610508,0.44265369920111153,0.29100382077110104,0.26634248002778743
2025-11-08,Serie A,Juventus,Torino,D,0.6335754121808163,0.23194775531926687,0.13447683249991685,0.6334098308745044,0.2329621687933046,0.13362800033219094,0.6307629464893569,0.23263286887850043,0.13660418463214272
2025-11-08,Serie A,Lecce,Verona,D,0.34569901182569246,0.32998542037907014,0.3243155677952373,0.3439684549354719,0.3358443348160378,0.32018721024849034,0.3424971363115693,0.3424971363115693,0.3150057273768614
2025-11-08,Bundesliga,Union Berlin,Bayern Munich,D,0.07799994179108821,0.14005064175325238,0.7819494164556593,0.07665573760049477,0.13738165498261606,0.7859626074168892,0.08039994874998635,0.14085013443196412,0.7787499168180496
2025-11-08,Ligue 1,Le Havre,Nantes,D,0.4975528982697367,0.28324547521981996,0.2192016265104434,0.49723317419908214,0.2865304506912218,0.21623637510969612,0.507363001550639,0.28339194681206864,0.20924505163729237
2025-11-08,Bundesliga,Hamburg,Dortmund,D,0.21107154614452991,0.22310412834754353,0.5658243255079266,0.21130767118353558,0.22420034344961481,0.5644919853668497,0.24847105971738087,0.24523575946064416,0.5062931808219749
2025-11-08,Premier League,Tottenham,Man United,D,0.3581904663590958,0.2651409876680457,0.3766685459728586,0.3580460391436669,0.2679493208484453,0.37400464000788786,0.3274155949190441,0.27363262975943164,0.39895177532152426
2025-11-08,Premier League,Everton,Fulham,H,0.4314453729495512,0.2893840916125039,0.27917053543794496,0.4298205160414719,0.2933121318991424,0.2768673520593858,0.41071195141950584,0.2955590678439434,0.2937289807365506
2025-11-08,Bundesliga,Leverkusen,Heidenheim,H,0.675362589625616,0.19315925917275845,0.1314781512016255,0.6743187081221196,0.1935302481066249,0.13215104377125556,0.6805695308110046,0.19072412254582585,0.12870634664316957
2025-11-08,Premier League,West Ham,Burnley,H,0.48978242830822893,0.2714794031194183,0.23873816857235275,0.4908764442319818,0.2740326942380504,0.23509086152996786,0.509635104676427,0.26627002660060517,0.2240948687229679
2025-11-09,Premier League,Brentford,Newcastle,H,0.3339480436177037,0.2789448364336113,0.387107119948685,0.3333213176240803,0.28242501933709935,0.38425366303882036,0.33522994205773343,0.2806806911311792,0.3840893668110873
2025-11-09,Bundesliga,Stuttgart,Augsburg,H,0.624802576454508,0.20873137298034786,0.16646605056514424,0.6268138687435107,0.2087149352751116,0.16447119598137772,0.6231771618329438,0.20818529078932413,0.16863754737773207
2025-11-09,La Liga,Ath Bilbao,Oviedo,H,0.6345039474195932,0.24078611337974307,0.12470993920066373,0.634612758566884,0.24186963646875606,0.12351760496436003,0.5965363340455698,0.261087924596122,0.14237574135830822
2025-11-09,Ligue 1,Strasbourg,Lille,H,0.34966530195716355,0.2679771117563447,0.3823575862864918,0.34872083428308004,0.2708525782889248,0.38042658742799523,0.35325076651939835,0.2664349001714106,0.38031433330919096
2025-11-09,Ligue 1,Metz,Nice,H,0.2833842552479974,0.25989937221639536,0.4567163725356074,0.2816468942461125,0.2625090484423528,0.4558440573115347,0.3147351565198279,0.2637445445696882,0.4215202989104838
2025-11-09,Ligue 1,Angers,Auxerre,H,0.3662381509969506,0.2988038247816391,0.3349580242214104,0.364683316618336,0.3031925356697843,0.3321241477118797,0.37089197995401996,0.31297861431335905,0.3161294057326211
2025-11-09,Bundesliga,Ein Frankfurt,Mainz,H,0.5098162645678931,0.23869260224043848,0.25149113319166844,0.5104931837526887,0.2401715469078403,0.24933526933947095,0.5125677673730902,0.2418268440939708,0.24560538853293906
2025-11-09,Serie A,Inter,Lazio,H,0.6964772947489551,0.18729967089862343,0.11622303435242146,0.69733243236092,0.18697979049829092,0.11568777714078905,0.7240610028160772,0.18066781260286,0.0952711845810628
2025-11-09,Serie A,Atalanta,Sassuolo,A,0.6576830038414496,0.2040101291742457,0.13830686698430483,0.6581842119203266,0.20416432911520588,0.13765145896446765,0.6432997318043097,0.21298437066494033,0.14371589753075
2025-11-09,Premier League,Man City,Liverpool,H,0.5037864131336024,0.24161185119672768,0.25460173566967,0.5056243760429617,0.24329778038543481,0.2510778435716034,0.502035615501756,0.24082419119246665,0.2571401933057775
2025-11-09,La Liga,Vallecano,Real Madrid,D,0.15842761612984899,0.20247322492456993,0.6390991589455811,0.157779743783266,0.20247416050855543,0.6397460957081786,0.16216614745100608,0.20331798701921835,0.6345158655297755
2025-11-09,Serie A,Genoa,Fiorentina,D,0.3384848522799855,0.3168309391711648,0.3446842085488496,0.3381727527277876,0.3221460658269955,0.33968118144521686,0.32326555023923437,0.33472886762360443,0.3420055821371611
2025-11-09,La Liga,Mallorca,Getafe,H,0.3802688661560709,0.3307267955653152,0.2890043382786139,0.37791426536742906,0.3366378298748623,0.28544790475770865,0.3678525970278754,0.33763613370058565,0.29451126927153887
2025-11-09,Premier League,Crystal Palace,Brighton,D,0.41813066583307285,0.2696467646139419,0.31222256955298533,0.41745258119532774,0.2725951547581576,0.3099522640465146,0.3994548722282395,0.2804432436292655,0.3201018841424949
2025-11-09,La Liga,Celta,Barcelona,A,0.20467137902269836,0.21898406287043948,0.5763445581068622,0.20523115026180141,0.22005457804967504,0.5747142716885235,0.23212626499648806,0.22177321561871044,0.5461005193848015
2025-11-09,Ligue 1,Lorient,Toulouse,D,0.31729180638934784,0.28809317389953054,0.3946150197111217,0.3144570430252312,0.29173884377319464,0.39380411320157405,0.3108452853219408,0.293414708574916,0.3957400061031431
2025-11-09,Ligue 1,Lyon,Paris SG,A,0.2344355481144431,0.2416861320767455,0.5238783198088114,0.23309832814733744,0.2430552197166426,0.5238464521360201,0.16487503359312017,0.23058317656543942,0.6045417898414405
2025-11-09,Serie A,Bologna,Napoli,H,0.31731759044512514,0.313100745389376,0.36958166416549876,0.3174949573174373,0.31823865190918155,0.364266390773381,0.326295537558227,0.32184099097040136,0.35186347147137165
2025-11-09,Serie A,Roma,Udinese,H,0.6062077998041785,0.23848276388235445,0.15530943631346722,0.6057885432966938,0.23981737350298352,0.15439408320032255,0.6205848128823993,0.238204271611426,0.1412109155061747
2025-11-09,Bundesliga,Freiburg,St Pauli,H,0.5155131264916467,0.2673031026252984,0.21718377088305488,0.5169765027411329,0.26946230303096524,0.2135611942279018,0.5319866952415124,0.26375810940545574,0.20425519535303185
2025-11-09,Premier League,Nott'm Forest,Leeds,H,0.4267218814704848,0.2853381255615893,0.28793999296792594,0.4253200673075984,0.28896830688431613,0.28571162580808546,0.4246825942835699,0.30160579148164357,0.2737116142347864
2025-11-09,La Liga,Valencia,Betis,D,0.2966144155751199,0.2798415765991459,0.42354400782573426,0.29469579552985736,0.28317068089879244,0.42213352357135014,0.2779379293424927,0.2763125613346418,0.44574950932286556
2025-11-09,Premier League,Aston Villa,Bournemouth,H,0.4331575592513184,0.2749608854377934,0.2918815553108884,0.43205421937023064,0.27835040998925664,0.28959537064051266,0.4124684144030323,0.2815066329753632,0.30602495262160456
2025-11-21,Bundesliga,Mainz,Hoffenheim,D,0.379870182163738,0.2646286662264242,0.3555011516098378,0.3774187925055285,0.26745774572197445,0.355123461772497,0.3787920923765189,0.26795236080043533,0.3532555468230458
2025-11-21,La Liga,Valencia,Levante,H,0.47325621433124054,0.2681338324822893,0.25860995318647023,0.4728243823291633,0.2709049035777465,0.25627071409309016,0.4680356852243642,0.2764421298693613,0.2555221849062745
2025-11-21,Ligue 1,Nice,Marseille,A,0.25326909841706813,0.25602202339986235,0.4907088781830695,0.25096360143514523,0.2579505167898969,0.49108588177495793,0.2577265010314171,0.2598623560123405,0.4824111429562424
2025-11-22,Premier League,Bournemouth,West Ham,D,0.5843636727523405,0.23145944984322533,0.18417687740443417,0.5836506810215585,0.23279986593449317,0.1835494530439483,0.568818944132639,0.2392764827963494,0.19190457307101152
2025-11-22,Premier League,Wolves,Crystal Palace,A,0.24616911586193108,0.2714893677791582,0.4823415163589106,0.24393795573765076,0.2743064480604208,0.4817555962019284,0.21453645642213007,0.2603826032739825,0.5250809403038874
2025-11-22,Bundesliga,Augsburg,Hamburg,H,0.40797702693463217,0.2673353737748302,0.32468759929053764,0.40485013054308416,0.27038002572374775,0.32476984373316803,0.3863851155395293,0.2781061008603102,0.3355087836001607
2025-11-22,Premier League,Fulham,Sunderland,H,0.45256128714202487,0.29332676018464576,0.2541119526733294,0.4510994987600662,0.2971881527151598,0.25171234852477403,0.4679916341142231,0.28388681709030955,0.24812154879546738
2025-11-22,Bundesliga,Dortmund,Stuttgart,D,0.5390488464505042,0.2327406930084063,0.22821046054108937,0.5399413824176093,0.2339702146144786,0.22608840296791216,0.5294606246786294,0.24289688451751557,0.22764249080385515
2025-11-22,Bundesliga,Bayern Munich,Freiburg,H,0.8002040858826714,0.12913638351485868,0.07065953060246985,0.8017665723143328,0.12767474159309194,0.07055868609257533,0.8136863300810712,0.12258131725896654,0.06373235265996234
2025-11-22,La Liga,Barcelona,Ath Bilbao,H,0.6702930023303599,0.18864533598519112,0.14106166168444886,0.6700534638611249,0.188707584049918,0.14123895208895706,0.6698679977147668,0.18852572390774874,0.14160627837748443
2025-11-22,Premier League,Burnley,Chelsea,A,0.1447892575428476,0.2134421414564225,0.6417686010007299,0.14301561123137,0.21286351338858348,0.6441208753800465,0.17317406360199514,0.2283889824316168,0.5984369539663882
2025-11-22,Serie A,Cagliari,Genoa,D,0.3318509635403655,0.3216575892336648,0.34649144722596975,0.32974181830006694,0.32694852349671094,0.3433096582032222,0.3002431118314424,0.3453345681870803,0.35442231998147716
2025-11-22,La Liga,Villarreal,Mallorca,H,0.6623437849425104,0.20368851881027736,0.13396769624721214,0.6639194539809127,0.2034151311224322,0.1326654148966552,0.6803953932399437,0.1949999168254684,0.12460468993458784
2025-11-22,Bundesliga,Wolfsburg,Leverkusen,A,0.2734592833876221,0.2528208469055374,0.47371986970684044,0.2722447730591001,0.25515374003976776,0.4726014869011321,0.28015014871487554,0.24779685070055923,0.47205300058456534
2025-11-22,Premier League,Brighton,Brentford,H,0.4919908788919543,0.2594378131861944,0.24857130792185123,0.49225779631201666,0.2617811334635301,0.24596107022445324,0.45133432648462257,0.27552386209817076,0.2731418114172068
2025-11-22,Bundesliga,FC Koln,Ein Frankfurt,A,0.32251297856632255,0.24894237868116675,0.4285446427525108,0.3229268946232069,0.2512269783493325,0.4258461270274607,0.34839176002891215,0.2612938200216841,0.39031441994940363
2025-11-22,Premier League,Liverpool,Nott'm Forest,A,0.6684888145119275,0.19531977707961667,0.1361914084084558,0.6690808563207952,0.195185689622911,0.13573345405629386,0.6512188300092515,0.2052755007637858,0.1435056692269627
2025-11-22,Serie A,Udinese,Bologna,A,0.251858037578288,0.29528183716075157,0.45286012526096026,0.24964311521996427,0.2991471656099048,0.45120971917013103,0.31573314893476906,0.3125967269254833,0.37167012413974776
2025-11-22,La Liga,Osasuna,Sociedad,A,0.34292529204470634,0.30519241201389724,0.3518822959413964,0.34137231050280176,0.3097294748294384,0.3488982146677599,0.35426863996170066,0.31955988807356106,0.32617147196473817
2025-11-22,La Liga,Alaves,Celta,A,0.36861554705028376,0.31041309225287056,0.32097136069684573,0.3686534057026736,0.3152681430593123,0.3160784512380141,0.35753396876901233,0.3135846104817916,0.328881420749196
2025-11-22,Premier League,Newcastle,Man City,H,0.2679615434584903,0.25295569702481485,0.4790827595166949,0.265822921882342,0.2548768062110819,0.47930027190657615,0.258134917085562,0.2560419312713547,0.48582315164308343
2025-11-22,Ligue 1,Lens,Strasbourg,H,0.47024111107799604,0.25556582123804134,0.2741930676839627,0.4707378525720883,0.25786277322829104,0.2713993741996206,0.45148738546504336,0.2599472825404795,0.2885653319944772
2025-11-22,Ligue 1,Rennes,Monaco,H,0.35559088500264974,0.2564917859035506,0.3879173290937997,0.3569728287158388,0.2590985187577142,0.3839286525264469,0.388455289732726,0.2593259214424517,0.35221878882482244
2025-11-22,Bundesliga,Heidenheim,M'gladbach,A,0.2990086644290063,0.26225899617516196,0.43873233939583167,0.2957091753384165,0.2645336487220898,0.4397571759394936,0.28941039282851105,0.26054952262954595,0.450040084541943
2025-11-22,Serie A,Fiorentina,Juventus,D,0.24849286869578,0.27937068078223787,0.472136450521982,0.2470517083829253,0.2825395742734,0.47040871734367473,0.24762081853511594,0.28763271909109506,0.46474646237378914
2025-11-22,Serie A,Napoli,Atalanta,H,0.4314131219864525,0.2907060729693326,0.277880805044215,0.4303743287241799,0.29446728215206974,0.27515838912375046,0.4078091106290673,0.30585683297180044,0.28633405639913234
2025-11-22,Ligue 1,Paris SG,Le Havre,H,0.8072464664422855,0.12885107308833205,0.06390246046938254,0.8088331833120849,0.1273109304172909,0.06385588627062425,0.7780071768679977,0.14595173395508174,0.07604108917692061
2025-11-23,Premier League,Leeds,Aston Villa,A,0.31074380832119675,0.2906649776296733,0.39859121404912995,0.3095937462379951,0.29475859408531596,0.3956476596766889,0.2946150457791901,0.28747286285120977,0.4179120913696001
2025-11-23,La Liga,Betis,Girona,D,0.6127661550607193,0.21552464764204612,0.17170919729723452,0.6134884302179634,0.21604107684809634,0.1704704929339403,0.6292678966296213,0.20882784180186553,0.16190426156851323
2025-11-23,Ligue 1,Brest,Metz,H,0.5214198286413708,0.2607099143206854,0.2178702570379437,0.5213211325642574,0.2628666075567016,0.21581225987904104,0.5235253523051946,0.25263958020089816,0.2238350674939074
2025-11-23,Serie A,Lazio,Lecce,H,0.5843534890272875,0.25427273441457643,0.16137377655813598,0.58277595259399,0.2564804117960974,0.1607436356099126,0.5260292044842854,0.29797223924900973,0.17599855626670485
2025-11-23,Serie A,Verona,Parma,A,0.4111221210820439,0.30867857615668215,0.2801993027612739,0.41005940157546633,0.3133812136753497,0.27655938474918407,0.43097940359885234,0.31461496462716215,0.25440563177398556
2025-11-23,Serie A,Cremonese,Roma,A,0.16745342988226192,0.2516278812669283,0.5809186888508098,0.1666696536345712,0.2532456611831113,0.5800846851823175,0.17400692497550962,0.2689649897478591,0.5570280852766314
2025-11-23,Ligue 1,Toulouse,Angers,A,0.5862174881251441,0.24747967836417692,0.16630283351067918,0.5866381956525136,0.24893599423022403,0.16442581011726243,0.5691833116585612,0.25745076222158353,0.17336592611985532
2025-11-23,Ligue 1,Auxerre,Lyon,D,0.2523126992264996,0.27364525980250104,0.47404204097099933,0.2516173429415299,0.27689429353044315,0.471488363528027,0.24441776273899837,0.2766723062089541,0.4789099310520475
2025-11-23,Premier League,Arsenal,Tottenham,H,0.6796321757245423,0.20272290220109734,0.11764492207436036,0.6795607543143712,0.20300800200387925,0.11743124368174958,0.6458897922312556,0.22131887985546522,0.13279132791327913
2025-11-23,Ligue 1,Nantes,Lorient,D,0.36711990111248455,0.28479604449938195,0.34808405438813345,0.364854937204507,0.2884249464224725,0.3467201163730206,0.3199157263537467,0.2868545266697729,0.3932297469764804
2025-11-23,La Liga,Elche,Real Madrid,D,0.12562663224566983,0.17830876834869272,0.6960645994056374,0.12424307010021456,0.17684236880991344,0.698914561089872,0.13922382041639206,0.18454619470398947,0.6762299848796185
2025-11-23,Ligue 1,Lille,Paris FC,H,0.5857827620511892,0.22971873021615263,0.18449850773265802,0.5862379616594088,0.23079621504832473,0.18296582329226654,0.5682121771705209,0.24123586038441552,0.19055196244506356
2025-11-23,Bundesliga,St Pauli,Union Berlin,A,0.38579340593985795,0.2920492138423224,0.32215738021781953,0.3831753470185397,0.2962257333108356,0.3205989196706247,0.3581125187621357,0.3171164728432379,0.32477100839462647
2025-11-23,La Liga,Oviedo,Vallecano,D,0.2803608302583757,0.290776712497077,0.42886245724454736,0.279156922697107,0.29443429635315427,0.42640878094973883,0.2743185168919979,0.2967470748768782,0.4289344082311239
2025-11-23,Serie A,Inter,Milan,A,0.4904901652895545,0.27233610921600265,0.2371737254944428,0.4902172194936294,0.27523316999536446,0.23454961051100615,0.4595210688204102,0.2994961598701715,0.2409827713094182
2025-11-23,Bundesliga,RB Leipzig,Werder Bremen,H,0.6549900538547379,0.187327155402455,0.15768279074280722,0.6575543776246955,0.1866206099828401,0.15582501239246446,0.6239522321848526,0.19961183699134058,0.17643593082380665
2025-11-23,La Liga,Getafe,Ath Madrid,A,0.18427623732856296,0.27560375670840787,0.5401200059630292,0.1830088640412125,0.2783238579651134,0.538667277993674,0.19317152072026425,0.29064884194525914,0.5161796373344766
2025-11-24,La Liga,Espanol,Sevilla,H,0.45335416290825903,0.285241069063859,0.26140476802788193,0.45353045266110437,0.2887174562214292,0.2577520911174665,0.5195795164039199,0.26050543246697916,0.219915051129101
2025-11-24,Serie A,Torino,Como,A,0.27465678762697676,0.2944596281141883,0.43088358425883505,0.27210065263998046,0.29816430179121084,0.4297350455688087,0.26873994470564344,0.3051498726980209,0.4261101825963355
2025-11-24,Premier League,Man United,Everton,A,0.5429365242237201,0.24666045748022794,0.2104030182960519,0.5446493613509923,0.24812366887954831,0.20722696976945934,0.5105081030616075,0.25732928772211117,0.2321626092162812
2025-11-24,Serie A,Sassuolo,Pisa,D,0.46074828292565373,0.2919026388721533,0.24734907820219304,0.46020644469114697,0.2955698210733649,0.24422373423548818,0.4737498772338885,0.29461320490482445,0.231636917861287
2025-11-28,Bundesliga,M'gladbach,RB Leipzig,D,0.3316501464995948,0.24786484633127606,0.42048500716912907,0.3321180038224463,0.2503244284410157,0.41755756773653796,0.3349830255695756,0.25034635687513496,0.4146706175552896
2025-11-28,La Liga,Getafe,Elche,H,0.4304982490204916,0.32398321833500915,0.24551853264449913,0.42880515664645974,0.32936630976171116,0.24182853359182907,0.4212269776069962,0.3264873459652842,0.2522856764277196
2025-11-28,Ligue 1,Metz,Rennes,A,0.24884050911709274,0.2508312331900294,0.5003282576928778,0.24652489922317125,0.2525840366390104,0.5008910641378184,0.2591810210562873,0.24823934206710369,0.4925796368766089
2025-11-28,Serie A,Como,Sassuolo,H,0.5579524966213064,0.2507818402367042,0.19126566314198945,0.5588819363647305,0.252394540507039,0.18872352312823046,0.5266277585263541,0.269332482217764,0.20403975925588183
2025-11-29,Serie A,Milan,Lazio,H,0.5856877393909515,0.24945959270355347,0.16485266790549513,0.5854575216061152,0.2511166078561254,0.16342587053775942,0.5679022998423819,0.2568713399832028,0.17522636017441526
2025-11-29,La Liga,Mallorca,Osasuna,D,0.40300348229831695,0.3112304120719675,0.2857661056297156,0.40146148516186986,0.31620014172594507,0.28233837311218507,0.39477955976884616,0.3103694565287968,0.29485098370235696
2025-11-29,Bundesliga,Union Berlin,Heidenheim,A,0.5712765018966683,0.2420913341370894,0.18663216396624227,0.574902174261483,0.24266821362884672,0.1824296121096703,0.5970891901977857,0.24567732305013062,0.1572334867520836
2025-11-29,Serie A,Genoa,Verona,H,0.4604713874555967,0.3120802758835274,0.22744833666087585,0.45852134754379736,0.31683557018352765,0.2246430822726751,0.4650561942901434,0.3261852473840589,0.2087585583257977
2025-11-29,La Liga,Barcelona,Alaves,H,0.7946492392525273,0.1324415398754212,0.07290922087205146,0.7957143074580108,0.13119196113766668,0.07309373140432246,0.7528229576079135,0.15326200277034072,0.0939150396217457
2025-11-29,Serie A,Parma,Udinese,A,0.3574970249900833,0.30543435144783815,0.3370686235620785,0.35806263013691025,0.31003069539751177,0.331906674465578,0.34894046921186866,0.31093705177295233,0.3401224790151789
2025-11-29,Bundesliga,Leverkusen,Dortmund,A,0.37936434077161185,0.25884804467013295,0.3617876145582553,0.37880863674932913,0.26128226646927005,0.3599090967814009,0.3546494785631518,0.2664880262649672,0.37886249517188103
2025-11-29,Ligue 1,Monaco,Paris SG,H,0.19010507667427853,0.21051904463930177,0.5993758786864196,0.18684123874046724,0.2097874309867896,0.6033713302727431,0.21341078719630507,0.21835085171473803,0.568238361088957
2025-11-29,Bundesliga,Werder Bremen,FC Koln,D,0.4245175936435869,0.25085130533484673,0.3246311010215664,0.4235469514268492,0.2531135654236892,0.32333948314946165,0.43164882543610816,0.25363731521582633,0.3147138593480655
2025-11-29,Ligue 1,Paris FC,Auxerre,D,0.5247644778103199,0.255252286760998,0.21998323542868212,0.5246112971554562,0.25737993950182364,0.21800876334272024,0.5024212235156997,0.26607095780549733,0.23150781867880282
2025-11-29,La Liga,Ath Madrid,Oviedo,H,0.7822914500671064,0.1536643919774673,0.06404415795542616,0.7832804250121008,0.1526087183643312,0.06411085662356796,0.7678250000764005,0.15662101991608168,0.07555398000751781
2025-11-29,La Liga,Levante,Ath Bilbao,A,0.27713583139978565,0.28125987650990153,0.4416042920903127,0.2762293762271928,0.2846744882929651,0.43909613547984205,0.249599251936949,0.2833288805770772,0.46707186748597385
2025-11-29,Premier League,Brentford,Burnley,H,0.654571668869398,0.20905923344947733,0.13636909768112457,0.6554278024794525,0.20922204221145677,0.1353501553090907,0.6396509170972496,0.2171292103908095,0.1432198725119409
2025-11-29,Ligue 1,Marseille,Toulouse,D,0.5909998657677672,0.23433660512986285,0.1746635291023699,0.5908778835722818,0.23551991651307613,0.17360219991464199,0.5749090342930624,0.2368971900102066,0.18819377569673099
2025-11-29,Bundesliga,Hoffenheim,Augsburg,H,0.5631747919865512,0.2250004551716604,0.21182475284178837,0.5663365498672284,0.22548217167490514,0.20818127845786652,0.5515859807822119,0.23404764941379214,0.214366369803996
2025-11-29,Premier League,Sunderland,Bournemouth,H,0.31105852151939356,0.2865508804299868,0.4023905980506197,0.3125309170821833,0.29067646076304365,0.39679262215477307,0.30150154921744654,0.2868832922856916,0.41161515849686187
2025-11-29,Premier League,Man City,Leeds,H,0.7716031244643601,0.14783050515438675,0.08056637038125324,0.7738492978696291,0.14620729978938576,0.0799434023409852,0.7746253396282522,0.14362354321374887,0.08175111715799893
2025-11-29,Bundesliga,Bayern Munich,St Pauli,H,0.8611157795134692,0.094714046384428,0.04417017410210266,0.8631682009222275,0.09283911314527672,0.04399268593249583,0.8549893334774407,0.09968888236974362,0.04532178415281563
2025-11-29,Premier League,Everton,Newcastle,A,0.34048140573378677,0.28699187975748186,0.3725267145087315,0.34037362494982304,0.2908219748873046,0.3688044001628725,0.3541776355757158,0.2876351707099753,0.35818719371430885
2025-11-29,Premier League,Tottenham,Fulham,A,0.43521356449728776,0.279871849735719,0.28491458576699324,0.43393381095598477,0.283281688589801,0.28278450045421416,0.40514628072213427,0.2829977005641176,0.3118560187137481
2025-11-29,Serie A,Juventus,Cagliari,H,0.7166139499607856,0.1908057468391523,0.09258030320006205,0.7174381404354172,0.19042989675626618,0.0921319628083166,0.7743089097892532,0.15285709869626035,0.07283399151448641
2025-11-30,La Liga,Girona,Real Madrid,D,0.14242546333601933,0.18614020950846089,0.6714343271555197,0.14142915519879456,0.18525818754191087,0.6733126572592947,0.13134851762492114,0.17424277522567955,0.6944087071493993
2025-11-30,Premier League,Nott'm Forest,Brighton,A,0.34717521478781566,0.28104660244727936,0.37177818276490493,0.3470781289407464,0.2847108152664836,0.36821105579277,0.3331423799515086,0.2885883838485713,0.37826923619992014
2025-11-30,La Liga,Celta,Espanol,A,0.4739834135901552,0.27441144997324773,0.25160513643659715,0.4726835439309649,0.2776113431109745,0.24970511295806064,0.4997450280469149,0.2753697093319734,0.22488526262111164
2025-11-30,Serie A,Atalanta,Fiorentina,H,0.5494134526120347,0.24854418094353956,0.20204236644442564,0.5487661489122835,0.2504627022517335,0.20077114883598302,0.578886902526914,0.24572542997887234,0.17538766749421372
2025-11-30,Bundesliga,Freiburg,Mainz,H,0.49010103348610745,0.272913403486433,0.23698556302745952,0.4876953421750332,0.27618477009483705,0.23611988773012973,0.543356479576658,0.2540558674777346,0.2025876529456074
2025-11-30,Bundesliga,Ein Frankfurt,Wolfsburg,D,0.5523282821307957,0.2251698032667512,0.22250191460245322,0.5536375097230188,0.22599680458038665,0.22036568569659454,0.49092546337489146,0.2435599198138996,0.2655146168112089
2025-11-30,Ligue 1,Lyon,Nantes,H,0.6507392996108949,0.21105058365758753,0.1382101167315175,0.6520315838930871,0.2111107906204697,0.1368576254864431,0.6830082205160206,0.19843186196044382,0.11855991752353563
2025-11-30,La Liga,Sociedad,Villarreal,A,0.3338692412118628,0.28005151277771173,0.3860792460104256,0.3329119594262289,0.28376917902844706,0.383318861545324,0.33469934203007395,0.2877598001600026,0.3775408578099234
2025-11-30,Serie A,Pisa,Inter,A,0.10060515497980337,0.18210312936266732,0.7172917156575292,0.09964647329271858,0.18064672965842898,0.7197067970488524,0.08152444076222037,0.15625517812758905,0.7622203811101905
2025-11-30,Bundesliga,Hamburg,Stuttgart,H,0.3100483568847821,0.25444185809566355,0.4355097850195544,0.31092495296552347,0.2571341771015804,0.4319408699328961,0.3446808510638298,0.2680851063829788,0.3872340425531915
2025-11-30,Serie A,Roma,Napoli,A,0.3698815707458965,0.3250862248078122,0.3050322044462913,0.36856989811560614,0.3306239539547537,0.3008061479296401,0.34640664169517876,0.34262766014941326,0.31096569815540803
2025-11-30,Ligue 1,Strasbourg,Brest,A,0.5161589756540376,0.25527427600281205,0.22856674834315044,0.5172509545048971,0.25718171296659,0.22556733252851285,0.5275055129513214,0.24979758417536127,0.22269690287331728
2025-11-30,Ligue 1,Angers,Lens,A,0.20596942705978977,0.2511284993028452,0.5429020736373649,0.20560256204650498,0.25318920422518665,0.5412082337283084,0.1969094909375936,0.24498609391975928,0.558104415142647
2025-11-30,Serie A,Lecce,Torino,H,0.3194614443084455,0.3194614443084455,0.36107711138310894,0.31931527172763724,0.32495460341525395,0.35573012485710875,0.30868861305990286,0.32919589854290343,0.3621154883971937
2025-11-30,La Liga,Sevilla,Betis,A,0.3223408624229979,0.27987679671457905,0.397782340862423,0.32057872253371766,0.2833556561426352,0.3960656213236471,0.3512861736334406,0.293465778594396,0.35524804777216357
2025-11-30,Premier League,Crystal Palace,Man United,A,0.4077010596588319,0.26947762347820226,0.32282131686296583,0.4073136699361519,0.2724328022637123,0.32025352780013594,0.4579124579124579,0.26329966329966326,0.27878787878787875
2025-11-30,Ligue 1,Lorient,Nice,H,0.38613426220686875,0.2834762106231695,0.33038952716996167,0.38774208004690114,0.2872064395825518,0.32505148037054715,0.3975168834947924,0.2787322526280054,0.32375086387720214
2025-11-30,Premier League,Chelsea,Arsenal,D,0.28396564260690027,0.2822703253376053,0.4337640320554944,0.2839164130111688,0.28593446479867785,0.4301491221901534,0.31425037835023023,0.30124001236757736,0.38450960928219224
2025-11-30,Premier League,Aston Villa,Wolves,H,0.6400425181578719,0.21577743208966985,0.1441800497524582,0.6418723611760613,0.21573512634959233,0.1423925124743464,0.6488799706892291,0.21241362269198982,0.13870640661878106
2025-11-30,Premier League,West Ham,Liverpool,A,0.2215351036740633,0.23353946889778104,0.5449254274281556,0.22194365331218258,0.23514699625592908,0.5429093504318884,0.18733479274659284,0.2115339419209857,0.6011312653324213
2025-11-30,Ligue 1,Le Havre,Lille,A,0.22421481691895423,0.2624190175671559,0.5133661655138897,0.2227711781276474,0.26481589210439144,0.5124129297679612,0.21257638965721462,0.2571768855798455,0.5302467247629399
2025-12-01,La Liga,Vallecano,Valencia,D,0.48804974415441416,0.28395621478075006,0.22799404106483578,0.4882559329428595,0.2871381553686089,0.22460591168853147,0.4631182080283876,0.297094699489909,0.23978709248170324
2025-12-01,Serie A,Bologna,Cremonese,A,0.6485249712050306,0.22659306222826364,0.12488196656670573,0.6490134122435837,0.22715876230467613,0.12382782545174015,0.6244518620328555,0.2322468747954709,0.14330126317167352
2025-12-02,Premier League,Bournemouth,Everton,A,0.43111242062169014,0.28828186181389615,0.2806057175644137,0.4297614216564969,0.2919805552483663,0.27825802309513686,0.4370751833976091,0.27895680822729757,0.28396800837509334
2025-12-02,Premier League,Newcastle,Tottenham,D,0.5261167572677853,0.2505317891751359,0.22335145355707864,0.5254986309748677,0.25263550194631396,0.22186586707881828,0.5171276735204251,0.25035546099004713,0.23251686548952774
2025-12-02,Premier League,Fulham,Man City,A,0.20363024688780593,0.2348804332913801,0.561489319820814,0.20288126567543893,0.23614885649345138,0.5609698778311096,0.1847343596353313,0.23272907071705953,0.5825365696476091
2025-12-02,La Liga,Barcelona,Ath Madrid,H,0.5446659313203492,0.2238175917302148,0.2315164769494359,0.5454605987419472,0.22476188021225907,0.22977752104579377,0.561864652918966,0.22262561719430726,0.2155097298867267
2025-12-03,Premier League,Wolves,Nott'm Forest,A,0.28916567565875945,0.2874131564123428,0.4234211679288978,0.2865321475340136,0.2909632698106488,0.4225045826553375,0.3060191644246875,0.2937026036274091,0.40027823194790346
2025-12-03,Premier League,Brighton,Aston Villa,A,0.44180115059531294,0.272951860281587,0.2852469891231,0.4420179025122729,0.27602706245566794,0.28195503503205915,0.42235545738227975,0.27786543248834195,0.29977911012937836
2025-12-03,Premier League,Arsenal,Brentford,H,0.7029202519209686,0.19093407245338184,0.10614567562564964,0.7042681617208401,0.19036813257358018,0.10536370570557976,0.6630700522254421,0.2093135043448967,0.12761644342966114
2025-12-03,Premier League,Liverpool,Sunderland,D,0.7027899032074397,0.17935092047826912,0.11785917631429112,0.702734362979247,0.17918571687066673,0.11807992015008617,0.7011070110701108,0.18028465998945706,0.11860832894043227
2025-12-03,Premier League,Burnley,Crystal Palace,A,0.2077392495484067,0.25589443947067886,0.5363663109809145,0.20526695509429824,0.2574458387530433,0.5372872061526585,0.19001125637532573,0.2619215937328386,0.5480671498918356
2025-12-03,Premier League,Leeds,Chelsea,H,0.22050505600174133,0.245575398286177,0.5339195457120816,0.21814347622275093,0.24687344947917939,0.5349830742980697,0.2402378274144303,0.27435856232256683,0.4854036102630029
2025-12-03,La Liga,Ath Bilbao,Real Madrid,A,0.22690512455166315,0.24449466909055173,0.528600206357785,0.2249954185853576,0.24599076954710394,0.5290138118675385,0.22502820093291737,0.2597432952917145,0.5152285037753681
2025-12-04,Premier League,Man United,West Ham,D,0.6603742924464426,0.19632749234894237,0.143298215204615,0.662177121580187,0.1959798386744194,0.14184303974539364,0.6791149444874097,0.18901807600047188,0.1318669795121184
2025-12-05,Ligue 1,Lille,Marseille,H,0.4007966623701509,0.26987740875927063,0.32932592887057854,0.39916049996201874,0.27310755391053304,0.3277319461274481,0.4027066510410814,0.27235074087749434,0.3249426080814243
2025-12-05,Ligue 1,Brest,Monaco,H,0.2841269252180368,0.2488921877899425,0.46698088699202084,0.2841237739948366,0.25099618871921753,0.46488003728594585,0.2837522635646206,0.2498826299826367,0.4663651064527427
2025-12-05,La Liga,Oviedo,Mallorca,D,0.3601847674471546,0.31773875108132826,0.3220764814715171,0.3597889854197631,0.32296504568961404,0.317245968890623,0.36234843014715035,0.32044418992605134,0.3172073799267983
2025-12-05,Bundesliga,Mainz,M'gladbach,A,0.3689948753547439,0.27593458420955913,0.35507054043569697,0.3661695514572642,0.27916430171676115,0.3546661468259746,0.35197363026615724,0.2780383410682366,0.3699880286656062
2025-12-06,Premier League,Bournemouth,Chelsea,D,0.30217966409234037,0.2585406390326836,0.4392796968749762,0.2994578514381512,0.26070561953422156,0.4398365290276272,0.28470640519971113,0.2528192878173435,0.4624743069829454
2025-12-06,Premier League,Tottenham,Brentford,H,0.41086527204569373,0.27590080768184666,0.31323392027245955,0.4103288675294516,0.2792244123315171,0.31044672013903146,0.39110305958132047,0.2825281803542673,0.3263687600644123
2025-12-06,La Liga,Villarreal,Getafe,H,0.5913411740025436,0.24964271197996565,0.15901611401749072,0.590983744596807,0.2511656941081988,0.1578505612949942,0.5796403121818798,0.2588530709195792,0.16150661689854087
2025-12-06,Premier League,Man City,Sunderland,H,0.7643389959355387,0.15237626285531639,0.0832847412091448,0.7647038681222639,0.15163305878496533,0.08366307309277085,0.75740290040239,0.15319637953122778,0.08940072006638221
2025-12-06,Ligue 1,Paris SG,Rennes,H,0.7331998726056691,0.16015287319714272,0.10664725419718822,0.7340147190763215,0.15937348651070132,0.10661179441297712,0.7416423795645465,0.15240870906908968,0.10594891136636378
2025-12-06,Premier League,Leeds,Liverpool,D,0.24041006398874332,0.24349224429629138,0.5160976917149653,0.24022382662521533,0.24529178096829404,0.5144843924064905,0.21579532814238042,0.24471635150166857,0.5394883203559512
2025-12-06,Bundesliga,RB Leipzig,Ein Frankfurt,H,0.5420070143681411,0.22703925783459664,0.23095372779726214,0.5440068180820998,0.22782341149612084,0.2281697704217794,0.5466793529971455,0.23566127497621311,0.21765937202664126
2025-12-06,Serie A,Sassuolo,Fiorentina,H,0.3287223453366485,0.2939044022168789,0.3773732524464726,0.3283023227832897,0.29801650715260675,0.37368117006410356,0.3381233522706175,0.3004344435780328,0.3614422041513498
2025-12-06,Premier League,Aston Villa,Arsenal,H,0.2293890964029478,0.2746020197519346,0.4960088838451175,0.22713843834303973,0.27715235496255847,0.4957092066944017,0.22703480764197853,0.2734886155456686,0.4994765768123527
2025-12-06,La Liga,Ath Bilbao,Ath Madrid,H,0.28570307534155204,0.2883162132257736,0.42598071143267446,0.28333627852276133,0.2920604048204483,0.42460331665679035,0.3280282935455349,0.29708222811671087,0.3748894783377542
2025-12-06,La Liga,Betis,Barcelona,A,0.2360974482450634,0.21664777287476067,0.5472547788801759,0.23480805651006437,0.21716543696405674,0.5480265065258789,0.2618345475282827,0.2299811962474697,0.5081842562242476
2025-12-06,Bundesliga,FC Koln,St Pauli,D,0.4809572020248504,0.26418775885872064,0.25485503911642887,0.4821243893013519,0.2665086497467143,0.2513669609519337,0.4736362529650685,0.271624248818584,0.2547394982163476
2025-12-06,Bundesliga,Stuttgart,Bayern Munich,A,0.17301404591580924,0.18789325386456884,0.6390927002196218,0.1702764220294484,0.18660571847652893,0.6431178594940227,0.20075856514735974,0.20204823473074748,0.5971932001218928
2025-12-06,Bundesliga,Heidenheim,Freiburg,H,0.24682015426487353,0.26721270262294006,0.4859671431121863,0.2442921953635423,0.26966302127722797,0.4860447833592297,0.20490234126582943,0.2685329828555029,0.5265646758786677
2025-12-06,Bundesliga,Augsburg,Leverkusen,H,0.2547207484739574,0.2466769353642535,0.498602316161789,0.25233561427467066,0.24855725031441434,0.49910713541091506,0.2827770564423738,0.2645077522340182,0.452715191323608
2025-12-06,Serie A,Verona,Atalanta,H,0.185883228917625,0.24526929945494413,0.5688474716274308,0.18530118891423544,0.24681345759338838,0.5678853534923762,0.1718472732830131,0.2563699810662342,0.5717827456507527
2025-12-06,Serie A,Inter,Como,H,0.6200778377112981,0.22387608392426916,0.15604607836443266,0.619524828152562,0.22489438215712773,0.15558078969031028,0.6119847003824904,0.22439439014024645,0.16362090947726304
2025-12-06,Ligue 1,Toulouse,Strasbourg,H,0.3817929880948477,0.28036141812338067,0.3378455937817717,0.3821387745792083,0.28388789518705737,0.33397333023373427,0.37399003873824016,0.28821250691754285,0.33779745434421693
2025-12-06,Premier League,Newcastle,Burnley,H,0.7424061480345177,0.16613284431541656,0.09146100765006569,0.7435574823469714,0.1652729696880197,0.09116954796500888,0.7289036268279823,0.17135166634292534,0.09974470682909232
2025-12-06,Ligue 1,Nantes,Lens,A,0.19451547639530814,0.23834301411475728,0.5671415094899347,0.19223542117549824,0.2390707546264045,0.5686938241980973,0.19378089085182548,0.2444852172146089,0.5617338919335656
2025-12-06,Bundesliga,Wolfsburg,Union Berlin,H,0.4469997828177841,0.27527845862678785,0.277721758555428,0.44645098269227,0.2785590005016431,0.27499001680608687,0.4709897610921501,0.27303754266211605,0.25597269624573377
2025-12-06,Premier League,Everton,Nott'm Forest,H,0.4377958661967249,0.29231293219904403,0.269891201604231,0.4357762720267267,0.2963481930099953,0.26787553496327804,0.45593686476144923,0.2891306947267727,0.2549324405117781
2025-12-06,La Liga,Alaves,Sociedad,H,0.3429827440780152,0.31651092154850397,0.3405063343734808,0.34172307551011916,0.32170371679195,0.3365732076979308,0.3497562674094707,0.32120473537604455,0.32903899721448465
2025-12-07,Ligue 1,Nice,Angers,A,0.486281592391245,0.26142715134125427,0.2522912562675007,0.483024042126383,0.2642299843340655,0.2527459735395514,0.5301274623406721,0.25782155272305907,0.2120509849362688
2025-12-07,Serie A,Napoli,Juventus,H,0.3967402592642369,0.31659071193812843,0.2866690287976346,0.3947503919536769,0.32159056356112614,0.28365904448519685,0.36464003648348914,0.3347940548496093,0.3005659086669016
2025-12-07,Premier League,Brighton,West Ham,D,0.6119549819973279,0.2195671810407079,0.16847783696196417,0.6131180034608126,0.2200287633069315,0.1668532332322559,0.5926150645748461,0.22362832625465892,0.1837566091704949
2025-12-07,La Liga,Valencia,Sevilla,D,0.44280360784741907,0.2819049995905491,0.2752913925620318,0.4421350214540047,0.28540682128671624,0.272458157259279,0.4743047765894866,0.28429714018466223,0.24139808322585127
2025-12-07,Bundesliga,Dortmund,Hoffenheim,H,0.5935694143951233,0.21266205776514624,0.19376852783973036,0.5931698351239354,0.21348000189677463,0.19335016297929,0.5877126632723332,0.2117883471251651,0.20049898960250173
2025-12-07,La Liga,Espanol,Vallecano,H,0.41444312346027035,0.29231881748765154,0.2932380590520781,0.4139385177264934,0.2963082220253592,0.28975326024814735,0.39718781825946986,0.30043693945267586,0.3023752422878544
2025-12-07,Bundesliga,Hamburg,Werder Bremen,H,0.41709611876429564,0.2658544666344661,0.31704941460123826,0.4178969281016561,0.2687340141304725,0.31336905776787144,0.3996139848242267,0.271783574693134,0.3286024404826393
2025-12-07,La Liga,Elche,Girona,H,0.4431776617352935,0.275523942193203,0.2812983960715037,0.44278305314401417,0.2787266197482832,0.27849032710770255,0.45116341114816577,0.28835826584087654,0.2604783230109576
2025-12-07,Ligue 1,Lorient,Lyon,H,0.30305373628974985,0.2723980115205555,0.4245482521896945,0.3022572164922733,0.2757037906506842,0.4220389928570426,0.2583952591477754,0.2815351331013075,0.4600696077509172
2025-12-07,Serie A,Cremonese,Lecce,H,0.3877866529245039,0.3130636433908786,0.29914970368461735,0.3863518037571032,0.3179055656112659,0.29574263063163087,0.40086440636811727,0.3119309122400913,0.28720468139179134
2025-12-07,Serie A,Lazio,Bologna,D,0.3614217685372831,0.3111578139724954,0.3274204174902216,0.3600416035026528,0.3161468404696608,0.3238115560276864,0.40849442134151454,0.31559268003307644,0.2759128986254089
2025-12-07,Ligue 1,Le Havre,Paris FC,D,0.3533403224341882,0.2865503834374819,0.3601092941283298,0.35267857121654334,0.29030313679536546,0.3570182919880914,0.3390988348138504,0.2955155989913806,0.365385566194769
2025-12-07,Serie A,Cagliari,Roma,H,0.17882486517172863,0.26128299744535904,0.5598921373829122,0.17780270898476916,0.2633879084146335,0.5588093826005973,0.16055132133494096,0.26577139633411134,0.5736772823309476
2025-12-07,Premier League,Fulham,Crystal Palace,A,0.3684964219896097,0.28961339587562596,0.34189018213476424,0.3669531451620231,0.2936111945130907,0.33943566032488615,0.38114343029087255,0.2858575727181545,0.3329989969909729
2025-12-07,Ligue 1,Auxerre,Metz,H,0.4721406860939668,0.2739241881419807,0.2539351257640524,0.47051825353267035,0.2770929493112604,0.25238879715606927,0.4726114181831537,0.2739776337293645,0.2534109480874819
2025-12-07,La Liga,Real Madrid,Celta,A,0.7274086327760233,0.1660809090762956,0.10651045814768105,0.730380913156114,0.16448132649972963,0.10513776034415635,0.7507538583080193,0.1528190406248957,0.09642710106708505
2025-12-08,La Liga,Osasuna,Levante,H,0.5384719509601068,0.25740142710730374,0.2041266219325895,0.538951080710779,0.25945429372823153,0.20159462556098942,0.5611040706087488,0.24612397875266262,0.19277195063858854
2025-12-08,Serie A,Pisa,Parma,A,0.3948154840503162,0.314267843491556,0.29091667245812775,0.393918932746744,0.3191921107552594,0.28688895649799667,0.37904218142442286,0.3125215336909977,0.3084362848845794
2025-12-08,Serie A,Torino,Milan,A,0.20725337179567763,0.2682450783526913,0.524501549851631,0.20576826609254853,0.2705550489957298,0.5236766849117217,0.17212416793733326,0.25377875973509784,0.5740970723275689
2025-12-08,Serie A,Udinese,Genoa,A,0.38842683147323265,0.311255937803054,0.3003172307237134,0.3864535428977549,0.31610511142871617,0.29744134567352887,0.38626845260625897,0.3307000085471129,0.2830315388466282
2025-12-08,Premier League,Wolves,Man United,A,0.22390238206445584,0.24227385956718045,0.5338237583683636,0.2218951286552577,0.24362393855778072,0.5344809327869615,0.18848561826295146,0.23226589634358813,0.5792484853934605
2025-12-12,Serie A,Lecce,Pisa,H,0.3814935396505733,0.33296432612611876,0.2855421342233079,0.379430746908348,0.33896800918086323,0.28160124391078883,0.38220328567331724,0.3345978942193454,0.2831988201073375
2025-12-12,La Liga,Sociedad,Girona,A,0.5480165620408709,0.2527046881260852,0.19927874983304392,0.5486841219912311,0.25450273350080027,0.19681314450796866,0.5298663786934517,0.2605420315122497,0.20959158979429862
2025-12-12,Bundesliga,Union Berlin,RB Leipzig,H,0.2921429022480424,0.2783136524374842,0.42954344531447336,0.29058916779997257,0.28178827613201934,0.42762255606800814,0.3106858774746285,0.28354765323738684,0.40576646928798465
2025-12-12,Ligue 1,Angers,Nantes,H,0.4449602327236717,0.2971095224832111,0.2579302447931173,0.44548165415147595,0.30100615778557854,0.25351218806294545,0.4380012817276135,0.29895325578233933,0.2630454624900472
2025-12-13,La Liga,Barcelona,Osasuna,H,0.7894721266052704,0.12906901252402242,0.08145886087070717,0.7909346868978665,0.12767618268825778,0.08138913041387572,0.8010786315110248,0.12570116824242142,0.07322020024655376
2025-12-13,Bundesliga,Hoffenheim,Hamburg,H,0.5472381324377367,0.2304869966671256,0.22227487089513773,0.54878057641574,0.23148864422015855,0.21973077936410143,0.5596377526932486,0.22764925533284688,0.21271299197390445
2025-12-13,Premier League,Burnley,Fulham,A,0.24127227928706282,0.27247128091901057,0.4862564397939267,0.24045485933041655,0.27531462563563414,0.48423051503394926,0.244643610367043,0.27836281766103416,0.4769935719719229
2025-12-13,Ligue 1,Paris FC,Toulouse,A,0.3928426788409853,0.2845133340696833,0.32264398708933156,0.39196237100006825,0.28824241165147635,0.3197952173484554,0.34941906522313176,0.2985542645893847,0.35202667018748346
2025-12-13,Serie A,Atalanta,Cagliari,H,0.7143769217564666,0.18345866473123268,0.10216441351230075,0.7145036015446364,0.18329980043245891,0.1021965980229047,0.7099035568884966,0.18622716581098628,0.10386927730051712
2025-12-13,La Liga,Mallorca,Elche,H,0.3892688274079285,0.30685034603491435,0.3038808265571571,0.386553048105536,0.31160237450507877,0.30184457738938514,0.37651741622210844,0.3158703156225742,0.30761226815531734
2025-12-13,Ligue 1,Metz,Paris SG,A,0.09314329453751552,0.14894070394350742,0.7579160015189772,0.09199563117576438,0.14679891259177774,0.7612054562324578,0.0937143129611749,0.14825781687706371,0.7580278701617614
2025-12-13,Ligue 1,Rennes,Brest,H,0.5154193486405994,0.253530598520511,0.23105005283888944,0.5159868735488395,0.25559393729804725,0.2284191891531132,0.5115587358460073,0.2537110711473459,0.23473019300664674
2025-12-13,Premier League,Liverpool,Brighton,H,0.567552519244536,0.22729321514109713,0.20515426561436687,0.5671807819270692,0.22866333884544063,0.20415587922749032,0.5448536414214826,0.23820234574708035,0.21694401283143702
2025-12-13,La Liga,Ath Madrid,Valencia,H,0.7301780744434098,0.18079265182955828,0.08902927372703201,0.7310656137009661,0.18015177463008253,0.0887826116689513,0.7297465956451001,0.1717834139383539,0.09846999041654594
2025-12-13,Bundesliga,M'gladbach,Wolfsburg,A,0.4790400424095392,0.25037826216605247,0.2705816954244083,0.48110870875703327,0.252302565807392,0.26658872543557466,0.4722820406963986,0.25608753705336057,0.27163042225024087
2025-12-13,Bundesliga,Leverkusen,FC Koln,H,0.6118575589589401,0.2108428074790942,0.1772996335619656,0.6117255634854125,0.2113512070779923,0.17692322943659528,0.5415019762845851,0.22924901185770752,0.22924901185770752
2025-12-13,La Liga,Getafe,Espanol,A,0.373599465756474,0.3303405802478297,0.2960599539956964,0.3722114667647825,0.33618225044168193,0.2916062827935355,0.3628133417907128,0.34054681900933337,0.2966398391999539
2025-12-13,Bundesliga,St Pauli,Heidenheim,H,0.4825133372851215,0.2811038661661068,0.23638279654877165,0.48414225641102715,0.28399498930150485,0.2318627542874681,0.5078555928461482,0.27714833237916653,0.21499607477468521
2025-12-13,Serie A,Parma,Lazio,A,0.26001691976128594,0.2896188460110323,0.45036423422768185,0.25869784550357483,0.29348966841698254,0.4478124860794427,0.24915845337376802,0.2980439727065958,0.45279757391963604
2025-12-13,Premier League,Chelsea,Everton,H,0.5708509708291156,0.24297759271188,0.1861714364590043,0.5717090192633387,0.24428179945244372,0.1840091812842175,0.5543842445043718,0.24687423388085314,0.19874152161477485
2025-12-13,Premier League,Arsenal,Wolves,H,0.8473627672239902,0.11009817857202658,0.04253905420398338,0.8490081283775349,0.10838430371991925,0.042607567902545655,0.8503080326592558,0.10700505579532209,0.042686911545422083
2025-12-13,Bundesliga,Ein Frankfurt,Augsburg,H,0.5566437847055222,0.230335359188492,0.21302085610598576,0.5545023141317833,0.23204507647261877,0.213452609395598,0.5142804439388815,0.2550496510591202,0.23066990500199835
2025-12-13,Serie A,Torino,Cremonese,H,0.4801042271084186,0.293147752377726,0.2267480205138555,0.4776482266874982,0.297156717405144,0.22519505590735786,0.4738233738762559,0.2806275339326635,0.24554909219108056
2025-12-14,Premier League,Nott'm Forest,Tottenham,H,0.3701849943569361,0.2877962608567643,0.3420187447862997,0.36949333932636363,0.29171305873543407,0.3387936019382023,0.36206812730926297,0.2865916898943411,0.3513401827963959
2025-12-14,Premier League,Crystal Palace,Man City,A,0.23699587008616732,0.24757048896140316,0.5154336409524295,0.2364667502625854,0.2495378412481182,0.5139954084892965,0.23570259903061522,0.2533960917192405,0.5109013092501442
2025-12-14,Ligue 1,Strasbourg,Lorient,D,0.5445729015134114,0.24911313579868818,0.20631396268790034,0.5437531948819398,0.251101958088545,0.20514484702951505,0.5344898735040958,0.25219897516547146,0.21331115133043274
2025-12-14,Premier League,Brentford,Leeds,D,0.48734874274108203,0.2670781245530223,0.2455731327058958,0.48604316282982274,0.2698629100657532,0.24409392710442407,0.442559116258788,0.29140815655194047,0.26603272718927146
2025-12-14,La Liga,Sevilla,Oviedo,H,0.49913291564108303,0.28264153054374586,0.2182255538151712,0.49710695089882084,0.2861871752041193,0.21670587389705992,0.45472663511105144,0.30563593507464115,0.23963742981430727
2025-12-14,Premier League,Sunderland,Newcastle,H,0.29006968641114983,0.28397212543554007,0.42595818815331005,0.2892585310972234,0.2876236728901217,0.4231177960126549,0.2780392774667532,0.28301908542138166,0.438941637111865
2025-12-14,Bundesliga,Freiburg,Dortmund,D,0.2875392306843093,0.27165770340814105,0.4408030659075496,0.28628927372048796,0.27468596731616296,0.4390247589633491,0.25792952765382265,0.2689836502675579,0.4730868220786194
2025-12-14,La Liga,Alaves,Real Madrid,A,0.1740474875759249,0.23854224185532852,0.5874102705687465,0.17303072119652296,0.23978019086752392,0.587189087935953,0.16426047687015938,0.23239815616444773,0.6033413669653931
2025-12-14,Ligue 1,Lyon,Le Havre,H,0.5977001757692552,0.2393850193769721,0.16291480485377266,0.5982544793429048,0.24053358472074907,0.1612119359363462,0.5855191920977615,0.23926038052725787,0.1752204273749807
2025-12-14,Ligue 1,Marseille,Monaco,H,0.5037882129586173,0.24088588074627973,0.2553259062951031,0.5064662044927265,0.24218777622518564,0.2513460192820878,0.468565291487513,0.26234435540108664,0.2690903531114003
2025-12-14,Serie A,Bologna,Juventus,A,0.327691131814332,0.297618211489599,0.37469065669606894,0.32647881861536265,0.3017675783111295,0.3717536030735079,0.28801226350526526,0.2970978238682074,0.4148899126265275
2025-12-14,Bundesliga,Werder Bremen,Stuttgart,A,0.3247335506382507,0.252084265724572,0.4231821836371774,0.3267468450840102,0.25462014423302987,0.4186330106829598,0.33438610343466246,0.25884984866429794,0.4067640479010396
2025-12-14,Serie A,Udinese,Napoli,H,0.21412570006222778,0.28164281269446173,0.5042314872433105,0.21318469955444017,0.28499951107432087,0.5018157893712389,0.21056900829982036,0.2860922392401814,0.5033387524599983
2025-12-14,Ligue 1,Auxerre,Lille,A,0.2129580667336471,0.2594323409655756,0.5276095923007774,0.21328129229641432,0.26200204296983653,0.5247166647337491,0.22664555530422978,0.2822890748699389,0.49106536982583127
2025-12-14,Ligue 1,Lens,Nice,H,0.6344912584157926,0.2082144262650495,0.157294315319158,0.6377353820512767,0.20789568259670893,0.1543689353520143,0.6210574266446163,0.20885117002208337,0.17009140333330033
2025-12-14,Bundesliga,Bayern Munich,Mainz,D,0.8593309089442067,0.09201087335453688,0.04865821770125638,0.8615589670741882,0.0900892944576554,0.04835173846815636,0.8740270484745132,0.08251304303780371,0.04345990848768298
2025-12-14,Premier League,West Ham,Aston Villa,A,0.25979505057121605,0.26867693264202686,0.4715280167867571,0.259394692733568,0.27173086356197035,0.46887444370446163,0.28684651964480834,0.2776204619954139,0.43553301835977776
2025-12-14,Serie A,Milan,Sassuolo,D,0.6712683479912971,0.20699905004136915,0.12173260196733368,0.6708857238748536,0.20752789795304796,0.12158637817209843,0.6376266564480051,0.22256779517524705,0.13980554837674777
2025-12-14,Serie A,Genoa,Inter,A,0.15795198385800086,0.23956050885130128,0.6024875072906979,0.1564939410174274,0.24042272355659014,0.6030833354259825,0.13151656446525478,0.22879402333979845,0.6396894121949468
2025-12-14,Serie A,Fiorentina,Verona,A,0.5166059323169261,0.27491894643766246,0.20847512124541145,0.5146267584898904,0.27809441944319263,0.20727882206691686,0.4762471851723541,0.29653126623939025,0.22722154858825566
2025-12-14,La Liga,Celta,Ath Bilbao,H,0.36055785210238417,0.29855108772808886,0.3408910601695269,0.3610451917728898,0.3028019493224557,0.3361528589046545,0.3302355827008874,0.30368931399502824,0.3660751033040844
2025-12-15,Premier League,Man United,Bournemouth,D,0.5178007562102752,0.23678326037756306,0.24541598341216175,0.5202836212377299,0.23796328879227724,0.24175308996999287,0.5404467878451505,0.22755654225058972,0.23199666990425974
2025-12-15,La Liga,Vallecano,Betis,D,0.3718796812518828,0.279742327389476,0.34837799135864117,0.3713559059400334,0.28334593321570695,0.3452981608442596,0.3710657095527333,0.3003865267807841,0.3285477636664826
2025-12-15,Serie A,Roma,Como,H,0.4371969634812914,0.2965215998374689,0.2662814366812398,0.43589702203082614,0.3004710699224772,0.2636319080466966,0.4285446038775095,0.30810396357206565,0.2633514325504248
2025-12-19,La Liga,Valencia,Mallorca,D,0.4748374668914038,0.2947267035877679,0.2304358295208283,0.47430916093307207,0.29859637967025926,0.22709445939666859,0.46446714593870597,0.29743479692604824,0.2380980571352457
2025-12-19,Bundesliga,Dortmund,M'gladbach,H,0.6153499698466377,0.2106231440414666,0.17402688611189568,0.6153263342191193,0.21114615094552017,0.17352751483536058,0.6373626373626373,0.2032967032967033,0.15934065934065933
2025-12-20,Premier League,Everton,Arsenal,A,0.15647265898219626,0.2425527335893685,0.6009746074284353,0.15460813023784892,0.24320158981118334,0.6021902799509676,0.15100838122371718,0.23515235484091287,0.6138392639353699
2025-12-20,Premier League,Bournemouth,Burnley,D,0.6434400543610922,0.21303082880873997,0.14352911683016775,0.6445735082371831,0.21319932999756983,0.1422271617652471,0.6470882393053599,0.20589171250625088,0.14702004818838935
2025-12-20,Premier League,Brighton,Sunderland,D,0.575543225041298,0.2404167902071244,0.1840399847515778,0.5753641425467058,0.24189389285373777,0.18274196459955652,0.5181504765767593,0.25978503346177245,0.22206448996146827
2025-12-20,Premier League,Leeds,Crystal Palace,H,0.3646934460887949,0.29175475687103597,0.3435517970401692,0.3660369380770967,0.295825754498634,0.33813730742426934,0.3345884442105955,0.30943963958038734,0.355971916209017
2025-12-20,La Liga,Levante,Sociedad,D,0.2861195992803594,0.2760508743789977,0.437829526340643,0.28394863259074854,0.279141916654555,0.4369094507546964,0.3143912994148824,0.28931714670081204,0.3962915538843056
2025-12-20,Premier League,Man City,West Ham,H,0.7911057065925476,0.12898462607487188,0.07990966733258056,0.7925317624792557,0.1276171345664557,0.07985110295428856,0.7929434797412326,0.12789410963568268,0.0791624106230848
2025-12-20,La Liga,Oviedo,Celta,D,0.25517116587313254,0.2887257840154711,0.4561030501113964,0.25328540673345434,0.2922907258142652,0.4544238674522804,0.2715223487756349,0.2962838208337903,0.4321938303905748
2025-12-20,Premier League,Tottenham,Liverpool,A,0.280188432347553,0.25375556137136873,0.4660560062810782,0.27889648722559834,0.25591055183604616,0.46519296093835555,0.2674835492342648,0.2637581516126177,0.4687582991531175
2025-12-20,Serie A,Lazio,Cremonese,D,0.5844043388356384,0.2502369642354728,0.16535869692888888,0.583733082460093,0.25207032035554916,0.1641965971843579,0.6131663564054831,0.24088678287358267,0.14594686072093416
2025-12-20,Premier League,Wolves,Brentford,A,0.264352440276136,0.2727084082158989,0.4629391515079651,0.26361363636886087,0.27589856157059167,0.4604878020605474,0.2773513908719602,0.2814663966712474,0.4411822124567925
2025-12-20,Bundesliga,FC Koln,Union Berlin,A,0.4039540649876028,0.2857236069424507,0.31032232806994653,0.40311142750580026,0.289398691052167,0.3074898814420329,0.3730747455378728,0.29471735384183056,0.33220790062029665
2025-12-20,La Liga,Osasuna,Alaves,H,0.42427748394408754,0.3118860974688326,0.2638364185870797,0.42274859691013794,0.31672628140997144,0.2605251216798907,0.428829343188464,0.3242008780118972,0.24696977879963894
2025-12-20,Premier League,Newcastle,Chelsea,D,0.34685598377281945,0.2697768762677485,0.38336713995943206,0.3461063696128904,0.2728477859835908,0.38104584440351885,0.3392078915785151,0.2680991551002995,0.39269295332118553
2025-12-20,Bundesliga,Hamburg,Ein Frankfurt,D,0.35756449407661506,0.2692008547358424,0.3732346511875425,0.3597100284342165,0.2724526384279973,0.36783733313778627,0.3849912169614772,0.2771028228277299,0.337905960210793
2025-12-20,Serie A,Juventus,Roma,H,0.47847883950920067,0.2927339483953805,0.22878721209541877,0.47757649000159724,0.2965641778780897,0.22585933212031317,0.47118501642586264,0.3049741206639888,0.22384086291014854
2025-12-20,Bundesliga,Augsburg,Werder Bremen,D,0.4187842829956342,0.2695622971006381,0.3116534199037278,0.42023877286375927,0.27255646959779956,0.30720475753844134,0.4258015019634673,0.2735527091102508,0.30064578892628196
2025-12-20,Bundesliga,RB Leipzig,Leverkusen,A,0.4545294297976702,0.251026977314531,0.2944435928877989,0.4547214790475984,0.253322999455024,0.29195552149737763,0.4591618530781286,0.24576548271805834,0.29507266420381306
2025-12-20,Bundesliga,Stuttgart,Hoffenheim,D,0.47101106169120466,0.24409166999101498,0.28489726831778034,0.46874121463945706,0.2461848240381804,0.28507396132236257,0.4826157436012998,0.24380847150842863,0.2735757848902716
2025-12-20,La Liga,Real Madrid,Sevilla,H,0.7838751091254558,0.13907461613516148,0.07705027473938274,0.784404419189262,0.13810806727981592,0.077487513530922,0.7931395105626438,0.13218991842710728,0.07467057101024889
2025-12-20,Bundesliga,Wolfsburg,Freiburg,A,0.37951651702107614,0.2732961507411248,0.34718733223779924,0.3803657225371302,0.2765402658462514,0.3430940116166184,0.3902432079531725,0.2774295372174472,0.3323272548293802
2025-12-21,Premier League,Aston Villa,Man United,H,0.4502284075215128,0.2597471581854881,0.29002443429299907,0.44773564780991454,0.2624960935205295,0.2897682586695561,0.47234669359866704,0.2586966904995424,0.26895661590179054
2025-12-21,Bundesliga,Heidenheim,Bayern Munich,A,0.061361722792821476,0.10889745926530921,0.8297408179418693,0.05945457661530416,0.10565619397050482,0.834889229414191,0.07211367673179395,0.11598579040852576,0.8119005328596803
2025-12-21,La Liga,Betis,Getafe,H,0.5520743508671074,0.27282744083548915,0.17509820829740347,0.5508501564641537,0.2755215024229368,0.1736283411129094,0.5443053491716572,0.2844858773616214,0.17120877346672125
2025-12-21,Serie A,Sassuolo,Torino,A,0.4018677156650791,0.30334530795364034,0.2947869763812806,0.4026420079809918,0.30769938302127847,0.2896586089977298,0.4057722762677354,0.30367473578746645,0.2905529879447981
2025-12-21,La Liga,Elche,Vallecano,H,0.3846153846153846,0.3076923076923077,0.3076923076923077,0.3833211121945555,0.3125422793840077,0.30413660842143675,0.3801068781244613,0.32063437338389933,0.29925874849163936
2025-12-21,La Liga,Villarreal,Barcelona,A,0.27693299878069677,0.20724125074317043,0.515825750476133,0.2753673716834694,0.20760890826811879,0.5170237200484119,0.24009727651230597,0.21586727613033013,0.5440354473573639
2025-12-21,La Liga,Girona,Ath Madrid,A,0.19617290136652443,0.23433122133308032,0.5694958773003952,0.19525663980632554,0.23548575233343416,0.5692576078602403,0.198036147695492,0.25070533591237815,0.5512585163921297
2025-12-21,Serie A,Genoa,Atalanta,A,0.23541898348553394,0.28039455047978523,0.48418646603468074,0.23503847471299566,0.28370762542153094,0.4812538998654734,0.24777726666013106,0.29515787251050096,0.457064860829368
2025-12-21,Serie A,Cagliari,Pisa,D,0.4336863851381754,0.2997132024681021,0.26660041239372256,0.43321596299298937,0.3038849579811326,0.2628990790258781,0.47371448624673035,0.300220327271017,0.22606518648225263
2025-12-21,Bundesliga,Mainz,St Pauli,D,0.4872196821249728,0.28007838014369696,0.2327019377313303,0.48583209233025415,0.2834009934839183,0.23076691418582754,0.4799908413259725,0.28422418398758487,0.2357849746864426
2025-12-21,Serie A,Fiorentina,Udinese,H,0.4351854760184691,0.28834375098156234,0.27647077299996864,0.43448184585777255,0.29208892120414104,0.27342923293808646,0.45538447600964826,0.2945768329187412,0.2500386910716106
2025-12-22,Premier League,Fulham,Nott'm Forest,H,0.3897116546200748,0.2884104599940614,0.32187788538586376,0.3875178090827339,0.2922877539622784,0.32019443695498767,0.37132777811568646,0.284350100358859,0.34432212152545466
2025-12-22,La Liga,Ath Bilbao,Espanol,A,0.5386338611079471,0.2708736758172913,0.19049246307476178,0.5368785455135956,0.27381161159748957,0.18930984288891492,0.5096937389081417,0.28487414410273787,0.20543211698912034
2025-12-26,Premier League,Man United,Newcastle,H,0.3824036549701753,0.26383715859674106,0.3537591864330836,0.381551466881909,0.2665964892911817,0.3518520438269094,0.3835616438356165,0.2602739726027397,0.35616438356164387
2025-12-27,Serie A,Parma,Fiorentina,H,0.2823938264223026,0.3033456264471831,0.41426054713051436,0.280224493102265,0.30790806671088233,0.4118674401868526,0.2603425317966849,0.2908765324395059,0.4487809357638091
2025-12-27,Premier League,West Ham,Fulham,A,0.3562281533447,0.2792913036578269,0.36448054299747296,0.3554785375080306,0.28276857187654514,0.3617528906154242,0.3182932535603876,0.2848390076906772,0.39686773874893516
2025-12-27,Serie A,Torino,Cagliari,A,0.4840760653844767,0.2863132825749648,0.22961065204055858,0.4815440802778109,0.29003923252359354,0.2284166871985955,0.5230731404316994,0.28359387131839126,0.1933329882499094
2025-12-27,Serie A,Lecce,Como,A,0.20476497534894342,0.2799473394322868,0.5152876852187697,0.2030279591446023,0.28280127681782274,0.5141707640375749,0.20132617240241232,0.28490703791492894,0.5137667896826588
2025-12-27,Premier League,Arsenal,Brighton,H,0.6710529621991268,0.2000390436999511,0.12890799410092219,0.6719228820547011,0.20000894003890038,0.12806817790639852,0.7188979223394241,0.1741183958693651,0.1069836817912108
2025-12-27,Serie A,Pisa,Juventus,A,0.13546388419558492,0.22340225293353028,0.6411338628708848,0.13425931696653345,0.22322900685015487,0.6425116761833117,0.1273403266498473,0.22989421502235205,0.6427654583278006
2025-12-27,Premier League,Burnley,Everton,D,0.2343933490151012,0.2836652241834408,0.4819414268014581,0.23376652912906848,0.28715240742659026,0.47908106344434126,0.2590979496066373,0.3059027405033202,0.4349993098900425
2025-12-27,Premier League,Liverpool,Wolves,H,0.7652656963688756,0.1503850179869106,0.08434928564421385,0.766671096436559,0.14917800669981454,0.0841508968636264,0.7672459816272574,0.147960344823919,0.08479367354882346
2025-12-27,Premier League,Chelsea,Aston Villa,A,0.5140987830095937,0.2476287331773959,0.23827248381301067,0.5164473815372418,0.2492107220555784,0.23434189640717984,0.5354241159632603,0.2405331688464393,0.22404271519030042
2025-12-27,Premier League,Nott'm Forest,Man City,A,0.1816364415250607,0.22319006140225617,0.5951734970726832,0.1803034943089771,0.22359491871165765,0.5961015869793652,0.18335272458491317,0.22786865050576946,0.5887786249093173
2025-12-27,Serie A,Udinese,Lazio,D,0.30650984479100757,0.3075147951017978,0.3859753601071947,0.3037123564158672,0.312194862860284,0.38409278072384884,0.29455232152387206,0.32842070692557157,0.3770269715505562
2025-12-27,Premier League,Brentford,Bournemouth,H,0.4192369985931644,0.2642249991133389,0.31653800229349666,0.4183639319686015,0.26702899398442725,0.3146070740469712,0.41544447770128706,0.2729721640227477,0.3115833582759653
2025-12-28,Serie A,Atalanta,Inter,A,0.2764931049148795,0.2662817118356368,0.45722518324948375,0.2749654675321321,0.26904144991799644,0.45599308254987153,0.275046505447781,0.2718575604570821,0.4530959340951369
2025-12-28,Premier League,Sunderland,Leeds,D,0.3677393775193286,0.2960417630344281,0.3362188594462433,0.3649594262782795,0.30026845249960404,0.33477212122211647,0.3337809401380485,0.3057864096748573,0.3604326501870942
2025-12-28,Serie A,Bologna,Sassuolo,D,0.5394039397568869,0.2621683953008333,0.19842766494227976,0.5380968137525111,0.2646919296243886,0.19721125662310035,0.4736894088210441,0.28826970139262315,0.2380408897863328
2025-12-28,Serie A,Cremonese,Napoli,A,0.15097440892453562,0.24415392693264748,0.6048716641428169,0.1505566326550389,0.2454482643037997,0.6039951030411616,0.1453120483088684,0.2501525712266727,0.6045353804644589
2025-12-28,Serie A,Milan,Verona,H,0.6874814982499522,0.20039354310690097,0.11212495864314696,0.6867311949357683,0.2008051449313486,0.1124636601328832,0.6893339480162017,0.201361942171044,0.10930410981275421
2025-12-28,Premier League,Crystal Palace,Tottenham,A,0.4199907483186848,0.28377753264776007,0.29623171903355516,0.4169590805825909,0.28745138837825057,0.2955895310391586,0.4251140553715393,0.28047465783388537,0.2944112867945753
2025-12-29,Serie A,Roma,Genoa,H,0.5843202848895243,0.2611487306768823,0.1545309844335932,0.583591350027707,0.2632219138153654,0.15318673615692757,0.5960186284357593,0.25729765927008186,0.14668371229415883
2025-12-30,Premier League,West Ham,Brighton,D,0.27772192937877205,0.2580468063165158,0.4642312643047121,0.27684926647599556,0.2604929892374149,0.4626577442865895,0.2852461993658673,0.2637931425890472,0.4509606580450854
2025-12-30,Premier League,Nott'm Forest,Everton,A,0.44774600206588205,0.29570763999366667,0.25654635794045133,0.4464932716552443,0.2998216215848615,0.2536851067598943,0.49833340801687614,0.28095948819942573,0.22070710378369807
2025-12-30,Premier League,Man United,Wolves,D,0.6943982195352404,0.18800900410341492,0.1175927763613448,0.6958405962693315,0.18743148502692406,0.11672791870374455,0.6889995359512373,0.18728757227245935,0.12371289177630343
2025-12-30,Premier League,Burnley,Newcastle,A,0.17249352644457294,0.23083075314967177,0.5966757204057553,0.17193520844805876,0.23173544805567978,0.5963293434962614,0.1653937210499228,0.2292228512609367,0.6053834276891404
2025-12-30,Premier League,Arsenal,Aston Villa,H,0.6625766871165645,0.20245398773006135,0.13496932515337423,0.6651107866177801,0.20202152475309884,0.13286768862912104,0.6901729463832615,0.1879795102475285,0.12184754336920986
2025-12-30,Premier League,Chelsea,Bournemouth,D,0.6285208636302171,0.20812861931614643,0.16335051705363646,0.6299287150996347,0.20827498653814502,0.16179629836222043,0.6069048825156841,0.21275766667965557,0.18033745080466043
2026-01-01,Premier League,Brentford,Tottenham,D,0.4475403749057377,0.2705759859745291,0.2818836391197333,0.4475395639140223,0.27338771808147544,0.2790727180045022,0.3951593577761802,0.27893601725377426,0.3259046249700455
2026-01-01,Premier League,Sunderland,Man City,D,0.12137340828515993,0.19666521135002052,0.6819613803648196,0.11999908532555284,0.19558285308784615,0.6844180615866011,0.13106422421919184,0.2016158172563313,0.6673199585244769
2026-01-01,Premier League,Crystal Palace,Fulham,D,0.4370751833976091,0.28396800837509334,0.27895680822729757,0.43510953791283336,0.28770242353913594,0.27718803854803076,0.426699484294421,0.28968588842006565,0.28361462728551345
2026-01-01,Premier League,Liverpool,Leeds,D,0.6213594344752583,0.215573681348559,0.1630668841761827,0.6203108100139826,0.2165256216783326,0.16316356830768483,0.6449961052008046,0.21306612913374892,0.14193776566544652
2026-01-02,La Liga,Vallecano,Getafe,D,0.46068389650539576,0.3285997024024502,0.21071640109215414,0.45932024102548563,0.3337267156473529,0.2069530433271616,0.4597846851511311,0.3330595775829748,0.2071557372658942
2026-01-02,Ligue 1,Toulouse,Lens,A,0.36952888418195956,0.28791514289023845,0.342555972927802,0.3701946348879115,0.2918733487746589,0.3379320163374295,0.37496289455456977,0.2959612784062799,0.32907582703915045
2026-01-02,Serie A,Cagliari,Milan,A,0.15154363930357612,0.2413041025833866,0.6071522581130372,0.15042530269105073,0.2422114426331338,0.6073632546758154,0.1503579952267303,0.2482100238663485,0.6014319809069212
2026-01-03,Premier League,Bournemouth,Arsenal,A,0.1542436619300754,0.20689576534603116,0.6388605727238934,0.1529090519189096,0.20648630312856728,0.640604644952523,0.15914665626196994,0.21375228098391,0.62710106275412
2026-01-03,Premier League,Wolves,West Ham,H,0.38235980462369146,0.28138050904058,0.3362596863357286,0.38238757204462576,0.285084029085304,0.33252839887007035,0.3608206635392528,0.28242807890126037,0.3567512575594868
2026-01-03,La Liga,Elche,Villarreal,A,0.29609075519059763,0.270638827810317,0.4332704169990855,0.2983254250025258,0.2742011740529733,0.42747340094450087,0.30509011434544364,0.27404896899052933,0.4208609166640271
2026-01-03,Ligue 1,Monaco,Lyon,A,0.4688512783579402,0.25207057976233344,0.2790781418797263,0.466667546628348,0.2545484744042281,0.27878397896742396,0.4553106622735011,0.2582172797003143,0.28647205802618453
2026-01-03,La Liga,Celta,Valencia,H,0.48027394477575125,0.2843918222841306,0.2353342329401181,0.4797289312064923,0.287717394924969,0.23255367386853865,0.4732732205027951,0.29068324345696367,0.23604353604024117
2026-01-03,Serie A,Como,Udinese,H,0.5510713663550317,0.25817316067591894,0.19075547296904943,0.5518244775575338,0.26000124842774575,0.1881742740147205,0.5364312564984403,0.2659361753179237,0.1976325681836359
2026-01-03,Premier League,Brighton,Burnley,H,0.6370794719580996,0.21821802602702722,0.14470250201487322,0.6366623935984227,0.21894409028964107,0.14439351611193615,0.6541717174856765,0.21032128389229066,0.13550699862203297
2026-01-03,Serie A,Juventus,Lecce,D,0.7495946639302207,0.1711031298101591,0.07930220625962033,0.7510970955843765,0.17003277129150032,0.07887013312412307,0.7648426980046517,0.16562614763128902,0.06953115436405925
2026-01-03,Premier League,Aston Villa,Nott'm Forest,H,0.5381397294659044,0.25324222563101373,0.20861804490308183,0.5357473692793732,0.2557114484298317,0.20854118229079516,0.49882149046793756,0.27001733102253034,0.23116117850953208
2026-01-03,Serie A,Atalanta,Roma,H,0.4215097020345937,0.29191510420408195,0.2865751937613244,0.42087688376041144,0.29607570535800115,0.28304741088158747,0.41252443199377115,0.30837891965436004,0.27909664835186887
2026-01-03,Serie A,Genoa,Pisa,D,0.5029762205536074,0.2985922325191257,0.19843154692726706,0.5018544431708991,0.30250364909663496,0.19564190773246598,0.49532107131332687,0.3065505001613424,0.19812842852533075
2026-01-03,Serie A,Sassuolo,Parma,D,0.49432721874668645,0.28204856324886013,0.2236242180044534,0.49402549778975935,0.28511524673558236,0.22085925547465832,0.46737528471260775,0.29174668393550973,0.24087803135188246
2026-01-03,Ligue 1,Lille,Rennes,A,0.5019595669551045,0.2585852314617205,0.2394552015831749,0.5016787087182865,0.2608478487489287,0.23747344253278488,0.5451530531824343,0.24433025440559883,0.2105166924119668
2026-01-03,Ligue 1,Nice,Strasbourg,D,0.3508957831300655,0.27740433592583347,0.371699880944101,0.34727077570611137,0.28056746184641773,0.37216176244747085,0.3009830389223332,0.27465799178626904,0.42435896929139766
2026-01-03,La Liga,Espanol,Barcelona,A,0.17616424067606412,0.19967768805443709,0.6241580712694987,0.17506145852592409,0.19948720825000057,0.6254513332240753,0.1618691130575801,0.20268524716908196,0.635445639773338
2026-01-03,La Liga,Osasuna,Ath Bilbao,D,0.3102193419740778,0.319715852442672,0.3700648055832503,0.30956736528003337,0.3251111350116331,0.36532149970833355,0.31593497824859695,0.319147876332481,0.36491714541892206
2026-01-04,Premier League,Man City,Chelsea,D,0.5810292284053179,0.2157352260365987,0.20323554555808332,0.582980498594172,0.21612975213689445,0.2008897492689335,0.6451612903225806,0.19354838709677416,0.16129032258064516
2026-01-04,Ligue 1,Marseille,Nantes,A,0.7695814179802041,0.14762410848047938,0.08279447353931647,0.7723220705865832,0.1458510640419185,0.08182686537149836,0.7553664806302567,0.15278448232812636,0.09184903704161682
2026-01-04,Serie A,Inter,Bologna,H,0.6796288552306623,0.19745006741438184,0.12292107735495593,0.6812304908111841,0.1971001973795549,0.12166931180926085,0.677731504395135,0.19749408618642297,0.12477440941844206
2026-01-04,La Liga,Real Madrid,Betis,H,0.6425193341739995,0.2008732822042911,0.15660738362170942,0.6428910528812212,0.20112513977026514,0.15598380734851364,0.638134325442876,0.2057600875066354,0.1561055870504887
2026-01-04,La Liga,Alaves,Oviedo,D,0.5091814421582317,0.304186316094528,0.1866322417472403,0.5073750275844844,0.3083115372005985,0.18431343521491717,0.4901462174189447,0.3267641449459631,0.18308963763509217
2026-01-04,Ligue 1,Brest,Auxerre,H,0.489901979183208,0.2784859464999784,0.2316120743168137,0.48710491230135017,0.2820255684613732,0.23086951923727658,0.4880034230090389,0.28283681874097444,0.22915975824998658
2026-01-04,Ligue 1,Paris SG,Paris FC,H,0.8034675969975685,0.13056348451210487,0.06596891849032667,0.805402094536343,0.12890392455597294,0.06569398090768401,0.8414254691863248,0.10413221276118052,0.054442318052494734
2026-01-04,La Liga,Sociedad,Ath Madrid,D,0.24522411195773203,0.266882081959697,0.48789380608257105,0.24491771830969702,0.2698167117777902,0.48526556991251274,0.24090463869570258,0.25806496912334165,0.5010303921809558
2026-01-04,Serie A,Lazio,Napoli,A,0.2812526545289804,0.312087663165048,0.4066596823059716,0.28022494939158055,0.3170071550712662,0.40276789553715336,0.24835824581169408,0.31586501732426864,0.43577673686403723
2026-01-04,Serie A,Fiorentina,Cremonese,H,0.5349590861216883,0.263712225552945,0.20132868832536657,0.5347751678080961,0.2660746020118599,0.19915023018004402,0.5499303297724106,0.25415699024616817,0.1959126799814213
2026-01-04,Ligue 1,Le Havre,Angers,H,0.45643790410774926,0.2879069856679649,0.2556551102242858,0.4552756287479909,0.2915856568568981,0.2531387143951109,0.39719198290772195,0.29417031234103164,0.3086377047512463
2026-01-04,La Liga,Mallorca,Girona,A,0.4186539821302308,0.30057208973452465,0.28077392813524465,0.41945767948442203,0.3046161485898714,0.2759261719257066,0.4174147217235189,0.3043087971274686,0.2782764811490126
2026-01-04,La Liga,Sevilla,Levante,A,0.5300102531745406,0.2605883744774825,0.20940137234797698,0.5311227086364593,0.26258290126880407,0.20629439009473663,0.5405973514742696,0.2549158242724198,0.2044868242533107
2026-01-04,Premier League,Everton,Brentford,A,0.39982372015169776,0.2957943509586228,0.3043819288896795,0.3986535937928936,0.2998973558994227,0.30144905030768354,0.3852441089032718,0.29990522401963565,0.31485066707709264
2026-01-04,Premier League,Leeds,Man United,D,0.3538639578243538,0.2756847113282757,0.3704513308473704,0.3547291456582424,0.27910893011585314,0.36616192422590454,0.3470623347829795,0.2871152042295558,0.36582246098746485
2026-01-04,Premier League,Newcastle,Crystal Palace,H,0.5657600755574577,0.2410253383114679,0.19321458613107448,0.5684323529883394,0.24201445216425746,0.1895531948474031,0.5648638659603302,0.24146852285327092,0.1936676111863989
2026-01-04,Premier League,Fulham,Liverpool,D,0.2522563692448303,0.25636924483034385,0.4913743859248258,0.2511152034426944,0.2585348904296474,0.49034990612765816,0.23297438133129195,0.26266086759511315,0.5043647510735949
2026-01-04,Serie A,Verona,Torino,A,0.3602620087336244,0.3122270742358078,0.3275109170305677,0.3590129501962043,0.31729740228771763,0.32368964751607804,0.3531095912199777,0.32956895180531254,0.3173214569747097
2026-01-04,Premier League,Tottenham,Sunderland,D,0.524920606190249,0.25886495647738306,0.216214437332368,0.5250144962076467,0.2611365068612672,0.213848996931086,0.48080272025795057,0.2794045306513754,0.23979274909067405
2026-01-04,Ligue 1,Lorient,Metz,D,0.5287373896857186,0.2571058186109126,0.21415679170336885,0.5299638997856976,0.25910912849019013,0.21092697172411234,0.5147635489555005,0.2609466189996028,0.22428983204489666
2026-01-06,Serie A,Lecce,Roma,A,0.1806588735387885,0.2773645058448459,0.5419766206163655,0.17893815187344514,0.279985612758704,0.5410762353678509,0.18614897425306348,0.27867272476937904,0.5351783009775575
2026-01-06,Serie A,Pisa,Como,A,0.18310900572810085,0.274930431341026,0.5419605629308731,0.1818932615609699,0.2773822164565793,0.5407245219824507,0.19042347079988925,0.27401051757542205,0.5355660116246885
2026-01-06,Premier League,West Ham,Nott'm Forest,A,0.30499362854412226,0.2839280025485823,0.41107836890729527,0.30271750979425943,0.28742283978618854,0.40985965041955197,0.3243473700644924,0.2793788556307722,0.3962737743047354
2026-01-06,Serie A,Sassuolo,Juventus,A,0.18699999999999997,0.25199999999999995,0.5609999999999999,0.1862910438967906,0.2537833414457415,0.5599256146574678,0.1764304941024249,0.2560159887247143,0.5675535171728607
2026-01-07,Serie A,Lazio,Fiorentina,D,0.39416736626755455,0.30389032431595336,0.30194230941649214,0.3914980082118373,0.3083826249700126,0.30011936681815016,0.4022395673084708,0.3116690687092125,0.2860913639823166
2026-01-07,Serie A,Torino,Udinese,A,0.4096509240246407,0.3099332648870637,0.28041581108829566,0.40950801193808956,0.3145449336443149,0.2759470544175955,0.42799102731023225,0.30973034871135235,0.26227862397841534
2026-01-07,Premier League,Bournemouth,Tottenham,H,0.4488062695021478,0.261597024488821,0.28959670600903115,0.44769401371355766,0.26426095576060554,0.28804503052583685,0.4358730342946672,0.26947136308245806,0.2946556026228747
2026-01-07,Premier League,Crystal Palace,Aston Villa,D,0.30769230769230765,0.28205128205128205,0.41025641025641024,0.3074121925918497,0.28574729510609187,0.4068405123020585,0.3170375585539817,0.28466735738030186,0.3982950840657165
2026-01-07,Serie A,Bologna,Atalanta,A,0.347743012132668,0.28557077663016067,0.3666862112371713,0.346016748631787,0.2890357077911942,0.3649475435770188,0.30938344787154354,0.292088720971892,0.3985278311565646
2026-01-07,Premier League,Fulham,Chelsea,H,0.27977080125441894,0.26340537833981503,0.4568238204057662,0.2783859239910039,0.26600938626772125,0.4556046897412747,0.262462724615142,0.2661489988372648,0.47138827654759335
2026-01-07,Premier League,Newcastle,Leeds,H,0.5668311270741123,0.24460154579167115,0.18856732713421664,0.566129607869755,0.24631724213316789,0.18755314999707712,0.588859559048853,0.2406253528093029,0.17051508814184416
2026-01-07,Premier League,Brentford,Sunderland,H,0.5171246568405341,0.2658253151736454,0.21705002798582052,0.5166454224660653,0.2683179789844048,0.21503659854952978,0.47212545436860326,0.2947118519505877,0.23316269368080894
2026-01-07,Premier League,Burnley,Man United,D,0.2025213378773713,0.23994933196610063,0.5575293301565281,0.2015219253193919,0.2413200775448815,0.5571579971357266,0.19734400937408456,0.2519285226052143,0.550727468020701
2026-01-07,Serie A,Napoli,Verona,D,0.7022148077138552,0.19935759371537418,0.0984275985707705,0.7032390343177108,0.19894310716046726,0.09781785852182179,0.7204171076537427,0.19378776407112996,0.08579512827512754
2026-01-07,Premier League,Man City,Brighton,D,0.6894668985313824,0.18060605181414796,0.1299270496544696,0.6914003908022072,0.1798605142452635,0.12873909495252928,0.6314157036029912,0.20500509857239976,0.1635791978246091
2026-01-07,Serie A,Parma,Inter,A,0.11823433731560938,0.18974704133714734,0.6920186213472431,0.11700138949523514,0.18859256743408787,0.694406043070677,0.10033432899635979,0.1844035226280753,0.7152621483755648
2026-01-07,Premier League,Everton,Wolves,D,0.538021655234911,0.26673749667984314,0.19524084808524603,0.5357053391173984,0.26951112642604924,0.19478353445655242,0.5155239284558003,0.27415145328285334,0.21032461826134646
2026-01-08,Premier League,Arsenal,Liverpool,D,0.5902991505601379,0.2298001559358201,0.17990069350404203,0.5903263348786,0.2309907435799048,0.1786829215414951,0.6041274157771226,0.22800001028126984,0.16787257394160754
2026-01-08,Serie A,Cremonese,Cagliari,D,0.39897698209718674,0.30051150895140666,0.30051150895140666,0.3982635534410778,0.30473502089647075,0.2970014256624515,0.3860546298335331,0.3293612925852521,0.28458407758121473
2026-01-08,Serie A,Milan,Genoa,D,0.6661626956565118,0.21642612923402801,0.1174111751094602,0.6662810944177989,0.21691274128413793,0.11680616429806331,0.6453259991616141,0.23495659819849296,0.11971740263989286
2026-01-09,La Liga,Getafe,Sociedad,A,0.2789172483441963,0.3331237807079094,0.3879589709478944,0.27566798585338337,0.33902760034229934,0.38530441380431724,0.27459037753019805,0.32684806183525295,0.39856156063454895
2026-01-09,Bundesliga,Ein Frankfurt,Dortmund,D,0.2710598103438677,0.2562881585540112,0.4726520311021211,0.26765234920610753,0.2580999191659499,0.47424773162794254,0.28417117686938276,0.2569963375512724,0.4588324855793449
2026-01-10,Serie A,Como,Bologna,D,0.48592191548806435,0.28078721463831263,0.23329086987362294,0.4863209168827135,0.2839402104648887,0.22973887265239776,0.4829091614655759,0.2879733531675452,0.229117485366879
2026-01-10,Bundesliga,Freiburg,Hamburg,H,0.5316685524826987,0.25992684788043047,0.20840459963687075,0.5311692235278896,0.2621323306202548,0.2066984458518555,0.5335527850496359,0.26230527980093826,0.20414193514942588
2026-01-10,Bundesliga,Union Berlin,Mainz,D,0.44196799931265307,0.2955748134204494,0.26245718726689765,0.44097995252404515,0.2995601048783176,0.25945994259763727,0.44903927437227265,0.297470812675638,0.2534899129520894
2026-01-10,Serie A,Udinese,Pisa,D,0.5064586490177825,0.2837388816786372,0.20980246930358026,0.5054928277935469,0.2870774620380851,0.20742971016836803,0.4976857473960322,0.288535602017945,0.21377865058602288
2026-01-10,Serie A,Atalanta,Torino,H,0.5885589757559249,0.24146009261781537,0.1699809316262599,0.5884853453393643,0.24295637582054,0.16855827884009578,0.5982670682120077,0.2507326174469423,0.15100031434104988
2026-01-10,Bundesliga,Leverkusen,Stuttgart,A,0.48824322952175114,0.2416048970829284,0.2701518733953205,0.48833386314799204,0.24334534033923266,0.26832079651277535,0.4397385823117676,0.25571754514869094,0.30454387253954135
2026-01-10,La Liga,Girona,Osasuna,H,0.3990057348951311,0.29426672948515914,0.3067275356197099,0.3960613021569473,0.29848082905003126,0.3054578687930215,0.3781849200756592,0.30475095501242444,0.31706412491191627
2026-01-10,La Liga,Valencia,Elche,D,0.432531307161953,0.2965151728342948,0.2709535200037521,0.43035062541055913,0.30070900056321176,0.2689403740262291,0.4662828003981749,0.2952637168665559,0.23845348273526915
2026-01-10,Serie A,Roma,Sassuolo,H,0.612612303682875,0.23763802208353338,0.14974967423359165,0.6127920581103566,0.23878231725602317,0.14842562463362025,0.5616124837451236,0.2665279583875163,0.17185955786736024
2026-01-10,La Liga,Oviedo,Betis,D,0.22824345969033635,0.27562733582487986,0.4961292044847837,0.22740840079777222,0.27875708248672887,0.493834516715499,0.24448217317487264,0.2801358234295416,0.47538200339558573
2026-01-10,La Liga,Villarreal,Alaves,H,0.6461062403300669,0.21835997937080964,0.13553378029912325,0.6461251251055711,0.21895146852337427,0.13492340637105465,0.6543902444062104,0.21563431394621121,0.12997544164757835
2026-01-10,Bundesliga,Heidenheim,FC Koln,D,0.3247006133774705,0.2687177490020446,0.4065816376204849,0.32216089377527635,0.2716396287838745,0.40619947744084917,0.3468519070747838,0.2756506358277607,0.3774974570974554
2026-01-11,Serie A,Fiorentina,Milan,D,0.2560634275929513,0.27639787625474443,0.4675386961523041,0.2560723092990323,0.2798883892804476,0.4640393014205201,0.28526742583822995,0.288767639652196,0.4259649345095742
2026-01-11,Serie A,Verona,Lazio,A,0.28006357985394476,0.31378360953535617,0.4061528106106991,0.27828755968270075,0.318946248586608,0.4027661917306913,0.26585714457295906,0.3302225585222018,0.4039202969048391
2026-01-11,Bundesliga,M'gladbach,Augsburg,H,0.5007234758124437,0.25794845723671345,0.24132806695084277,0.5008058575558789,0.26022902186740254,0.2389651205767185,0.4925142249420797,0.2605823184596599,0.24690345659826043
2026-01-11,Bundesliga,Bayern Munich,Wolfsburg,H,0.8549118430367797,0.09301711447482273,0.052071042488397445,0.8571701480822876,0.09111762908146975,0.05171222283624268,0.8421713578954156,0.1013138475663658,0.05651479453821843
2026-01-11,La Liga,Vallecano,Mallorca,H,0.4991095866680525,0.29050341267366525,0.21038700065828225,0.4973748187642024,0.29432571443164,0.20829946680415762,0.499116041222001,0.29758022646989957,0.20330373230809953
2026-01-11,Serie A,Lecce,Parma,A,0.3539439588731784,0.3191494680008999,0.32690657312592175,0.3510640960477603,0.3243769387281827,0.324558965224057,0.3396790611891548,0.3278435538306476,0.33247738498019747
2026-01-11,La Liga,Levante,Espanol,D,0.3076710671111779,0.2860965715515526,0.40623236133726953,0.3081345862736057,0.28994319973565036,0.40192221399074396,0.3023166023166023,0.2911196911196911,0.40656370656370655
2026-01-11,Serie A,Inter,Napoli,D,0.5431704474076482,0.2654477045240767,0.1913818480682752,0.5432355366279982,0.26776301254976875,0.1890014508222331,0.5503997887002665,0.27201839268134564,0.1775818186183879
2026-01-12,Serie A,Genoa,Cagliari,H,0.44860751024504475,0.31462741490340385,0.23676507485155138,0.4470249101983831,0.31936833094071637,0.2336067588609006,0.4403774186447239,0.32164084501696555,0.2379817363383104
2026-01-12,La Liga,Sevilla,Celta,A,0.36845606609316073,0.2862013479745041,0.3453425859323352,0.3669532007210526,0.29012905546758966,0.34291774381135776,0.3547671381441421,0.30940347129948137,0.33582939055637656
2026-01-12,Serie A,Juventus,Cremonese,H,0.7581392680588545,0.1629276763246065,0.078933055616539,0.7592400445034545,0.16200512287197155,0.07875483262457386,0.7574868939879271,0.16083625831250506,0.08167684769956778
2026-01-13,Bundesliga,Mainz,Heidenheim,H,0.5378040424251977,0.25164627653585453,0.2105496810389477,0.5384293632067666,0.2534746831763979,0.2080959536168355,0.5401190468562789,0.25195901917692365,0.20792193396679765
2026-01-13,Bundesliga,Dortmund,Werder Bremen,H,0.6883896853995758,0.18206445347440517,0.12954586112601904,0.6915111781539601,0.1809466018940432,0.12754221995199663,0.6751298236885475,0.1882832177617463,0.13658695854970615
2026-01-13,Bundesliga,Stuttgart,Ein Frankfurt,H,0.5470413751140858,0.22893215698205047,0.22402646790386366,0.5504723973766535,0.2295966873528706,0.2199309152704758,0.5703239829323261,0.22194211599960803,0.2077339010680658
2026-01-14,Bundesliga,FC Koln,Bayern Munich,A,0.09471578022933141,0.1366889539752742,0.7685952657953944,0.09261605633044463,0.1340206053260773,0.773363338343478,0.09731092025740781,0.1384423401600235,0.7642467395825687
2026-01-14,Serie A,Napoli,Parma,D,0.718657419590333,0.1890444216191438,0.09229815879052318,0.7192007196069224,0.18866298584764304,0.09213629454543454,0.7303035668614373,0.18222274685710915,0.08747368628145351
2026-01-14,Bundesliga,Hoffenheim,M'gladbach,H,0.5163656475224252,0.24213000570352064,0.24150434677405413,0.5165816200296084,0.24392281355983847,0.23949556641055314,0.495236908174712,0.24696853688502698,0.25779455494026104
2026-01-14,Bundesliga,RB Leipzig,Freiburg,H,0.5441705898643036,0.2381611741899751,0.2176682359457214,0.5438455967194461,0.23982266781826125,0.21633173546229267,0.5511811023622047,0.24167171411265906,0.2071471835251363
2026-01-14,Bundesliga,Wolfsburg,St Pauli,H,0.5004570822854825,0.2614119396295677,0.2381309780849497,0.49826361620183607,0.2640747707808634,0.23766161301730057,0.5125093896554758,0.2702055234859815,0.21728508685854273
2026-01-14,Serie A,Inter,Lecce,H,0.8369501663497264,0.11733916724257949,0.04571066640769409,0.8381342523337717,0.11592336201960787,0.045942385646620565,0.8134109511095549,0.12820063903357112,0.058388409856873984
2026-01-15,Serie A,Como,Milan,A,0.32828933247478,0.2915861772912642,0.3801244902339557,0.328338710490109,0.2958087571868606,0.37585253232303034,0.30541237113402064,0.297680412371134,0.3969072164948454
2026-01-15,Serie A,Verona,Bologna,A,0.26225236232040955,0.29066980096194,0.4470778367176505,0.2609960500633846,0.2946692954156088,0.4443346545210065,0.25341412401574803,0.3060716043307086,0.4405142716535433
2026-01-15,Bundesliga,Augsburg,Union Berlin,D,0.36735401360771525,0.29928202386571046,0.3333639625265743,0.36614459571319485,0.30375141141125506,0.3301039928755502,0.36287216139286527,0.3002680185327543,0.3368598200743803
2026-01-16,Bundesliga,Werder Bremen,Ein Frankfurt,D,0.35443398336620785,0.26835715883441447,0.37720885779937774,0.35499632133812953,0.2714527141448855,0.37355096451698494,0.3648234903537571,0.2717670638287408,0.3634094458175022
2026-01-16,La Liga,Espanol,Girona,A,0.5039924669134006,0.2747714032443321,0.22123612984226743,0.5048120944923837,0.2773796308447838,0.2178082746628326,0.5094304388422036,0.27637721755368816,0.21419234360410835
2026-01-16,Serie A,Pisa,Atalanta,D,0.1550334997009404,0.23683509502053204,0.6081314052785275,0.15261687006396116,0.23677681450686508,0.6106063154291739,0.15388426599152272,0.2315844495586709,0.6145312844498064
2026-01-16,Ligue 1,Monaco,Lorient,A,0.5708845625894821,0.2269781995837699,0.20213723782674792,0.5692336185083688,0.22844289165257342,0.20232348983905776,0.581241109835307,0.22580589878493942,0.19295299137975355
2026-01-16,Ligue 1,Paris SG,Lille,H,0.718021358441306,0.17039999629675925,0.11157864526193487,0.7214611676350596,0.16884210673717076,0.10969672562776969,0.7430821472436961,0.15598583917347011,0.1009320135828336
2026-01-17,Bundesliga,Hoffenheim,Leverkusen,H,0.3955650101974433,0.2506655278523905,0.35376946195016634,0.3995664828465643,0.2529002354092676,0.34753328174416814,0.4070705670317482,0.2534590323027866,0.33947040066546513
2026-01-17,Premier League,Tottenham,West Ham,A,0.5535043278594295,0.2420696676827684,0.20442600445780224,0.5556263440072818,0.2432159343381983,0.2011577216545199,0.5154255961566848,0.2549416927226613,0.22963271112065378
2026-01-17,Premier League,Liverpool,Burnley,D,0.7759783549446008,0.1479208739113145,0.07610077114408464,0.7767503531881945,0.14690047731484343,0.07634916949696212,0.7715665219709085,0.14875028558373316,0.0796831924453583
2026-01-17,Bundesliga,Wolfsburg,Heidenheim,D,0.5681261385765437,0.23493938061436018,0.19693448080909604,0.5671334587826475,0.2366050510381833,0.19626149017916913,0.5655987671001019,0.2355486137299676,0.19885261916993052
2026-01-17,La Liga,Mallorca,Ath Bilbao,H,0.26067163481026473,0.3104050388201179,0.4289233263696174,0.2609212052659481,0.31535406263533916,0.42372473209871275,0.2583300605433738,0.3043111392808676,0.4373588001757585
2026-01-17,Premier League,Chelsea,Brentford,H,0.5613303447311002,0.23895422735404517,0.19971542791485458,0.5604794903671074,0.24064240298567643,0.1988781066472162,0.5088162762022194,0.25036991368680644,0.24081381011097408
2026-01-17,Premier League,Man United,Man City,H,0.26686524510100135,0.24479886824510455,0.48833588665389427,0.2662596744404628,0.24673716804168072,0.48700315751785656,0.3145666155011949,0.2608389842034702,0.42459440029533485
2026-01-17,Bundesliga,FC Koln,Mainz,H,0.43596187958953303,0.2655291901182708,0.29850893029219616,0.43524902113212854,0.26838219833006816,0.2963687805378033,0.4518767214323854,0.27086558518137227,0.2772576933862424
2026-01-17,Bundesliga,Dortmund,St Pauli,H,0.7126346107982169,0.1844466051477738,0.10291878405400945,0.7134193649558519,0.1839147321521639,0.10266590289198411,0.7238591448077615,0.18451311534315493,0.09162773984908375
2026-01-17,Ligue 1,Angers,Marseille,A,0.17068893459751372,0.23887764383875965,0.5904334215637267,0.16944920882960246,0.23975785447037506,0.5907929367000225,0.16758075950968432,0.23254416504800637,0.5998750754423093
2026-01-17,Ligue 1,Lens,Auxerre,H,0.6602759669886554,0.21022239307710552,0.12950163993423905,0.6603212797127936,0.21060437613521238,0.129074344151994,0.6432604872703492,0.21739822023488656,0.1393412924947641
2026-01-17,La Liga,Real Madrid,Levante,H,0.8166301718082003,0.11651795809317493,0.06685187009862473,0.8175414812811268,0.11526686210717955,0.06719165661169378,0.8276590787860579,0.11022562497851705,0.06211529623542502
2026-01-17,Serie A,Cagliari,Juventus,H,0.14117399782809234,0.23295461180069826,0.6258713903712093,0.13861073111770633,0.23260115976107198,0.6287881091212217,0.13857790456023875,0.2373626576850437,0.6240594377547175
2026-01-17,Ligue 1,Toulouse,Nice,H,0.48789380608257105,0.266882081959697,0.24522411195773203,0.49006011053891424,0.2693170908818185,0.24062279857926722,0.48183602530785,0.2715549853613605,0.24660898933078934
2026-01-17,Bundesliga,Hamburg,M'gladbach,D,0.39194194541660365,0.2723085027749078,0.3357495518084884,0.3920860718688896,0.27565358911617605,0.3322603390149342,0.3899553562344591,0.2755989467815385,0.33444569698400234
2026-01-17,La Liga,Osasuna,Oviedo,H,0.5328123671205435,0.27819406778860234,0.18899356509085408,0.5332786483342917,0.28082782291553027,0.18589352875017792,0.5468831849135674,0.2718700890518596,0.1812467260345731
2026-01-17,Premier League,Sunderland,Crystal Palace,H,0.35264411585652355,0.3011468798901741,0.3462090042533023,0.35292654805808354,0.3057410673939883,0.3413323845479282,0.3974659254451562,0.3022264864407258,0.300307588114118
2026-01-17,Premier League,Leeds,Fulham,H,0.4370600167044506,0.2848108817563537,0.2781291015391958,0.4381915986017059,0.2882854477298507,0.27352295366844337,0.4103779567505866,0.2838242754772021,0.3057977677722113
2026-01-17,Bundesliga,RB Leipzig,Bayern Munich,A,0.19132917964693666,0.1998961578400831,0.6087746625129804,0.1883713332942057,0.19908125565588464,0.6125474110499097,0.22856983163895844,0.21748445874191888,0.5539457096191228
2026-01-17,La Liga,Betis,Villarreal,H,0.3727483798025479,0.26867618259271964,0.3585754376047323,0.3723922426352043,0.27175946721148375,0.35584829015331193,0.3696803652968037,0.2732420091324201,0.35707762557077627
2026-01-17,Premier League,Nott'm Forest,Arsenal,D,0.15558426671588582,0.22814039109781328,0.6162753421863009,0.1542237102401585,0.2284127010888895,0.617363588670952,0.16353566646330353,0.2446696405226169,0.5917946930140796
2026-01-17,Serie A,Udinese,Inter,A,0.13072438294012714,0.20360109967681406,0.6656745173830588,0.1291032342233761,0.2027075258509117,0.6681892399257121,0.1374086573355186,0.21601772903776037,0.6465736136267212
2026-01-17,Serie A,Napoli,Sassuolo,H,0.6533635155750208,0.22085527287042958,0.12578121155454944,0.6541984880789168,0.22111849856485227,0.12468301335623087,0.6572938584792896,0.22432702091297946,0.11837912060773098
2026-01-18,La Liga,Celta,Vallecano,H,0.4620492358653919,0.29495595874425956,0.2429948053903486,0.46250866608339264,0.2985409516513167,0.2389503822652906,0.4965633896358611,0.28852307043062264,0.21491353993351622
2026-01-18,La Liga,Getafe,Valencia,A,0.37368148807183793,0.3386066913575138,0.2877118205706482,0.37096446124807547,0.3448542532071041,0.28418128554482036,0.38127408032933974,0.3449622631551169,0.2737636565155434
2026-01-18,Bundesliga,Stuttgart,Union Berlin,D,0.5700644120473067,0.24220353257968474,0.1877320553730086,0.5700469945800344,0.24375662843487814,0.1861963769850874,0.5966219864943619,0.23104478888752253,0.1723332246181155
2026-01-18,Ligue 1,Nantes,Paris FC,A,0.3144209399950613,0.29189233681784504,0.3936867231870936,0.312875217079829,0.2957849846499301,0.39133979827024085,0.3582363747703613,0.29796168314233223,0.3438019420873064
2026-01-18,Serie A,Torino,Roma,A,0.26543928332098893,0.2946542987808462,0.43990641789816476,0.2643878899989685,0.2988255419444908,0.43678656805654076,0.21820335181478026,0.2882686482690675,0.49352799991615226
2026-01-18,Premier League,Wolves,Newcastle,D,0.20569100747856756,0.23773332522648505,0.5565756672949475,0.20560264335756215,0.2393415446031989,0.5550558120392391,0.21066236659732393,0.23818609288642154,0.5511515405162546
2026-01-18,La Liga,Sociedad,Barcelona,H,0.190265558681476,0.20844648984437256,0.6012879514741516,0.19010710667820044,0.20880290215114078,0.6010899911706589,0.20093436723016317,0.21610790068232652,0.5829577320875104
2026-01-18,Ligue 1,Lyon,Brest,H,0.5794769304986044,0.2335205540815272,0.18700251541986837,0.5817193026745768,0.23424167834583756,0.1840390189795857,0.5741839762611276,0.24332344213649854,0.1824925816023739
2026-01-18,Ligue 1,Strasbourg,Metz,H,0.6162827390343957,0.2158409592931524,0.16787630167245188,0.6174056766915121,0.21630863186429866,0.1662856914441893,0.6647137987444698,0.20082842430152065,0.13445777695400954
2026-01-18,Serie A,Milan,Lecce,H,0.7389130432122408,0.18011891840298386,0.08096803838477531,0.7401964429856612,0.1792478094869273,0.08055574752741147,0.7346373300567597,0.18401874412380673,0.08134392581943359
2026-01-18,Premier League,Aston Villa,Everton,A,0.5697777674932532,0.24440079949323001,0.18582143301351675,0.5682480356606466,0.24634562926289572,0.1854063350764576,0.5940402092511589,0.24123460274158737,0.16472518800725378
2026-01-18,Bundesliga,Augsburg,Freiburg,D,0.33112380638109185,0.28482686080805164,0.3840493328108565,0.33148205280867005,0.28870794846822023,0.3798099987231098,0.36347865595506085,0.29419053716362736,0.34233080688131184
2026-01-18,Serie A,Parma,Genoa,D,0.33124544546990115,0.34212577032110225,0.32662878420899655,0.32881146392885274,0.34862332985278566,0.3225652062183615,0.3311693200926956,0.3445131388510093,0.324317541056295
2026-01-18,La Liga,Ath Madrid,Alaves,H,0.722795382315767,0.18352226504111271,0.09368235264312036,0.7236211477689328,0.18295559007149853,0.09342326215956866,0.6985269094268074,0.1964606932762896,0.1050123972969031
2026-01-18,Serie A,Bologna,Fiorentina,A,0.4393574987115616,0.28491668098264905,0.27572582030578935,0.43653835975176997,0.28858361309867336,0.2748780271495567,0.4041546647059537,0.2870976734039244,0.308747661890122
2026-01-18,Ligue 1,Rennes,Le Havre,D,0.5714840577663217,0.24031637300942763,0.18819956922425052,0.5707461122893563,0.24201693399306828,0.18723695371757532,0.5930790852318091,0.22345870746885696,0.18346220729933393
2026-01-19,Serie A,Cremonese,Verona,D,0.3767105345225472,0.31371546185991395,0.30957400361753884,0.37468595297299556,0.3187715349798567,0.30654251204714766,0.39184044408419916,0.3124309188711223,0.2957286370446786
2026-01-19,Serie A,Lazio,Como,A,0.35401920761255834,0.3190989456371699,0.3268818467502716,0.3515248066066459,0.32439483003985053,0.3240803633535037,0.30247376778007634,0.3300678658933464,0.36745836632657713
2026-01-19,Premier League,Brighton,Bournemouth,D,0.5088353900205956,0.2401391509025771,0.2510254590768272,0.5109102002564101,0.24149412247350313,0.2475956772700866,0.4832638312698224,0.24992008160655724,0.26681608712362026
2026-01-19,La Liga,Elche,Sevilla,D,0.4199115721315304,0.2837584260161554,0.2963300018523141,0.41959937007869447,0.28732416417982154,0.29307646574148405,0.3944150028673339,0.3100828476489895,0.29550214948367654
2026-01-23,Serie A,Inter,Pisa,H,0.8080661578155698,0.1316765187526764,0.06025732343175377,0.8093111254789628,0.13029896718622888,0.060389907334808327,0.7466666666666667,0.16,0.09333333333333334
2026-01-23,Bundesliga,St Pauli,Hamburg,D,0.3296029652861929,0.3250409865279065,0.3453560481859006,0.32859434913979646,0.33063744037855086,0.34076821048165273,0.3347331964144543,0.3232303374311397,0.342036466154406
2026-01-23,La Liga,Levante,Elche,H,0.41964339752823404,0.2888286347185067,0.2915279677532591,0.41929867207296995,0.29272441118604164,0.28797691674098835,0.42177586062684463,0.28245050126061966,0.2957736381125357
2026-01-23,Ligue 1,Auxerre,Paris SG,A,0.09827795901819993,0.1688274938848363,0.7328945470969638,0.09706753812523362,0.16702177661152398,0.7359106852632423,0.11430642945146098,0.18800099374851068,0.6976925768000285
2026-01-24,Ligue 1,Le Havre,Monaco,D,0.2770433301186916,0.2524006619410182,0.4705560079402902,0.2774458336919474,0.2546911318668995,0.467863034441153,0.22949700376518004,0.2418863021689558,0.5286166940658641
2026-01-24,Serie A,Como,Torino,H,0.5767019956614832,0.2526946916473703,0.17060331269114656,0.577085527377577,0.2543730797811525,0.16854139284127048,0.6190247544600522,0.23464279969558088,0.14633244584436692
2026-01-24,Bundesliga,Mainz,Wolfsburg,H,0.4049807727522432,0.2735396447537081,0.32147958249404873,0.4072915070356276,0.27654028095848615,0.31616821200588635,0.41049998187157827,0.2822957833291034,0.3072042347993184
2026-01-24,Ligue 1,Marseille,Lens,H,0.4705040080875804,0.2565213633135028,0.2729746285989169,0.4706416704882805,0.25888625237062807,0.2704720771410915,0.45468831849135677,0.25301204819277107,0.29229963331587216
2026-01-24,Ligue 1,Rennes,Lorient,A,0.5033676038977322,0.26079770006957714,0.23583469603269064,0.5008271067442148,0.2635307764626443,0.23564211679314082,0.5336561680132614,0.2538472582982,0.21249657368853847
2026-01-24,Premier League,Burnley,Tottenham,D,0.25978370982875465,0.27894180052409057,0.46127448964715473,0.25848099491136683,0.2821736610705736,0.4593453440180596,0.2456049581136271,0.28395768430554486,0.4704373575808281
2026-01-24,Bundesliga,Ein Frankfurt,Hoffenheim,A,0.3420276844314501,0.2572274320930741,0.4007448834754759,0.33933612399623486,0.2595133033231878,0.4011505726805774,0.31366283564397257,0.26196979848477037,0.424367365871257
2026-01-24,Bundesliga,Heidenheim,RB Leipzig,A,0.18399045513255544,0.21686113969219997,0.5991484051752447,0.18322773142387244,0.2172417134850625,0.5995305550910651,0.20400411812264796,0.2167249291834135,0.5792709526939386
2026-01-24,Premier League,Bournemouth,Liverpool,H,0.25397668677146157,0.2447888996531141,0.5012344135754242,0.25233293872395296,0.24642450354745812,0.5012425577285889,0.22541205231008477,0.23843837694106954,0.5361495707488457
2026-01-24,Bundesliga,Union Berlin,Dortmund,A,0.26256224535989137,0.2756903576278859,0.4617473970122228,0.26205422724496985,0.2790741956056564,0.4588715771493738,0.29288074496845895,0.2892760588765395,0.4178431961550015
2026-01-24,Serie A,Fiorentina,Cagliari,A,0.5803860951964919,0.24677833968984694,0.1728355651136612,0.5815071084892178,0.24809837795284592,0.17039451355793617,0.5261389278725143,0.2721932603733528,0.2016678117541329
2026-01-24,La Liga,Villarreal,Real Madrid,A,0.2837214800803878,0.24530086298616857,0.4709776569334436,0.2818577690925934,0.24690129235070982,0.4712409385566967,0.2527764021085052,0.2334280849100765,0.5137955129814183
2026-01-24,Premier League,Man City,Wolves,H,0.780048811437602,0.1412962667424399,0.07865492181995819,0.7796355844820355,0.14069905474133423,0.07966536077663029,0.7311288514640348,0.16882193728299208,0.1000492112529732
2026-01-24,Premier League,West Ham,Sunderland,H,0.37659207419279855,0.2917426253777544,0.33166530042944714,0.3754573006119299,0.29579722481782617,0.32874547457024383,0.42745215029282924,0.2845389313696243,0.2880089183375465
2026-01-24,La Liga,Valencia,Espanol,H,0.39487533221074844,0.29771357854375036,0.30741108924550126,0.39463755288051816,0.30191600431870064,0.3034464428007812,0.39493425403381216,0.3035025296272705,0.3015632163389173
2026-01-24,La Liga,Vallecano,Osasuna,A,0.44345999793419255,0.2998634271745492,0.25667657489125817,0.4410596293189675,0.3043475710098489,0.25459279967118353,0.42470964921608245,0.3051312042911661,0.2701591464927516
2026-01-24,Bundesliga,Bayern Munich,Augsburg,A,0.8634271443268979,0.09093097461993419,0.045641881053167736,0.8657707128076135,0.0889430789173959,0.04528620827499067,0.8414541081793584,0.10101056818444604,0.05753532363619546
2026-01-24,Bundesliga,Leverkusen,Werder Bremen,H,0.5887888464437875,0.2213177933441187,0.18989336021209377,0.5897098536007184,0.22201231081886477,0.18827783558041683,0.6102472597501912,0.21310221769054294,0.17665052255926586
2026-01-24,Serie A,Lecce,Lazio,D,0.24109267702086604,0.3121431679309888,0.4467641550481451,0.24112909647230454,0.31733018969262305,0.44154071383507243,0.20894990194330543,0.3209128186842575,0.4701372793724372
2026-01-24,Premier League,Fulham,Brighton,H,0.37313997681010047,0.2771273511981448,0.34973267199175473,0.3718760223836923,0.28050336675288023,0.3476206108634274,0.3683653705301193,0.28862774459219714,0.3430068848776836
2026-01-24,La Liga,Sevilla,Ath Bilbao,H,0.3273976339872523,0.30713523970139633,0.36546712631135136,0.32718418044526454,0.31199905340902706,0.36081676614570846,0.3610665073378394,0.3173008700847679,0.3216326225773927
2026-01-25,Serie A,Genoa,Bologna,H,0.32038980759924574,0.31291404542193,0.36669614697882424,0.32096961036004035,0.3180629398336948,0.3609674498062648,0.2915684851647411,0.31602892855104486,0.39240258628421404
2026-01-25,Ligue 1,Nantes,Nice,A,0.3249044398706263,0.27521317259629524,0.39988238753307853,0.32506882971153184,0.2785913719783711,0.3963397983100972,0.3487714987714987,0.2819410319410319,0.36928746928746925
2026-01-25,La Liga,Ath Madrid,Mallorca,H,0.7316327422031973,0.17471826679479338,0.09364899100200925,0.7328159004878315,0.17392747592842792,0.09325662358374051,0.7152647572250599,0.18659080623262433,0.09814443654231592
2026-01-25,Ligue 1,Metz,Lyon,A,0.20619368659819798,0.24314787978073216,0.5506584336210699,0.20487469075713596,0.24436920492004,0.5507561043228242,0.18139092222914147,0.2525819831040195,0.5660270946668391
2026-01-25,La Liga,Alaves,Betis,H,0.33435537728122305,0.30694919881554905,0.35869542390322784,0.33338624549151213,0.3118254949146023,0.35478825959388566,0.35474373859678227,0.31987062531099686,0.325385636092221
2026-01-25,Bundesliga,M'gladbach,Stuttgart,A,0.3238609460981112,0.2564268860886415,0.4197121678132473,0.320823716265335,0.2586350011413631,0.42054128259330187,0.32728661976570633,0.26110400690449703,0.41160937332979664
2026-01-25,Bundesliga,Freiburg,FC Koln,H,0.4921517995734989,0.2604703117519911,0.24737788867451008,0.49124604695054147,0.26293792985452785,0.24581602319493068,0.4751447394689559,0.26132960670792577,0.26352565382311843
2026-01-25,Ligue 1,Brest,Toulouse,A,0.342951995051817,0.3089963519773797,0.3480516529708032,0.3405066992714278,0.31371821405137085,0.34577508667720136,0.31560212741126065,0.3254305673652445,0.3589673052234949
2026-01-25,Premier League,Newcastle,Aston Villa,A,0.4761211800502712,0.25757375314194997,0.2663050668077788,0.47819993546943834,0.25987761650663194,0.2619224480239298,0.4408054760728253,0.26847925596503525,0.2907152679621394
2026-01-25,Premier League,Arsenal,Man United,A,0.6086205542906493,0.23121614194865353,0.1601633037606972,0.6081505862744497,0.23239445671477738,0.15945495701077295,0.6145783849465699,0.21908581315224945,0.1663358019011806
2026-01-25,Serie A,Roma,Milan,D,0.3589085179287519,0.3134467723244433,0.3276447097468048,0.3584911055502024,0.31853784668994584,0.32297104775985164,0.3543447811503788,0.3195108874101721,0.326144331439449
2026-01-25,Premier League,Crystal Palace,Chelsea,A,0.2698120162182086,0.25801695539992625,0.4721710283818651,0.2685382166464224,0.2602433996876943,0.47121838366588326,0.27926930844448505,0.2720468263295414,0.4486838652259736
2026-01-25,La Liga,Sociedad,Celta,H,0.47206420569602614,0.2787560146394932,0.2491797796644807,0.4709548264576441,0.28219301560187027,0.24685215794048565,0.4446071103851073,0.28913100429951766,0.26626188531537504
2026-01-25,Serie A,Juventus,Napoli,H,0.455158615881292,0.30442426906346154,0.24041711505524657,0.4562089166446551,0.3084051474054513,0.23538593594989357,0.4925810898111331,0.30154803895489235,0.20587087123397466
2026-01-25,Serie A,Atalanta,Parma,H,0.6705214587717435,0.2067687317798328,0.12270980944842366,0.6713229672501733,0.20685835212066156,0.12181868062916541,0.7063742229226863,0.19173014622187196,0.10189563085544172
2026-01-25,Ligue 1,Lille,Strasbourg,A,0.46773070050576937,0.26575607983282357,0.26651321966140706,0.46449068247384917,0.2688624762630654,0.26664684126308535,0.38203427103023113,0.292773927331579,0.32519180163818984
2026-01-25,Serie A,Sassuolo,Cremonese,H,0.49031408824025213,0.2829304859634083,0.22675542579633937,0.49072241909057984,0.28610294084177745,0.2231746400676428,0.46178131530970695,0.3038818978167104,0.23433678687358267
2026-01-25,Premier League,Brentford,Nott'm Forest,A,0.4957736723818678,0.2699054376864037,0.2343208899317286,0.4966050111423994,0.2724265495331882,0.2309684393244123,0.5139259517519745,0.27017821463532377,0.21589583361270168
2026-01-25,Ligue 1,Paris FC,Angers,D,0.5151140645893268,0.276550913732323,0.20833502167835,0.5155722610409538,0.27940564078016855,0.20502209817887773,0.5031980011204173,0.28342778978770505,0.21337420909187768
2026-01-25,La Liga,Barcelona,Oviedo,H,0.8594443787358704,0.09433981599416907,0.046215805269960476,0.8608758865973044,0.09277913102826027,0.046344982374435316,0.8446425929049421,0.10117643893620698,0.05418096815885082
2026-01-26,La Liga,Girona,Getafe,D,0.45039121247311004,0.31123379466580364,0.23837499286108624,0.4485967762188826,0.3160331660207891,0.23537005776032813,0.43661584001652154,0.31969159811379205,0.24369256186968644
2026-01-26,Serie A,Verona,Udinese,A,0.3449715338174892,0.3138202581884852,0.3412082079940257,0.34332890337150834,0.31887238783748884,0.3377987087910028,0.3219076629538817,0.3286609705682988,0.3494313664778195
2026-01-26,Premier League,Everton,Leeds,D,0.3792739448118887,0.29860297877253456,0.32212307641557664,0.37727683744362156,0.30282816682082314,0.3198949957355554,0.3798155248233031,0.30805884586645765,0.31212562931023924
2026-01-27,Bundesliga,Werder Bremen,Hoffenheim,A,0.2694140431137099,0.2604584516528664,0.4701275052334238,0.2655275550298521,0.2623830937395893,0.47208935123055856,0.2573630112301238,0.2545807084060143,0.48805628036386184
2026-01-27,Bundesliga,St Pauli,RB Leipzig,D,0.20944114126030827,0.27100597240887153,0.5195528863308201,0.21025290077986486,0.2744409375434277,0.5153061616767074,0.19836935011477874,0.26319955671653605,0.5384310931686852
2026-01-30,Ligue 1,Lens,Le Havre,H,0.679358219230475,0.1913294576608276,0.12931232310869728,0.6793808868070178,0.19135699061702408,0.12926212257595815,0.6622325043377675,0.205320994794679,0.1324465008675535
2026-01-30,Serie A,Lazio,Genoa,H,0.4398460717823668,0.32125276232568767,0.2389011658919454,0.4358864929235271,0.3267540610123355,0.2373594460641375,0.4222053997526056,0.32805506670672835,0.24973953354066594
2026-01-30,Bundesliga,FC Koln,Wolfsburg,H,0.47600357618498224,0.25140135256954826,0.2725950712454695,0.4799340148906221,0.2531528159381823,0.2669131691711957,0.4634280421407755,0.25987815622811444,0.27669380163111007
2026-01-30,La Liga,Espanol,Alaves,A,0.4827604403026817,0.3066393676189672,0.21060019207835107,0.4810827536673082,0.3108776393767023,0.2080396069559895,0.4849479350913632,0.30644918373851615,0.20860288117012074
2026-01-31,Bundesliga,Werder Bremen,M'gladbach,D,0.39751215549232294,0.26766577805356984,0.3348220664541071,0.3977872334835368,0.27057944202023204,0.3316333244962312,0.4382871536523929,0.26952141057934503,0.29219143576826195
2026-01-31,Bundesliga,Ein Frankfurt,Leverkusen,A,0.32083084457067357,0.25526595807802915,0.4239031973512973,0.32034798631777717,0.2575130245081915,0.42213898917403136,0.2781059710987912,0.26111060619830956,0.4607834227028991
2026-01-31,Ligue 1,Lorient,Nantes,H,0.514069494046599,0.2688524365416121,0.21707806941178895,0.5156018598688827,0.27111861862497233,0.21327952150614488,0.5058738291155618,0.2727319774362159,0.22139419344822234
2026-01-31,Ligue 1,Paris FC,Marseille,D,0.247658867665168,0.2543887281995475,0.4979524041352845,0.24711709708025556,0.25672664616167845,0.49615625675806596,0.22019453995121807,0.2473576459294523,0.5324478141193295
2026-01-31,Premier League,Chelsea,West Ham,H,0.6348402967753592,0.20881060534112256,0.15634909788351822,0.6363385945497005,0.20884153677337058,0.15481986867692896,0.5961201949310403,0.21839426496321523,0.18548554010574445
2026-01-31,Bundesliga,RB Leipzig,Mainz,A,0.6160277387388311,0.2108923790277079,0.17307988223346088,0.6155978605442262,0.2115894502603555,0.17281268919541826,0.6189287152637939,0.208135320177205,0.1729359645590012
2026-01-31,La Liga,Levante,Ath Madrid,D,0.17959722680752724,0.231099372730274,0.5893034004621988,0.17860424151243695,0.2320194818815283,0.5893762766060348,0.19392901665690382,0.2472341128584088,0.5588368704846873
2026-01-31,La Liga,Osasuna,Villarreal,D,0.34272723180119746,0.2847431684148921,0.3725295997839103,0.34485478877082504,0.2888271294734987,0.3663180817556762,0.3449794576828267,0.2871322925225966,0.3678882497945769
2026-01-31,Premier League,Leeds,Arsenal,A,0.15378844711177797,0.2310577644411103,0.6151537884471119,0.15294941212154262,0.23176818778409858,0.6152824000943589,0.1610297803426603,0.2369034613061193,0.6020667583512204
2026-01-31,Ligue 1,Monaco,Rennes,H,0.47277778813701543,0.244412537992504,0.2828096738704805,0.4748894942802461,0.2461590737220604,0.2789514319976936,0.48814644716840777,0.24344254341990357,0.2684110094116886
2026-01-31,Bundesliga,Hamburg,Bayern Munich,D,0.10610548108956322,0.15199825827626862,0.7418962606341681,0.10426730584616707,0.14976832312184285,0.74596437103199,0.1040439467684699,0.1578175017481336,0.7381385514833966
2026-01-31,La Liga,Oviedo,Girona,H,0.3532592718344092,0.30623449863567287,0.3405062295299179,0.35260019255119596,0.31098834073260595,0.33641146671619815,0.33920371670898386,0.315380044297985,0.34541623899303114
2026-01-31,Premier League,Brighton,Everton,D,0.5083806905606959,0.2626633567896929,0.22895595264961124,0.5091395351538366,0.26503413481858845,0.22582633002757505,0.49540032402434026,0.2726843282093631,0.23191534776629655
2026-01-31,Serie A,Pisa,Sassuolo,A,0.32984155918744457,0.3072053737530121,0.3629530670595433,0.32715406703592353,0.31186143312356607,0.36098449984051045,0.3074306839186692,0.30543438077634016,0.38713493530499077
2026-01-31,Premier League,Wolves,Bournemouth,A,0.32052171499930626,0.2701540169279867,0.40932426807270716,0.321851321965332,0.2735005821781237,0.40464809585654427,0.3223023820633383,0.2778794730985966,0.39981814483806516
2026-01-31,Premier League,Liverpool,Newcastle,H,0.5338399337522529,0.2368162112134054,0.22934385503434165,0.5345912633830817,0.2381183982320855,0.2272903383848328,0.5774599503028776,0.22441571528358276,0.19812433441353958
2026-01-31,Serie A,Cagliari,Verona,H,0.43164882543610816,0.3147138593480655,0.25363731521582633,0.4291667458760607,0.31979075728679396,0.25104249683714525,0.43207158031851384,0.31607920976320814,0.2518492099182781
2026-01-31,Bundesliga,Hoffenheim,Union Berlin,H,0.527332065990455,0.2543769857623333,0.2182909482472116,0.5292342404669151,0.2560054942982079,0.214760265234877,0.5190710410222606,0.2588205466254247,0.2221084123523148
2026-01-31,Serie A,Napoli,Fiorentina,H,0.5299878228545792,0.27265269499455236,0.1973594821508684,0.5278999335763774,0.2755559041917688,0.19654416223185384,0.4895277962410375,0.2918923505536621,0.21857985320530043
2026-01-31,Bundesliga,Augsburg,St Pauli,H,0.47577111940956807,0.2910773618747979,0.23315151871563417,0.4731525408388014,0.2951324802682967,0.23171497889290188,0.4457622647136417,0.3073720191326092,0.24686571615374908
2026-01-31,La Liga,Elche,Barcelona,A,0.12483437613490699,0.16651935332483175,0.7086462705402613,0.12374507947815869,0.16505614807774124,0.7111987724441001,0.10975295722637096,0.15112947145228717,0.7391175713213419
2026-02-01,La Liga,Ath Bilbao,Sociedad,D,0.4174923765075103,0.3016719107667171,0.28083571272577273,0.41575872352401133,0.30591265329006845,0.2783286231859202,0.427214570397225,0.3045626453476991,0.26822278425507595
2026-02-01,La Liga,Real Madrid,Vallecano,H,0.7552585160458235,0.15713432213033912,0.08760716182383733,0.7583800749547458,0.1552865975927296,0.0863333274525245,0.7499373571837286,0.15314766127252805,0.09691498154374338
2026-02-01,Bundesliga,Dortmund,Heidenheim,H,0.7658403727615061,0.15021306346769092,0.083946563770803,0.7681654275341676,0.14862624458398657,0.08320832788184573,0.7490887949732787,0.15652601686008807,0.09438518816663312
2026-02-01,La Liga,Getafe,Celta,D,0.33209210426324187,0.3285963979025761,0.33931149783418196,0.3301964997218436,0.33455545648526847,0.33524804379288803,0.3259725732278245,0.33641297592907154,0.33761445084310393
2026-02-01,Ligue 1,Nice,Brest,D,0.4484953142280604,0.2798075243989988,0.2716971613729409,0.4479401006298366,0.2831761486948873,0.26888375067527615,0.41689397202150225,0.2820899331642501,0.3010160948142476
2026-02-01,Serie A,Como,Atalanta,D,0.40524384613515424,0.2875124535270819,0.307243700337764,0.4056203764754501,0.29116743226861624,0.30321219125593374,0.41060534584909136,0.29147910353484874,0.2979155506160599
2026-02-01,Ligue 1,Lyon,Lille,H,0.4964913596383155,0.2585037657620981,0.24500487459958642,0.4996866166972154,0.2603756024317342,0.2399377808710504,0.42235083641095017,0.2786515873362186,0.29899757625283135
2026-02-01,Ligue 1,Toulouse,Auxerre,D,0.5415314597935937,0.26843823078593615,0.19003030942047003,0.5417279267549194,0.27077441504832533,0.18749765819675526,0.5343102884862484,0.27416504598711283,0.1915246655266389
2026-02-01,Premier League,Aston Villa,Brentford,A,0.45442571326919146,0.27239351112389576,0.27318077560691284,0.45265392790364184,0.27535631166504376,0.2719897604313143,0.4119302640863216,0.2853733757224517,0.3026963601912267
2026-02-01,Premier League,Tottenham,Man City,D,0.2143551838163781,0.2328340789729625,0.5528107372106593,0.2140380865771608,0.23418156217700065,0.5517803512458387,0.19011128255079257,0.23609830102317886,0.5737904164260286
2026-02-01,Ligue 1,Angers,Metz,H,0.4484118359362872,0.28228335455025305,0.2693048095134598,0.4485012660131005,0.2856521393459384,0.26584659464096105,0.439816723584003,0.29049623100918714,0.2696870454068098
2026-02-01,Serie A,Torino,Lecce,H,0.4808790817688407,0.30744728178663583,0.21167363644452356,0.4768291460116296,0.3124147816250099,0.21075607236336047,0.4425624914629149,0.3257751673268679,0.2316623412102172
2026-02-01,Ligue 1,Strasbourg,Paris SG,A,0.1868160471401356,0.21962917017411726,0.5935547826857472,0.18597928213225057,0.22010718274213203,0.5939135351256173,0.18978206502322262,0.22545194712397285,0.5847659878528046
2026-02-01,La Liga,Betis,Valencia,H,0.5123025646471255,0.27017685686001147,0.21752057849286308,0.5122518917322579,0.27274047394564516,0.215007634322097,0.521160862136076,0.27106355185813147,0.2077755860057924
2026-02-01,Bundesliga,Stuttgart,Freiburg,H,0.5595345338373098,0.23419114574143035,0.20627432042125987,0.5625363258686631,0.2349266584493799,0.20253701568195712,0.5770848613281306,0.22775988473725253,0.19515525393461677
2026-02-01,Premier League,Nott'm Forest,Crystal Palace,D,0.48474926762019643,0.271626744787179,0.2436239875926245,0.4849508517303838,0.2745293905645429,0.2405197577050733,0.45261360938495115,0.29377715640203345,0.2536092342130155
2026-02-01,Serie A,Cremonese,Inter,A,0.09253575709363762,0.1744075421802018,0.7330567007261606,0.09109835652517953,0.17235642567134948,0.7365452178034709,0.0774959698619542,0.16140539929869083,0.761098630839355
2026-02-01,Premier League,Man United,Fulham,H,0.5989505567168636,0.21906062028070472,0.18198882300243163,0.6007807611511501,0.2195584928683624,0.17966074598048742,0.6225979089485498,0.20439499386647852,0.1730070971849718
2026-02-01,Serie A,Parma,Juventus,A,0.13125429247322767,0.21794317401368501,0.6508025335130871,0.1283031796564005,0.21674522773600008,0.6549515926075994,0.10915832406377456,0.2097886540600667,0.6810530218761587
2026-02-02,La Liga,Mallorca,Sevilla,H,0.39221343401079034,0.30044554720698363,0.3073410187822259,0.3909968687947615,0.30473444109776304,0.3042686901074754,0.35542952654578414,0.3129196828393116,0.3316507906149042
2026-02-02,Serie A,Udinese,Roma,H,0.22780162735976145,0.2820074362797047,0.49019093636053385,0.22637319903770045,0.28513417355519094,0.48849262740710864,0.21621621621621623,0.3014553014553014,0.48232848232848236
2026-02-02,Premier League,Sunderland,Burnley,H,0.5244208437882943,0.2760109704148917,0.19956818579681387,0.523332574259961,0.2790015696766963,0.1976658560633427,0.4951518713673406,0.29279878461660086,0.21204934401605843
2026-02-03,Serie A,Bologna,Milan,A,0.3206867630371503,0.30218560363116087,0.3771276333316888,0.319479901320546,0.30688656363617584,0.3736335350432782,0.3082243861757708,0.30523191640707403,0.38654369741715516
2026-02-06,Bundesliga,Union Berlin,Ein Frankfurt,D,0.46101202192411345,0.2718105562789571,0.26717742179692944,0.46188137140742674,0.27479148713225865,0.2633271414603147,0.43902124113322566,0.2771402525147796,0.2838385063519948
2026-02-06,Ligue 1,Metz,Lille,D,0.1651127596211215,0.2266331388068759,0.6082541015720024,0.16505824509322295,0.22755344943606684,0.6073883054707102,0.15258537284552265,0.22292614756154366,0.6244884795929337
2026-02-06,Premier League,Leeds,Nott'm Forest,H,0.428504007644753,0.29048891315794606,0.2810070791973009,0.42671570556504973,0.2944678023380642,0.27881649209688614,0.44161290073923337,0.28043074408960217,0.2779563551711645
2026-02-06,Serie A,Verona,Pisa,D,0.3785570672620296,0.31737612709846924,0.3040668056395012,0.3783359149609677,0.322411410790043,0.2992526742489893,0.370913413909253,0.3271250247671884,0.3019615613235585
2026-02-06,La Liga,Celta,Osasuna,A,0.479003330170333,0.28857387169283055,0.23242279813683647,0.4785402085024568,0.29204552218216934,0.22941426931537381,0.4603649416691595,0.29128028716721505,0.24835477116362548
2026-02-07,La Liga,Barcelona,Mallorca,H,0.8218015643798593,0.113864072173113,0.06433436344702778,0.8236370058904121,0.11221092133728071,0.06415207277230706,0.8263264826187695,0.11214430835540441,0.06152920902582607
2026-02-07,Premier League,Fulham,Everton,A,0.45062808077595806,0.28939418031483544,0.25997773890920656,0.4500156630221433,0.2930657799995108,0.25691855697834604,0.4442264735069523,0.277478706325457,0.2782948201675907
2026-02-07,Ligue 1,Brest,Lorient,H,0.4215937373095681,0.29902175617483745,0.2793845065155944,0.4190883053679168,0.30327427550190533,0.27763741913017786,0.4075394393005775,0.30368261444655936,0.2887779462528632
2026-02-07,Premier League,Newcastle,Brentford,A,0.46194025120888216,0.2682655849796624,0.2697941638114554,0.46059966116889406,0.2712684938898908,0.26813184494121506,0.4930473571474017,0.2558516015467598,0.25110104130583855
2026-02-07,Premier League,Bournemouth,Aston Villa,D,0.3528736731376111,0.26269484555799943,0.38443148130438937,0.3520309235865759,0.26562885078496346,0.38234022562846065,0.33313270663889577,0.26427287342303457,0.4025944199380697
2026-02-07,Premier League,Arsenal,Sunderland,H,0.7811529607679875,0.1517167066660136,0.06713033256599893,0.7825548056771244,0.15042205574431627,0.0670231385785592,0.7532048797879431,0.16797135372262095,0.07882376648943593
2026-02-07,Serie A,Genoa,Napoli,A,0.21317038402030491,0.2935243293986753,0.49330528658101974,0.21335640715356136,0.2978190704328437,0.488824522413595,0.22748444035376159,0.31421763834817235,0.45829792129806607
2026-02-07,Bundesliga,Wolfsburg,Dortmund,A,0.2204153661696116,0.23305764402971407,0.5465269898006745,0.21743497482786017,0.2337815959212367,0.5487834292509032,0.21084706667880662,0.2260523839873744,0.5631005493338189
2026-02-07,Premier League,Burnley,West Ham,A,0.288196635525526,0.27008141843535005,0.44172194603912396,0.2872465985615453,0.27296696130351855,0.4397864401349362,0.3040616795101009,0.2641429673956463,0.4317953530942529
2026-02-07,Premier League,Man United,Tottenham,H,0.601789595807385,0.2081078558188534,0.1901025483737615,0.602738952669497,0.2085768642864025,0.1886841830441005,0.5937446084834742,0.21553742636728862,0.1907179651492372
2026-02-07,La Liga,Sociedad,Elche,H,0.5752101468440601,0.23761829743684096,0.18717155571909894,0.5767327225820071,0.23873610087425665,0.1845311765437362,0.582017914483691,0.23454453270238299,0.18343755281392599
2026-02-07,Bundesliga,Heidenheim,Hamburg,A,0.3368391282784853,0.27460785237952756,0.3885530193419871,0.3345482651961845,0.27768239437030134,0.3877693404335142,0.32814154552720515,0.2794558562798453,0.39240259819294954
2026-02-07,Bundesliga,Freiburg,Werder Bremen,H,0.5227281197169021,0.2528873876468256,0.22438449263627216,0.5229029030025608,0.254886901576258,0.2222101954211812,0.4476416333214887,0.2814513263398582,0.27090704033865315
2026-02-07,Bundesliga,Mainz,Augsburg,H,0.4588340827803526,0.26667280024841006,0.2744931169712373,0.45986654358642026,0.269325431062492,0.2708080253510877,0.48526005589325916,0.26369874185796155,0.25104120224877935
2026-02-07,Premier League,Wolves,Chelsea,A,0.19306608884073673,0.2335861321776815,0.5733477789815818,0.19259643335589113,0.23482013431177864,0.5725834323323302,0.17768103728236745,0.22517572982562553,0.5971432328920069
2026-02-07,Bundesliga,M'gladbach,Leverkusen,D,0.27451990121749065,0.25507162483696005,0.4704084739455493,0.27457480440821896,0.25758654277152876,0.46783865282025233,0.2707514279356131,0.2581410874564201,0.4711074846079668
2026-02-07,Ligue 1,Lens,Rennes,H,0.5313524542419593,0.24545415209077381,0.22319339366726687,0.5322398135698261,0.24704669469511498,0.220713491735059,0.6023268677335485,0.2180115808965976,0.17966155136985384
2026-02-07,Serie A,Fiorentina,Torino,D,0.5392480680183953,0.2599680768683724,0.2007838551132323,0.5417288114642799,0.2615968022800919,0.19667438625562825,0.5579524966213064,0.2507818402367042,0.19126566314198945
2026-02-07,Bundesliga,St Pauli,Stuttgart,H,0.22269938650306748,0.25766871165644173,0.5196319018404908,0.22159097719285348,0.25976122089022086,0.5186478019169256,0.19653299724320228,0.2497063811127159,0.5537606216440817
2026-02-07,Ligue 1,Nantes,Lyon,A,0.19264865858703478,0.2522040234728117,0.5551473179401535,0.19075159267580433,0.2535824197298161,0.5556659875943795,0.1961183566953594,0.25222708441301567,0.551654558891625
2026-02-08,Ligue 1,Paris SG,Marseille,H,0.6713974870754532,0.18590488187945817,0.14269763104508865,0.6725926787030735,0.18559136688642838,0.14181595441049816,0.653296109984461,0.19120861755642762,0.15549527245911138
2026-02-08,La Liga,Sevilla,Girona,D,0.4498285476776004,0.2823248242180735,0.26784662810432613,0.4480719718982618,0.28595826198291957,0.2659697661188187,0.4672758338904985,0.2776168189584726,0.2551073471510289
2026-02-08,Ligue 1,Angers,Toulouse,H,0.27333697729439876,0.30243413939347996,0.4242288833121212,0.27079831980590574,0.3065757265812476,0.4226259536128467,0.25301204819277107,0.2987951807228915,0.4481927710843373
2026-02-08,La Liga,Alaves,Getafe,A,0.4080559445010183,0.33760024185336046,0.25434381364562114,0.404718622387016,0.34383631602649084,0.2514450615864932,0.3966655661934631,0.3535820402773192,0.24975239352921755
2026-02-08,Premier League,Liverpool,Man City,A,0.40262582056892776,0.2560175054704595,0.3413566739606127,0.4033461386617091,0.2584674681784531,0.33818639315983784,0.4397186324227057,0.24619663013250453,0.3140847374447898
2026-02-08,Bundesliga,FC Koln,RB Leipzig,A,0.29798671545044236,0.2455848521035142,0.4564284324460435,0.29821078752478686,0.2477929064928355,0.4539963059823776,0.28451604559646754,0.24460989894137858,0.47087405546215383
2026-02-08,Serie A,Juventus,Lazio,D,0.6468017456228862,0.22930624233574204,0.12389201204137183,0.6500926784060385,0.2288327586131049,0.12107456298085663,0.6762370233084012,0.21509598681891934,0.10866698987267948
2026-02-08,Bundesliga,Bayern Munich,Hoffenheim,H,0.7418247555883347,0.14742889464373846,0.11074634976792676,0.7437416262878611,0.14609982404424493,0.11015854966789386,0.7705476852740659,0.1337223578996245,0.0957299568263096
2026-02-08,Serie A,Sassuolo,Inter,A,0.13651631169165435,0.21218711794607814,0.6512965703622676,0.13521670992723894,0.21194269729852674,0.6528405927742343,0.13177159590043921,0.20937042459736455,0.6588579795021962
2026-02-08,Ligue 1,Auxerre,Paris FC,D,0.3801229508196721,0.29405737704918034,0.32581967213114754,0.37994347013598323,0.29809693549108895,0.3219595943729278,0.37949992592714527,0.295962206383434,0.3245378676894208
2026-02-08,La Liga,Ath Bilbao,Levante,H,0.5829711071337252,0.24699565328560466,0.1700332395806699,0.5827672361084592,0.2485564715969512,0.16867629229458972,0.5859485814391402,0.2437667225108568,0.17028469605000288
2026-02-08,Serie A,Lecce,Udinese,H,0.3089583489743654,0.3284032800286961,0.3626383709969385,0.3081631864012375,0.3342389725367593,0.35759784106200326,0.3285851059401407,0.34168088914789996,0.3297340049119594
2026-02-08,Serie A,Bologna,Parma,A,0.5920434404912067,0.24075423794910966,0.1672023215596836,0.592850239476207,0.24191237407029886,0.16523738645349428,0.5816920434267798,0.24540133082067278,0.1729066257525474
2026-02-08,La Liga,Valencia,Real Madrid,A,0.16799534072213831,0.2100881330283564,0.6219165262495054,0.16585486488675905,0.20963488139841516,0.6245102537148259,0.18816290454174597,0.2299258906717433,0.5819112047865107
2026-02-08,Premier League,Brighton,Crystal Palace,A,0.48039316064298154,0.263745264666735,0.25586157469028364,0.48090178502234965,0.26627997329885345,0.2528182416787969,0.4318269466746135,0.2892052028187778,0.2789678505066087
2026-02-08,Ligue 1,Nice,Monaco,D,0.3111699957649674,0.24910151256716803,0.4397284916678647,0.30872098653607666,0.2509905561708322,0.440288457293091,0.2903409388736212,0.24625775967291433,0.4634013014534645
2026-02-08,Ligue 1,Le Havre,Strasbourg,H,0.2395828438194733,0.2699622245919714,0.4904549315885553,0.23810478591274303,0.27260219477866887,0.48929301930858804,0.223818129934367,0.259678493294017,0.5165033767716161
2026-02-08,La Liga,Ath Madrid,Betis,A,0.6378025098661543,0.20974713411705748,0.1524503560167881,0.6411315635351554,0.20931678861043235,0.14955164785441222,0.6495593287308887,0.20211610014158551,0.14832457112752576
2026-02-09,Serie A,Atalanta,Cremonese,H,0.6974789345392078,0.19152085497593005,0.11100021048486207,0.7005730573463091,0.1903139467560489,0.10911299589764208,0.6971878138600602,0.1920823568798125,0.11072982926012721
2026-02-09,La Liga,Villarreal,Espanol,H,0.5595345338373098,0.23419114574143035,0.20627432042125987,0.5594573844452772,0.23558331072096697,0.20495930483375577,0.5588093993515814,0.24153142836423847,0.19965917228418018
2026-02-09,Serie A,Roma,Cagliari,H,0.6475869252517237,0.23014731412132333,0.12226576062695303,0.6481430251913438,0.23079135895931835,0.12106561584933774,0.6412364980282835,0.23274509928433995,0.12601840268737655
2026-02-10,Premier League,West Ham,Man United,D,0.21760707866052567,0.22429476665718487,0.5580981546822894,0.2166481003825738,0.22499884060220054,0.5583530590152256,0.21177113559572805,0.22810047617178414,0.5601283882324878
2026-02-10,Premier League,Chelsea,Leeds,D,0.6112465242557744,0.22136264313001178,0.16739083261421386,0.6128601440879836,0.22175946419969111,0.16538039171232513,0.6275114530537141,0.21535052138888822,0.15713802555739773
2026-02-10,Premier League,Everton,Bournemouth,A,0.392529122089301,0.2823866221597658,0.3250842557509332,0.3919725951441105,0.28591916095132597,0.3221082439045635,0.4075502366420729,0.27727758035472405,0.31517218300320304
2026-02-10,Premier League,Tottenham,Newcastle,A,0.297685703620754,0.27202314296379243,0.43029115341545354,0.29803040258039953,0.2751966096020895,0.426772987817511,0.3157894736842105,0.2631578947368421,0.42105263157894735
2026-02-11,Premier League,Aston Villa,Brighton,H,0.4926697954485079,0.2577455060657044,0.24958469848578763,0.49227045586622753,0.260016842811308,0.24771270132246448,0.45976334009788705,0.2566700489435359,0.28356661095857705
2026-02-11,Premier League,Nott'm Forest,Wolves,D,0.5598086548780885,0.25432167385590576,0.18586967126600581,0.5598764943332956,0.25623231878665825,0.18389118688004621,0.5471330456414054,0.24974674642734335,0.20312020793125135
2026-02-11,Premier League,Crystal Palace,Burnley,A,0.6096608203368993,0.2374307214879884,0.1529084581751123,0.6103444541346593,0.23841756847625858,0.1512379773890821,0.6494838818851003,0.21308909383196548,0.13742702428293427
2026-02-11,Premier League,Man City,Fulham,H,0.7055924555752525,0.1773909738219209,0.11701657060282654,0.7070409894553148,0.17671139520559964,0.11624761533908555,0.6908046985042893,0.18095648890074115,0.1282388125949697
2026-02-11,Premier League,Sunderland,Liverpool,A,0.20335174146707372,0.2468891900318258,0.5497590685011006,0.2010915974771498,0.24818435040508804,0.5507240521177621,0.2125517306990978,0.24695958266605358,0.5404886866348487
2026-02-12,Premier League,Brentford,Arsenal,D,0.19572215938241636,0.24490622534121018,0.5593716152763735,0.1930356952154612,0.24582369993096848,0.5611406048535703,0.18617502851297485,0.25086714717398206,0.562957824313043
2026-02-13,La Liga,Elche,Osasuna,D,0.34014558018717456,0.30295924666188856,0.3568951731509369,0.33884756907308283,0.30752328806698237,0.35362914285993474,0.32727467475220196,0.30017549786189224,0.37254982738590586
2026-02-13,Ligue 1,Monaco,Nantes,H,0.6449399422954935,0.203739197457182,0.15132086024732452,0.6467640410611147,0.2035714629671295,0.14966449597175582,0.65913017888298,0.19718748029344377,0.1436823408235764
2026-02-13,Bundesliga,Dortmund,Mainz,H,0.6154650590551181,0.21505905511811024,0.16947588582677167,0.6153283290889796,0.21570151081804761,0.16897016009297283,0.5734551574897812,0.22938206299591252,0.19716277951430636
2026-02-13,Serie A,Pisa,Milan,A,0.14633435121270721,0.22315119591106425,0.6305144528762285,0.14445683808252527,0.22295142814102836,0.6325917337764464,0.14484089857099242,0.24569869705236413,0.6094604043766435
2026-02-13,Ligue 1,Rennes,Paris SG,H,0.14411072269387173,0.18577441677962475,0.6701148605265035,0.14148125197207534,0.18405838713364248,0.6744603608942822,0.1259404987929657,0.17198821315968077,0.7020712880473535
2026-02-14,La Liga,Espanol,Celta,D,0.3884843843781691,0.2962808121365151,0.3152348034853157,0.386893285754627,0.30042595806214584,0.3126807561832271,0.36473255437355195,0.3085278656668079,0.3267395799596403
2026-02-14,Ligue 1,Paris FC,Lens,A,0.23612530815946126,0.2625819253201852,0.5012927665203535,0.23622975563106638,0.26546401206966763,0.498306232299266,0.2455479612969917,0.26717292379757906,0.4872791149054292
2026-02-14,Bundesliga,Ein Frankfurt,M'gladbach,H,0.48689448872009566,0.2611277704867552,0.25197774079314916,0.4868871392343557,0.26348350596509307,0.24962935480055115,0.44416128820192347,0.2713607870282645,0.284477924769812
2026-02-14,Serie A,Inter,Juventus,H,0.48454004364311243,0.2756620776151431,0.2397978787417444,0.48328214428736116,0.27883419482817834,0.23788366088446056,0.4675831416832476,0.28708752164138607,0.24532933667536627
2026-02-14,Serie A,Lazio,Atalanta,A,0.2713142553490771,0.2879593016895113,0.4407264429614116,0.26802817907799537,0.2913556683437234,0.4406161525782813,0.28065449070955983,0.29198526207361036,0.42736024721682975
2026-02-14,Bundesliga,Hamburg,Union Berlin,H,0.37613724331388326,0.296386625269484,0.32747613141663273,0.3773157147527264,0.30056175395143764,0.322122531295836,0.40256410256410263,0.29871794871794877,0.29871794871794877
2026-02-14,La Liga,Sevilla,Alaves,D,0.4477850978146918,0.29995860718996975,0.2522562949953384,0.44706936483724996,0.30410635618480947,0.24882427897794052,0.4495919978941827,0.30955514609107665,0.24085285601474074
2026-02-14,Bundesliga,Hoffenheim,Freiburg,H,0.5441696113074205,0.24310954063604237,0.2127208480565371,0.5442866405989156,0.24485499283360476,0.2108583665674796,0.5528070579591938,0.23973775472720138,0.2074551873136047
2026-02-14,Ligue 1,Lille,Brest,D,0.541991714293966,0.2487123781773372,0.20929590752869667,0.5403500178410291,0.25095048117748503,0.20869950098148585,0.5967883265783712,0.23632219448466832,0.16688947893696046
2026-02-14,Bundesliga,Werder Bremen,Bayern Munich,A,0.11573916964572109,0.1611153207848898,0.7231455095693892,0.11457990914395502,0.15946150623691294,0.725958584619132,0.11951862661481523,0.16154490183957873,0.7189364715456061
2026-02-14,Bundesliga,Stuttgart,FC Koln,H,0.6535673861673187,0.19593319962668046,0.1504994142060009,0.6551373231959138,0.1956793758665823,0.1491833009375039,0.6326981200831708,0.2001529084764171,0.16714897144041213
2026-02-14,Bundesliga,Leverkusen,St Pauli,H,0.641602153853773,0.2209793641539123,0.13741848199231474,0.6402658051916679,0.22208489725998923,0.137649297548343,0.6238683285732474,0.2227047697743743,0.1534269016523784
2026-02-14,Serie A,Como,Fiorentina,A,0.545180349543445,0.24872949634342847,0.20609015411312642,0.5470346679151985,0.2501583151902415,0.20280701689456002,0.5622414441519367,0.24219631440391123,0.19556224144415188
2026-02-14,La Liga,Real Madrid,Sociedad,H,0.6989011334627488,0.17770920661102155,0.12338965992622972,0.7003987540734784,0.1769175191204306,0.12268372680609105,0.6900171078327526,0.18608729089190376,0.12389560127534353
2026-02-14,Ligue 1,Marseille,Strasbourg,D,0.5635371953382006,0.23041175967029878,0.20605104499150065,0.5620804621093971,0.2319792512290286,0.20594028666157432,0.4949152542372881,0.24745762711864405,0.2576271186440678
2026-02-14,La Liga,Getafe,Villarreal,H,0.28982267431168285,0.3049274390966566,0.40524988659166045,0.29097441255153333,0.3101497627460459,0.3988758247024208,0.3084015327710954,0.3312058714619158,0.36039259576698884
2026-02-15,Ligue 1,Le Havre,Toulouse,H,0.28579205225911813,0.29758664489203407,0.41662130284884774,0.28435280602314283,0.3018572389981215,0.4137899549787357,0.2826695388607052,0.3026654547929738,0.41466500634632086
2026-02-15,La Liga,Vallecano,Ath Madrid,H,0.2276500638569604,0.27054065559812684,0.5018092805449126,0.22508641265496587,0.27304729977931863,0.5018662875657155,0.20716245562476432,0.2632930651096865,0.5295444792655493
2026-02-15,Ligue 1,Metz,Auxerre,A,0.33726591602828765,0.31675650221575663,0.34597758175595555,0.33498917554984786,0.3219697133376212,0.3430411111125308,0.30904514291392043,0.3121253270625642,0.3788295300235154
2026-02-15,Serie A,Torino,Bologna,A,0.2953859665378836,0.2908134283561827,0.41380060510593386,0.29247846326152616,0.2944474086578516,0.41307412808062216,0.3165318090713384,0.30131393363521636,0.38215425729344515
2026-02-15,Serie A,Cremonese,Genoa,D,0.3016679233401553,0.3169551491850956,0.38137692747474916,0.2989166484757918,0.3220339792738324,0.3790493722503759,0.2801124213356143,0.33257163805217815,0.3873159406122074
2026-02-15,La Liga,Levante,Valencia,A,0.347406352692608,0.2875455657671125,0.36504808154027946,0.346346842772759,0.2913352644436486,0.36231789278359244,0.35051017876928675,0.30027782830872013,0.349211992921993
2026-02-15,La Liga,Oviedo,Ath Bilbao,A,0.26394418384642676,0.3022586621467145,0.4337971540068587,0.26192439927459,0.30671580585671016,0.4313597948686999,0.28778420851834113,0.3221611617543204,0.3900546297273384
2026-02-15,Serie A,Udinese,Sassuolo,A,0.39646419301653635,0.31530877095610443,0.2882270360273593,0.3963776640216714,0.32004703222658143,0.2835753037517472,0.3653136531365314,0.31734317343173435,0.31734317343173435
2026-02-15,Bundesliga,Augsburg,Heidenheim,H,0.5157295398300538,0.254351625910735,0.2299188342592112,0.5162496523437631,0.25644672316575007,0.22730362449048694,0.5022299786697693,0.25382974597634284,0.24394027535388793
2026-02-15,Serie A,Napoli,Roma,D,0.41348383234014163,0.3128694331373738,0.2736467345224844,0.40978793773062183,0.3180294979927521,0.27218256427662607,0.38111432203424467,0.3361972769373516,0.2826884010284037
2026-02-15,La Liga,Mallorca,Betis,A,0.31963789164018885,0.29175670483045274,0.38860540352935824,0.3176223119410947,0.29576637900452046,0.38661130905438484,0.31427870461236507,0.29931305201177627,0.3864082433758587
2026-02-15,Ligue 1,Lyon,Nice,H,0.5900143743820262,0.23163527290553623,0.1783503527124376,0.5906143206380517,0.23269050965985985,0.17669516970208854,0.5142140668185841,0.25570971257554587,0.23007622060587016
2026-02-15,Bundesliga,RB Leipzig,Wolfsburg,D,0.650118012547659,0.19462992475439272,0.15525206269794842,0.6506546964764253,0.19471105720589754,0.15463424631767728,0.6233703704622899,0.20199340330430424,0.17463622623340588
2026-02-15,Serie A,Parma,Verona,H,0.4029226203026421,0.3193230290153592,0.27775435068199883,0.40064560083765643,0.3245190758225368,0.2748353233398067,0.4203190384796903,0.3224365226693515,0.257244438850958
2026-02-15,Ligue 1,Lorient,Angers,H,0.4858565927584338,0.30151229068288654,0.2126311165586796,0.48532989322254105,0.30548606129406725,0.2091840454833918,0.47935213370857505,0.3011314686117971,0.21951639767962783
2026-02-16,Serie A,Cagliari,Lecce,A,0.436095792981157,0.31253531830316256,0.25136888871568036,0.43329134346480147,0.31748369390896064,0.24922496262623794,0.39511899470685685,0.3346559456947756,0.27022505959836757
2026-02-16,La Liga,Girona,Barcelona,H,0.14246872984796285,0.1743053175234853,0.6832259526285518,0.14142752096988892,0.17318861000021302,0.6853838690298981,0.12080445756677134,0.16626620573235845,0.7129293367008703
2026-02-18,La Liga,Levante,Villarreal,A,0.23656184800329463,0.24457045223257284,0.5188676997641325,0.23567714332478565,0.24643409406633968,0.5178887626088746,0.2366825844071399,0.2581400714550399,0.5051773441378201
2026-02-18,Premier League,Wolves,Arsenal,D,0.08663089980338105,0.1729456284395965,0.7404234717570225,0.08508969353833287,0.1707453147280199,0.7441649917336471,0.0766735451660902,0.15968267838131772,0.763643776452592
2026-02-18,Serie A,Milan,Como,D,0.41773825261386854,0.2848215358730922,0.2974402115130393,0.41471326064412095,0.28860951748178404,0.29667722187409507,0.3782131054318891,0.3160237021897329,0.3057631923783779
2026-02-20,Serie A,Sassuolo,Verona,H,0.5396310183371574,0.2769787527748242,0.18339022888801837,0.5384204004675769,0.2800041768485021,0.181575422683921,0.5370776656428258,0.2764370337867486,0.18648530057042562
2026-02-20,La Liga,Ath Bilbao,Elche,H,0.567073368165428,0.24578114651556404,0.18714548531900801,0.5679827316379445,0.24719115013521706,0.18482611822683834,0.5548769426135333,0.25494346011973146,0.1901795972667352
2026-02-20,Ligue 1,Brest,Marseille,H,0.25277614055895253,0.25622936652287265,0.4909944929181748,0.25275495013484517,0.2584839730207269,0.48876107684442793,0.24719318962934245,0.25048909882440035,0.5023177115462573
2026-02-20,Bundesliga,Mainz,Hamburg,D,0.45873302307911484,0.2725804919745465,0.2686864849463387,0.4562894012257868,0.275863467215716,0.2678471315584973,0.45681802616259165,0.2727667054767938,0.2704152683606146
2026-02-21,Bundesliga,Union Berlin,Leverkusen,H,0.323911520450346,0.2794341176422388,0.39665436190741526,0.32210078335390335,0.2829402054756027,0.394959011170494,0.3031454677771489,0.28826716261017227,0.408587369612679
2026-02-21,Bundesliga,Bayern Munich,Ein Frankfurt,H,0.8249013898187509,0.10896727513248852,0.06613133504876062,0.827266837478679,0.10712468692118333,0.06560847560013744,0.8656552587990014,0.085929014660195,0.04841572654080382
2026-02-21,Ligue 1,Lens,Monaco,A,0.57496865920387,0.22261256876539387,0.20241877203073608,0.5749618252934015,0.22356059413711554,0.201477580569483,0.5468087130219728,0.23395795681537143,0.2192333301626557
2026-02-21,Bundesliga,FC Koln,Hoffenheim,D,0.29061302681992335,0.25291187739463594,0.45647509578544065,0.29030033991214116,0.2553371875944017,0.4543624724934571,0.27411180705356447,0.25342412350235205,0.47246406944408353
2026-02-21,Ligue 1,Paris SG,Metz,H,0.8320404937346049,0.10540423295068425,0.06255527331471082,0.8333773325811075,0.10389746288020515,0.06272520453868742,0.8342876630974851,0.10737415253988135,0.05833818436263355
2026-02-21,La Liga,Osasuna,Real Madrid,H,0.20189259207816757,0.23689407160930714,0.5612133363125253,0.2007552257533568,0.23813276592425386,0.5611120083223893,0.20381888751484578,0.23899575134989529,0.557185361135259
2026-02-21,Premier League,Man City,Newcastle,H,0.6461588453518914,0.1917463240271873,0.16209483062092123,0.64870531366595,0.19124256869430054,0.16005211763974952,0.6162825966525373,0.20498384424296054,0.17873355910450234
2026-02-21,Bundesliga,RB Leipzig,Dortmund,D,0.4377472799208704,0.24143793273986153,0.320814787339268,0.4393458867350494,0.2433559540459506,0.317298159219,0.47593993851974464,0.2416499172381178,0.2824101442421377
2026-02-21,Premier League,Aston Villa,Leeds,D,0.5148668956633748,0.2617003005581795,0.22343280377844565,0.5152320986403218,0.2637856719918931,0.22098222936778508,0.518142254678721,0.2562551368248022,0.22560260849647665
2026-02-21,La Liga,Sociedad,Oviedo,D,0.6436021754711413,0.2314431468443021,0.1249546776845567,0.6437400976692802,0.2323638501847159,0.12389605214600385,0.6161137440758294,0.24170616113744078,0.14218009478672985
2026-02-21,Serie A,Lecce,Inter,A,0.11646854859399658,0.22244940797810725,0.6610820434278962,0.11592889648784237,0.22288106745692415,0.6611900360552335,0.13230515765868836,0.22776989611459428,0.6399249462267173
2026-02-21,Premier League,Chelsea,Burnley,D,0.7859953366365492,0.14077528417371027,0.0732293791897406,0.7877914632406031,0.1393186795010604,0.07288985725833642,0.7686612696415763,0.14983413021539446,0.08150460014302922
2026-02-21,Bundesliga,Wolfsburg,Augsburg,A,0.45918195589968014,0.27470122874936875,0.266116815350951,0.4596976263167058,0.2775820463669661,0.26272032731632816,0.42792292346103766,0.27644578241288276,0.29563129412607964
2026-02-21,Ligue 1,Toulouse,Paris FC,D,0.4924714156306393,0.28527307612750447,0.22225550824185622,0.49384844416047585,0.2880712955807622,0.21808026025876184,0.4721251394666647,0.2881990882020438,0.23967577233129153
2026-02-21,Serie A,Juventus,Como,A,0.45897163658425605,0.2767328985287426,0.26429546488700134,0.4558744668524939,0.28020020448524147,0.2639253286622646,0.4514303314980942,0.28029107149732413,0.2682785970045817
2026-02-21,La Liga,Ath Madrid,Espanol,H,0.6410847555874661,0.22173990369731184,0.137175340715222,0.6424380412795708,0.22209643820456207,0.13546552051586716,0.6673016320963266,0.20724566106956396,0.1254527068341094
2026-02-21,Premier League,West Ham,Bournemouth,D,0.39222256147126583,0.25897434880705494,0.3488030897216792,0.3930054925115509,0.26166795900114476,0.34532654848730426,0.3551000877262939,0.2609298987160061,0.38397001355769994
2026-02-21,Premier League,Brentford,Brighton,A,0.47039964623293357,0.25554142944005304,0.27405892432701345,0.4689293242595328,0.25801512822631706,0.27305554751415,0.4197154350947561,0.2785721914345727,0.3017123734706713
2026-02-21,La Liga,Betis,Vallecano,D,0.5016013907636361,0.27333641003931475,0.22506219919704912,0.501066486082747,0.2761942193667352,0.22273929455051772,0.4940549043952438,0.27352025141881614,0.23242484418593987
2026-02-21,Serie A,Cagliari,Lazio,D,0.28435346574787185,0.3076611268747466,0.40798540737738137,0.284385472764209,0.3125933508547848,0.40302117638100604,0.2801967296152416,0.32705890042197194,0.3927443699627864
2026-02-22,La Liga,Getafe,Sevilla,A,0.3914190004903193,0.32595519553026586,0.28262580397941484,0.3914148046226859,0.3313765381200876,0.27720865725722654,0.4039115985112335,0.33611215161827646,0.25997624987049006
2026-02-22,La Liga,Celta,Mallorca,H,0.5176220706899275,0.2755576317496379,0.2068202975604346,0.518219574967622,0.2780612348455161,0.2037191901868618,0.5297127520579774,0.27094502835149414,0.19934221959052847
2026-02-22,Premier League,Tottenham,Arsenal,A,0.16123821642818192,0.23618562858701017,0.602576154984808,0.15925400460841013,0.2367550791368761,0.6039909162547138,0.13122171945701355,0.21719457013574658,0.6515837104072397
2026-02-22,Bundesliga,Freiburg,M'gladbach,H,0.47719237319757496,0.28602356313983085,0.23678406366259414,0.47606569739204335,0.2895364729590697,0.234397829648887,0.4561657841327006,0.28134775907585724,0.2624864567914422
2026-02-22,Premier League,Nott'm Forest,Liverpool,A,0.2315772720038198,0.2435142447875219,0.5249084832086583,0.23108264335028564,0.24532846974537575,0.5235888869043386,0.24622319136410975,0.2494801118847991,0.5042966967510911
2026-02-22,Serie A,Roma,Cremonese,H,0.6956399122828344,0.2032714029397893,0.10108868477737638,0.6955775770225467,0.20343438714120687,0.10098803583624633,0.7239733024968564,0.18134206035566733,0.09468463714747621
2026-02-22,Ligue 1,Angers,Lille,A,0.2272271282232427,0.2721441186859767,0.5006287530907806,0.22620646641285325,0.2750252870702761,0.4987682465168706,0.20720726646102036,0.26725028117415695,0.5255424523648226
2026-02-22,Premier League,Sunderland,Fulham,A,0.35677246147622377,0.28912752994250546,0.3541000085812708,0.3567595867993624,0.2932159724640354,0.35002444073660216,0.3317989320567114,0.29736696740931684,0.37083410053397164
2026-02-22,La Liga,Villarreal,Valencia,H,0.554439069281566,0.24274663914141104,0.20281429157702305,0.5544478588243956,0.2441939549600618,0.20135818621554258,0.5640037551969243,0.24338146542089492,0.19261477938218066
2026-02-22,Serie A,Milan,Parma,A,0.7112845138055222,0.18967587034813926,0.09903961584633852,0.7132869806624154,0.1887338515622401,0.09797916777534452,0.7216533581147748,0.18251933181891195,0.09582731006631331
2026-02-22,Bundesliga,St Pauli,Werder Bremen,H,0.3462772542381445,0.3035547358581137,0.3501680099037417,0.34466157080219106,0.30811752514410423,0.3472209040537046,0.35425993999908206,0.30186136366481264,0.34387869633610524
2026-02-22,Serie A,Genoa,Torino,H,0.42083930088845095,0.3087077766385677,0.27045292247298147,0.4218862346128133,0.31305618973733146,0.26505757564985505,0.40995700312158145,0.32484482254270636,0.2651981743357123
2026-02-22,Ligue 1,Auxerre,Rennes,A,0.3218616766393493,0.28126651021636834,0.39687181314428244,0.32412796696279844,0.28515369420439174,0.3907183388328098,0.3304547508825074,0.2819748622799839,0.38757038683750866
2026-02-22,Ligue 1,Strasbourg,Lyon,H,0.4007366795930028,0.27023741505695287,0.3290259053500444,0.4010280277557594,0.2733724188434699,0.32559955340077057,0.4145724129395936,0.2727766311225732,0.3126509559378331
2026-02-22,Bundesliga,Heidenheim,Stuttgart,D,0.21263966480446925,0.2304469273743017,0.556913407821229,0.2110051022326264,0.23128571643449067,0.5577091813328828,0.21292053676071993,0.22354127612408126,0.5635381871151989
2026-02-22,La Liga,Barcelona,Levante,H,0.8525627163683049,0.09396983847746847,0.053467445154226655,0.8544227331856427,0.09225156769230886,0.05332569912204845,0.8561587917134401,0.0910807225227064,0.05276048576385345
2026-02-22,Premier League,Crystal Palace,Wolves,H,0.5834306301497815,0.23688160923374588,0.17968776061647265,0.5835448627436336,0.23827949653431094,0.17817564072205536,0.5331236103424506,0.25434738283184294,0.2125290068257066
2026-02-22,Ligue 1,Nice,Lorient,D,0.4527170200201475,0.2708451535958686,0.27643782638398384,0.45160005042066825,0.2739284287194522,0.2744715208598796,0.43789972333974586,0.27937222705651443,0.2827280496037398
2026-02-22,Serie A,Atalanta,Napoli,H,0.38791214223335363,0.2970719570268088,0.31501590073983754,0.3898420597700513,0.3011120645988173,0.3090458756311315,0.3857467326953866,0.31667721636817214,0.2975760509364411
2026-02-22,Ligue 1,Nantes,Le Havre,H,0.39008264462809916,0.29256198347107437,0.3173553719008264,0.38813861088680074,0.29665076232352944,0.3152106267896699,0.3920475902531501,0.29220938403961494,0.315743025707235
2026-02-23,Premier League,Everton,Man United,A,0.26334426324964244,0.25204799458477845,0.48460774216557917,0.26172630745156183,0.2538584783951623,0.4844152141532759,0.2672924937850173,0.2599087232384698,0.4727987829765129
2026-02-23,La Liga,Alaves,Girona,D,0.4086339348069708,0.31613909145539293,0.2752269737376362,0.4066649538789268,0.3214086964231604,0.2719263496979129,0.3968668407310705,0.31070496083550914,0.2924281984334204
2026-02-23,Serie A,Bologna,Udinese,H,0.507090564508026,0.27113223824851107,0.22177719724346293,0.5055864150686568,0.27411786557488743,0.22029571935645595,0.5056597537800546,0.2766256300090887,0.2177146162108568
2026-02-23,Serie A,Fiorentina,Pisa,H,0.5712064823102652,0.24143779149196778,0.187355726197767,0.5721053451925838,0.24269146396794025,0.18520319083947578,0.5883497273748528,0.2389237471573006,0.17272652546784667
2026-02-27,La Liga,Levante,Alaves,H,0.35844360232755584,0.30607359549398433,0.3354828021784597,0.3563556302590032,0.3106531082102941,0.33299126153070263,0.3504976290537373,0.3091274170998536,0.34037495384640915
2026-02-27,Bundesliga,Augsburg,FC Koln,H,0.4286699812070319,0.2761138996598235,0.2952161191331446,0.42739641908924686,0.27947105569247904,0.29313252521827415,0.43367037771942535,0.2763209486353861,0.2900086736451885
2026-02-27,Premier League,Wolves,Aston Villa,H,0.22665926657912908,0.2596618520975187,0.5136788813233523,0.2257789658330425,0.2620268925439769,0.5121941416229807,0.20518609138720378,0.2523679198880046,0.5424459887247916
2026-02-27,Ligue 1,Strasbourg,Lens,D,0.42091742389596964,0.26515419640904303,0.3139283796949874,0.4219720874300909,0.2680893419245551,0.3099385706453541,0.42181714385391805,0.2687577802269249,0.309425075919157
2026-02-27,Serie A,Parma,Cagliari,D,0.4117684763797192,0.32151785141978073,0.26671367220049996,0.4080468705543146,0.32712858065485356,0.2648245487908319,0.4304231855121745,0.32134333712895224,0.2482334773588732
2026-02-28,Bundesliga,Leverkusen,Mainz,D,0.5591289106730157,0.23520032262567664,0.20567076670130754,0.5607545993828749,0.23613027116265778,0.20311512945446725,0.5583906515790252,0.2345240736631906,0.2070852747577842
2026-02-28,Bundesliga,M'gladbach,Union Berlin,H,0.3956428565518497,0.289974267534896,0.31438287591325426,0.39532035128575815,0.2939241415209654,0.31075550719327644,0.4004150481562284,0.28829883467248446,0.3112861171712872
2026-02-28,La Liga,Oviedo,Ath Madrid,A,0.17629929826310584,0.2610209054839873,0.5626797962529068,0.17480833429581644,0.26287181814065197,0.5623198475635316,0.19984902811851293,0.2672202302321192,0.5329307416493677
2026-02-28,Premier League,Bournemouth,Sunderland,D,0.5337251373795299,0.24860355083204416,0.21767131178842578,0.5343983064055986,0.2503681504518459,0.2152335431425555,0.5233749450432327,0.25599861442332034,0.22062644053344704
2026-02-28,Serie A,Como,Lecce,H,0.6871238117611524,0.2096569314282358,0.10321925681061173,0.6886105666666097,0.20926540281874884,0.10212403051464157,0.676900342429736,0.21432607653242208,0.10877358103784195
2026-02-28,Premier League,Newcastle,Everton,A,0.557722363550505,0.24044663122457993,0.20183100522491507,0.5567853708623782,0.24228388019554498,0.20093074894207688,0.5298434186064781,0.25284752952266243,0.21730905187085964
2026-02-28,Bundesliga,Dortmund,Bayern Munich,A,0.21352722353736894,0.20689888400405818,0.5795738924585728,0.21203173837216202,0.2068000880373112,0.5811681735905267,0.22310744820055453,0.21444802669505356,0.5624445251043919
2026-02-28,La Liga,Barcelona,Villarreal,H,0.7296053536640025,0.15303917174415663,0.11735547459184081,0.7326105304274322,0.1515341777025381,0.1158552918700297,0.6859943812424035,0.16964120980182182,0.14436440895577463
2026-02-28,Bundesliga,Werder Bremen,Heidenheim,H,0.527688306087519,0.244504791040552,0.22780690287192895,0.5282716387479169,0.24619731857769978,0.22553104267438323,0.5875512823032879,0.22329739945018068,0.18915131824653134
2026-02-28,La Liga,Vallecano,Ath Bilbao,D,0.39102906898423884,0.304977364482853,0.30399356653290827,0.39033825796615945,0.3095377962510812,0.30012394578275947,0.3875079407364905,0.30873583475071215,0.3037562245127974
2026-02-28,Premier League,Liverpool,West Ham,H,0.6702617997785355,0.18826078439994723,0.14147741582151724,0.6705898869939921,0.18816784414046064,0.14124226886554717,0.6693911502504476,0.18952641001066886,0.14108243973888354
2026-02-28,La Liga,Mallorca,Sociedad,A,0.3165213552588015,0.2901445756539014,0.39333406908729723,0.31496997479213945,0.2940440559054059,0.39098596930245466,0.30938344787154354,0.292088720971892,0.3985278311565646
2026-02-28,Ligue 1,Rennes,Toulouse,H,0.4721727164030952,0.2709860807182981,0.2568412028786067,0.4702812272079993,0.27409709825384043,0.2556216745381603,0.4766357215009084,0.2675134961130455,0.25585078238604625
2026-02-28,Serie A,Verona,Napoli,A,0.13149310935333933,0.24259969012476557,0.6259072005218952,0.130523826046031,0.24356644114721462,0.6259097328067543,0.15155507081352218,0.26575804202144543,0.5826868871650325
2026-02-28,Bundesliga,Hoffenheim,St Pauli,A,0.6356486203266966,0.21579756856356672,0.1485538111097367,0.6363668792843162,0.21616033273334034,0.14747278798234342,0.6224093562712679,0.22377098284990818,0.15381966087882395
2026-02-28,Premier League,Burnley,Brentford,A,0.20620688576389432,0.24788124325423516,0.5459118709818706,0.20540136232622383,0.24960736850699364,0.5449912691667826,0.2175286247474764,0.24909610327283577,0.5333752719796879
2026-02-28,Serie A,Inter,Genoa,H,0.7212552579432178,0.18277423690568875,0.09597050515109347,0.7222640322503308,0.18209068686828025,0.09564528088138895,0.7273586896871965,0.1757102452615138,0.09693106505128962
2026-02-28,Ligue 1,Le Havre,Paris SG,A,0.10179733562955201,0.1615747002479418,0.7366279641225062,0.10055245608503084,0.1596511573329709,0.7397963865819983,0.0999986074168976,0.16719909760614965,0.7328022949769527
2026-02-28,Premier League,Leeds,Man City,A,0.18862690707350901,0.2219140083217753,0.5894590846047156,0.18701824670729664,0.22219305247318605,0.5907887008195173,0.19831692171945295,0.2419365004096651,0.559746577870882
2026-02-28,Ligue 1,Monaco,Angers,H,0.6288585786073223,0.2139267767408471,0.15721464465183058,0.6306349890586771,0.2140504448044859,0.15531456613683697,0.6665698993014605,0.19954640297559645,0.13388369772294292
2026-03-01,Bundesliga,Hamburg,RB Leipzig,A,0.2991361659809293,0.2543064953298364,0.44655733868923425,0.2993611550952902,0.25685295184401824,0.4437858930606915,0.25244618395303325,0.24266144814090015,0.5048923679060665
2026-03-01,Premier League,Arsenal,Chelsea,H,0.5864963829597213,0.2357774403858176,0.177726176654461,0.5883817769590325,0.2365061561723932,0.17511206686857428,0.628152311099469,0.2161074464791751,0.15574024242135595
2026-03-01,Ligue 1,Lorient,Auxerre,D,0.4598397341409161,0.2898989628279688,0.2502613030311152,0.45808155742081963,0.29361644293974476,0.2483019996394355,0.4543784445805266,0.29210042865890995,0.2535211267605633
2026-03-01,La Liga,Betis,Sevilla,D,0.5296453647860403,0.25825683076344114,0.21209780445051843,0.529007630599465,0.2604732142257579,0.21051915517477704,0.542357897904676,0.25854869653537976,0.19909340555994434
2026-03-01,Bundesliga,Stuttgart,Wolfsburg,H,0.6175476320931242,0.20449493957469683,0.1779574283321789,0.6184986071146784,0.20473079433136276,0.17677059855395888,0.6844788936041284,0.1736548304143807,0.14186627598149104
2026-03-01,Ligue 1,Lille,Nantes,H,0.646140622841619,0.21587647537335194,0.1379829017850291,0.6465624753401825,0.21630540471677995,0.13713211994303762,0.631067379205725,0.22603134495589666,0.14290127583837844
2026-03-01,Premier League,Man United,Crystal Palace,H,0.6143579111053518,0.2180899313204613,0.16755215757418684,0.6155227226781977,0.21857359987126354,0.16590367745053874,0.6246455334194109,0.2168309782674277,0.1585234883131614
2026-03-01,Serie A,Roma,Juventus,D,0.36432542111397115,0.30598572949768166,0.32968884938834714,0.36400379936644267,0.31059122464837263,0.3254049759851847,0.36342650674963617,0.3064184272594972,0.3301550659908667
2026-03-01,Premier League,Brighton,Nott'm Forest,H,0.4590290732062423,0.26582192092451884,0.27514900586923874,0.45857836997607665,0.2685245581455862,0.27289707187833717,0.45104089006136383,0.2780753569994839,0.27088375293915234
2026-03-01,Ligue 1,Marseille,Lyon,H,0.4846386129327689,0.25626096519458735,0.25910042187264376,0.4834757883163231,0.25886220598506093,0.257662005698616,0.4892952656306469,0.25951572099747017,0.2511890133718829
2026-03-01,Ligue 1,Paris FC,Nice,H,0.39632278673312693,0.2800364600868801,0.32364075317999286,0.3949862511048456,0.28363018083650104,0.3213835680586533,0.38699235444670765,0.2807138571061193,0.33229378844717306
2026-03-01,Serie A,Torino,Lazio,H,0.33315316760901786,0.32393093459561945,0.3429158977953627,0.32977685867524004,0.3295834049017094,0.3406397364230507,0.33333333333333337,0.33333333333333337,0.33333333333333337
2026-03-01,La Liga,Elche,Espanol,D,0.39306291486530054,0.2951071726748944,0.31182991245980507,0.3933990064429466,0.2993051813987959,0.30729581215825746,0.39211511636443735,0.28779091109316496,0.3200939725423978
2026-03-01,Serie A,Cremonese,Milan,A,0.14182156774838775,0.2271200469014036,0.6310583853502086,0.14046972011303294,0.22732821742346154,0.6322020624635055,0.11506451859204397,0.1987478048408032,0.6861876765671527
2026-03-01,Serie A,Sassuolo,Atalanta,H,0.2530641672674837,0.26676279740447006,0.48017303532804617,0.2510578034308385,0.2694545668137426,0.47948762975541886,0.2921191979264395,0.2841763798559321,0.42370442221762844
2026-03-01,Bundesliga,Ein Frankfurt,Freiburg,H,0.4279087684381169,0.27117474278927184,0.3009164887726113,0.42788534539779743,0.2741058020578062,0.29800885254439624,0.4221246581258097,0.2716280408809558,0.3062473009932345
2026-03-01,Ligue 1,Metz,Brest,A,0.27577229239779905,0.27824189501628677,0.44598581258591424,0.27399096061415384,0.2816141742611682,0.444394865124678,0.263608807549328,0.28176150986559906,0.45462968258507286
2026-03-01,Premier League,Fulham,Tottenham,H,0.45188833398540884,0.26328507974500015,0.28482658626959106,0.4514600134084754,0.26589794093291963,0.28264204565860496,0.4678538081899426,0.25821439686985903,0.2739317949401983
2026-03-01,La Liga,Valencia,Osasuna,H,0.4014123585483454,0.29977269083898866,0.298814950612666,0.40059149364259344,0.3041025292130353,0.2953059771443713,0.3924025822890253,0.3028187130204697,0.3047787046905051
2026-03-01,La Liga,Girona,Celta,A,0.38897366151396534,0.28461487427851123,0.3264114642075234,0.3889857464554267,0.2882876169421216,0.3227266366024517,0.3909279157359248,0.2907828015196231,0.3182892827444523
2026-03-02,Serie A,Udinese,Fiorentina,H,0.3054721801396375,0.286788866369629,0.4077389534907335,0.3043592950068044,0.290527135514925,0.40511356947827054,0.29075191369919373,0.3079110430322609,0.40133704326854525
2026-03-02,Serie A,Pisa,Bologna,A,0.2460769046478198,0.28165428845232393,0.4722688068998563,0.2445223649367631,0.2848476410521668,0.47062999401107014,0.21843659939834104,0.28310967112352964,0.49845372947812927
2026-03-02,La Liga,Real Madrid,Getafe,A,0.729036729036729,0.18225918225918225,0.0887040887040887,0.7284844598904964,0.18218172361840793,0.0893338164910957,0.6774002802080429,0.21399690670208626,0.10860281308987077
2026-03-03,Premier League,Bournemouth,Brentford,D,0.38071208186100114,0.26299887549172224,0.3562890426472765,0.3816786728032566,0.2656993106168025,0.35262201657994074,0.3779798870147041,0.2654353139148203,0.3565847990704756
2026-03-03,Premier League,Everton,Burnley,H,0.6055595930232558,0.23855377906976746,0.15588662790697674,0.606064537229919,0.23960031016621344,0.15433515260386754,0.5858562908264697,0.2495313831297927,0.16461232604373757
2026-03-03,Premier League,Wolves,Liverpool,H,0.15559407069555303,0.20520866590649942,0.6391972633979476,0.1544413592578372,0.20482798194734358,0.6407306587948193,0.13803456551277507,0.2007509073805752,0.6612145271066497
2026-03-03,Premier League,Leeds,Sunderland,A,0.506629608940462,0.2747320911455567,0.21863829991398134,0.5057907407086321,0.27775671654708745,0.21645254274428039,0.5216484381951012,0.26899819747382714,0.20935336433107166
2026-03-04,Premier League,Brighton,Arsenal,A,0.18690762771982464,0.2398330018955913,0.5732593703845841,0.18560571972464907,0.24088691521862282,0.5735073650567282,0.187903809470788,0.24613441709324577,0.5659617734359663
2026-03-04,Premier League,Fulham,West Ham,A,0.4657815310962102,0.2656001427318277,0.2686183261719621,0.46479485026014244,0.26834604655978694,0.26685910318007056,0.4292479184818495,0.26904427939033304,0.30170780212781756
2026-03-04,Premier League,Man City,Nott'm Forest,D,0.6868827034527794,0.19010693004652682,0.12301036650069383,0.687334810857395,0.19000581837310043,0.12265937076950462,0.6801798555168075,0.1957453414427251,0.12407480304046749
2026-03-04,La Liga,Vallecano,Oviedo,H,0.5603342736998989,0.25932825890243255,0.1803374673976686,0.5614941864314962,0.2610347032739579,0.17747111029454601,0.5446330051842218,0.26767474402519986,0.1876922507905784
2026-03-04,Premier League,Aston Villa,Chelsea,A,0.35294968712699387,0.26397077440590294,0.3830795384671031,0.3520144986061857,0.2667343477699671,0.3812511536238471,0.357399320718098,0.2711305191654536,0.3714701601164483
2026-03-04,Premier League,Newcastle,Man United,H,0.3688252304211709,0.2579761174530594,0.37319865212576975,0.3670030768028706,0.2604087227631291,0.37258820043400026,0.3672345496119288,0.2597017809410325,0.3730636694470388
2026-03-04,Bundesliga,Hamburg,Leverkusen,A,0.2786585201733372,0.2614862864371652,0.4598551933894975,0.2781316550032667,0.2643348495776172,0.45753349541911614,0.26510003670051274,0.2585273085178554,0.47637265478163193
2026-03-05,Premier League,Tottenham,Crystal Palace,A,0.40117173196631273,0.28275357012083485,0.3160746979128524,0.3998865307809531,0.28637903031413686,0.31373443890491,0.3866637475623452,0.27995832167718754,0.3333779307604672
2026-03-06,Serie A,Napoli,Torino,H,0.6013824183185652,0.2501750860205232,0.14844249566091167,0.5997732820089927,0.2521823793055716,0.14804433868543573,0.6121772929043087,0.2432808462710629,0.14454186082462842
2026-03-06,La Liga,Celta,Real Madrid,A,0.29886914378029084,0.2827140549273021,0.41841680129240716,0.29932670173234105,0.28669216990639224,0.4139811283612668,0.3165907119381285,0.2866690287976347,0.39674025926423695
2026-03-06,Bundesliga,Bayern Munich,M'gladbach,H,0.7916454110460348,0.1267911223613434,0.08156346659262176,0.7926975392069304,0.1255093923412284,0.08179306845184107,0.7783720052332466,0.13302685400172717,0.08860114076502618
2026-03-06,Ligue 1,Paris SG,Monaco,A,0.701380040432977,0.16934220796039445,0.12927775160662852,0.7019434983072533,0.16876332230476518,0.1292931793879814,0.6954641302884832,0.17322446049620893,0.131311409215308
2026-03-07,Ligue 1,Auxerre,Strasbourg,D,0.2664619464703214,0.28171127473217716,0.4518267787975015,0.265630393806561,0.2852943639963784,0.4490752421970607,0.2792206266011704,0.28514348837755893,0.43563588502127054
2026-03-07,Bundesliga,RB Leipzig,Augsburg,H,0.6618213970693452,0.19122298562864276,0.14695561730201206,0.6634595684068921,0.1908436821716742,0.14569674942143365,0.7043744709262815,0.17284465799482554,0.1227808710788931
2026-03-07,La Liga,Levante,Girona,D,0.3378455937817717,0.28036141812338067,0.3817929880948477,0.33595573329304995,0.28390483718842624,0.3801394295185238,0.34838380765214244,0.28418014521473856,0.367436047133119
2026-03-07,Serie A,Juventus,Pisa,H,0.763708476664784,0.15814165425886942,0.07814986907634647,0.7637932594512074,0.1575414725254798,0.07866526802331293,0.7893540189915742,0.14167892648566716,0.06896705452275868
2026-03-07,La Liga,Osasuna,Mallorca,D,0.542569450687764,0.2659354490694956,0.19149510024274027,0.5424303795221551,0.26827507358869324,0.18929454688915162,0.4980974244473098,0.27934840718261583,0.22255416837007452
2026-03-07,Bundesliga,Heidenheim,Hoffenheim,A,0.19185723824522952,0.21678532488498095,0.5913574368697897,0.19114953023406606,0.21727098644226606,0.591579483323668,0.17262150445643498,0.2054838039919051,0.6218946915516599
2026-03-07,Bundesliga,Mainz,Stuttgart,D,0.3054091922720186,0.25520494148757716,0.4393858662404041,0.303487078922896,0.25754760897757284,0.4389653120995312,0.27027672895856236,0.24876929694594466,0.48095397409549306
2026-03-07,Ligue 1,Toulouse,Marseille,A,0.31929412717043754,0.27038491115878094,0.4103209616707816,0.32136792334121606,0.273654716550042,0.404977360108742,0.29917730675381093,0.26527619550692016,0.4355464977392689
2026-03-07,La Liga,Ath Bilbao,Barcelona,A,0.19792578816912015,0.21813166909589812,0.5839425427349818,0.19628701487787747,0.21853370944410758,0.5851792756780149,0.2037705762364656,0.22095029694961027,0.5752791268139242
2026-03-07,Bundesliga,Freiburg,Leverkusen,D,0.3256530641791971,0.27802022792612047,0.3963267078946824,0.3230944886928161,0.28143992891151925,0.39546558239566465,0.3196099411507222,0.27882885073683183,0.40156120811244594
2026-03-07,Serie A,Cagliari,Como,A,0.16833245660178853,0.24460810099947397,0.5870594423987375,0.16684056261759114,0.24548294931660278,0.587676488065806,0.14297086976183299,0.2340169957793187,0.6230121344588484
2026-03-07,La Liga,Ath Madrid,Sociedad,H,0.5872811591630239,0.23609292830674328,0.17662591253023274,0.5876348606439346,0.2373098964369986,0.17505524291906677,0.578389498934357,0.23747478167833802,0.18413571938730505
2026-03-07,Ligue 1,Nantes,Angers,A,0.4304052353385352,0.2965013843443242,0.2730933803171407,0.4310033382538662,0.3004283674213155,0.26856829432481827,0.4270134591249405,0.31419050504176227,0.2587960358332973
2026-03-07,Serie A,Atalanta,Udinese,D,0.5686839577329491,0.2536023054755043,0.17771373679154656,0.5669655901286933,0.25586066116378564,0.1771737487075211,0.5554882169166109,0.2586157263330778,0.18589605675031137
2026-03-07,Bundesliga,Wolfsburg,Hamburg,A,0.4050203195639046,0.2646439588059604,0.33033572163013497,0.40351492323449,0.2674724686070736,0.3290126081584366,0.3668807026625092,0.2786986940106895,0.35442060332680136
2026-03-07,Bundesliga,FC Koln,Dortmund,A,0.2271339799789008,0.23457161660289502,0.5382944034182042,0.22677765601073002,0.23618624632143345,0.5370360976678366,0.23257551250454392,0.23788815111505382,0.5295363363804023
2026-03-08,Ligue 1,Lyon,Paris FC,D,0.5698491626417627,0.24211207946437588,0.18803875789386135,0.5695631433817894,0.2436087309924286,0.18682812562578205,0.5176044333625236,0.2707011691723543,0.21169439746512203
2026-03-08,Bundesliga,Union Berlin,Werder Bremen,A,0.4247787610619469,0.2831858407079646,0.2920353982300885,0.4236046786498407,0.2866974427880771,0.28969787856208234,0.3960571274059143,0.29517465155723804,0.3087682210368477
2026-03-08,Ligue 1,Nice,Rennes,A,0.34121775294041196,0.26262265254402495,0.3961595945155631,0.34118266538800573,0.26532678942007326,0.393490545191921,0.36050761503960144,0.2719436055645549,0.36754877939584363
2026-03-08,La Liga,Getafe,Betis,H,0.33163896139579613,0.3269679901085314,0.3413930484956724,0.33210530433936347,0.3329174696572828,0.3349772260033537,0.3465479045525015,0.34029252721400877,0.3131595682334898
2026-03-08,Serie A,Milan,Inter,H,0.27449415014430045,0.29809715031594414,0.4274086995397556,0.27302978285092794,0.3023400299011495,0.4246301872479225,0.3015267175572519,0.3015267175572519,0.3969465648854962
2026-03-08,Serie A,Bologna,Verona,A,0.6081711493168855,0.24076698456246878,0.15106186612064576,0.6085858667734776,0.2419108742669948,0.14950325895952754,0.5912867194021544,0.2507055690265135,0.158007711571332
2026-03-08,Serie A,Fiorentina,Parma,D,0.5510609710036346,0.25736364030389525,0.1915753886924701,0.5511530725750652,0.25934858681869355,0.18949834060624127,0.5477073003092936,0.2638813883843095,0.188411311306397
2026-03-08,Ligue 1,Lens,Metz,H,0.7429319943237638,0.1630826329003384,0.09398537277589783,0.7441997257963089,0.16202626617490776,0.09377400802878331,0.748502994011976,0.15718562874251496,0.09431137724550899
2026-03-08,Bundesliga,St Pauli,Ein Frankfurt,D,0.3532008830022075,0.282560706401766,0.36423841059602646,0.35151232249913555,0.28637241537210534,0.3621152621287591,0.3701787626657879,0.2866628223082626,0.3431584150259494
2026-03-08,Serie A,Genoa,Roma,H,0.2220303598598776,0.2822193128339408,0.4957503273061818,0.2206995550912408,0.2854355872566583,0.4938648576521008,0.22384555178711193,0.30133055048265067,0.4748238977302375
2026-03-08,La Liga,Villarreal,Elche,H,0.6358074452668633,0.2081596758446078,0.15603287888852904,0.6356441217518928,0.20867745114658504,0.15567842710152224,0.6509277199576713,0.20563076120667173,0.14344151883565703
2026-03-08,La Liga,Sevilla,Vallecano,D,0.3788197905501499,0.3018338331157646,0.3193463763340854,0.375775702037137,0.30647928092115667,0.3177450170417063,0.3725814637688934,0.3110993740380528,0.3163191621930537
2026-03-08,Serie A,Lecce,Cremonese,H,0.4434089780074631,0.31607869716072534,0.24051232483181156,0.44233491683126197,0.3209590212480459,0.2367060619206923,0.411624691951674,0.3225100679208992,0.2658652401274268
2026-03-08,Ligue 1,Brest,Le Havre,H,0.4984830889824358,0.2679706778922921,0.2335462331252722,0.4989683174025702,0.27045728159895077,0.2305744009984791,0.49504420037503355,0.2799357085454059,0.22502009107956072
2026-03-08,Ligue 1,Lille,Lorient,D,0.6033055679638437,0.23378090758598943,0.16291352445016685,0.60506010406593,0.23454687220528542,0.16039302372878453,0.6187787557022986,0.22828730792900334,0.15293393636869818
2026-03-08,La Liga,Valencia,Alaves,H,0.45463202803595915,0.3021103154045406,0.2432576565595002,0.4540462853043609,0.3061632476121346,0.2397904670835044,0.4525923663661625,0.3066423850298431,0.24076524860399443
2026-03-09,Serie A,Lazio,Sassuolo,H,0.4327460249247958,0.293940696175333,0.27331327889987106,0.43151668887450984,0.2978187203549949,0.27066459077049526,0.4260594842992086,0.29662369160071483,0.27731682410007663
2026-03-09,La Liga,Espanol,Oviedo,D,0.4974310739277872,0.28252882748768576,0.22004009858452706,0.49588782248583985,0.28593330285186985,0.21817887466229025,0.48493056574338134,0.2894662453975876,0.2256031888590311
2026-03-13,Ligue 1,Marseille,Auxerre,H,0.664948082434437,0.19696991517490675,0.1380820023906563,0.6636019197315176,0.19755211462859606,0.13884596563988633,0.6608579501037197,0.20715635522015052,0.13198569467612967
2026-03-13,Serie A,Torino,Parma,H,0.44063489129681394,0.31495044243698445,0.2444146662662015,0.4389181797176144,0.3198296325860428,0.2412521876963428,0.41774293900617027,0.3218909632753024,0.2603660977185272
2026-03-13,La Liga,Alaves,Villarreal,D,0.2895053568257601,0.28086340587573744,0.4296312372985025,0.2901442816861216,0.28458026089533894,0.4252754574185394,0.2755041621678102,0.27712955545493595,0.4473662823772538
2026-03-13,Bundesliga,M'gladbach,St Pauli,H,0.4940088841104572,0.28357005432322313,0.2224210615663196,0.4931645133131302,0.2868635155003529,0.21997197118651693,0.4909610506373823,0.28416230506587886,0.22487664429673868
2026-03-14,Bundesliga,Hoffenheim,Wolfsburg,D,0.6494915864303069,0.19566273733465311,0.15484567623504006,0.6505039291794661,0.1955557480757129,0.153940322744821,0.6657929389807662,0.188886930374825,0.1453201306444087
2026-03-14,Bundesliga,Leverkusen,Bayern Munich,D,0.1872705018359853,0.20318237454100369,0.609547123623011,0.1860937641937284,0.20288667685360529,0.6110195589526664,0.19085049186766412,0.2006586541906276,0.6084908539417083
2026-03-14,Premier League,Sunderland,Brighton,A,0.2891154979165097,0.28823135266294236,0.4226531494205478,0.28716805279638535,0.2919083885830812,0.4209235586205335,0.25886828411265045,0.2723354202803606,0.46879629560698893
2026-03-14,Premier League,Burnley,Bournemouth,D,0.23483000714199095,0.24647953752240298,0.5186904553356062,0.23306970340358815,0.24807118383455912,0.5188591127618528,0.24088830213588575,0.24027535480220666,0.5188363430619077
2026-03-14,Premier League,Arsenal,Everton,H,0.6870059427631545,0.2064031012248951,0.10659095601195036,0.6874294769174466,0.20649727195817733,0.10607325112437604,0.687617304440894,0.20258832410409133,0.10979437145501454
2026-03-14,Bundesliga,Hamburg,FC Koln,D,0.44546597857669457,0.2644954247799124,0.290038596643393,0.44568897047919803,0.2672383456875555,0.28707268383324647,0.40323000781453505,0.2719458192237562,0.32482417296170873
2026-03-14,La Liga,Girona,Ath Bilbao,H,0.3532754492745262,0.28390111633541987,0.362823434390054,0.3526400504857705,0.28743434351206826,0.35992560600216117,0.3357781870806473,0.28663991580055254,0.3775818971188001
2026-03-14,La Liga,Oviedo,Valencia,H,0.3278635926112664,0.30150799834991054,0.37062840903882294,0.3267045218411993,0.305953549347003,0.3673419288117978,0.33573755234993025,0.3013029315960912,0.36295951605397864
2026-03-14,Bundesliga,Ein Frankfurt,Heidenheim,H,0.614838363403658,0.21336856446884936,0.17179307212749267,0.6170879134375742,0.2134133360374878,0.16949875052493793,0.5829338611816343,0.22031068462498388,0.19675545419338183
2026-03-14,Ligue 1,Monaco,Brest,H,0.5687875701536201,0.23146690199799924,0.19974552784838054,0.5691183675851947,0.2327266833462186,0.19815494906858663,0.5939138926071404,0.22666278993219371,0.17942331746066575
2026-03-14,Premier League,Chelsea,Newcastle,A,0.5268158238205344,0.22888357394144576,0.24430060223801986,0.5284161114354031,0.22991544122263108,0.24166844734196583,0.5581577610012063,0.2224732585122732,0.2193689804865206
2026-03-14,Serie A,Inter,Atalanta,D,0.6150247474405044,0.22245575971252285,0.16251949284697267,0.6169216530809902,0.22273715695649032,0.16034118996251934,0.6295022302031855,0.21125187455016808,0.15924589524664629
2026-03-14,Serie A,Udinese,Juventus,A,0.1552511415525114,0.23287671232876717,0.6118721461187214,0.15438517450458175,0.23351310109667392,0.6121017243987444,0.1529653815189194,0.2311476876285893,0.6158869308524912
2026-03-14,Ligue 1,Lorient,Lens,H,0.23159543522040726,0.25990154396956816,0.5085030208100246,0.22924458070146786,0.2618692209987224,0.5088861982998097,0.18908631667572923,0.24021680026661524,0.5706968830576556
2026-03-14,Premier League,West Ham,Man City,D,0.21327547461281388,0.22766514518910008,0.5590593801980861,0.21269530747544524,0.22869279712908772,0.558611895395467,0.19580314576372987,0.22639738728931263,0.5777994669469575
2026-03-14,Bundesliga,Dortmund,Augsburg,H,0.6692129535573524,0.1919873227418634,0.1387997237007842,0.6700395017814085,0.1917599174585585,0.1382005807600331,0.6133398451126769,0.20993511477011093,0.17672504011721202
2026-03-14,La Liga,Real Madrid,Elche,H,0.7224077120604143,0.16592403280539555,0.1116682551341901,0.7225272072427081,0.1653617593509227,0.11211103340636912,0.7405041327739896,0.15859026115058464,0.10090560607542563
2026-03-14,Ligue 1,Angers,Nice,A,0.31348946096947455,0.2956324663572893,0.39087807267323604,0.312943634230413,0.29988840659295285,0.3871679591766341,0.29441771444195514,0.30592589871981657,0.3996563868382284
2026-03-14,La Liga,Ath Madrid,Getafe,H,0.6072914147231595,0.2564854748830783,0.13622311039376225,0.604652085885669,0.25896161123300737,0.1363863028813236,0.5737758397581584,0.27196311479866464,0.154261045443177
2026-03-14,Serie A,Napoli,Lecce,H,0.6984662634248864,0.20661032957822245,0.09492340699689127,0.6981480162934712,0.2068861665457864,0.09496581716074243,0.6582630699637528,0.22465780192080345,0.11707912811544362
2026-03-15,La Liga,Betis,Celta,D,0.42856226728177094,0.287466382361311,0.2839713503569181,0.42747295299839333,0.29123197541000434,0.2812950715916023,0.46511872478835364,0.2829939229133959,0.25188735229825054
2026-03-15,Ligue 1,Rennes,Lille,A,0.4208383813908408,0.27971892415798405,0.29944269445117516,0.42085987067584174,0.2829949953350505,0.2961451339891077,0.4281893298944453,0.28764866026651387,0.28416200983904094
2026-03-15,Bundesliga,Stuttgart,RB Leipzig,H,0.41200386682526485,0.24185162052599962,0.3461445126487356,0.41286044348395134,0.24356953508659876,0.3435700214294499,0.390824590538105,0.23989233178809513,0.3692830776737999
2026-03-15,Premier League,Crystal Palace,Leeds,D,0.378472094138478,0.2908628130879044,0.3306650927736176,0.37639828520433816,0.2947885600635405,0.3288131547321214,0.355571106445844,0.2928232641318716,0.35160562942228446
2026-03-15,Bundesliga,Freiburg,Union Berlin,A,0.44270638572570076,0.286536955178291,0.2707566590960083,0.4405979355064045,0.2902662638204992,0.26913580067309634,0.49662450863100327,0.2651469834216373,0.2382285079473594
2026-03-15,Serie A,Pisa,Cagliari,H,0.37589813855562604,0.3162116097984828,0.3078902516458911,0.37486366155864387,0.32147661339804917,0.303659725043307,0.36698032506415745,0.32720273738237815,0.3058169375534645
2026-03-15,Serie A,Sassuolo,Bologna,A,0.3795895903766019,0.2902743926409309,0.3301360169824672,0.37807691367453766,0.2942288625554354,0.32769422377002694,0.39645848406440454,0.2954737758593204,0.3080677400762751
2026-03-15,Ligue 1,Le Havre,Lyon,D,0.2542431996967112,0.2768761254857359,0.4688806748175528,0.25344346047529803,0.2803085209966158,0.4662480185280861,0.27297308847353724,0.2819902175222126,0.4450366940042502
2026-03-15,Serie A,Verona,Genoa,A,0.29841497136085327,0.30621666995852265,0.39536835868062414,0.2971821022654179,0.31103460515148623,0.3917832925830959,0.2802160839873611,0.323697890123331,0.3960860258893079
2026-03-15,Serie A,Como,Roma,H,0.44947629408490614,0.28416738349440873,0.26635632242068513,0.4494012543348856,0.2877826377397008,0.26281610792541366,0.45548873774936766,0.3026796128269991,0.24183164942363336
2026-03-15,Ligue 1,Metz,Toulouse,A,0.24313892691246103,0.28292529677086375,0.4739357763166752,0.2410499149788745,0.2862406058274631,0.4727094791936624,0.24000000000000002,0.28,0.48000000000000004
2026-03-15,Ligue 1,Strasbourg,Paris FC,D,0.538964206556293,0.24864215395796976,0.2123936394857373,0.53999063320043,0.2501969528126318,0.20981241398693817,0.5688404829911998,0.2388261569810381,0.19233336002776225
2026-03-15,Bundesliga,Werder Bremen,Mainz,A,0.42424120603015075,0.26974874371859303,0.3060100502512563,0.42557807353486743,0.27271068393402637,0.3017112425311062,0.4192169001499825,0.26984076331493123,0.3109423365350864
2026-03-15,Premier League,Nott'm Forest,Fulham,D,0.43102638745422106,0.27763170250727764,0.29134191003850124,0.43143309951214703,0.28083219879567445,0.28773470169217846,0.4126310842404184,0.2854758860756973,0.3018930296838844
2026-03-15,La Liga,Barcelona,Sevilla,H,0.7434798628688603,0.15458492198263432,0.10193521514850533,0.7444355311699712,0.15360086009571125,0.10196360873431756,0.7374691331282762,0.1608109864402374,0.10171988043148639
2026-03-15,Premier League,Liverpool,Tottenham,D,0.7295363021210374,0.16253917612023114,0.10792452175873145,0.7318641248184873,0.1612865736030452,0.10684930157846757,0.7250411471433839,0.16057129323448024,0.11438755962213581
2026-03-15,Premier League,Man United,Aston Villa,H,0.5507262695642382,0.23426415944150436,0.2150095709942574,0.5534910404017507,0.23519193772141814,0.21131702187683118,0.5576890149940074,0.2356236088349681,0.20668737617102467
2026-03-15,La Liga,Sociedad,Osasuna,H,0.4985590055885522,0.2718091371576072,0.2296318572538406,0.4974153712563509,0.2747708115399954,0.2278138172036538,0.49210683811223527,0.26626743931851826,0.2416257225692466
2026-03-15,La Liga,Mallorca,Espanol,H,0.4056236137458798,0.3019204891959623,0.29245589705815783,0.40496271191476335,0.306297759740026,0.28873952834521066,0.3867350089544864,0.3041314148088681,0.30913357623664545
2026-03-15,Serie A,Lazio,Milan,H,0.2346882714466754,0.2813431687824603,0.4839685597708644,0.2331885679133743,0.28446484956683,0.4823465825197956,0.21022350449937888,0.27176719712093617,0.5180092983796849
2026-03-16,Serie A,Cremonese,Fiorentina,A,0.247364722417428,0.2656359803232607,0.4869992972593113,0.24638569755506687,0.26816577083495674,0.48544853160997636,0.22443223986937805,0.2792043936470239,0.496363366483598
2026-03-16,La Liga,Vallecano,Levante,D,0.5599245351915529,0.2500197790828591,0.19005568572558806,0.561857500850674,0.2513181507962325,0.18682434835309353,0.523139332726219,0.2652537461710407,0.2116069211027403
2026-03-16,Premier League,Brentford,Wolves,D,0.6089351127093117,0.22596628278851563,0.16509860450217256,0.6076195780260931,0.22725687767155092,0.165123544302356,0.6167702651274896,0.21996701763288087,0.16326271723962957
2026-03-20,Premier League,Bournemouth,Man United,D,0.2930885155032045,0.250996015936255,0.45591546856054044,0.2924476678725377,0.25311896712648696,0.4544333650009753,0.307391934324664,0.2536809780582576,0.4389270876170783
2026-03-20,Serie A,Genoa,Udinese,A,0.4392468944099379,0.303222049689441,0.2575310559006211,0.4380482030700235,0.3076427469577148,0.2543090499722617,0.4357007546349492,0.30856184590540675,0.25573739945964413
2026-03-20,Bundesliga,RB Leipzig,Hoffenheim,H,0.49422468635604366,0.22959093009204964,0.2761843835519068,0.4940703197317833,0.23111416273427166,0.274815517533945,0.4930695202528009,0.23538494685435218,0.2715455328928469
2026-03-20,La Liga,Villarreal,Sociedad,H,0.4873374202934216,0.2598235417586474,0.25283903794793106,0.4866053907184422,0.26248242830799046,0.2509121809735674,0.4892952656306469,0.25951572099747017,0.2511890133718829
2026-03-20,Serie A,Cagliari,Napoli,A,0.17937058311361068,0.27837037082616733,0.542259046060222,0.17867922070919318,0.28137493448139916,0.5399458448094075,0.17228472257516733,0.2786206937788314,0.5490945836460012
2026-03-20,Ligue 1,Lens,Angers,H,0.7719288573062157,0.149722290288328,0.07834885240545618,0.7745279142542111,0.14795523545627837,0.07751685028951058,0.7839996469861442,0.14385314623598977,0.07214720677786604
2026-03-21,Ligue 1,Nice,Paris SG,A,0.12372178751400989,0.17394776456811445,0.7023304479178756,0.12200473963431603,0.17218859375607437,0.7058066666096096,0.14691690627231138,0.1990988095571915,0.6539842841704971
2026-03-21,Serie A,Juventus,Sassuolo,D,0.7173446257614993,0.18106386507660194,0.10159150916189882,0.7178501486664768,0.18067465820109144,0.10147519313243171,0.7402097685915406,0.16406045481871845,0.095729776589741
2026-03-21,Ligue 1,Toulouse,Lorient,H,0.4789736279401284,0.2965074839629366,0.22451888809693513,0.4785474335759272,0.3003708748955303,0.22108169152854243,0.5209746916943193,0.2799267000148581,0.19909860829082265
2026-03-21,Bundesliga,Heidenheim,Leverkusen,D,0.18349343266026272,0.2166241913350323,0.5998823760047048,0.18285428743722082,0.21718689361335206,0.599958818949427,0.1785639168329631,0.2046857125268682,0.6167503706401687
2026-03-21,Premier League,Brighton,Liverpool,H,0.3114231972939652,0.26492902981064087,0.42364777289539407,0.31111196728490575,0.2678374525018665,0.42105058021322767,0.30909650932030586,0.26042661696876596,0.4304768737109282
2026-03-21,La Liga,Levante,Oviedo,H,0.43116665745572824,0.2865680833089901,0.28226525923528156,0.43130139277429697,0.29014420459695967,0.2785544026287434,0.41017326082121996,0.2944503972666438,0.29537634191213635
2026-03-21,Premier League,Fulham,Burnley,H,0.6172596271664309,0.23090641309648882,0.15183395973708025,0.6173175608522845,0.23193302445062458,0.15074941469709097,0.6207058363476391,0.21992374621175087,0.15937041744061
2026-03-21,Bundesliga,FC Koln,M'gladbach,D,0.41552775207953746,0.27178414016830216,0.3126881077521603,0.41594353678977636,0.274753651883431,0.3093028113267926,0.40796503156872277,0.2792617775619233,0.31277319086935407
2026-03-21,La Liga,Espanol,Getafe,A,0.39160015700641115,0.32186314274499545,0.2865367002485935,0.38964972073816756,0.3271838002247065,0.28316647903712594,0.38212009406588715,0.3321609298240574,0.2857189761100554
2026-03-21,Ligue 1,Auxerre,Brest,H,0.40681914789262014,0.29424026419906485,0.29894058790831507,0.40674550439487084,0.2984335088401774,0.2948209867649519,0.41426054713051436,0.3033456264471831,0.2823938264223026
2026-03-21,Bundesliga,Dortmund,Hamburg,H,0.6751908396946565,0.19093511450381678,0.1338740458015267,0.6756830041009,0.19074789141487042,0.13356910448422962,0.6668340457066264,0.19670209298040653,0.1364638613129671
2026-03-21,Premier League,Everton,Chelsea,H,0.2784961209468868,0.2689476825144221,0.452556196538691,0.27670925525714035,0.271710090012265,0.45158065473059467,0.2996446574663251,0.2751838691017271,0.4251714734319478
2026-03-21,Premier League,Leeds,Brentford,D,0.38352603964244075,0.2758696074621065,0.3406043528954528,0.38476028238415627,0.2792505382688407,0.33598917934700306,0.40229149587090846,0.27723900741836793,0.32046949671072367
2026-03-21,La Liga,Osasuna,Girona,H,0.4334003137988935,0.28073990475928323,0.28585978144182334,0.4320987225975292,0.2842087549519288,0.28369252245054194,0.4668113582926388,0.26962380177247236,0.2635648399348887
2026-03-21,La Liga,Sevilla,Valencia,A,0.41905639956708224,0.2998997875496052,0.2810438128833127,0.4178026694971255,0.30424659313627483,0.2779507373665997,0.43090367052068707,0.29916242093474454,0.26993390854456834
2026-03-21,Serie A,Parma,Cremonese,A,0.45593247236097356,0.30200028715871563,0.24206724048031075,0.45489054565597187,0.30618007993192414,0.2389293744121041,0.42466188329417737,0.3087180138421487,0.2666201028636739
2026-03-21,La Liga,Elche,Mallorca,H,0.4468109869646182,0.28433426443202975,0.2688547486033519,0.44632351939030285,0.287968864386587,0.2657076162231102,0.4575039675710817,0.2783036004512514,0.26419243197766684
2026-03-21,Bundesliga,Bayern Munich,Union Berlin,H,0.8070194071183211,0.12301478479070335,0.06996580809097551,0.8084240337073682,0.12156754210179167,0.0700084241908403,0.8301656274712479,0.10819921096222723,0.061635161566524974
2026-03-21,Bundesliga,Wolfsburg,Werder Bremen,A,0.4017305718056936,0.2618019456711262,0.3364674825231802,0.40070472842730015,0.2645140736022653,0.3347811979704346,0.4017120048731225,0.26257153391148225,0.33571646121539517
2026-03-21,Serie A,Milan,Torino,H,0.6877595956119137,0.19858875796862055,0.1136516464194657,0.6882350801944188,0.19852416336940631,0.1132407564361749,0.6993958420196371,0.1956556217758484,0.10494853620451443
2026-03-22,Premier League,Tottenham,Nott'm Forest,A,0.41998733214090805,0.2775137533910425,0.30249891446804955,0.4183574071768084,0.2810407351275034,0.30060185769568826,0.39834848833408,0.2869562058819969,0.31469530578392324
2026-03-22,Bundesliga,St Pauli,Freiburg,A,0.3499787505312367,0.30522736931576716,0.34479388015299617,0.3491205435441329,0.3100825458394425,0.34079691061642464,0.3525264394829612,0.3125734430082256,0.33490011750881316
2026-03-22,Bundesliga,Mainz,Ein Frankfurt,H,0.4478193696131253,0.2601855555294136,0.29199507485746107,0.44661954602407405,0.2627885427983348,0.29059191117759114,0.436941433453512,0.26764218858263555,0.29541637796385245
2026-03-22,Ligue 1,Paris FC,Le Havre,H,0.4697260186939639,0.2930265759250747,0.23724740538096145,0.4683598684939818,0.29697997602790654,0.23466015547811175,0.4474938360406033,0.2964470207209044,0.2560591432384924
2026-03-22,Serie A,Atalanta,Verona,H,0.6813308303185871,0.20469807840711937,0.11397109127429357,0.6815503684523017,0.20478504419164004,0.11366458735605822,0.685537755278507,0.20461584416809472,0.1098464005533982
2026-03-22,Serie A,Como,Pisa,H,0.7545777776769005,0.16619475032315392,0.07922747199994552,0.7558752089528702,0.16521958342926985,0.07890520761786006,0.7303023901987228,0.1764213639244106,0.09327624587686659
2026-03-22,Premier League,Aston Villa,West Ham,H,0.4819788503055363,0.26400526912803246,0.2540158805664312,0.4797375407711493,0.2668551628097027,0.253407296419148,0.5444594240465763,0.24852633340384617,0.20701424254957734
2026-03-22,La Liga,Barcelona,Vallecano,H,0.7639219218373982,0.1425053126363342,0.09357276552626763,0.7648233976996581,0.14144901806120047,0.09372758423914142,0.7830104321907599,0.1323397913561848,0.08464977645305514
2026-03-22,Serie A,Roma,Lecce,H,0.6362303306877437,0.23617641063408668,0.12759325867816962,0.6361063243643625,0.237120310113321,0.12677336552231633,0.6360158491597213,0.23591565332240289,0.12806849751787588
2026-03-22,La Liga,Real Madrid,Ath Madrid,H,0.48903604946934476,0.24710551705990705,0.26385843347074817,0.4901797150393343,0.24871622386974532,0.2611040610909204,0.4697646708370569,0.247244563598451,0.28299076556449215
2026-03-22,Ligue 1,Lyon,Monaco,A,0.34609962791155113,0.26775615912928025,0.3861442129591687,0.3442358969531378,0.270379269829582,0.3853848332172802,0.3586616762334678,0.26695840674195614,0.37437991702457596
2026-03-22,Ligue 1,Rennes,Metz,D,0.6982163856973382,0.1852692983830561,0.11651431591960566,0.7015438188456751,0.18397006805979374,0.11448611309453136,0.7288563386065932,0.16849904602195434,0.10264461537145254
2026-03-22,Serie A,Bologna,Lazio,A,0.40686818567604627,0.3078279036364824,0.2853039106874714,0.4060146065896591,0.3125807066767572,0.2814046867335837,0.41043685990299184,0.30125013114674715,0.28831300895026113
2026-03-22,Serie A,Fiorentina,Inter,D,0.18613784694828947,0.23232589830022235,0.5815362547514883,0.1856418097660775,0.233540113280559,0.5808180769533634,0.17982353138524507,0.23350219747039289,0.586674271144362
2026-03-22,La Liga,Ath Bilbao,Betis,H,0.4290436817036703,0.2759041964938057,0.29505212180252405,0.4284491140674541,0.2793177372842552,0.2922331486482906,0.4697638242816758,0.2699792093572849,0.26025696636103923
2026-03-22,Bundesliga,Augsburg,Stuttgart,A,0.27765562809367567,0.2487794427719334,0.47356492913439097,0.2759831983436001,0.25073760537699663,0.47327919627940335,0.27819995738747866,0.2506775017101077,0.47112254090241357
2026-03-22,Ligue 1,Marseille,Lille,A,0.4896343308338103,0.2569235087616971,0.25344216040449263,0.48871098803289775,0.25933762778870334,0.25195138417839885,0.5057773877431623,0.258446687143484,0.23577592511335382
2026-03-22,Premier League,Newcastle,Sunderland,A,0.5709243712161584,0.2421658643975993,0.18690976438624232,0.5703928739118928,0.2438645140255327,0.18574261206257453,0.6147334171857232,0.22393860197479912,0.1613279808394779
2026-03-22,La Liga,Celta,Alaves,A,0.5171620884362167,0.28110011413500063,0.20173779742878278,0.5162479662854018,0.28422272515186725,0.1995293085627309,0.48364648573416846,0.29018789144050106,0.22616562282533054
2026-03-22,Ligue 1,Nantes,Strasbourg,A,0.26861528972346915,0.2663194325463455,0.46506527773018547,0.2676516660951238,0.26921404152326106,0.46313429238161513,0.2738253793506963,0.2746260383546457,0.4515485822946579
2026-04-03,Ligue 1,Paris SG,Toulouse,H,0.759068378013407,0.15255182961695699,0.0883797923696361,0.7601504511524814,0.15147226483503962,0.08837728401247903,0.7405393882660742,0.16159536479345607,0.09786524694046976
2026-04-03,La Liga,Vallecano,Elche,H,0.5487899304372603,0.2503763077856997,0.20083376177703993,0.5506899338469713,0.25177652418325663,0.19753354196977205,0.5493986737102393,0.24985950320332695,0.20074182308643362
2026-04-04,Ligue 1,Brest,Rennes,A,0.30424719128261074,0.27311078281801604,0.4226420258993733,0.30046290698360645,0.2758814108455402,0.42365568217085336,0.29678060838459985,0.2775205099053633,0.4256988817100369
2026-04-04,Bundesliga,Freiburg,Bayern Munich,A,0.14030216891865582,0.17764495152057944,0.6820528795607648,0.1387723167025242,0.17624977597353197,0.6849779073239438,0.17247700930103785,0.20315621702920508,0.624366773669757
2026-04-04,Serie A,Sassuolo,Cagliari,H,0.4770917484131563,0.3012406231967686,0.221667628390075,0.4765756108556484,0.3052052149100797,0.21821917423427195,0.44620481996855044,0.30273060132914514,0.25106457870230436
2026-04-04,Bundesliga,Stuttgart,Dortmund,A,0.40959771935381695,0.24193854925562244,0.34846373139056064,0.41184792493707384,0.24386762567620715,0.344284449386719,0.4025051780254463,0.24359404280501032,0.3539007791695434
2026-04-04,La Liga,Ath Madrid,Barcelona,A,0.3133710927683594,0.24936691732230193,0.4372619899093387,0.3116299577674377,0.2514594576271234,0.4369105846054388,0.2924320352681851,0.23585598824393827,0.47171197648787655
2026-04-04,Serie A,Verona,Fiorentina,A,0.22727835408878214,0.2760763536431383,0.4966452922680795,0.2255987848212228,0.27893623664333317,0.49546497853544397,0.24058597016156547,0.3005403013839364,0.4588737284544981
2026-04-04,La Liga,Sociedad,Levante,H,0.6005046703209321,0.2255484048813071,0.1739469247977608,0.6004347045832712,0.22653567492857674,0.17302962048815207,0.5988377734412903,0.2217394585619872,0.1794227679967225
2026-04-04,Bundesliga,Werder Bremen,RB Leipzig,A,0.273199230828624,0.24268606998282966,0.4841146991885463,0.2725677665778648,0.24457482632284455,0.4828574070992907,0.2514424536896447,0.23747342848466446,0.5110841178256909
2026-04-04,Bundesliga,Leverkusen,Wolfsburg,H,0.6718239673755677,0.1894189279213061,0.13875710470312616,0.6725304298916411,0.18915577400032477,0.13831379610803413,0.6608486307553415,0.19229611796569362,0.1468552512789648
2026-04-04,Serie A,Lazio,Parma,D,0.5316103392383458,0.2767500883681977,0.19163957239345664,0.5313296587646429,0.2795128990309923,0.1891574422043648,0.48986486486486486,0.2939189189189189,0.21621621621621623
2026-04-04,La Liga,Mallorca,Real Madrid,H,0.1706331504655173,0.2227935211054503,0.6065733284290324,0.17028267411058506,0.22367493616738154,0.6060423897220334,0.17352961599888897,0.21287873527301343,0.6135916487280976
2026-04-04,Ligue 1,Lille,Lens,H,0.3625688256251401,0.28175529220266915,0.3556758821721907,0.3609508925507239,0.28558522545561654,0.3534638819936597,0.3323010372118173,0.2772452440642973,0.39045371872388535
2026-04-04,Ligue 1,Strasbourg,Nice,H,0.5168889789664968,0.25492344739219597,0.22818757364130712,0.5193001821732335,0.25658479427861836,0.22411502354814827,0.4877234923856401,0.25578976638703405,0.25648674122732573
2026-04-04,Bundesliga,Hoffenheim,Mainz,A,0.5583377880313987,0.2302281743240582,0.21143403764454322,0.5573572031281505,0.23175978541796322,0.2108830114538863,0.5535609090627229,0.23824140390041237,0.20819768703686484
2026-04-04,Bundesliga,M'gladbach,Heidenheim,D,0.5989213738291229,0.22140221402214025,0.17967641214873686,0.5999737754609172,0.22210550309653543,0.17792072144254745,0.5911462595318208,0.22273046271459598,0.1861232777535832
2026-04-04,La Liga,Betis,Espanol,D,0.5514896463309272,0.2430534266046097,0.2054569270644631,0.5513763235191783,0.24460051067366276,0.204023165807159,0.5294835298901993,0.2533550223668158,0.21716144774298496
2026-04-04,Bundesliga,Hamburg,Augsburg,D,0.42120276974205667,0.2742141198907231,0.3045831103672202,0.4224275601819507,0.2773136366370497,0.3002588031809996,0.3958544911718282,0.27839025046802157,0.3257552583601503
2026-04-05,Ligue 1,Metz,Nantes,D,0.32548117520309816,0.29010278659406574,0.3844160382028361,0.32343109151978344,0.2939841619721101,0.3825847465081066,0.33418084567171186,0.287170696127679,0.37864845820060905
2026-04-05,Serie A,Inter,Roma,H,0.5757915237586391,0.2444115061787973,0.17979697006256354,0.5755575847487348,0.24599381660204384,0.17844859864922133,0.6022418885202181,0.23605460957073876,0.16170350190904312
2026-04-05,La Liga,Getafe,Ath Bilbao,H,0.31277702101458743,0.3316323733452541,0.3555906056401584,0.31223696650309746,0.3376392336671259,0.3501237998297767,0.2881880227172294,0.3318221247483592,0.37998985253441137
2026-04-05,La Liga,Valencia,Celta,A,0.4059312429165092,0.28995088779750655,0.3041178692859841,0.4057818165016939,0.29379706891761764,0.3004211145806885,0.40440009530309207,0.29262491368205107,0.30297499101485675
2026-04-05,Ligue 1,Monaco,Marseille,H,0.4365846352729738,0.25809146947076356,0.30532389525626275,0.43719019373543216,0.2605352698512637,0.30227453641330426,0.45931515894726915,0.25448542590321666,0.2861994151495142
2026-04-05,Serie A,Cremonese,Bologna,A,0.26419243197766684,0.2783036004512514,0.4575039675710817,0.2624705733287488,0.2813979594898422,0.45613146718140907,0.2731780528213624,0.28563297924178926,0.4411889679368482
2026-04-05,Bundesliga,Union Berlin,St Pauli,D,0.44817038675671345,0.2978256883239502,0.2540039249193363,0.4454151377697505,0.3022113876236669,0.25237347460658255,0.46053670977497907,0.29543864400659037,0.24402464621843045
2026-04-05,Ligue 1,Angers,Lyon,D,0.20370388798773995,0.27101473793151487,0.5252813740807452,0.2019163118835022,0.27356349303315214,0.5245201950833457,0.17412927170983097,0.23448829606810156,0.5913824322220674
2026-04-05,Serie A,Pisa,Torino,A,0.30719087730120165,0.3165311404623868,0.37627798223641157,0.3041015709556872,0.3217044539056462,0.3741939751386666,0.30131393363521636,0.3165318090713384,0.38215425729344515
2026-04-05,Ligue 1,Lorient,Paris FC,D,0.4207383674361028,0.28828369620621863,0.2909779363576786,0.41909265059355494,0.2919809828550407,0.2889263665514043,0.3985694570531792,0.29302925814501646,0.30840128480180423
2026-04-05,La Liga,Oviedo,Sevilla,H,0.33138075313807536,0.31464435146443515,0.35397489539748955,0.3302036145649111,0.31974986170401637,0.35004652373107253,0.33706760595196755,0.3209619865549452,0.3419704074930871
2026-04-05,Ligue 1,Le Havre,Auxerre,D,0.3756790639364813,0.3017551190973673,0.3225658169661513,0.37366493953785285,0.30614202045385375,0.3201930400082934,0.3898332949725446,0.3090454739749449,0.3011212310525104
2026-04-05,Bundesliga,Ein Frankfurt,FC Koln,D,0.4635265654102422,0.26244743562664413,0.2740259989631137,0.462887768441604,0.26504856657117565,0.27206366498722034,0.4940061732826071,0.25367884573971716,0.2523149809776757
2026-04-05,La Liga,Alaves,Osasuna,D,0.38468458338018663,0.300573484763297,0.31474193185651633,0.3841208507643463,0.3049937607160366,0.310885388519617,0.35134551674319353,0.3037438660876641,0.3449106171691424
2026-04-06,Serie A,Juventus,Genoa,H,0.6872474521107143,0.20678241921915297,0.10597012867013281,0.6879173738782987,0.20677706893564995,0.10530555718605149,0.6865635074372999,0.19970106267284518,0.113735429889855
2026-04-06,Serie A,Napoli,Milan,H,0.37157107231920194,0.31421446384039897,0.31421446384039897,0.36952372467494576,0.3192669306738276,0.31120934465122674,0.38858560794044666,0.3166253101736972,0.29478908188585606
2026-04-06,Serie A,Lecce,Atalanta,A,0.19804134929270945,0.25734494015233944,0.5446137105549511,0.19695417591304726,0.25935236696040714,0.5436934571265456,0.1782338644342425,0.25249797461517687,0.5692681609505806
2026-04-06,Serie A,Udinese,Como,D,0.18812302068056708,0.2520138578928351,0.5598631214265978,0.186782110215849,0.25342921274227054,0.5597886770418805,0.17382587552787612,0.25030926076014165,0.5758648637119823
2026-04-06,La Liga,Girona,Villarreal,H,0.3024244389207104,0.2708671061637667,0.4267084549155229,0.30373999116313904,0.27412370644033784,0.42213630239652306,0.32217103357419774,0.26741108452475904,0.4104178819010432
2026-04-10,Premier League,West Ham,Wolves,H,0.5302018684262103,0.2523420657215653,0.2174560658522245,0.5288431959865076,0.2546019049146594,0.21655489909883302,0.5326595910722648,0.25208756048072417,0.2152528484470111
2026-04-10,Ligue 1,Paris FC,Monaco,H,0.254191937210132,0.25080271138066357,0.49500535140920443,0.25382957360627045,0.2529840109932058,0.4931864154005238,0.25014755593711435,0.2535279283146429,0.4963245157482428
2026-04-10,Bundesliga,Augsburg,Hoffenheim,D,0.28271950849002464,0.25030100484983514,0.4669794866601402,0.2819659763680165,0.2522655960432776,0.4657684275887059,0.27140379767126677,0.244546130193381,0.4840500721353521
2026-04-10,Serie A,Roma,Pisa,H,0.7086594036110685,0.19129456293795716,0.10004603345097438,0.7094968758336275,0.19084823913370275,0.09965488503266981,0.6907894736842105,0.19736842105263158,0.1118421052631579
2026-04-10,La Liga,Real Madrid,Girona,D,0.7260126896908763,0.16385703065939916,0.11013027964972454,0.7259870983366364,0.1634099870754483,0.11060291458791519,0.7169195512414119,0.16344279924674676,0.11963764951184118
2026-04-10,Ligue 1,Marseille,Metz,H,0.7704511273424163,0.14709708534550045,0.08245178731208315,0.7712118377405404,0.1461443490816384,0.08264381317782134,0.7617220560853127,0.14458613101619364,0.09369181289849349
2026-04-11,Premier League,Brentford,Everton,D,0.44230255284042713,0.28462369714504826,0.2730737500145246,0.4413766105988973,0.28823317931147374,0.270390210089629,0.43827071562905184,0.2821203708390604,0.27960891353188766
2026-04-11,La Liga,Barcelona,Espanol,H,0.7488038277511962,0.1507177033492823,0.10047846889952153,0.7489592970159943,0.1499896336330222,0.10105106935098343,0.722459436379163,0.16652433817250215,0.11101622544833474
2026-04-11,Serie A,Atalanta,Juventus,A,0.30886212939855756,0.2811200219675494,0.410017848633893,0.3069618291026642,0.28433712530640454,0.40870104559093134,0.3119667750555359,0.2761823508579891,0.411850874086475
2026-04-11,Bundesliga,Wolfsburg,Ein Frankfurt,A,0.37626264691689226,0.2606512190932661,0.3630861339898416,0.3746646728666443,0.26346982367427774,0.36186550345907803,0.38084910088535684,0.2588090575077287,0.3603418416069145
2026-04-11,La Liga,Sevilla,Ath Madrid,H,0.3392061379213414,0.3022413664811952,0.35855249559746355,0.33959268548456834,0.30694675319386716,0.3534605613215645,0.4238631098686225,0.2731834494239966,0.3029534407073808
2026-04-11,Premier League,Arsenal,Bournemouth,A,0.659267362130146,0.20719831381233159,0.13353432405752247,0.6591118302505788,0.207691153486795,0.13319701626262606,0.6416234364802217,0.2110036804532273,0.1473728830665509
2026-04-11,Serie A,Milan,Udinese,A,0.6667770823526676,0.21222475984588293,0.12099815780144933,0.6660345926715503,0.21297663074224496,0.12098877658620473,0.6613491522706321,0.21343540823279486,0.125215439496573
2026-04-11,Premier League,Burnley,Brighton,A,0.21076591127352545,0.24026241285124533,0.5489716758752292,0.20951483409361396,0.24137642698878634,0.5491087389175997,0.17831937108796894,0.22840423076400865,0.5932763981480225
2026-04-11,La Liga,Sociedad,Alaves,D,0.5468258328754808,0.2555816392787573,0.19759252784576195,0.5471398220785965,0.257590775552139,0.19526940236926457,0.5162026099578151,0.26169603067499264,0.2221013593671923
2026-04-11,Premier League,Liverpool,Fulham,H,0.5803953360011039,0.2249379053401408,0.19466675865875535,0.5802885635916303,0.22596460337908703,0.1937468330292828,0.552000297995977,0.23249273634805934,0.21550696565596367
2026-04-11,Bundesliga,RB Leipzig,M'gladbach,H,0.6278126007466636,0.20424471072325953,0.16794268853007696,0.6298238821962294,0.20413346581893754,0.166042651984833,0.6433104976828531,0.19856941366109207,0.1581200886560548
2026-04-11,Serie A,Cagliari,Cremonese,H,0.43842329906005567,0.3016803408323213,0.25989636010762307,0.4373819102970079,0.3058549516116351,0.2567631380913571,0.45571760727119004,0.3047981399281336,0.2394842528006764
2026-04-11,Ligue 1,Rennes,Angers,H,0.6841262210773599,0.19857053450762355,0.11730324441501665,0.6870052385085775,0.1977000291365969,0.11529473235482567,0.7030478140325661,0.18804073269533705,0.10891145327209695
2026-04-11,Ligue 1,Auxerre,Nantes,D,0.4699575558460921,0.28775862650268413,0.24228381765122373,0.4692156445427381,0.2912450396702549,0.23953931578700693,0.4916869171680371,0.28201862215944473,0.22629446067251827
2026-04-11,Bundesliga,Heidenheim,Union Berlin,H,0.3185357467893619,0.26665992516938014,0.414804328041258,0.31885489616516144,0.2696146716611769,0.41153043217366164,0.3427508319791074,0.2770316459064172,0.3802175221144754
2026-04-11,Serie A,Torino,Verona,H,0.4994020968325036,0.2862426652576545,0.21435523790984176,0.49866837350668386,0.2894824968204171,0.21184912967289912,0.48352280903727163,0.2931357029788459,0.22334148798388256
2026-04-11,La Liga,Elche,Valencia,H,0.376648236540942,0.2906236393062824,0.33272812415277564,0.3758196038227611,0.2947218666281079,0.3294585295491311,0.36299988522520454,0.27815671678499404,0.3588433979898014
2026-04-11,Bundesliga,Dortmund,Leverkusen,A,0.48,0.24631578947368415,0.2736842105263157,0.4801481029240744,0.24828459226016517,0.27156730481576036,0.45676624264703103,0.2482687229163282,0.29496503443664074
2026-04-11,Bundesliga,St Pauli,Bayern Munich,A,0.11917936314868068,0.18442182084074502,0.6963988160105743,0.11851670249084921,0.18351989963541146,0.6979633978737394,0.11413900622507646,0.1696605119656652,0.7162004818092583
2026-04-12,Bundesliga,FC Koln,Werder Bremen,H,0.42740955859283863,0.270073286299243,0.30251715510791827,0.4269092394231686,0.2730342915200688,0.3000564690567626,0.4101197650653649,0.27786220769221465,0.31201802724242045
2026-04-12,Serie A,Bologna,Lecce,H,0.526586498082595,0.27813767554510943,0.19527582637229562,0.5260827215525415,0.28104511693662027,0.19287216151083822,0.5160106771171783,0.28202385355953896,0.2019654693232827
2026-04-12,Premier League,Crystal Palace,Newcastle,H,0.3067460442788113,0.2690601016959859,0.42419385402520293,0.30579699372976277,0.27190639831650276,0.42229660795373447,0.3242229367631297,0.2859056806002144,0.38987138263665594
2026-04-12,La Liga,Osasuna,Betis,D,0.4256035440973028,0.27620288997465076,0.2981935659280465,0.4253154245821199,0.27949059032518875,0.29519398509269135,0.41780479513687535,0.2789497890379732,0.30324541582515147
2026-04-12,Bundesliga,Mainz,Freiburg,A,0.4191205022003624,0.29765564328242294,0.2832238545172146,0.4188362200418073,0.3018108555517384,0.2793529244064544,0.4272921784610508,0.2937633726919724,0.2789444488469767
2026-04-12,Serie A,Como,Inter,A,0.3016830434869619,0.27758410214332885,0.4207328543697092,0.3020215274625776,0.281265072718024,0.4167133998193984,0.3087153080463033,0.29061163257445216,0.4006730593792447
2026-04-12,Serie A,Genoa,Sassuolo,H,0.43590482089805455,0.289257828682351,0.27483735041959445,0.4345784266534205,0.29319102760672805,0.2722305457398513,0.44041955906362684,0.2868787953533716,0.27270164558300153
2026-04-12,Serie A,Parma,Napoli,D,0.15981698442437742,0.25016685295229213,0.5900161626233305,0.15884775757682298,0.25144934594434937,0.5897028964788277,0.1395266776772018,0.25764652261488774,0.6028267997079104
2026-04-12,La Liga,Celta,Oviedo,A,0.5631843203677939,0.2460226241606678,0.19079305547153827,0.5634195992013632,0.2475783284456641,0.18900207235297267,0.5444207889793363,0.266023794614903,0.18955541640576082
2026-04-12,Ligue 1,Toulouse,Lille,A,0.30529048207663784,0.29377008652657605,0.40093943139678623,0.3036207088044011,0.2978405201532671,0.39853877104233176,0.2874875331947465,0.29469725189555523,0.4178152149096983
2026-04-12,La Liga,Ath Bilbao,Villarreal,A,0.41346071962984443,0.274023820047932,0.31251546032222355,0.41371456175057836,0.2772925566871451,0.3089928815622765,0.4632769213941682,0.27180697989311026,0.26491609871272154
2026-04-12,Premier League,Nott'm Forest,Aston Villa,D,0.361181714369912,0.2830883707223634,0.35572991490772465,0.3632988914662547,0.28680754322248375,0.3498935653112616,0.40099695822712705,0.28383820838365925,0.3151648333892136
2026-04-12,La Liga,Mallorca,Vallecano,H,0.38770681647130245,0.296626484982806,0.3156666985458915,0.386339556973691,0.3008869083590699,0.3127735346672391,0.3921944455772603,0.28873210717344316,0.3190734472492965
2026-04-12,Bundesliga,Stuttgart,Hamburg,H,0.6707978910798543,0.19106743209036833,0.13813467682977737,0.6721875713398864,0.19071020873139238,0.13710221992872113,0.734943948137306,0.15863882860299355,0.10641722325970042
2026-04-12,Premier League,Chelsea,Man City,A,0.3051391862955033,0.2473233404710921,0.44753747323340476,0.30396686453223454,0.2491924173371706,0.4468407181305948,0.2711190946649901,0.24254356026585233,0.4863373450691576
2026-04-12,Ligue 1,Lyon,Lorient,H,0.5599245351915529,0.2500197790828591,0.19005568572558806,0.5600360417107255,0.25175839869758604,0.18820555959168853,0.5792629964597457,0.23637432097349825,0.18436268256675603
2026-04-12,Ligue 1,Nice,Le Havre,D,0.49221094754894956,0.28512219522652565,0.22266685722452478,0.4887236117095309,0.2891323267161987,0.22214406157427033,0.4999600684738866,0.283965235266135,0.2160746962599786
2026-04-12,Premier League,Sunderland,Tottenham,H,0.3596308790776889,0.282105659635792,0.3582634612865191,0.35976864479339804,0.285593231047607,0.35463812415899504,0.34272723180119746,0.2847431684148921,0.3725295997839103
2026-04-13,La Liga,Levante,Getafe,H,0.3472836834683481,0.3166756300101208,0.3360406865215311,0.34621306075952574,0.3219582119174765,0.33182872732299784,0.36068518957493795,0.3191146931493518,0.3202001172757102
2026-04-13,Premier League,Man United,Leeds,A,0.5914837959598896,0.2310710652521436,0.17744513878796692,0.5902303721992228,0.23253977193547598,0.1772298558653013,0.5824342368431432,0.23182886085648452,0.18573690230037243
2026-04-13,Serie A,Fiorentina,Lazio,H,0.4104479128974683,0.30682663652663206,0.2827254505758996,0.410044840879679,0.3113789254851124,0.27857623363520856,0.40214371748026007,0.3065199670696445,0.29133631545009553
2026-04-17,Bundesliga,St Pauli,FC Koln,D,0.33301136785793894,0.2898432275800579,0.3771454045620031,0.33001761983570643,0.2936011177435867,0.37638126242070685,0.33280206122566947,0.28876978850965784,0.3784281502646726
2026-04-17,Serie A,Sassuolo,Como,H,0.1647933731600665,0.22525712877994705,0.6099494980599864,0.16277656476756638,0.22503350806574277,0.6121899271666909,0.15155464531744556,0.21355427294730964,0.6348910817352449
2026-04-17,Ligue 1,Lens,Toulouse,H,0.6345798405615817,0.2134495827343502,0.1519705767040681,0.6366456109145596,0.21339819427314002,0.14995619481230033,0.6263458803726384,0.2154859680181095,0.1581681516092521
2026-04-17,Serie A,Inter,Cagliari,H,0.7650069085512513,0.15578783071490715,0.07920526073384167,0.7654624517836055,0.15493112514444318,0.07960642307195129,0.7689180059497795,0.1527898460934134,0.07829214795680703
2026-04-18,Premier League,Tottenham,Brighton,D,0.35133580697599176,0.2579671130673036,0.39069707995670455,0.3510831751740743,0.26057013950649716,0.3883466853194285,0.3220562986159827,0.2509640837619227,0.4269796176220947
2026-04-18,Serie A,Udinese,Parma,A,0.43566296538210314,0.3147264231522886,0.24961061146560823,0.4355979766102088,0.31940697513409455,0.24499504825569665,0.4339805563784235,0.32141222093555594,0.24460722268602048
2026-04-18,Premier League,Brentford,Fulham,D,0.4510880959369366,0.25971738856975135,0.2891945154933121,0.4507406170616361,0.26220520630410077,0.28705417663426314,0.4808883319003832,0.2513443014732669,0.26776736662634976
2026-04-18,Serie A,Napoli,Lazio,A,0.6111978812983838,0.2457558060573136,0.1430463126443026,0.6103079442293377,0.24745760486315618,0.1422344509075062,0.6244420027675743,0.23810793539874675,0.13745006183367886
2026-04-18,Premier League,Chelsea,Man United,A,0.4265914059954702,0.26631836362994044,0.3070902303745893,0.4253169421996455,0.2692782999392063,0.30540475786114823,0.4497795700762106,0.255972113051502,0.2942483168722873
2026-04-18,Ligue 1,Lorient,Marseille,H,0.21955008455578717,0.24293074291107877,0.5375191725331341,0.21786103568131265,0.24405960471054572,0.5380793596081415,0.20926304560405365,0.22001955729398165,0.5707173971019646
2026-04-18,Bundesliga,Werder Bremen,Hamburg,H,0.4739652870493991,0.2630173564753004,0.2630173564753004,0.47493050559718425,0.2654821842650691,0.25958731013774666,0.5258246585554166,0.24900162402491954,0.22517371741966408
2026-04-18,Premier League,Leeds,Wolves,H,0.5889164373484456,0.23976241724109743,0.1713211454104569,0.5912536676167959,0.24048254467642383,0.16826378770678035,0.6185547677949353,0.23026491355869855,0.15118031864636597
2026-04-18,Ligue 1,Angers,Le Havre,D,0.3360527539417509,0.3114088853193558,0.3525383607388934,0.3330744541375236,0.3163238531866476,0.35060169267582875,0.2932945747495709,0.3127825863608381,0.393922838889591
2026-04-18,Serie A,Roma,Atalanta,D,0.39142189996313137,0.2890500184343124,0.3195280816025562,0.3893175403013613,0.2929904532528474,0.3176920064457914,0.398179555382025,0.28219331852900265,0.31962712608897237
2026-04-18,Bundesliga,Leverkusen,Augsburg,A,0.6671518118518764,0.19218364950465572,0.14066453864346792,0.668800362106157,0.19180021723432047,0.13939942065952254,0.6802108482839465,0.18051749435227807,0.13927165736377536
2026-04-18,Bundesliga,Hoffenheim,Dortmund,H,0.3688343774816907,0.2455660460601782,0.3855995764581311,0.3683384190099667,0.247755668263983,0.3839059127260504,0.42898498913917793,0.2459364204750784,0.32507859038574377
2026-04-18,Ligue 1,Lille,Nice,D,0.6241354753829256,0.2255911356805755,0.15027338893649894,0.6275058615904,0.22536070283702136,0.14713343557257869,0.6301849705755671,0.21486855976146335,0.15494646966296946
2026-04-18,Bundesliga,Union Berlin,Wolfsburg,A,0.43640430899081406,0.2699148038266885,0.2936808871824975,0.43390376072667164,0.27306306640917377,0.2930331728641546,0.43850250651067124,0.26359420335192035,0.29790329013740835
2026-04-18,Premier League,Newcastle,Bournemouth,A,0.4813120752744381,0.24760411221467155,0.2710838125108904,0.4815470370201747,0.24972562016348626,0.268727342816339,0.4326923822746911,0.2570216330678002,0.3102859846575088
2026-04-18,Bundesliga,Ein Frankfurt,RB Leipzig,A,0.2854004023846664,0.2394151713098992,0.4751844263054344,0.2834023773751103,0.24082296533556866,0.475774657289321,0.3238243523435875,0.24141147089881837,0.43476417675759416
2026-04-19,Premier League,Nott'm Forest,Burnley,H,0.6303788140147809,0.2210033959722408,0.14861779001297837,0.632416752735356,0.2211444500579117,0.14643879720673225,0.6468203535286083,0.2151156528819518,0.1380639935894398
2026-04-19,Serie A,Verona,Milan,A,0.1533509917457189,0.2450412714056918,0.6016077368485895,0.15348495048395808,0.24687676625209223,0.5996382832639497,0.14804171832834948,0.23656917803223684,0.6153891036394136
2026-04-19,Bundesliga,Bayern Munich,Stuttgart,H,0.681706327930603,0.17327229485434625,0.14502137721505062,0.6839911759599558,0.17235944067431228,0.14364938336573194,0.6448136547694931,0.18244727441152325,0.1727390708189835
2026-04-19,Ligue 1,Paris SG,Lyon,A,0.7303565999218173,0.16400990314033792,0.10563349693784477,0.731230094109511,0.16332031839965602,0.10544958749083297,0.7173786240140364,0.16993960171037753,0.11268177427558607
2026-04-19,Serie A,Cremonese,Torino,D,0.3273798563800406,0.3039955809243234,0.36862456269563615,0.3263346632202549,0.3087341165227834,0.36493122025696173,0.33003563507687705,0.3053901168730843,0.3645742480500386
2026-04-19,Serie A,Pisa,Genoa,A,0.2895773551870045,0.30071494577112007,0.40970769904187543,0.2863067862518313,0.3049095973893886,0.4087836163587801,0.3153256673307596,0.31638380715401726,0.3682905255152232
2026-04-19,Ligue 1,Monaco,Auxerre,D,0.6083046964490264,0.22411225658648343,0.16758304696449028,0.6055967155445728,0.225757090035459,0.16864619441996823,0.5960183551770041,0.22528923473197768,0.17869241009101833
2026-04-19,Premier League,Aston Villa,Sunderland,H,0.57116953762466,0.2493200362647326,0.1795104261106074,0.5691275198681829,0.25146975146773776,0.17940272866407936,0.5455256833044548,0.257857768337898,0.19661654835764725
2026-04-19,Premier League,Everton,Liverpool,A,0.30231414278344954,0.2798205309692048,0.41786532624734574,0.30112257835213685,0.2833295257164106,0.41554789593145236,0.2950259460827743,0.2835084166561195,0.42146563726110614
2026-04-19,Bundesliga,M'gladbach,Mainz,D,0.3906903184089027,0.2746323120580228,0.33467736953307436,0.38991677749360226,0.27793196027984485,0.33215126222655295,0.4222626688380112,0.269374461155283,0.30836287000670565
2026-04-19,Ligue 1,Metz,Paris FC,A,0.278543068139992,0.27284189423069394,0.44861503762931404,0.2767767443987773,0.2758890182070315,0.4473342373941913,0.3069660992704907,0.2699184665999142,0.42311543412959524
2026-04-19,Ligue 1,Strasbourg,Rennes,A,0.3641637518128969,0.25997245615531805,0.37586379203178505,0.3627213473548271,0.26266797221859467,0.3746106804265783,0.2541813463164779,0.23881521958701823,0.5070034340965038
2026-04-19,Ligue 1,Nantes,Brest,D,0.3997015281266573,0.28956705133634,0.3107314205370027,0.402964150995874,0.29331690230039575,0.3037189467037302,0.39670055317135255,0.29198146304848,0.31131798378016745
2026-04-19,Premier League,Man City,Arsenal,H,0.5171190049683982,0.2614323858451347,0.22144860918646703,0.5180219776042301,0.26363116643478673,0.21834685596098308,0.5132011300736444,0.26303344828287073,0.2237654216434848
2026-04-19,Bundesliga,Freiburg,Heidenheim,H,0.5669644881854052,0.23098553222368362,0.20204997959091114,0.5669163778036471,0.23219030113043615,0.2008933210659168,0.5794237066899233,0.22783165165963004,0.19274464165044675
2026-04-19,Serie A,Juventus,Bologna,H,0.6445728701657706,0.21338599583113407,0.14204113400309532,0.6463393274500636,0.213476746465116,0.14018392608482036,0.6537785140818146,0.20736587230788836,0.13885561361029694
2026-04-20,Serie A,Lecce,Fiorentina,D,0.2740990089687155,0.2857983569125021,0.4401026341187826,0.2714883324909344,0.2891996518410045,0.43931201566806105,0.26326447954637505,0.2891859052247874,0.44754961522883757
2026-04-20,Premier League,Crystal Palace,West Ham,D,0.4061092737457439,0.29224686054600263,0.3016438657082535,0.4055522894674672,0.296184576818987,0.2982631337135459,0.37363253856942497,0.28387096774193543,0.34249649368863955
2026-04-21,Premier League,Brighton,Chelsea,H,0.3859027588528559,0.26011125182347195,0.3539859893236723,0.3865872545602292,0.26276372146547716,0.3506490239742937,0.4128481455563331,0.27442967109867034,0.3127221833449965
2026-04-21,La Liga,Mallorca,Valencia,D,0.3736899890208604,0.30062880526998703,0.3256812057091526,0.37301639834050876,0.3050579062665191,0.3219256953929722,0.3592379499593772,0.2997463149342574,0.3410157351063654
2026-04-21,La Liga,Ath Bilbao,Osasuna,H,0.5159607183168082,0.27061916637942107,0.21342011530377067,0.5151872340645768,0.27345652283990146,0.21135624309552184,0.5104477611940298,0.2746268656716418,0.21492537313432836
2026-04-21,La Liga,Girona,Betis,A,0.3938465533962853,0.2793155081949916,0.3268379384087229,0.3943691674843305,0.2828906140653134,0.32274021845035616,0.3916436723431352,0.28311590771792905,0.32524041993893577
2026-04-21,La Liga,Real Madrid,Alaves,H,0.7692718799208945,0.14647127125428797,0.08425684882481747,0.7703792080195916,0.14538236303411647,0.08423842894629192,0.7884610006432308,0.13032413233772408,0.08121486701904522
2026-04-22,La Liga,Barcelona,Celta,H,0.7674386734274359,0.14046868576127175,0.09209264081129231,0.7695239001450821,0.13900516831723905,0.0914709315376788,0.7712581884488355,0.1367638066726133,0.09197800487855125
2026-04-22,Premier League,Burnley,Man City,A,0.05717040914726546,0.11385865821738529,0.8289709326353493,0.05597504319511854,0.1109310422931831,0.8330939145116982,0.05998840803709428,0.11686630602782071,0.823145285935085
2026-04-22,La Liga,Sociedad,Getafe,A,0.42415058097427333,0.31282866769531126,0.2630207513304153,0.4216166610730923,0.3177542782604059,0.26062906066650177,0.42569376634012657,0.31151762371247677,0.26278860994739656
2026-04-22,Premier League,Bournemouth,Leeds,D,0.46700059256940324,0.26875817578068223,0.2642412316499145,0.4648538285034017,0.27174118881795134,0.2634049826786469,0.5156364524798436,0.2496335206450037,0.23473002687515274
2026-04-22,Ligue 1,Paris SG,Nantes,H,0.7988268230902548,0.12838288228236233,0.07279029462738301,0.7990716017271147,0.12741360430717366,0.07351479396571169,0.818127170579748,0.11864391502732789,0.06322891439292407
2026-04-22,La Liga,Elche,Ath Madrid,H,0.3545926274812909,0.2602965270984545,0.3851108454202544,0.3560584395379519,0.2633458635257995,0.3805956969362486,0.3886317149316396,0.26159974162988486,0.3497685434384757
2026-04-23,La Liga,Vallecano,Espanol,H,0.4504782474544894,0.29281086084541813,0.2567108917000926,0.4492272229487874,0.2966855779999783,0.2540871990512343,0.4530233738860191,0.28503294344804236,0.26194368266593837
2026-04-23,La Liga,Oviedo,Villarreal,D,0.25605799259895284,0.28228079906993003,0.46166120833111707,0.255971078327364,0.28606380984833285,0.4579651118243031,0.2941091579643623,0.28516966988033915,0.4207211721552986
2026-04-23,La Liga,Levante,Sevilla,H,0.37499738536389454,0.2927095578545761,0.33229305678152943,0.37535963736085015,0.29673566576729493,0.32790469687185486,0.3896702420253331,0.29624772343250877,0.31408203454215816
2026-04-24,La Liga,Betis,Real Madrid,D,0.25710887738508426,0.2328653604108083,0.5100257622041073,0.2569813556572119,0.23431309226425912,0.5087055520785291,0.26508141199144075,0.23577592925871863,0.49914265874984054
2026-04-24,Ligue 1,Brest,Lens,D,0.1725303120651958,0.22305704631286027,0.604412641621944,0.17004726050392507,0.22266793795152737,0.6072848015445476,0.16398671777843304,0.22401056423800303,0.6120027179835638
2026-04-24,Serie A,Napoli,Cremonese,H,0.7082918009225989,0.1927722014882125,0.09893599758918843,0.707604858449363,0.19298981866726794,0.09940532288336897,0.7128928078002763,0.19243732235099484,0.09466986984872885
2026-04-24,Premier League,Sunderland,Nott'm Forest,A,0.35169385820485954,0.29529012622860845,0.35301601556653195,0.34900147154448935,0.2994864268476052,0.3515121016079055,0.3539400481607573,0.3037033961637466,0.34235655567549617
2026-04-24,Bundesliga,RB Leipzig,Union Berlin,H,0.6474431786232414,0.19764054926393682,0.15491627211282177,0.6504897649244992,0.19694951765181964,0.15256071742368113,0.6216741698305767,0.2133472719191297,0.1649785582502936
2026-04-25,Premier League,Fulham,Aston Villa,H,0.35163860743789893,0.26825002338834,0.38011136917376115,0.35319604446193037,0.2713581289376437,0.3754458266004258,0.3869209809264305,0.26485013623978204,0.3482288828337875
2026-04-25,Bundesliga,Mainz,Bayern Munich,A,0.21593185919897798,0.2139553662085983,0.5701127745924236,0.21512971543862394,0.21468957090943752,0.5701807136519386,0.25719354036928715,0.22123520178685127,0.5215712578438616
2026-04-25,Premier League,Wolves,Tottenham,A,0.21016787402941048,0.23597796382249597,0.5538541621480936,0.2070060511506394,0.23627374716410227,0.5567202016852584,0.20304622784359136,0.22495769127995013,0.5719960808764586
2026-04-25,La Liga,Getafe,Barcelona,A,0.18008384729887036,0.23827888192216948,0.5816372707789602,0.17980226763868465,0.23971217089853986,0.5804855614627755,0.16746344554064396,0.24378142202401035,0.5887551324353457
2026-04-25,Bundesliga,Heidenheim,St Pauli,H,0.39667111785449993,0.28077624305966115,0.32255263908583903,0.398313699070778,0.28424659787916284,0.31743970305005914,0.40719987875957947,0.2767025882372216,0.3160975330031989
2026-04-25,Bundesliga,FC Koln,Leverkusen,A,0.2508382362244575,0.23926108686025185,0.5099006769152907,0.25131544181703974,0.24125015708014613,0.5074344011028142,0.2659296482412061,0.23879396984924622,0.4952763819095478
2026-04-25,Serie A,Verona,Lecce,D,0.3517884547278951,0.3140125132806044,0.33419903199150036,0.3514944561219318,0.3191609375765754,0.32934460630149265,0.3738045738045738,0.3235343035343035,0.30266112266112266
2026-04-25,Bundesliga,Augsburg,Ein Frankfurt,D,0.37989070059858304,0.25223095297195897,0.36787834642945794,0.3796341174628304,0.25455733488117177,0.3658085476559979,0.39628105655641765,0.2534480470116926,0.35027089643188974
2026-04-25,Serie A,Parma,Pisa,H,0.45657454336807884,0.2924930668451755,0.25093238978674576,0.4559159850138633,0.29609536722258273,0.24798864776355392,0.42640858566500583,0.3112782675354542,0.2623131467995401
2026-04-25,Ligue 1,Lyon,Auxerre,H,0.5715451230764211,0.24324244141372486,0.18521243550985414,0.5706898576265675,0.24500391895026136,0.18430622342317107,0.5811167814894428,0.23686025777164627,0.18202296073891108
2026-04-25,Premier League,West Ham,Everton,H,0.3947475669595553,0.281287188432258,0.32396524460818676,0.39534797557584567,0.28487080662897896,0.31978121779517543,0.3884804121358353,0.278142780286604,0.3333768075775608
2026-04-25,Ligue 1,Toulouse,Monaco,D,0.2805970607185592,0.2559291872487957,0.46347375203264507,0.27920580430279723,0.2583541668878973,0.46244002880930546,0.2176145577795197,0.2338949486358429,0.5484904935846373
2026-04-25,La Liga,Ath Madrid,Ath Bilbao,H,0.43357539513028626,0.26911576249466046,0.29730884237505345,0.4333151786910082,0.2718644342784217,0.29482038703057,0.461853850747177,0.2655986733758553,0.2725474758769678
2026-04-25,Bundesliga,Wolfsburg,M'gladbach,D,0.4239846267790299,0.25982344816542224,0.3161919250555478,0.4230516428696802,0.26258656723281915,0.3143617898975007,0.4411298807461092,0.2562179033374662,0.30265221591642455
2026-04-25,Ligue 1,Angers,Paris SG,A,0.08753245276582843,0.15714718869032954,0.755320358543842,0.08584576125579406,0.15462929821855823,0.7595249405256478,0.08480145516421939,0.1533643338076308,0.7618342110281497
2026-04-25,La Liga,Alaves,Mallorca,H,0.4404240806064976,0.29971351172263255,0.2598624076708698,0.4386258647792169,0.3039780969874016,0.2573960382333816,0.460153965827097,0.28392478742523003,0.2559212467476731
2026-04-25,Premier League,Arsenal,Newcastle,H,0.6475518976256222,0.20149147029123435,0.15095663208314342,0.6477883351859072,0.2017006913804276,0.15051097343366523,0.682507325773984,0.1934004331762008,0.12409224104981527
2026-04-25,La Liga,Valencia,Girona,H,0.4549740615830703,0.27647391352835543,0.26855202488857444,0.4549118970681429,0.27959448037543944,0.2654936225564177,0.41488141398474865,0.29119006074705955,0.2939285252681918
2026-04-25,Premier League,Liverpool,Crystal Palace,H,0.6532829886637491,0.1976318285033191,0.14908518283293168,0.6540403833239623,0.19766116505567594,0.1482984516203618,0.6037176002651641,0.2155147497514087,0.18076764998342726
2026-04-25,Bundesliga,Hamburg,Hoffenheim,A,0.2396996060407091,0.2348571897570584,0.5254432042022323,0.23848340194393253,0.2359677046402187,0.5255488934158489,0.21542106209727935,0.22474216574571929,0.5598367721570014
2026-04-25,Serie A,Bologna,Roma,A,0.3144209399950613,0.29189233681784504,0.3936867231870936,0.3134873961536513,0.295936983423832,0.39057562042251687,0.2722210643460206,0.28813552656932645,0.439643409084653
2026-04-26,La Liga,Villarreal,Celta,H,0.4598551933894975,0.2786585201733372,0.2614862864371652,0.46008211317512926,0.2816804551214209,0.25823743170344987,0.49684420606211804,0.2579767993014843,0.2451789946363976
2026-04-26,La Liga,Osasuna,Sevilla,H,0.4591787486244908,0.27824861483812424,0.2625726365373849,0.4593331282808657,0.28133657366033954,0.2593302980587947,0.4937988676193044,0.28174710164464817,0.2244540307360475
2026-04-26,Ligue 1,Paris FC,Lille,A,0.24467410159272684,0.263388551289621,0.49193734711765197,0.2435299890808445,0.2658265559367477,0.49064345498240786,0.2028702662050705,0.24460659701288454,0.552523136782045
2026-04-26,Serie A,Torino,Inter,D,0.13026357484100537,0.20260083115184566,0.667135594007149,0.12949406391277182,0.20221082877185056,0.6682951073153776,0.12686926605504587,0.19465596330275228,0.6784747706422019
2026-04-26,Bundesliga,Stuttgart,Werder Bremen,D,0.6207139142935797,0.20876028507631608,0.1705258006301043,0.6218522400977358,0.20898414151275008,0.16916361838951424,0.6153420634961666,0.20784887478092737,0.17680906172290609
2026-04-26,Serie A,Milan,Juventus,D,0.3186701965261833,0.30022626232209554,0.38110354115172124,0.3157399121019467,0.30430109442235415,0.3799589934756992,0.34941894406155366,0.30503021826871796,0.3455508376697284
2026-04-26,Ligue 1,Marseille,Nice,D,0.6428421763322701,0.19917118711149395,0.15798663655623585,0.6449093235920446,0.19889297015098606,0.15619770625696944,0.5518889387487409,0.23632523825512833,0.21178582299613083
2026-04-26,Ligue 1,Lorient,Strasbourg,A,0.4455315575983823,0.2652880214759598,0.289180420925658,0.44648896646917136,0.2680034400898941,0.2855075934409346,0.4489615434063558,0.26012256553905855,0.2909158910545857
2026-04-26,Ligue 1,Rennes,Nantes,H,0.6655749008791588,0.2016893639027754,0.13273573521806586,0.665994498045901,0.20178300631724885,0.13222249563684998,0.6471238938053098,0.20851769911504422,0.144358407079646
2026-04-26,Serie A,Genoa,Como,A,0.20712355029817314,0.2579059083602597,0.5349705413415672,0.20477209800699417,0.25952467672586144,0.5357032252671444,0.1663085330337373,0.24213833047917194,0.5915531364870908
2026-04-26,Serie A,Fiorentina,Sassuolo,D,0.49150952923693964,0.2796012292066424,0.228889241556418,0.49153621783973106,0.2826411110785411,0.22582267108172777,0.4650866143525847,0.28157352254478774,0.25333986310262746
2026-04-26,Bundesliga,Dortmund,Freiburg,H,0.6892536669781225,0.1868458735784067,0.12390045944347078,0.6905772152803767,0.18639356671112417,0.12302921800849906,0.6658120468419598,0.19237602173097612,0.14181193142706394
2026-04-26,La Liga,Oviedo,Elche,A,0.3984252619396971,0.28337845378081794,0.318196284279485,0.3986336212356575,0.28685831185579436,0.31450806690854827,0.4189364461738002,0.2905317769130999,0.2905317769130999
2026-04-26,La Liga,Vallecano,Sociedad,D,0.3562086707117128,0.28893706416863396,0.3548542651196531,0.35471875508084283,0.2928425649859207,0.3524386799332365,0.3622029410432427,0.27836961937744764,0.35942743957930984
2026-04-26,Ligue 1,Le Havre,Metz,D,0.5753944652415771,0.24465591435468637,0.1799496204037365,0.5761144196508571,0.2460101365604479,0.1778754437886952,0.5966426058888321,0.2235629812041686,0.17979441290699932
2026-04-27,Serie A,Cagliari,Atalanta,H,0.20699798022054167,0.2564727721963304,0.536529247583128,0.20515420178514504,0.2583481571549452,0.5364976410599097,0.20109930865277634,0.2520516941335337,0.5468489972136901
2026-04-27,La Liga,Espanol,Levante,D,0.4713548737442303,0.2777626934564214,0.25088243279934835,0.47052306366861274,0.2809925901581746,0.24848434617321266,0.4449461254211077,0.2844958559510719,0.27055801862782053
2026-04-27,Premier League,Man United,Brentford,H,0.5099849808088113,0.24564721588696667,0.2443678033042221,0.5095304747854675,0.24758528664576257,0.2428842385687698,0.48060518679393344,0.25254320807402403,0.26685160513204237
2026-04-27,Serie A,Lazio,Udinese,D,0.4731849840411367,0.2859430731782329,0.2408719427806303,0.47145648725045614,0.2895613659526014,0.2389821467969424,0.4167587662011454,0.30744499145986137,0.2757962423389933
2026-05-01,Premier League,Leeds,Burnley,H,0.7044135149057661,0.18544481531900328,0.11014166977523064,0.7072054386968198,0.18435717634586116,0.10843738495731894,0.6968094085870238,0.19222328512745487,0.11096730628552136
2026-05-01,Serie A,Pisa,Lecce,A,0.2739410328335318,0.3133372348798257,0.4127217322866426,0.2708764509365232,0.3179921315895018,0.411131417473975,0.28234730597757335,0.32212819788506647,0.39552449613736007
2026-05-01,La Liga,Girona,Mallorca,A,0.46164199192462985,0.2745625841184387,0.26379542395693134,0.4604345207083516,0.27770156460247025,0.2618639146891782,0.4912148711838416,0.26883106130691614,0.23995406750924234
2026-05-02,La Liga,Osasuna,Barcelona,A,0.21553686576688988,0.23616759851032013,0.54829553572279,0.21560807726592718,0.2378244251386773,0.5465674975953956,0.20120088237722808,0.2258673367071286,0.5729317809156433
2026-05-02,Premier League,Newcastle,Brighton,H,0.3765084473049075,0.2614641995172969,0.3620273531777956,0.376008194360005,0.2640842975362955,0.3599075081036996,0.35458607601018594,0.2619997117186374,0.38341421227117667
2026-05-02,Bundesliga,Werder Bremen,Augsburg,A,0.4856231918285411,0.24797780008265927,0.2663990080887996,0.487256399687473,0.24988639237172877,0.2628572079407982,0.48547617830301,0.24527984924733226,0.2692439724496578
2026-05-02,Serie A,Udinese,Torino,H,0.41520408370787654,0.2928555449350227,0.2919403713571007,0.41540294096531344,0.29673020664608996,0.2878668523885966,0.4730788985908573,0.2829897943232318,0.2439313070859108
2026-05-02,Serie A,Atalanta,Genoa,D,0.5963465860192572,0.23465266667925658,0.16900074730148626,0.597988604750822,0.2353916513835874,0.16661974386559059,0.6311440546339971,0.2157259124384101,0.15313003292759275
2026-05-02,Bundesliga,Union Berlin,FC Koln,D,0.39207704403171517,0.28073190161787465,0.3271910543504103,0.3890918898728104,0.2842649291329349,0.3266431809942546,0.35892355133936865,0.27797936765452586,0.3630970810061055
2026-05-02,Bundesliga,Leverkusen,RB Leipzig,H,0.44409388226240865,0.23432089265101963,0.32158522508657184,0.4428224600782068,0.23599970265737802,0.3211778372644151,0.44726508088552386,0.23369600476268618,0.31903891435179
2026-05-02,Bundesliga,Bayern Munich,Heidenheim,D,0.7647061597350835,0.13821355775952618,0.09708028250539041,0.7651037130598329,0.13718510037799356,0.09771118656217356,0.7468746636833862,0.1428015290198887,0.1103238072967253
2026-05-02,La Liga,Alaves,Ath Bilbao,A,0.3533243718333161,0.2794953986144142,0.3671802295522697,0.35278506226837697,0.28301972113722745,0.3641952165943956,0.3423198950183552,0.29129084234481156,0.3663892626368333
2026-05-02,Bundesliga,Hoffenheim,Stuttgart,D,0.41093588671526887,0.23437800573961312,0.35468610754511803,0.4095192976566897,0.23623788557266023,0.35424281677064995,0.4331496318251285,0.23507618209604966,0.33177418607882186
2026-05-02,Premier League,Arsenal,Fulham,H,0.6520041755425235,0.2138692512030146,0.13412657325446198,0.6515935992401315,0.21451151968207996,0.13389488107778857,0.6516326307742711,0.21377088566124278,0.1345964835644862
2026-05-02,Premier League,Wolves,Sunderland,D,0.28956947208983275,0.28006122076748,0.43036930714268723,0.28804973157430075,0.28329912287263986,0.4286511455530594,0.25666369602203676,0.26760106943206674,0.4757352345458964
2026-05-02,La Liga,Villarreal,Levante,H,0.5524619294908157,0.22962965284459336,0.21790841766459093,0.5515838927493901,0.23092876396691406,0.2174873432836958,0.540189940663975,0.22849109959625347,0.23131895973977146
2026-05-02,Bundesliga,Ein Frankfurt,Hamburg,A,0.54980879541109,0.23078393881453158,0.2194072657743786,0.5506406046682503,0.23185062843039875,0.21750876690135096,0.5635059760956176,0.22486055776892427,0.21163346613545816
2026-05-02,Ligue 1,Metz,Monaco,A,0.14328320505873196,0.18462578991757558,0.6720910050236925,0.14328272703031686,0.18423505207987492,0.6724822208898082,0.131344593189203,0.16551743424904872,0.7031379725617483
2026-05-02,La Liga,Valencia,Ath Madrid,A,0.5271565921688899,0.24889621593119998,0.22394719189991022,0.530164999855681,0.2505363291536768,0.21929867099064218,0.554233786407767,0.24519766990291259,0.20056854368932037
2026-05-02,Premier League,Brentford,West Ham,H,0.4915803085479229,0.24904997064364268,0.25936972080843446,0.49126541347043656,0.25108758412954535,0.25764700240001803,0.5072694324171035,0.2444355296103142,0.2482950379725823
2026-05-02,Ligue 1,Nice,Lens,D,0.2265723442042286,0.2351546299695403,0.538273025826231,0.22561819200690877,0.23640305834216147,0.5379787496509298,0.20612922115947685,0.2254538356431778,0.5684169431973453
2026-05-02,Ligue 1,Paris SG,Lorient,D,0.7259458421355867,0.16516228154407528,0.108891876320338,0.7279461778710589,0.16401030779460501,0.10804351433433611,0.7060543772931018,0.1716731849725458,0.12227243773435229
2026-05-02,Ligue 1,Nantes,Marseille,H,0.20940690133956041,0.23591410404077057,0.554678994619669,0.20875131621044626,0.23732105871652567,0.5539276250730281,0.25939805050857084,0.24513794825548182,0.49546400123594747
2026-05-02,Serie A,Como,Napoli,D,0.4181442700182314,0.287313854245656,0.2945418757361127,0.41900736099301483,0.29085963863749986,0.29013300036948525,0.4239376333839175,0.2955527349458857,0.28050963167019694
2026-05-03,Serie A,Juventus,Verona,D,0.7716652909968864,0.15510215981831105,0.07323254918480254,0.772134952783682,0.15431160094469187,0.07355344627162604,0.8032745182071738,0.13407006937266666,0.06265541242015955
2026-05-03,Ligue 1,Lille,Le Havre,D,0.6716227517448426,0.2083829519922614,0.11999429626289602,0.6728166182269206,0.20829488434622329,0.11888849742685616,0.6922965686780838,0.19800855248207905,0.10969487883983722
2026-05-03,Serie A,Inter,Parma,H,0.7722365315222554,0.14950499250270866,0.07825847597503593,0.7731618035498247,0.14843160379591175,0.07840659265426365,0.7870375532744294,0.14041599526185472,0.0725464514637158
2026-05-03,La Liga,Getafe,Vallecano,A,0.48218494232693504,0.2935700122053579,0.2242450454677071,0.4821472845972579,0.29719053858444466,0.2206621768182975,0.4643789630734801,0.3095859753823201,0.22603506154419992
2026-05-03,Serie A,Bologna,Cagliari,D,0.5235165660882429,0.2716791509145983,0.20480428299715875,0.5221203277180816,0.27449141304292657,0.20338825923899187,0.4248412138320395,0.3034580098800282,0.27170077628793227
2026-05-03,Premier League,Aston Villa,Tottenham,A,0.4465952821085185,0.2612395800634788,0.29216513782800274,0.44447487470024105,0.2637566384333442,0.29176848686641477,0.4198272237603027,0.2656533845262932,0.31451939171340404
2026-05-03,La Liga,Espanol,Real Madrid,A,0.21713919631825634,0.24315066254388085,0.5397101411378626,0.21769152649468573,0.24525636792022282,0.5370521055850914,0.21752997170474808,0.24672478369670106,0.5357452445985509
2026-05-03,La Liga,Betis,Oviedo,H,0.6057262950462255,0.2320444015848725,0.16222930336890215,0.6058223290934568,0.23316474133054177,0.1610129295760014,0.6101811336114785,0.22918998677114075,0.16062887961738068
2026-05-03,La Liga,Celta,Elche,H,0.5341727867627364,0.24535495454981332,0.22047225868745016,0.5331524944189175,0.24720975942847273,0.21963774615260961,0.554439069281566,0.24274663914141104,0.20281429157702305
2026-05-03,Ligue 1,Paris FC,Brest,H,0.46431562082981237,0.2713006970546287,0.26438368211555885,0.4669060065305862,0.2739929490475057,0.25910104442190807,0.5092494004210144,0.24987170580657772,0.24087889377240784
2026-05-03,Ligue 1,Lyon,Rennes,H,0.4302779102814378,0.2588858735955169,0.3108362161230454,0.43035813736919404,0.26147249027062097,0.308169372360185,0.4557995365894828,0.24850772606607438,0.2956927373444429
2026-05-03,Ligue 1,Auxerre,Angers,H,0.5559197348774537,0.2630831421391894,0.18099712298335702,0.5580497576747426,0.26467559579270966,0.1772746465325478,0.5459052014711738,0.25724847850148463,0.19684632002734154
2026-05-03,Premier League,Man United,Liverpool,H,0.4092237119835909,0.2512392226387194,0.33953706537768963,0.40925673421389164,0.2535339530353824,0.3372093127507259,0.40143111570949613,0.2542757741017024,0.34429311018880143
2026-05-03,Bundesliga,Freiburg,Wolfsburg,D,0.38425772168714706,0.2660245765526403,0.34971770176021255,0.38132771431594115,0.26876354818845954,0.3499087374955994,0.4565447077943285,0.2607010169856193,0.2827542752200523
2026-05-03,Bundesliga,M'gladbach,Dortmund,H,0.2599630547682213,0.24624468776198266,0.493792257469796,0.259920696127893,0.24837672255244966,0.4917025813196573,0.25781132830075487,0.24566315052742088,0.4965255211718243
2026-05-03,Premier League,Bournemouth,Crystal Palace,H,0.593946316390634,0.22558537978298115,0.18046830382638493,0.5949542084979409,0.22646642625284943,0.17857936524920973,0.6024680335448486,0.2221867925129938,0.17534517394215743
2026-05-03,Bundesliga,St Pauli,Mainz,A,0.34514501891551064,0.2894073139974779,0.3654476670870113,0.3438762785619817,0.2933811408474649,0.3627425805905534,0.3402314335491329,0.2870050436380722,0.372763522812795
2026-05-03,Serie A,Sassuolo,Milan,H,0.20830036324213858,0.23499211833095535,0.5567075184269061,0.20762272384133568,0.2360999944847144,0.55627728167395,0.20375274361943554,0.23745230681348978,0.5587949495670748
2026-05-03,Ligue 1,Strasbourg,Toulouse,A,0.3644970804605285,0.2681357833272853,0.3673671362121862,0.36348316399694824,0.2709343133296398,0.36558252267341207,0.3151146365315658,0.26893404324676734,0.4159513202216668
2026-05-04,Premier League,Everton,Man City,D,0.14687468332679796,0.20238887248919457,0.6507364441840076,0.14534836511253588,0.20153296963807837,0.6531186652493858,0.14090408359493894,0.20447902803690707,0.6546168883681539
2026-05-04,Serie A,Roma,Fiorentina,H,0.5795224886644622,0.2368099509517219,0.1836675603838158,0.5793082020831417,0.23829945215270432,0.18239234576415397,0.6208298457491331,0.2269862147896346,0.1521839394612323
2026-05-04,La Liga,Sevilla,Sociedad,H,0.39779803304191685,0.27786489472181647,0.3243370722362666,0.3977122692149243,0.28136256738551974,0.3209251633995559,0.3960200105706945,0.2942217633393562,0.30975822608994924
2026-05-04,Premier League,Chelsea,Nott'm Forest,A,0.5590429778915779,0.23898020428952949,0.20197681781889262,0.5548977397601617,0.24151817183374702,0.20358408840609124,0.6696616992474981,0.19753619161903185,0.13280210913347007
2026-05-04,Serie A,Cremonese,Lazio,A,0.32390983463010686,0.2906106927522454,0.38547947261764787,0.3232226775942966,0.2949215378797606,0.38185578452594265,0.3012496720020992,0.29837149042246125,0.4003788375754395
2026-05-08,Ligue 1,Lens,Nantes,H,0.6536245868229361,0.19513218354004144,0.15124322963702244,0.6530077890222037,0.19544016259553074,0.1515520483822656,0.6516175216413392,0.19630318643588462,0.1520792919227761
2026-05-08,Bundesliga,Dortmund,Ein Frankfurt,H,0.5731866547716813,0.21461783420674826,0.21219551102157053,0.5756034898000828,0.21488594508141973,0.2095105651184974,0.5517041480519972,0.22120213483216863,0.22709371711583418
2026-05-08,La Liga,Levante,Osasuna,H,0.37448580045963353,0.2910090895212632,0.33450511001910327,0.3728366278695686,0.2951099994065941,0.3320533727238373,0.3707093821510298,0.28947368421052627,0.33981693363844395
2026-05-08,Serie A,Torino,Sassuolo,H,0.376361653514901,0.29013638305018685,0.3335019634349123,0.3748065378333277,0.29408867251772225,0.33110478964895,0.3454817439557409,0.2944199767673138,0.36009827927694527
2026-05-09,Bundesliga,Augsburg,M'gladbach,H,0.4531876363974059,0.25507282267176395,0.29173954093083004,0.45272466064969574,0.25746799943952253,0.2898073399107816,0.48977191887222515,0.2398626577040898,0.270365423423685
2026-05-09,Serie A,Lecce,Juventus,A,0.13878398297471503,0.21162987449085505,0.64958614253443,0.13703820409253512,0.21099363839804922,0.6519681575094156,0.11410391892117769,0.21194415709114683,0.6739519239876756
2026-05-09,Premier League,Brighton,Wolves,H,0.7444680975228546,0.16079498024728323,0.09473692222986226,0.74710276969876,0.15931496495389189,0.0935822653473482,0.7455227750782008,0.1591283906469437,0.09534883427485549
2026-05-09,Serie A,Lazio,Inter,A,0.21404686672869971,0.25144752892591876,0.5345056043453816,0.2131375584467675,0.2532706283656287,0.5335918131876038,0.22864918151146163,0.2618607944684337,0.5094900240201047
2026-05-09,Bundesliga,Hoffenheim,Werder Bremen,H,0.6468679360412708,0.18971279590619755,0.16341926805253157,0.6491219876161193,0.18934263586137004,0.1615353765225106,0.6341298174637114,0.19271296300745233,0.17315721952883634
2026-05-09,Bundesliga,Wolfsburg,Bayern Munich,A,0.2175174431150646,0.2078068429759992,0.5746757139089361,0.21838237063695864,0.20888311513215668,0.5727345142308846,0.17731457944981077,0.18143817432073658,0.6412472462294526
2026-05-09,Bundesliga,RB Leipzig,St Pauli,H,0.7199866421773251,0.1736516947737519,0.10636166304892303,0.7211576022353429,0.17294161735704677,0.10590078040761043,0.7395833191219987,0.1562846614450813,0.10413201943292001
2026-05-09,Premier League,Fulham,Bournemouth,A,0.35043707484355846,0.2566041968799827,0.3929587282764589,0.34905357184085734,0.2590911922365747,0.39185523592256805,0.3577391465274118,0.2613483209353036,0.3809125325372846
2026-05-09,Premier League,Man City,Brentford,H,0.6984551943236149,0.17112786067819968,0.13041694499818535,0.6990339106403728,0.17064133012500654,0.13032475923462064,0.702427426996296,0.1689861314497373,0.12858644155396676
2026-05-09,Bundesliga,Stuttgart,Leverkusen,H,0.4360722569761721,0.23455401700991074,0.3293737260139172,0.4363717928057707,0.23618545737335597,0.3274427498208735,0.47151346196170485,0.22774557992810504,0.30074095811018997
2026-05-09,La Liga,Elche,Alaves,D,0.42329391514996967,0.2830459312147388,0.29366015363529147,0.4232082385087219,0.2866489153249766,0.29014284616630154,0.4207583246148851,0.2923025121156366,0.28693916326947816
2026-05-09,Premier League,Sunderland,Man United,D,0.2395172068159038,0.2544061142666221,0.5060766789174741,0.23750573101623781,0.2563323397656408,0.5061619292181214,0.29346570691928087,0.2683831678663509,0.4381511252143682
2026-05-09,La Liga,Sevilla,Espanol,H,0.46367070746916295,0.28042360152326623,0.25590569100757077,0.4636902982408035,0.283637626069037,0.2526720756901594,0.47483354557031104,0.2975222848826632,0.22764416954702563
2026-05-09,Premier League,Liverpool,Chelsea,D,0.5158761444775424,0.23769483112636128,0.24642902439609637,0.5181516688639634,0.238830193547492,0.24301813758854457,0.473678968627234,0.2554528855198363,0.2708681458529298
2026-05-09,La Liga,Sociedad,Betis,D,0.3764889422112302,0.26301199343207066,0.36049906435669915,0.3756876980172574,0.26571414039803704,0.3585981615847056,0.37547374340834444,0.26896399957617795,0.35556225701547767
2026-05-09,Serie A,Cagliari,Udinese,A,0.37504679350131853,0.30051826402349235,0.324434942475189,0.37298552271537305,0.30511660552041964,0.32189787176420714,0.373971167755774,0.30675412779967076,0.3192747044445553
2026-05-09,La Liga,Ath Madrid,Celta,A,0.4500089304434935,0.2697459871246301,0.28024508243187624,0.4491986803882947,0.27252016958857594,0.2782811500231293,0.5103059201862967,0.2537737549034556,0.23592032491024773
2026-05-10,Ligue 1,Auxerre,Nice,H,0.39518645075026004,0.27757143564601594,0.327242113603724,0.3950627878660825,0.280935758543921,0.3240014535899966,0.40461725394896725,0.28068043742405835,0.31470230862697446
2026-05-10,Bundesliga,Mainz,Union Berlin,A,0.5355984801766496,0.2446040303168951,0.21979748950645522,0.5358586298767161,0.24631101586746307,0.2178303542558209,0.5645739145269982,0.21948306747419602,0.21594301799880575
2026-05-10,Ligue 1,Toulouse,Lyon,H,0.21737061273051755,0.2466983938132065,0.535930993456276,0.21445437573302295,0.24756216417540217,0.5379834600915747,0.24071806854672276,0.25037253653656455,0.5089093949167128
2026-05-10,Serie A,Parma,Roma,A,0.15322888803974016,0.2338555598012992,0.6129155521589607,0.1512824298504818,0.23402413843085731,0.614693431718661,0.1106588324978964,0.210152536156319,0.6791886313457847
2026-05-10,Serie A,Fiorentina,Genoa,D,0.4543372481280701,0.2827597375056871,0.2629030143662428,0.4535032052368091,0.2862277069890308,0.26026908777416,0.46905765211311323,0.2834185209142678,0.2475238269726191
2026-05-10,Bundesliga,FC Koln,Heidenheim,A,0.4953925063027036,0.23698165695905415,0.2676258367382422,0.49575748652448454,0.2385808771645925,0.2656616363109231,0.46412120580728217,0.23148761376066915,0.3043911804320487
2026-05-10,Ligue 1,Rennes,Paris FC,H,0.626115069447035,0.20639633926461995,0.1674885912883451,0.6249995834282771,0.2073107244655977,0.16768969210612517,0.6111796526525577,0.20328366707791595,0.18553668026952644
2026-05-10,Ligue 1,Paris SG,Brest,H,0.8047358669619052,0.12580776356816845,0.06945636946992634,0.8081008704812525,0.12360905526487986,0.0682900742538677,0.7892745658656212,0.1288390580768298,0.08188637605754918
2026-05-10,Serie A,Cremonese,Pisa,H,0.5534367934540197,0.25837242567328544,0.18819078087269484,0.5537454424067604,0.2604251082041966,0.185829449389043,0.5086714045311044,0.267415824096352,0.2239127713725436
2026-05-10,Premier League,Burnley,Aston Villa,D,0.175890038105607,0.22964616222101256,0.5944637996733805,0.17367617380390446,0.22986588493089988,0.5964579412651956,0.1488499940838635,0.21350881504336983,0.6376411908727666
2026-05-10,La Liga,Oviedo,Getafe,D,0.3074968233799238,0.3074968233799238,0.38500635324015253,0.3064098869119747,0.3122657348040709,0.3813243782839545,0.33730631704410013,0.3313468414779499,0.3313468414779499
2026-05-10,Serie A,Verona,Como,A,0.11618495937582386,0.20281852691040558,0.6809965137137705,0.11540362073475194,0.20222592673905604,0.682370452526192,0.11280189537596728,0.20462313187456643,0.6825749727494662
2026-05-10,Premier League,Crystal Palace,Everton,D,0.3460348788032076,0.2876547612137094,0.3663103599830831,0.3436520955171131,0.2914760837744354,0.3648718207084515,0.33899766746607973,0.2899733894017544,0.37102894313216594
2026-05-10,Bundesliga,Hamburg,Freiburg,H,0.3408938533865902,0.2616384196860664,0.3974677269273434,0.3406850811954456,0.26444347725262524,0.3948714415519291,0.3187426592080903,0.26103159277765614,0.4202257480142536
2026-05-10,Ligue 1,Monaco,Lille,A,0.4078234021345392,0.2540539226411883,0.3381226752242725,0.40455008996615627,0.2565513144787802,0.3388985955550634,0.36972193614830073,0.26055612770339853,0.36972193614830073
2026-05-10,La Liga,Ath Bilbao,Valencia,A,0.5472069249222176,0.25496562441879894,0.1978274506589835,0.5474317486150891,0.2569623780264512,0.1956058733584596,0.5692643266745756,0.2531768568768328,0.17755881644859164
2026-05-10,Premier League,Nott'm Forest,Newcastle,D,0.3637432631063204,0.269671729544341,0.3665850073493386,0.36504487946203446,0.27274292854452764,0.36221219199343785,0.2880589515993971,0.2738234801540781,0.4381175682465249
2026-05-10,Ligue 1,Le Havre,Marseille,A,0.2723513861587474,0.25242323595200983,0.4752253778892429,0.2729511726189376,0.25488331414700305,0.4721655132340594,0.2587268993839835,0.24709103353867212,0.49418206707734424
2026-05-10,Ligue 1,Angers,Strasbourg,D,0.32904637320677654,0.28132967860277264,0.3896239481904508,0.33002876747379306,0.2851148075676863,0.3848564249585207,0.3544569103686352,0.2712365922820861,0.3743064973492788
2026-05-10,La Liga,Mallorca,Villarreal,D,0.40217906205589765,0.2681193747039317,0.3297015632401705,0.40334556753763123,0.2713381772058221,0.3253162552565467,0.38517146342565406,0.2744770252564045,0.3403515113179416
2026-05-10,Serie A,Milan,Atalanta,A,0.45658070398855033,0.27368141613348773,0.269737879877962,0.45469415897479665,0.2769733633490147,0.26833247767618856,0.4203557066123505,0.285790617605348,0.2938536757823014
2026-05-10,Ligue 1,Metz,Lorient,A,0.30313534829915206,0.2599512623682672,0.4369133893325806,0.3027204603390914,0.2626675163349178,0.4346120233259908,0.3275178557098147,0.2616483428296284,0.410833801460557
2026-05-10,La Liga,Barcelona,Real Madrid,H,0.5805836175184441,0.20101927402251507,0.21839710845904092,0.5815764931076811,0.2013539813295528,0.21706952556276612,0.5717990198410811,0.20385878098682023,0.22434219917209883
2026-05-10,Premier League,West Ham,Arsenal,A,0.1772578278221991,0.22926501446929906,0.593477157708502,0.17605763804085758,0.22995867232239103,0.5939836896367513,0.1614484679665738,0.22735376044568245,0.6111977715877437
2026-05-11,Serie A,Napoli,Bologna,A,0.6135430605701012,0.23256495064003838,0.15389198878986038,0.6145112704356024,0.23332303079156305,0.15216569877283462,0.6112014242709362,0.2332015409313048,0.15559703479775913
2026-05-11,Premier League,Tottenham,Leeds,D,0.5152712207341748,0.24549571249638694,0.2392330667694383,0.5155615556672825,0.24744461050212302,0.23699383383059452,0.5204540334809346,0.2525527615550916,0.22699320496397385
2026-05-11,La Liga,Vallecano,Girona,D,0.4054924257940832,0.27511285525852247,0.31939471894739424,0.4041446313420957,0.2783826930047735,0.3174726756531309,0.4222505593917667,0.28931982773139575,0.2884296128768376
2026-05-12,La Liga,Osasuna,Ath Madrid,A,0.37358241274268733,0.26714867691855987,0.3592689103387529,0.3741194545905943,0.2702686310625232,0.35561191434688244,0.36274165202108966,0.27311072056239016,0.3641476274165202
2026-05-12,La Liga,Betis,Elche,H,0.5964980321573619,0.22512065155938898,0.17838131628324919,0.5979710096380358,0.22570972915149773,0.17631926121046637,0.5852147282957054,0.22562495548750083,0.18916031621679366
2026-05-12,La Liga,Celta,Levante,A,0.5269375802310654,0.24813462772785622,0.22492779204107827,0.5279155920759091,0.24980117656249712,0.22228323136159375,0.4979208432804631,0.2557256504891508,0.24635350623038615
2026-05-13,La Liga,Alaves,Barcelona,H,0.3034506675914687,0.25004335009537015,0.44650598231316097,0.3044004108628734,0.2527631376119306,0.44283645152519596,0.3131228613039583,0.2528742890747414,0.4340028496213003
2026-05-13,La Liga,Getafe,Mallorca,H,0.4278465331792789,0.30520648458065824,0.26694698224006286,0.4255912233571847,0.3097944028046831,0.26461437383813224,0.40763336424422864,0.32412514031919565,0.2682414954365757
2026-05-13,Ligue 1,Brest,Strasbourg,A,0.34724967538643486,0.2681928328632984,0.38455749175026677,0.3460612652944929,0.2710646763027198,0.3828740584027874,0.28898797501786655,0.26301152782524934,0.44800049715688406
2026-05-13,La Liga,Villarreal,Sevilla,A,0.4479481523840645,0.2845628080494513,0.2674890395664842,0.4463852087346451,0.2878620192538502,0.2657527720115047,0.45047327492170736,0.2800239276540343,0.2695027974242584
2026-05-13,La Liga,Espanol,Ath Bilbao,H,0.35928001697602135,0.29212487361601736,0.3485951094079613,0.35811204996572293,0.2962910293485773,0.3455969206856998,0.34037403927539994,0.3204896452283834,0.33913631549621664
2026-05-13,Premier League,Man City,Crystal Palace,H,0.7920115365549564,0.13406738669991436,0.07392107674512927,0.7945355160977838,0.13226932473520087,0.07319515916701526,0.7243891537544696,0.16521156138259832,0.11039928486293209
2026-05-13,Ligue 1,Lens,Paris SG,A,0.2827816411682893,0.23866481223922115,0.4785535465924896,0.280399669507007,0.24016092965645477,0.4794394008365383,0.30230778751701864,0.23295038988219144,0.4647418226007899
2026-05-14,La Liga,Real Madrid,Oviedo,H,0.7610917135194106,0.14906732605555337,0.089840960425036,0.7616439501809971,0.14822213656878114,0.0901339132502218,0.773313029769784,0.14373406544108122,0.08295290478913464
2026-05-14,La Liga,Girona,Sociedad,D,0.4529644820394334,0.2563480310442947,0.2906874869162719,0.4538768976187621,0.2587276775169455,0.2873954248642925,0.4893029473968739,0.25465085273243304,0.25604619987069294
2026-05-14,La Liga,Valencia,Vallecano,D,0.43038921856180795,0.28046384512886585,0.2891469363093261,0.43033753831374033,0.2838575892868977,0.28580487239936203,0.4115119819669258,0.30627285215243333,0.28221516588064094
2026-05-15,Premier League,Aston Villa,Liverpool,H,0.34035276298431627,0.2730737284409049,0.38657350857477885,0.33985618091880004,0.27625337615717566,0.3838904429240243,0.3501859466898212,0.2744147184586903,0.3753993348514884
2026-05-16,Bundesliga,Leverkusen,Hamburg,D,0.7461066325276362,0.1482723832527099,0.10562098421965403,0.7485057178497089,0.14681600287156896,0.10467827927872216,0.7360782190460734,0.15102089469927518,0.11290088625465138
2026-05-16,Bundesliga,Ein Frankfurt,Stuttgart,D,0.27817076109606903,0.22082276058574205,0.5010064783181889,0.2761903896261291,0.22154194990731862,0.5022676604665522,0.2678923542644486,0.21987391340572668,0.5122337323298247
2026-05-16,Bundesliga,M'gladbach,Hoffenheim,H,0.2279509849542423,0.21240887234372574,0.559640142702032,0.22658070318955523,0.21251936903212582,0.5608999277783191,0.21349334079029958,0.2106017831272256,0.5759048760824749
2026-05-16,Bundesliga,Freiburg,RB Leipzig,H,0.3514604456027715,0.24004386104313002,0.40849569335409847,0.3515940558556178,0.24203825144798402,0.4063676926963983,0.3816297401628443,0.25031628118208066,0.36805397865507516
2026-05-16,Bundesliga,St Pauli,Wolfsburg,A,0.33499283580639677,0.2565509872015931,0.4084561769920101,0.33157286980084166,0.2587013419312171,0.4097257882679413,0.3650938924935035,0.2625394283099351,0.37236667919656136
2026-05-16,Bundesliga,Werder Bremen,Dortmund,A,0.2823998142421707,0.23474039974790006,0.4828597860099292,0.28145993455546453,0.2363221178190833,0.48221794762545206,0.2990326015541811,0.23679739006320938,0.4641700083826095
2026-05-16,Bundesliga,Union Berlin,Augsburg,H,0.3627115914900469,0.24725962602902402,0.39002878248092904,0.3617746664762056,0.24930736342541693,0.3889179700983776,0.3717382450285299,0.23621847975230628,0.3920432752191639
2026-05-16,Bundesliga,Bayern Munich,FC Koln,H,0.8198945187583302,0.10731110808088361,0.07279437316078631,0.8209672765342421,0.10593641604935443,0.07309630741640354,0.822435011866992,0.10291722431705497,0.07464776381595309
2026-05-16,Bundesliga,Heidenheim,Mainz,A,0.49620396276234163,0.22532933574715033,0.2784667014905081,0.499902451281341,0.22643246297654696,0.27366508574211207,0.4852923942341498,0.23063400914098206,0.28407359662486814
2026-05-17,Premier League,Everton,Sunderland,A,0.5176956276975042,0.2581347344717583,0.22416963783073746,0.5184591822596909,0.26008503902261326,0.22145577871769576,0.5103376386693267,0.26229643998646957,0.22736592134420366
2026-05-17,Ligue 1,Nice,Metz,D,0.6962990551267273,0.18330859211587716,0.12039235275739543,0.6999177858233612,0.1819691723925381,0.11811304178410069,0.7386446903747566,0.1622973627640036,0.0990579468612398
2026-05-17,Serie A,Genoa,Milan,A,0.2008249548852797,0.2530720976196615,0.5461029474950588,0.2002352157477713,0.2550040081759664,0.5447607760762622,0.18415821631078988,0.26007859517986204,0.555763188509348
2026-05-17,Premier League,Newcastle,West Ham,H,0.4559710494571773,0.24728588661037396,0.2967430639324487,0.4556805585623235,0.24927883205187787,0.2950406093857987,0.4568606178267573,0.2458173927939245,0.2973219893793182
2026-05-17,La Liga,Vallecano,Villarreal,H,0.38930707233695694,0.26625023912699924,0.3444426885360437,0.39013265532955677,0.2693543310050398,0.3405130136654033,0.4762814891432255,0.2629610475269639,0.2607574633298106
2026-05-17,Ligue 1,Paris FC,Paris SG,H,0.18107678339954553,0.20540648337173117,0.6135167332287235,0.18029320667025572,0.20536510544057401,0.6143416878891703,0.16617605300520588,0.1941599621391387,0.6396639848556555
2026-05-17,Ligue 1,Lorient,Le Havre,A,0.3650255868769045,0.2713747074449289,0.3635997056781666,0.3637090284453899,0.2742820743671747,0.36200889718743534,0.40687190583915284,0.2740401954034294,0.3190878987574178
2026-05-17,Premier League,Man United,Nott'm Forest,H,0.5905417015215573,0.2205805882751916,0.18887771020325114,0.5894628151619409,0.22185249876982602,0.18868468606823316,0.6032714166897698,0.21291932353756585,0.18380925977266427
2026-05-17,Ligue 1,Lille,Auxerre,A,0.6859070752398579,0.19556260426125932,0.11853032049888271,0.6872655411260825,0.19515958507730347,0.11757487379661401,0.6619281613199053,0.20378137717490535,0.13429046150518942
2026-05-17,Premier League,Leeds,Brighton,H,0.30216305366698704,0.26153608846806436,0.43630085786494854,0.30146291463708885,0.26428179413839076,0.4342552912245204,0.27270212962109336,0.2687839955748133,0.45851387480409334
2026-05-17,La Liga,Osasuna,Espanol,A,0.451830764700108,0.29783056837145383,0.25033866692843815,0.4495797946406572,0.30198772593819395,0.24843247942114882,0.44239673942354363,0.3218817655805783,0.23572149499587805
2026-05-17,La Liga,Sociedad,Valencia,A,0.43561617357478527,0.2753301037727871,0.2890537226524276,0.43556459153555127,0.27837878762733276,0.28605662083711597,0.3943857066657845,0.2930075626325735,0.3126067307016419
2026-05-17,Serie A,Udinese,Cremonese,A,0.39909482119008755,0.28646683484196467,0.31443834396794773,0.39757931684237624,0.2899977148311023,0.31242296832652144,0.3937712814550286,0.2972095340918528,0.30901918445311854
2026-05-17,La Liga,Barcelona,Betis,H,0.6994614829158239,0.1691425040505538,0.1313960130336223,0.7004843188344468,0.1684578195283436,0.13105786163720962,0.7074006091120704,0.16468585608958253,0.12791353479834697
2026-05-17,La Liga,Oviedo,Alaves,A,0.25134329689276663,0.26052156335233395,0.48813513975489936,0.2494527385706157,0.26248482647376115,0.4880624349556232,0.25092250922509224,0.29274292742927427,0.45633456334563344
2026-05-17,Ligue 1,Marseille,Rennes,H,0.4679691516709511,0.2523736075407027,0.2796572407883462,0.46824445347306115,0.2546009249515407,0.27715462157539816,0.5125045281020982,0.22694847716443278,0.26054699473346893
2026-05-17,Serie A,Atalanta,Bologna,A,0.5692721494177315,0.22995229680913298,0.2007755537731354,0.5703038801357114,0.23098199146277765,0.19871412840151093,0.5449548004835976,0.23833061606827416,0.21671458344812836
2026-05-17,Serie A,Pisa,Napoli,A,0.11595503728307902,0.20185693315369696,0.682188029563224,0.11440648096086337,0.20087409694644198,0.6847194220926947,0.1168205211992484,0.2173025079650355,0.665876970835716
2026-05-17,Serie A,Juventus,Fiorentina,A,0.7120323136093721,0.17665953235384046,0.1113081540367873,0.7141170095620597,0.17571617824169494,0.11016681219624527,0.7183944992593008,0.1719913165814164,0.10961418415928298
2026-05-17,Serie A,Sassuolo,Lecce,A,0.3493314140687147,0.2933065646426001,0.35736202128868516,0.34702765797259283,0.2971351580318933,0.355837183995514,0.3723778874829405,0.2927499115431922,0.33487220097386733
2026-05-17,Premier League,Brentford,Crystal Palace,D,0.5469966228243195,0.22869540954268616,0.22430796763299432,0.5496790913987869,0.2295721870542665,0.22074872154694666,0.5461352334863872,0.24085964143502203,0.21300512507859085
2026-05-17,Premier League,Wolves,Fulham,D,0.2537131289347681,0.24700114139681134,0.4992857296684206,0.2514859769849261,0.2485408114298351,0.49997321158523883,0.2325359551305038,0.2581597518390993,0.5093042930303969
2026-05-17,Ligue 1,Strasbourg,Monaco,H,0.3249951652307073,0.24268568474146807,0.43231915002782456,0.3246245406448018,0.24462403408345024,0.43075142527174815,0.2919497624742237,0.22550114825490888,0.48254908927086726
2026-05-17,Serie A,Cagliari,Torino,H,0.3970437673313907,0.30001699460732095,0.30293923806128836,0.3962616697576603,0.3045399306704425,0.29919839957189714,0.43101688197827803,0.3052447426469117,0.2637383753748104
2026-05-17,Serie A,Como,Parma,H,0.7534241456858684,0.16419085072943349,0.08238500358469811,0.7551642713360289,0.16298148063361131,0.08185424803035975,0.7616333295419463,0.16068764928586518,0.07767902117218856
2026-05-17,La Liga,Ath Madrid,Girona,H,0.5334322227293473,0.24817434961204926,0.21839342765860337,0.5323052436736487,0.2502873567551466,0.2174073995712047,0.5257351577229082,0.24433644405921057,0.2299283982178812
2026-05-17,Ligue 1,Nantes,Toulouse,D,0.36952402184817745,0.26529929773715305,0.36517668041466955,0.3712495900430664,0.2683184785687967,0.36043193138813695,0.338720692010016,0.2731618483951741,0.38811745959481
2026-05-17,Serie A,Inter,Verona,D,0.7912158078153052,0.13629702966745405,0.07248716251724069,0.7914050485679515,0.1354062883815089,0.0731886630505396,0.6868450414579186,0.19339736156993154,0.11975759697214992
2026-05-17,Ligue 1,Brest,Angers,D,0.5202787207432553,0.25585134893693046,0.22386993031981417,0.5197156638062067,0.2580435871751821,0.2222407490186112,0.4826448060651289,0.27157564889378966,0.24577954504108143
2026-05-17,Ligue 1,Lyon,Lens,A,0.5383585243185869,0.23110676105984,0.23053471462157307,0.5401584075247744,0.23230327251061217,0.22753831996461352,0.6131746098515122,0.2062003112774997,0.18062507887098808
2026-05-17,Serie A,Roma,Lazio,H,0.6153954178870922,0.22870440958151103,0.15590017253139668,0.6185244993469995,0.22885274599020955,0.152622754662791,0.6246814848706835,0.22591636224692194,0.1494021528823946
2026-05-17,La Liga,Elche,Getafe,H,0.42153891100317714,0.31868921106769404,0.25977187792912876,0.42016687034797656,0.32386788273645106,0.2559652469155724,0.4061221668306727,0.3254637573904345,0.2684140757788928
2026-05-17,La Liga,Ath Bilbao,Celta,D,0.43103944366319896,0.29798546748420507,0.2709750888525958,0.429822485224106,0.3022000942489813,0.2679774205269126,0.4383457665713913,0.2964052326339884,0.2652490007946203
2026-05-17,La Liga,Sevilla,Real Madrid,A,0.305951484835976,0.2648665711580021,0.4291819440060219,0.3067395976488676,0.2681451314188313,0.425115270932301,0.27043808209727493,0.25353570196619524,0.4760262159365299
2026-05-17,La Liga,Levante,Mallorca,H,0.43764544172082415,0.2786211220565007,0.283733436222675,0.43630182370264087,0.2821187999445825,0.28157937635277663,0.4561810056641386,0.27586167009188317,0.2679573242439782
2026-05-18,Premier League,Arsenal,Burnley,H,0.8654098218757148,0.09235598889582729,0.04223418922845785,0.8670265027265912,0.09070109068065002,0.04227240659275871,0.8651620472951134,0.09327662033152063,0.04156133237336595
2026-05-19,Premier League,Chelsea,Tottenham,H,0.49326759507539714,0.2574748435833117,0.24925756134129112,0.49039471117481975,0.2601621997792688,0.24944308904591153,0.42707135617190223,0.28514825305380054,0.2877803907742972
2026-05-19,Premier League,Bournemouth,Man City,D,0.2128665297247949,0.22034427667063078,0.5667891936045744,0.2112203468479243,0.22083177382831226,0.5679478793237633,0.2030878092070078,0.22128907512650375,0.5756231156664884
2026-05-22,Serie A,Fiorentina,Atalanta,D,0.35250343600770995,0.2723423047872977,0.3751542592049924,0.351908950856098,0.27553567190399614,0.3725553772399058,0.31060330019259796,0.26635781583467805,0.42303888397272393
2026-05-23,La Liga,Celta,Sevilla,H,0.538276335205944,0.25451109327672355,0.20721257151733247,0.5385610990501798,0.25645837324082643,0.20498052770899383,0.5062704876892136,0.2779229680193013,0.2158065442914851
2026-05-23,La Liga,Mallorca,Oviedo,H,0.6472416893231225,0.21674375277564148,0.1360145579012359,0.6485441973703641,0.2170381070076897,0.1344176956219463,0.6460091505449054,0.21583255029726098,0.13815829915783373
2026-05-23,La Liga,Alaves,Vallecano,A,0.3871907082858031,0.28191226796640045,0.33089702374779634,0.3853077889446069,0.28560476685772773,0.32908744419766545,0.44309465175741436,0.28591122789239887,0.2709941203501868
2026-05-23,La Liga,Girona,Elche,D,0.532187930851628,0.242655636864991,0.22515643228338103,0.5336058746733209,0.2441390539377321,0.22225507138894696,0.5277160744830645,0.25041754740885364,0.22186637810808174
2026-05-23,La Liga,Valencia,Barcelona,H,0.2622359091885698,0.23324500465516004,0.5045190861562701,0.26224969460135855,0.23506707682305597,0.5026832285755855,0.27942488554754347,0.23449224063537566,0.4860828738170809
2026-05-23,La Liga,Real Madrid,Ath Bilbao,H,0.6388409796481545,0.20144877543980683,0.1597102449120386,0.6393351428502954,0.20165472399481152,0.1590101331548931,0.6158124340976285,0.2034858477887816,0.18070171811358982
2026-05-23,Serie A,Bologna,Inter,D,0.31670911120734524,0.25667359287408475,0.4266172959185701,0.3157542703583228,0.259290988520406,0.42495474112127113,0.2786691671876085,0.26371234747979905,0.45761848533259236
2026-05-23,La Liga,Betis,Levante,H,0.4267015706806283,0.28664921465968585,0.28664921465968585,0.4261932988588073,0.2901847487816739,0.28362195235951876,0.40740166286393015,0.27199702855930025,0.3206013085767697
2026-05-23,Serie A,Lazio,Pisa,H,0.6137704918032787,0.22426229508196716,0.16196721311475407,0.6127593682706476,0.22537913190528086,0.16186149982407144,0.5582405129168451,0.24993610095740784,0.19182338612574715
2026-05-23,La Liga,Espanol,Sociedad,D,0.38859436159143834,0.2734974978942674,0.33790814051429424,0.38914785075913944,0.2768662528739994,0.33398589636686116,0.3935219672638311,0.26836168541201083,0.33811634732415813
2026-05-23,La Liga,Getafe,Osasuna,H,0.38713865721693175,0.3368246079035399,0.2760367348795283,0.38548975743492064,0.3428501153096961,0.2716601272553832,0.32108700870466056,0.3664169393453186,0.31249605195002084
2026-05-24,Premier League,Crystal Palace,Arsenal,A,0.2264216343045307,0.24225941701495127,0.5313189486805181,0.22409017435218356,0.24343773741920474,0.5324720882286117,0.23701692082724046,0.2570921245038646,0.5058909546688949
2026-05-24,Serie A,Lecce,Genoa,H,0.5366862715854046,0.27148165200080404,0.19183207641379132,0.5378508887713317,0.27392774206087356,0.18822136916779483,0.48913566088873534,0.29658701977697915,0.21427731933428543
2026-05-24,Serie A,Torino,Juventus,D,0.12838610627402086,0.2085913591822856,0.6630225345436935,0.1266281415617687,0.20753687591949777,0.6658349825187335,0.14794485133728352,0.212649661033772,0.6394054876289444
2026-05-24,Serie A,Cremonese,Como,A,0.17376922118725,0.22868887627852902,0.5975419025342209,0.17242209704670286,0.2291980157894944,0.5983798871638027,0.16783067780960723,0.22337176543005277,0.6087975567603399
2026-05-24,Premier League,Man City,Aston Villa,A,0.730772902795587,0.15773850178387042,0.11148859542054247,0.7335812906348339,0.15628552208947463,0.11013318727569153,0.6770222111637694,0.18273026670245424,0.14024752213377634
2026-05-24,Serie A,Parma,Sassuolo,H,0.3553106593197795,0.28101843055291653,0.3636709101273038,0.35388677191670576,0.28454704513823414,0.3615661829450602,0.30585341212900263,0.28090464437225615,0.41324194349874127
2026-05-24,Serie A,Napoli,Udinese,H,0.6329396899450844,0.2286047528794285,0.13845555717548721,0.6333322814120432,0.22930520563981815,0.13736251294813853,0.6185107609962878,0.225048493760095,0.15644074524361717
2026-05-24,Premier League,Fulham,Newcastle,H,0.3319190756987392,0.255740927177717,0.41233999712354374,0.33011750066631174,0.2580709624409386,0.4118115368927497,0.3698666548531431,0.2588047667567448,0.37132857839011213
2026-05-24,Serie A,Verona,Roma,A,0.09493698563044982,0.18646306159753018,0.7185999527720202,0.09367491022805577,0.18472230704243603,0.7216027827295081,0.09876290767815152,0.1934362539617626,0.7078008383600859
2026-05-24,Premier League,Tottenham,Everton,H,0.4948875255623722,0.2576687116564417,0.2474437627811861,0.4973159697023822,0.2598895344920941,0.24279449580552373,0.5016419033421698,0.26956044806030394,0.2287976485975263
2026-05-24,Serie A,Milan,Cagliari,A,0.7355780835143615,0.17487328023171617,0.08954863625392227,0.7370619785774034,0.17394350533524713,0.08899451608734937,0.6914136997996461,0.20030225208788033,0.1082840481124736
2026-05-24,Premier League,West Ham,Leeds,H,0.5122950819672131,0.23907103825136616,0.24863387978142076,0.5117772522082943,0.2409189484695027,0.24730379932220292,0.554191658529781,0.22922769330915513,0.21658064816106387
2026-05-24,Premier League,Liverpool,Brentford,D,0.5201096424687284,0.2288991091549416,0.2509912483763301,0.5192149903767718,0.2303707824660468,0.25041422715718137,0.5310871073233574,0.23153304925180854,0.237379843424834
2026-05-24,Premier League,Burnley,Wolves,D,0.39584030834306433,0.26690946505418045,0.33725022660275517,0.39603314383776067,0.2698801023293136,0.33408675383292574,0.3927192768140728,0.2744441729782556,0.33283655020767167
2026-05-24,Premier League,Sunderland,Chelsea,H,0.26952053631723305,0.26051149332055673,0.46996797036221033,0.26782285660521316,0.2626933221126375,0.4694838212821493,0.2778767434098265,0.25808278360529086,0.4640404729848827
2026-05-24,La Liga,Villarreal,Ath Madrid,H,0.38902007323744453,0.25060861860848854,0.3603713081540668,0.38850821051799816,0.2526947350183914,0.3587970544636103,0.3797838739157622,0.24650879415112797,0.37370733193311
2026-05-24,Premier League,Brighton,Man United,A,0.503299187566231,0.23521017308371597,0.26149063935005296,0.5059545237433528,0.236362772510198,0.2576827037464492,0.5014668023708316,0.2298389510866312,0.2686942465425373
2026-05-24,Premier League,Nott'm Forest,Bournemouth,D,0.2929437660137598,0.25120715418921874,0.4558490797970214,0.2925084472553009,0.25327225409588966,0.4542192986488095,0.2657539467319447,0.2542618841705633,0.4799841690974919
