date,league,home_team,away_team,outcome,predicted_move,predicted_move_abs,actual_move,directional_clv,correct_direction
2025-08-15,Premier League,Liverpool,Bournemouth,home,0.0013861538239717808,0.0013861538239717808,0.007743404021286593,0.007743404021286593,True
2025-08-15,Ligue 1,Rennes,Marseille,home,-0.003621267888230306,0.003621267888230306,-0.023694035526570928,0.023694035526570928,True
2025-08-15,La Liga,Girona,Vallecano,draw,0.003971867241524707,0.003971867241524707,0.010227943542518991,0.010227943542518991,True
2025-08-15,La Liga,Villarreal,Oviedo,home,0.0008993347211520009,0.0008993347211520009,-0.0036156484932661215,-0.0036156484932661215,False
2025-08-16,Ligue 1,Monaco,Le Havre,home,0.000964281486964591,0.000964281486964591,0.07429678607007817,0.07429678607007817,True
2025-08-16,Premier League,Brighton,Fulham,away,-0.003666635493755094,0.003666635493755094,-0.020609533288025395,0.020609533288025395,True
2025-08-16,La Liga,Valencia,Sociedad,draw,0.005351593122000786,0.005351593122000786,-0.01056797084133182,-0.01056797084133182,False
2025-08-16,Premier League,Wolves,Man City,away,0.002559489217032529,0.002559489217032529,-0.030256441424654668,-0.030256441424654668,False
2025-08-16,Ligue 1,Nice,Toulouse,draw,0.003218521336655622,0.003218521336655622,-0.003059581365778219,-0.003059581365778219,False
2025-08-16,La Liga,Alaves,Levante,draw,0.004694121793533956,0.004694121793533956,-0.00410214785860602,-0.00410214785860602,False
2025-08-16,Premier League,Tottenham,Burnley,home,0.0013818511415107926,0.0013818511415107926,-0.07898633349572393,-0.07898633349572393,False
2025-08-16,Premier League,Sunderland,West Ham,draw,0.003607392268109133,0.003607392268109133,0.018534676553918494,0.018534676553918494,True
2025-08-16,Ligue 1,Lens,Lyon,draw,0.002864612913272613,0.002864612913272613,0.007512888726451394,0.007512888726451394,True
2025-08-16,La Liga,Mallorca,Barcelona,away,0.0009560346694958977,0.0009560346694958977,0.029551899975959306,0.029551899975959306,True
2025-08-16,Premier League,Aston Villa,Newcastle,draw,0.002921402297096365,0.002921402297096365,0.011992015947392909,0.011992015947392909,True
2025-08-17,La Liga,Celta,Getafe,draw,0.002412389099359591,0.002412389099359591,0.0011120833116670115,0.0011120833116670115,True
2025-08-17,Ligue 1,Auxerre,Lorient,draw,0.0033963157708615244,0.0033963157708615244,0.016082640294701134,0.016082640294701134,True
2025-08-17,Premier League,Man United,Arsenal,away,-0.003344523869390381,0.003344523869390381,0.022396992284189732,-0.022396992284189732,False
2025-08-17,Ligue 1,Nantes,Paris SG,away,0.0008592776443135941,0.0008592776443135941,0.07256531776504138,0.07256531776504138,True
2025-08-17,Premier League,Nott'm Forest,Brentford,draw,0.0034162637933748408,0.0034162637933748408,-0.006659659102753901,-0.006659659102753901,False
2025-08-17,La Liga,Ath Bilbao,Sevilla,away,-0.0013590165699292889,0.0013590165699292889,-0.005711566952174896,0.005711566952174896,True
2025-08-17,Ligue 1,Brest,Lille,home,-0.004044909187207901,0.004044909187207901,0.09155726706442607,-0.09155726706442607,False
2025-08-17,La Liga,Espanol,Ath Madrid,home,-0.0026631763866195868,0.0026631763866195868,0.015241654256652498,-0.015241654256652498,False
2025-08-17,Ligue 1,Angers,Paris FC,draw,0.004462375964131127,0.004462375964131127,-0.011921513424483776,-0.011921513424483776,False
2025-08-17,Premier League,Chelsea,Crystal Palace,away,-0.0011955476724768155,0.0011955476724768155,0.036424652685564995,-0.036424652685564995,False
2025-08-17,Ligue 1,Metz,Strasbourg,away,-0.00362509583381021,0.00362509583381021,0.054331854015782666,-0.054331854015782666,False
2025-08-18,La Liga,Elche,Betis,draw,0.003929032437095303,0.003929032437095303,0.008899238289024669,0.008899238289024669,True
2025-08-18,Premier League,Leeds,Everton,away,-0.004280263348856006,0.004280263348856006,-0.018791574206582784,0.018791574206582784,True
2025-08-19,La Liga,Real Madrid,Osasuna,draw,-0.0011469230757699955,0.0011469230757699955,6.357149754060432e-05,-6.357149754060432e-05,False
2025-08-22,La Liga,Betis,Alaves,draw,0.003228166974639124,0.003228166974639124,-0.0028807995671010778,-0.0028807995671010778,False
2025-08-22,Bundesliga,Bayern Munich,RB Leipzig,home,0.004431014993215743,0.004431014993215743,-0.008156064094720472,-0.008156064094720472,False
2025-08-22,Premier League,West Ham,Chelsea,home,-0.0013748862572428022,0.0013748862572428022,-0.002508288822073601,0.002508288822073601,True
2025-08-22,Ligue 1,Paris SG,Angers,draw,-0.0014079881094400948,0.0014079881094400948,-0.006855905135074697,0.006855905135074697,True
2025-08-23,La Liga,Mallorca,Celta,draw,0.004611695309341912,0.004611695309341912,-0.010284174475273189,-0.010284174475273189,False
2025-08-23,Premier League,Brentford,Aston Villa,draw,0.002776235713051023,0.002776235713051023,0.006486720235334198,0.006486720235334198,True
2025-08-23,La Liga,Ath Madrid,Elche,home,0.0011558911743476674,0.0011558911743476674,-0.010852553689902678,-0.010852553689902678,False
2025-08-23,La Liga,Levante,Barcelona,away,0.0035404659762975355,0.0035404659762975355,0.017870427394620858,0.017870427394620858,True
2025-08-23,Bundesliga,St Pauli,Dortmund,draw,0.0013398891165954108,0.0013398891165954108,0.014966269262339488,0.014966269262339488,True
2025-08-23,Premier League,Arsenal,Leeds,draw,-0.0006964822583403196,0.0006964822583403196,0.01707155374611749,-0.01707155374611749,False
2025-08-23,Bundesliga,Freiburg,Augsburg,away,-0.0027886640013214947,0.0027886640013214947,0.0216556044577407,-0.0216556044577407,False
2025-08-23,Bundesliga,Ein Frankfurt,Werder Bremen,away,-0.0024155641106159975,0.0024155641106159975,-0.032138810302525106,0.032138810302525106,True
2025-08-23,Ligue 1,Marseille,Paris FC,home,0.000934806883616135,0.000934806883616135,-0.011953373175684456,-0.011953373175684456,False
2025-08-23,Serie A,Genoa,Lecce,draw,0.0034373450710545317,0.0034373450710545317,-0.010045163915556876,-0.010045163915556876,False
2025-08-23,Bundesliga,Heidenheim,Wolfsburg,draw,0.002658583510618595,0.002658583510618595,0.011963293299325495,0.011963293299325495,True
2025-08-23,Serie A,Milan,Cremonese,home,0.0007068588880639881,0.0007068588880639881,0.003050128502432914,0.003050128502432914,True
2025-08-23,Ligue 1,Nice,Auxerre,away,-0.001928404953876195,0.001928404953876195,0.030907377261630203,-0.030907377261630203,False
2025-08-23,Premier League,Bournemouth,Wolves,away,-0.0031868773593104194,0.0031868773593104194,-0.0046048320271641074,0.0046048320271641074,True
2025-08-23,Bundesliga,Leverkusen,Hoffenheim,away,-0.001067638941036897,0.001067638941036897,0.05288657852120471,-0.05288657852120471,False
2025-08-23,Serie A,Sassuolo,Napoli,home,-0.0008431839055879076,0.0008431839055879076,0.011413968799468488,-0.011413968799468488,False
2025-08-23,Ligue 1,Lyon,Metz,draw,-8.805874906397948e-06,8.805874906397948e-06,-0.0002976420597761986,0.0002976420597761986,True
2025-08-23,Serie A,Roma,Bologna,away,-0.0037139771485033,0.0037139771485033,-0.0024621225327493,0.0024621225327493,True
2025-08-23,Premier League,Burnley,Sunderland,home,-0.005725147713859402,0.005725147713859402,-0.022658522493280042,0.022658522493280042,True
2025-08-23,Premier League,Man City,Tottenham,home,0.001246061793679254,0.001246061793679254,-0.025198815114683804,-0.025198815114683804,False
2025-08-23,Bundesliga,Union Berlin,Stuttgart,home,-0.0024347692226437956,0.0024347692226437956,-0.042911616347036635,0.042911616347036635,True
2025-08-24,Bundesliga,Mainz,FC Koln,draw,0.002406357618143118,0.002406357618143118,0.002422066608885498,0.002422066608885498,True
2025-08-24,Serie A,Como,Lazio,draw,0.003875178159610304,0.003875178159610304,-0.0029739280156028114,-0.0029739280156028114,False
2025-08-24,Bundesliga,M'gladbach,Hamburg,away,-0.0017798746845680002,0.0017798746845680002,0.010655806351037522,-0.010655806351037522,False
2025-08-24,Premier League,Everton,Brighton,draw,0.0036509151065418077,0.0036509151065418077,-0.0026272171305166125,-0.0026272171305166125,False
2025-08-24,Serie A,Cagliari,Fiorentina,away,-0.004715794423383102,0.004715794423383102,-0.02564798577756311,0.02564798577756311,True
2025-08-24,Serie A,Juventus,Parma,away,-0.0004875567484521892,0.0004875567484521892,-0.011546924833068697,0.011546924833068697,True
2025-08-24,Premier League,Fulham,Man United,home,-0.0028842064152244107,0.0028842064152244107,-0.014279753378798388,0.014279753378798388,True
2025-08-24,Premier League,Crystal Palace,Nott'm Forest,draw,0.0038276898322727737,0.0038276898322727737,0.0029422959366794954,0.0029422959366794954,True
2025-08-24,La Liga,Oviedo,Real Madrid,away,0.0037227555746282004,0.0037227555746282004,0.0024505162300947347,0.0024505162300947347,True
2025-08-24,Ligue 1,Strasbourg,Nantes,draw,0.002555701221515716,0.002555701221515716,0.004280836125613807,0.004280836125613807,True
2025-08-24,La Liga,Villarreal,Girona,away,-0.0022336623053801075,0.0022336623053801075,-0.021667505293743006,0.021667505293743006,True
2025-08-24,Ligue 1,Toulouse,Brest,away,-0.006239225304339402,0.006239225304339402,0.017209621977046896,-0.017209621977046896,False
2025-08-24,Ligue 1,Le Havre,Lens,draw,0.0022669581127426897,0.0022669581127426897,-0.0028490954105583333,-0.0028490954105583333,False
2025-08-24,Serie A,Atalanta,Pisa,home,0.0007484385276669281,0.0007484385276669281,-0.027021085794568855,-0.027021085794568855,False
2025-08-24,La Liga,Sociedad,Espanol,draw,0.003192625412845207,0.003192625412845207,-0.004052354504102074,-0.004052354504102074,False
2025-08-24,Ligue 1,Lille,Monaco,draw,0.0026883848607316962,0.0026883848607316962,-0.002698161766921503,-0.002698161766921503,False
2025-08-24,La Liga,Osasuna,Valencia,draw,0.004408151656021098,0.004408151656021098,-0.0036527885664739412,-0.0036527885664739412,False
2025-08-24,Ligue 1,Lorient,Rennes,away,-0.005820204013555097,0.005820204013555097,0.0038917242521029904,-0.0038917242521029904,False
2025-08-25,La Liga,Sevilla,Getafe,draw,0.004868359818555712,0.004868359818555712,-0.0011097584996354048,-0.0011097584996354048,False
2025-08-25,La Liga,Ath Bilbao,Vallecano,draw,0.002736760227114776,0.002736760227114776,0.0022740205136451697,0.0022740205136451697,True
2025-08-25,Premier League,Newcastle,Liverpool,away,-0.002550240834199524,0.002550240834199524,-0.0527360552046911,0.0527360552046911,True
2025-08-25,Serie A,Inter,Torino,home,0.0010785747490691389,0.0010785747490691389,0.03167353347745172,0.03167353347745172,True
2025-08-25,Serie A,Udinese,Verona,draw,0.0033582509474019973,0.0033582509474019973,0.012678803099226699,0.012678803099226699,True
2025-08-27,La Liga,Celta,Betis,away,-0.004070183143543127,0.004070183143543127,0.023318332775689787,-0.023318332775689787,False
2025-08-29,Ligue 1,Lens,Brest,away,-0.005098580386318691,0.005098580386318691,0.015680645187327813,-0.015680645187327813,False
2025-08-29,Serie A,Lecce,Milan,draw,0.0012315261440349057,0.0012315261440349057,0.008398863278668206,0.008398863278668206,True
2025-08-29,Bundesliga,Hamburg,St Pauli,away,-0.0049484447453889135,0.0049484447453889135,0.0018630567249388608,-0.0018630567249388608,False
2025-08-29,Serie A,Cremonese,Sassuolo,draw,0.003933333941192885,0.003933333941192885,0.004958688498434394,0.004958688498434394,True
2025-08-29,La Liga,Elche,Levante,away,-0.004322399260867527,0.004322399260867527,-0.0035912520900924227,0.0035912520900924227,True
2025-08-29,La Liga,Valencia,Getafe,draw,0.004976601209569109,0.004976601209569109,0.002628067367339393,0.002628067367339393,True
2025-08-30,Bundesliga,Augsburg,Bayern Munich,away,0.00642026615451452,0.00642026615451452,-0.019029013599019096,-0.019029013599019096,False
2025-08-30,La Liga,Real Madrid,Mallorca,home,0.0016586417762465278,0.0016586417762465278,0.011735347582293443,0.011735347582293443,True
2025-08-30,La Liga,Alaves,Ath Madrid,draw,0.0024213848983102304,0.0024213848983102304,0.003117886199639208,0.003117886199639208,True
2025-08-30,Premier League,Sunderland,Brentford,away,-0.005670633348181797,0.005670633348181797,0.0176481068056919,-0.0176481068056919,False
2025-08-30,Serie A,Parma,Atalanta,draw,0.0031458631271624182,0.0031458631271624182,-0.015469380423406287,-0.015469380423406287,False
2025-08-30,Serie A,Pisa,Roma,draw,0.0019010164146543995,0.0019010164146543995,0.008184125189322322,0.008184125189322322,True
2025-08-30,Bundesliga,Stuttgart,M'gladbach,away,-0.002533329691588898,0.002533329691588898,-0.005098506560652111,0.005098506560652111,True
2025-08-30,Premier League,Tottenham,Bournemouth,away,-0.003296779518460108,0.003296779518460108,0.026125572301916505,-0.026125572301916505,False
2025-08-30,Premier League,Chelsea,Fulham,away,-0.0021781022899740876,0.0021781022899740876,0.01948489478657281,-0.01948489478657281,False
2025-08-30,Ligue 1,Nantes,Auxerre,away,-0.005287990617671101,0.005287990617671101,0.03920635148500262,-0.03920635148500262,False
2025-08-30,Serie A,Napoli,Cagliari,home,0.0008232339969094227,0.0008232339969094227,-0.05606924160006432,-0.05606924160006432,False
2025-08-30,Premier League,Man United,Burnley,home,0.002660472009730075,0.002660472009730075,-0.014052955352330865,-0.014052955352330865,False
2025-08-30,Bundesliga,Werder Bremen,Leverkusen,away,-0.0022396975198502034,0.0022396975198502034,0.0001281807762013032,-0.0001281807762013032,False
2025-08-30,Serie A,Bologna,Como,draw,0.004331157344140635,0.004331157344140635,0.0035919188431550175,0.0035919188431550175,True
2025-08-30,Ligue 1,Lorient,Lille,away,-0.00594599694662562,0.00594599694662562,-0.006826750337557419,0.006826750337557419,True
2025-08-30,Premier League,Leeds,Newcastle,home,-0.0033291338587365105,0.0033291338587365105,-0.02313162911913641,0.02313162911913641,True
2025-08-30,Ligue 1,Toulouse,Paris SG,away,0.0024302079807674293,0.0024302079807674293,0.015225099423659683,0.015225099423659683,True
2025-08-30,Bundesliga,Hoffenheim,Ein Frankfurt,home,-0.0026855746023107807,0.0026855746023107807,0.02680297247768071,-0.02680297247768071,False
2025-08-30,Premier League,Wolves,Everton,draw,0.004159379026818288,0.004159379026818288,0.008083721262630406,0.008083721262630406,True
2025-08-30,La Liga,Girona,Sevilla,draw,0.003894538758099808,0.003894538758099808,0.011454574614149282,0.011454574614149282,True
2025-08-30,La Liga,Oviedo,Sociedad,draw,0.0041494583715039335,0.0041494583715039335,-0.0018531240112236724,-0.0018531240112236724,False
2025-08-30,Bundesliga,RB Leipzig,Heidenheim,home,-0.0016176131283965889,0.0016176131283965889,-0.017300377942656597,0.017300377942656597,True
2025-08-31,Premier League,Liverpool,Arsenal,draw,0.0029962720844183832,0.0029962720844183832,0.013588261280759906,0.013588261280759906,True
2025-08-31,Premier League,Nott'm Forest,West Ham,away,-0.0033080088814314013,0.0033080088814314013,0.0021855537387449886,-0.0021855537387449886,False
2025-08-31,Ligue 1,Paris FC,Metz,draw,0.002499271661903446,0.002499271661903446,-0.01063358837630446,-0.01063358837630446,False
2025-08-31,Bundesliga,FC Koln,Freiburg,away,-0.004550557141434819,0.004550557141434819,0.004659890765234875,-0.004659890765234875,False
2025-08-31,Serie A,Genoa,Juventus,draw,0.003169803141538974,0.003169803141538974,0.017297713872109766,0.017297713872109766,True
2025-08-31,La Liga,Celta,Villarreal,draw,0.002985055676687609,0.002985055676687609,0.006895714418806098,0.006895714418806098,True
2025-08-31,La Liga,Espanol,Osasuna,draw,0.004382553328478533,0.004382553328478533,0.010254820107614526,0.010254820107614526,True
2025-08-31,Serie A,Inter,Udinese,home,0.001517870339027394,0.001517870339027394,0.023539959458659387,0.023539959458659387,True
2025-08-31,Serie A,Torino,Fiorentina,draw,0.004371729610771813,0.004371729610771813,0.010367529086361738,0.010367529086361738,True
2025-08-31,Ligue 1,Angers,Rennes,away,-0.0038299914150091152,0.0038299914150091152,0.08014073752582407,-0.08014073752582407,False
2025-08-31,Ligue 1,Monaco,Strasbourg,away,-0.0016963029987198952,0.0016963029987198952,-0.02644684698761049,0.02644684698761049,True
2025-08-31,La Liga,Betis,Ath Bilbao,draw,0.004216196730218835,0.004216196730218835,0.002388451083904286,0.002388451083904286,True
2025-08-31,Serie A,Lazio,Verona,draw,0.0006705053626543112,0.0006705053626543112,0.02917714462474741,0.02917714462474741,True
2025-08-31,Bundesliga,Dortmund,Union Berlin,home,0.002652806398680152,0.002652806398680152,-0.012261100116342516,-0.012261100116342516,False
2025-08-31,Premier League,Brighton,Man City,draw,0.0017117639036504928,0.0017117639036504928,0.015868448913272215,0.015868448913272215,True
2025-08-31,La Liga,Vallecano,Barcelona,away,0.0023132503994813813,0.0023132503994813813,-0.0020768897633326455,-0.0020768897633326455,False
2025-08-31,Bundesliga,Wolfsburg,Mainz,draw,0.002655102496057604,0.002655102496057604,0.008028680042457492,0.008028680042457492,True
2025-08-31,Premier League,Aston Villa,Crystal Palace,draw,0.0027552728866834797,0.0027552728866834797,0.004915774294477704,0.004915774294477704,True
2025-08-31,Ligue 1,Le Havre,Nice,home,-0.002636381569751267,0.002636381569751267,0.01821378040726762,-0.01821378040726762,False
2025-08-31,Ligue 1,Lyon,Marseille,draw,0.002390645423675619,0.002390645423675619,0.015328202894191012,0.015328202894191012,True
2025-09-12,Ligue 1,Marseille,Lorient,home,0.0027920133326433394,0.0027920133326433394,0.006714331637734383,0.006714331637734383,True
2025-09-12,La Liga,Sevilla,Elche,draw,0.0032775329571201883,0.0032775329571201883,0.0064363599313664865,0.0064363599313664865,True
2025-09-12,Bundesliga,Leverkusen,Ein Frankfurt,home,-0.0024655863045223714,0.0024655863045223714,-0.003862189013077999,0.003862189013077999,True
2025-09-13,Serie A,Cagliari,Parma,draw,0.00394977360563642,0.00394977360563642,0.00942612434208523,0.00942612434208523,True
2025-09-13,La Liga,Getafe,Oviedo,draw,0.004200975368634174,0.004200975368634174,0.016860133326911497,0.016860133326911497,True
2025-09-13,Bundesliga,Heidenheim,Dortmund,away,0.002580529359051953,0.002580529359051953,-0.007107363579592407,-0.007107363579592407,False
2025-09-13,Ligue 1,Nice,Nantes,draw,0.0015879063690278084,0.0015879063690278084,-0.016919779390475398,-0.016919779390475398,False
2025-09-13,Bundesliga,Mainz,RB Leipzig,away,-0.005259152022325908,0.005259152022325908,-0.033871505642837696,0.033871505642837696,True
2025-09-13,La Liga,Ath Bilbao,Alaves,draw,0.0020284871905447976,0.0020284871905447976,0.007939123418844202,0.007939123418844202,True
2025-09-13,Ligue 1,Auxerre,Monaco,home,-0.0010924349535318123,0.0010924349535318123,-0.003067841253993092,0.003067841253993092,True
2025-09-13,Bundesliga,Freiburg,Stuttgart,home,-0.0030705192729629793,0.0030705192729629793,0.030375576012735106,-0.030375576012735106,False
2025-09-13,Bundesliga,Union Berlin,Hoffenheim,draw,0.003247390228517111,0.003247390228517111,0.00015153555055258394,0.00015153555055258394,True
2025-09-13,Premier League,Fulham,Leeds,away,-0.0029879993910947034,0.0029879993910947034,0.0082755011235712,-0.0082755011235712,False
2025-09-13,Premier League,Arsenal,Nott'm Forest,home,0.0017230652959190351,0.0017230652959190351,-0.013831882933645234,-0.013831882933645234,False
2025-09-13,Bundesliga,Wolfsburg,FC Koln,draw,0.0029747194857502324,0.0029747194857502324,-0.005642877381105971,-0.005642877381105971,False
2025-09-13,La Liga,Ath Madrid,Villarreal,away,-0.0027821417296766127,0.0027821417296766127,-0.011683557052232313,0.011683557052232313,True
2025-09-13,Serie A,Fiorentina,Napoli,draw,0.004236196454203589,0.004236196454203589,-0.01021544946651709,-0.01021544946651709,False
2025-09-13,Premier League,Newcastle,Wolves,home,0.002610559640714216,0.002610559640714216,0.032126129007364446,0.032126129007364446,True
2025-09-13,Bundesliga,Bayern Munich,Hamburg,draw,-0.0016232176923104968,0.0016232176923104968,-0.0034635383629935956,0.0034635383629935956,True
2025-09-13,Premier League,Everton,Aston Villa,away,-0.004636003393981347,0.004636003393981347,0.01828444221716946,-0.01828444221716946,False
2025-09-13,Premier League,Brentford,Chelsea,home,-0.0029828472021188046,0.0029828472021188046,0.01651993009124808,-0.01651993009124808,False
2025-09-13,Premier League,Crystal Palace,Sunderland,draw,0.0017365119643140137,0.0017365119643140137,0.007320225543781866,0.007320225543781866,True
2025-09-13,La Liga,Sociedad,Real Madrid,home,-0.001278676904973186,0.001278676904973186,-0.003417126198830084,0.003417126198830084,True
2025-09-13,Premier League,West Ham,Tottenham,home,-0.003132222591109679,0.003132222591109679,0.00864005397342582,-0.00864005397342582,False
2025-09-13,Premier League,Bournemouth,Brighton,draw,0.003159585607718507,0.003159585607718507,-0.000366229963553788,-0.000366229963553788,False
2025-09-13,Serie A,Juventus,Inter,draw,0.0050674418092314655,0.0050674418092314655,0.0032688401944673817,0.0032688401944673817,True
2025-09-14,Premier League,Man City,Man United,draw,0.001511106801746681,0.001511106801746681,-0.007975082755818708,-0.007975082755818708,False
2025-09-14,Ligue 1,Paris SG,Lens,home,0.0007891287462981067,0.0007891287462981067,-0.013369680862125533,-0.013369680862125533,False
2025-09-14,Premier League,Burnley,Liverpool,away,0.0021801048691072467,0.0021801048691072467,0.004295925038744652,0.004295925038744652,True
2025-09-14,La Liga,Barcelona,Valencia,draw,-0.0012221420561323026,0.0012221420561323026,0.04220133990364769,-0.04220133990364769,False
2025-09-14,La Liga,Celta,Girona,away,-0.004438837883707497,0.004438837883707497,-0.003678016044523502,0.003678016044523502,True
2025-09-14,La Liga,Levante,Betis,draw,0.003925382542188993,0.003925382542188993,-0.020391617413795304,-0.020391617413795304,False
2025-09-14,Serie A,Sassuolo,Lazio,draw,0.003073855166989603,0.003073855166989603,0.0010451693813348095,0.0010451693813348095,True
2025-09-14,Serie A,Milan,Bologna,away,-0.0032090912318599174,0.0032090912318599174,-0.03312925752377971,0.03312925752377971,True
2025-09-14,Bundesliga,M'gladbach,Werder Bremen,away,-0.003881531301005492,0.003881531301005492,0.034157682708221504,-0.034157682708221504,False
2025-09-14,Ligue 1,Rennes,Lyon,draw,0.003126379526073364,0.003126379526073364,0.008458604980509266,0.008458604980509266,True
2025-09-14,Ligue 1,Metz,Angers,draw,0.0036654717960981076,0.0036654717960981076,0.005184744079851922,0.005184744079851922,True
2025-09-14,La Liga,Osasuna,Vallecano,draw,0.004240213240624624,0.004240213240624624,0.023389092703355707,0.023389092703355707,True
2025-09-14,Bundesliga,St Pauli,Augsburg,away,-0.004635729596025484,0.004635729596025484,-0.0140569038591416,0.0140569038591416,True
2025-09-14,Ligue 1,Brest,Paris FC,draw,0.002936670102942407,0.002936670102942407,0.01082907375255543,0.01082907375255543,True
2025-09-14,Serie A,Pisa,Udinese,draw,0.00463845637198651,0.00463845637198651,0.0113634900332234,0.0113634900332234,True
2025-09-14,Serie A,Atalanta,Lecce,home,-0.0006581987273943657,0.0006581987273943657,0.013854580498981695,-0.013854580498981695,False
2025-09-14,Ligue 1,Lille,Toulouse,away,-0.0025671148561378088,0.0025671148561378088,0.004850525880292583,-0.004850525880292583,False
2025-09-14,Serie A,Roma,Torino,away,-0.002039908506810101,0.002039908506810101,0.001132126944712486,-0.001132126944712486,False
2025-09-14,Ligue 1,Strasbourg,Le Havre,away,-0.0015484702763695901,0.0015484702763695901,0.03711039766435639,-0.03711039766435639,False
2025-09-15,Serie A,Como,Genoa,draw,0.0018714528396290842,0.0018714528396290842,0.010193284981464379,0.010193284981464379,True
2025-09-15,La Liga,Espanol,Mallorca,draw,0.0038938180206242734,0.0038938180206242734,0.015648406857233788,0.015648406857233788,True
2025-09-15,Serie A,Verona,Cremonese,draw,0.004473081728787465,0.004473081728787465,0.017212511469465286,0.017212511469465286,True
2025-09-19,Bundesliga,Stuttgart,St Pauli,away,-0.0017250359855270903,0.0017250359855270903,0.0235608159306315,-0.0235608159306315,False
2025-09-19,La Liga,Betis,Sociedad,draw,0.002507791896342426,0.002507791896342426,-0.0026398489102674727,-0.0026398489102674727,False
2025-09-19,Ligue 1,Lyon,Angers,away,-0.000594043259084992,0.000594043259084992,0.0014158150609279163,-0.0014158150609279163,False
2025-09-19,Serie A,Lecce,Cagliari,draw,0.005593984716368516,0.005593984716368516,-6.762321613801303e-05,-6.762321613801303e-05,False
2025-09-20,Bundesliga,Werder Bremen,Freiburg,away,-0.00410226386142698,0.00410226386142698,-0.006712958313591089,0.006712958313591089,True
2025-09-20,La Liga,Valencia,Ath Bilbao,draw,0.004937308127829387,0.004937308127829387,-0.003465118977584003,-0.003465118977584003,False
2025-09-20,La Liga,Villarreal,Osasuna,away,-0.001336684979322017,0.001336684979322017,0.019470220960887685,-0.019470220960887685,False
2025-09-20,Premier League,Man United,Chelsea,draw,0.0027797502461859858,0.0027797502461859858,0.0051053252479060784,0.0051053252479060784,True
2025-09-20,Premier League,Liverpool,Everton,draw,0.0003958287161532903,0.0003958287161532903,0.0147668675844074,0.0147668675844074,True
2025-09-20,La Liga,Real Madrid,Espanol,draw,-0.0012187543498287934,0.0012187543498287934,-0.0026045124872063896,0.0026045124872063896,True
2025-09-20,Ligue 1,Nantes,Rennes,away,-0.004439486585636199,0.004439486585636199,0.03649430647894847,-0.03649430647894847,False
2025-09-20,Ligue 1,Brest,Nice,home,-0.0040247788641578075,0.0040247788641578075,-0.03851981090618456,0.03851981090618456,True
2025-09-20,Bundesliga,Augsburg,Mainz,draw,0.003434310556550635,0.003434310556550635,-0.008321456073467959,-0.008321456073467959,False
2025-09-20,La Liga,Alaves,Sevilla,draw,0.004370051470983682,0.004370051470983682,0.015809968315828482,0.015809968315828482,True
2025-09-20,Serie A,Verona,Juventus,draw,0.001050060776748185,0.001050060776748185,-0.00834018337008402,-0.00834018337008402,False
2025-09-20,Premier League,West Ham,Crystal Palace,home,-0.0035915894666775916,0.0035915894666775916,-0.00601533906119911,0.00601533906119911,True
2025-09-20,Bundesliga,Hamburg,Heidenheim,draw,0.002962561538628894,0.002962561538628894,-0.02287530925502368,-0.02287530925502368,False
2025-09-20,Bundesliga,RB Leipzig,FC Koln,draw,0.0014547986662941936,0.0014547986662941936,0.008394519391090205,0.008394519391090205,True
2025-09-20,Serie A,Udinese,Milan,draw,0.0024461356524571043,0.0024461356524571043,-0.023239485879437916,-0.023239485879437916,False
2025-09-20,Premier League,Wolves,Leeds,draw,0.004175052905423804,0.004175052905423804,0.006755779846518595,0.006755779846518595,True
2025-09-20,Bundesliga,Hoffenheim,Bayern Munich,away,0.00603368936569848,0.00603368936569848,-0.021210501475852683,-0.021210501475852683,False
2025-09-20,Ligue 1,Lens,Lille,away,-0.0033934103613260103,0.0033934103613260103,-0.031160870370830707,0.031160870370830707,True
2025-09-20,Premier League,Brighton,Tottenham,draw,0.00261023820402867,0.00261023820402867,-0.0014461608158444217,-0.0014461608158444217,False
2025-09-20,Premier League,Burnley,Nott'm Forest,away,-0.0040287964357333395,0.0040287964357333395,-0.00041943911060154937,0.00041943911060154937,True
2025-09-20,Serie A,Bologna,Genoa,draw,0.00354112391508693,0.00354112391508693,0.028673738567266627,0.028673738567266627,True
2025-09-20,Premier League,Fulham,Brentford,away,-0.0035994210538061178,0.0035994210538061178,0.007509963254039187,-0.007509963254039187,False
2025-09-20,La Liga,Girona,Levante,draw,0.0032968626897694753,0.0032968626897694753,-0.015028848014567497,-0.015028848014567497,False
2025-09-21,Bundesliga,Ein Frankfurt,Union Berlin,away,-0.0028481000838860016,0.0028481000838860016,0.014197230622213397,-0.014197230622213397,False
2025-09-21,Serie A,Torino,Atalanta,draw,0.0038190252536758895,0.0038190252536758895,0.004443567063697418,0.004443567063697418,True
2025-09-21,Serie A,Fiorentina,Como,draw,0.004096882042644023,0.004096882042644023,-0.002300996219684104,-0.002300996219684104,False
2025-09-21,Serie A,Inter,Sassuolo,home,0.0012085466831079916,0.0012085466831079916,-0.015523315860624054,-0.015523315860624054,False
2025-09-21,Serie A,Lazio,Roma,draw,0.0043571442449412134,0.0043571442449412134,0.017032904700169327,0.017032904700169327,True
2025-09-21,Bundesliga,Leverkusen,M'gladbach,draw,0.0004639952969136829,0.0004639952969136829,0.004221043695009891,0.004221043695009891,True
2025-09-21,La Liga,Barcelona,Getafe,home,0.002210441042585165,0.002210441042585165,-0.003336584509530116,-0.003336584509530116,False
2025-09-21,Ligue 1,Auxerre,Toulouse,draw,0.0038481324381332005,0.0038481324381332005,0.002823758660998099,0.002823758660998099,True
2025-09-21,Premier League,Sunderland,Aston Villa,away,-0.0048530933436505275,0.0048530933436505275,0.014106658405442285,-0.014106658405442285,False
2025-09-21,Ligue 1,Le Havre,Lorient,away,-0.004762452147743901,0.004762452147743901,-0.04649868748925767,0.04649868748925767,True
2025-09-21,Premier League,Arsenal,Man City,away,-0.0029405140997864065,0.0029405140997864065,0.022839530276510395,-0.022839530276510395,False
2025-09-21,La Liga,Vallecano,Celta,draw,0.0038753211166785984,0.0038753211166785984,-0.01167023171831938,-0.01167023171831938,False
2025-09-21,La Liga,Mallorca,Ath Madrid,draw,0.0021064662151963898,0.0021064662151963898,0.001405075899346686,0.001405075899346686,True
2025-09-21,La Liga,Elche,Oviedo,away,-0.004820978536289211,0.004820978536289211,0.01191012509841019,-0.01191012509841019,False
2025-09-21,Serie A,Cremonese,Parma,draw,0.0042102076450067916,0.0042102076450067916,0.0002334142678609985,0.0002334142678609985,True
2025-09-21,Ligue 1,Paris FC,Strasbourg,draw,0.0031846590567262134,0.0031846590567262134,0.003203133975314687,0.003203133975314687,True
2025-09-21,Ligue 1,Monaco,Metz,draw,-0.0006435609332207937,0.0006435609332207937,0.011944812516328396,-0.011944812516328396,False
2025-09-21,Bundesliga,Dortmund,Wolfsburg,home,0.0013825778238177877,0.0013825778238177877,-0.0199244083719623,-0.0199244083719623,False
2025-09-21,Premier League,Bournemouth,Newcastle,draw,0.00332834044270508,0.00332834044270508,0.014436418309708376,0.014436418309708376,True
2025-09-22,Serie A,Napoli,Pisa,draw,-0.0007887159669592858,0.0007887159669592858,0.0225423082594384,-0.0225423082594384,False
2025-09-22,Ligue 1,Marseille,Paris SG,away,-0.0018763906613922798,0.0018763906613922798,0.02163097073658099,-0.02163097073658099,False
2025-09-23,La Liga,Ath Bilbao,Girona,home,0.0021056570406086106,0.0021056570406086106,-0.01375656033386119,-0.01375656033386119,False
2025-09-23,La Liga,Levante,Real Madrid,away,0.0023901587518265766,0.0023901587518265766,-0.013860302831368188,-0.013860302831368188,False
2025-09-23,La Liga,Espanol,Valencia,draw,0.004185737120391109,0.004185737120391109,0.00187300347820335,0.00187300347820335,True
2025-09-23,La Liga,Sevilla,Villarreal,draw,0.0040947092427676135,0.0040947092427676135,-0.0008379864186425778,-0.0008379864186425778,False
2025-09-24,La Liga,Getafe,Alaves,draw,0.005778767127459339,0.005778767127459339,0.005575985022590602,0.005575985022590602,True
2025-09-24,La Liga,Ath Madrid,Vallecano,away,-0.001243398100309212,0.001243398100309212,-0.02081725815743732,0.02081725815743732,True
2025-09-24,La Liga,Sociedad,Mallorca,away,-0.0028847826455011827,0.0028847826455011827,-0.01103805703120389,0.01103805703120389,True
2025-09-25,La Liga,Oviedo,Barcelona,away,0.005078653654604026,0.005078653654604026,0.030944211327832427,0.030944211327832427,True
2025-09-25,La Liga,Osasuna,Elche,draw,0.004186858484545919,0.004186858484545919,-0.004243063500298461,-0.004243063500298461,False
2025-09-26,Bundesliga,Bayern Munich,Werder Bremen,home,0.003171234011055235,0.003171234011055235,-0.00850967046557094,-0.00850967046557094,False
2025-09-26,La Liga,Girona,Espanol,draw,0.003831285163049203,0.003831285163049203,0.005484878371310065,0.005484878371310065,True
2025-09-26,Ligue 1,Strasbourg,Marseille,home,-0.0029552474555593067,0.0029552474555593067,0.027337475496170383,-0.027337475496170383,False
2025-09-27,Ligue 1,Lorient,Monaco,home,-0.002271560187172894,0.002271560187172894,0.057377976094820704,-0.057377976094820704,False
2025-09-27,Premier League,Brentford,Man United,home,-0.0023775737094702265,0.0023775737094702265,0.00870292405479589,-0.00870292405479589,False
2025-09-27,Serie A,Cagliari,Inter,home,-0.0011156932353727778,0.0011156932353727778,-0.014755726889861681,0.014755726889861681,True
2025-09-27,Bundesliga,M'gladbach,Ein Frankfurt,away,-0.0029962310274816994,0.0029962310274816994,-0.013967559508495209,0.013967559508495209,True
2025-09-27,La Liga,Mallorca,Alaves,draw,0.005154861967195723,0.005154861967195723,0.012523486599592293,0.012523486599592293,True
2025-09-27,La Liga,Ath Madrid,Real Madrid,draw,0.0029847260707260292,0.0029847260707260292,0.003747741134759397,0.003747741134759397,True
2025-09-27,Bundesliga,Wolfsburg,RB Leipzig,away,-0.004886934433795009,0.004886934433795009,0.004575132331397669,-0.004575132331397669,False
2025-09-27,Premier League,Crystal Palace,Liverpool,away,-0.003102411272671579,0.003102411272671579,0.01085479805654177,-0.01085479805654177,False
2025-09-27,La Liga,Villarreal,Ath Bilbao,draw,0.00341042732323793,0.00341042732323793,7.39363727021436e-05,7.39363727021436e-05,True
2025-09-27,Serie A,Como,Cremonese,away,-0.0012413550451383093,0.0012413550451383093,-0.0068354658715091,0.0068354658715091,True
2025-09-27,Serie A,Juventus,Atalanta,draw,0.0030154861595360627,0.0030154861595360627,0.01005220089928649,0.01005220089928649,True
2025-09-27,Bundesliga,St Pauli,Leverkusen,draw,0.0033880179398508292,0.0033880179398508292,0.004687554802418836,0.004687554802418836,True
2025-09-27,Ligue 1,Toulouse,Nantes,draw,0.002420851922634304,0.002420851922634304,-0.00262099170866148,-0.00262099170866148,False
2025-09-27,La Liga,Getafe,Levante,draw,0.004331505428292304,0.004331505428292304,0.008750464037087735,0.008750464037087735,True
2025-09-27,Premier League,Man City,Burnley,home,0.0015762793852966972,0.0015762793852966972,-0.014112745201276145,-0.014112745201276145,False
2025-09-27,Premier League,Leeds,Bournemouth,draw,0.003927275124974705,0.003927275124974705,0.00549945870237567,0.00549945870237567,True
2025-09-27,Premier League,Chelsea,Brighton,away,-0.0033604575977837225,0.0033604575977837225,0.020926849672017966,-0.020926849672017966,False
2025-09-27,Bundesliga,Mainz,Dortmund,draw,0.002286968685890567,0.002286968685890567,9.54096176009056e-07,9.54096176009056e-07,True
2025-09-27,Premier League,Nott'm Forest,Sunderland,draw,0.0026926611701638126,0.0026926611701638126,-0.0016172837866418877,-0.0016172837866418877,False
2025-09-27,Bundesliga,Heidenheim,Augsburg,draw,0.003065886470054069,0.003065886470054069,0.0013338915231246862,0.0013338915231246862,True
2025-09-27,Ligue 1,Paris SG,Auxerre,draw,-0.0015103239789191897,0.0015103239789191897,0.022121518072291,-0.022121518072291,False
2025-09-27,Premier League,Tottenham,Wolves,home,0.004439044753940413,0.004439044753940413,-0.02364765672035818,-0.02364765672035818,False
2025-09-28,Ligue 1,Rennes,Lens,draw,0.0031758751061501944,0.0031758751061501944,-0.0001793780984081228,-0.0001793780984081228,False
2025-09-28,La Liga,Vallecano,Sevilla,draw,0.0034404477026750424,0.0034404477026750424,-0.0005453982487894637,-0.0005453982487894637,False
2025-09-28,Ligue 1,Nice,Paris FC,draw,0.0018707686175837845,0.0018707686175837845,0.018050547006412815,0.018050547006412815,True
2025-09-28,Serie A,Milan,Napoli,away,-0.004571560318877399,0.004571560318877399,-0.07624423809898118,0.07624423809898118,True
2025-09-28,La Liga,Betis,Osasuna,draw,0.0022158342341893067,0.0022158342341893067,0.009465336499845323,0.009465336499845323,True
2025-09-28,Premier League,Aston Villa,Fulham,draw,0.004125863127814433,0.004125863127814433,-0.004397433183119193,-0.004397433183119193,False
2025-09-28,Bundesliga,FC Koln,Stuttgart,draw,0.0024396527190160833,0.0024396527190160833,0.0032262928367498,0.0032262928367498,True
2025-09-28,La Liga,Elche,Celta,draw,0.00438163195860547,0.00438163195860547,0.0031740504454015883,0.0031740504454015883,True
2025-09-28,Bundesliga,Union Berlin,Hamburg,draw,0.0027147621059760985,0.0027147621059760985,-0.0014380667090762023,-0.0014380667090762023,False
2025-09-28,Serie A,Lecce,Bologna,draw,0.004566275326342073,0.004566275326342073,-0.03405000792668478,-0.03405000792668478,False
2025-09-28,Serie A,Pisa,Fiorentina,away,-0.00444921069484,0.00444921069484,0.014175145735622119,-0.014175145735622119,False
2025-09-28,Ligue 1,Lille,Lyon,draw,0.0028763130270285098,0.0028763130270285098,0.0023978329836239487,0.0023978329836239487,True
2025-09-28,Premier League,Newcastle,Arsenal,draw,0.0034753286993883248,0.0034753286993883248,0.006465356183057824,0.006465356183057824,True
2025-09-28,Serie A,Roma,Verona,away,-0.0007446827957695995,0.0007446827957695995,-0.0021325031916994003,0.0021325031916994003,True
2025-09-28,Ligue 1,Angers,Brest,away,-0.004020064413412294,0.004020064413412294,-0.008094489012707207,0.008094489012707207,True
2025-09-28,La Liga,Barcelona,Sociedad,home,0.0019189085754365287,0.0019189085754365287,-0.041780412876115,-0.041780412876115,False
2025-09-28,Ligue 1,Metz,Le Havre,draw,0.0036389161557335847,0.0036389161557335847,0.004837082092689793,0.004837082092689793,True
2025-09-28,Serie A,Sassuolo,Udinese,away,-0.004013595720908203,0.004013595720908203,7.953987672709717e-05,-7.953987672709717e-05,False
2025-09-28,Bundesliga,Freiburg,Hoffenheim,away,-0.002941833358672097,0.002941833358672097,-0.004911486272005994,0.004911486272005994,True
2025-09-29,Premier League,Everton,West Ham,away,-0.003618359167444213,0.003618359167444213,-0.015708054226646312,0.015708054226646312,True
2025-09-29,Serie A,Genoa,Lazio,draw,0.004995382691466599,0.004995382691466599,0.014191308359606303,0.014191308359606303,True
2025-09-29,Serie A,Parma,Torino,away,-0.005661711547421011,0.005661711547421011,0.028132982898489978,-0.028132982898489978,False
2025-09-30,La Liga,Valencia,Oviedo,draw,0.002080980716974712,0.002080980716974712,0.00821400984965609,0.00821400984965609,True
2025-10-03,Ligue 1,Paris FC,Lorient,away,-0.00272214943703461,0.00272214943703461,-0.0018989251659904116,0.0018989251659904116,True
2025-10-03,Bundesliga,Hoffenheim,FC Koln,draw,0.002097412045875491,0.002097412045875491,0.0039388652607076635,0.0039388652607076635,True
2025-10-03,La Liga,Osasuna,Getafe,draw,0.005328196978248434,0.005328196978248434,0.0022584737600017113,0.0022584737600017113,True
2025-10-03,Serie A,Verona,Sassuolo,draw,0.004479132710903222,0.004479132710903222,0.005313836953931617,0.005313836953931617,True
2025-10-03,Premier League,Bournemouth,Fulham,away,-0.0028991267268142773,0.0028991267268142773,-0.009992786099067397,0.009992786099067397,True
2025-10-04,Bundesliga,Ein Frankfurt,Bayern Munich,away,0.005966934490839293,0.005966934490839293,0.032492732021059956,0.032492732021059956,True
2025-10-04,Premier League,Leeds,Tottenham,draw,0.0031347849181745935,0.0031347849181745935,0.008990796354943709,0.008990796354943709,True
2025-10-04,Serie A,Parma,Lecce,away,-0.00349057047631271,0.00349057047631271,0.002226352062787512,-0.002226352062787512,False
2025-10-04,Bundesliga,Augsburg,Wolfsburg,draw,0.0028070150572101493,0.0028070150572101493,0.0030496203105475073,0.0030496203105475073,True
2025-10-04,La Liga,Ath Bilbao,Mallorca,draw,0.0014414268043100864,0.0014414268043100864,0.0165435881967399,0.0165435881967399,True
2025-10-04,Bundesliga,Leverkusen,Union Berlin,away,-0.001763642482816019,0.001763642482816019,-0.0002992178941642054,0.0002992178941642054,True
2025-10-04,La Liga,Real Madrid,Villarreal,home,0.001300158646595606,0.001300158646595606,0.02013256724289436,0.02013256724289436,True
2025-10-04,Premier League,Man United,Sunderland,draw,0.0006656722496097001,0.0006656722496097001,0.016206140451350104,0.016206140451350104,True
2025-10-04,Bundesliga,Dortmund,RB Leipzig,away,-0.003267590635099682,0.003267590635099682,0.0016131803502729969,-0.0016131803502729969,False
2025-10-04,La Liga,Oviedo,Levante,draw,0.0038629536335957892,0.0038629536335957892,0.003981586849345076,0.003981586849345076,True
2025-10-04,Bundesliga,Werder Bremen,St Pauli,home,-0.0032092577404536082,0.0032092577404536082,0.0028815304703861955,-0.0028815304703861955,False
2025-10-04,La Liga,Girona,Valencia,away,-0.0037832121080781933,0.0037832121080781933,-0.01916585063560089,0.01916585063560089,True
2025-10-04,Ligue 1,Metz,Marseille,away,0.0028005542206548384,0.0028005542206548384,-0.026508095654162567,-0.026508095654162567,False
2025-10-04,Premier League,Arsenal,West Ham,home,0.0028125728139657413,0.0028125728139657413,0.00611730692205481,0.00611730692205481,True
2025-10-04,Serie A,Atalanta,Como,draw,0.0030260647891586223,0.0030260647891586223,0.009191528472124011,0.009191528472124011,True
2025-10-04,Serie A,Inter,Cremonese,home,0.0015574564982342443,0.0015574564982342443,0.013947908809829657,0.013947908809829657,True
2025-10-04,Ligue 1,Auxerre,Lens,draw,0.002149335674771713,0.002149335674771713,0.002595044116426193,0.002595044116426193,True
2025-10-04,Ligue 1,Brest,Nantes,draw,0.0023278841839554087,0.0023278841839554087,0.00444369174692083,0.00444369174692083,True
2025-10-04,Premier League,Chelsea,Liverpool,away,-0.0031013748218876036,0.0031013748218876036,-0.004906204366020905,0.004906204366020905,True
2025-10-04,Serie A,Lazio,Torino,away,-0.0038595293797530072,0.0038595293797530072,0.05124206129237138,-0.05124206129237138,False
2025-10-05,La Liga,Sevilla,Barcelona,away,0.002314348658482346,0.002314348658482346,-0.01233858583151548,-0.01233858583151548,False
2025-10-05,Ligue 1,Lyon,Toulouse,away,-0.002423978703349594,0.002423978703349594,0.00415409223812202,-0.00415409223812202,False
2025-10-05,Serie A,Udinese,Cagliari,draw,0.004238139178823208,0.004238139178823208,0.005017017621837205,0.005017017621837205,True
2025-10-05,La Liga,Alaves,Elche,draw,0.004769255624296087,0.004769255624296087,0.011678310626506927,0.011678310626506927,True
2025-10-05,Bundesliga,M'gladbach,Freiburg,draw,0.003085197595626532,0.003085197595626532,0.015186046237202488,0.015186046237202488,True
2025-10-05,Serie A,Fiorentina,Roma,draw,0.003821231491866972,0.003821231491866972,0.014992076684684996,0.014992076684684996,True
2025-10-05,Premier League,Aston Villa,Burnley,draw,0.0012168217577168128,0.0012168217577168128,-0.003524834342608585,-0.003524834342608585,False
2025-10-05,La Liga,Espanol,Betis,draw,0.0035224358412977996,0.0035224358412977996,0.006022869718248169,0.006022869718248169,True
2025-10-05,Bundesliga,Hamburg,Mainz,draw,0.002904980175847338,0.002904980175847338,-0.008384966538968586,-0.008384966538968586,False
2025-10-05,Bundesliga,Stuttgart,Heidenheim,home,0.001506905892692978,0.001506905892692978,0.018281519833990956,0.018281519833990956,True
2025-10-05,La Liga,Celta,Ath Madrid,draw,0.0018267155429935733,0.0018267155429935733,0.0034817454424563854,0.0034817454424563854,True
2025-10-05,Ligue 1,Strasbourg,Angers,draw,0.00222379424040281,0.00222379424040281,0.009296461679050017,0.009296461679050017,True
2025-10-05,Ligue 1,Monaco,Nice,away,-0.0026943319835173174,0.0026943319835173174,0.004219136246363608,-0.004219136246363608,False
2025-10-05,Ligue 1,Le Havre,Rennes,away,-0.003896042554232093,0.003896042554232093,0.012319029892973399,-0.012319029892973399,False
2025-10-05,Premier League,Everton,Crystal Palace,draw,0.004166081058106175,0.004166081058106175,0.009992749479367069,0.009992749479367069,True
2025-10-05,Serie A,Juventus,Milan,draw,0.004080606391365593,0.004080606391365593,0.017411259358436904,0.017411259358436904,True
2025-10-05,La Liga,Sociedad,Vallecano,draw,0.0033696965299669923,0.0033696965299669923,0.0029541635131786204,0.0029541635131786204,True
2025-10-05,Ligue 1,Lille,Paris SG,home,-0.001322937858194595,0.001322937858194595,0.061094827806493224,-0.061094827806493224,False
2025-10-05,Premier League,Newcastle,Nott'm Forest,away,-0.0027485513911620074,0.0027485513911620074,-0.017199595948229618,0.017199595948229618,True
2025-10-05,Premier League,Wolves,Brighton,draw,0.002860680273925109,0.002860680273925109,0.005154867127040608,0.005154867127040608,True
2025-10-05,Premier League,Brentford,Man City,home,-0.0018769699224366887,0.0018769699224366887,-0.011940871710219597,0.011940871710219597,True
2025-10-05,Serie A,Bologna,Pisa,draw,0.0018975166566208013,0.0018975166566208013,0.010015549620474018,0.010015549620474018,True
2025-10-05,Serie A,Napoli,Genoa,draw,0.0012996824120500017,0.0012996824120500017,0.0022062416114375927,0.0022062416114375927,True
2025-10-17,Ligue 1,Paris SG,Strasbourg,home,0.0012490747072345654,0.0012490747072345654,-0.0480073456327178,-0.0480073456327178,False
2025-10-17,Bundesliga,Union Berlin,M'gladbach,draw,0.003127535995780084,0.003127535995780084,0.008784003053323886,0.008784003053323886,True
2025-10-17,La Liga,Oviedo,Espanol,draw,0.004981944058172594,0.004981944058172594,-0.001633103799766611,-0.001633103799766611,False
2025-10-18,La Liga,Barcelona,Girona,home,0.0015918718138019372,0.0015918718138019372,-0.007998860368893634,-0.007998860368893634,False
2025-10-18,Serie A,Torino,Napoli,draw,0.0030632638355108655,0.0030632638355108655,0.014809814494763374,0.014809814494763374,True
2025-10-18,Bundesliga,Bayern Munich,Dortmund,home,0.0028630922852799223,0.0028630922852799223,-0.0007064035240521571,-0.0007064035240521571,False
2025-10-18,Bundesliga,Wolfsburg,Stuttgart,away,-0.0031114896761036404,0.0031114896761036404,0.023144375544289386,-0.023144375544289386,False
2025-10-18,La Liga,Villarreal,Betis,draw,0.0024810171372560696,0.0024810171372560696,0.0072592652003046765,0.0072592652003046765,True
2025-10-18,Premier League,Brighton,Newcastle,draw,0.0030091768163245103,0.0030091768163245103,0.0028101820401649213,0.0028101820401649213,True
2025-10-18,Bundesliga,RB Leipzig,Hamburg,home,0.0022332432316820583,0.0022332432316820583,-0.018757556219116678,-0.018757556219116678,False
2025-10-18,Premier League,Burnley,Leeds,draw,0.0036674951524748867,0.0036674951524748867,0.0023483604760877186,0.0023483604760877186,True
2025-10-18,Bundesliga,Heidenheim,Werder Bremen,away,-0.003471933451711484,0.003471933451711484,-0.029020316248767997,0.029020316248767997,True
2025-10-18,Serie A,Lecce,Sassuolo,draw,0.004208309463150983,0.004208309463150983,0.013406656800885597,0.013406656800885597,True
2025-10-18,La Liga,Sevilla,Mallorca,draw,0.0029543257087449315,0.0029543257087449315,0.0012066435688417032,0.0012066435688417032,True
2025-10-18,Premier League,Man City,Everton,home,0.002057113465209648,0.002057113465209648,-0.029587303413196264,-0.029587303413196264,False
2025-10-18,Bundesliga,Mainz,Leverkusen,draw,0.0034142047894817895,0.0034142047894817895,-0.002749991267037899,-0.002749991267037899,False
2025-10-18,Premier League,Nott'm Forest,Chelsea,draw,0.00192189208324689,0.00192189208324689,0.021493454036551507,0.021493454036551507,True
2025-10-18,Premier League,Sunderland,Wolves,draw,0.004879735456380596,0.004879735456380596,0.002725363013740101,0.002725363013740101,True
2025-10-18,Premier League,Crystal Palace,Bournemouth,draw,0.003487092531404279,0.003487092531404279,-0.0037826380076452226,-0.0037826380076452226,False
2025-10-18,Bundesliga,FC Koln,Augsburg,away,-0.002560945092463629,0.002560945092463629,-0.0025253578882352135,0.0025253578882352135,True
2025-10-18,La Liga,Ath Madrid,Osasuna,home,0.0009992430514963457,0.0009992430514963457,0.019451272904227657,0.019451272904227657,True
2025-10-18,Serie A,Pisa,Verona,draw,0.004593947862501335,0.004593947862501335,0.021590734144024737,0.021590734144024737,True
2025-10-18,Ligue 1,Angers,Monaco,home,-0.0012251300338946836,0.0012251300338946836,-0.005225640185301694,0.005225640185301694,True
2025-10-18,Ligue 1,Marseille,Le Havre,home,0.0012679652915293937,0.0012679652915293937,0.0023476983839016974,0.0023476983839016974,True
2025-10-18,Ligue 1,Nice,Lyon,draw,0.0030931529926930823,0.0030931529926930823,-0.0010838677100158955,-0.0010838677100158955,False
2025-10-18,Serie A,Roma,Inter,draw,0.004095905498020469,0.004095905498020469,-0.00023375146421361626,-0.00023375146421361626,False
2025-10-18,Premier League,Fulham,Arsenal,away,0.0022709707822935465,0.0022709707822935465,0.016865280732413224,0.016865280732413224,True
2025-10-19,La Liga,Elche,Ath Bilbao,draw,0.004142823646744731,0.004142823646744731,-0.0066406524002926015,-0.0066406524002926015,False
2025-10-19,Ligue 1,Lorient,Brest,draw,0.0037859471638014286,0.0037859471638014286,0.01171698965947282,0.01171698965947282,True
2025-10-19,Serie A,Atalanta,Lazio,draw,0.0016361973459229906,0.0016361973459229906,0.014919762698303696,0.014919762698303696,True
2025-10-19,Bundesliga,St Pauli,Hoffenheim,away,-0.0033821211055666822,0.0033821211055666822,0.028964082582244532,-0.028964082582244532,False
2025-10-19,La Liga,Getafe,Real Madrid,home,-0.0005428513610400004,0.0005428513610400004,0.008810733475641902,-0.008810733475641902,False
2025-10-19,Ligue 1,Toulouse,Metz,draw,0.0012003714328626125,0.0012003714328626125,-0.014609338425819102,-0.014609338425819102,False
2025-10-19,Ligue 1,Nantes,Lille,draw,0.002178029872653142,0.002178029872653142,-0.014823320141295088,-0.014823320141295088,False
2025-10-19,Premier League,Tottenham,Aston Villa,away,-0.004713911122671499,0.004713911122671499,0.018948317511049417,-0.018948317511049417,False
2025-10-19,Bundesliga,Freiburg,Ein Frankfurt,away,-0.0049466338498214135,0.0049466338498214135,-0.009681337350319119,0.009681337350319119,True
2025-10-19,La Liga,Levante,Vallecano,draw,0.003655805193162831,0.003655805193162831,0.00811287525533061,0.00811287525533061,True
2025-10-19,Serie A,Como,Juventus,away,-0.004494575861069494,0.004494575861069494,0.017585224481776296,-0.017585224481776296,False
2025-10-19,Serie A,Cagliari,Bologna,draw,0.0038953049212241964,0.0038953049212241964,0.003258264243590603,0.003258264243590603,True
2025-10-19,La Liga,Celta,Sociedad,away,-0.0035257343770556115,0.0035257343770556115,-0.02430598272487819,0.02430598272487819,True
2025-10-19,Serie A,Milan,Fiorentina,away,-0.0019374702088143236,0.0019374702088143236,0.023739233483590888,-0.023739233483590888,False
2025-10-19,Ligue 1,Lens,Paris FC,draw,0.0019735519702164805,0.0019735519702164805,-0.0045999467759386126,-0.0045999467759386126,False
2025-10-19,Ligue 1,Rennes,Auxerre,away,-0.0026126288385472096,0.0026126288385472096,0.018348666230661198,-0.018348666230661198,False
2025-10-19,Serie A,Genoa,Parma,draw,0.004537085382237405,0.004537085382237405,0.018251214059262333,0.018251214059262333,True
2025-10-19,Premier League,Liverpool,Man United,away,-0.0010580213623841983,0.0010580213623841983,0.015574416486012294,-0.015574416486012294,False
2025-10-20,Serie A,Cremonese,Udinese,draw,0.004125517244825794,0.004125517244825794,0.009288570624550907,0.009288570624550907,True
2025-10-20,La Liga,Alaves,Valencia,away,-0.005399071362450603,0.005399071362450603,-0.012993944494440579,0.012993944494440579,True
2025-10-20,Premier League,West Ham,Brentford,draw,0.00358067772508458,0.00358067772508458,0.007135509813448515,0.007135509813448515,True
2025-10-24,Ligue 1,Paris FC,Nantes,away,-0.002417386775406094,0.002417386775406094,-0.01757800375889751,0.01757800375889751,True
2025-10-24,Premier League,Leeds,West Ham,away,-0.0038559835491916994,0.0038559835491916994,0.0009242889266340149,-0.0009242889266340149,False
2025-10-24,La Liga,Sociedad,Sevilla,away,-0.0031188744883627884,0.0031188744883627884,-0.0048310976970006025,0.0048310976970006025,True
2025-10-24,Serie A,Milan,Pisa,home,0.0013207305012424841,0.0013207305012424841,-0.005715744871991446,-0.005715744871991446,False
2025-10-24,Bundesliga,Werder Bremen,Union Berlin,draw,0.002963141175042927,0.002963141175042927,0.004749458650388894,0.004749458650388894,True
2025-10-25,Bundesliga,Hamburg,Wolfsburg,away,-0.003403368650016003,0.003403368650016003,-0.02771615817076728,0.02771615817076728,True
2025-10-25,La Liga,Girona,Oviedo,away,-0.0031621381584412134,0.0031621381584412134,-0.014649007698319505,0.014649007698319505,True
2025-10-25,Bundesliga,M'gladbach,Bayern Munich,away,0.00577113955590991,0.00577113955590991,-0.012656444770394404,-0.012656444770394404,False
2025-10-25,Bundesliga,Ein Frankfurt,St Pauli,draw,0.0013568735738186954,0.0013568735738186954,-0.0098172735907395,-0.0098172735907395,False
2025-10-25,Bundesliga,Dortmund,FC Koln,home,0.0013516172411099925,0.0013516172411099925,0.0254322008855018,0.0254322008855018,True
2025-10-25,Serie A,Cremonese,Atalanta,home,-0.001958685141843497,0.001958685141843497,-0.04414110396168691,0.04414110396168691,True
2025-10-25,Ligue 1,Lens,Marseille,draw,0.0028489917713069857,0.0028489917713069857,0.0053101663646328845,0.0053101663646328845,True
2025-10-25,Ligue 1,Monaco,Toulouse,draw,0.00199106138953431,0.00199106138953431,0.02032613865706062,0.02032613865706062,True
2025-10-25,Premier League,Brentford,Liverpool,draw,0.0012559058661608946,0.0012559058661608946,0.006849130933511305,0.006849130933511305,True
2025-10-25,La Liga,Valencia,Villarreal,away,-0.0049583685896981144,0.0049583685896981144,0.035053938228661874,-0.035053938228661874,False
2025-10-25,Premier League,Man United,Brighton,away,-0.0022865081617154392,0.0022865081617154392,0.00203070684110368,-0.00203070684110368,False
2025-10-25,La Liga,Espanol,Elche,draw,0.003151690595692036,0.003151690595692036,0.0019748244426744943,0.0019748244426744943,True
2025-10-25,Premier League,Chelsea,Sunderland,away,0.0001503667688873972,0.0001503667688873972,0.017167530150061006,0.017167530150061006,True
2025-10-25,Bundesliga,Hoffenheim,Heidenheim,away,-0.0021092840488736997,0.0021092840488736997,-0.0030629813539365947,0.0030629813539365947,True
2025-10-25,Premier League,Newcastle,Fulham,away,-0.0026453359981188918,0.0026453359981188918,-0.0056820260972073044,0.0056820260972073044,True
2025-10-25,Serie A,Parma,Como,draw,0.002921338724715228,0.002921338724715228,0.022998257546149925,0.022998257546149925,True
2025-10-25,Serie A,Napoli,Inter,draw,0.004186285717082905,0.004186285717082905,0.0012287922893206016,0.0012287922893206016,True
2025-10-25,La Liga,Ath Bilbao,Getafe,draw,0.002446680667065493,0.002446680667065493,-0.0015150855112351924,-0.0015150855112351924,False
2025-10-25,Ligue 1,Brest,Paris SG,away,0.00219198577794133,0.00219198577794133,0.0024415101864811994,0.0024415101864811994,True
2025-10-25,Bundesliga,Augsburg,RB Leipzig,draw,0.0016547094887595926,0.0016547094887595926,0.0076438945927393975,0.0076438945927393975,True
2025-10-25,Serie A,Udinese,Lecce,draw,0.0028311232680166,0.0028311232680166,0.02734272205600019,0.02734272205600019,True
2025-10-26,Ligue 1,Auxerre,Le Havre,draw,0.0032722353102825896,0.0032722353102825896,0.005123551714722785,0.005123551714722785,True
2025-10-26,Serie A,Torino,Genoa,draw,0.005303386439234836,0.005303386439234836,0.008458600005287809,0.008458600005287809,True
2025-10-26,Bundesliga,Leverkusen,Freiburg,draw,0.0021540361869425984,0.0021540361869425984,0.01668011243568629,0.01668011243568629,True
2025-10-26,Ligue 1,Lyon,Strasbourg,draw,0.002602910498172295,0.002602910498172295,-0.001862934032813679,-0.001862934032813679,False
2025-10-26,Serie A,Verona,Cagliari,draw,0.004461431227034185,0.004461431227034185,-0.008309285985464598,-0.008309285985464598,False
2025-10-26,Premier League,Wolves,Burnley,draw,0.0034573956685242657,0.0034573956685242657,0.0007265072964657837,0.0007265072964657837,True
2025-10-26,La Liga,Mallorca,Levante,away,-0.003632816027515029,0.003632816027515029,-0.02957561987945162,0.02957561987945162,True
2025-10-26,Premier League,Everton,Tottenham,draw,0.003415670002322402,0.003415670002322402,0.0035403452250117318,0.0035403452250117318,True
2025-10-26,Serie A,Lazio,Juventus,away,-0.004639150173364304,0.004639150173364304,0.020153333737389922,-0.020153333737389922,False
2025-10-26,Premier League,Aston Villa,Man City,home,-0.0019005881952399162,0.0019005881952399162,-0.0045517172410277085,0.0045517172410277085,True
2025-10-26,Ligue 1,Angers,Lorient,draw,0.004359009128543201,0.004359009128543201,0.011967683528374073,0.011967683528374073,True
2025-10-26,Serie A,Fiorentina,Bologna,draw,0.004341926226811121,0.004341926226811121,0.023857212247098414,0.023857212247098414,True
2025-10-26,Bundesliga,Stuttgart,Mainz,away,-0.002969336756523694,0.002969336756523694,0.060197366911788286,-0.060197366911788286,False
2025-10-26,Premier League,Arsenal,Crystal Palace,home,0.0015141414487962468,0.0015141414487962468,0.01683343326164488,0.01683343326164488,True
2025-10-26,La Liga,Real Madrid,Barcelona,away,-0.002637327903151021,0.002637327903151021,-0.02878719759940812,0.02878719759940812,True
2025-10-26,La Liga,Osasuna,Celta,draw,0.004236748316217009,0.004236748316217009,0.0020388851902617966,0.0020388851902617966,True
2025-10-26,Ligue 1,Rennes,Nice,away,-0.0048818596836530115,0.0048818596836530115,-0.02443491756931271,0.02443491756931271,True
2025-10-26,Premier League,Bournemouth,Nott'm Forest,away,-0.003265768188055712,0.003265768188055712,0.02774811626360718,-0.02774811626360718,False
2025-10-26,Serie A,Sassuolo,Roma,draw,0.002950712640821751,0.002950712640821751,0.015372911004823464,0.015372911004823464,True
2025-10-26,La Liga,Vallecano,Alaves,draw,0.0045091449271777995,0.0045091449271777995,0.007531846601002201,0.007531846601002201,True
2025-10-26,Ligue 1,Lille,Metz,home,0.0016523833470710736,0.0016523833470710736,0.04870051586305657,0.04870051586305657,True
2025-10-27,La Liga,Betis,Ath Madrid,draw,0.0028049401207851377,0.0028049401207851377,0.009756630824701296,0.009756630824701296,True
2025-10-28,Serie A,Lecce,Napoli,draw,0.0014859131743556186,0.0014859131743556186,0.008974124020078494,0.008974124020078494,True
2025-10-28,Serie A,Atalanta,Milan,draw,0.003804453338132119,0.003804453338132119,0.0030376541064719986,0.0030376541064719986,True
2025-10-29,Serie A,Genoa,Cremonese,draw,0.0033967418678698125,0.0033967418678698125,-0.012630492583534159,-0.012630492583534159,False
2025-10-29,Ligue 1,Paris FC,Lyon,away,-0.004448998573459317,0.004448998573459317,-0.004326787815339406,0.004326787815339406,True
2025-10-29,Ligue 1,Toulouse,Rennes,away,-0.00319153879086459,0.00319153879086459,-0.029717305418135886,0.029717305418135886,True
2025-10-29,Serie A,Bologna,Torino,away,-0.0030693320102851973,0.0030693320102851973,-0.005168665159931279,0.005168665159931279,True
2025-10-29,Ligue 1,Metz,Lens,away,0.00460460787886996,0.00460460787886996,0.015399127006198055,0.015399127006198055,True
2025-10-29,Serie A,Roma,Parma,home,-0.001773638625860663,0.001773638625860663,0.02154357293026843,-0.02154357293026843,False
2025-10-29,Ligue 1,Marseille,Angers,home,0.0020052482568578833,0.0020052482568578833,-0.0027350820728504477,-0.0027350820728504477,False
2025-10-29,Serie A,Como,Verona,draw,0.0018713006312611746,0.0018713006312611746,-0.0034980441790684047,-0.0034980441790684047,False
2025-10-29,Ligue 1,Strasbourg,Auxerre,away,-0.0016910886487734034,0.0016910886487734034,-0.013101921721844323,0.013101921721844323,True
2025-10-29,Ligue 1,Nantes,Monaco,home,-0.0014259615690014882,0.0014259615690014882,0.005875151473199114,-0.005875151473199114,False
2025-10-29,Ligue 1,Le Havre,Brest,draw,0.0037752667540176255,0.0037752667540176255,0.021096363815068186,0.021096363815068186,True
2025-10-29,Ligue 1,Nice,Lille,draw,0.0029953600236145017,0.0029953600236145017,-0.02138672963205651,-0.02138672963205651,False
2025-10-29,Serie A,Juventus,Udinese,away,-0.0011395964594740071,0.0011395964594740071,0.005137427088492796,-0.005137427088492796,False
2025-10-29,Serie A,Inter,Fiorentina,away,-0.0003324119702469014,0.0003324119702469014,-0.0030058028915793955,0.0030058028915793955,True
2025-10-29,Ligue 1,Lorient,Paris SG,away,0.0032073931231318964,0.0032073931231318964,-0.0033856143595324406,-0.0033856143595324406,False
2025-10-30,Serie A,Cagliari,Sassuolo,draw,0.004202795168196272,0.004202795168196272,0.013278319534497263,0.013278319534497263,True
2025-10-30,Serie A,Pisa,Lazio,draw,0.0037774240804426817,0.0037774240804426817,0.01306232387073919,0.01306232387073919,True
2025-10-31,Bundesliga,Augsburg,Dortmund,away,0.0029887871115824582,0.0029887871115824582,0.012029647012635314,0.012029647012635314,True
2025-10-31,La Liga,Getafe,Girona,draw,0.005017890496977873,0.005017890496977873,-0.004647516523318407,-0.004647516523318407,False
2025-11-01,Premier League,Tottenham,Chelsea,away,-0.004006807218159991,0.004006807218159991,0.03060664157429538,-0.03060664157429538,False
2025-11-01,Premier League,Fulham,Wolves,draw,0.002921115047695322,0.002921115047695322,-0.01724936738376387,-0.01724936738376387,False
2025-11-01,Bundesliga,RB Leipzig,Stuttgart,away,-0.0031880330098923992,0.0031880330098923992,0.017218787329666918,-0.017218787329666918,False
2025-11-01,Premier League,Liverpool,Aston Villa,draw,0.0008038492291478905,0.0008038492291478905,0.0018526594140046981,0.0018526594140046981,True
2025-11-01,Serie A,Udinese,Atalanta,home,-0.0019382571399838011,0.0019382571399838011,-0.024244693979107,0.024244693979107,True
2025-11-01,Bundesliga,Bayern Munich,Leverkusen,home,0.003296773525445329,0.003296773525445329,-0.024272133081983505,-0.024272133081983505,False
2025-11-01,Serie A,Cremonese,Juventus,away,0.001827220103790217,0.001827220103790217,-0.0036915642625646727,-0.0036915642625646727,False
2025-11-01,Bundesliga,Mainz,Werder Bremen,away,-0.0032418977379868874,0.0032418977379868874,-0.03125491449490278,0.03125491449490278,True
2025-11-01,Bundesliga,St Pauli,M'gladbach,away,-0.0030204392083288956,0.0030204392083288956,0.0320041771520051,-0.0320041771520051,False
2025-11-01,La Liga,Real Madrid,Valencia,draw,-0.0011281794196131012,0.0011281794196131012,-0.016787055994338607,0.016787055994338607,True
2025-11-01,Ligue 1,Paris SG,Nice,home,0.0020616763741773125,0.0020616763741773125,0.06522421391364042,0.06522421391364042,True
2025-11-01,Ligue 1,Auxerre,Marseille,home,-0.0019797655048366947,0.0019797655048366947,-0.0168329184235467,0.0168329184235467,True
2025-11-01,Premier League,Brighton,Leeds,draw,0.0022886249473532128,0.0022886249473532128,0.0087475079581813,0.0087475079581813,True
2025-11-01,Premier League,Nott'm Forest,Man United,draw,0.0021846698996186853,0.0021846698996186853,0.0029862669224687832,0.0029862669224687832,True
2025-11-01,Bundesliga,Heidenheim,Ein Frankfurt,away,-0.0027197706716444725,0.0027197706716444725,0.039106499721929366,-0.039106499721929366,False
2025-11-01,Ligue 1,Monaco,Paris FC,draw,0.0011112935683826874,0.0011112935683826874,0.004013172217034983,0.004013172217034983,True
2025-11-01,Bundesliga,Union Berlin,Freiburg,draw,0.004032662520843888,0.004032662520843888,0.009832375530506088,0.009832375530506088,True
2025-11-01,La Liga,Villarreal,Vallecano,draw,0.0020239048363882017,0.0020239048363882017,0.002169566867251782,0.002169566867251782,True
2025-11-01,La Liga,Ath Madrid,Sevilla,home,0.0014640177638401974,0.0014640177638401974,-0.011315798378562558,-0.011315798378562558,False
2025-11-01,Premier League,Crystal Palace,Brentford,draw,0.0024616599096025094,0.0024616599096025094,0.01660764410438237,0.01660764410438237,True
2025-11-01,La Liga,Sociedad,Ath Bilbao,draw,0.0054081035652206455,0.0054081035652206455,0.011493548224765116,0.011493548224765116,True
2025-11-01,Premier League,Burnley,Arsenal,away,0.0032202586912557507,0.0032202586912557507,0.02162836229306253,0.02162836229306253,True
2025-11-01,Serie A,Napoli,Como,draw,0.0040457878736220865,0.0040457878736220865,-0.003131153990540869,-0.003131153990540869,False
2025-11-02,La Liga,Barcelona,Elche,away,0.0007746964742899043,0.0007746964742899043,-0.0018955283980204019,-0.0018955283980204019,False
2025-11-02,La Liga,Betis,Mallorca,draw,0.0013426257857344082,0.0013426257857344082,-0.009433455715211009,-0.009433455715211009,False
2025-11-02,Ligue 1,Lens,Lorient,away,-0.0006099694195496053,0.0006099694195496053,0.02253860763629731,-0.02253860763629731,False
2025-11-02,Ligue 1,Rennes,Strasbourg,draw,0.0029794498834019856,0.0029794498834019856,0.010400454244636204,0.010400454244636204,True
2025-11-02,Premier League,Man City,Bournemouth,away,-0.0013343091204489066,0.0013343091204489066,-0.021892779283492397,0.021892779283492397,True
2025-11-02,La Liga,Levante,Celta,draw,0.003453813720551535,0.003453813720551535,0.0031416706723688126,0.0031416706723688126,True
2025-11-02,Ligue 1,Nantes,Metz,away,-0.0033215364315275775,0.0033215364315275775,0.043781249515481124,-0.043781249515481124,False
2025-11-02,Serie A,Torino,Pisa,draw,0.003318779028463281,0.003318779028463281,0.0012357757758748589,0.0012357757758748589,True
2025-11-02,Bundesliga,FC Koln,Hamburg,draw,0.002571559256407119,0.002571559256407119,0.008650271309547097,0.008650271309547097,True
2025-11-02,Premier League,West Ham,Newcastle,home,-0.0019926401396967997,0.0019926401396967997,0.0,-0.0,False
2025-11-02,Serie A,Fiorentina,Lecce,draw,0.0020394878444542908,0.0020394878444542908,0.014052726474184096,0.014052726474184096,True
2025-11-02,Serie A,Milan,Roma,draw,0.004297543769175405,0.004297543769175405,0.018302268467182692,0.018302268467182692,True
2025-11-02,Bundesliga,Wolfsburg,Hoffenheim,home,-0.0023393448278822837,0.0023393448278822837,0.008976082624187698,-0.008976082624187698,False
2025-11-02,Serie A,Parma,Bologna,draw,0.004610592798109492,0.004610592798109492,0.005113670489462041,0.005113670489462041,True
2025-11-02,Ligue 1,Brest,Lyon,draw,0.0031740098115087267,0.0031740098115087267,0.01426636237463752,0.01426636237463752,True
2025-11-02,Serie A,Verona,Inter,away,0.0019290733053598519,0.0019290733053598519,0.017322824363048883,0.017322824363048883,True
2025-11-02,Ligue 1,Toulouse,Le Havre,away,-0.0033116262416464093,0.0033116262416464093,-0.011336256965084501,0.011336256965084501,True
2025-11-02,La Liga,Alaves,Espanol,draw,0.004938088480419878,0.004938088480419878,-0.0018884875496184006,-0.0018884875496184006,False
2025-11-02,Ligue 1,Lille,Angers,home,0.002587588404019181,0.002587588404019181,-0.038567689429586105,-0.038567689429586105,False
2025-11-03,Serie A,Sassuolo,Genoa,draw,0.00480207640207142,0.00480207640207142,0.014432440549668912,0.014432440549668912,True
2025-11-03,Serie A,Lazio,Cagliari,away,-0.001824416994766681,0.001824416994766681,0.006442787252057408,-0.006442787252057408,False
2025-11-03,Premier League,Sunderland,Everton,away,-0.00543280108127997,0.00543280108127997,0.04691546567508903,-0.04691546567508903,False
2025-11-03,La Liga,Oviedo,Osasuna,draw,0.0049253734017508655,0.0049253734017508655,-0.005017604795994612,-0.005017604795994612,False
2025-11-07,Ligue 1,Paris FC,Rennes,draw,0.0030403917394424274,0.0030403917394424274,-0.0011377669926651013,-0.0011377669926651013,False
2025-11-07,Serie A,Pisa,Cremonese,draw,0.004904110143623297,0.004904110143623297,0.0048807641032224125,0.0048807641032224125,True
2025-11-07,Bundesliga,Werder Bremen,Wolfsburg,draw,0.0025946319542120566,0.0025946319542120566,-0.0003210303570704287,-0.0003210303570704287,False
2025-11-07,La Liga,Elche,Sociedad,draw,0.004415110359871188,0.004415110359871188,0.0013322306204975876,0.0013322306204975876,True
2025-11-08,Bundesliga,M'gladbach,FC Koln,draw,0.0029455766066961986,0.0029455766066961986,-0.008619121200538316,-0.008619121200538316,False
2025-11-08,Bundesliga,Hoffenheim,RB Leipzig,away,-0.0024152042786546035,0.0024152042786546035,0.002107233592270996,-0.002107233592270996,False
2025-11-08,La Liga,Ath Madrid,Levante,home,0.0020272609906804018,0.0020272609906804018,-0.0016578693586610793,-0.0016578693586610793,False
2025-11-08,La Liga,Espanol,Villarreal,away,-0.0036446363545024063,0.0036446363545024063,-0.016161939148554627,0.016161939148554627,True
2025-11-08,La Liga,Sevilla,Osasuna,draw,0.004105078276218865,0.004105078276218865,0.001335098510422572,0.001335098510422572,True
2025-11-08,Serie A,Parma,Milan,draw,0.0013499197451435074,0.0013499197451435074,-0.007436263051207592,-0.007436263051207592,False
2025-11-08,Serie A,Como,Cagliari,away,-0.0019408984255957218,0.0019408984255957218,0.007066489117960678,-0.007066489117960678,False
2025-11-08,Premier League,Sunderland,Arsenal,away,0.0014424580009583243,0.0014424580009583243,-0.03585062354359303,-0.03585062354359303,False
2025-11-08,Ligue 1,Marseille,Brest,home,0.001835668195792839,0.001835668195792839,-0.007292872104416204,-0.007292872104416204,False
2025-11-08,Ligue 1,Monaco,Lens,away,-0.00246852035088857,0.00246852035088857,-0.01569226663771589,0.01569226663771589,True
2025-11-08,Premier League,Chelsea,Wolves,home,0.000896226763099417,0.000896226763099417,-0.0004523692367430776,-0.0004523692367430776,False
2025-11-08,La Liga,Girona,Alaves,draw,0.00433609008668806,0.00433609008668806,-0.007747200400167131,-0.007747200400167131,False
2025-11-08,Serie A,Juventus,Torino,draw,0.0010144134740378008,0.0010144134740378008,0.0006851135592335911,0.0006851135592335911,True
2025-11-08,Serie A,Lecce,Verona,draw,0.005858914436967733,0.005858914436967733,0.012511715932499223,0.012511715932499223,True
2025-11-08,Bundesliga,Union Berlin,Bayern Munich,away,0.004013190961229873,0.004013190961229873,-0.003199499637609682,-0.003199499637609682,False
2025-11-08,Ligue 1,Le Havre,Nantes,draw,0.0032849754714018853,0.0032849754714018853,0.0001464715922486759,0.0001464715922486759,True
2025-11-08,Bundesliga,Hamburg,Dortmund,away,-0.0013323401410768598,0.0013323401410768598,-0.059531144685951665,0.059531144685951665,True
2025-11-08,Premier League,Tottenham,Man United,draw,0.0028083331803995804,0.0028083331803995804,0.008491642091385865,0.008491642091385865,True
2025-11-08,Premier League,Everton,Fulham,draw,0.003928040286638512,0.003928040286638512,0.006174976231439533,0.006174976231439533,True
2025-11-08,Bundesliga,Leverkusen,Heidenheim,home,-0.0010438815034964355,0.0010438815034964355,0.005206941185388558,-0.005206941185388558,False
2025-11-08,Premier League,West Ham,Burnley,away,-0.0036473070423848897,0.0036473070423848897,-0.014643299849384783,0.014643299849384783,True
2025-11-09,Premier League,Brentford,Newcastle,draw,0.003480182903488005,0.003480182903488005,0.001735854697567929,0.001735854697567929,True
2025-11-09,Bundesliga,Stuttgart,Augsburg,home,0.002011292289002764,0.002011292289002764,-0.0016254146215641807,-0.0016254146215641807,False
2025-11-09,La Liga,Ath Bilbao,Oviedo,away,-0.001192334236303702,0.001192334236303702,0.01766580215764449,-0.01766580215764449,False
2025-11-09,Ligue 1,Strasbourg,Lille,draw,0.0028754665325800843,0.0028754665325800843,-0.0015422115849341167,-0.0015422115849341167,False
2025-11-09,Ligue 1,Metz,Nice,draw,0.00260967622595748,0.00260967622595748,0.0038451723532929027,0.0038451723532929027,True
2025-11-09,Ligue 1,Angers,Auxerre,draw,0.004388710888145242,0.004388710888145242,0.014174789531719911,0.014174789531719911,True
2025-11-09,Bundesliga,Ein Frankfurt,Mainz,away,-0.002155863852197487,0.002155863852197487,-0.005885744658729375,0.005885744658729375,True
2025-11-09,Serie A,Inter,Lazio,home,0.0008551376119648735,0.0008551376119648735,0.02758370806712207,0.02758370806712207,True
2025-11-09,Serie A,Atalanta,Sassuolo,away,-0.0006554080198372114,0.0006554080198372114,0.005409030546445204,-0.005409030546445204,False
2025-11-09,Premier League,Man City,Liverpool,away,-0.0035238920980665833,0.0035238920980665833,0.002538457636107494,-0.002538457636107494,False
2025-11-09,La Liga,Vallecano,Real Madrid,home,-0.000647872346582895,0.000647872346582895,0.0037385313211570903,-0.0037385313211570903,False
2025-11-09,Serie A,Genoa,Fiorentina,draw,0.005315126655830726,0.005315126655830726,0.017897928452439593,0.017897928452439593,True
2025-11-09,La Liga,Mallorca,Getafe,draw,0.005911034309547092,0.005911034309547092,0.006909338135270393,0.006909338135270393,True
2025-11-09,Premier League,Crystal Palace,Brighton,draw,0.002948390144215718,0.002948390144215718,0.010796479015323601,0.010796479015323601,True
2025-11-09,La Liga,Celta,Barcelona,away,-0.0016302864183387333,0.0016302864183387333,-0.030244038722060718,0.030244038722060718,True
2025-11-09,Ligue 1,Lorient,Toulouse,draw,0.0036456698736641036,0.0036456698736641036,0.005321534675385542,0.005321534675385542,True
2025-11-09,Ligue 1,Lyon,Paris SG,draw,0.0013690876398970986,0.0013690876398970986,-0.011102955511306106,-0.011102955511306106,False
2025-11-09,Serie A,Bologna,Napoli,away,-0.005315273392117681,0.005315273392117681,-0.01771819269412711,0.01771819269412711,True
2025-11-09,Serie A,Roma,Udinese,draw,0.0013346096206290903,0.0013346096206290903,-0.0002784922709284099,-0.0002784922709284099,False
2025-11-09,Bundesliga,Freiburg,St Pauli,away,-0.0036225766551530036,0.0036225766551530036,-0.012928575530022995,0.012928575530022995,True
2025-11-09,Premier League,Nott'm Forest,Leeds,draw,0.0036301813227268,0.0036301813227268,0.01626766592005424,0.01626766592005424,True
2025-11-09,La Liga,Valencia,Betis,draw,0.0033291042996465015,0.0033291042996465015,-0.003529015264504054,-0.003529015264504054,False
2025-11-09,Premier League,Aston Villa,Bournemouth,draw,0.0033895245514631855,0.0033895245514631855,0.006545747537569813,0.006545747537569813,True
2025-11-21,Bundesliga,Mainz,Hoffenheim,draw,0.0028290794955501686,0.0028290794955501686,0.003323694574011049,0.003323694574011049,True
2025-11-21,La Liga,Valencia,Levante,draw,0.0027710710954572115,0.0027710710954572115,0.008308297387072006,0.008308297387072006,True
2025-11-21,Ligue 1,Nice,Marseille,home,-0.0023054969819228943,0.0023054969819228943,0.004457402614349015,-0.004457402614349015,False
2025-11-22,Premier League,Bournemouth,West Ham,draw,0.001340416091267782,0.001340416091267782,0.007817032953124081,0.007817032953124081,True
2025-11-22,Premier League,Wolves,Crystal Palace,draw,0.002817080281262596,0.002817080281262596,-0.011106764505175726,-0.011106764505175726,False
2025-11-22,Bundesliga,Augsburg,Hamburg,home,-0.0031268963915480064,0.0031268963915480064,-0.021591911395102803,0.021591911395102803,True
2025-11-22,Premier League,Fulham,Sunderland,draw,0.003861392530514096,0.003861392530514096,-0.009439943094336212,-0.009439943094336212,False
2025-11-22,Bundesliga,Dortmund,Stuttgart,away,-0.002122057573177183,0.002122057573177183,-0.0005679697372341919,0.0005679697372341919,True
2025-11-22,Bundesliga,Bayern Munich,Freiburg,home,0.0015624864316613474,0.0015624864316613474,0.013482244198399718,0.013482244198399718,True
2025-11-22,La Liga,Barcelona,Ath Bilbao,home,-0.00023953846923507882,0.00023953846923507882,-0.0004250046155931386,0.0004250046155931386,True
2025-11-22,Premier League,Burnley,Chelsea,away,0.002352274379316621,0.002352274379316621,-0.04333164703434167,-0.04333164703434167,False
2025-11-22,Serie A,Cagliari,Genoa,draw,0.00529093426304611,0.00529093426304611,0.02367697895341553,0.02367697895341553,True
2025-11-22,La Liga,Villarreal,Mallorca,home,0.0015756690384022276,0.0015756690384022276,0.01805160829743324,0.01805160829743324,True
2025-11-22,Bundesliga,Wolfsburg,Leverkusen,draw,0.002332893134230296,0.002332893134230296,-0.005023996204978204,-0.005023996204978204,False
2025-11-22,Premier League,Brighton,Brentford,away,-0.002610237697397988,0.002610237697397988,0.024570503495355583,-0.024570503495355583,False
2025-11-22,Bundesliga,FC Koln,Ein Frankfurt,away,-0.002698515725050088,0.002698515725050088,-0.03823022280310723,0.03823022280310723,True
2025-11-22,Premier League,Liverpool,Nott'm Forest,home,0.0005920418088676271,0.0005920418088676271,-0.017269984502676028,-0.017269984502676028,False
2025-11-22,Serie A,Udinese,Bologna,draw,0.0038653284491532713,0.0038653284491532713,0.017314889764731778,0.017314889764731778,True
2025-11-22,La Liga,Osasuna,Sociedad,draw,0.004537062815541226,0.004537062815541226,0.01436747605966382,0.01436747605966382,True
2025-11-22,La Liga,Alaves,Celta,away,-0.004892909458831585,0.004892909458831585,0.007910060052350343,-0.007910060052350343,False
2025-11-22,Premier League,Newcastle,Man City,home,-0.002138621576148303,0.002138621576148303,-0.009826626372928304,0.009826626372928304,True
2025-11-22,Ligue 1,Lens,Strasbourg,away,-0.0027936934843420524,0.0027936934843420524,0.014372264310514526,-0.014372264310514526,False
2025-11-22,Ligue 1,Rennes,Monaco,away,-0.0039886765673528,0.0039886765673528,-0.03569854026897734,0.03569854026897734,True
2025-11-22,Bundesliga,Heidenheim,M'gladbach,home,-0.0032994890905898022,0.0032994890905898022,-0.009598271600495312,0.009598271600495312,True
2025-11-22,Serie A,Fiorentina,Juventus,draw,0.0031688934911621724,0.0031688934911621724,0.00826203830885719,0.00826203830885719,True
2025-11-22,Serie A,Napoli,Atalanta,draw,0.003761209182737091,0.003761209182737091,0.015150760002467789,0.015150760002467789,True
2025-11-22,Ligue 1,Paris SG,Le Havre,home,0.0015867168697993872,0.0015867168697993872,-0.029239289574287786,-0.029239289574287786,False
2025-11-23,Premier League,Leeds,Aston Villa,draw,0.004093616455642601,0.004093616455642601,-0.003192114778463595,-0.003192114778463595,False
2025-11-23,La Liga,Betis,Girona,away,-0.0012387043632942074,0.0012387043632942074,-0.009804935728721292,0.009804935728721292,True
2025-11-23,Ligue 1,Brest,Metz,draw,0.002156693236016194,0.002156693236016194,-0.008070334119787304,-0.008070334119787304,False
2025-11-23,Serie A,Lazio,Lecce,draw,0.0022076773815210005,0.0022076773815210005,0.0436995048344333,0.0436995048344333,True
2025-11-23,Serie A,Verona,Parma,draw,0.004702637518667618,0.004702637518667618,0.005936388470480003,0.005936388470480003,True
2025-11-23,Serie A,Cremonese,Roma,draw,0.0016177799161830042,0.0016177799161830042,0.017337108480930785,0.017337108480930785,True
2025-11-23,Ligue 1,Toulouse,Angers,away,-0.0018770233934166936,0.0018770233934166936,0.0070630926091762025,-0.0070630926091762025,False
2025-11-23,Ligue 1,Auxerre,Lyon,draw,0.0032490337279421078,0.0032490337279421078,0.0030270464064531266,0.0030270464064531266,True
2025-11-23,Premier League,Arsenal,Tottenham,draw,0.0002850998027819074,0.0002850998027819074,0.018595977654367907,0.018595977654367907,True
2025-11-23,Ligue 1,Nantes,Lorient,draw,0.0036289019230906217,0.0036289019230906217,0.0020584821703910072,0.0020584821703910072,True
2025-11-23,La Liga,Elche,Real Madrid,away,0.002849961684234681,0.002849961684234681,-0.019834614526018868,-0.019834614526018868,False
2025-11-23,Ligue 1,Lille,Paris FC,away,-0.0015326844403915074,0.0015326844403915074,0.006053454712405509,-0.006053454712405509,False
2025-11-23,Bundesliga,St Pauli,Union Berlin,draw,0.004176519468513218,0.004176519468513218,0.0250672590009155,0.0250672590009155,True
2025-11-23,La Liga,Oviedo,Vallecano,draw,0.003657583856077229,0.003657583856077229,0.005970362379801197,0.005970362379801197,True
2025-11-23,Serie A,Inter,Milan,draw,0.002897060779361804,0.002897060779361804,0.027160050654168877,0.027160050654168877,True
2025-11-23,Bundesliga,RB Leipzig,Werder Bremen,home,0.0025643237699576327,0.0025643237699576327,-0.031037821669885224,-0.031037821669885224,False
2025-11-23,La Liga,Getafe,Ath Madrid,draw,0.002720101256705576,0.002720101256705576,0.015045085236851274,0.015045085236851274,True
2025-11-24,La Liga,Espanol,Sevilla,away,-0.0036526769104153756,0.0036526769104153756,-0.041489716898780865,0.041489716898780865,True
2025-11-24,Serie A,Torino,Como,draw,0.0037046736770224853,0.0037046736770224853,0.010690244583832609,0.010690244583832609,True
2025-11-24,Premier League,Man United,Everton,away,-0.0031760485265925897,0.0031760485265925897,0.021759590920229305,-0.021759590920229305,False
2025-11-24,Serie A,Sassuolo,Pisa,draw,0.003667182201211594,0.003667182201211594,0.0027105660326711134,0.0027105660326711134,True
2025-11-28,Bundesliga,M'gladbach,RB Leipzig,away,-0.0029274394325911057,0.0029274394325911057,-0.005814389613839399,0.005814389613839399,True
2025-11-28,La Liga,Getafe,Elche,draw,0.005383091426702014,0.005383091426702014,0.0025041276302751325,0.0025041276302751325,True
2025-11-28,Ligue 1,Metz,Rennes,home,-0.0023156098939215164,0.0023156098939215164,0.010340511939194608,-0.010340511939194608,False
2025-11-28,Serie A,Como,Sassuolo,away,-0.0025421400137589922,0.0025421400137589922,0.012774096113892408,-0.012774096113892408,False
2025-11-29,Serie A,Milan,Lazio,draw,0.0016570151525719945,0.0016570151525719945,0.007411747279649383,0.007411747279649383,True
2025-11-29,La Liga,Mallorca,Osasuna,draw,0.004969729653977517,0.004969729653977517,-0.0008609555431706717,-0.0008609555431706717,False
2025-11-29,Bundesliga,Union Berlin,Heidenheim,away,-0.0042025518565718956,0.0042025518565718956,-0.02939867721415859,0.02939867721415859,True
2025-11-29,Serie A,Genoa,Verona,draw,0.004755294300000212,0.004755294300000212,0.014104971500531527,0.014104971500531527,True
2025-11-29,La Liga,Barcelona,Alaves,draw,-0.0012495787377546086,0.0012495787377546086,0.020820462894919484,-0.020820462894919484,False
2025-11-29,Serie A,Parma,Udinese,away,-0.005161949096500529,0.005161949096500529,0.0030538554531003848,-0.0030538554531003848,False
2025-11-29,Bundesliga,Leverkusen,Dortmund,draw,0.002434221799137104,0.002434221799137104,0.007639981594834311,0.007639981594834311,True
2025-11-29,Ligue 1,Monaco,Paris SG,away,0.0039954515863235285,0.0039954515863235285,-0.03113751759746264,-0.03113751759746264,False
2025-11-29,Bundesliga,Werder Bremen,FC Koln,draw,0.002262260088842505,0.002262260088842505,0.002786009880979601,0.002786009880979601,True
2025-11-29,Ligue 1,Paris FC,Auxerre,draw,0.002127652740825603,0.002127652740825603,0.010818671044499295,0.010818671044499295,True
2025-11-29,La Liga,Ath Madrid,Oviedo,draw,-0.0010556736131361044,0.0010556736131361044,0.002956627938614287,-0.002956627938614287,False
2025-11-29,La Liga,Levante,Ath Bilbao,draw,0.0034146117830636258,0.0034146117830636258,0.0020690040671757504,0.0020690040671757504,True
2025-11-29,Premier League,Brentford,Burnley,away,-0.0010189423720338153,0.0010189423720338153,0.006850774830816392,-0.006850774830816392,False
2025-11-29,Ligue 1,Marseille,Toulouse,draw,0.0011833113832133146,0.0011833113832133146,0.0025605848803438025,0.0025605848803438025,True
2025-11-29,Bundesliga,Hoffenheim,Augsburg,away,-0.0036434743839218187,0.0036434743839218187,0.002541616962207699,-0.002541616962207699,False
2025-11-29,Premier League,Sunderland,Bournemouth,away,-0.005597975895846707,0.005597975895846707,0.009224560446242092,-0.009224560446242092,False
2025-11-29,Premier League,Man City,Leeds,home,0.002246173405269003,0.002246173405269003,0.003022215163892117,0.003022215163892117,True
2025-11-29,Bundesliga,Bayern Munich,St Pauli,home,0.002052421408758276,0.002052421408758276,-0.006126446036028521,-0.006126446036028521,False
2025-11-29,Premier League,Everton,Newcastle,draw,0.003830095129822797,0.003830095129822797,0.0006432909524934916,0.0006432909524934916,True
2025-11-29,Premier League,Tottenham,Fulham,draw,0.0034098388540820257,0.0034098388540820257,0.003125850828398613,0.003125850828398613,True
2025-11-29,Serie A,Juventus,Cagliari,home,0.0008241904746315587,0.0008241904746315587,0.05769495982846751,0.05769495982846751,True
2025-11-30,La Liga,Girona,Real Madrid,away,0.0018783301037750277,0.0018783301037750277,0.022974379993879634,0.022974379993879634,True
2025-11-30,Premier League,Nott'm Forest,Brighton,draw,0.0036642128192043155,0.0036642128192043155,0.007541781401291969,0.007541781401291969,True
2025-11-30,La Liga,Celta,Espanol,draw,0.003199893137726839,0.003199893137726839,0.0009582593587257326,0.0009582593587257326,True
2025-11-30,Serie A,Atalanta,Fiorentina,draw,0.0019185213081940045,0.0019185213081940045,-0.0028187509646671882,-0.0028187509646671882,False
2025-11-30,Bundesliga,Freiburg,Mainz,draw,0.0032713666084039916,0.0032713666084039916,-0.018857536008698383,-0.018857536008698383,False
2025-11-30,Bundesliga,Ein Frankfurt,Wolfsburg,away,-0.0021362289058586836,0.0021362289058586836,0.04301270220875572,-0.04301270220875572,False
2025-11-30,Ligue 1,Lyon,Nantes,away,-0.0013524912450744164,0.0013524912450744164,-0.019650199207981903,0.019650199207981903,True
2025-11-30,La Liga,Sociedad,Villarreal,draw,0.0037176662507353297,0.0037176662507353297,0.0077082873822909015,0.0077082873822909015,True
2025-11-30,Serie A,Pisa,Inter,away,0.0024150813913231817,0.0024150813913231817,0.044928665452661276,0.044928665452661276,True
2025-11-30,Bundesliga,Hamburg,Stuttgart,away,-0.0035689150866582975,0.0035689150866582975,-0.0482757424663629,0.0482757424663629,True
2025-11-30,Serie A,Roma,Napoli,draw,0.005537729146941506,0.005537729146941506,0.01754143534160102,0.01754143534160102,True
2025-11-30,Ligue 1,Strasbourg,Brest,away,-0.0029994158146376126,0.0029994158146376126,-0.0058698454698332125,0.0058698454698332125,True
2025-11-30,Ligue 1,Angers,Lens,draw,0.0020607049223413942,0.0020607049223413942,-0.006142405383085997,-0.006142405383085997,False
2025-11-30,Serie A,Lecce,Torino,draw,0.005493159106808421,0.005493159106808421,0.009734454234457901,0.009734454234457901,True
2025-11-30,La Liga,Sevilla,Betis,draw,0.0034788594280562024,0.0034788594280562024,0.013588981879816997,0.013588981879816997,True
2025-11-30,Premier League,Crystal Palace,Man United,draw,0.002955178785510104,0.002955178785510104,-0.006177960178538999,-0.006177960178538999,False
2025-11-30,Ligue 1,Lorient,Nice,away,-0.00533804679941452,0.00533804679941452,-0.006638663292759528,0.006638663292759528,True
2025-11-30,Premier League,Chelsea,Arsenal,draw,0.0036641394610724687,0.0036641394610724687,0.018969687029971982,0.018969687029971982,True
2025-11-30,Premier League,Aston Villa,Wolves,home,0.0018298430181893366,0.0018298430181893366,0.008837452531357148,0.008837452531357148,True
2025-11-30,Premier League,West Ham,Liverpool,away,-0.0020160769962672687,0.0020160769962672687,0.0562058379042657,-0.0562058379042657,False
2025-11-30,Ligue 1,Le Havre,Lille,draw,0.0023968745372354716,0.0023968745372354716,-0.005242131987310383,-0.005242131987310383,False
2025-12-01,La Liga,Vallecano,Valencia,away,-0.0033881293763043108,0.0033881293763043108,0.011793051416867512,-0.011793051416867512,False
2025-12-01,Serie A,Bologna,Cremonese,away,-0.0010541411149655872,0.0010541411149655872,0.0184192966049678,-0.0184192966049678,False
2025-12-02,Premier League,Bournemouth,Everton,draw,0.0036986934344702127,0.0036986934344702127,-0.009325053586598575,-0.009325053586598575,False
2025-12-02,Premier League,Newcastle,Tottenham,draw,0.00210371277117799,0.00210371277117799,-0.00017632818508883652,-0.00017632818508883652,False
2025-12-02,Premier League,Fulham,Man City,draw,0.0012684232020712116,0.0012684232020712116,-0.002151362574320581,-0.002151362574320581,False
2025-12-02,La Liga,Barcelona,Ath Madrid,away,-0.001738955903642203,0.001738955903642203,-0.016006747062709187,0.016006747062709187,True
2025-12-03,Premier League,Wolves,Nott'm Forest,draw,0.0035501133983060207,0.0035501133983060207,0.006289447215066302,0.006289447215066302,True
2025-12-03,Premier League,Brighton,Aston Villa,away,-0.003291954091040883,0.003291954091040883,0.01453212100627832,-0.01453212100627832,False
2025-12-03,Premier League,Arsenal,Brentford,home,0.0013479097998714273,0.0013479097998714273,-0.0398501996955265,-0.0398501996955265,False
2025-12-03,Premier League,Liverpool,Sunderland,away,0.00022074383579499812,0.00022074383579499812,0.0007491526261411002,0.0007491526261411002,True
2025-12-03,Premier League,Burnley,Crystal Palace,home,-0.002472294454108487,0.002472294454108487,-0.01772799317308099,0.01772799317308099,True
2025-12-03,Premier League,Leeds,Chelsea,home,-0.0023615797789904025,0.0023615797789904025,0.019732771412689004,-0.019732771412689004,False
2025-12-03,La Liga,Ath Bilbao,Real Madrid,home,-0.0019097059663054916,0.0019097059663054916,-0.0018769236187457794,0.0018769236187457794,True
2025-12-04,Premier League,Man United,West Ham,home,0.0018028291337444102,0.0018028291337444102,0.018740652040967087,0.018740652040967087,True
2025-12-05,Ligue 1,Lille,Marseille,draw,0.003230145151262409,0.003230145151262409,0.0024733321182237034,0.0024733321182237034,True
2025-12-05,Ligue 1,Brest,Monaco,draw,0.002104000929274985,0.002104000929274985,0.000990442192694202,0.000990442192694202,True
2025-12-05,La Liga,Oviedo,Mallorca,draw,0.005226294608285775,0.005226294608285775,0.0027054388447230737,0.0027054388447230737,True
2025-12-05,Bundesliga,Mainz,M'gladbach,draw,0.0032297175072020234,0.0032297175072020234,0.00210375685867753,0.00210375685867753,True
2025-12-06,Premier League,Bournemouth,Chelsea,home,-0.0027218126541891374,0.0027218126541891374,-0.01747325889262924,0.01747325889262924,True
2025-12-06,Premier League,Tottenham,Brentford,draw,0.0033236046496705196,0.0033236046496705196,0.006627372672420695,0.006627372672420695,True
2025-12-06,La Liga,Villarreal,Getafe,draw,0.0015229821282331801,0.0015229821282331801,0.009210358939613611,0.009210358939613611,True
2025-12-06,Premier League,Man City,Sunderland,draw,-0.0007432040703510001,0.0007432040703510001,0.000820116675911392,-0.000820116675911392,False
2025-12-06,Ligue 1,Paris SG,Rennes,home,0.0008148464706524416,0.0008148464706524416,0.008442506958877383,0.008442506958877383,True
2025-12-06,Premier League,Leeds,Liverpool,draw,0.001799536672002694,0.001799536672002694,0.0012241072053772173,0.0012241072053772173,True
2025-12-06,Bundesliga,RB Leipzig,Ein Frankfurt,away,-0.0027839573754826763,0.0027839573754826763,-0.01329435577062088,0.01329435577062088,True
2025-12-06,Serie A,Sassuolo,Fiorentina,draw,0.004112104935727778,0.004112104935727778,0.006530041361153871,0.006530041361153871,True
2025-12-06,Premier League,Aston Villa,Arsenal,draw,0.002550335210623811,0.002550335210623811,-0.0011134042062659888,-0.0011134042062659888,False
2025-12-06,La Liga,Ath Bilbao,Ath Madrid,draw,0.003744191594674706,0.003744191594674706,0.008766014890937202,0.008766014890937202,True
2025-12-06,La Liga,Betis,Barcelona,home,-0.0012893917349990902,0.0012893917349990902,0.025737099283219322,-0.025737099283219322,False
2025-12-06,Bundesliga,FC Koln,St Pauli,away,-0.00348807816449509,0.00348807816449509,-0.00011554090008120133,0.00011554090008120133,True
2025-12-06,Bundesliga,Stuttgart,Bayern Munich,away,0.004025159274400836,0.004025159274400836,-0.041899500097729026,-0.041899500097729026,False
2025-12-06,Bundesliga,Heidenheim,Freiburg,home,-0.002527958901331201,0.002527958901331201,-0.041917812999044096,0.041917812999044096,True
2025-12-06,Bundesliga,Augsburg,Leverkusen,home,-0.0023851341992868202,0.0023851341992868202,0.02805630796841635,-0.02805630796841635,False
2025-12-06,Serie A,Verona,Atalanta,draw,0.0015441581384441905,0.0015441581384441905,0.011100681611290103,0.011100681611290103,True
2025-12-06,Serie A,Inter,Como,draw,0.0010182982328585943,0.0010182982328585943,0.0005183062159772878,0.0005183062159772878,True
2025-12-06,Ligue 1,Toulouse,Strasbourg,away,-0.003872263548037491,0.003872263548037491,-4.81394375548283e-05,4.81394375548283e-05,True
2025-12-06,Premier League,Newcastle,Burnley,home,0.0011513343124537334,0.0011513343124537334,-0.01350252120653539,-0.01350252120653539,False
2025-12-06,Ligue 1,Nantes,Lens,home,-0.0022800552198099233,0.0022800552198099233,-0.0007345855434827131,0.0007345855434827131,True
2025-12-06,Bundesliga,Wolfsburg,Union Berlin,draw,0.003280541874855325,0.003280541874855325,-0.002240915964671797,-0.002240915964671797,False
2025-12-06,Premier League,Everton,Nott'm Forest,draw,0.004035260810951347,0.004035260810951347,-0.0031822374722712543,-0.0031822374722712543,False
2025-12-06,La Liga,Alaves,Sociedad,draw,0.005192795243446069,0.005192795243446069,0.004693813827540583,0.004693813827540583,True
2025-12-07,Ligue 1,Nice,Angers,home,-0.003257550264862019,0.003257550264862019,0.043845869949427074,-0.043845869949427074,False
2025-12-07,Serie A,Napoli,Juventus,draw,0.004999851622997709,0.004999851622997709,0.018203342911480902,0.018203342911480902,True
2025-12-07,Premier League,Brighton,West Ham,away,-0.0016246037297082128,0.0016246037297082128,0.0152787722085308,-0.0152787722085308,False
2025-12-07,La Liga,Valencia,Sevilla,draw,0.0035018216961670845,0.0035018216961670845,0.002392140594113079,0.002392140594113079,True
2025-12-07,Bundesliga,Dortmund,Hoffenheim,draw,0.0008179441316283897,0.0008179441316283897,-0.0008737106399811234,-0.0008737106399811234,False
2025-12-07,La Liga,Espanol,Vallecano,draw,0.003989404537707741,0.003989404537707741,0.008118121965024316,0.008118121965024316,True
2025-12-07,Bundesliga,Hamburg,Werder Bremen,away,-0.0036803568333668157,0.0036803568333668157,0.011553025881401113,-0.011553025881401113,False
2025-12-07,La Liga,Elche,Girona,draw,0.0032026775550802467,0.0032026775550802467,0.012834323647673507,0.012834323647673507,True
2025-12-07,Ligue 1,Lorient,Lyon,draw,0.0033057791301286943,0.0033057791301286943,0.009137121580752028,0.009137121580752028,True
2025-12-07,Serie A,Cremonese,Lecce,draw,0.0048419222203872625,0.0048419222203872625,-0.001132731150787325,-0.001132731150787325,False
2025-12-07,Serie A,Lazio,Bologna,draw,0.004989026497165372,0.004989026497165372,0.0044348660605809664,0.0044348660605809664,True
2025-12-07,Ligue 1,Le Havre,Paris FC,draw,0.003752753357883498,0.003752753357883498,0.008965215553898676,0.008965215553898676,True
2025-12-07,Serie A,Cagliari,Roma,draw,0.0021049109692745094,0.0021049109692745094,0.0044883988887522985,0.0044883988887522985,True
2025-12-07,Premier League,Fulham,Crystal Palace,draw,0.0039977986374648,0.0039977986374648,-0.0037558231574714163,-0.0037558231574714163,False
2025-12-07,Ligue 1,Auxerre,Metz,draw,0.0031687611692796658,0.0031687611692796658,5.344558738379357e-05,5.344558738379357e-05,True
2025-12-07,La Liga,Real Madrid,Celta,home,0.002972280380090675,0.002972280380090675,0.023345225531996028,0.023345225531996028,True
2025-12-08,La Liga,Osasuna,Levante,away,-0.0025319963716001204,0.0025319963716001204,-0.011354671294001,0.011354671294001,True
2025-12-08,Serie A,Pisa,Parma,draw,0.004924267263703375,0.004924267263703375,-0.0017463098005582878,-0.0017463098005582878,False
2025-12-08,Serie A,Torino,Milan,draw,0.002309970643038506,0.002309970643038506,-0.01446631861759351,-0.01446631861759351,False
2025-12-08,Serie A,Udinese,Genoa,draw,0.004849173625662118,0.004849173625662118,0.019444070744058906,0.019444070744058906,True
2025-12-08,Premier League,Wolves,Man United,home,-0.0020072534091981065,0.0020072534091981065,-0.03541676380150441,0.03541676380150441,True
2025-12-12,Serie A,Lecce,Pisa,draw,0.006003683054744469,0.006003683054744469,0.0016335680932266783,0.0016335680932266783,True
2025-12-12,La Liga,Sociedad,Girona,away,-0.002465605325075282,0.002465605325075282,0.010312839961254705,-0.010312839961254705,False
2025-12-12,Bundesliga,Union Berlin,RB Leipzig,draw,0.003474623694535106,0.003474623694535106,0.005234000799902605,0.005234000799902605,True
2025-12-12,Ligue 1,Angers,Nantes,away,-0.0044180567301719265,0.0044180567301719265,0.005115217696929852,-0.005115217696929852,False
2025-12-13,La Liga,Barcelona,Osasuna,home,0.0014625602925960601,0.0014625602925960601,0.011606504905754322,0.011606504905754322,True
2025-12-13,Bundesliga,Hoffenheim,Hamburg,away,-0.0025440915310362966,0.0025440915310362966,-0.009561878921233308,0.009561878921233308,True
2025-12-13,Premier League,Burnley,Fulham,draw,0.0028433447166235637,0.0028433447166235637,0.005891536742023584,0.005891536742023584,True
2025-12-13,Ligue 1,Paris FC,Toulouse,draw,0.0037290775817929722,0.0037290775817929722,0.0140409305197014,0.0140409305197014,True
2025-12-13,Serie A,Atalanta,Cagliari,draw,-0.00015886429877370878,0.00015886429877370878,0.002768501079753599,-0.002768501079753599,False
2025-12-13,La Liga,Mallorca,Elche,draw,0.004752028470164427,0.004752028470164427,0.009019969587659937,0.009019969587659937,True
2025-12-13,Ligue 1,Metz,Paris SG,away,0.003289454713480633,0.003289454713480633,0.0001118686427842297,0.0001118686427842297,True
2025-12-13,Ligue 1,Rennes,Brest,away,-0.002630863685776197,0.002630863685776197,0.0036801401677572787,-0.0036801401677572787,False
2025-12-13,Premier League,Liverpool,Brighton,draw,0.001370123704343501,0.001370123704343501,0.010909130605983197,0.010909130605983197,True
2025-12-13,La Liga,Ath Madrid,Valencia,home,0.0008875392575563579,0.0008875392575563579,-0.00043147879830962577,-0.00043147879830962577,False
2025-12-13,Bundesliga,M'gladbach,Wolfsburg,away,-0.0039929699888336945,0.0039929699888336945,0.0010487268258325133,-0.0010487268258325133,False
2025-12-13,Bundesliga,Leverkusen,FC Koln,draw,0.0005083995988980905,0.0005083995988980905,0.01840620437861329,0.01840620437861329,True
2025-12-13,La Liga,Getafe,Espanol,draw,0.0058416701938521776,0.0058416701938521776,0.010206238761503617,0.010206238761503617,True
2025-12-13,Bundesliga,St Pauli,Heidenheim,away,-0.004520042261303481,0.004520042261303481,-0.021386721774086404,0.021386721774086404,True
2025-12-13,Serie A,Parma,Lazio,draw,0.0038708224059501584,0.0038708224059501584,0.0084251266955635,0.0084251266955635,True
2025-12-13,Premier League,Chelsea,Everton,away,-0.002162255174786798,0.002162255174786798,0.012570085155770488,-0.012570085155770488,False
2025-12-13,Premier League,Arsenal,Wolves,draw,-0.0017138748521073055,0.0017138748521073055,-0.003093122776704496,0.003093122776704496,True
2025-12-13,Bundesliga,Ein Frankfurt,Augsburg,home,-0.002141470573738924,0.002141470573738924,-0.04236334076664072,0.04236334076664072,True
2025-12-13,Serie A,Torino,Cremonese,draw,0.004008965027417988,0.004008965027417988,-0.012520218445062514,-0.012520218445062514,False
2025-12-14,Premier League,Nott'm Forest,Tottenham,draw,0.00391679787866972,0.00391679787866972,-0.0012045709624232126,-0.0012045709624232126,False
2025-12-14,Premier League,Crystal Palace,Man City,draw,0.0019673522867151017,0.0019673522867151017,0.005825602757837389,0.005825602757837389,True
2025-12-14,Ligue 1,Strasbourg,Lorient,draw,0.0019888222898569174,0.0019888222898569174,0.003085839366783305,0.003085839366783305,True
2025-12-14,Premier League,Brentford,Leeds,draw,0.0027847855127308696,0.0027847855127308696,0.02433003199891809,0.02433003199891809,True
2025-12-14,La Liga,Sevilla,Oviedo,draw,0.0035456446603734926,0.0035456446603734926,0.022994404530895296,0.022994404530895296,True
2025-12-14,Premier League,Sunderland,Newcastle,draw,0.003651547454581683,0.003651547454581683,-0.0009530400141584128,-0.0009530400141584128,False
2025-12-14,Bundesliga,Freiburg,Dortmund,draw,0.003028263908021911,0.003028263908021911,-0.0026740531405831103,-0.0026740531405831103,False
2025-12-14,La Liga,Alaves,Real Madrid,draw,0.0012379490121953995,0.0012379490121953995,-0.006144085690880791,-0.006144085690880791,False
2025-12-14,Ligue 1,Lyon,Le Havre,away,-0.0017028689174264089,0.0017028689174264089,0.012305622521208093,-0.012305622521208093,False
2025-12-14,Ligue 1,Marseille,Monaco,away,-0.003979887013015326,0.003979887013015326,0.013764446816297182,-0.013764446816297182,False
2025-12-14,Serie A,Bologna,Juventus,draw,0.004149366821530498,0.004149366821530498,-0.0005203876213916159,-0.0005203876213916159,False
2025-12-14,Bundesliga,Werder Bremen,Stuttgart,away,-0.004549172954217584,0.004549172954217584,-0.016418135736137818,0.016418135736137818,True
2025-12-14,Serie A,Udinese,Napoli,draw,0.0033566983798591354,0.0033566983798591354,0.004449426545719726,0.004449426545719726,True
2025-12-14,Ligue 1,Auxerre,Lille,away,-0.0028929275670283028,0.0028929275670283028,-0.03654422247494621,0.03654422247494621,True
2025-12-14,Ligue 1,Lens,Nice,home,0.0032441236354840974,0.0032441236354840974,-0.013433831771176297,-0.013433831771176297,False
2025-12-14,Bundesliga,Bayern Munich,Mainz,home,0.0022280581299815028,0.0022280581299815028,0.014696139530306462,0.014696139530306462,True
2025-12-14,Premier League,West Ham,Aston Villa,draw,0.0030539309199434927,0.0030539309199434927,0.008943529353387103,0.008943529353387103,True
2025-12-14,Serie A,Milan,Sassuolo,draw,0.0005288479116788147,0.0005288479116788147,0.015568745133877904,0.015568745133877904,True
2025-12-14,Serie A,Genoa,Inter,home,-0.0014580428405734092,0.0014580428405734092,-0.0264354193927461,0.0264354193927461,True
2025-12-14,Serie A,Fiorentina,Verona,draw,0.0031754730055301716,0.0031754730055301716,0.021612319801727786,0.021612319801727786,True
2025-12-14,La Liga,Celta,Ath Bilbao,away,-0.004738201264872399,0.004738201264872399,0.025184043134557466,-0.025184043134557466,False
2025-12-15,Premier League,Man United,Bournemouth,away,-0.0036628934421688852,0.0036628934421688852,-0.013419313507901987,0.013419313507901987,True
2025-12-15,La Liga,Vallecano,Betis,draw,0.0036036058262308712,0.0036036058262308712,0.02064419939130807,0.02064419939130807,True
2025-12-15,Serie A,Roma,Como,draw,0.003949470085008289,0.003949470085008289,0.011582363734596701,0.011582363734596701,True
2025-12-19,La Liga,Valencia,Mallorca,draw,0.00386967608249128,0.00386967608249128,0.0027080933382802597,0.0027080933382802597,True
2025-12-19,Bundesliga,Dortmund,M'gladbach,draw,0.000523006904053519,0.000523006904053519,-0.007326440744763296,-0.007326440744763296,False
2025-12-20,Premier League,Everton,Arsenal,home,-0.0018645287443473102,0.0018645287443473102,-0.0054642777584791025,0.0054642777584791025,True
2025-12-20,Premier League,Bournemouth,Burnley,away,-0.0013019550649205902,0.0013019550649205902,0.003490931358221594,-0.003490931358221594,False
2025-12-20,Premier League,Brighton,Sunderland,draw,0.0014771026466132986,0.0014771026466132986,0.019368243254648004,0.019368243254648004,True
2025-12-20,Premier League,Leeds,Crystal Palace,away,-0.005414489615899909,0.005414489615899909,0.012420119168847832,-0.012420119168847832,False
2025-12-20,La Liga,Levante,Sociedad,draw,0.0030910422755572875,0.0030910422755572875,0.013266272321814265,0.013266272321814265,True
2025-12-20,Premier League,Man City,West Ham,home,0.0014260558867080775,0.0014260558867080775,0.0018377731486849402,0.0018377731486849402,True
2025-12-20,La Liga,Oviedo,Celta,draw,0.0035649417987940746,0.0035649417987940746,0.00755803681831918,0.00755803681831918,True
2025-12-20,Premier League,Tottenham,Liverpool,draw,0.002154990464677431,0.002154990464677431,0.010002590241248999,0.010002590241248999,True
2025-12-20,Serie A,Lazio,Cremonese,draw,0.0018333561200762905,0.0018333561200762905,-0.009350181361890225,-0.009350181361890225,False
2025-12-20,Premier League,Wolves,Brentford,draw,0.003190153354692693,0.003190153354692693,0.008757988455348475,0.008757988455348475,True
2025-12-20,Bundesliga,FC Koln,Union Berlin,draw,0.0036750841097162867,0.0036750841097162867,0.008993746899379818,0.008993746899379818,True
2025-12-20,La Liga,Osasuna,Alaves,draw,0.004840183941138776,0.004840183941138776,0.012314780543064563,0.012314780543064563,True
2025-12-20,Premier League,Newcastle,Chelsea,draw,0.003070909715842285,0.003070909715842285,-0.0016777211674489645,-0.0016777211674489645,False
2025-12-20,Bundesliga,Hamburg,Ein Frankfurt,away,-0.0053973180497562945,0.0053973180497562945,-0.03532869097674951,0.03532869097674951,True
2025-12-20,Serie A,Juventus,Roma,draw,0.0038302294827091687,0.0038302294827091687,0.012240172268608296,0.012240172268608296,True
2025-12-20,Bundesliga,Augsburg,Werder Bremen,away,-0.004448662365286515,0.004448662365286515,-0.011007630977445892,0.011007630977445892,True
2025-12-20,Bundesliga,RB Leipzig,Leverkusen,away,-0.0024880713904213425,0.0024880713904213425,0.0006290713160140848,-0.0006290713160140848,False
2025-12-20,Bundesliga,Stuttgart,Hoffenheim,home,-0.0022698470517475977,0.0022698470517475977,0.011604681910095171,-0.011604681910095171,False
2025-12-20,La Liga,Real Madrid,Sevilla,draw,-0.0009665488553455004,0.0009665488553455004,-0.006884697708054194,0.006884697708054194,True
2025-12-20,Bundesliga,Wolfsburg,Freiburg,away,-0.004093320621180785,0.004093320621180785,-0.014860077408418992,0.014860077408418992,True
2025-12-21,Premier League,Aston Villa,Man United,draw,0.0027489353350413914,0.0027489353350413914,-0.0010504676859456885,-0.0010504676859456885,False
2025-12-21,Bundesliga,Heidenheim,Bayern Munich,away,0.005148411472321701,0.005148411472321701,-0.017840285082188934,-0.017840285082188934,False
2025-12-21,La Liga,Betis,Getafe,draw,0.002694061587447727,0.002694061587447727,0.011658436526132299,0.011658436526132299,True
2025-12-21,Serie A,Sassuolo,Torino,away,-0.005128367383550769,0.005128367383550769,-0.004233988436482483,0.004233988436482483,True
2025-12-21,La Liga,Elche,Vallecano,draw,0.0048499716916999835,0.0048499716916999835,0.012942065691591564,0.012942065691591564,True
2025-12-21,La Liga,Villarreal,Barcelona,home,-0.0015656270972272956,0.0015656270972272956,-0.036835722268390825,0.036835722268390825,True
2025-12-21,La Liga,Girona,Ath Madrid,draw,0.0011545310003538145,0.0011545310003538145,0.0163741145792978,0.0163741145792978,True
2025-12-21,Serie A,Genoa,Atalanta,draw,0.0033130749417457084,0.0033130749417457084,0.014763322030715731,0.014763322030715731,True
2025-12-21,Serie A,Cagliari,Pisa,draw,0.004171755513030451,0.004171755513030451,0.0005071248029148712,0.0005071248029148712,True
2025-12-21,Bundesliga,Mainz,St Pauli,draw,0.003322613340221381,0.003322613340221381,0.0041458038438879075,0.0041458038438879075,True
2025-12-21,Serie A,Fiorentina,Udinese,draw,0.0037451702225786976,0.0037451702225786976,0.006233081937178919,0.006233081937178919,True
2025-12-22,Premier League,Fulham,Nott'm Forest,draw,0.0038772939682170104,0.0038772939682170104,-0.004060359635202404,-0.004060359635202404,False
2025-12-22,La Liga,Ath Bilbao,Espanol,draw,0.0029379357801981865,0.0029379357801981865,0.014000468285446488,0.014000468285446488,True
2025-12-26,Premier League,Man United,Newcastle,draw,0.002759330694440676,0.002759330694440676,-0.0035631859940012944,-0.0035631859940012944,False
2025-12-27,Serie A,Parma,Fiorentina,draw,0.0045624402636991745,0.0045624402636991745,-0.012469094007677206,-0.012469094007677206,False
2025-12-27,Premier League,West Ham,Fulham,draw,0.003477268218718188,0.003477268218718188,0.00554770403285032,0.00554770403285032,True
2025-12-27,Serie A,Torino,Cagliari,draw,0.003725949948628682,0.003725949948628682,-0.0027194112565736006,-0.0027194112565736006,False
2025-12-27,Serie A,Lecce,Como,draw,0.0028539373855359096,0.0028539373855359096,0.004959698482642105,0.004959698482642105,True
2025-12-27,Premier League,Arsenal,Brighton,home,0.0008699198555742749,0.0008699198555742749,0.047844960140297266,0.047844960140297266,True
2025-12-27,Serie A,Pisa,Juventus,away,0.0013778133124269232,0.0013778133124269232,0.0016315954569158242,0.0016315954569158242,True
2025-12-27,Premier League,Burnley,Everton,draw,0.0034871832431493943,0.0034871832431493943,0.022237516319879413,0.022237516319879413,True
2025-12-27,Premier League,Liverpool,Wolves,home,0.0014054000676833045,0.0014054000676833045,0.0019802852583817865,0.0019802852583817865,True
2025-12-27,Premier League,Chelsea,Aston Villa,away,-0.003930587405830799,0.003930587405830799,-0.01422976862271022,0.01422976862271022,True
2025-12-27,Premier League,Nott'm Forest,Man City,home,-0.0013329472160835965,0.0013329472160835965,0.0017162830598524137,-0.0017162830598524137,False
2025-12-27,Serie A,Udinese,Lazio,draw,0.004680067758486173,0.004680067758486173,0.020905911823773715,0.020905911823773715,True
2025-12-27,Premier League,Brentford,Bournemouth,draw,0.002803994871088289,0.002803994871088289,0.0087471649094088,0.0087471649094088,True
2025-12-28,Serie A,Atalanta,Inter,draw,0.002759738082359575,0.002759738082359575,0.0055758486214452785,0.0055758486214452785,True
2025-12-28,Premier League,Sunderland,Leeds,draw,0.0042266894651759035,0.0042266894651759035,0.009744646640429233,0.009744646640429233,True
2025-12-28,Serie A,Bologna,Sassuolo,draw,0.0025235343235552876,0.0025235343235552876,0.02610130609178979,0.02610130609178979,True
2025-12-28,Serie A,Cremonese,Napoli,draw,0.0012943373711523098,0.0012943373711523098,0.005998644294025329,0.005998644294025329,True
2025-12-28,Serie A,Milan,Verona,home,-0.0007503033141839088,0.0007503033141839088,0.001852449766249542,-0.001852449766249542,False
2025-12-28,Premier League,Crystal Palace,Tottenham,draw,0.003673855730490505,0.003673855730490505,-0.003302874813874701,-0.003302874813874701,False
2025-12-29,Serie A,Roma,Genoa,draw,0.0020731831384830923,0.0020731831384830923,-0.0038510714068005214,-0.0038510714068005214,False
2025-12-30,Premier League,West Ham,Brighton,draw,0.002446182920899098,0.002446182920899098,0.005746336272531405,0.005746336272531405,True
2025-12-30,Premier League,Nott'm Forest,Everton,draw,0.00411398159119486,0.00411398159119486,-0.014748151794240938,-0.014748151794240938,False
2025-12-30,Premier League,Man United,Wolves,home,0.0014423767340910887,0.0014423767340910887,-0.005398683584003083,-0.005398683584003083,False
2025-12-30,Premier League,Burnley,Newcastle,draw,0.0009046949060080023,0.0009046949060080023,-0.0016079018887349972,-0.0016079018887349972,False
2025-12-30,Premier League,Arsenal,Aston Villa,home,0.0025340995012156364,0.0025340995012156364,0.027596259266697065,0.027596259266697065,True
2025-12-30,Premier League,Chelsea,Bournemouth,away,-0.0015542186914160039,0.0015542186914160039,0.016986933751024003,-0.016986933751024003,False
2026-01-01,Premier League,Brentford,Tottenham,draw,0.0028117321069462964,0.0028117321069462964,0.008360031279245117,0.008360031279245117,True
2026-01-01,Premier League,Sunderland,Man City,away,0.0024566812217815537,0.0024566812217815537,-0.014641421840342672,-0.014641421840342672,False
2026-01-01,Premier League,Crystal Palace,Fulham,draw,0.0037344151640426038,0.0037344151640426038,0.005717880044972312,0.005717880044972312,True
2026-01-01,Premier League,Liverpool,Leeds,home,-0.0010486244612757378,0.0010486244612757378,0.023636670725546316,-0.023636670725546316,False
2026-01-02,La Liga,Vallecano,Getafe,draw,0.005127013244902723,0.005127013244902723,0.004459875180524597,0.004459875180524597,True
2026-01-02,Ligue 1,Toulouse,Lens,away,-0.004623956590372513,0.004623956590372513,-0.013480145888651596,0.013480145888651596,True
2026-01-02,Serie A,Cagliari,Milan,home,-0.001118336612525389,0.001118336612525389,-0.0011856440768457932,0.0011856440768457932,True
2026-01-03,Premier League,Bournemouth,Arsenal,away,0.0017440722286296007,0.0017440722286296007,-0.011759509969773374,-0.011759509969773374,False
2026-01-03,Premier League,Wolves,West Ham,away,-0.0037312874656583173,0.0037312874656583173,0.020491571223758165,-0.020491571223758165,False
2026-01-03,La Liga,Elche,Villarreal,away,-0.005797016054584658,0.005797016054584658,-0.012409500335058388,0.012409500335058388,True
2026-01-03,Ligue 1,Monaco,Lyon,draw,0.00247789464189474,0.00247789464189474,0.006146699937980893,0.006146699937980893,True
2026-01-03,La Liga,Celta,Valencia,draw,0.0033255726408383812,0.0033255726408383812,0.006291421172832989,0.006291421172832989,True
2026-01-03,Serie A,Como,Udinese,away,-0.0025811989543289005,0.0025811989543289005,0.006877095214586487,-0.006877095214586487,False
2026-01-03,Premier League,Brighton,Burnley,draw,0.0007260642626138181,0.0007260642626138181,-0.007896742134736595,-0.007896742134736595,False
2026-01-03,Serie A,Juventus,Lecce,home,0.0015024316541558669,0.0015024316541558669,0.015248034074430983,0.015248034074430983,True
2026-01-03,Premier League,Aston Villa,Nott'm Forest,draw,0.002469222798818005,0.002469222798818005,0.01677510539151661,0.01677510539151661,True
2026-01-03,Serie A,Atalanta,Roma,draw,0.004160601153919197,0.004160601153919197,0.016463815450278085,0.016463815450278085,True
2026-01-03,Serie A,Genoa,Pisa,draw,0.003911416577509208,0.003911416577509208,0.007958267642216688,0.007958267642216688,True
2026-01-03,Serie A,Sassuolo,Parma,draw,0.0030666834867222326,0.0030666834867222326,0.009698120686649603,0.009698120686649603,True
2026-01-03,Ligue 1,Lille,Rennes,draw,0.0022626172872081685,0.0022626172872081685,-0.01425497705612172,-0.01425497705612172,False
2026-01-03,Ligue 1,Nice,Strasbourg,home,-0.003625007423954163,0.003625007423954163,-0.049912744207732285,0.049912744207732285,True
2026-01-03,La Liga,Espanol,Barcelona,away,0.0012932619545765744,0.0012932619545765744,0.011287568503839274,0.011287568503839274,True
2026-01-03,La Liga,Osasuna,Ath Bilbao,draw,0.005395282568961102,0.005395282568961102,-0.000567976110190993,-0.000567976110190993,False
2026-01-04,Premier League,Man City,Chelsea,away,-0.0023457962891497985,0.0023457962891497985,-0.04194522297743819,0.04194522297743819,True
2026-01-04,Ligue 1,Marseille,Nantes,home,0.0027406526063791237,0.0027406526063791237,-0.014214937349947387,-0.014214937349947387,False
2026-01-04,Serie A,Inter,Bologna,home,0.001601635580521843,0.001601635580521843,-0.0018973508355273339,-0.0018973508355273339,False
2026-01-04,La Liga,Real Madrid,Betis,away,-0.0006235762731957861,0.0006235762731957861,-0.0005017965712207084,0.0005017965712207084,True
2026-01-04,La Liga,Alaves,Oviedo,draw,0.004125221106070498,0.004125221106070498,0.02257782885143511,0.02257782885143511,True
2026-01-04,Ligue 1,Brest,Auxerre,draw,0.0035396219613948454,0.0035396219613948454,0.0043508722409960066,0.0043508722409960066,True
2026-01-04,Ligue 1,Paris SG,Paris FC,home,0.0019344975387745045,0.0019344975387745045,0.037957872188756236,0.037957872188756236,True
2026-01-04,La Liga,Sociedad,Ath Madrid,draw,0.002934629818093226,0.002934629818093226,-0.00881711283635539,-0.00881711283635539,False
2026-01-04,Serie A,Lazio,Napoli,draw,0.00491949190621821,0.00491949190621821,0.0037773541592205917,0.0037773541592205917,True
2026-01-04,Serie A,Fiorentina,Cremonese,draw,0.0023623764589149054,0.0023623764589149054,-0.009555235306776877,-0.009555235306776877,False
2026-01-04,Ligue 1,Le Havre,Angers,draw,0.003678671188933169,0.003678671188933169,0.0062633266730666715,0.0062633266730666715,True
2026-01-04,La Liga,Mallorca,Girona,away,-0.004847756209537979,0.004847756209537979,-0.0024974469862319992,0.0024974469862319992,True
2026-01-04,La Liga,Sevilla,Levante,away,-0.003106982253240298,0.003106982253240298,-0.00491454809466621,0.00491454809466621,True
2026-01-04,Premier League,Everton,Brentford,draw,0.004103004940799904,0.004103004940799904,0.004110873061012821,0.004110873061012821,True
2026-01-04,Premier League,Leeds,Man United,away,-0.00428940662146593,0.00428940662146593,-0.004628869859905627,0.004628869859905627,True
2026-01-04,Premier League,Newcastle,Crystal Palace,away,-0.0036613912836712947,0.0036613912836712947,0.00045302505532451853,-0.00045302505532451853,False
2026-01-04,Premier League,Fulham,Liverpool,draw,0.0021656455993036006,0.0021656455993036006,0.0062916227647693,0.0062916227647693,True
2026-01-04,Serie A,Verona,Torino,draw,0.005070328051909767,0.005070328051909767,0.01734187756950467,0.01734187756950467,True
2026-01-04,Premier League,Tottenham,Sunderland,away,-0.002365440401282004,0.002365440401282004,0.023578311758305992,-0.023578311758305992,False
2026-01-04,Ligue 1,Lorient,Metz,away,-0.003229819979256504,0.003229819979256504,0.010133040341527816,-0.010133040341527816,False
2026-01-06,Serie A,Lecce,Roma,draw,0.0026211069138580845,0.0026211069138580845,0.0013082189245330889,0.0013082189245330889,True
2026-01-06,Serie A,Pisa,Como,draw,0.0024517851155532733,0.0024517851155532733,-0.000919913765604019,-0.000919913765604019,False
2026-01-06,Premier League,West Ham,Nott'm Forest,draw,0.0034948372376061854,0.0034948372376061854,-0.00454914691781011,-0.00454914691781011,False
2026-01-06,Serie A,Sassuolo,Juventus,draw,0.0017833414457416041,0.0017833414457416041,0.0040159887247144255,0.0040159887247144255,True
2026-01-07,Serie A,Lazio,Fiorentina,draw,0.004492300654059311,0.004492300654059311,0.007778744393259207,0.007778744393259207,True
2026-01-07,Serie A,Torino,Udinese,draw,0.004611668757251219,0.004611668757251219,-0.00020291617571138731,-0.00020291617571138731,False
2026-01-07,Premier League,Bournemouth,Tottenham,draw,0.002663931271784492,0.002663931271784492,0.00787433859363701,0.00787433859363701,True
2026-01-07,Premier League,Crystal Palace,Aston Villa,draw,0.0036960130548098213,0.0036960130548098213,0.002616075329019807,0.002616075329019807,True
2026-01-07,Serie A,Bologna,Atalanta,draw,0.00346493116103358,0.00346493116103358,0.006517944341731363,0.006517944341731363,True
2026-01-07,Premier League,Fulham,Chelsea,draw,0.0026040079279062156,0.0026040079279062156,0.0027436204974498057,0.0027436204974498057,True
2026-01-07,Premier League,Newcastle,Leeds,draw,0.0017156963414967086,0.0017156963414967086,-0.003976192982368204,-0.003976192982368204,False
2026-01-07,Premier League,Brentford,Sunderland,draw,0.00249266381075941,0.00249266381075941,0.028886536776942306,0.028886536776942306,True
2026-01-07,Premier League,Burnley,Man United,draw,0.0013707455787808909,0.0013707455787808909,0.011979190639113707,0.011979190639113707,True
2026-01-07,Serie A,Napoli,Verona,home,0.0010242266038555936,0.0010242266038555936,0.018202299939887423,0.018202299939887423,True
2026-01-07,Premier League,Man City,Brighton,home,0.0019334922708247326,0.0019334922708247326,-0.05805119492839128,-0.05805119492839128,False
2026-01-07,Serie A,Parma,Inter,away,0.002387421723433869,0.002387421723433869,0.023243527028321664,0.023243527028321664,True
2026-01-07,Premier League,Everton,Wolves,draw,0.0027736297462060966,0.0027736297462060966,0.007413956603010197,0.007413956603010197,True
2026-01-08,Premier League,Arsenal,Liverpool,away,-0.0012177719625469097,0.0012177719625469097,-0.012028119562434492,0.012028119562434492,True
2026-01-08,Serie A,Cremonese,Cagliari,draw,0.004223511945064096,0.004223511945064096,0.028849783633845494,0.028849783633845494,True
2026-01-08,Serie A,Milan,Genoa,away,-0.0006050108113968972,0.0006050108113968972,0.0023062275304326085,-0.0023062275304326085,False
2026-01-09,La Liga,Getafe,Sociedad,draw,0.005903819634389906,0.005903819634389906,-0.006275718872656488,-0.006275718872656488,False
2026-01-09,Bundesliga,Ein Frankfurt,Dortmund,home,-0.003407461137760248,0.003407461137760248,0.013111366525514978,-0.013111366525514978,False
2026-01-10,Serie A,Como,Bologna,away,-0.003551997221225206,0.003551997221225206,-0.004173384506743899,0.004173384506743899,True
2026-01-10,Bundesliga,Freiburg,Hamburg,draw,0.002205482739824405,0.002205482739824405,0.0023784319205077953,0.0023784319205077953,True
2026-01-10,Bundesliga,Union Berlin,Mainz,draw,0.00398529145786819,0.00398529145786819,0.0018959992551886296,0.0018959992551886296,True
2026-01-10,Serie A,Udinese,Pisa,draw,0.0033385803594478958,0.0033385803594478958,0.004796720339307781,0.004796720339307781,True
2026-01-10,Serie A,Atalanta,Torino,draw,0.001496283202724713,0.001496283202724713,0.009272524829127021,0.009272524829127021,True
2026-01-10,Bundesliga,Leverkusen,Stuttgart,away,-0.0018310768825451906,0.0018310768825451906,0.03439199914422081,-0.03439199914422081,False
2026-01-10,La Liga,Girona,Osasuna,draw,0.00421409956487212,0.00421409956487212,0.0104842255272653,0.0104842255272653,True
2026-01-10,La Liga,Valencia,Elche,draw,0.00419382772891691,0.00419382772891691,-0.0012514559677389014,-0.0012514559677389014,False
2026-01-10,Serie A,Roma,Sassuolo,away,-0.0013240495999713997,0.0013240495999713997,0.022109883633768618,-0.022109883633768618,False
2026-01-10,La Liga,Oviedo,Betis,draw,0.003129746661849009,0.003129746661849009,0.0045084876046617706,0.0045084876046617706,True
2026-01-10,La Liga,Villarreal,Alaves,away,-0.0006103739280685916,0.0006103739280685916,-0.005558338651544897,0.005558338651544897,True
2026-01-10,Bundesliga,Heidenheim,FC Koln,draw,0.0029218797818298947,0.0029218797818298947,0.006932886825716134,0.006932886825716134,True
2026-01-11,Serie A,Fiorentina,Milan,away,-0.0034993947317840113,0.0034993947317840113,-0.04157376164272991,0.04157376164272991,True
2026-01-11,Serie A,Verona,Lazio,draw,0.005162639051251916,0.005162639051251916,0.01643894898684567,0.01643894898684567,True
2026-01-11,Bundesliga,M'gladbach,Augsburg,away,-0.0023629463741241807,0.0023629463741241807,0.005575389647417717,-0.005575389647417717,False
2026-01-11,Bundesliga,Bayern Munich,Wolfsburg,home,0.0022583050455079468,0.0022583050455079468,-0.012740485141364055,-0.012740485141364055,False
2026-01-11,La Liga,Vallecano,Mallorca,draw,0.003822301757974822,0.003822301757974822,0.007076813796234316,0.007076813796234316,True
2026-01-11,Serie A,Lecce,Parma,draw,0.005227470727282801,0.005227470727282801,0.008694085829747733,0.008694085829747733,True
2026-01-11,La Liga,Levante,Espanol,away,-0.004310147346525572,0.004310147346525572,0.0003313452264370187,-0.0003313452264370187,False
2026-01-11,Serie A,Inter,Napoli,away,-0.0023803972460421097,0.0023803972460421097,-0.013800029449887313,0.013800029449887313,True
2026-01-12,Serie A,Genoa,Cagliari,draw,0.004740916037312526,0.004740916037312526,0.007013430113561703,0.007013430113561703,True
2026-01-12,La Liga,Sevilla,Celta,draw,0.003927707493085519,0.003927707493085519,0.02320212332497723,0.02320212332497723,True
2026-01-12,Serie A,Juventus,Cremonese,home,0.001100776444600049,0.001100776444600049,-0.0006523740709273307,-0.0006523740709273307,False
2026-01-13,Bundesliga,Mainz,Heidenheim,away,-0.002453727422112195,0.002453727422112195,-0.002627747072150105,0.002627747072150105,True
2026-01-13,Bundesliga,Dortmund,Werder Bremen,home,0.0031214927543843363,0.0031214927543843363,-0.013259861711028331,-0.013259861711028331,False
2026-01-13,Bundesliga,Stuttgart,Ein Frankfurt,away,-0.004095552633387789,0.004095552633387789,-0.0162925668357978,0.0162925668357978,True
2026-01-14,Bundesliga,FC Koln,Bayern Munich,away,0.004768072548083646,0.004768072548083646,-0.004348526212825665,-0.004348526212825665,False
2026-01-14,Serie A,Napoli,Parma,home,0.0005433000165894208,0.0005433000165894208,0.011646147271104246,0.011646147271104246,True
2026-01-14,Bundesliga,Hoffenheim,M'gladbach,away,-0.002008780363500995,0.002008780363500995,0.016290208166206882,-0.016290208166206882,False
2026-01-14,Bundesliga,RB Leipzig,Freiburg,draw,0.0016614936282861037,0.0016614936282861037,0.0035105399226839085,0.0035105399226839085,True
2026-01-14,Bundesliga,Wolfsburg,St Pauli,draw,0.002662831151295675,0.002662831151295675,0.008793583856413767,0.008793583856413767,True
2026-01-14,Serie A,Inter,Lecce,draw,-0.0014158052229715917,0.0014158052229715917,0.0108614717909917,-0.0108614717909917,False
2026-01-15,Serie A,Como,Milan,away,-0.004271957910925439,0.004271957910925439,0.01678272626088967,-0.01678272626088967,False
2026-01-15,Serie A,Verona,Bologna,draw,0.003999494453668817,0.003999494453668817,0.015401803368768618,0.015401803368768618,True
2026-01-15,Bundesliga,Augsburg,Union Berlin,draw,0.004469387545544601,0.004469387545544601,0.0009859946670439101,0.0009859946670439101,True
2026-01-16,Bundesliga,Werder Bremen,Ein Frankfurt,away,-0.003657893282392799,0.003657893282392799,-0.013799411981875509,0.013799411981875509,True
2026-01-16,La Liga,Espanol,Girona,away,-0.0034278551794348078,0.0034278551794348078,-0.0070437862381591,0.0070437862381591,True
2026-01-16,Serie A,Pisa,Atalanta,away,0.002474910150646381,0.002474910150646381,0.006399879171278933,0.006399879171278933,True
2026-01-16,Ligue 1,Monaco,Lorient,home,-0.0016509440811132148,0.0016509440811132148,0.01035654724582491,-0.01035654724582491,False
2026-01-16,Ligue 1,Paris SG,Lille,home,0.00343980919375364,0.00343980919375364,0.025060788802390155,0.025060788802390155,True
2026-01-17,Bundesliga,Hoffenheim,Leverkusen,away,-0.0062361802059981986,0.0062361802059981986,-0.014299061284701209,0.014299061284701209,True
2026-01-17,Premier League,Tottenham,West Ham,away,-0.003268282803282313,0.003268282803282313,0.02520670666285149,-0.02520670666285149,False
2026-01-17,Premier League,Liverpool,Burnley,draw,-0.0010203965964711015,0.0010203965964711015,0.0008294116724185951,-0.0008294116724185951,False
2026-01-17,Bundesliga,Wolfsburg,Heidenheim,draw,0.0016656704238232067,0.0016656704238232067,0.0006092331156075104,0.0006092331156075104,True
2026-01-17,La Liga,Mallorca,Ath Bilbao,away,-0.005198594270904688,0.005198594270904688,0.008435473806141125,-0.008435473806141125,False
2026-01-17,Premier League,Chelsea,Brentford,draw,0.0016881756316313168,0.0016881756316313168,0.011415686332761299,0.011415686332761299,True
2026-01-17,Premier League,Man United,Man City,draw,0.0019382997965761983,0.0019382997965761983,0.016040115958365686,0.016040115958365686,True
2026-01-17,Bundesliga,FC Koln,Mainz,draw,0.002853008211797292,0.002853008211797292,0.005336395063101407,0.005336395063101407,True
2026-01-17,Bundesliga,Dortmund,St Pauli,home,0.0007847541576350148,0.0007847541576350148,0.011224534009544596,0.011224534009544596,True
2026-01-17,Ligue 1,Angers,Marseille,home,-0.0012397257679112872,0.0012397257679112872,-0.0031081750878294012,0.0031081750878294012,True
2026-01-17,Ligue 1,Lens,Auxerre,away,-0.0004272957822449852,0.0004272957822449852,0.009839652560525103,-0.009839652560525103,False
2026-01-17,La Liga,Real Madrid,Levante,draw,-0.001251095985995404,0.001251095985995404,-0.006292333114657905,0.006292333114657905,True
2026-01-17,Serie A,Cagliari,Juventus,away,0.002916718750012426,0.002916718750012426,-0.0018119526164918076,-0.0018119526164918076,False
2026-01-17,Ligue 1,Toulouse,Nice,away,-0.004601313378464811,0.004601313378464811,0.0013848773730573138,-0.0013848773730573138,False
2026-01-17,Bundesliga,Hamburg,M'gladbach,away,-0.0034892127935542416,0.0034892127935542416,-0.0013038548244861392,0.0013038548244861392,True
2026-01-17,La Liga,Osasuna,Oviedo,away,-0.003100036340676099,0.003100036340676099,-0.007746839056280902,0.007746839056280902,True
2026-01-17,Premier League,Sunderland,Crystal Palace,away,-0.004876619705374119,0.004876619705374119,-0.0459014161391843,0.0459014161391843,True
2026-01-17,Premier League,Leeds,Fulham,away,-0.004606147870752475,0.004606147870752475,0.027668666233015504,-0.027668666233015504,False
2026-01-17,Bundesliga,RB Leipzig,Bayern Munich,away,0.0037727485369293268,0.0037727485369293268,-0.054828952893857585,-0.054828952893857585,False
2026-01-17,La Liga,Betis,Villarreal,draw,0.003083284618764115,0.003083284618764115,0.0045658265397005016,0.0045658265397005016,True
2026-01-17,Premier League,Nott'm Forest,Arsenal,home,-0.0013605564757273036,0.0013605564757273036,0.007951399747417709,-0.007951399747417709,False
2026-01-17,Serie A,Udinese,Inter,away,0.0025147225426532804,0.0025147225426532804,-0.01910090375633766,-0.01910090375633766,False
2026-01-17,Serie A,Napoli,Sassuolo,away,-0.0010981981983186062,0.0010981981983186062,-0.0074020909468185125,0.0074020909468185125,True
2026-01-18,La Liga,Celta,Vallecano,away,-0.004044423125057983,0.004044423125057983,-0.0280812654568324,0.0280812654568324,True
2026-01-18,La Liga,Getafe,Valencia,draw,0.0062475618495903,0.0062475618495903,0.006355571797603099,0.006355571797603099,True
2026-01-18,Bundesliga,Stuttgart,Union Berlin,draw,0.0015530958551934204,0.0015530958551934204,-0.011158743692162187,-0.011158743692162187,False
2026-01-18,Ligue 1,Nantes,Paris FC,draw,0.0038926478320850944,0.0038926478320850944,0.00606934632448719,0.00606934632448719,True
2026-01-18,Serie A,Torino,Roma,draw,0.004171243163644589,0.004171243163644589,-0.0063856505117786955,-0.0063856505117786955,False
2026-01-18,Premier League,Wolves,Newcastle,draw,0.0016082193767139041,0.0016082193767139041,0.0004527676599365149,0.0004527676599365149,True
2026-01-18,La Liga,Sociedad,Barcelona,draw,0.0003564123067681946,0.0003564123067681946,0.007661410837953991,0.007661410837953991,True
2026-01-18,Ligue 1,Lyon,Brest,away,-0.002963496440282598,0.002963496440282598,-0.004509933817494399,0.004509933817494399,True
2026-01-18,Ligue 1,Strasbourg,Metz,away,-0.0015906102282624845,0.0015906102282624845,-0.03341852471844228,0.03341852471844228,True
2026-01-18,Serie A,Milan,Lecce,home,0.0012833997734204017,0.0012833997734204017,-0.004275713155481142,-0.004275713155481142,False
2026-01-18,Premier League,Aston Villa,Everton,draw,0.0019448297696657013,0.0019448297696657013,-0.0031661967516426748,-0.0031661967516426748,False
2026-01-18,Bundesliga,Augsburg,Freiburg,away,-0.004239334087746738,0.004239334087746738,-0.041718525929544725,0.041718525929544725,True
2026-01-18,Serie A,Parma,Genoa,draw,0.006497559531683406,0.006497559531683406,0.002387368529907119,0.002387368529907119,True
2026-01-18,La Liga,Ath Madrid,Alaves,home,0.0008257654531658165,0.0008257654531658165,-0.024268472888959614,-0.024268472888959614,False
2026-01-18,Serie A,Bologna,Fiorentina,draw,0.003666932116024313,0.003666932116024313,0.002180992421275396,0.002180992421275396,True
2026-01-18,Ligue 1,Rennes,Le Havre,draw,0.0017005609836406033,0.0017005609836406033,-0.016857665540570693,-0.016857665540570693,False
2026-01-19,Serie A,Cremonese,Verona,draw,0.005056073119942828,0.005056073119942828,-0.0012845429887916038,-0.0012845429887916038,False
2026-01-19,Serie A,Lazio,Como,draw,0.005295884402680584,0.005295884402680584,0.010968920256176518,0.010968920256176518,True
2026-01-19,Premier League,Brighton,Bournemouth,away,-0.0034297818067406116,0.0034297818067406116,0.015790628046792987,-0.015790628046792987,False
2026-01-19,La Liga,Elche,Sevilla,draw,0.0035657381636660657,0.0035657381636660657,0.026324421632834105,0.026324421632834105,True
2026-01-23,Serie A,Inter,Pisa,draw,-0.0013775515664476157,0.0013775515664476157,0.02832348124732359,-0.02832348124732359,False
2026-01-23,Bundesliga,St Pauli,Hamburg,draw,0.005596453850644334,0.005596453850644334,-0.0018106490967667588,-0.0018106490967667588,False
2026-01-23,La Liga,Levante,Elche,draw,0.0038957764675348616,0.0038957764675348616,-0.006378133457887125,-0.006378133457887125,False
2026-01-23,Ligue 1,Auxerre,Paris SG,away,0.003016138166278548,0.003016138166278548,-0.03520197029693528,-0.03520197029693528,False
2026-01-24,Ligue 1,Le Havre,Monaco,away,-0.0026929734991371634,0.0026929734991371634,0.05806068612557391,-0.05806068612557391,False
2026-01-24,Serie A,Como,Torino,away,-0.0020619198498761093,0.0020619198498761093,-0.02427086684677962,0.02427086684677962,True
2026-01-24,Bundesliga,Mainz,Wolfsburg,away,-0.005311370488162381,0.005311370488162381,-0.014275347694730267,0.014275347694730267,True
2026-01-24,Ligue 1,Marseille,Lens,away,-0.0025025514578254082,0.0025025514578254082,0.019325004716955196,-0.019325004716955196,False
2026-01-24,Ligue 1,Rennes,Lorient,draw,0.002733076393067191,0.002733076393067191,-0.006950441771377103,-0.006950441771377103,False
2026-01-24,Premier League,Burnley,Tottenham,draw,0.003231860546483112,0.003231860546483112,0.005015883781454289,0.005015883781454289,True
2026-01-24,Bundesliga,Ein Frankfurt,Hoffenheim,home,-0.00269156043521529,0.00269156043521529,-0.02836484878747758,0.02836484878747758,True
2026-01-24,Bundesliga,Heidenheim,RB Leipzig,home,-0.0007627237086830219,0.0007627237086830219,0.020013662990092496,-0.020013662990092496,False
2026-01-24,Premier League,Bournemouth,Liverpool,home,-0.0016437480475086086,0.0016437480475086086,-0.028564634461376803,0.028564634461376803,True
2026-01-24,Bundesliga,Union Berlin,Dortmund,draw,0.0033838379777704763,0.0033838379777704763,0.013585701248653603,0.013585701248653603,True
2026-01-24,Serie A,Fiorentina,Cagliari,away,-0.0024410515557250767,0.0024410515557250767,0.02883224664047171,-0.02883224664047171,False
2026-01-24,La Liga,Villarreal,Real Madrid,home,-0.0018637109877943647,0.0018637109877943647,-0.030945077971882562,0.030945077971882562,True
2026-01-24,Premier League,Man City,Wolves,away,0.0010104389566720912,0.0010104389566720912,0.021394289433015093,0.021394289433015093,True
2026-01-24,Premier League,West Ham,Sunderland,draw,0.004054599440071693,0.004054599440071693,-0.00720369400813009,-0.00720369400813009,False
2026-01-24,La Liga,Valencia,Espanol,draw,0.00420242577495028,0.00420242577495028,0.005788951083520177,0.005788951083520177,True
2026-01-24,La Liga,Vallecano,Osasuna,draw,0.004484143835299659,0.004484143835299659,0.005267777116616856,0.005267777116616856,True
2026-01-24,Bundesliga,Bayern Munich,Augsburg,home,0.0023435684807155965,0.0023435684807155965,-0.021973036147539537,-0.021973036147539537,False
2026-01-24,Bundesliga,Leverkusen,Werder Bremen,away,-0.0016155246316768845,0.0016155246316768845,-0.013242837652827882,0.013242837652827882,True
2026-01-24,Serie A,Lecce,Lazio,away,-0.0052234412130727215,0.0052234412130727215,0.023373124324292116,-0.023373124324292116,False
2026-01-24,Premier League,Fulham,Brighton,draw,0.0033760155547353787,0.0033760155547353787,0.011500393394052288,0.011500393394052288,True
2026-01-24,La Liga,Sevilla,Ath Bilbao,draw,0.004863813707630726,0.004863813707630726,0.010165630383371649,0.010165630383371649,True
2026-01-25,Serie A,Genoa,Bologna,away,-0.005728697172559416,0.005728697172559416,0.025706439305389794,-0.025706439305389794,False
2026-01-25,Ligue 1,Nantes,Nice,away,-0.003542589222981285,0.003542589222981285,-0.03059491824560928,0.03059491824560928,True
2026-01-25,La Liga,Ath Madrid,Mallorca,home,0.0011831582846342226,0.0011831582846342226,-0.016367984978137406,-0.016367984978137406,False
2026-01-25,Ligue 1,Metz,Lyon,home,-0.0013189958410619873,0.0013189958410619873,-0.024802764369056485,0.024802764369056485,True
2026-01-25,La Liga,Alaves,Betis,draw,0.004876296099053323,0.004876296099053323,0.012921426495447808,0.012921426495447808,True
2026-01-25,Bundesliga,M'gladbach,Stuttgart,home,-0.0030372298327762115,0.0030372298327762115,0.0034256736675950528,-0.0034256736675950528,False
2026-01-25,Bundesliga,Freiburg,FC Koln,draw,0.002467618102536706,0.002467618102536706,0.0008592949559346197,0.0008592949559346197,True
2026-01-25,Ligue 1,Brest,Toulouse,draw,0.004721862073991112,0.004721862073991112,0.016434215387864826,0.016434215387864826,True
2026-01-25,Premier League,Newcastle,Aston Villa,away,-0.004382618783849046,0.004382618783849046,0.0244102011543606,-0.0244102011543606,False
2026-01-25,Premier League,Arsenal,Man United,draw,0.0011783147661237892,0.0011783147661237892,-0.012130328796404105,-0.012130328796404105,False
2026-01-25,Serie A,Roma,Milan,draw,0.00509107436550249,0.00509107436550249,0.006064115085728794,0.006064115085728794,True
2026-01-25,Premier League,Crystal Palace,Chelsea,draw,0.0022264442877680812,0.0022264442877680812,0.014029870929615218,0.014029870929615218,True
2026-01-25,La Liga,Sociedad,Celta,draw,0.003437000962377035,0.003437000962377035,0.010374989660024425,0.010374989660024425,True
2026-01-25,Serie A,Juventus,Napoli,away,-0.005031179105353001,0.005031179105353001,-0.03454624382127189,0.03454624382127189,True
2026-01-25,Serie A,Atalanta,Parma,away,-0.0008911288192582079,0.0008911288192582079,-0.020814178592981902,0.020814178592981902,True
2026-01-25,Ligue 1,Lille,Strasbourg,home,-0.0032400180319202,0.0032400180319202,-0.08569642947553824,0.08569642947553824,True
2026-01-25,Serie A,Sassuolo,Cremonese,away,-0.003580785728696523,0.003580785728696523,0.007581361077243276,-0.007581361077243276,False
2026-01-25,Premier League,Brentford,Nott'm Forest,away,-0.0033524506073162874,0.0033524506073162874,-0.018425056319026994,0.018425056319026994,True
2026-01-25,Ligue 1,Paris FC,Angers,away,-0.0033129234994722923,0.0033129234994722923,0.005039187413527602,-0.005039187413527602,False
2026-01-25,La Liga,Barcelona,Oviedo,draw,-0.001560684965908804,0.001560684965908804,0.006836622942037893,-0.006836622942037893,False
2026-01-26,La Liga,Girona,Getafe,draw,0.004799371354985538,0.004799371354985538,0.00845780344798841,0.00845780344798841,True
2026-01-26,Serie A,Verona,Udinese,draw,0.005052129649003589,0.005052129649003589,0.014840712379813603,0.014840712379813603,True
2026-01-26,Premier League,Everton,Leeds,draw,0.004225188048288586,0.004225188048288586,0.009455867093923098,0.009455867093923098,True
2026-01-27,Bundesliga,Werder Bremen,Hoffenheim,home,-0.003886488083857831,0.003886488083857831,-0.012051031883586139,0.012051031883586139,True
2026-01-27,Bundesliga,St Pauli,RB Leipzig,away,-0.004246724654112688,0.004246724654112688,0.01887820683786512,-0.01887820683786512,False
2026-01-30,Ligue 1,Lens,Le Havre,away,-5.0200532739103076e-05,5.0200532739103076e-05,0.003134177758856299,-0.003134177758856299,False
2026-01-30,Serie A,Lazio,Genoa,draw,0.005501298686647893,0.005501298686647893,0.00680230438104068,0.00680230438104068,True
2026-01-30,Bundesliga,FC Koln,Wolfsburg,away,-0.005681902074273826,0.005681902074273826,0.004098730385640514,-0.004098730385640514,False
2026-01-30,La Liga,Espanol,Alaves,draw,0.0042382717577351126,0.0042382717577351126,-0.00019018388045111134,-0.00019018388045111134,False
2026-01-31,Bundesliga,Werder Bremen,M'gladbach,away,-0.00318874195787594,0.00318874195787594,-0.04263063068584522,0.04263063068584522,True
2026-01-31,Bundesliga,Ein Frankfurt,Leverkusen,draw,0.0022470664301624255,0.0022470664301624255,0.005844648120280405,0.005844648120280405,True
2026-01-31,Ligue 1,Lorient,Nantes,away,-0.0037985479056441007,0.0037985479056441007,0.004316124036433416,-0.004316124036433416,False
2026-01-31,Ligue 1,Paris FC,Marseille,draw,0.0023379179621308976,0.0023379179621308976,-0.00703108227009519,-0.00703108227009519,False
2026-01-31,Premier League,Chelsea,West Ham,away,-0.0015292292065892943,0.0015292292065892943,0.029136442222226194,-0.029136442222226194,False
2026-01-31,Bundesliga,RB Leipzig,Mainz,draw,0.0006970712326475892,0.0006970712326475892,-0.002757058850502897,-0.002757058850502897,False
2026-01-31,La Liga,Levante,Ath Madrid,home,-0.000992985295090315,0.000992985295090315,0.01433178984937658,-0.01433178984937658,False
2026-01-31,La Liga,Osasuna,Villarreal,away,-0.006211518028234109,0.006211518028234109,-0.00464134998933341,0.00464134998933341,True
2026-01-31,Premier League,Leeds,Arsenal,home,-0.0008390349902352989,0.0008390349902352989,0.007241333230882413,-0.007241333230882413,False
2026-01-31,Ligue 1,Monaco,Rennes,away,-0.003858241872786883,0.003858241872786883,-0.014398664458791899,0.014398664458791899,True
2026-01-31,Bundesliga,Hamburg,Bayern Munich,away,0.004068110397821845,0.004068110397821845,-0.00375770915077156,-0.00375770915077156,False
2026-01-31,La Liga,Oviedo,Girona,draw,0.004753842096933081,0.004753842096933081,0.009145545662312182,0.009145545662312182,True
2026-01-31,Premier League,Brighton,Everton,away,-0.003129622622036199,0.003129622622036199,0.002959395116685304,-0.002959395116685304,False
2026-01-31,Serie A,Pisa,Sassuolo,draw,0.004656059370553911,0.004656059370553911,-0.0017709929766719923,-0.0017709929766719923,False
2026-01-31,Premier League,Wolves,Bournemouth,away,-0.004676172216162899,0.004676172216162899,-0.009506123234642005,0.009506123234642005,True
2026-01-31,Premier League,Liverpool,Newcastle,away,-0.0020535166495087853,0.0020535166495087853,-0.031219520620802105,0.031219520620802105,True
2026-01-31,Serie A,Cagliari,Verona,draw,0.0050768979387283975,0.0050768979387283975,0.0013653504151425744,0.0013653504151425744,True
2026-01-31,Bundesliga,Hoffenheim,Union Berlin,away,-0.0035306830123345845,0.0035306830123345845,0.0038174641051031966,-0.0038174641051031966,False
2026-01-31,Serie A,Napoli,Fiorentina,draw,0.002903209197216483,0.002903209197216483,0.01923965555910978,0.01923965555910978,True
2026-01-31,Bundesliga,Augsburg,St Pauli,draw,0.004055118393498813,0.004055118393498813,0.016294657257811318,0.016294657257811318,True
2026-01-31,La Liga,Elche,Barcelona,away,0.002552501903838822,0.002552501903838822,0.030471300781080624,0.030471300781080624,True
2026-02-01,La Liga,Ath Bilbao,Sociedad,draw,0.004240742523351271,0.004240742523351271,0.0028907345809819907,0.0028907345809819907,True
2026-02-01,La Liga,Real Madrid,Vallecano,home,0.003121558908922295,0.003121558908922295,-0.0053211588620949435,-0.0053211588620949435,False
2026-02-01,Bundesliga,Dortmund,Heidenheim,home,0.002325054772661539,0.002325054772661539,-0.016751577788227334,-0.016751577788227334,False
2026-02-01,La Liga,Getafe,Celta,draw,0.0059590585826923,0.0059590585826923,0.00781657802649538,0.00781657802649538,True
2026-02-01,Ligue 1,Nice,Brest,draw,0.003368624295888467,0.003368624295888467,0.002282408765251265,0.002282408765251265,True
2026-02-01,Serie A,Como,Atalanta,away,-0.004031509081830309,0.004031509081830309,-0.009328149721704093,0.009328149721704093,True
2026-02-01,Ligue 1,Lyon,Lille,away,-0.005067093728536004,0.005067093728536004,0.05399270165324491,-0.05399270165324491,False
2026-02-01,Ligue 1,Toulouse,Auxerre,away,-0.0025326512237147936,0.0025326512237147936,0.0014943561061689092,-0.0014943561061689092,False
2026-02-01,Premier League,Aston Villa,Brentford,draw,0.002962800541148003,0.002962800541148003,0.01297986459855599,0.01297986459855599,True
2026-02-01,Premier League,Tottenham,Man City,draw,0.0013474832040381024,0.0013474832040381024,0.0032642220502163144,0.0032642220502163144,True
2026-02-01,Ligue 1,Angers,Metz,away,-0.0034582148724988104,0.0034582148724988104,0.0003822358933500136,-0.0003822358933500136,False
2026-02-01,Serie A,Torino,Lecce,draw,0.004967499838374134,0.004967499838374134,0.018327885540232125,0.018327885540232125,True
2026-02-01,Ligue 1,Strasbourg,Paris SG,home,-0.0008367650078850986,0.0008367650078850986,0.00296601788308698,-0.00296601788308698,False
2026-02-01,La Liga,Betis,Valencia,draw,0.002563617085633685,0.002563617085633685,0.0008866949981199967,0.0008866949981199967,True
2026-02-01,Bundesliga,Stuttgart,Freiburg,away,-0.0037373047393026992,0.0037373047393026992,-0.011119066486643098,0.011119066486643098,True
2026-02-01,Premier League,Nott'm Forest,Crystal Palace,away,-0.0031042298875511853,0.0031042298875511853,0.00998524662039102,-0.00998524662039102,False
2026-02-01,Serie A,Cremonese,Inter,away,0.003488517077310349,0.003488517077310349,0.028041930113194447,0.028041930113194447,True
2026-02-01,Premier League,Man United,Fulham,away,-0.002328077021944208,0.002328077021944208,-0.008981725817459818,0.008981725817459818,True
2026-02-01,Serie A,Parma,Juventus,away,0.004149059094512242,0.004149059094512242,0.030250488363071537,0.030250488363071537,True
2026-02-02,La Liga,Mallorca,Sevilla,draw,0.0042888938907794105,0.0042888938907794105,0.01247413563232802,0.01247413563232802,True
2026-02-02,Serie A,Udinese,Roma,draw,0.00312673727548618,0.00312673727548618,0.019447865175596712,0.019447865175596712,True
2026-02-02,Premier League,Sunderland,Burnley,draw,0.002990599261804616,0.002990599261804616,0.016787814201709106,0.016787814201709106,True
2026-02-03,Serie A,Bologna,Milan,draw,0.004700960005014965,0.004700960005014965,0.0030463127759131625,0.0030463127759131625,True
2026-02-06,Bundesliga,Union Berlin,Ein Frankfurt,away,-0.0038502803366146643,0.0038502803366146643,0.01666108455506543,-0.01666108455506543,False
2026-02-06,Ligue 1,Metz,Lille,draw,0.0009203106291909013,0.0009203106291909013,-0.003706991245332303,-0.003706991245332303,False
2026-02-06,Premier League,Leeds,Nott'm Forest,draw,0.003978889180118184,0.003978889180118184,-0.010058169068343892,-0.010058169068343892,False
2026-02-06,Serie A,Verona,Pisa,draw,0.0050352836915738,0.0050352836915738,0.009748897668719225,0.009748897668719225,True
2026-02-06,La Liga,Celta,Osasuna,draw,0.0034716504893387845,0.0034716504893387845,0.0027064154743844937,0.0027064154743844937,True
2026-02-07,La Liga,Barcelona,Mallorca,home,0.0018354415105528155,0.0018354415105528155,0.004524918238910214,0.004524918238910214,True
2026-02-07,Premier League,Fulham,Everton,draw,0.0036715996846753973,0.0036715996846753973,-0.011915473989378367,-0.011915473989378367,False
2026-02-07,Ligue 1,Brest,Lorient,draw,0.004252519327067883,0.004252519327067883,0.004660858271721913,0.004660858271721913,True
2026-02-07,Premier League,Newcastle,Brentford,draw,0.003002908910228419,0.003002908910228419,-0.01241398343290262,-0.01241398343290262,False
2026-02-07,Premier League,Bournemouth,Aston Villa,draw,0.0029340052269640204,0.0029340052269640204,0.0015780278650351365,0.0015780278650351365,True
2026-02-07,Premier League,Arsenal,Sunderland,home,0.0014018449091369733,0.0014018449091369733,-0.02794808098004431,-0.02794808098004431,False
2026-02-07,Serie A,Genoa,Napoli,away,-0.004480764167424711,0.004480764167424711,-0.03500736528295367,0.03500736528295367,True
2026-02-07,Bundesliga,Wolfsburg,Dortmund,home,-0.002980391341751515,0.002980391341751515,-0.00956829949080501,0.00956829949080501,True
2026-02-07,Premier League,Burnley,West Ham,draw,0.0028855428681685003,0.0028855428681685003,-0.005938451039703696,-0.005938451039703696,False
2026-02-07,Premier League,Man United,Tottenham,away,-0.0014183653296609977,0.0014183653296609977,0.0006154167754756912,-0.0006154167754756912,False
2026-02-07,La Liga,Sociedad,Elche,away,-0.0026403791753627226,0.0026403791753627226,-0.003734002905173006,0.003734002905173006,True
2026-02-07,Bundesliga,Heidenheim,Hamburg,draw,0.0030745419907737825,0.0030745419907737825,0.00484800390031781,0.00484800390031781,True
2026-02-07,Bundesliga,Freiburg,Werder Bremen,away,-0.002174297215090909,0.002174297215090909,0.046522547702380984,-0.046522547702380984,False
2026-02-07,Bundesliga,Mainz,Augsburg,away,-0.003685091620149572,0.003685091620149572,-0.023451914722458,0.023451914722458,True
2026-02-07,Premier League,Wolves,Chelsea,draw,0.0012340021340970786,0.0012340021340970786,-0.008410402352056007,-0.008410402352056007,False
2026-02-07,Bundesliga,M'gladbach,Leverkusen,away,-0.0025698211252970227,0.0025698211252970227,0.0006990106624175096,-0.0006990106624175096,False
2026-02-07,Ligue 1,Lens,Rennes,away,-0.0024799019322077898,0.0024799019322077898,-0.043531842297413,0.043531842297413,True
2026-02-07,Serie A,Fiorentina,Torino,away,-0.004109468857604104,0.004109468857604104,-0.0095181919712429,0.0095181919712429,True
2026-02-07,Bundesliga,St Pauli,Stuttgart,draw,0.0020925092337791273,0.0020925092337791273,-0.007962330543725776,-0.007962330543725776,False
2026-02-07,Ligue 1,Nantes,Lyon,home,-0.0018970659112304,0.0018970659112304,0.0034696981083247036,-0.0034696981083247036,False
2026-02-08,Ligue 1,Paris SG,Marseille,home,0.0011951916276202734,0.0011951916276202734,-0.018101377090992243,-0.018101377090992243,False
2026-02-08,La Liga,Sevilla,Girona,draw,0.003633437764846037,0.003633437764846037,-0.004708005259600856,-0.004708005259600856,False
2026-02-08,Ligue 1,Angers,Toulouse,draw,0.004141587187767692,0.004141587187767692,-0.003638958670588388,-0.003638958670588388,False
2026-02-08,La Liga,Alaves,Getafe,draw,0.006236074173130379,0.006236074173130379,0.015981798423958804,0.015981798423958804,True
2026-02-08,Premier League,Liverpool,Man City,away,-0.003170280800774916,0.003170280800774916,-0.02727193651582288,0.02727193651582288,True
2026-02-08,Bundesliga,FC Koln,RB Leipzig,away,-0.0024321264636658624,0.0024321264636658624,0.014445623016110298,-0.014445623016110298,False
2026-02-08,Serie A,Juventus,Lazio,home,0.0032909327831522894,0.0032909327831522894,0.029435277685515016,0.029435277685515016,True
2026-02-08,Bundesliga,Bayern Munich,Hoffenheim,home,0.0019168706995263962,0.0019168706995263962,0.028722929685731202,0.028722929685731202,True
2026-02-08,Serie A,Sassuolo,Inter,away,0.0015440224119667167,0.0015440224119667167,0.007561409139928532,0.007561409139928532,True
2026-02-08,Ligue 1,Auxerre,Paris FC,draw,0.0040395584419086195,0.0040395584419086195,0.0019048293342537326,0.0019048293342537326,True
2026-02-08,La Liga,Ath Bilbao,Levante,draw,0.0015608183113466068,0.0015608183113466068,-0.0032289307747478124,-0.0032289307747478124,False
2026-02-08,Serie A,Lecce,Udinese,draw,0.005835692508063206,0.005835692508063206,0.013277609119203782,0.013277609119203782,True
2026-02-08,Serie A,Bologna,Parma,away,-0.0019649351061893916,0.0019649351061893916,0.005704304192863802,-0.005704304192863802,False
2026-02-08,La Liga,Valencia,Real Madrid,away,0.0025937274653204945,0.0025937274653204945,-0.040005321462994736,-0.040005321462994736,False
2026-02-08,Premier League,Brighton,Crystal Palace,away,-0.003043333011486682,0.003043333011486682,0.023106275816325128,-0.023106275816325128,False
2026-02-08,Ligue 1,Nice,Monaco,home,-0.002449009228890797,0.002449009228890797,-0.020829056891346176,0.020829056891346176,True
2026-02-08,Ligue 1,Le Havre,Strasbourg,draw,0.0026399701866974268,0.0026399701866974268,-0.010283731297954402,-0.010283731297954402,False
2026-02-08,La Liga,Ath Madrid,Betis,home,0.0033290536690011585,0.0033290536690011585,0.011756818864734453,0.011756818864734453,True
2026-02-09,Serie A,Atalanta,Cremonese,home,0.003094122807101307,0.003094122807101307,-0.0002911206791476051,-0.0002911206791476051,False
2026-02-09,La Liga,Villarreal,Espanol,draw,0.001392164979536592,0.001392164979536592,0.007340282622808114,0.007340282622808114,True
2026-02-09,Serie A,Roma,Cagliari,away,-0.0012001447776153057,0.0012001447776153057,0.003752642060423486,-0.003752642060423486,False
2026-02-10,Premier League,West Ham,Man United,home,-0.0009589782779517997,0.0009589782779517997,-0.005835943064797594,0.005835943064797594,True
2026-02-10,Premier League,Chelsea,Leeds,away,-0.002010440901888705,0.002010440901888705,-0.01025280705681611,0.01025280705681611,True
2026-02-10,Premier League,Everton,Bournemouth,draw,0.0035325387915601247,0.0035325387915601247,-0.005109041805041792,-0.005109041805041792,False
2026-02-10,Premier League,Tottenham,Newcastle,away,-0.003518165597942491,0.003518165597942491,-0.009238521836506197,0.009238521836506197,True
2026-02-11,Premier League,Aston Villa,Brighton,draw,0.0022713367456035916,0.0022713367456035916,-0.0010754571221684994,-0.0010754571221684994,False
2026-02-11,Premier League,Nott'm Forest,Wolves,away,-0.0019784843859596,0.0019784843859596,0.01725053666524551,-0.01725053666524551,False
2026-02-11,Premier League,Crystal Palace,Burnley,away,-0.001670480786030215,0.001670480786030215,-0.015481433892178098,0.015481433892178098,True
2026-02-11,Premier League,Man City,Fulham,home,0.001448533880062275,0.001448533880062275,-0.014787757070963248,-0.014787757070963248,False
2026-02-11,Premier League,Sunderland,Liverpool,home,-0.002260143989923885,0.002260143989923885,0.009199989232024114,-0.009199989232024114,False
2026-02-12,Premier League,Brentford,Arsenal,home,-0.002686464166955088,0.002686464166955088,-0.009547130869441506,0.009547130869441506,True
2026-02-13,La Liga,Elche,Osasuna,draw,0.0045640414050938105,0.0045640414050938105,-0.0027837487999963217,-0.0027837487999963217,False
2026-02-13,Ligue 1,Monaco,Nantes,home,0.0018240987656212848,0.0018240987656212848,0.014190236587486527,0.014190236587486527,True
2026-02-13,Bundesliga,Dortmund,Mainz,draw,0.0006424556999373998,0.0006424556999373998,0.014323007877802302,0.014323007877802302,True
2026-02-13,Serie A,Pisa,Milan,away,0.0020772809002178594,0.0020772809002178594,-0.021054048499585032,-0.021054048499585032,False
2026-02-13,Ligue 1,Rennes,Paris SG,away,0.0043455003677786985,0.0043455003677786985,0.03195642752085004,0.03195642752085004,True
2026-02-14,La Liga,Espanol,Celta,draw,0.0041451459256307,0.0041451459256307,0.012247053530292817,0.012247053530292817,True
2026-02-14,Ligue 1,Paris FC,Lens,away,-0.002986534221087467,0.002986534221087467,-0.014013651614924294,0.014013651614924294,True
2026-02-14,Bundesliga,Ein Frankfurt,M'gladbach,draw,0.0023557354783378393,0.0023557354783378393,0.010233016541509321,0.010233016541509321,True
2026-02-14,Serie A,Inter,Juventus,draw,0.003172117213035175,0.003172117213035175,0.011425444026242904,0.011425444026242904,True
2026-02-14,Serie A,Lazio,Atalanta,draw,0.003396366654212113,0.003396366654212113,0.0040259603840990255,0.0040259603840990255,True
2026-02-14,Bundesliga,Hamburg,Union Berlin,away,-0.005353600120796664,0.005353600120796664,-0.028758182698683965,0.028758182698683965,True
2026-02-14,La Liga,Sevilla,Alaves,draw,0.004147748994839717,0.004147748994839717,0.009596538901106899,0.009596538901106899,True
2026-02-14,Bundesliga,Hoffenheim,Freiburg,away,-0.0018624814890574881,0.0018624814890574881,-0.005265660742932388,0.005265660742932388,True
2026-02-14,Ligue 1,Lille,Brest,draw,0.002238103000147762,0.002238103000147762,-0.012390183692668921,-0.012390183692668921,False
2026-02-14,Bundesliga,Werder Bremen,Bayern Munich,away,0.002813075049742819,0.002813075049742819,-0.004209038023783029,-0.004209038023783029,False
2026-02-14,Bundesliga,Stuttgart,FC Koln,home,0.001569937028595092,0.001569937028595092,-0.020869266084147853,-0.020869266084147853,False
2026-02-14,Bundesliga,Leverkusen,St Pauli,home,-0.0013363486621050802,0.0013363486621050802,-0.017733825280525584,0.017733825280525584,True
2026-02-14,Serie A,Como,Fiorentina,away,-0.0032831372185664065,0.0032831372185664065,-0.010527912668974598,0.010527912668974598,True
2026-02-14,La Liga,Real Madrid,Sociedad,home,0.0014976206107295553,0.0014976206107295553,-0.00888402562999624,-0.00888402562999624,False
2026-02-14,Ligue 1,Marseille,Strasbourg,draw,0.0015674915587298999,0.0015674915587298999,0.017045867448345298,0.017045867448345298,True
2026-02-14,La Liga,Getafe,Villarreal,away,-0.006374061889239613,0.006374061889239613,-0.0448572908246716,0.0448572908246716,True
2026-02-15,Ligue 1,Le Havre,Toulouse,draw,0.004270594106087489,0.004270594106087489,0.005078809900939785,0.005078809900939785,True
2026-02-15,La Liga,Vallecano,Ath Madrid,home,-0.0025636512019946156,0.0025636512019946156,-0.020487608232196114,0.020487608232196114,True
2026-02-15,Ligue 1,Metz,Auxerre,draw,0.005213211121864625,0.005213211121864625,-0.004631175153192391,-0.004631175153192391,False
2026-02-15,Serie A,Torino,Bologna,draw,0.003633980301668893,0.003633980301668893,0.010500505279033623,0.010500505279033623,True
2026-02-15,Serie A,Cremonese,Genoa,draw,0.00507883008873683,0.00507883008873683,0.0156164888670825,0.0156164888670825,True
2026-02-15,La Liga,Levante,Valencia,draw,0.003789698676536113,0.003789698676536113,0.012732262541607586,0.012732262541607586,True
2026-02-15,La Liga,Oviedo,Ath Bilbao,draw,0.004457143709995615,0.004457143709995615,0.019902499607605928,0.019902499607605928,True
2026-02-15,Serie A,Udinese,Sassuolo,draw,0.0047382612704769955,0.0047382612704769955,0.002034402475629915,0.002034402475629915,True
2026-02-15,Bundesliga,Augsburg,Heidenheim,away,-0.002615209768724286,0.002615209768724286,0.014021441094676707,-0.014021441094676707,False
2026-02-15,Serie A,Napoli,Roma,draw,0.005160064855378288,0.005160064855378288,0.023327843799977765,0.023327843799977765,True
2026-02-15,La Liga,Mallorca,Betis,draw,0.004009674174067723,0.004009674174067723,0.0075563471813235306,0.0075563471813235306,True
2026-02-15,Ligue 1,Lyon,Nice,away,-0.0016551830103490872,0.0016551830103490872,0.0517258678934325,-0.0517258678934325,False
2026-02-15,Bundesliga,RB Leipzig,Wolfsburg,away,-0.0006178163802711967,0.0006178163802711967,0.01938416353545741,-0.01938416353545741,False
2026-02-15,Serie A,Parma,Verona,draw,0.005196046807177612,0.005196046807177612,0.0031134936539923275,0.0031134936539923275,True
2026-02-15,Ligue 1,Lorient,Angers,draw,0.003973770611180705,0.003973770611180705,-0.0003808220710893595,-0.0003808220710893595,False
2026-02-16,Serie A,Cagliari,Lecce,draw,0.004948375605798083,0.004948375605798083,0.02212062739161308,0.02212062739161308,True
2026-02-16,La Liga,Girona,Barcelona,away,0.002157916401346327,0.002157916401346327,0.02970338407231854,0.02970338407231854,True
2026-02-18,La Liga,Levante,Villarreal,draw,0.0018636418337668048,0.0018636418337668048,0.013569619222467133,0.013569619222467133,True
2026-02-18,Premier League,Wolves,Arsenal,away,0.003741519976624641,0.003741519976624641,0.02322030469556946,0.02322030469556946,True
2026-02-18,Serie A,Milan,Como,draw,0.0037879816086917595,0.0037879816086917595,0.03120216631664069,0.03120216631664069,True
2026-02-20,Serie A,Sassuolo,Verona,draw,0.003025424073677896,0.003025424073677896,-0.0005417189880755902,-0.0005417189880755902,False
2026-02-20,La Liga,Ath Bilbao,Elche,away,-0.0023193670921696774,0.0023193670921696774,0.0030341119477272083,-0.0030341119477272083,False
2026-02-20,Ligue 1,Brest,Marseille,draw,0.0022546064978543057,0.0022546064978543057,-0.005740267698472301,-0.005740267698472301,False
2026-02-20,Bundesliga,Mainz,Hamburg,draw,0.0032829752411694946,0.0032829752411694946,0.00018621350224734545,0.00018621350224734545,True
2026-02-21,Bundesliga,Union Berlin,Leverkusen,draw,0.0035060878333639245,0.0035060878333639245,0.008833044967933412,0.008833044967933412,True
2026-02-21,Bundesliga,Bayern Munich,Ein Frankfurt,home,0.002365447659928077,0.002365447659928077,0.04075386898025046,0.04075386898025046,True
2026-02-21,Ligue 1,Lens,Monaco,draw,0.0009480253717217002,0.0009480253717217002,0.011345388049977617,0.011345388049977617,True
2026-02-21,Bundesliga,FC Koln,Hoffenheim,draw,0.002425310199765829,0.002425310199765829,0.0005122461077161078,0.0005122461077161078,True
2026-02-21,Ligue 1,Paris SG,Metz,draw,-0.0015067700704790993,0.0015067700704790993,0.0019699195891971083,-0.0019699195891971083,False
2026-02-21,La Liga,Osasuna,Real Madrid,draw,0.00123869431494672,0.00123869431494672,0.002101679740588114,0.002101679740588114,True
2026-02-21,Premier League,Man City,Newcastle,home,0.002546468314058581,0.002546468314058581,-0.029876248699354124,-0.029876248699354124,False
2026-02-21,Bundesliga,RB Leipzig,Dortmund,away,-0.003516628120267984,0.003516628120267984,-0.03840464309713032,0.03840464309713032,True
2026-02-21,Premier League,Aston Villa,Leeds,away,-0.0024505744106605998,0.0024505744106605998,0.002169804718030993,-0.002169804718030993,False
2026-02-21,La Liga,Sociedad,Oviedo,away,-0.0010586255385529042,0.0010586255385529042,0.017225417102173096,-0.017225417102173096,False
2026-02-21,Serie A,Lecce,Inter,home,-0.0005396521061541981,0.0005396521061541981,0.01583660906469181,-0.01583660906469181,False
2026-02-21,Premier League,Chelsea,Burnley,home,0.001796126604053927,0.001796126604053927,-0.017334066994972863,-0.017334066994972863,False
2026-02-21,Bundesliga,Wolfsburg,Augsburg,away,-0.003396488034622891,0.003396488034622891,0.029514478775128583,-0.029514478775128583,False
2026-02-21,Ligue 1,Toulouse,Paris FC,away,-0.0041752479830944045,0.0041752479830944045,0.01742026408943531,-0.01742026408943531,False
2026-02-21,Serie A,Juventus,Como,draw,0.0034673059564988007,0.0034673059564988007,0.0035581729685814634,0.0035581729685814634,True
2026-02-21,La Liga,Ath Madrid,Espanol,away,-0.0017098201993548945,0.0017098201993548945,-0.01172263388111261,0.01172263388111261,True
2026-02-21,Premier League,West Ham,Bournemouth,away,-0.003476541234375019,0.003476541234375019,0.03516692383602066,-0.03516692383602066,False
2026-02-21,Premier League,Brentford,Brighton,draw,0.0024736987862640225,0.0024736987862640225,0.0230307619945197,0.0230307619945197,True
2026-02-21,La Liga,Betis,Vallecano,draw,0.002857809327420524,0.002857809327420524,0.00018384137950139268,0.00018384137950139268,True
2026-02-21,Serie A,Cagliari,Lazio,away,-0.0049642309963753295,0.0049642309963753295,-0.015241037414594927,0.015241037414594927,True
2026-02-22,La Liga,Getafe,Sevilla,draw,0.005421342589821798,0.005421342589821798,0.010156956088010594,0.010156956088010594,True
2026-02-22,La Liga,Celta,Mallorca,away,-0.0031011073735728034,0.0031011073735728034,-0.0074780779699062105,0.0074780779699062105,True
2026-02-22,Premier League,Tottenham,Arsenal,home,-0.0019842118197717917,0.0019842118197717917,-0.0300164969711684,0.0300164969711684,True
2026-02-22,Bundesliga,Freiburg,M'gladbach,draw,0.0035129098192389074,0.0035129098192389074,-0.00467580406397361,-0.00467580406397361,False
2026-02-22,Premier League,Nott'm Forest,Liverpool,draw,0.0018142249578537994,0.0018142249578537994,0.0059658670972772,0.0059658670972772,True
2026-02-22,Serie A,Roma,Cremonese,draw,0.0001629842014174987,0.0001629842014174987,-0.02192934258412199,-0.02192934258412199,False
2026-02-22,Ligue 1,Angers,Lille,draw,0.002881168384299415,0.002881168384299415,-0.004893837511819821,-0.004893837511819821,False
2026-02-22,Premier League,Sunderland,Fulham,draw,0.004088442521530011,0.004088442521530011,0.008239437466811383,0.008239437466811383,True
2026-02-22,La Liga,Villarreal,Valencia,away,-0.0014561053614804975,0.0014561053614804975,-0.010199512194842386,0.010199512194842386,True
2026-02-22,Serie A,Milan,Parma,home,0.0020024668568932036,0.0020024668568932036,0.010368844309252667,0.010368844309252667,True
2026-02-22,Bundesliga,St Pauli,Werder Bremen,draw,0.004562789285990465,0.004562789285990465,-0.0016933721933011237,-0.0016933721933011237,False
2026-02-22,Serie A,Genoa,Torino,away,-0.0053953468231264234,0.0053953468231264234,-0.005254748137269116,0.005254748137269116,True
2026-02-22,Ligue 1,Auxerre,Rennes,away,-0.006153474311472562,0.006153474311472562,-0.009301426306773775,0.009301426306773775,True
2026-02-22,Ligue 1,Strasbourg,Lyon,away,-0.003426351949273876,0.003426351949273876,-0.016374949412211293,0.016374949412211293,True
2026-02-22,Bundesliga,Heidenheim,Stuttgart,home,-0.0016345625718428014,0.0016345625718428014,0.0002808719562507056,-0.0002808719562507056,False
2026-02-22,La Liga,Barcelona,Levante,home,0.0018600168173377174,0.0018600168173377174,0.0035960753451351746,0.0035960753451351746,True
2026-02-22,Premier League,Crystal Palace,Wolves,away,-0.0015121198944172964,0.0015121198944172964,0.03284124620923401,-0.03284124620923401,False
2026-02-22,Ligue 1,Nice,Lorient,draw,0.0030832751235836398,0.0030832751235836398,0.008527073460645795,0.008527073460645795,True
2026-02-22,Serie A,Atalanta,Napoli,away,-0.005970025108705979,0.005970025108705979,-0.017439849803396357,0.017439849803396357,True
2026-02-22,Ligue 1,Nantes,Le Havre,draw,0.004088778852455066,0.004088778852455066,-0.00035259943145943273,-0.00035259943145943273,False
2026-02-23,Premier League,Everton,Man United,draw,0.0018104838103839005,0.0018104838103839005,0.007860728653691418,0.007860728653691418,True
2026-02-23,La Liga,Alaves,Girona,draw,0.005269604967767516,0.005269604967767516,-0.005434130619883792,-0.005434130619883792,False
2026-02-23,Serie A,Bologna,Udinese,draw,0.002985627326376361,0.002985627326376361,0.0054933917605776705,0.0054933917605776705,True
2026-02-23,Serie A,Fiorentina,Pisa,away,-0.0021525353582912965,0.0021525353582912965,-0.01462920072992041,0.01462920072992041,True
2026-02-27,La Liga,Levante,Alaves,draw,0.004579512716309853,0.004579512716309853,0.0030538216058693113,0.0030538216058693113,True
2026-02-27,Bundesliga,Augsburg,FC Koln,draw,0.0033571560326554617,0.0033571560326554617,0.00020704897556256263,0.00020704897556256263,True
2026-02-27,Premier League,Wolves,Aston Villa,draw,0.0023650404464581887,0.0023650404464581887,-0.007293932209514076,-0.007293932209514076,False
2026-02-27,Ligue 1,Strasbourg,Lens,away,-0.003989809049633308,0.003989809049633308,-0.0045033037758303585,0.0045033037758303585,True
2026-02-27,Serie A,Parma,Cagliari,draw,0.005610729235072831,0.005610729235072831,-0.0001745142908284869,-0.0001745142908284869,False
2026-02-28,Bundesliga,Leverkusen,Mainz,away,-0.0025556372468402977,0.0025556372468402977,0.001414508056476721,-0.001414508056476721,False
2026-02-28,Bundesliga,M'gladbach,Union Berlin,draw,0.0039498739860693854,0.0039498739860693854,-0.0016754328624116188,-0.0016754328624116188,False
2026-02-28,La Liga,Oviedo,Ath Madrid,draw,0.001850912656664594,0.001850912656664594,0.006199324748131896,0.006199324748131896,True
2026-02-28,Premier League,Bournemouth,Sunderland,away,-0.0024377686458701975,0.0024377686458701975,0.002955128745021296,-0.002955128745021296,False
2026-02-28,Serie A,Como,Lecce,home,0.0014867549054572438,0.0014867549054572438,-0.01022346933141649,-0.01022346933141649,False
2026-02-28,Premier League,Newcastle,Everton,draw,0.0018372489709649886,0.0018372489709649886,0.012400898298082469,0.012400898298082469,True
2026-02-28,Bundesliga,Dortmund,Bayern Munich,away,0.001594281131953923,0.001594281131953923,-0.017129367354180913,-0.017129367354180913,False
2026-02-28,La Liga,Barcelona,Villarreal,home,0.0030051767634297066,0.0030051767634297066,-0.04361097242159895,-0.04361097242159895,False
2026-02-28,Bundesliga,Werder Bremen,Heidenheim,away,-0.0022758601975456927,0.0022758601975456927,-0.03865558462539759,0.03865558462539759,True
2026-02-28,La Liga,Vallecano,Ath Bilbao,draw,0.004560431768228179,0.004560431768228179,0.003758470267859082,0.003758470267859082,True
2026-02-28,Premier League,Liverpool,West Ham,home,0.00032808721545662944,0.00032808721545662944,-0.0008706495280879079,-0.0008706495280879079,False
2026-02-28,La Liga,Mallorca,Sociedad,draw,0.0038994802515044946,0.0038994802515044946,0.0019441453179905865,0.0019441453179905865,True
2026-02-28,Ligue 1,Rennes,Toulouse,draw,0.003111017535542271,0.003111017535542271,-0.0034725846052526266,-0.0034725846052526266,False
2026-02-28,Serie A,Verona,Napoli,home,-0.0009692833073083051,0.0009692833073083051,0.020061961460182798,-0.020061961460182798,False
2026-02-28,Bundesliga,Hoffenheim,St Pauli,away,-0.0010810231273933046,0.0010810231273933046,0.0052658497690872,-0.0052658497690872,False
2026-02-28,Premier League,Burnley,Brentford,draw,0.0017261252527585036,0.0017261252527585036,0.0012148600186006053,0.0012148600186006053,True
2026-02-28,Serie A,Inter,Genoa,home,0.0010087743071129918,0.0010087743071129918,0.00610343174397876,0.00610343174397876,True
2026-02-28,Ligue 1,Le Havre,Paris SG,away,0.003168422459492115,0.003168422459492115,-0.0038256691455534897,-0.0038256691455534897,False
2026-02-28,Premier League,Leeds,Man City,home,-0.0016086603662123777,0.0016086603662123777,0.009690014645943906,-0.009690014645943906,False
2026-02-28,Ligue 1,Monaco,Angers,away,-0.0019000785149936028,0.0019000785149936028,-0.023330946928887597,0.023330946928887597,True
2026-03-01,Bundesliga,Hamburg,RB Leipzig,away,-0.0027714456285427014,0.0027714456285427014,0.05833502921683231,-0.05833502921683231,False
2026-03-01,Premier League,Arsenal,Chelsea,away,-0.0026141097858868034,0.0026141097858868034,-0.021985934233105103,0.021985934233105103,True
2026-03-01,Ligue 1,Lorient,Auxerre,draw,0.003717480111775917,0.003717480111775917,0.0022014658309411073,0.0022014658309411073,True
2026-03-01,La Liga,Betis,Sevilla,draw,0.00221638346231684,0.00221638346231684,0.0002918657719386264,0.0002918657719386264,True
2026-03-01,Bundesliga,Stuttgart,Wolfsburg,away,-0.0011868297782200998,0.0011868297782200998,-0.03609115235068788,0.03609115235068788,True
2026-03-01,Ligue 1,Lille,Nantes,away,-0.0008507818419914992,0.0008507818419914992,0.0049183740533493,-0.0049183740533493,False
2026-03-01,Premier League,Man United,Crystal Palace,away,-0.0016484801236480995,0.0016484801236480995,-0.009028669261025385,0.009028669261025385,True
2026-03-01,Serie A,Roma,Juventus,draw,0.004605495150690975,0.004605495150690975,0.0004326977618155925,0.0004326977618155925,True
2026-03-01,Premier League,Brighton,Nott'm Forest,draw,0.0027026372210673943,0.0027026372210673943,0.012253436074965096,0.012253436074965096,True
2026-03-01,Ligue 1,Marseille,Lyon,draw,0.00260124079047358,0.00260124079047358,0.003254755802882814,0.003254755802882814,True
2026-03-01,Ligue 1,Paris FC,Nice,draw,0.003593720749620888,0.003593720749620888,0.0006773970192391898,0.0006773970192391898,True
2026-03-01,Serie A,Torino,Lazio,draw,0.005652470306090007,0.005652470306090007,0.009402398737713924,0.009402398737713924,True
2026-03-01,La Liga,Elche,Espanol,away,-0.004534100301547606,0.004534100301547606,0.008264060082592783,-0.008264060082592783,False
2026-03-01,Serie A,Cremonese,Milan,home,-0.001351847635354786,0.001351847635354786,-0.02675704915634379,0.02675704915634379,True
2026-03-01,Serie A,Sassuolo,Atalanta,draw,0.002691769409272571,0.002691769409272571,0.017413582451462073,0.017413582451462073,True
2026-03-01,Bundesliga,Ein Frankfurt,Freiburg,draw,0.0029310592685344306,0.0029310592685344306,0.0004532980916840401,0.0004532980916840401,True
2026-03-01,Ligue 1,Metz,Brest,draw,0.003372279244881482,0.003372279244881482,0.0035196148493122914,0.0035196148493122914,True
2026-03-01,Premier League,Fulham,Tottenham,draw,0.0026128611879194796,0.0026128611879194796,-0.005070682875141119,-0.005070682875141119,False
2026-03-01,La Liga,Valencia,Osasuna,draw,0.004329838374046713,0.004329838374046713,0.0030460221814810895,0.0030460221814810895,True
2026-03-01,La Liga,Girona,Celta,away,-0.0036848276050717166,0.0036848276050717166,-0.008122181463071143,0.008122181463071143,True
2026-03-02,Serie A,Udinese,Fiorentina,draw,0.0037382691452959582,0.0037382691452959582,0.021122176662631886,0.021122176662631886,True
2026-03-02,Serie A,Pisa,Bologna,draw,0.0031933525998429357,0.0031933525998429357,0.0014553826712057072,0.0014553826712057072,True
2026-03-02,La Liga,Real Madrid,Getafe,away,0.0006297277870069978,0.0006297277870069978,0.019898724385781996,0.019898724385781996,True
2026-03-03,Premier League,Bournemouth,Brentford,away,-0.0036670260673358213,0.0036670260673358213,0.00029575642319906725,-0.00029575642319906725,False
2026-03-03,Premier League,Everton,Burnley,away,-0.001551475303109201,0.001551475303109201,0.008725698136760801,-0.008725698136760801,False
2026-03-03,Premier League,Wolves,Liverpool,away,0.0015333953968716951,0.0015333953968716951,0.02201726370870216,0.02201726370870216,True
2026-03-03,Premier League,Leeds,Sunderland,draw,0.0030246254015307006,0.0030246254015307006,-0.005733893671729606,-0.005733893671729606,False
2026-03-04,Premier League,Brighton,Arsenal,home,-0.0013019079951755996,0.0013019079951755996,0.0009961817509633875,-0.0009961817509633875,False
2026-03-04,Premier League,Fulham,West Ham,draw,0.002745903827959195,0.002745903827959195,0.0034441366585052924,0.0034441366585052924,True
2026-03-04,Premier League,Man City,Nott'm Forest,home,0.0004521074046156537,0.0004521074046156537,-0.006702847935971867,-0.006702847935971867,False
2026-03-04,La Liga,Vallecano,Oviedo,away,-0.0028663571031226076,0.0028663571031226076,0.007354783392909819,-0.007354783392909819,False
2026-03-04,Premier League,Aston Villa,Chelsea,draw,0.002763573364064187,0.002763573364064187,0.0071597447595507235,0.0071597447595507235,True
2026-03-04,Premier League,Newcastle,Man United,draw,0.0024326053100697242,0.0024326053100697242,0.0017256634879731503,0.0017256634879731503,True
2026-03-04,Bundesliga,Hamburg,Leverkusen,draw,0.0028485631404520095,0.0028485631404520095,-0.0029589779193098242,-0.0029589779193098242,False
2026-03-05,Premier League,Tottenham,Crystal Palace,draw,0.0036254601933020103,0.0036254601933020103,-0.0027952484436473135,-0.0027952484436473135,False
2026-03-06,Serie A,Napoli,Torino,draw,0.002007293285048395,0.002007293285048395,-0.006894239749460296,-0.006894239749460296,False
2026-03-06,La Liga,Celta,Real Madrid,away,-0.004435672931140278,0.004435672931140278,-0.02167654202817021,0.02167654202817021,True
2026-03-06,Bundesliga,Bayern Munich,M'gladbach,draw,-0.0012817300201150017,0.0012817300201150017,0.006235731640383685,-0.006235731640383685,False
2026-03-06,Ligue 1,Paris SG,Monaco,draw,-0.000578885655629302,0.000578885655629302,0.0038822525358145066,-0.0038822525358145066,False
2026-03-07,Ligue 1,Auxerre,Strasbourg,draw,0.0035830892642013112,0.0035830892642013112,0.0034322136453817653,0.0034322136453817653,True
2026-03-07,Bundesliga,RB Leipzig,Augsburg,home,0.0016381713375469564,0.0016381713375469564,0.042553073856936297,0.042553073856936297,True
2026-03-07,La Liga,Levante,Girona,draw,0.003543419065045572,0.003543419065045572,0.0038187270913578875,0.0038187270913578875,True
2026-03-07,Serie A,Juventus,Pisa,draw,-0.0006001817333896042,0.0006001817333896042,-0.01646272777320229,0.01646272777320229,True
2026-03-07,La Liga,Osasuna,Mallorca,draw,0.0023396245191975584,0.0023396245191975584,0.013412958113120155,0.013412958113120155,True
2026-03-07,Bundesliga,Heidenheim,Hoffenheim,home,-0.0007077080111634881,0.0007077080111634881,-0.01923573378879459,0.01923573378879459,True
2026-03-07,Bundesliga,Mainz,Stuttgart,draw,0.0023426674899956756,0.0023426674899956756,-0.006435644541632507,-0.006435644541632507,False
2026-03-07,Ligue 1,Toulouse,Marseille,away,-0.005343601562039557,0.005343601562039557,0.02522553606848732,-0.02522553606848732,False
2026-03-07,La Liga,Ath Bilbao,Barcelona,home,-0.0016387732912427067,0.0016387732912427067,0.005844788067345508,-0.005844788067345508,False
2026-03-07,Bundesliga,Freiburg,Leverkusen,draw,0.003419700985398788,0.003419700985398788,0.000808622810711368,0.000808622810711368,True
2026-03-07,Serie A,Cagliari,Como,home,-0.0014918939841974121,0.0014918939841974121,-0.025361586839955597,0.025361586839955597,True
2026-03-07,La Liga,Ath Madrid,Sociedad,away,-0.0015706696111659757,0.0015706696111659757,0.00750980685707231,-0.00750980685707231,False
2026-03-07,Ligue 1,Nantes,Angers,away,-0.004525085992322486,0.004525085992322486,-0.0142973444838434,0.0142973444838434,True
2026-03-07,Serie A,Atalanta,Udinese,draw,0.0022583556882813105,0.0022583556882813105,0.005013420857573503,0.005013420857573503,True
2026-03-07,Bundesliga,Wolfsburg,Hamburg,draw,0.002828509801113155,0.002828509801113155,0.014054735204729052,0.014054735204729052,True
2026-03-07,Bundesliga,FC Koln,Dortmund,draw,0.0016146297185384018,0.0016146297185384018,0.0033165345121587975,0.0033165345121587975,True
2026-03-08,Ligue 1,Lyon,Paris FC,draw,0.0014966515280528114,0.0014966515280528114,0.02858908970797852,0.02858908970797852,True
2026-03-08,Bundesliga,Union Berlin,Werder Bremen,draw,0.0035116020801124748,0.0035116020801124748,0.01198881084927339,0.01198881084927339,True
2026-03-08,Ligue 1,Nice,Rennes,draw,0.002704136876048313,0.002704136876048313,0.009320953020529987,0.009320953020529987,True
2026-03-08,La Liga,Getafe,Betis,away,-0.006415822492318701,0.006415822492318701,-0.028233480262182642,0.028233480262182642,True
2026-03-08,Serie A,Milan,Inter,draw,0.004242879585205417,0.004242879585205417,0.0034295672413078293,0.0034295672413078293,True
2026-03-08,Serie A,Bologna,Verona,away,-0.0015586071611181918,0.0015586071611181918,0.0069458454506863,-0.0069458454506863,False
2026-03-08,Serie A,Fiorentina,Parma,away,-0.002077048086228883,0.002077048086228883,-0.0031640773860731053,0.0031640773860731053,True
2026-03-08,Ligue 1,Lens,Metz,home,0.0012677314725451083,0.0012677314725451083,0.005570999688212175,0.005570999688212175,True
2026-03-08,Bundesliga,St Pauli,Ein Frankfurt,draw,0.003811708970339278,0.003811708970339278,0.004102115906496617,0.004102115906496617,True
2026-03-08,Serie A,Genoa,Roma,draw,0.003216274422717491,0.003216274422717491,0.01911123764870981,0.01911123764870981,True
2026-03-08,La Liga,Villarreal,Elche,draw,0.0005177753019772191,0.0005177753019772191,-0.002528914637936086,-0.002528914637936086,False
2026-03-08,La Liga,Sevilla,Vallecano,draw,0.004645447805392,0.004645447805392,0.009265540922288207,0.009265540922288207,True
2026-03-08,Serie A,Lecce,Cremonese,draw,0.004880324087320587,0.004880324087320587,0.006431370760173916,0.006431370760173916,True
2026-03-08,Ligue 1,Brest,Le Havre,away,-0.0029718321267931114,0.0029718321267931114,-0.008526142045711504,0.008526142045711504,True
2026-03-08,Ligue 1,Lille,Lorient,away,-0.002520500721382296,0.002520500721382296,-0.009979588081468704,0.009979588081468704,True
2026-03-08,La Liga,Valencia,Alaves,draw,0.004052932207594007,0.004052932207594007,0.004532069625302504,0.004532069625302504,True
2026-03-09,Serie A,Lazio,Sassuolo,draw,0.0038780241796618764,0.0038780241796618764,0.002682995425381751,0.002682995425381751,True
2026-03-09,La Liga,Espanol,Oviedo,draw,0.0034044753641840897,0.0034044753641840897,0.006937417909901877,0.006937417909901877,True
2026-03-13,Ligue 1,Marseille,Auxerre,home,-0.001346162702919429,0.001346162702919429,-0.004090132330717311,0.004090132330717311,True
2026-03-13,Serie A,Torino,Parma,draw,0.00487919014905841,0.00487919014905841,0.006940520838318032,0.006940520838318032,True
2026-03-13,La Liga,Alaves,Villarreal,away,-0.0043557798799631064,0.0043557798799631064,0.017735045078751288,-0.017735045078751288,False
2026-03-13,Bundesliga,M'gladbach,St Pauli,draw,0.0032934611771298083,0.0032934611771298083,0.0005922507426557311,0.0005922507426557311,True
2026-03-14,Bundesliga,Hoffenheim,Wolfsburg,home,0.0010123427491591785,0.0010123427491591785,0.01630135255045928,0.01630135255045928,True
2026-03-14,Bundesliga,Leverkusen,Bayern Munich,away,0.0014724353296553527,0.0014724353296553527,-0.0010562696813026795,-0.0010562696813026795,False
2026-03-14,Premier League,Sunderland,Brighton,draw,0.0036770359201389047,0.0036770359201389047,-0.01589593238258169,-0.01589593238258169,False
2026-03-14,Premier League,Burnley,Bournemouth,home,-0.001760303738402802,0.001760303738402802,0.006058294993894792,-0.006058294993894792,False
2026-03-14,Premier League,Arsenal,Everton,away,-0.0005177048875742996,0.0005177048875742996,0.0032034154430641976,-0.0032034154430641976,False
2026-03-14,Bundesliga,Hamburg,FC Koln,away,-0.002965912810146576,0.002965912810146576,0.03478557631831569,-0.03478557631831569,False
2026-03-14,La Liga,Girona,Ath Bilbao,draw,0.0035332271766483903,0.0035332271766483903,0.0027387994651326686,0.0027387994651326686,True
2026-03-14,La Liga,Oviedo,Valencia,draw,0.0044455509970924845,0.0044455509970924845,-0.00020506675381931627,-0.00020506675381931627,False
2026-03-14,Bundesliga,Ein Frankfurt,Heidenheim,away,-0.0022943216025546886,0.0022943216025546886,0.024962382065889216,-0.024962382065889216,False
2026-03-14,Ligue 1,Monaco,Brest,away,-0.0015905787797939053,0.0015905787797939053,-0.020322210387714812,0.020322210387714812,True
2026-03-14,Premier League,Chelsea,Newcastle,away,-0.0026321548960540064,0.0026321548960540064,-0.02493162175149921,0.02493162175149921,True
2026-03-14,Serie A,Inter,Atalanta,away,-0.0021783028844532815,0.0021783028844532815,-0.003273597600326389,0.003273597600326389,True
2026-03-14,Serie A,Udinese,Juventus,home,-0.000865967047929711,0.000865967047929711,-0.002285760033592016,0.002285760033592016,True
2026-03-14,Ligue 1,Lorient,Lens,home,-0.0023508545189394048,0.0023508545189394048,-0.04250911854467801,0.04250911854467801,True
2026-03-14,Premier League,West Ham,Man City,draw,0.0010276519399876893,0.0010276519399876893,-0.0012677578997873917,-0.0012677578997873917,False
2026-03-14,Bundesliga,Dortmund,Augsburg,home,0.000826548224056034,0.000826548224056034,-0.05587310844467552,-0.05587310844467552,False
2026-03-14,La Liga,Real Madrid,Elche,draw,-0.0005622734544727948,0.0005622734544727948,-0.007333771654810889,0.007333771654810889,True
2026-03-14,Ligue 1,Angers,Nice,draw,0.004255940235663502,0.004255940235663502,0.010293432362527222,0.010293432362527222,True
2026-03-14,La Liga,Ath Madrid,Getafe,home,-0.0026393288374905177,0.0026393288374905177,-0.03351557496500113,0.03351557496500113,True
2026-03-14,Serie A,Napoli,Lecce,home,-0.00031824713141515026,0.00031824713141515026,-0.040203193461133546,0.040203193461133546,True
2026-03-15,La Liga,Betis,Celta,draw,0.003765593048693283,0.003765593048693283,-0.004472459447915078,-0.004472459447915078,False
2026-03-15,Ligue 1,Rennes,Lille,away,-0.003297560462067417,0.003297560462067417,-0.015280684612134221,0.015280684612134221,True
2026-03-15,Bundesliga,Stuttgart,RB Leipzig,away,-0.0025744912192856573,0.0025744912192856573,0.02313856502506434,-0.02313856502506434,False
2026-03-15,Premier League,Crystal Palace,Leeds,draw,0.00392574697563608,0.00392574697563608,0.001960451043967193,0.001960451043967193,True
2026-03-15,Bundesliga,Freiburg,Union Berlin,draw,0.003729308642208218,0.003729308642208218,-0.021389971756653692,-0.021389971756653692,False
2026-03-15,Serie A,Pisa,Cagliari,draw,0.005265003599566331,0.005265003599566331,0.01099112758389531,0.01099112758389531,True
2026-03-15,Serie A,Sassuolo,Bologna,draw,0.003954469914504488,0.003954469914504488,0.005199383218389475,0.005199383218389475,True
2026-03-15,Ligue 1,Le Havre,Lyon,draw,0.003432395510879871,0.003432395510879871,0.0051140920364766695,0.0051140920364766695,True
2026-03-15,Serie A,Verona,Genoa,draw,0.004817935192963585,0.004817935192963585,0.01748122016480841,0.01748122016480841,True
2026-03-15,Serie A,Como,Roma,draw,0.003615254245292132,0.003615254245292132,0.018512229332590446,0.018512229332590446,True
2026-03-15,Ligue 1,Metz,Toulouse,draw,0.0033153090565993804,0.0033153090565993804,-0.0029252967708636723,-0.0029252967708636723,False
2026-03-15,Ligue 1,Strasbourg,Paris FC,away,-0.0025812254987992167,0.0025812254987992167,-0.020060279457975116,0.020060279457975116,True
2026-03-15,Bundesliga,Werder Bremen,Mainz,away,-0.004298807720150122,0.004298807720150122,0.0049322862838300785,-0.0049322862838300785,False
2026-03-15,Premier League,Nott'm Forest,Fulham,away,-0.0036072083463227766,0.0036072083463227766,0.010551119645383189,-0.010551119645383189,False
2026-03-15,La Liga,Barcelona,Sevilla,draw,-0.0009840618869230988,0.0009840618869230988,0.006226064457603098,-0.006226064457603098,False
2026-03-15,Premier League,Liverpool,Tottenham,home,0.0023278226974499105,0.0023278226974499105,-0.004495154977653515,-0.004495154977653515,False
2026-03-15,Premier League,Man United,Aston Villa,away,-0.003692549117426308,0.003692549117426308,-0.00832219482323282,0.00832219482323282,True
2026-03-15,La Liga,Sociedad,Osasuna,draw,0.002961674382388202,0.002961674382388202,-0.005541697839088977,-0.005541697839088977,False
2026-03-15,La Liga,Mallorca,Espanol,draw,0.004377270544063672,0.004377270544063672,0.0022109256129057564,0.0022109256129057564,True
2026-03-15,Serie A,Lazio,Milan,draw,0.003121680784369696,0.003121680784369696,-0.009575971661524185,-0.009575971661524185,False
2026-03-16,Serie A,Cremonese,Fiorentina,draw,0.002529790511695995,0.002529790511695995,0.013568413323763184,0.013568413323763184,True
2026-03-16,La Liga,Vallecano,Levante,away,-0.0032313373724945083,0.0032313373724945083,0.021551235377152284,-0.021551235377152284,False
2026-03-16,Premier League,Brentford,Wolves,home,-0.0013155346832185444,0.0013155346832185444,0.007835152418177893,-0.007835152418177893,False
2026-03-20,Premier League,Bournemouth,Man United,draw,0.0021229511902319254,0.0021229511902319254,0.002684962122002643,0.002684962122002643,True
2026-03-20,Serie A,Genoa,Udinese,draw,0.004420697268273821,0.004420697268273821,0.0053397962159656975,0.0053397962159656975,True
2026-03-20,Bundesliga,RB Leipzig,Hoffenheim,draw,0.001523232642222011,0.001523232642222011,0.005794016762302512,0.005794016762302512,True
2026-03-20,La Liga,Villarreal,Sociedad,draw,0.002658886549342987,0.002658886549342987,-0.00030782076117730206,-0.00030782076117730206,False
2026-03-20,Serie A,Cagliari,Napoli,draw,0.003004563655231829,0.003004563655231829,0.0002503229526641393,0.0002503229526641393,True
2026-03-20,Ligue 1,Lens,Angers,home,0.0025990569479953374,0.0025990569479953374,0.012070789679928473,0.012070789679928473,True
2026-03-21,Ligue 1,Nice,Paris SG,away,0.003476218691733979,0.003476218691733979,-0.048346163747378434,-0.048346163747378434,False
2026-03-21,Serie A,Juventus,Sassuolo,home,0.0005055229049775178,0.0005055229049775178,0.022865142830041374,0.022865142830041374,True
2026-03-21,Ligue 1,Toulouse,Lorient,draw,0.0038633909325937466,0.0038633909325937466,-0.016580783948078492,-0.016580783948078492,False
2026-03-21,Bundesliga,Heidenheim,Leverkusen,home,-0.0006391452230418981,0.0006391452230418981,-0.004929515827299585,0.004929515827299585,True
2026-03-21,Premier League,Brighton,Liverpool,draw,0.0029084226912257094,0.0029084226912257094,-0.004502412841874914,-0.004502412841874914,False
2026-03-21,La Liga,Levante,Oviedo,away,-0.003710856606538082,0.003710856606538082,0.01311108267685479,-0.01311108267685479,False
2026-03-21,Premier League,Fulham,Burnley,away,-0.001084545039989282,0.001084545039989282,0.007536457703529814,-0.007536457703529814,False
2026-03-21,Bundesliga,FC Koln,M'gladbach,away,-0.003385296425367723,0.003385296425367723,8.5083117193685e-05,-8.5083117193685e-05,False
2026-03-21,La Liga,Espanol,Getafe,draw,0.005320657479711111,0.005320657479711111,0.010297787079062037,0.010297787079062037,True
2026-03-21,Ligue 1,Auxerre,Brest,draw,0.004193244641112592,0.004193244641112592,0.00910536224811831,0.00910536224811831,True
2026-03-21,Bundesliga,Dortmund,Hamburg,home,0.0004921644062434449,0.0004921644062434449,-0.008356793988030131,-0.008356793988030131,False
2026-03-21,Premier League,Everton,Chelsea,draw,0.0027624074978429003,0.0027624074978429003,0.006236186587305015,0.006236186587305015,True
2026-03-21,Premier League,Leeds,Brentford,away,-0.0046151735484498135,0.0046151735484498135,-0.02013485618472921,0.02013485618472921,True
2026-03-21,La Liga,Osasuna,Girona,draw,0.003468850192645645,0.003468850192645645,-0.011116102986810872,-0.011116102986810872,False
2026-03-21,La Liga,Sevilla,Valencia,draw,0.004346805586669555,0.004346805586669555,-0.000737366614860735,-0.000737366614860735,False
2026-03-21,Serie A,Parma,Cremonese,draw,0.004179792773208513,0.004179792773208513,0.006717726683433123,0.006717726683433123,True
2026-03-21,La Liga,Elche,Mallorca,draw,0.0036345999545572827,0.0036345999545572827,-0.006030663980778284,-0.006030663980778284,False
2026-03-21,Bundesliga,Bayern Munich,Union Berlin,draw,-0.001447242688911693,0.001447242688911693,-0.014815573828476092,0.014815573828476092,True
2026-03-21,Bundesliga,Wolfsburg,Werder Bremen,draw,0.002712127931139119,0.002712127931139119,0.0007695882403560006,0.0007695882403560006,True
2026-03-21,Serie A,Milan,Torino,home,0.0004754845825051257,0.0004754845825051257,0.011636246407723427,0.011636246407723427,True
2026-03-22,Premier League,Tottenham,Nott'm Forest,draw,0.003526981736460877,0.003526981736460877,0.009442452490954378,0.009442452490954378,True
2026-03-22,Bundesliga,St Pauli,Freiburg,draw,0.004855176523675397,0.004855176523675397,0.007346073692458488,0.007346073692458488,True
2026-03-22,Bundesliga,Mainz,Ein Frankfurt,draw,0.0026029872689212197,0.0026029872689212197,0.007456633053221917,0.007456633053221917,True
2026-03-22,Ligue 1,Paris FC,Le Havre,draw,0.0039534001028317944,0.0039534001028317944,0.0034204447958297024,0.0034204447958297024,True
2026-03-22,Serie A,Atalanta,Verona,away,-0.00030650391823530687,0.00030650391823530687,-0.004124690720895302,0.004124690720895302,True
2026-03-22,Serie A,Como,Pisa,home,0.001297431275969707,0.001297431275969707,-0.0242753874781777,-0.0242753874781777,False
2026-03-22,Premier League,Aston Villa,West Ham,draw,0.002849893681670268,0.002849893681670268,-0.015478935724186293,-0.015478935724186293,False
2026-03-22,La Liga,Barcelona,Vallecano,draw,-0.0010562945751338149,0.0010562945751338149,-0.010165521280149414,0.010165521280149414,True
2026-03-22,Serie A,Roma,Lecce,draw,0.0009438994792344002,0.0009438994792344002,-0.00026075731168379024,-0.00026075731168379024,False
2026-03-22,La Liga,Real Madrid,Ath Madrid,away,-0.0027543723798277298,0.0027543723798277298,0.019132332093743987,-0.019132332093743987,False
2026-03-22,Ligue 1,Lyon,Monaco,draw,0.0026231107003018006,0.0026231107003018006,-0.0007977523873241021,-0.0007977523873241021,False
2026-03-22,Ligue 1,Rennes,Metz,home,0.0033274331483368336,0.0033274331483368336,0.03063995290925492,0.03063995290925492,True
2026-03-22,Serie A,Bologna,Lazio,draw,0.004752803040274811,0.004752803040274811,-0.00657777248973529,-0.00657777248973529,False
2026-03-22,Serie A,Fiorentina,Inter,draw,0.001214214980336692,0.001214214980336692,0.0011762991701705083,0.0011762991701705083,True
2026-03-22,La Liga,Ath Bilbao,Betis,draw,0.0034135407904494763,0.0034135407904494763,-0.005924987136520787,-0.005924987136520787,False
2026-03-22,Bundesliga,Augsburg,Stuttgart,draw,0.0019581626050631795,0.0019581626050631795,0.001898058938174324,0.001898058938174324,True
2026-03-22,Ligue 1,Marseille,Lille,draw,0.0024141190270061674,0.0024141190270061674,0.0015231783817868938,0.0015231783817868938,True
2026-03-22,Premier League,Newcastle,Sunderland,draw,0.0016986496279333962,0.0016986496279333962,-0.018227262422800206,-0.018227262422800206,False
2026-03-22,La Liga,Celta,Alaves,draw,0.0031226110168666166,0.0031226110168666166,0.009087777305500422,0.009087777305500422,True
2026-03-22,Ligue 1,Nantes,Strasbourg,draw,0.0028946089769155137,0.0028946089769155137,0.008306605808300227,0.008306605808300227,True
2026-04-03,Ligue 1,Paris SG,Toulouse,home,0.0010820731390743799,0.0010820731390743799,-0.018528989747332747,-0.018528989747332747,False
2026-04-03,La Liga,Vallecano,Elche,away,-0.0033002198072679123,0.0033002198072679123,-9.1938690606308e-05,9.1938690606308e-05,True
2026-04-04,Ligue 1,Brest,Rennes,home,-0.0037842842990042924,0.0037842842990042924,-0.007466582898010887,0.007466582898010887,True
2026-04-04,Bundesliga,Freiburg,Bayern Munich,away,0.0029250277631790444,0.0029250277631790444,-0.057686105891007755,-0.057686105891007755,False
2026-04-04,Serie A,Sassuolo,Cagliari,draw,0.003964591713311094,0.003964591713311094,0.0014899781323765016,0.0014899781323765016,True
2026-04-04,Bundesliga,Stuttgart,Dortmund,away,-0.0041792820038416,0.0041792820038416,0.005437047778982795,-0.005437047778982795,False
2026-04-04,La Liga,Ath Madrid,Barcelona,draw,0.002092540304821505,0.002092540304821505,-0.01351092907836371,-0.01351092907836371,False
2026-04-04,Serie A,Verona,Fiorentina,draw,0.002859883000194796,0.002859883000194796,0.024463947740798075,0.024463947740798075,True
2026-04-04,La Liga,Sociedad,Levante,draw,0.0009872700472696172,0.0009872700472696172,-0.0038089463193198836,-0.0038089463193198836,False
2026-04-04,Bundesliga,Werder Bremen,RB Leipzig,draw,0.0018887563400148966,0.0018887563400148966,-0.005212641498165194,-0.005212641498165194,False
2026-04-04,Bundesliga,Leverkusen,Wolfsburg,home,0.000706462516073425,0.000706462516073425,-0.010975336620226206,-0.010975336620226206,False
2026-04-04,Serie A,Lazio,Parma,draw,0.0027628106627946014,0.0027628106627946014,0.017168830550721215,0.017168830550721215,True
2026-04-04,La Liga,Mallorca,Real Madrid,draw,0.0008814150619311789,0.0008814150619311789,-0.009914785832436906,-0.009914785832436906,False
2026-04-04,Ligue 1,Lille,Lens,draw,0.003829933252947393,0.003829933252947393,-0.004510048138371803,-0.004510048138371803,False
2026-04-04,Ligue 1,Strasbourg,Nice,away,-0.004072550093158905,0.004072550093158905,0.02829916758601858,-0.02829916758601858,False
2026-04-04,Bundesliga,Hoffenheim,Mainz,draw,0.0015316110939049832,0.0015316110939049832,0.008013229576354086,0.008013229576354086,True
2026-04-04,Bundesliga,M'gladbach,Heidenheim,away,-0.0017556907061894167,0.0017556907061894167,0.006446865604846391,-0.006446865604846391,False
2026-04-04,La Liga,Betis,Espanol,draw,0.0015470840690529897,0.0015470840690529897,0.010301595762206073,0.010301595762206073,True
2026-04-04,Bundesliga,Hamburg,Augsburg,away,-0.004324307186220566,0.004324307186220566,0.0211721479929301,-0.0211721479929301,False
2026-04-05,Ligue 1,Metz,Nantes,draw,0.003881375378044394,0.003881375378044394,-0.0029320904663867053,-0.0029320904663867053,False
2026-04-05,Serie A,Inter,Roma,draw,0.0015823104232464968,0.0015823104232464968,-0.008356896608058606,-0.008356896608058606,False
2026-04-05,La Liga,Getafe,Ath Bilbao,draw,0.00600686032187181,0.00600686032187181,0.00018975140310512062,0.00018975140310512062,True
2026-04-05,La Liga,Valencia,Celta,draw,0.003846181120111092,0.003846181120111092,0.0026740258845445175,0.0026740258845445175,True
2026-04-05,Ligue 1,Monaco,Marseille,away,-0.003049358842958483,0.003049358842958483,-0.019124480106748498,0.019124480106748498,True
2026-04-05,Serie A,Cremonese,Bologna,draw,0.003094359038590788,0.003094359038590788,0.007329378790537799,0.007329378790537799,True
2026-04-05,Bundesliga,Union Berlin,St Pauli,draw,0.004385699299716717,0.004385699299716717,-0.0023870443173598654,-0.0023870443173598654,False
2026-04-05,Ligue 1,Angers,Lyon,draw,0.002548755101637268,0.002548755101637268,-0.036526441863413306,-0.036526441863413306,False
2026-04-05,Serie A,Pisa,Torino,draw,0.005173313443259442,0.005173313443259442,6.686089515928195e-07,6.686089515928195e-07,True
2026-04-05,Ligue 1,Lorient,Paris FC,draw,0.003697286648822129,0.003697286648822129,0.0047455619387978265,0.0047455619387978265,True
2026-04-05,La Liga,Oviedo,Sevilla,draw,0.0051055102395812235,0.0051055102395812235,0.0063176350905100875,0.0063176350905100875,True
2026-04-05,Ligue 1,Le Havre,Auxerre,draw,0.0043869013564863946,0.0043869013564863946,0.007290354877577621,0.007290354877577621,True
2026-04-05,Bundesliga,Ein Frankfurt,FC Koln,draw,0.0026011309445315156,0.0026011309445315156,-0.00876858988692697,-0.00876858988692697,False
2026-04-05,La Liga,Alaves,Osasuna,draw,0.0044202759527396385,0.0044202759527396385,0.003170381324367144,0.003170381324367144,True
2026-04-06,Serie A,Juventus,Genoa,home,0.0006699217675844027,0.0006699217675844027,-0.0006839446734143717,-0.0006839446734143717,False
2026-04-06,Serie A,Napoli,Milan,draw,0.005052466833428693,0.005052466833428693,0.0024108463332983,0.0024108463332983,True
2026-04-06,Serie A,Lecce,Atalanta,draw,0.0020074268080677027,0.0020074268080677027,-0.004846965537162573,-0.004846965537162573,False
2026-04-06,Serie A,Udinese,Como,draw,0.0014153548494353907,0.0014153548494353907,-0.0017045971326934972,-0.0017045971326934972,False
2026-04-06,La Liga,Girona,Villarreal,away,-0.004572152518999895,0.004572152518999895,-0.01629057301447967,0.01629057301447967,True
2026-04-10,Premier League,West Ham,Wolves,draw,0.002259839193094082,0.002259839193094082,-0.0002545052408411963,-0.0002545052408411963,False
2026-04-10,Ligue 1,Paris FC,Monaco,draw,0.0021812996125422646,0.0021812996125422646,0.0027252169339793686,0.0027252169339793686,True
2026-04-10,Bundesliga,Augsburg,Hoffenheim,draw,0.0019645911934424998,0.0019645911934424998,-0.005754874656454079,-0.005754874656454079,False
2026-04-10,Serie A,Roma,Pisa,home,0.0008374722225590325,0.0008374722225590325,-0.017869929926857986,-0.017869929926857986,False
2026-04-10,La Liga,Real Madrid,Girona,away,0.0004726349381906081,0.0004726349381906081,0.009507369862116602,0.009507369862116602,True
2026-04-10,Ligue 1,Marseille,Metz,draw,-0.0009527362638619974,0.0009527362638619974,-0.002510954329306786,0.002510954329306786,True
2026-04-11,Premier League,Brentford,Everton,draw,0.0036094821664254817,0.0036094821664254817,-0.0025033263059878186,-0.0025033263059878186,False
2026-04-11,La Liga,Barcelona,Espanol,draw,-0.0007280697162601046,0.0007280697162601046,0.015806634823219784,-0.015806634823219784,False
2026-04-11,Serie A,Atalanta,Juventus,draw,0.003217103338855054,0.003217103338855054,-0.004937671109560338,-0.004937671109560338,False
2026-04-11,Bundesliga,Wolfsburg,Ein Frankfurt,draw,0.0028186045810115745,0.0028186045810115745,-0.0018421615855374052,-0.0018421615855374052,False
2026-04-11,La Liga,Sevilla,Ath Madrid,away,-0.0050919342758989905,0.0050919342758989905,-0.05559905489008271,0.05559905489008271,True
2026-04-11,Premier League,Arsenal,Bournemouth,draw,0.0004928396744635077,0.0004928396744635077,0.0038053666408957854,0.0038053666408957854,True
2026-04-11,Serie A,Milan,Udinese,draw,0.0007518708963620002,0.0007518708963620002,0.0012106483869119,0.0012106483869119,True
2026-04-11,Premier League,Burnley,Brighton,home,-0.0012510771799114917,0.0012510771799114917,-0.03244654018555651,0.03244654018555651,True
2026-04-11,La Liga,Sociedad,Alaves,away,-0.0023231254764974063,0.0023231254764974063,0.024508831521430408,-0.024508831521430408,False
2026-04-11,Premier League,Liverpool,Fulham,draw,0.0010266980389462,0.0010266980389462,0.007554831007918511,0.007554831007918511,True
2026-04-11,Bundesliga,RB Leipzig,M'gladbach,home,0.0020112814495658604,0.0020112814495658604,0.015497896936189526,0.015497896936189526,True
2026-04-11,Serie A,Cagliari,Cremonese,draw,0.004174610779313803,0.004174610779313803,0.003117799095812279,0.003117799095812279,True
2026-04-11,Ligue 1,Rennes,Angers,home,0.0028790174312176564,0.0028790174312176564,0.018921592955206235,0.018921592955206235,True
2026-04-11,Ligue 1,Auxerre,Nantes,draw,0.003486413167570812,0.003486413167570812,-0.005740004343239402,-0.005740004343239402,False
2026-04-11,Bundesliga,Heidenheim,Union Berlin,away,-0.0032738958675964103,0.0032738958675964103,-0.03458680592678259,0.03458680592678259,True
2026-04-11,Serie A,Torino,Verona,draw,0.003239831562762585,0.003239831562762585,0.006893037721191375,0.006893037721191375,True
2026-04-11,La Liga,Elche,Valencia,draw,0.0040982273218255205,0.0040982273218255205,-0.012466922521288393,-0.012466922521288393,False
2026-04-11,Bundesliga,Dortmund,Leverkusen,away,-0.0021169057105553946,0.0021169057105553946,0.021280823910324986,-0.021280823910324986,False
2026-04-11,Bundesliga,St Pauli,Bayern Munich,away,0.0015645818631651043,0.0015645818631651043,0.01980166579868403,0.01980166579868403,True
2026-04-12,Bundesliga,FC Koln,Werder Bremen,draw,0.0029610052208258186,0.0029610052208258186,0.007788921392971604,0.007788921392971604,True
2026-04-12,Serie A,Bologna,Lecce,draw,0.0029074413915108344,0.0029074413915108344,0.003886178014429531,0.003886178014429531,True
2026-04-12,Premier League,Crystal Palace,Newcastle,draw,0.0028462966205168305,0.0028462966205168305,0.016845578904228498,0.016845578904228498,True
2026-04-12,La Liga,Osasuna,Betis,draw,0.003287700350537992,0.003287700350537992,0.0027468990633224832,0.0027468990633224832,True
2026-04-12,Bundesliga,Mainz,Freiburg,draw,0.0041552122693155336,0.0041552122693155336,-0.0038922705904504973,-0.0038922705904504973,False
2026-04-12,Serie A,Como,Inter,away,-0.004019454550310775,0.004019454550310775,-0.020059794990464508,0.020059794990464508,True
2026-04-12,Serie A,Genoa,Sassuolo,draw,0.0039331989243769905,0.0039331989243769905,-0.0023790333289794297,-0.0023790333289794297,False
2026-04-12,Serie A,Parma,Napoli,draw,0.001282492992057238,0.001282492992057238,0.007479669662595612,0.007479669662595612,True
2026-04-12,La Liga,Celta,Oviedo,away,-0.0017909831185655978,0.0017909831185655978,-0.0012376390657773961,0.0012376390657773961,True
2026-04-12,Ligue 1,Toulouse,Lille,draw,0.004070433626691128,0.004070433626691128,0.0009271653689791881,0.0009271653689791881,True
2026-04-12,La Liga,Ath Bilbao,Villarreal,away,-0.0035225787599469927,0.0035225787599469927,-0.04759936160950201,0.04759936160950201,True
2026-04-12,Premier League,Nott'm Forest,Aston Villa,away,-0.0058363495964630085,0.0058363495964630085,-0.040565081518511015,0.040565081518511015,True
2026-04-12,La Liga,Mallorca,Vallecano,draw,0.004260423376263867,0.004260423376263867,-0.007894377809362918,-0.007894377809362918,False
2026-04-12,Bundesliga,Stuttgart,Hamburg,home,0.0013896802600320557,0.0013896802600320557,0.06414605705745169,0.06414605705745169,True
2026-04-12,Premier League,Chelsea,Man City,draw,0.001869076866078484,0.001869076866078484,-0.004779780205239809,-0.004779780205239809,False
2026-04-12,Ligue 1,Lyon,Lorient,away,-0.00185012613389951,0.00185012613389951,-0.005693003158832005,0.005693003158832005,True
2026-04-12,Ligue 1,Nice,Le Havre,draw,0.004010131489673108,0.004010131489673108,-0.0011569599603906133,-0.0011569599603906133,False
2026-04-12,Premier League,Sunderland,Tottenham,away,-0.0036253371275241086,0.0036253371275241086,0.014266138497391223,-0.014266138497391223,False
2026-04-13,La Liga,Levante,Getafe,draw,0.005282581907355699,0.005282581907355699,0.0024390631392310347,0.0024390631392310347,True
2026-04-13,Premier League,Man United,Leeds,draw,0.0014687066833322937,0.0014687066833322937,0.0007577956043408884,0.0007577956043408884,True
2026-04-13,Serie A,Fiorentina,Lazio,draw,0.004552288958480422,0.004552288958480422,-0.00030666945698748505,-0.00030666945698748505,False
2026-04-17,Bundesliga,St Pauli,FC Koln,draw,0.0037578901635287876,0.0037578901635287876,-0.0010734390704001395,-0.0010734390704001395,False
2026-04-17,Serie A,Sassuolo,Como,away,0.0022404291067044113,0.0022404291067044113,0.02494158367525845,0.02494158367525845,True
2026-04-17,Ligue 1,Lens,Toulouse,home,0.002065770352977947,0.002065770352977947,-0.00823396018894329,-0.00823396018894329,False
2026-04-17,Serie A,Inter,Cagliari,draw,-0.0008567055704639948,0.0008567055704639948,-0.002997984621493699,0.002997984621493699,True
2026-04-18,Premier League,Tottenham,Brighton,draw,0.002603026439193523,0.002603026439193523,-0.007003029305380881,-0.007003029305380881,False
2026-04-18,Serie A,Udinese,Parma,draw,0.004680551981805892,0.004680551981805892,0.006685797783267278,0.006685797783267278,True
2026-04-18,Premier League,Brentford,Fulham,draw,0.002487817734349418,0.002487817734349418,-0.008373087096484377,-0.008373087096484377,False
2026-04-18,Serie A,Napoli,Lazio,draw,0.0017017988058425082,0.0017017988058425082,-0.0076478706585668965,-0.0076478706585668965,False
2026-04-18,Premier League,Chelsea,Man United,draw,0.0029599363092659425,0.0029599363092659425,-0.010346250578438354,-0.010346250578438354,False
2026-04-18,Ligue 1,Lorient,Marseille,home,-0.0016890488744744914,0.0016890488744744914,-0.010287038951733496,0.010287038951733496,True
2026-04-18,Bundesliga,Werder Bremen,Hamburg,away,-0.0034300463375537826,0.0034300463375537826,-0.0378436390556364,0.0378436390556364,True
2026-04-18,Premier League,Leeds,Wolves,away,-0.0030573577036765998,0.0030573577036765998,-0.020140826764090985,0.020140826764090985,True
2026-04-18,Ligue 1,Angers,Le Havre,draw,0.004914967867291786,0.004914967867291786,0.0013737010414823225,0.0013737010414823225,True
2026-04-18,Serie A,Roma,Atalanta,draw,0.00394043481853501,0.00394043481853501,-0.006856699905309793,-0.006856699905309793,False
2026-04-18,Bundesliga,Leverkusen,Augsburg,home,0.0016485502542805675,0.0016485502542805675,0.01305903643207007,0.01305903643207007,True
2026-04-18,Bundesliga,Hoffenheim,Dortmund,draw,0.002189622203804781,0.002189622203804781,0.0003703744149002042,0.0003703744149002042,True
2026-04-18,Ligue 1,Lille,Nice,home,0.0033703862074744295,0.0033703862074744295,0.00604949519264153,0.00604949519264153,True
2026-04-18,Bundesliga,Union Berlin,Wolfsburg,draw,0.0031482625824852395,0.0031482625824852395,-0.006320600474768179,-0.006320600474768179,False
2026-04-18,Premier League,Newcastle,Bournemouth,away,-0.002356469694551444,0.002356469694551444,0.039202172146618364,-0.039202172146618364,False
2026-04-18,Bundesliga,Ein Frankfurt,RB Leipzig,home,-0.0019980250095560925,0.0019980250095560925,0.038423949958921066,-0.038423949958921066,False
2026-04-19,Premier League,Nott'm Forest,Burnley,away,-0.002178992806246116,0.002178992806246116,-0.010553796423538514,0.010553796423538514,True
2026-04-19,Serie A,Verona,Milan,away,-0.0019694535846397354,0.0019694535846397354,0.01378136679082409,-0.01378136679082409,False
2026-04-19,Bundesliga,Bayern Munich,Stuttgart,home,0.002284848029352804,0.002284848029352804,-0.03689267316110989,-0.03689267316110989,False
2026-04-19,Ligue 1,Paris SG,Lyon,home,0.0008734941876936686,0.0008734941876936686,-0.012977975907780936,-0.012977975907780936,False
2026-04-19,Serie A,Cremonese,Torino,draw,0.004738535598459992,0.004738535598459992,0.0013945359487609332,0.0013945359487609332,True
2026-04-19,Serie A,Pisa,Genoa,draw,0.004194651618268597,0.004194651618268597,0.015668861382897192,0.015668861382897192,True
2026-04-19,Ligue 1,Monaco,Auxerre,home,-0.0027079809044535663,0.0027079809044535663,-0.012286341272022328,0.012286341272022328,True
2026-04-19,Premier League,Aston Villa,Sunderland,draw,0.002149715203005109,0.002149715203005109,0.008537732073165383,0.008537732073165383,True
2026-04-19,Premier League,Everton,Liverpool,draw,0.0035089947472058403,0.0035089947472058403,0.0036878856869146937,0.0036878856869146937,True
2026-04-19,Bundesliga,M'gladbach,Mainz,draw,0.0032996482218219936,0.0032996482218219936,-0.00525785090273978,-0.00525785090273978,False
2026-04-19,Ligue 1,Metz,Paris FC,draw,0.003047123976337607,0.003047123976337607,-0.0029234276307796847,-0.0029234276307796847,False
2026-04-19,Ligue 1,Strasbourg,Rennes,draw,0.002695516063276615,0.002695516063276615,-0.021157236568299792,-0.021157236568299792,False
2026-04-19,Ligue 1,Nantes,Brest,away,-0.007012473833272526,0.007012473833272526,0.000586563243164695,-0.000586563243164695,False
2026-04-19,Premier League,Man City,Arsenal,away,-0.0031017532254840052,0.0031017532254840052,0.002316812457017814,-0.002316812457017814,False
2026-04-19,Bundesliga,Freiburg,Heidenheim,draw,0.0012047689067525014,0.0012047689067525014,-0.0031538805640535794,-0.0031538805640535794,False
2026-04-19,Serie A,Juventus,Bologna,away,-0.0018572079182749834,0.0018572079182749834,-0.0031855203927983744,0.0031855203927983744,True
2026-04-20,Serie A,Lecce,Fiorentina,draw,0.0034012949285023852,0.0034012949285023852,0.003387548312285271,0.003387548312285271,True
2026-04-20,Premier League,Crystal Palace,West Ham,draw,0.003937716272984448,0.003937716272984448,-0.008375892804067198,-0.008375892804067198,False
2026-04-21,Premier League,Brighton,Chelsea,away,-0.0033369653493786067,0.0033369653493786067,-0.041263805978675794,0.041263805978675794,True
2026-04-21,La Liga,Mallorca,Valencia,draw,0.004429100996532098,0.004429100996532098,-0.0008824903357295688,-0.0008824903357295688,False
2026-04-21,La Liga,Ath Bilbao,Osasuna,draw,0.002837356460480389,0.002837356460480389,0.004007699292220779,0.004007699292220779,True
2026-04-21,La Liga,Girona,Betis,away,-0.0040977199583667745,0.0040977199583667745,-0.0015975184697871736,0.0015975184697871736,True
2026-04-21,La Liga,Real Madrid,Alaves,home,0.001107328098697069,0.001107328098697069,0.01918912072233625,0.01918912072233625,True
2026-04-22,La Liga,Barcelona,Celta,home,0.002085226717646216,0.002085226717646216,0.0038195150213996554,0.0038195150213996554,True
2026-04-22,Premier League,Burnley,Man City,away,0.004122981876348963,0.004122981876348963,-0.005825646700264309,-0.005825646700264309,False
2026-04-22,La Liga,Sociedad,Getafe,draw,0.004925610565094718,0.004925610565094718,-0.0013110439828344922,-0.0013110439828344922,False
2026-04-22,Premier League,Bournemouth,Leeds,draw,0.002983013037269111,0.002983013037269111,-0.019124655135678487,-0.019124655135678487,False
2026-04-22,Ligue 1,Paris SG,Nantes,draw,-0.0009692779751886982,0.0009692779751886982,-0.009738967255034509,0.009738967255034509,True
2026-04-22,La Liga,Elche,Ath Madrid,away,-0.004515148484005804,0.004515148484005804,-0.035342301981778734,0.035342301981778734,True
2026-04-23,La Liga,Vallecano,Espanol,draw,0.0038747171545602255,0.0038747171545602255,-0.0077779173973757665,-0.0077779173973757665,False
2026-04-23,La Liga,Oviedo,Villarreal,draw,0.0037830107784028177,0.0037830107784028177,0.0028888708104091165,0.0028888708104091165,True
2026-04-23,La Liga,Levante,Sevilla,away,-0.004388359909674566,0.004388359909674566,-0.018211022239371266,0.018211022239371266,True
2026-04-24,La Liga,Betis,Real Madrid,draw,0.00144773185345079,0.00144773185345079,0.0029105688479103,0.0029105688479103,True
2026-04-24,Ligue 1,Brest,Lens,away,0.00287215992260359,0.00287215992260359,0.007590076361619791,0.007590076361619791,True
2026-04-24,Serie A,Napoli,Cremonese,home,-0.0006869424732358631,0.0006869424732358631,0.004601006877677394,-0.004601006877677394,False
2026-04-24,Premier League,Sunderland,Nott'm Forest,draw,0.004196300618996784,0.004196300618996784,0.00841326993513819,0.00841326993513819,True
2026-04-24,Bundesliga,RB Leipzig,Union Berlin,home,0.0030465863012577588,0.0030465863012577588,-0.02576900879266475,-0.02576900879266475,False
2026-04-25,Premier League,Fulham,Aston Villa,away,-0.004665542573335291,0.004665542573335291,-0.03188248633997359,0.03188248633997359,True
2026-04-25,Bundesliga,Mainz,Bayern Munich,home,-0.0008021437603540071,0.0008021437603540071,0.041261681170309206,-0.041261681170309206,False
2026-04-25,Premier League,Wolves,Tottenham,home,-0.003161822878771009,0.003161822878771009,-0.007121646185819092,0.007121646185819092,True
2026-04-25,La Liga,Getafe,Barcelona,draw,0.001433288976370406,0.001433288976370406,0.005502540101840897,0.005502540101840897,True
2026-04-25,Bundesliga,Heidenheim,St Pauli,away,-0.005112936035779891,0.005112936035779891,-0.00645510608264005,0.00645510608264005,True
2026-04-25,Bundesliga,FC Koln,Leverkusen,away,-0.0024662758124764927,0.0024662758124764927,-0.014624295005742916,0.014624295005742916,True
2026-04-25,Serie A,Verona,Lecce,draw,0.005148424295970955,0.005148424295970955,0.009521790253699092,0.009521790253699092,True
2026-04-25,Bundesliga,Augsburg,Ein Frankfurt,draw,0.0023263819092128046,0.0023263819092128046,0.0012170940397336905,0.0012170940397336905,True
2026-04-25,Serie A,Parma,Pisa,draw,0.003602300377407164,0.003602300377407164,0.01878520069027867,0.01878520069027867,True
2026-04-25,Ligue 1,Lyon,Auxerre,draw,0.0017614775365364932,0.0017614775365364932,-0.006382183642078598,-0.006382183642078598,False
2026-04-25,Premier League,West Ham,Everton,away,-0.004184026813011332,0.004184026813011332,0.009411562969374065,-0.009411562969374065,False
2026-04-25,Ligue 1,Toulouse,Monaco,draw,0.0024249796391015987,0.0024249796391015987,-0.02203423861295281,-0.02203423861295281,False
2026-04-25,La Liga,Ath Madrid,Ath Bilbao,draw,0.002748671783761314,0.002748671783761314,-0.0035170891188051057,-0.0035170891188051057,False
2026-04-25,Bundesliga,Wolfsburg,M'gladbach,draw,0.002763119067396902,0.002763119067396902,-0.0036055448279559976,-0.0036055448279559976,False
2026-04-25,Ligue 1,Angers,Paris SG,away,0.004204581981805733,0.004204581981805733,0.006513852484307692,0.006513852484307692,True
2026-04-25,La Liga,Alaves,Mallorca,draw,0.004264585264769083,0.004264585264769083,-0.015788724297402523,-0.015788724297402523,False
2026-04-25,Premier League,Arsenal,Newcastle,away,-0.0004456586494781811,0.0004456586494781811,-0.02686439103332819,0.02686439103332819,True
2026-04-25,La Liga,Valencia,Girona,draw,0.0031205668470840053,0.0031205668470840053,0.014716147218704123,0.014716147218704123,True
2026-04-25,Premier League,Liverpool,Crystal Palace,away,-0.0007867312125698078,0.0007867312125698078,0.03168246715049561,-0.03168246715049561,False
2026-04-25,Bundesliga,Hamburg,Hoffenheim,home,-0.001216204096776613,0.001216204096776613,-0.02427854394342982,0.02427854394342982,True
2026-04-25,Serie A,Bologna,Roma,draw,0.004044646605987023,0.004044646605987023,-0.003756810248518594,-0.003756810248518594,False
2026-04-26,La Liga,Villarreal,Celta,away,-0.0032488547337153895,0.0032488547337153895,-0.016307291800767593,0.016307291800767593,True
2026-04-26,La Liga,Osasuna,Sevilla,away,-0.0032423384785901788,0.0032423384785901788,-0.038118605801337385,0.038118605801337385,True
2026-04-26,Ligue 1,Paris FC,Lille,draw,0.002438004647126679,0.002438004647126679,-0.018781954276736512,-0.018781954276736512,False
2026-04-26,Serie A,Torino,Inter,away,0.0011595133082286102,0.0011595133082286102,0.011339176635052906,0.011339176635052906,True
2026-04-26,Bundesliga,Stuttgart,Werder Bremen,away,-0.0013621822405901207,0.0013621822405901207,0.006283261092801695,-0.006283261092801695,False
2026-04-26,Serie A,Milan,Juventus,draw,0.004074832100258607,0.004074832100258607,0.004803955946622418,0.004803955946622418,True
2026-04-26,Ligue 1,Marseille,Nice,home,0.0020671472597744156,0.0020671472597744156,-0.09095323758352925,-0.09095323758352925,False
2026-04-26,Ligue 1,Lorient,Strasbourg,away,-0.003672827484723362,0.003672827484723362,0.0017354701289277186,-0.0017354701289277186,False
2026-04-26,Ligue 1,Rennes,Nantes,away,-0.0005132395812159074,0.0005132395812159074,0.011622671861580197,-0.011622671861580197,False
2026-04-26,Serie A,Genoa,Como,home,-0.0023514522911789737,0.0023514522911789737,-0.04081501726443579,0.04081501726443579,True
2026-04-26,Serie A,Fiorentina,Sassuolo,away,-0.0030665704746902778,0.0030665704746902778,0.024450621546209417,-0.024450621546209417,False
2026-04-26,Bundesliga,Dortmund,Freiburg,home,0.0013235483022542294,0.0013235483022542294,-0.02344162013616269,-0.02344162013616269,False
2026-04-26,La Liga,Oviedo,Elche,away,-0.003688217370936775,0.003688217370936775,-0.027664507366385094,0.027664507366385094,True
2026-04-26,La Liga,Vallecano,Sociedad,draw,0.0039055008172868,0.0039055008172868,-0.01056744479118632,-0.01056744479118632,False
2026-04-26,Ligue 1,Le Havre,Metz,away,-0.0020741766150413066,0.0020741766150413066,-0.00015520749673719747,0.00015520749673719747,True
2026-04-27,Serie A,Cagliari,Atalanta,draw,0.0018753849586147786,0.0018753849586147786,-0.004421078062796735,-0.004421078062796735,False
2026-04-27,La Liga,Espanol,Levante,draw,0.003229896701753221,0.003229896701753221,0.006733162494650502,0.006733162494650502,True
2026-04-27,Premier League,Man United,Brentford,draw,0.0019380707587958734,0.0019380707587958734,0.006895992187057359,0.006895992187057359,True
2026-04-27,Serie A,Lazio,Udinese,draw,0.003618292774368481,0.003618292774368481,0.021501918281628396,0.021501918281628396,True
2026-05-01,Premier League,Leeds,Burnley,home,0.002791923791053752,0.002791923791053752,-0.00760410631874231,-0.00760410631874231,False
2026-05-01,Serie A,Pisa,Lecce,draw,0.004654896709676115,0.004654896709676115,0.008790963005240737,0.008790963005240737,True
2026-05-01,La Liga,Girona,Mallorca,draw,0.003138980484031495,0.003138980484031495,-0.005731522811522616,-0.005731522811522616,False
2026-05-02,La Liga,Osasuna,Barcelona,away,-0.0017280381273944156,0.0017280381273944156,0.024636245192853345,-0.024636245192853345,False
2026-05-02,Premier League,Newcastle,Brighton,draw,0.0026200980189985956,0.0026200980189985956,0.0005355122013405156,0.0005355122013405156,True
2026-05-02,Bundesliga,Werder Bremen,Augsburg,away,-0.0035418001480014283,0.0035418001480014283,0.002844964360858182,-0.002844964360858182,False
2026-05-02,Serie A,Udinese,Torino,away,-0.0040735189685041084,0.0040735189685041084,-0.04800906427118992,0.04800906427118992,True
2026-05-02,Serie A,Atalanta,Genoa,away,-0.002381003435895701,0.002381003435895701,-0.015870714373893507,0.015870714373893507,True
2026-05-02,Bundesliga,Union Berlin,FC Koln,draw,0.003533027515060294,0.003533027515060294,-0.002752533963348791,-0.002752533963348791,False
2026-05-02,Bundesliga,Leverkusen,RB Leipzig,draw,0.0016788100063583888,0.0016788100063583888,-0.0006248878883335085,-0.0006248878883335085,False
2026-05-02,Bundesliga,Bayern Munich,Heidenheim,draw,-0.0010284573815325937,0.0010284573815325937,0.004587971260362617,-0.004587971260362617,False
2026-05-02,La Liga,Alaves,Ath Bilbao,draw,0.003524322522813206,0.003524322522813206,0.011795443730397315,0.011795443730397315,True
2026-05-02,Bundesliga,Hoffenheim,Stuttgart,draw,0.0018598798330471122,0.0018598798330471122,0.000698176356436514,0.000698176356436514,True
2026-05-02,Premier League,Arsenal,Fulham,draw,0.0006422684790653166,0.0006422684790653166,-9.836554177189427e-05,-9.836554177189427e-05,False
2026-05-02,Premier League,Wolves,Sunderland,draw,0.0032379021051597845,0.0032379021051597845,-0.012460151335413339,-0.012460151335413339,False
2026-05-02,La Liga,Villarreal,Levante,draw,0.0012991111223207008,0.0012991111223207008,-0.0011385532483398908,-0.0011385532483398908,False
2026-05-02,Bundesliga,Ein Frankfurt,Hamburg,away,-0.0018984988730277041,0.0018984988730277041,-0.007773799638920498,0.007773799638920498,True
2026-05-02,Ligue 1,Metz,Monaco,away,0.0003912158661157905,0.0003912158661157905,0.031046967538055803,0.031046967538055803,True
2026-05-02,La Liga,Valencia,Ath Madrid,away,-0.004648520909268095,0.004648520909268095,-0.02337864821058988,0.02337864821058988,True
2026-05-02,Premier League,Brentford,West Ham,draw,0.0020376134859027006,0.0020376134859027006,-0.0046144410333283925,-0.0046144410333283925,False
2026-05-02,Ligue 1,Nice,Lens,draw,0.0012484283726210965,0.0012484283726210965,-0.009700794326362505,-0.009700794326362505,False
2026-05-02,Ligue 1,Paris SG,Lorient,home,0.002000335735472203,0.002000335735472203,-0.01989146484248483,-0.01989146484248483,False
2026-05-02,Ligue 1,Nantes,Marseille,draw,0.0014069546757550788,0.0014069546757550788,0.009223844214711285,0.009223844214711285,True
2026-05-02,Serie A,Como,Napoli,away,-0.004408875366627485,0.004408875366627485,-0.0140322440659158,0.0140322440659158,True
2026-05-03,Serie A,Juventus,Verona,draw,-0.0007905588736192015,0.0007905588736192015,-0.021032090445644386,0.021032090445644386,True
2026-05-03,Ligue 1,Lille,Le Havre,home,0.0011938664820779765,0.0011938664820779765,0.020673816933241107,0.020673816933241107,True
2026-05-03,Serie A,Inter,Parma,draw,-0.0010733887067969072,0.0010733887067969072,-0.009088997240853908,0.009088997240853908,True
2026-05-03,La Liga,Getafe,Vallecano,draw,0.0036205263790867193,0.0036205263790867193,0.01601596317696219,0.01601596317696219,True
2026-05-03,Serie A,Bologna,Cagliari,draw,0.0028122621283281912,0.0028122621283281912,0.03177885896542987,0.03177885896542987,True
2026-05-03,Premier League,Aston Villa,Tottenham,draw,0.002517058369865377,0.002517058369865377,0.004413804462814419,0.004413804462814419,True
2026-05-03,La Liga,Espanol,Real Madrid,away,-0.0026580355527712207,0.0026580355527712207,-0.0039648965393117575,0.0039648965393117575,True
2026-05-03,La Liga,Betis,Oviedo,away,-0.0012163737929006824,0.0012163737929006824,-0.0016004237515215014,0.0016004237515215014,True
2026-05-03,La Liga,Celta,Elche,draw,0.0018548048786594107,0.0018548048786594107,-0.002608315408402284,-0.002608315408402284,False
2026-05-03,Ligue 1,Paris FC,Brest,away,-0.005282637693650782,0.005282637693650782,-0.023504788343151006,0.023504788343151006,True
2026-05-03,Ligue 1,Lyon,Rennes,away,-0.002666843762860416,0.002666843762860416,-0.015143478778602504,0.015143478778602504,True
2026-05-03,Ligue 1,Auxerre,Angers,away,-0.003722476450809198,0.003722476450809198,0.01584919704398452,-0.01584919704398452,False
2026-05-03,Premier League,Man United,Liverpool,away,-0.002327752626963664,0.002327752626963664,0.004756044811111804,-0.004756044811111804,False
2026-05-03,Bundesliga,Freiburg,Wolfsburg,home,-0.0029300073712059116,0.0029300073712059116,0.07228698610718148,-0.07228698610718148,False
2026-05-03,Bundesliga,M'gladbach,Dortmund,draw,0.0021320347904670023,0.0021320347904670023,-0.0005815372345618075,-0.0005815372345618075,False
2026-05-03,Premier League,Bournemouth,Crystal Palace,away,-0.0018889385771752032,0.0018889385771752032,-0.005123129884227501,0.005123129884227501,True
2026-05-03,Bundesliga,St Pauli,Mainz,draw,0.003973826849987039,0.003973826849987039,-0.002402270359405656,-0.002402270359405656,False
2026-05-03,Serie A,Sassuolo,Milan,draw,0.0011078761537590964,0.0011078761537590964,0.0024601884825344034,0.0024601884825344034,True
2026-05-03,Ligue 1,Strasbourg,Toulouse,draw,0.0027985300023544712,0.0027985300023544712,0.0007982599194819584,0.0007982599194819584,True
2026-05-04,Premier League,Everton,Man City,away,0.0023822210653782205,0.0023822210653782205,0.0038804441841463477,0.0038804441841463477,True
2026-05-04,Serie A,Roma,Fiorentina,draw,0.0014895012009824016,0.0014895012009824016,-0.009823736162087288,-0.009823736162087288,False
2026-05-04,La Liga,Sevilla,Sociedad,draw,0.0034976726637032662,0.0034976726637032662,0.016356868617539766,0.016356868617539766,True
2026-05-04,Premier League,Chelsea,Nott'm Forest,home,-0.004145238131416207,0.004145238131416207,0.11061872135592021,-0.11061872135592021,False
2026-05-04,Serie A,Cremonese,Lazio,draw,0.004310845127515228,0.004310845127515228,0.007760797670215813,0.007760797670215813,True
2026-05-08,Ligue 1,Lens,Nantes,home,-0.0006167978007324271,0.0006167978007324271,-0.0020070651815968787,0.0020070651815968787,True
2026-05-08,Bundesliga,Dortmund,Ein Frankfurt,away,-0.0026849459030731104,0.0026849459030731104,0.014898206094263594,-0.014898206094263594,False
2026-05-08,La Liga,Levante,Osasuna,draw,0.004100909885330906,0.004100909885330906,-0.0015354053107369814,-0.0015354053107369814,False
2026-05-08,Serie A,Torino,Sassuolo,draw,0.003952289467535397,0.003952289467535397,0.004283593717126999,0.004283593717126999,True
2026-05-09,Bundesliga,Augsburg,M'gladbach,draw,0.002395176767758578,0.002395176767758578,-0.015210164967674106,-0.015210164967674106,False
2026-05-09,Serie A,Lecce,Juventus,away,0.00238201497498558,0.00238201497498558,0.024365781453245527,0.024365781453245527,True
2026-05-09,Premier League,Brighton,Wolves,home,0.002634672175905406,0.002634672175905406,0.0010546775553461618,0.0010546775553461618,True
2026-05-09,Serie A,Lazio,Inter,draw,0.0018230994397099853,0.0018230994397099853,0.010413265542514982,0.010413265542514982,True
2026-05-09,Bundesliga,Hoffenheim,Werder Bremen,home,0.0022540515748484813,0.0022540515748484813,-0.012738118577559354,-0.012738118577559354,False
2026-05-09,Bundesliga,Wolfsburg,Bayern Munich,away,-0.0019411996780515084,0.0019411996780515084,0.06657153232051649,-0.06657153232051649,False
2026-05-09,Bundesliga,RB Leipzig,St Pauli,home,0.001170960058017756,0.001170960058017756,0.019596676944673597,0.019596676944673597,True
2026-05-09,Premier League,Fulham,Bournemouth,draw,0.00248699535659197,0.00248699535659197,0.004744124055320875,0.004744124055320875,True
2026-05-09,Premier League,Man City,Brentford,home,0.0005787163167578768,0.0005787163167578768,0.0039722326726810975,0.0039722326726810975,True
2026-05-09,Bundesliga,Stuttgart,Leverkusen,away,-0.0019309761930436653,0.0019309761930436653,-0.028632767903727263,0.028632767903727263,True
2026-05-09,La Liga,Elche,Alaves,draw,0.0036029841102377946,0.0036029841102377946,0.009256580900897815,0.009256580900897815,True
2026-05-09,Premier League,Sunderland,Man United,home,-0.0020114757996660126,0.0020114757996660126,0.05394850010337701,-0.05394850010337701,False
2026-05-09,La Liga,Sevilla,Espanol,away,-0.003233615317411287,0.003233615317411287,-0.028261521460545114,0.028261521460545114,True
2026-05-09,Premier League,Liverpool,Chelsea,away,-0.0034108868075517773,0.0034108868075517773,0.024439121456833496,-0.024439121456833496,False
2026-05-09,La Liga,Sociedad,Betis,draw,0.002702146965966379,0.002702146965966379,0.005952006144107291,0.005952006144107291,True
2026-05-09,Serie A,Cagliari,Udinese,draw,0.004598341496927283,0.004598341496927283,0.0062358637761784075,0.0062358637761784075,True
2026-05-09,La Liga,Ath Madrid,Celta,draw,0.0027741824639457846,0.0027741824639457846,-0.015972232221174498,-0.015972232221174498,False
2026-05-10,Ligue 1,Auxerre,Nice,draw,0.0033643228979051143,0.0033643228979051143,0.0031090017780424084,0.0031090017780424084,True
2026-05-10,Bundesliga,Mainz,Union Berlin,away,-0.0019671352506343,0.0019671352506343,-0.003854471507649504,0.003854471507649504,True
2026-05-10,Ligue 1,Toulouse,Lyon,home,-0.0029162369974946034,0.0029162369974946034,0.023347455816205204,-0.023347455816205204,False
2026-05-10,Serie A,Parma,Roma,home,-0.0019464581892583155,0.0019464581892583155,-0.042570055541843704,0.042570055541843704,True
2026-05-10,Serie A,Fiorentina,Genoa,draw,0.003467969483343658,0.003467969483343658,0.0006587834085806654,0.0006587834085806654,True
2026-05-10,Bundesliga,FC Koln,Heidenheim,away,-0.001964200427319096,0.001964200427319096,0.03676534369380652,-0.03676534369380652,False
2026-05-10,Ligue 1,Rennes,Paris FC,home,-0.001115486018757883,0.001115486018757883,-0.014935416794477296,0.014935416794477296,True
2026-05-10,Ligue 1,Paris SG,Brest,home,0.0033650035193472094,0.0033650035193472094,-0.015461301096284075,-0.015461301096284075,False
2026-05-10,Serie A,Cremonese,Pisa,away,-0.0023613314836518073,0.0023613314836518073,0.03572199049984878,-0.03572199049984878,False
2026-05-10,Premier League,Burnley,Aston Villa,home,-0.0022138643017025894,0.0022138643017025894,-0.02704004402174348,0.02704004402174348,True
2026-05-10,La Liga,Oviedo,Getafe,draw,0.004768911424147093,0.004768911424147093,0.023850018098026116,0.023850018098026116,True
2026-05-10,Serie A,Verona,Como,away,0.001373938812421538,0.001373938812421538,0.0015784590356957562,0.0015784590356957562,True
2026-05-10,Premier League,Crystal Palace,Everton,draw,0.0038213225607259815,0.0038213225607259815,0.0023186281880449577,0.0023186281880449577,True
2026-05-10,Bundesliga,Hamburg,Freiburg,draw,0.0028050575665587996,0.0028050575665587996,-0.0006068269084102962,-0.0006068269084102962,False
2026-05-10,Ligue 1,Monaco,Lille,home,-0.0032733121683830024,0.0032733121683830024,-0.038101465986238536,0.038101465986238536,True
2026-05-10,La Liga,Ath Bilbao,Valencia,away,-0.002221577300523886,0.002221577300523886,-0.020268634210391906,0.020268634210391906,True
2026-05-10,Premier League,Nott'm Forest,Newcastle,away,-0.004372815355900783,0.004372815355900783,0.07153256089718635,-0.07153256089718635,False
2026-05-10,Ligue 1,Le Havre,Marseille,away,-0.0030598646551834863,0.0030598646551834863,0.018956689188101283,-0.018956689188101283,False
2026-05-10,Ligue 1,Angers,Strasbourg,away,-0.0047675232319301375,0.0047675232319301375,-0.015317450841172031,0.015317450841172031,True
2026-05-10,La Liga,Mallorca,Villarreal,away,-0.0043853079836237985,0.0043853079836237985,0.010649948077771088,-0.010649948077771088,False
2026-05-10,Serie A,Milan,Atalanta,draw,0.0032919472155270024,0.0032919472155270024,0.012109201471860342,0.012109201471860342,True
2026-05-10,Ligue 1,Metz,Lorient,draw,0.0027162539666505947,0.0027162539666505947,0.001697080461361189,0.001697080461361189,True
2026-05-10,La Liga,Barcelona,Real Madrid,away,-0.0013275828962747982,0.0013275828962747982,0.0059450907130579045,-0.0059450907130579045,False
2026-05-10,Premier League,West Ham,Arsenal,home,-0.001200189781341593,0.001200189781341593,-0.015809359855625288,0.015809359855625288,True
2026-05-11,Serie A,Napoli,Bologna,away,-0.0017262900170257056,0.0017262900170257056,0.0017050460078988083,-0.0017050460078988083,False
2026-05-11,Premier League,Tottenham,Leeds,away,-0.002239232938843816,0.002239232938843816,-0.01223986180546452,0.01223986180546452,True
2026-05-11,La Liga,Vallecano,Girona,draw,0.0032698377462510586,0.0032698377462510586,0.01420697247287328,0.01420697247287328,True
2026-05-12,La Liga,Osasuna,Ath Madrid,away,-0.0036569959918705264,0.0036569959918705264,0.0048787170777672695,-0.0048787170777672695,False
2026-05-12,La Liga,Betis,Elche,away,-0.0020620550727828146,0.0020620550727828146,0.010778999933544503,-0.010778999933544503,False
2026-05-12,La Liga,Celta,Levante,away,-0.0026445606794845145,0.0026445606794845145,0.021425714189307887,-0.021425714189307887,False
2026-05-13,La Liga,Alaves,Barcelona,away,-0.003669530787965003,0.003669530787965003,-0.012503132691860597,0.012503132691860597,True
2026-05-13,La Liga,Getafe,Mallorca,draw,0.004587918224024934,0.004587918224024934,0.018918655738537404,0.018918655738537404,True
2026-05-13,Ligue 1,Brest,Strasbourg,draw,0.002871843439421373,0.002871843439421373,-0.005181305038049144,-0.005181305038049144,False
2026-05-13,La Liga,Villarreal,Sevilla,draw,0.003299211204398911,0.003299211204398911,-0.004538880395417,-0.004538880395417,False
2026-05-13,La Liga,Espanol,Ath Bilbao,draw,0.004166155732560017,0.004166155732560017,0.028364771612366113,0.028364771612366113,True
2026-05-13,Premier League,Man City,Crystal Palace,home,0.002523979542827459,0.002523979542827459,-0.06762238280048682,-0.06762238280048682,False
2026-05-13,Ligue 1,Lens,Paris SG,home,-0.0023819716612822894,0.0023819716612822894,0.01952614634872929,-0.01952614634872929,False
2026-05-14,La Liga,Real Madrid,Oviedo,draw,-0.0008451894867722021,0.0008451894867722021,-0.005333260614472118,0.005333260614472118,True
2026-05-14,La Liga,Girona,Sociedad,away,-0.0032920620519794053,0.0032920620519794053,-0.034641287045579006,0.034641287045579006,True
2026-05-14,La Liga,Valencia,Vallecano,draw,0.0033937441580318972,0.0033937441580318972,0.025809007023567476,0.025809007023567476,True
2026-05-15,Premier League,Aston Villa,Liverpool,draw,0.003179647716270717,0.003179647716270717,0.0013409900177854261,0.0013409900177854261,True
2026-05-16,Bundesliga,Leverkusen,Hamburg,home,0.0023990853220726693,0.0023990853220726693,-0.010028413481562803,-0.010028413481562803,False
2026-05-16,Bundesliga,Ein Frankfurt,Stuttgart,home,-0.001980371469939901,0.001980371469939901,-0.010278406831620401,0.010278406831620401,True
2026-05-16,Bundesliga,M'gladbach,Hoffenheim,home,-0.0013702817646870924,0.0013702817646870924,-0.014457644163942796,0.014457644163942796,True
2026-05-16,Bundesliga,Freiburg,RB Leipzig,away,-0.0021280006577001354,0.0021280006577001354,-0.0404417146990233,0.0404417146990233,True
2026-05-16,Bundesliga,St Pauli,Wolfsburg,home,-0.0034199660055551084,0.0034199660055551084,0.030101056687106775,-0.030101056687106775,False
2026-05-16,Bundesliga,Werder Bremen,Dortmund,draw,0.0015817180711832912,0.0015817180711832912,0.0020569903153092872,0.0020569903153092872,True
2026-05-16,Bundesliga,Union Berlin,Augsburg,draw,0.0020477373963929124,0.0020477373963929124,-0.01104114627671779,-0.01104114627671779,False
2026-05-16,Bundesliga,Bayern Munich,FC Koln,draw,-0.0013746920315291927,0.0013746920315291927,-0.004393883763828696,0.004393883763828696,True
2026-05-16,Bundesliga,Heidenheim,Mainz,away,-0.004801615748396104,0.004801615748396104,0.005606895134359968,-0.005606895134359968,False
2026-05-17,Premier League,Everton,Sunderland,away,-0.0027138591130417,0.0027138591130417,0.003196283513466208,-0.003196283513466208,False
2026-05-17,Ligue 1,Nice,Metz,home,0.003618730696633876,0.003618730696633876,0.042345635248029256,0.042345635248029256,True
2026-05-17,Serie A,Genoa,Milan,draw,0.0019319105563049277,0.0019319105563049277,0.0070064975602004975,0.0070064975602004975,True
2026-05-17,Premier League,Newcastle,West Ham,draw,0.0019929454415039127,0.0019929454415039127,-0.0014684938164493955,-0.0014684938164493955,False
2026-05-17,La Liga,Vallecano,Villarreal,away,-0.003929674870640387,0.003929674870640387,-0.08368522520623312,0.08368522520623312,True
2026-05-17,Ligue 1,Paris FC,Paris SG,away,0.0008249546604468527,0.0008249546604468527,0.02614725162693199,0.02614725162693199,True
2026-05-17,Ligue 1,Lorient,Le Havre,draw,0.002907366922245802,0.002907366922245802,0.0026654879585004676,0.0026654879585004676,True
2026-05-17,Premier League,Man United,Nott'm Forest,draw,0.0012719104946343762,0.0012719104946343762,-0.0076612647376258225,-0.0076612647376258225,False
2026-05-17,Ligue 1,Lille,Auxerre,home,0.001358465886224569,0.001358465886224569,-0.02397891391995266,-0.02397891391995266,False
2026-05-17,Premier League,Leeds,Brighton,draw,0.0027457056703263927,0.0027457056703263927,0.007247907106748996,0.007247907106748996,True
2026-05-17,La Liga,Osasuna,Espanol,draw,0.004157157566740122,0.004157157566740122,0.02405119720912452,0.02405119720912452,True
2026-05-17,La Liga,Sociedad,Valencia,draw,0.0030486838545455974,0.0030486838545455974,0.017677458859786388,0.017677458859786388,True
2026-05-17,Serie A,Udinese,Cremonese,draw,0.003530879989137703,0.003530879989137703,0.010742699249888188,0.010742699249888188,True
2026-05-17,La Liga,Barcelona,Betis,home,0.0010228359186229552,0.0010228359186229552,0.007939126196246482,0.007939126196246482,True
2026-05-17,La Liga,Oviedo,Alaves,draw,0.0019632631214271945,0.0019632631214271945,0.03222136407694032,0.03222136407694032,True
2026-05-17,Ligue 1,Marseille,Rennes,away,-0.0025026192129480873,0.0025026192129480873,-0.019110246054877322,0.019110246054877322,True
2026-05-17,Serie A,Atalanta,Bologna,away,-0.0020614253716245146,0.0020614253716245146,0.01593902967499289,-0.01593902967499289,False
2026-05-17,Serie A,Pisa,Napoli,away,0.002531392529470655,0.002531392529470655,-0.016311058727508043,-0.016311058727508043,False
2026-05-17,Serie A,Juventus,Fiorentina,home,0.0020846959526875652,0.0020846959526875652,0.006362185649928631,0.006362185649928631,True
2026-05-17,Serie A,Sassuolo,Lecce,draw,0.0038285933892932,0.0038285933892932,-0.0005566530994078889,-0.0005566530994078889,False
2026-05-17,Premier League,Brentford,Crystal Palace,away,-0.003559246086047685,0.003559246086047685,-0.011302842554403503,0.011302842554403503,True
2026-05-17,Premier League,Wolves,Fulham,home,-0.002227151949842021,0.002227151949842021,-0.021177173804264315,0.021177173804264315,True
2026-05-17,Ligue 1,Strasbourg,Monaco,draw,0.0019383493419821984,0.0019383493419821984,-0.01718453648655921,-0.01718453648655921,False
2026-05-17,Serie A,Cagliari,Torino,draw,0.0045229360631215965,0.0045229360631215965,0.005227748039590807,0.005227748039590807,True
2026-05-17,Serie A,Como,Parma,home,0.0017401256501605733,0.0017401256501605733,0.00820918385607794,0.00820918385607794,True
2026-05-17,La Liga,Ath Madrid,Girona,draw,0.0021130071430973674,0.0021130071430973674,-0.003837905552838694,-0.003837905552838694,False
2026-05-17,Ligue 1,Nantes,Toulouse,away,-0.004744749026532602,0.004744749026532602,0.02294077918014048,-0.02294077918014048,False
2026-05-17,Serie A,Inter,Verona,draw,-0.0008907412859451014,0.0008907412859451014,0.057100331902477514,-0.057100331902477514,False
2026-05-17,Ligue 1,Brest,Angers,draw,0.002192238238251709,0.002192238238251709,0.0157242999568592,0.0157242999568592,True
2026-05-17,Ligue 1,Lyon,Lens,away,-0.0029963946569595,0.0029963946569595,-0.04990963575058499,0.04990963575058499,True
2026-05-17,Serie A,Roma,Lazio,away,-0.003277417868605609,0.003277417868605609,-0.006498019649001985,0.006498019649001985,True
2026-05-17,La Liga,Elche,Getafe,draw,0.005178671668757018,0.005178671668757018,0.006774546322740493,0.006774546322740493,True
2026-05-17,La Liga,Ath Bilbao,Celta,draw,0.004214626764776297,0.004214626764776297,-0.001580234850216633,-0.001580234850216633,False
2026-05-17,La Liga,Sevilla,Real Madrid,away,-0.004066673073720883,0.004066673073720883,0.046844271930508,-0.046844271930508,False
2026-05-17,La Liga,Levante,Mallorca,draw,0.003497677888081807,0.003497677888081807,-0.0027594519646175764,-0.0027594519646175764,False
2026-05-18,Premier League,Arsenal,Burnley,draw,-0.0016548982151771974,0.0016548982151771974,0.0009206314356933892,-0.0009206314356933892,False
2026-05-19,Premier League,Chelsea,Tottenham,home,-0.002872883900577383,0.002872883900577383,-0.06619623890349491,0.06619623890349491,True
2026-05-19,Premier League,Bournemouth,Man City,home,-0.0016461828768706,0.0016461828768706,-0.009778720517787082,0.009778720517787082,True
2026-05-22,Serie A,Fiorentina,Atalanta,draw,0.0031933671166983757,0.0031933671166983757,-0.005984488952619715,-0.005984488952619715,False
2026-05-23,La Liga,Celta,Sevilla,away,-0.0022320438083386074,0.0022320438083386074,0.008593972774152692,-0.008593972774152692,False
2026-05-23,La Liga,Mallorca,Oviedo,away,-0.001596862279289596,0.001596862279289596,0.002143741256597803,-0.002143741256597803,False
2026-05-23,La Liga,Alaves,Vallecano,draw,0.0036924988913272783,0.0036924988913272783,0.003998959925998413,0.003998959925998413,True
2026-05-23,La Liga,Girona,Elche,away,-0.002901360894434102,0.002901360894434102,-0.0032900541752992896,0.0032900541752992896,True
2026-05-23,La Liga,Valencia,Barcelona,away,-0.0018358575806846078,0.0018358575806846078,-0.018436212339189184,0.018436212339189184,True
2026-05-23,La Liga,Real Madrid,Ath Bilbao,away,-0.0007001117571455162,0.0007001117571455162,0.020991473201551175,-0.020991473201551175,False
2026-05-23,Serie A,Bologna,Inter,draw,0.0026173956463212966,0.0026173956463212966,0.0070387546057142925,0.0070387546057142925,True
2026-05-23,La Liga,Betis,Levante,draw,0.003535534121988093,0.003535534121988093,-0.0146521861003856,-0.0146521861003856,False
2026-05-23,Serie A,Lazio,Pisa,draw,0.001116836823313705,0.001116836823313705,0.025673805875440686,0.025673805875440686,True
2026-05-23,La Liga,Espanol,Sociedad,away,-0.003922244147433085,0.003922244147433085,0.00020820680986388673,-0.00020820680986388673,False
2026-05-23,La Liga,Getafe,Osasuna,draw,0.006025507406156205,0.006025507406156205,0.029592331441778696,0.029592331441778696,True
2026-05-24,Premier League,Crystal Palace,Arsenal,home,-0.0023314599523471813,0.0023314599523471813,0.010595286522709718,-0.010595286522709718,False
2026-05-24,Serie A,Lecce,Genoa,away,-0.0036107072459964917,0.0036107072459964917,0.022445242920494102,-0.022445242920494102,False
2026-05-24,Serie A,Torino,Juventus,away,0.002812447975039989,0.002812447975039989,-0.023617046914749085,-0.023617046914749085,False
2026-05-24,Serie A,Cremonese,Como,home,-0.00134712414054719,0.00134712414054719,-0.0059385433776427965,0.0059385433776427965,True
2026-05-24,Premier League,Man City,Aston Villa,home,0.002808387839246862,0.002808387839246862,-0.05375069163181767,-0.05375069163181767,False
2026-05-24,Serie A,Parma,Sassuolo,draw,0.003528614585317613,0.003528614585317613,-0.00011378618066038015,-0.00011378618066038015,False
2026-05-24,Serie A,Napoli,Udinese,away,-0.001093044227348683,0.001093044227348683,0.017985188068129904,-0.017985188068129904,False
2026-05-24,Premier League,Fulham,Newcastle,draw,0.0023300352632215637,0.0023300352632215637,0.003063839579027783,0.003063839579027783,True
2026-05-24,Serie A,Verona,Roma,away,0.003002829957487907,0.003002829957487907,-0.010799114411934263,-0.010799114411934263,False
2026-05-24,Premier League,Tottenham,Everton,away,-0.004649266975662397,0.004649266975662397,-0.0186461141836598,0.0186461141836598,True
2026-05-24,Serie A,Milan,Cagliari,home,0.0014838950630419179,0.0014838950630419179,-0.04416438371471543,-0.04416438371471543,False
2026-05-24,Premier League,West Ham,Leeds,draw,0.0018479102181366003,0.0018479102181366003,-0.009843344942211008,-0.009843344942211008,False
2026-05-24,Premier League,Liverpool,Brentford,draw,0.0014716733111052038,0.0014716733111052038,0.0026339400968669047,0.0026339400968669047,True
2026-05-24,Premier League,Burnley,Wolves,away,-0.003163472769829423,0.003163472769829423,-0.004413676395083499,0.004413676395083499,True
2026-05-24,Premier League,Sunderland,Chelsea,draw,0.002181828792080842,0.002181828792080842,-0.0024287097152658754,-0.0024287097152658754,False
2026-05-24,La Liga,Villarreal,Ath Madrid,draw,0.002086116409902916,0.002086116409902916,-0.004099824457360596,-0.004099824457360596,False
2026-05-24,Premier League,Brighton,Man United,away,-0.003807935603603707,0.003807935603603707,0.007203607192484418,-0.007203607192484418,False
2026-05-24,Premier League,Nott'm Forest,Bournemouth,draw,0.0020650999066709197,0.0020650999066709197,0.003054729981344595,0.003054729981344595,True
