date,league,home_team,away_team,prob_home,prob_draw,prob_away,result
2024-08-15,La Liga,Betis,Girona,0.3128394337604133,0.2657296095007986,0.42143095673878816,D
2024-08-15,La Liga,Ath Bilbao,Getafe,0.6391792443844044,0.21601327754667574,0.14480747806891986,D
2024-08-16,La Liga,Celta,Alaves,0.497360837536508,0.2807188425516982,0.22192031991179384,H
2024-08-16,Ligue 1,Le Havre,Paris SG,0.11741033911065633,0.16850085584454425,0.7140888050447994,A
2024-08-16,Premier League,Man United,Fulham,0.5997563628123814,0.22881636023453236,0.17142727695308616,H
2024-08-16,La Liga,Las Palmas,Sevilla,0.2759554381700819,0.26844157751147835,0.4556029843184397,D
2024-08-17,Premier League,Ipswich,Liverpool,0.1636453555401638,0.1676209554556906,0.6687336890041456,A
2024-08-17,Ligue 1,Monaco,St Etienne,0.7776056320449869,0.15050851251517403,0.07188585543983907,H
2024-08-17,La Liga,Valencia,Barcelona,0.14412265384529113,0.19483534855536672,0.6610419975993421,A
2024-08-17,Serie A,Parma,Fiorentina,0.15505273712833914,0.2337035100749007,0.6112437527967601,D
2024-08-17,Premier League,Nott'm Forest,Bournemouth,0.390933948699657,0.28907606051316953,0.31998999078717344,D
2024-08-17,Premier League,West Ham,Aston Villa,0.32136995584318295,0.24640831324904583,0.4322217309077713,A
2024-08-17,Premier League,Newcastle,Southampton,0.7667447462998711,0.15756865118411742,0.07568660251601131,H
2024-08-17,Ligue 1,Reims,Lille,0.2971731535128685,0.244247653750261,0.45857919273687053,A
2024-08-17,Serie A,Milan,Torino,0.669890245109636,0.19048528093849254,0.13962447395187147,D
2024-08-17,Premier League,Arsenal,Wolves,0.8233419297475901,0.12591510987846655,0.05074296037394329,H
2024-08-17,Serie A,Empoli,Monza,0.36558804918752563,0.26919652787124176,0.36521542294123255,D
2024-08-17,La Liga,Osasuna,Leganes,0.4871189557172977,0.29495967668397266,0.2179213675987296,D
2024-08-17,Ligue 1,Brest,Marseille,0.4597399419114526,0.2537454962935942,0.2865145617949532,A
2024-08-17,Serie A,Genoa,Inter,0.12858579604879866,0.1781203403915992,0.6932938635596022,D
2024-08-17,Premier League,Everton,Brighton,0.4390312882078696,0.26216910455934,0.29879960723279037,A
2024-08-18,Serie A,Lazio,Venezia,0.7027676308355373,0.2029503246240388,0.09428204454042398,H
2024-08-18,Serie A,Verona,Napoli,0.2418341837049926,0.235610870530491,0.5225549457645162,H
2024-08-18,Ligue 1,Rennes,Lyon,0.44831975187095946,0.2389071356849618,0.3127731124440788,H
2024-08-18,La Liga,Sociedad,Vallecano,0.6308589161468767,0.23499977147892548,0.13414131237419782,A
2024-08-18,Premier League,Chelsea,Man City,0.17338963590922238,0.20784634873756722,0.6187640153532105,A
2024-08-18,Ligue 1,Angers,Lens,0.13511278652165357,0.22379083437352704,0.6410963791048194,A
2024-08-18,La Liga,Mallorca,Real Madrid,0.0807130356336826,0.16297105334535977,0.7563159110209576,D
2024-08-18,Ligue 1,Montpellier,Strasbourg,0.4907097826887923,0.2548136839669978,0.2544765333442099,D
2024-08-18,Ligue 1,Toulouse,Nantes,0.5469884204427856,0.25143693602941375,0.2015746435278006,D
2024-08-18,Serie A,Cagliari,Roma,0.21234764654106444,0.2421047765079279,0.5455475769510078,D
2024-08-18,Ligue 1,Auxerre,Nice,0.2534301424763335,0.2493137622332873,0.4972560952903792,H
2024-08-18,Serie A,Bologna,Udinese,0.6080320222978371,0.24038070290547078,0.15158727479669212,D
2024-08-18,Premier League,Brentford,Crystal Palace,0.33335150095821847,0.30285617355699707,0.3637923254847844,H
2024-08-19,Serie A,Lecce,Atalanta,0.19044836652160435,0.23920468022142446,0.5703469532569712,A
2024-08-19,La Liga,Villarreal,Ath Madrid,0.34867852971163626,0.2569334874638701,0.3943879828244935,D
2024-08-19,Premier League,Leicester,Tottenham,0.2772029357371708,0.2512629151423181,0.4715341491205112,D
2024-08-19,Serie A,Juventus,Como,0.6385305434495968,0.2225688899304361,0.13890056661996708,H
2024-08-19,La Liga,Valladolid,Espanol,0.4027292821064892,0.2825838211892428,0.314686896704268,H
2024-08-23,Ligue 1,Paris SG,Montpellier,0.7519898891746454,0.16602209351531144,0.08198801731004318,H
2024-08-23,La Liga,Celta,Valencia,0.44090957125732616,0.27696229774241055,0.28212813100026324,H
2024-08-23,Bundesliga,M'gladbach,Leverkusen,0.1054472033077734,0.18155426705032934,0.7129985296418971,A
2024-08-23,La Liga,Sevilla,Villarreal,0.33662949198051706,0.2532864338707957,0.41008407414868725,A
2024-08-24,Ligue 1,St Etienne,Le Havre,0.40952807644425826,0.27292343451781537,0.31754848903792626,A
2024-08-24,La Liga,Getafe,Vallecano,0.4466615077520959,0.2840836875620238,0.26925480468588037,D
2024-08-24,Premier League,Aston Villa,Arsenal,0.25266912390866625,0.23938137221538294,0.5079495038759507,A
2024-08-24,Serie A,Udinese,Lazio,0.2592767421104036,0.252404393857242,0.48831886403235436,H
2024-08-24,Premier League,Crystal Palace,West Ham,0.5846845456499858,0.20987511388722765,0.2054403404627865,A
2024-08-24,Ligue 1,Lyon,Monaco,0.3158945606715716,0.2744768725054676,0.4096285668229608,A
2024-08-24,Bundesliga,RB Leipzig,Bochum,0.7695061521684838,0.15565903803424505,0.074834809797271,H
2024-08-24,La Liga,Osasuna,Mallorca,0.47106940365401045,0.2796168509776218,0.24931374536836784,H
2024-08-24,Premier League,Fulham,Leicester,0.4812422912807434,0.26534013435296405,0.25341757436629264,H
2024-08-24,Bundesliga,Augsburg,Werder Bremen,0.3286224616193546,0.3162079091775944,0.355169629203051,D
2024-08-24,Serie A,Inter,Lecce,0.8559166774006047,0.10712406273667868,0.036959259862716504,H
2024-08-24,Premier League,Brighton,Man United,0.3808482621630077,0.24973091565095845,0.36942082218603384,H
2024-08-24,Serie A,Parma,Milan,0.08121802965958881,0.1586588241875298,0.7601231461528812,H
2024-08-24,Bundesliga,Freiburg,Stuttgart,0.29059215932481436,0.2530998016683359,0.45630803900684974,H
2024-08-24,Bundesliga,Mainz,Union Berlin,0.5082448154375215,0.23795148763038096,0.2538036969320975,D
2024-08-24,Premier League,Tottenham,Everton,0.6022507690213074,0.23646310439870893,0.16128612657998376,H
2024-08-24,La Liga,Espanol,Sociedad,0.2913231796935385,0.262787951531595,0.4458888687748666,A
2024-08-24,Premier League,Southampton,Nott'm Forest,0.3516899194372538,0.29618695200927353,0.35212312855347255,A
2024-08-24,Bundesliga,Dortmund,Ein Frankfurt,0.6481964747178142,0.19461773160337087,0.15718579367881505,H
2024-08-24,Serie A,Monza,Genoa,0.41085413130069637,0.2688001927291515,0.3203456759701522,A
2024-08-24,Premier League,Man City,Ipswich,0.8401772581700875,0.12032253018037416,0.03950021164953841,H
2024-08-24,Bundesliga,Hoffenheim,Holstein Kiel,0.48304433784120715,0.27184399781184476,0.24511166434694823,H
2024-08-24,Ligue 1,Lille,Angers,0.7812133354333735,0.16912076383851948,0.04966590072810694,H
2024-08-24,La Liga,Barcelona,Ath Bilbao,0.6672315734695644,0.20332161343795044,0.1294468130924852,H
2024-08-25,Ligue 1,Marseille,Reims,0.62009021887145,0.22074847893152408,0.15916130219702587,D
2024-08-25,La Liga,Leganes,Las Palmas,0.5121460079211958,0.28755436109108806,0.2002996309877161,H
2024-08-25,Premier League,Wolves,Chelsea,0.23789739052786266,0.2760954604601707,0.4860071490119667,A
2024-08-25,Serie A,Napoli,Bologna,0.41272928666836195,0.24193514908221467,0.34533556424942335,H
2024-08-25,La Liga,Alaves,Betis,0.2774936094675916,0.27043988966856597,0.45206650086384254,D
2024-08-25,Serie A,Torino,Atalanta,0.295613074454552,0.26499416744011317,0.4393927581053349,H
2024-08-25,La Liga,Ath Madrid,Girona,0.4610005591237185,0.25340740281904717,0.2855920380572344,H
2024-08-25,Premier League,Liverpool,Brentford,0.7543676138828177,0.1671903703927551,0.0784420157244272,H
2024-08-25,Bundesliga,St Pauli,Heidenheim,0.4139860663119886,0.25765536345894785,0.3283585702290635,A
2024-08-25,Premier League,Bournemouth,Newcastle,0.2748841961832482,0.25448122253047945,0.4706345812862724,D
2024-08-25,Ligue 1,Nantes,Auxerre,0.40175081789248684,0.28233727028811123,0.31591191181940187,H
2024-08-25,Ligue 1,Nice,Toulouse,0.5737239100296584,0.24207396448497656,0.18420212548536516,D
2024-08-25,Serie A,Fiorentina,Venezia,0.6711464321044449,0.2223134958469336,0.10654007204862144,D
2024-08-25,Bundesliga,Wolfsburg,Bayern Munich,0.17253162083314955,0.2100918599160708,0.6173765192507796,A
2024-08-25,La Liga,Real Madrid,Valladolid,0.8417130109389701,0.1232553915833821,0.035031597477647794,H
2024-08-25,Serie A,Roma,Empoli,0.6286228153360672,0.22999194121316824,0.1413852434507646,A
2024-08-25,Ligue 1,Strasbourg,Rennes,0.31086206103644776,0.254345035688073,0.43479290327547937,H
2024-08-25,Ligue 1,Lens,Brest,0.5174610496755833,0.23119443256492142,0.25134451775949535,H
2024-08-26,Serie A,Cagliari,Como,0.36448269007605716,0.2906458297996161,0.3448714801243267,D
2024-08-26,Serie A,Verona,Juventus,0.20258591349959448,0.23366119529825025,0.5637528912021553,A
2024-08-26,La Liga,Villarreal,Celta,0.5733093688451987,0.25999115077220175,0.16669948038259952,H
2024-08-27,La Liga,Vallecano,Barcelona,0.11811256126681516,0.20572427005292185,0.6761631686802628,A
2024-08-27,La Liga,Mallorca,Sevilla,0.42416827032372556,0.26200570970691833,0.31382601996935616,D
2024-08-28,La Liga,Sociedad,Alaves,0.623098913437678,0.23256829543581028,0.14433279112651176,A
2024-08-28,La Liga,Ath Madrid,Espanol,0.7499372875176208,0.17292883457515076,0.07713387790722834,D
2024-08-28,La Liga,Ath Bilbao,Valencia,0.5887054979622284,0.22464049400157549,0.18665400803619614,H
2024-08-28,La Liga,Valladolid,Leganes,0.37695341327781795,0.31922664088779934,0.3038199458343827,D
2024-08-29,La Liga,Las Palmas,Real Madrid,0.05523567351998597,0.13228323702348432,0.8124810894565297,D
2024-08-29,La Liga,Girona,Osasuna,0.6166841419035868,0.2310093271851198,0.15230653091129337,H
2024-08-30,Serie A,Inter,Atalanta,0.6394489564789636,0.19220312564212383,0.1683479178789125,H
2024-08-30,Bundesliga,Union Berlin,St Pauli,0.44729388673746157,0.27911265901662385,0.27359345424591447,H
2024-08-30,Ligue 1,Lyon,Strasbourg,0.5338963192401883,0.26074213604467555,0.20536154471513604,H
2024-08-30,Serie A,Venezia,Torino,0.24361213576147994,0.26006050727714314,0.496327356961377,A
2024-08-31,Serie A,Bologna,Empoli,0.6114559176409298,0.2388485090506597,0.14969557330841055,D
2024-08-31,Serie A,Napoli,Parma,0.7358963468775391,0.18604467225574653,0.07805898086671438,H
2024-08-31,La Liga,Leganes,Mallorca,0.43490338205688817,0.2904993642899181,0.2745972536531937,A
2024-08-31,Premier League,Nott'm Forest,Wolves,0.5181424919189076,0.2304555644655582,0.25140194361553414,D
2024-08-31,Bundesliga,Bochum,M'gladbach,0.38221044828171047,0.29460304210085897,0.3231865096174306,A
2024-08-31,Bundesliga,Holstein Kiel,Wolfsburg,0.4667290895054987,0.2469890495896595,0.28628186090484176,A
2024-08-31,Ligue 1,Montpellier,Nantes,0.4941663329794531,0.28580837557046807,0.22002529145007862,A
2024-08-31,Serie A,Lecce,Cagliari,0.3906410126379405,0.292227462752989,0.31713152460907046,H
2024-08-31,Serie A,Lazio,Milan,0.373869428110803,0.21618957731179278,0.4099409945774043,D
2024-08-31,Premier League,Arsenal,Brighton,0.7179560731117618,0.1827000754413562,0.09934385144688201,D
2024-08-31,La Liga,Espanol,Vallecano,0.4301325171834251,0.27671007797055575,0.29315740484601915,H
2024-08-31,Premier League,Leicester,Aston Villa,0.2805887987317792,0.23006685242371233,0.4893443488445085,A
2024-08-31,Premier League,Brentford,Southampton,0.5934532178644811,0.2511033826566596,0.15544339947885927,H
2024-08-31,Bundesliga,Stuttgart,Mainz,0.5685715861992161,0.2534900639878678,0.17793834981291604,D
2024-08-31,Bundesliga,Ein Frankfurt,Hoffenheim,0.3997782991877808,0.28420180279197693,0.3160198980202422,H
2024-08-31,Ligue 1,Toulouse,Marseille,0.27200085122891754,0.2610787404657963,0.4669204083052862,A
2024-08-31,Bundesliga,Werder Bremen,Dortmund,0.23012925140939464,0.22224565045553732,0.5476250981350681,D
2024-08-31,La Liga,Barcelona,Valladolid,0.7929245458173825,0.16057949587788553,0.04649595830473199,H
2024-08-31,Premier League,Ipswich,Fulham,0.4270593008369254,0.2613004064733872,0.3116402926896874,D
2024-08-31,Premier League,Everton,Bournemouth,0.4079439036014799,0.2758390255464302,0.3162170708520899,A
2024-08-31,Ligue 1,Brest,St Etienne,0.6291425380029002,0.22494689465464077,0.14591056734245897,H
2024-08-31,Bundesliga,Leverkusen,RB Leipzig,0.6205935112294092,0.19737745947680985,0.182029029293781,A
2024-08-31,Premier League,West Ham,Man City,0.08482172558659289,0.1691460237562031,0.7460322506572039,A
2024-08-31,La Liga,Valencia,Villarreal,0.2702827375719163,0.2434435254874183,0.4862737369406655,D
2024-08-31,La Liga,Ath Bilbao,Ath Madrid,0.31571526768283836,0.2429510885191556,0.44133364379800605,A
2024-09-01,Ligue 1,Reims,Rennes,0.3719205158602136,0.26664105143468786,0.3614384327050985,H
2024-09-01,Ligue 1,Angers,Nice,0.15754225942920894,0.23421815392830841,0.6082395866424827,A
2024-09-01,Ligue 1,Monaco,Lens,0.5571552159711323,0.23300645647775906,0.20983832755110865,D
2024-09-01,Serie A,Genoa,Verona,0.510109018390891,0.2685475968805703,0.22134338472853873,A
2024-09-01,La Liga,Sevilla,Girona,0.22095729956804383,0.251127777913743,0.5279149225182131,A
2024-09-01,Premier League,Newcastle,Tottenham,0.4298720911008478,0.26272222252048194,0.3074056863786703,H
2024-09-01,La Liga,Alaves,Las Palmas,0.5143066343758919,0.28804596415417216,0.197647401469936,H
2024-09-01,Premier League,Man United,Liverpool,0.2599193217455315,0.23253426033603317,0.5075464179184354,A
2024-09-01,Serie A,Juventus,Roma,0.6067180337901561,0.20529147566667724,0.18799049054316672,D
2024-09-01,La Liga,Getafe,Sociedad,0.28547055979406694,0.26014956611157175,0.45437987409436115,D
2024-09-01,Ligue 1,Lille,Paris SG,0.2695170964134442,0.2246436456729714,0.5058392579135844,A
2024-09-01,Serie A,Udinese,Como,0.45991035018294946,0.27981460872128755,0.26027504109576305,H
2024-09-01,Bundesliga,Bayern Munich,Freiburg,0.6541093714418553,0.21314919809533284,0.13274143046281178,H
2024-09-01,Serie A,Fiorentina,Monza,0.5682083028342828,0.2407966897373932,0.19099500742832404,D
2024-09-01,La Liga,Osasuna,Celta,0.42405156135391997,0.2896639705446685,0.28628446810141145,H
2024-09-01,La Liga,Real Madrid,Betis,0.722128376486126,0.17017494000898137,0.10769668350489248,H
2024-09-01,Bundesliga,Heidenheim,Augsburg,0.5859301919117587,0.22768417445629796,0.18638563363194333,H
2024-09-01,Ligue 1,Le Havre,Auxerre,0.461924738721869,0.2749919751999882,0.2630832860781429,H
2024-09-01,Premier League,Chelsea,Crystal Palace,0.5213388322927585,0.27090713794887156,0.20775402975836996,D
2024-09-13,La Liga,Betis,Leganes,0.5482087569051238,0.259020389571177,0.19277085352369916,H
2024-09-13,Ligue 1,St Etienne,Lille,0.16094965856210938,0.22898827137757546,0.6100620700603151,H
2024-09-13,Bundesliga,Dortmund,Heidenheim,0.615152392582976,0.2329297673064054,0.15191784011061849,H
2024-09-14,Bundesliga,Wolfsburg,Ein Frankfurt,0.3990871171375704,0.2507216905320153,0.35019119233041424,A
2024-09-14,Ligue 1,Auxerre,Monaco,0.14518298527225304,0.23810801794052805,0.616708996787219,A
2024-09-14,Premier League,Crystal Palace,Leicester,0.5609715576991979,0.2501407879055306,0.18888765439527153,D
2024-09-14,Serie A,Milan,Venezia,0.7549523875401986,0.17587625230570836,0.06917136015409309,H
2024-09-14,Premier League,Bournemouth,Chelsea,0.3033803751130814,0.2576271306283592,0.43899249425855946,A
2024-09-14,La Liga,Espanol,Alaves,0.37671049857423067,0.3000366469851879,0.3232528544405815,H
2024-09-14,Premier League,Brighton,Ipswich,0.5564390305562177,0.2425948532953533,0.2009661161484289,D
2024-09-14,Premier League,Liverpool,Nott'm Forest,0.7912775112861252,0.1540457846135473,0.0546767041003275,A
2024-09-14,Bundesliga,Holstein Kiel,Bayern Munich,0.168962350672726,0.18383006537693952,0.6472075839503345,A
2024-09-14,Ligue 1,Paris SG,Brest,0.7482422112465372,0.15782752430319577,0.09393026445026699,H
2024-09-14,Serie A,Empoli,Juventus,0.182594427171717,0.23945249440036678,0.5779530784279162,D
2024-09-14,Bundesliga,Freiburg,Bochum,0.625140686066147,0.21405079734437685,0.16080851658947615,H
2024-09-14,La Liga,Mallorca,Villarreal,0.2917396709135068,0.2619474996789526,0.4463128294075408,A
2024-09-14,Bundesliga,RB Leipzig,Union Berlin,0.6644978139395187,0.20633157227401078,0.12917061378647052,D
2024-09-14,Premier League,Southampton,Man United,0.18425731723172536,0.23972556365507872,0.5760171191131959,A
2024-09-14,Serie A,Como,Bologna,0.2750287425853823,0.22093570601352377,0.5040355514010939,D
2024-09-14,La Liga,Sevilla,Getafe,0.45312343143545075,0.2794782743729273,0.2673982941916219,H
2024-09-14,Bundesliga,M'gladbach,Stuttgart,0.2657256454922817,0.2638771900381908,0.47039716446952745,A
2024-09-14,La Liga,Sociedad,Real Madrid,0.1737585650361521,0.2018021449167966,0.6244392900470511,A
2024-09-14,Ligue 1,Marseille,Nice,0.507002206130991,0.23436102369121878,0.25863677017779024,H
2024-09-14,Premier League,Fulham,West Ham,0.40831795847077706,0.2756074639559921,0.3160745775732309,D
2024-09-14,Bundesliga,Hoffenheim,Leverkusen,0.17599831843206387,0.20724671880843631,0.6167549627594999,A
2024-09-14,Premier League,Man City,Brentford,0.8379442095012566,0.12082780123607598,0.04122798926266753,H
2024-09-14,Premier League,Aston Villa,Everton,0.6335797479034272,0.2202122438270006,0.14620800826957234,H
2024-09-15,La Liga,Celta,Valladolid,0.595547545575995,0.24060352123265585,0.16384893319134922,H
2024-09-15,Serie A,Genoa,Roma,0.3228311235600233,0.2601740867472407,0.41699478969273596,D
2024-09-15,La Liga,Ath Madrid,Valencia,0.7162805145592945,0.18344227183929926,0.10027721360140615,H
2024-09-15,Serie A,Cagliari,Napoli,0.22210709369666742,0.23714052117610115,0.5407523851272314,A
2024-09-15,Premier League,Wolves,Newcastle,0.23603234525885916,0.25912261926475444,0.5048450354763864,A
2024-09-15,Ligue 1,Nantes,Reims,0.36332249492785873,0.28751468970465394,0.3491628153674873,A
2024-09-15,Ligue 1,Rennes,Montpellier,0.5879233820831364,0.20821509431992438,0.2038615235969392,H
2024-09-15,Bundesliga,Augsburg,St Pauli,0.3512314155743386,0.3018679400496064,0.3469006443760551,H
2024-09-15,Serie A,Atalanta,Fiorentina,0.5481703075619947,0.23058201823767188,0.22124767420033342,H
2024-09-15,La Liga,Las Palmas,Ath Bilbao,0.2205847491945451,0.26176222053747433,0.5176530302679806,A
2024-09-15,Ligue 1,Strasbourg,Angers,0.6822008778328139,0.22166800432494468,0.09613111784224146,D
2024-09-15,La Liga,Girona,Barcelona,0.3120277114094289,0.22452864033058545,0.4634436482599856,A
2024-09-15,Ligue 1,Lens,Lyon,0.5299183953007345,0.2265646796845903,0.24351692501467528,D
2024-09-15,Serie A,Monza,Inter,0.10387519832089058,0.1600760679941963,0.7360487336849132,D
2024-09-15,Serie A,Torino,Lecce,0.6468274839578848,0.22483867295334445,0.12833384308877088,D
2024-09-15,Bundesliga,Mainz,Werder Bremen,0.47725381868317385,0.2739359444449565,0.24881023687186965,A
2024-09-15,Ligue 1,Toulouse,Le Havre,0.4574201204862111,0.27892332896149635,0.26365655055229253,H
2024-09-15,Premier League,Tottenham,Arsenal,0.272681742226371,0.22305838659743632,0.5042598711761926,A
2024-09-16,Serie A,Lazio,Verona,0.626100503206142,0.22845384478005695,0.14544565201380116,H
2024-09-16,Serie A,Parma,Udinese,0.2582844737631681,0.30669107754642344,0.4350244486904085,A
2024-09-16,La Liga,Vallecano,Osasuna,0.4027461421344375,0.2775154201589138,0.3197384377066488,H
2024-09-17,La Liga,Mallorca,Sociedad,0.3284395191616989,0.25998545141383606,0.411575029424465,H
2024-09-18,La Liga,Betis,Getafe,0.5721720448633614,0.2512719530150272,0.17655600212161146,H
2024-09-19,La Liga,Leganes,Ath Bilbao,0.27242108944426935,0.26324915013750516,0.4643297604182253,A
2024-09-20,La Liga,Alaves,Sevilla,0.4275815797701402,0.2804927685568301,0.29192565167302964,H
2024-09-20,Bundesliga,Augsburg,Mainz,0.34667225183367106,0.29331259002427734,0.36001515814205154,A
2024-09-20,Ligue 1,Nice,St Etienne,0.6695993976766622,0.20983573159430363,0.12056487072903409,H
2024-09-20,Serie A,Verona,Torino,0.34686777536450775,0.2644608135749144,0.38867141106057795,A
2024-09-20,Serie A,Cagliari,Empoli,0.34498210012593605,0.30397572191024097,0.351042177963823,A
2024-09-21,Ligue 1,Lille,Strasbourg,0.5957087783668185,0.2269064902860766,0.177384731347105,D
2024-09-21,Bundesliga,Ein Frankfurt,M'gladbach,0.5835746908515937,0.2342573223757352,0.18216798677267107,H
2024-09-21,Ligue 1,Rennes,Lens,0.38553596189126543,0.2531076950527981,0.36135634305593645,D
2024-09-21,Serie A,Venezia,Genoa,0.2623246524828407,0.2888754455374571,0.44879990197970226,H
2024-09-21,Premier League,Fulham,Newcastle,0.30867268533268194,0.2692228549323101,0.4221044597350078,H
2024-09-21,Bundesliga,Bochum,Holstein Kiel,0.3605304737672488,0.2787529395111016,0.3607165867216496,D
2024-09-21,Premier League,Aston Villa,Wolves,0.639266750375585,0.21946760326700832,0.1412656463574067,H
2024-09-21,Premier League,Southampton,Ipswich,0.2832484715350746,0.2813522957705546,0.4353992326943708,D
2024-09-21,Serie A,Lecce,Parma,0.5117675901093878,0.2849944195984388,0.2032379902921735,D
2024-09-21,Premier League,Leicester,Everton,0.46701108583282464,0.2417267426145412,0.2912621715526342,D
2024-09-21,Premier League,Crystal Palace,Man United,0.3670496425671646,0.25240054886011754,0.380549808572718,D
2024-09-21,Premier League,Tottenham,Brentford,0.6039193841959731,0.2145686811679966,0.18151193463603021,H
2024-09-21,Premier League,Liverpool,Bournemouth,0.744327551733173,0.1712142401485961,0.08445820811823085,H
2024-09-21,La Liga,Valencia,Girona,0.2419341868468841,0.24190361898465554,0.5161621941684603,H
2024-09-21,Bundesliga,Werder Bremen,Bayern Munich,0.17398846763431136,0.21215580403563739,0.6138557283300513,A
2024-09-21,La Liga,Real Madrid,Espanol,0.8163401336423635,0.13932372323411044,0.04433614312352605,H
2024-09-21,Premier League,West Ham,Chelsea,0.30726056829163795,0.2589486624512073,0.4337907692571547,A
2024-09-21,Bundesliga,Heidenheim,Freiburg,0.4858623547369091,0.25569072208022625,0.2584469231828648,A
2024-09-21,Serie A,Juventus,Napoli,0.5138776185192209,0.23250555936260664,0.2536168221181725,D
2024-09-21,La Liga,Osasuna,Las Palmas,0.5334995731646412,0.28091986258348517,0.18558056425187358,H
2024-09-21,La Liga,Valladolid,Sociedad,0.23350476396959774,0.2876563687552871,0.47883886727511515,D
2024-09-21,Ligue 1,Reims,Paris SG,0.12661935232228597,0.20641533151003152,0.6669653161676825,D
2024-09-21,Bundesliga,Union Berlin,Hoffenheim,0.42607466392473814,0.27473629150736256,0.2991890445678992,H
2024-09-22,Ligue 1,Montpellier,Auxerre,0.5128885372853145,0.2660288565129028,0.22108260620178277,H
2024-09-22,Ligue 1,Angers,Nantes,0.2683069824610501,0.29665465870014845,0.4350383588388014,D
2024-09-22,Premier League,Man City,Arsenal,0.593338583037252,0.2011631011685203,0.20549831579422778,D
2024-09-22,La Liga,Ath Bilbao,Celta,0.5540225689770025,0.25161245437608754,0.19436497664690985,H
2024-09-22,Ligue 1,Lyon,Marseille,0.37158565119333853,0.2759251443474582,0.3524892044592033,A
2024-09-22,La Liga,Getafe,Leganes,0.4537282833043349,0.2772477114015569,0.2690240052941082,D
2024-09-22,Premier League,Brighton,Nott'm Forest,0.5476809038505667,0.2703581346136459,0.18196096153578745,D
2024-09-22,La Liga,Villarreal,Barcelona,0.20650304104138795,0.2329858571218398,0.5605111018367722,A
2024-09-22,Bundesliga,St Pauli,RB Leipzig,0.18373326816393876,0.21342513306692518,0.602841598769136,D
2024-09-22,Serie A,Monza,Bologna,0.32134533626135414,0.2319780527906135,0.4466766109480323,A
2024-09-22,Ligue 1,Brest,Toulouse,0.5694671881369713,0.24167825211859822,0.18885455974443047,H
2024-09-22,Bundesliga,Stuttgart,Dortmund,0.3750504994710399,0.24571596603228915,0.3792335344966709,H
2024-09-22,Ligue 1,Monaco,Le Havre,0.7507811249725687,0.17025775134064486,0.07896112368678648,H
2024-09-22,Bundesliga,Leverkusen,Wolfsburg,0.797186313761541,0.1413012199605894,0.061512466277869535,H
2024-09-22,La Liga,Vallecano,Ath Madrid,0.1632640352632655,0.2310823773052705,0.605653587431464,D
2024-09-22,Serie A,Roma,Udinese,0.5581453484622532,0.24770480679164036,0.19414984474610647,H
2024-09-22,Serie A,Inter,Milan,0.6066338049470951,0.18599402427929954,0.2073721707736055,A
2024-09-22,Serie A,Fiorentina,Lazio,0.3794696490906248,0.2462087013376321,0.3743216495717431,H
2024-09-23,La Liga,Betis,Mallorca,0.551818274974717,0.26287624471650245,0.1853054803087805,A
2024-09-24,La Liga,Valencia,Osasuna,0.45288900946327953,0.2719720318774142,0.27513895865930627,D
2024-09-24,La Liga,Real Madrid,Alaves,0.8050537907006107,0.1455661798922711,0.04938002940711817,H
2024-09-24,La Liga,Sevilla,Valladolid,0.5672762720931613,0.23635325303940077,0.1963704748674378,H
2024-09-24,Serie A,Atalanta,Como,0.6634773605443189,0.20830044483646223,0.12822219461921883,A
2024-09-25,La Liga,Barcelona,Getafe,0.8481519716255148,0.11760821344859437,0.03423981492589085,H
2024-09-25,La Liga,Girona,Vallecano,0.5944006366862118,0.24595548953083352,0.1596438737829547,D
2024-09-26,La Liga,Celta,Ath Madrid,0.20574509341896563,0.24847643454763635,0.545778472033398,A
2024-09-26,La Liga,Espanol,Villarreal,0.27524782834745193,0.2592766095938129,0.465475562058735,A
2024-09-26,La Liga,Las Palmas,Betis,0.2174821214693989,0.2592697483631852,0.5232481301674158,D
2024-09-27,Ligue 1,Auxerre,Brest,0.24225637691656296,0.25146769468440594,0.506275928399031,H
2024-09-27,Ligue 1,Paris SG,Rennes,0.7508895535819262,0.15906114402129592,0.09004930239677797,H
2024-09-27,Bundesliga,Dortmund,Bochum,0.7561035071554992,0.1676542873611534,0.07624220548334741,H
2024-09-27,La Liga,Valladolid,Mallorca,0.3028091191494814,0.31878130357537454,0.37840957727514407,A
2024-09-27,Serie A,Milan,Lecce,0.7715179272268677,0.15921487262615908,0.06926720014697314,H
2024-09-28,Premier League,Arsenal,Leicester,0.7907939987684411,0.14992351220734207,0.059282489024216733,H
2024-09-28,Premier League,Nott'm Forest,Fulham,0.3853056961862415,0.2921221614684528,0.3225721423453057,A
2024-09-28,Bundesliga,M'gladbach,Union Berlin,0.35388905432874423,0.3070408991764103,0.33907004649484535,H
2024-09-28,La Liga,Sociedad,Valencia,0.5304157857860514,0.2550881396300843,0.2144960745838642,H
2024-09-28,Bundesliga,RB Leipzig,Augsburg,0.7178044600091694,0.18446959795104362,0.09772594203978703,H
2024-09-28,Bundesliga,Bayern Munich,Leverkusen,0.5120564108199741,0.19744905586508074,0.2904945333149451,D
2024-09-28,La Liga,Getafe,Alaves,0.38577096681600465,0.28192436596442155,0.3323046672195739,H
2024-09-28,Premier League,Everton,Crystal Palace,0.3575406045105893,0.2761535849335788,0.3663058105558319,H
2024-09-28,Premier League,Wolves,Liverpool,0.1099603708014335,0.20276197555146913,0.6872776536470973,A
2024-09-28,Bundesliga,Wolfsburg,Stuttgart,0.23016777407089622,0.2443306763192551,0.5255015496098487,D
2024-09-28,Bundesliga,Freiburg,St Pauli,0.5617441913797068,0.24932041765420068,0.1889353909660925,A
2024-09-28,Bundesliga,Mainz,Heidenheim,0.4350813684818062,0.27807255480537335,0.2868460767128205,A
2024-09-28,La Liga,Vallecano,Leganes,0.4859439656244434,0.2700059536236628,0.24405008075189386,D
2024-09-28,Serie A,Genoa,Juventus,0.19969896346743168,0.24760375698752068,0.5526972795450477,A
2024-09-28,Premier League,Newcastle,Man City,0.15573579357629316,0.1909242025111663,0.6533400039125405,D
2024-09-28,Premier League,Brentford,West Ham,0.44191782225807463,0.2649248642772429,0.29315731346468255,D
2024-09-28,Serie A,Udinese,Inter,0.12907604494656924,0.19355386092294558,0.6773700941304851,A
2024-09-28,Premier League,Chelsea,Brighton,0.5591173481122824,0.24347457096623434,0.19740808092148318,H
2024-09-28,Ligue 1,Monaco,Montpellier,0.751638920631435,0.15644747234333523,0.09191360702522974,H
2024-09-28,Serie A,Bologna,Atalanta,0.4266479567028922,0.23148179263129343,0.34187025066581445,D
2024-09-28,Ligue 1,Le Havre,Lille,0.22456997876386592,0.24969857106608842,0.5257314501700455,A
2024-09-28,La Liga,Osasuna,Barcelona,0.08305006355235477,0.18548494564752696,0.7314649908001182,H
2024-09-28,Ligue 1,Lens,Nice,0.42890963709373436,0.2587081243858554,0.31238223852041025,D
2024-09-29,Bundesliga,Holstein Kiel,Ein Frankfurt,0.2895538649178399,0.27666855179505745,0.43377758328710264,A
2024-09-29,Serie A,Napoli,Monza,0.6329067324748815,0.21804562882027972,0.14904763870483884,H
2024-09-29,Serie A,Torino,Lazio,0.40420812041040083,0.2525738652157321,0.3432180143738671,A
2024-09-29,Serie A,Roma,Venezia,0.7132993512502591,0.19106188679221037,0.0956387619575305,H
2024-09-29,Ligue 1,Angers,Reims,0.1822596814223427,0.2551348287392644,0.562605489838393,A
2024-09-29,La Liga,Celta,Girona,0.2998550140862489,0.2580617051981442,0.44208328071560676,D
2024-09-29,Bundesliga,Hoffenheim,Werder Bremen,0.45637483731757544,0.2795312903677919,0.26409387231463266,A
2024-09-29,Ligue 1,Toulouse,Lyon,0.316965794782698,0.23645536322424177,0.4465788419930602,A
2024-09-29,Ligue 1,Nantes,St Etienne,0.6050884307775756,0.22265845738788353,0.17225311183454087,D
2024-09-29,Premier League,Ipswich,Aston Villa,0.2534140599397647,0.2523595445237168,0.4942263955365186,D
2024-09-29,Serie A,Como,Verona,0.4430909861082454,0.28016014132587963,0.2767488725658749,H
2024-09-29,La Liga,Ath Madrid,Real Madrid,0.30593683523253623,0.22454062659933788,0.469522538168126,D
2024-09-29,La Liga,Betis,Espanol,0.605290019710195,0.24140475286566568,0.1533052274241393,H
2024-09-29,La Liga,Ath Bilbao,Sevilla,0.5939633529263981,0.2481128309330809,0.15792381614052098,D
2024-09-29,Premier League,Man United,Tottenham,0.41405771151838044,0.2587048889833446,0.32723739949827507,A
2024-09-29,Ligue 1,Strasbourg,Marseille,0.2759555341617769,0.2581498329927323,0.46589463284549076,H
2024-09-29,Serie A,Empoli,Fiorentina,0.3300441168510672,0.25913612502440886,0.4108197581245239,D
2024-09-30,Premier League,Bournemouth,Southampton,0.597731432932273,0.25206563384784314,0.15020293321988376,H
2024-09-30,Serie A,Parma,Cagliari,0.4149112362068399,0.2880123058892588,0.29707645790390136,A
2024-09-30,La Liga,Villarreal,Las Palmas,0.6828579218699317,0.22261584296439693,0.09452623516567138,H
2024-10-04,La Liga,Leganes,Valencia,0.41891516049834376,0.28040574223857617,0.30067909726308,D
2024-10-04,Bundesliga,Augsburg,M'gladbach,0.38090425845933273,0.2967646815130574,0.32233106002761,H
2024-10-04,Serie A,Napoli,Como,0.6626653190382438,0.20812520484667563,0.1292094761150806,H
2024-10-04,Serie A,Verona,Venezia,0.5301883402653818,0.2702889128968051,0.19952274683781318,H
2024-10-04,Ligue 1,Marseille,Angers,0.7883285657160313,0.15998648117586403,0.051684953108104593,D
2024-10-05,Bundesliga,St Pauli,Mainz,0.41470745059263553,0.26501926994145,0.32027327946591455,A
2024-10-05,La Liga,Espanol,Mallorca,0.3435026944255666,0.3112718802011508,0.34522542537328266,H
2024-10-05,Premier League,West Ham,Ipswich,0.4714809144607649,0.2687503198328318,0.2597687657064033,H
2024-10-05,Premier League,Man City,Fulham,0.8049106432776292,0.14381130163400047,0.051278055088370335,H
2024-10-05,La Liga,Valladolid,Vallecano,0.3136408709187326,0.31456302433762695,0.3717961047436404,A
2024-10-05,La Liga,Real Madrid,Villarreal,0.7240749847542741,0.17037388819867633,0.10555112704704964,H
2024-10-05,Ligue 1,St Etienne,Auxerre,0.34799239628705464,0.3110001327270578,0.3410074709858875,H
2024-10-05,Premier League,Crystal Palace,Liverpool,0.15413735161754993,0.21064435112563298,0.635218297256817,A
2024-10-05,Serie A,Udinese,Lecce,0.5275528745673536,0.2748448284962618,0.19760229693638473,H
2024-10-05,Bundesliga,Bochum,Wolfsburg,0.34101377415998735,0.2710329552113,0.38795327062871265,A
2024-10-05,Ligue 1,Rennes,Monaco,0.26928194236934927,0.24772185848753397,0.4829961991431168,A
2024-10-05,La Liga,Getafe,Osasuna,0.37524830363480544,0.2780287896777399,0.3467229066874547,D
2024-10-05,Ligue 1,Lille,Toulouse,0.6536452286426548,0.20926426787298055,0.13709050348436458,H
2024-10-05,Premier League,Brentford,Wolves,0.5260346098456964,0.24019937448737805,0.23376601566692548,H
2024-10-05,Premier League,Everton,Newcastle,0.28050933423137464,0.25919082774886326,0.4602998380197621,D
2024-10-05,Serie A,Inter,Torino,0.7221677896370499,0.1746305866571503,0.10320162370579974,H
2024-10-05,Bundesliga,Werder Bremen,Freiburg,0.39268170611863035,0.29310124769802687,0.3142170461833427,A
2024-10-05,Premier League,Leicester,Bournemouth,0.40899746167891204,0.273678900605708,0.31732363771537997,H
2024-10-05,Bundesliga,Leverkusen,Holstein Kiel,0.8282705959291969,0.12130603664985792,0.050423367420945074,D
2024-10-05,Bundesliga,Union Berlin,Dortmund,0.24100352830304458,0.23473161124602437,0.524264860450931,H
2024-10-05,Serie A,Atalanta,Genoa,0.6359602326567079,0.21732444751633329,0.14671531982695896,H
2024-10-05,Premier League,Arsenal,Southampton,0.8733140860487191,0.10295931165427939,0.023726602297001454,H
2024-10-05,La Liga,Las Palmas,Celta,0.29425405910195324,0.2793960778032795,0.42634986309476725,A
2024-10-06,Premier League,Brighton,Tottenham,0.3133064244016948,0.2698622207917103,0.41683135480659494,H
2024-10-06,Ligue 1,Brest,Le Havre,0.6173845791239718,0.23220792675810004,0.15040749411792817,H
2024-10-06,La Liga,Sevilla,Betis,0.33464757838744896,0.2888978804877594,0.3764545411247916,H
2024-10-06,Ligue 1,Strasbourg,Lens,0.3116864420948704,0.26703483000594114,0.42127872789918835,D
2024-10-06,Serie A,Monza,Roma,0.27161387704074597,0.25515945540398494,0.47322666755526893,D
2024-10-06,Serie A,Fiorentina,Milan,0.2727659753755974,0.23889292962862907,0.4883410949957736,H
2024-10-06,La Liga,Alaves,Barcelona,0.08872113562007482,0.17265353250548104,0.7386253318744442,A
2024-10-06,Premier League,Aston Villa,Man United,0.5139932753187219,0.2379126698711084,0.24809405481016977,D
2024-10-06,La Liga,Girona,Ath Bilbao,0.4219406023412949,0.2673012617443024,0.3107581359144027,H
2024-10-06,La Liga,Sociedad,Ath Madrid,0.2683084011094719,0.2452477037294575,0.48644389516107056,D
2024-10-06,Ligue 1,Reims,Montpellier,0.603670770766407,0.21350620457493125,0.18282302465866176,H
2024-10-06,Bundesliga,Heidenheim,RB Leipzig,0.2549655781488436,0.2583701280002215,0.48666429385093496,A
2024-10-06,Serie A,Bologna,Parma,0.7162955567622111,0.19763178150363014,0.08607266173415881,D
2024-10-06,Ligue 1,Nice,Paris SG,0.21415032577298718,0.2018540757417405,0.5839955984852723,D
2024-10-06,Ligue 1,Lyon,Nantes,0.6080908543005293,0.24523204772366824,0.14667709797580253,H
2024-10-06,Serie A,Lazio,Empoli,0.6012601463640099,0.24614516223374278,0.1525946914022473,H
2024-10-06,Serie A,Juventus,Cagliari,0.7747120017078151,0.15597950214751477,0.06930849614467026,D
2024-10-06,Bundesliga,Stuttgart,Hoffenheim,0.6892578474134424,0.1838662313127777,0.12687592127377978,D
2024-10-06,Bundesliga,Ein Frankfurt,Bayern Munich,0.20891804162020342,0.24084229970349216,0.5502396586763045,D
2024-10-06,Premier League,Chelsea,Nott'm Forest,0.6907339147404898,0.20784042306887113,0.10142566219063898,D
2024-10-18,La Liga,Alaves,Valladolid,0.49389616708711315,0.2776567986613319,0.22844703425155494,A
2024-10-18,Ligue 1,Monaco,Lille,0.5503506660914546,0.22311979869453705,0.2265295352140084,D
2024-10-18,Bundesliga,Dortmund,St Pauli,0.6865680843340096,0.20487905845198376,0.10855285721400654,H
2024-10-19,Premier League,Bournemouth,Arsenal,0.11453217674502833,0.18141271894316108,0.7040551043118105,H
2024-10-19,Serie A,Genoa,Bologna,0.24578999642771562,0.26434945233783536,0.4898605512344491,D
2024-10-19,Premier League,Ipswich,Everton,0.4110315655649007,0.276471168342127,0.3124972660929723,A
2024-10-19,Bundesliga,Freiburg,Augsburg,0.5856688241561433,0.24107839767391806,0.17325277816993861,H
2024-10-19,Premier League,Man United,Brentford,0.525672840495508,0.24815176881262677,0.22617539069186524,H
2024-10-19,Ligue 1,St Etienne,Lens,0.1641659843365095,0.26228415120245135,0.5735498644610392,A
2024-10-19,Ligue 1,Brest,Rennes,0.47312527093498424,0.2502929924757148,0.27658173658930096,D
2024-10-19,Bundesliga,Leverkusen,Ein Frankfurt,0.668298444445142,0.19984293410883516,0.13185862144602295,H
2024-10-19,La Liga,Celta,Real Madrid,0.10680008796761127,0.18246340932809418,0.7107365027042947,A
2024-10-19,Ligue 1,Paris SG,Strasbourg,0.7621851433538032,0.15809604966418328,0.07971880698201363,H
2024-10-19,Bundesliga,Hoffenheim,Bochum,0.5454860940193836,0.24727159743706864,0.20724230854354767,H
2024-10-19,Bundesliga,Mainz,RB Leipzig,0.23044379539373236,0.2504238115898435,0.519132393016424,A
2024-10-19,Serie A,Milan,Udinese,0.7092433267472847,0.18415395779160976,0.10660271546110552,H
2024-10-19,Premier League,Southampton,Leicester,0.2756834087920209,0.2922343603710304,0.4320822308369487,A
2024-10-19,Premier League,Tottenham,West Ham,0.5806277801858639,0.22407754266268115,0.19529467715145496,H
2024-10-19,Serie A,Juventus,Lazio,0.5188842017108836,0.2221523712387148,0.25896342705040165,H
2024-10-19,Serie A,Como,Parma,0.577326541383918,0.25912927999840285,0.16354417861767914,D
2024-10-19,Premier League,Fulham,Aston Villa,0.3195532807518271,0.2622015851033267,0.4182451341448461,A
2024-10-19,La Liga,Girona,Sociedad,0.4614091946862099,0.2655052574338631,0.27308554787992706,A
2024-10-19,Bundesliga,M'gladbach,Heidenheim,0.3571180797554979,0.2811052787571582,0.36177664148734384,H
2024-10-19,Bundesliga,Bayern Munich,Stuttgart,0.6429644652825118,0.1903154712457108,0.1667200634717774,H
2024-10-19,La Liga,Osasuna,Betis,0.39139139461607736,0.278358389320649,0.33025021606327365,A
2024-10-19,La Liga,Ath Bilbao,Espanol,0.64774509606291,0.22170035192222853,0.13055455201486146,H
2024-10-19,Premier League,Newcastle,Brighton,0.511958719206049,0.24525159479092107,0.24278968600303003,A
2024-10-20,La Liga,Barcelona,Sevilla,0.7895190583263785,0.15338027039974447,0.0571006712738772,H
2024-10-20,Serie A,Roma,Inter,0.23101693522765201,0.2056994176328771,0.5632836471394709,A
2024-10-20,Bundesliga,Holstein Kiel,Union Berlin,0.34620657766324775,0.3063381313368491,0.3474552909999031,A
2024-10-20,Ligue 1,Nantes,Nice,0.2147615804263508,0.26226975148654513,0.522968668087104,D
2024-10-20,Bundesliga,Wolfsburg,Werder Bremen,0.510598421648239,0.2533051920580933,0.23609638629366766,A
2024-10-20,Ligue 1,Le Havre,Lyon,0.2083146768814781,0.253947975723488,0.537737347395034,A
2024-10-20,La Liga,Mallorca,Vallecano,0.4517090584960113,0.30008600150428466,0.24820493999970417,H
2024-10-20,Ligue 1,Montpellier,Marseille,0.2695616588208609,0.2697584940517953,0.46067984712734383,A
2024-10-20,Premier League,Wolves,Man City,0.07255000267617259,0.13741884042559036,0.790031156898237,A
2024-10-20,Serie A,Lecce,Fiorentina,0.23753542193215008,0.2572172400091971,0.5052473380586527,A
2024-10-20,La Liga,Villarreal,Getafe,0.5863115408998318,0.26133069514260204,0.15235776395756606,D
2024-10-20,Serie A,Cagliari,Torino,0.2435989840500449,0.262733141152766,0.4936678747971891,H
2024-10-20,Ligue 1,Auxerre,Reims,0.26866219918118706,0.2813150231390901,0.45002277767972265,H
2024-10-20,Serie A,Empoli,Napoli,0.22946245318309952,0.25710038751108855,0.5134371593058119,A
2024-10-20,Ligue 1,Toulouse,Angers,0.6159750866325628,0.24570814562522925,0.13831676774220797,D
2024-10-20,Premier League,Liverpool,Chelsea,0.6012248575841165,0.2205412416758503,0.17823390074003334,H
2024-10-20,La Liga,Ath Madrid,Leganes,0.7425665561368128,0.17789334407468574,0.07954009978850149,H
2024-10-20,Serie A,Venezia,Atalanta,0.15910667184985883,0.21257699706730251,0.6283163310828387,A
2024-10-21,La Liga,Valencia,Las Palmas,0.5361501891713454,0.27374553187815603,0.19010427895049853,A
2024-10-21,Serie A,Verona,Monza,0.42476677178445427,0.2693290188403074,0.30590420937523827,A
2024-10-21,Premier League,Nott'm Forest,Crystal Palace,0.39170889897248246,0.2763173939564875,0.33197370707102997,H
2024-10-25,Bundesliga,Mainz,M'gladbach,0.4925484197854462,0.26497566455411975,0.24247591566043414,D
2024-10-25,Serie A,Torino,Como,0.5682677130069097,0.23764732976221817,0.19408495723087205,H
2024-10-25,Serie A,Udinese,Cagliari,0.5449268163919896,0.25665985947897924,0.19841332412903118,H
2024-10-25,Premier League,Leicester,Nott'm Forest,0.4250581697640962,0.2999333979477877,0.275008432288116,A
2024-10-25,Ligue 1,Rennes,Le Havre,0.6773186109011456,0.19203564617235608,0.13064574292649833,H
2024-10-25,La Liga,Espanol,Sevilla,0.3658061064661355,0.2863098262155181,0.34788406731834637,A
2024-10-26,Premier League,Brighton,Wolves,0.6031843143852006,0.22479267099613276,0.17202301461866656,D
2024-10-26,La Liga,Valladolid,Villarreal,0.25357017080003047,0.24352041748265155,0.5029094117173181,A
2024-10-26,Premier League,Everton,Fulham,0.4294529415247141,0.2722620629290101,0.29828499554627574,D
2024-10-26,Ligue 1,Angers,St Etienne,0.39322300782212116,0.28089627504482784,0.325880717133051,H
2024-10-26,Premier League,Man City,Southampton,0.8986328278966204,0.08512344099148242,0.016243731111897378,H
2024-10-26,Bundesliga,RB Leipzig,Freiburg,0.6484226179415415,0.21481340969706053,0.13676397236139787,H
2024-10-26,Premier League,Aston Villa,Bournemouth,0.6351289116548995,0.224324219824552,0.14054686852054848,D
2024-10-26,Bundesliga,Werder Bremen,Leverkusen,0.15091780697037013,0.211757555917563,0.6373246371120667,D
2024-10-26,Bundesliga,Augsburg,Dortmund,0.18936208033901508,0.22456325984583514,0.5860746598151498,H
2024-10-26,Bundesliga,Stuttgart,Holstein Kiel,0.7013548318217252,0.1830882257488802,0.11555694242939461,H
2024-10-26,Serie A,Atalanta,Verona,0.7148346828928792,0.18094899771926723,0.1042163193878535,H
2024-10-26,Ligue 1,Lens,Lille,0.430348903371577,0.2438064139845166,0.3258446826439064,A
2024-10-26,Ligue 1,Reims,Brest,0.4551075056819439,0.2574496827878501,0.28744281153020607,A
2024-10-26,Premier League,Brentford,Ipswich,0.5263954363161194,0.2516879532945005,0.2219166103893801,H
2024-10-26,Bundesliga,St Pauli,Wolfsburg,0.40142703562761095,0.264376110017662,0.3341968543547271,D
2024-10-26,La Liga,Vallecano,Alaves,0.48197682170338574,0.25973980285879467,0.2582833754378195,H
2024-10-26,La Liga,Las Palmas,Girona,0.19638482307993424,0.25078930706039454,0.5528258698596712,H
2024-10-26,Serie A,Napoli,Lecce,0.7726971949269611,0.15654049674331605,0.07076230832972295,H
2024-10-26,La Liga,Real Madrid,Barcelona,0.45595491002914573,0.22278328483364968,0.32126180513720454,A
2024-10-27,Premier League,Arsenal,Liverpool,0.48188832899983103,0.22814225408592564,0.2899694169142434,D
2024-10-27,Serie A,Parma,Empoli,0.2979915835174859,0.29210178961053623,0.4099066268719778,D
2024-10-27,La Liga,Getafe,Valencia,0.45044339288222596,0.2815493270532172,0.2680072800645569,D
2024-10-27,Premier League,West Ham,Man United,0.3270519826221234,0.27082631074581087,0.40212170663206565,H
2024-10-27,Premier League,Chelsea,Newcastle,0.5106313849013573,0.23727713136136203,0.2520914837372807,H
2024-10-27,La Liga,Sociedad,Osasuna,0.5344226064234167,0.2565934962260829,0.20898389735050038,A
2024-10-27,La Liga,Betis,Ath Madrid,0.26981712846988176,0.24420960468373146,0.48597326684638675,H
2024-10-27,Bundesliga,Union Berlin,Ein Frankfurt,0.37047593818413393,0.2718298548448318,0.3576942069710342,D
2024-10-27,Ligue 1,Nice,Monaco,0.34666890234466474,0.23555753819891395,0.4177735594564212,H
2024-10-27,Serie A,Lazio,Genoa,0.656436230524021,0.20136503361126556,0.14219873586471335,H
2024-10-27,Bundesliga,Heidenheim,Hoffenheim,0.4541237239309203,0.2577808637801256,0.2880954122889541,D
2024-10-27,Serie A,Fiorentina,Roma,0.47410538278781716,0.24800007095964322,0.27789454625253956,H
2024-10-27,Serie A,Monza,Venezia,0.6143992517523892,0.23348724597588028,0.15211350227173046,D
2024-10-27,Ligue 1,Lyon,Auxerre,0.6931713223374425,0.19773249931808073,0.10909617834447681,D
2024-10-27,Bundesliga,Bochum,Bayern Munich,0.06577463257264084,0.16084401137482657,0.7733813560525327,A
2024-10-27,Ligue 1,Montpellier,Toulouse,0.41014006625655514,0.2967289547047759,0.29313097903866897,A
2024-10-27,Premier League,Crystal Palace,Tottenham,0.26318110930495187,0.25060421071502803,0.48621467998002027,H
2024-10-27,Ligue 1,Marseille,Paris SG,0.2679948150850028,0.21190096018733362,0.5201042247276635,A
2024-10-27,Ligue 1,Strasbourg,Nantes,0.5243794515216316,0.26082983296231604,0.21479071551605242,H
2024-10-27,La Liga,Leganes,Celta,0.38310004074454784,0.28184567901253166,0.33505428024292044,H
2024-10-27,Serie A,Inter,Juventus,0.5744095176664794,0.22506069546585478,0.2005297868676657,D
2024-10-28,La Liga,Mallorca,Ath Bilbao,0.2967465795179491,0.2897714763601866,0.41348194412186445,D
2024-10-29,Serie A,Cagliari,Bologna,0.22762643758478265,0.2598598348685834,0.512513727546634,A
2024-10-29,Serie A,Milan,Napoli,0.5146825154920313,0.24455670775278135,0.24076077675518737,A
2024-10-29,Serie A,Lecce,Verona,0.4088647788986148,0.2670255122193879,0.32410970888199725,H
2024-10-30,Serie A,Empoli,Inter,0.12806002219648208,0.1670613262297057,0.7048786515738122,A
2024-10-30,Serie A,Venezia,Udinese,0.30045788297864606,0.2743978014713257,0.4251443155500283,H
2024-10-30,Serie A,Atalanta,Monza,0.6869099374944179,0.19115532872312804,0.12193473378245402,H
2024-10-30,Serie A,Juventus,Parma,0.7801439531356892,0.163942050875174,0.055913995989136774,D
2024-10-31,Serie A,Genoa,Fiorentina,0.19321600988125262,0.27598737075044916,0.5307966193682984,A
2024-10-31,Serie A,Como,Lazio,0.24824280557831113,0.25643460256516803,0.495322591856521,A
2024-10-31,Serie A,Roma,Torino,0.47043863030838334,0.242954912432472,0.2866064572591447,H
2024-11-01,La Liga,Alaves,Mallorca,0.35006304825562595,0.2937488936197632,0.35618805812461085,H
2024-11-01,Ligue 1,Monaco,Angers,0.7829875764503477,0.16736610828616286,0.049646315263489574,A
2024-11-01,Ligue 1,Lille,Lyon,0.48209570534068447,0.24859625475009062,0.26930803990922486,D
2024-11-01,Bundesliga,Leverkusen,Stuttgart,0.6304230626809254,0.20318092985599207,0.16639600746308264,D
2024-11-02,Premier League,Ipswich,Leicester,0.4495701028065557,0.2749491515651375,0.2754807456283068,D
2024-11-02,Serie A,Udinese,Juventus,0.2283364165706867,0.23036589899557475,0.5412976844337385,A
2024-11-02,Serie A,Monza,Milan,0.23642632863444168,0.23655361237169908,0.5270200589938592,A
2024-11-02,La Liga,Osasuna,Valladolid,0.576772519051047,0.24926078917944547,0.1739666917695075,H
2024-11-02,Bundesliga,Bayern Munich,Union Berlin,0.7745564984480715,0.15299151083631793,0.07245199071561065,H
2024-11-02,Premier League,Nott'm Forest,West Ham,0.4334892718661156,0.2630409803020795,0.30346974783180497,H
2024-11-02,Ligue 1,Paris SG,Lens,0.6906741841494145,0.1817940437058635,0.12753177214472203,H
2024-11-02,Premier League,Newcastle,Arsenal,0.21925861126811266,0.19401608019274735,0.58672530853914,H
2024-11-02,Bundesliga,Ein Frankfurt,Bochum,0.7292216872799336,0.17504189825410496,0.09573641446596148,H
2024-11-02,Premier League,Southampton,Everton,0.2417899721058879,0.2953765312564635,0.46283349663764856,H
2024-11-02,Ligue 1,Brest,Nice,0.34948365754414173,0.2855315818946049,0.3649847605612533,A
2024-11-02,Serie A,Bologna,Lecce,0.7208312576921211,0.18341063508327196,0.09575810722460701,H
2024-11-02,Ligue 1,St Etienne,Strasbourg,0.26690917149527943,0.29119737868232837,0.4418934498223922,H
2024-11-02,Bundesliga,Holstein Kiel,Heidenheim,0.3765044034577744,0.2748649678952455,0.3486306286469801,H
2024-11-02,Premier League,Wolves,Crystal Palace,0.3759094820505696,0.2816889209617368,0.3424015969876935,D
2024-11-02,Bundesliga,Dortmund,RB Leipzig,0.3497500025982468,0.2647986494695213,0.38545134793223185,H
2024-11-02,Premier League,Bournemouth,Man City,0.10333851950857788,0.1594458992384385,0.7372155812529837,H
2024-11-02,Premier League,Liverpool,Brighton,0.6984545662820608,0.1870544111614327,0.11449102255650644,H
2024-11-02,La Liga,Girona,Leganes,0.568754255800777,0.25489718853145,0.17634855566777297,H
2024-11-02,Bundesliga,Wolfsburg,Augsburg,0.5290704746710324,0.24972911608212742,0.22120040924684006,D
2024-11-02,Bundesliga,Hoffenheim,St Pauli,0.49519951688274894,0.2722133856035437,0.23258709751370732,A
2024-11-03,Serie A,Torino,Fiorentina,0.3184572081197791,0.27267174742311245,0.4088710444571085,A
2024-11-03,Ligue 1,Nantes,Marseille,0.21690002876501518,0.24148722202157696,0.5416127492134079,A
2024-11-03,Premier League,Man United,Chelsea,0.35426454798821977,0.2585981469988405,0.3871373050129397,D
2024-11-03,Ligue 1,Le Havre,Montpellier,0.3923890757094533,0.2610068124999179,0.34660411179062883,H
2024-11-03,Bundesliga,Freiburg,Mainz,0.49664105452066,0.2718257823405069,0.23153316313883301,D
2024-11-03,Serie A,Napoli,Atalanta,0.40209180342799594,0.2758195318222967,0.32208866474970743,A
2024-11-03,La Liga,Ath Bilbao,Betis,0.4991438022339603,0.25549219846967497,0.24536399929636477,D
2024-11-03,Ligue 1,Auxerre,Rennes,0.32777637740722754,0.2663209959577381,0.40590262663503435,H
2024-11-03,La Liga,Sevilla,Sociedad,0.3493550154481042,0.2989177844266893,0.3517272001252065,A
2024-11-03,La Liga,Barcelona,Espanol,0.8610970033066104,0.10781697299151437,0.031086023701875094,H
2024-11-03,Serie A,Inter,Venezia,0.8401719088602032,0.12554246388915632,0.03428562725064049,H
2024-11-03,La Liga,Ath Madrid,Las Palmas,0.7690613655292611,0.1719379676210268,0.059000666849712176,H
2024-11-03,Serie A,Verona,Roma,0.24649459671396495,0.25772873380632405,0.4957766694797111,H
2024-11-03,Ligue 1,Toulouse,Reims,0.35879364469271996,0.2643185148051733,0.3768878405021067,H
2024-11-03,Premier League,Tottenham,Aston Villa,0.42740618840491723,0.2483847694104279,0.32420904218465496,H
2024-11-03,Bundesliga,M'gladbach,Werder Bremen,0.4218208702838972,0.26435565208399625,0.3138234776321065,H
2024-11-04,Serie A,Parma,Genoa,0.38591629349868967,0.25113778976497986,0.3629459167363304,A
2024-11-04,Premier League,Fulham,Brentford,0.4491753498018184,0.2615277730845763,0.28929687711360536,H
2024-11-04,La Liga,Celta,Getafe,0.41914908184632116,0.3001950146525742,0.2806559035011046,H
2024-11-04,Serie A,Lazio,Cagliari,0.7327914954383165,0.18440243776876292,0.08280606679292075,H
2024-11-04,Serie A,Empoli,Como,0.4703857892180117,0.2528691584813961,0.27674505230059226,H
2024-11-07,Serie A,Genoa,Como,0.46105818369527557,0.26742081386389227,0.27152100244083216,D
2024-11-08,Bundesliga,Union Berlin,Freiburg,0.4401766742076342,0.2689244369101397,0.2908988888822262,D
2024-11-08,La Liga,Vallecano,Las Palmas,0.5512249195672377,0.27319691392138296,0.17557816651137934,A
2024-11-08,Ligue 1,Marseille,Auxerre,0.6195548109792238,0.2369947190178012,0.143450470002975,A
2024-11-08,Serie A,Lecce,Empoli,0.33839822536492026,0.2901396130496845,0.37146216158539525,D
2024-11-09,Premier League,Liverpool,Aston Villa,0.623152045243395,0.21021632718389344,0.16663162757271163,H
2024-11-09,Serie A,Juventus,Torino,0.6296722013507685,0.20828760364695692,0.16204019500227457,H
2024-11-09,Bundesliga,Bochum,Leverkusen,0.07532584915970908,0.17274065414396714,0.7519334966963238,D
2024-11-09,La Liga,Leganes,Sevilla,0.4271831336498995,0.2705723382832563,0.3022445280668442,H
2024-11-09,Ligue 1,Lens,Nantes,0.6652014978432368,0.20669634348325816,0.12810215867350505,H
2024-11-09,Bundesliga,Werder Bremen,Holstein Kiel,0.5202091790484588,0.26255339724554383,0.21723742370599736,H
2024-11-09,Ligue 1,Strasbourg,Monaco,0.25474118635929893,0.2457875001488562,0.49947131349184487,A
2024-11-09,Premier League,Brentford,Bournemouth,0.4298280939494961,0.28594696162120015,0.28422494442930374,H
2024-11-09,Premier League,Brighton,Man City,0.15731372346217526,0.1856517502027705,0.6570345263350542,H
2024-11-09,Bundesliga,Mainz,Dortmund,0.24503376399964416,0.23366329471002714,0.5213029412903287,H
2024-11-09,Premier League,Crystal Palace,Fulham,0.4295550466102944,0.26384829146678035,0.30659666192292523,A
2024-11-09,Bundesliga,St Pauli,Bayern Munich,0.10559938980222061,0.19007767898830266,0.7043229312094768,A
2024-11-09,Premier League,Wolves,Southampton,0.5842464089937345,0.2530132705923346,0.16274032041393094,H
2024-11-09,Bundesliga,RB Leipzig,M'gladbach,0.6967158101072114,0.2020838453797749,0.10120034451301381,D
2024-11-09,Serie A,Cagliari,Milan,0.16082953452512228,0.2236369899202568,0.615533475554621,D
2024-11-09,La Liga,Villarreal,Alaves,0.6506346421506723,0.22123185554706193,0.1281335023022657,H
2024-11-09,Ligue 1,Angers,Paris SG,0.057248285222725764,0.14790932033413542,0.7948423944431388,A
2024-11-09,Premier League,West Ham,Everton,0.46023684658933195,0.29584237815961145,0.2439207752510566,D
2024-11-09,La Liga,Real Madrid,Osasuna,0.7224432120448376,0.19287463071414954,0.08468215724101279,H
2024-11-09,Serie A,Venezia,Parma,0.45630868508527905,0.30550165046233557,0.2381896644523853,A
2024-11-10,Serie A,Roma,Bologna,0.38223583983003423,0.26669886678383026,0.3510652933861356,A
2024-11-10,Premier League,Man United,Leicester,0.6086447288980571,0.23259047553633574,0.1587647955656071,H
2024-11-10,Bundesliga,Augsburg,Hoffenheim,0.3772923414059223,0.2983555262819199,0.32435213231215787,D
2024-11-10,Premier League,Nott'm Forest,Newcastle,0.3310659827174265,0.26365363521924384,0.40528038206332967,A
2024-11-10,Ligue 1,Rennes,Toulouse,0.46132583915776304,0.28356023283987847,0.25511392800235855,A
2024-11-10,Premier League,Chelsea,Arsenal,0.30189922371413197,0.21565147264819906,0.48244930363766886,D
2024-11-10,Serie A,Inter,Napoli,0.6504232757261312,0.202936329524383,0.14664039474948576,D
2024-11-10,La Liga,Valladolid,Ath Bilbao,0.2090783567184743,0.2526659078637294,0.5382557354177963,D
2024-11-10,Premier League,Tottenham,Ipswich,0.696019390221447,0.1859029163868855,0.11807769339166749,A
2024-11-10,Serie A,Atalanta,Udinese,0.7251157885303029,0.1795070703230842,0.09537714114661285,H
2024-11-10,La Liga,Getafe,Girona,0.28307337680566497,0.2588783412858036,0.45804828190853136,A
2024-11-10,Ligue 1,Montpellier,Brest,0.2779078046089111,0.2722968415531563,0.44979535383793257,H
2024-11-10,Serie A,Monza,Lazio,0.23307146577662505,0.25047165145237954,0.5164568827709954,A
2024-11-10,Bundesliga,Heidenheim,Wolfsburg,0.4557078154055757,0.26854369952651486,0.2757484850679095,A
2024-11-10,La Liga,Mallorca,Ath Madrid,0.1985220176697712,0.23412739563381874,0.5673505866964101,A
2024-11-10,La Liga,Sociedad,Barcelona,0.15196684386561662,0.1987392680589877,0.6492938880753957,H
2024-11-10,Serie A,Fiorentina,Verona,0.7550198661172041,0.1643926505041883,0.08058748337860766,H
2024-11-10,Ligue 1,Nice,Lille,0.3654620490859928,0.2686627569153551,0.36587519399865215,D
2024-11-10,Ligue 1,Lyon,St Etienne,0.6963406345548974,0.20307876174168635,0.10058060370341626,H
2024-11-10,La Liga,Betis,Celta,0.5735559160897479,0.2550153329706191,0.17142875093963295,D
2024-11-10,Ligue 1,Le Havre,Reims,0.25501489925400295,0.2805109841262269,0.4644741166197701,A
2024-11-10,Bundesliga,Stuttgart,Ein Frankfurt,0.4156833584726495,0.2590283513937115,0.32528829013363897,A
2024-11-22,La Liga,Getafe,Valladolid,0.4688057796133917,0.28011516716277823,0.25107905322383,H
2024-11-22,Bundesliga,Bayern Munich,Augsburg,0.8172275877889761,0.1364040810308641,0.04636833118015988,H
2024-11-22,Ligue 1,Paris SG,Toulouse,0.770793019773736,0.16670293072182046,0.06250404950444349,H
2024-11-22,Ligue 1,Monaco,Brest,0.5992209841468749,0.22258149655797466,0.17819751929515054,H
2024-11-23,La Liga,Valencia,Betis,0.28524708011939426,0.268961328336238,0.44579159154436787,H
2024-11-23,La Liga,Ath Madrid,Alaves,0.7598598260085182,0.16638659198723132,0.07375358200425056,H
2024-11-23,Serie A,Parma,Atalanta,0.1123215859640598,0.2211355935245122,0.666542820511428,A
2024-11-23,Bundesliga,Ein Frankfurt,Werder Bremen,0.6236651457124004,0.21516349146238228,0.16117136282521738,H
2024-11-23,Premier League,Man City,Tottenham,0.6825962813198815,0.1903336671614054,0.12707005151871312,A
2024-11-23,Bundesliga,Stuttgart,Bochum,0.7420456904123905,0.16794080391223454,0.09001350567537489,H
2024-11-23,Ligue 1,Lens,Marseille,0.45880291722786826,0.24435475726241174,0.2968423255097201,A
2024-11-23,La Liga,Celta,Barcelona,0.0896832515247075,0.18351508490856788,0.7268016635667246,D
2024-11-23,Premier League,Arsenal,Nott'm Forest,0.7303110810213436,0.18339134322726575,0.08629757575139073,H
2024-11-23,Serie A,Milan,Juventus,0.40477219063468295,0.24222095365136964,0.3530068557139474,D
2024-11-23,Premier League,Bournemouth,Brighton,0.37971973130750614,0.2672904371035312,0.35298983158896263,A
2024-11-23,Premier League,Leicester,Chelsea,0.2088798123295918,0.25010468361402155,0.5410155040563867,A
2024-11-23,Premier League,Aston Villa,Crystal Palace,0.5913206270960816,0.23719324923863566,0.17148612366528268,D
2024-11-23,La Liga,Las Palmas,Mallorca,0.3163693350047956,0.3047946227521443,0.37883604224306006,A
2024-11-23,Bundesliga,Hoffenheim,RB Leipzig,0.19869107992113597,0.23647661744767662,0.5648323026311876,H
2024-11-23,Bundesliga,Wolfsburg,Union Berlin,0.4189346204668173,0.2801056697576895,0.30095970977549313,H
2024-11-23,Bundesliga,Leverkusen,Heidenheim,0.7424567185157185,0.17064654964680762,0.08689673183747385,H
2024-11-23,Ligue 1,St Etienne,Montpellier,0.4318920449610063,0.2581979838371722,0.30990997120182145,H
2024-11-23,La Liga,Girona,Espanol,0.6656162582960566,0.21466390915728006,0.11971983254666334,H
2024-11-23,Bundesliga,Dortmund,Freiburg,0.5750815011571798,0.24316349544221427,0.18175500340060588,H
2024-11-23,Premier League,Fulham,Wolves,0.5344417267878618,0.25523235374278785,0.2103259194693502,A
2024-11-23,Premier League,Everton,Brentford,0.40220891311375484,0.26358227674297163,0.33420881014327347,D
2024-11-23,Serie A,Verona,Inter,0.08419776904154323,0.17170088231960692,0.7441013486388498,A
2024-11-23,Ligue 1,Reims,Lyon,0.33831365059565977,0.2637406291262962,0.397945720278044,D
2024-11-24,Serie A,Napoli,Roma,0.5650109262270678,0.21956378746386873,0.21542528630906335,H
2024-11-24,La Liga,Leganes,Real Madrid,0.11114001944999552,0.1739719180452013,0.7148880625048032,A
2024-11-24,Serie A,Torino,Monza,0.5024026941104223,0.2618388193599381,0.2357584865296397,D
2024-11-24,Ligue 1,Nice,Strasbourg,0.5899326871715904,0.2261067689562232,0.1839605438721864,H
2024-11-24,Ligue 1,Auxerre,Angers,0.5972003362611215,0.26140209426296873,0.1413975694759098,H
2024-11-24,Serie A,Como,Fiorentina,0.17581938601777042,0.25637613491827754,0.567804479063952,A
2024-11-24,Premier League,Southampton,Liverpool,0.06317800556722972,0.1545341736894506,0.7822878207433197,A
2024-11-24,Bundesliga,Holstein Kiel,Mainz,0.3330478494538115,0.29332791772337735,0.3736242328228112,A
2024-11-24,Ligue 1,Lille,Rennes,0.6326338208808189,0.2086862897179674,0.15867988940121366,H
2024-11-24,La Liga,Sevilla,Vallecano,0.455294204558834,0.29450596675241686,0.25019982868874907,H
2024-11-24,Bundesliga,M'gladbach,St Pauli,0.5036981895431651,0.26763511919915944,0.22866669125767533,H
2024-11-24,La Liga,Osasuna,Villarreal,0.29475675403000057,0.2749342463639754,0.43030899960602403,D
2024-11-24,La Liga,Ath Bilbao,Sociedad,0.47586195015777494,0.2557414038646034,0.26839664597762164,H
2024-11-24,Serie A,Genoa,Cagliari,0.4961024035522966,0.2658382008386892,0.2380593956090143,D
2024-11-24,Serie A,Lazio,Bologna,0.5110753950714172,0.24267435208178492,0.24625025284679794,H
2024-11-24,Ligue 1,Nantes,Le Havre,0.5016490209715745,0.2600717082204082,0.2382792708080172,A
2024-11-24,Premier League,Ipswich,Man United,0.25790415182825965,0.2711665006976932,0.47092934747404713,D
2024-11-25,Premier League,Newcastle,West Ham,0.5958848757264408,0.22730930570233826,0.1768058185712209,A
2024-11-25,Serie A,Empoli,Udinese,0.404894968158146,0.27329828195091044,0.3218067498909435,D
2024-11-25,Serie A,Venezia,Lecce,0.4299648716485236,0.2813012044884458,0.28873392386303054,A
2024-11-29,Premier League,Brighton,Southampton,0.7071405659778657,0.20993571446928386,0.08292371955285047,D
2024-11-29,Serie A,Cagliari,Verona,0.5171194586615012,0.2352732800394931,0.24760726129900573,H
2024-11-29,Bundesliga,St Pauli,Holstein Kiel,0.4873607204749533,0.26585655480519466,0.24678272471985194,H
2024-11-29,Ligue 1,Reims,Lens,0.39194641350783127,0.2382954062251997,0.369758180266969,A
2024-11-29,La Liga,Mallorca,Valencia,0.4700130563809981,0.27225630864468764,0.2577306349743142,H
2024-11-30,La Liga,Alaves,Leganes,0.4189074463668486,0.2822372307510747,0.29885532288207667,D
2024-11-30,La Liga,Valladolid,Ath Madrid,0.12623704882637662,0.21230540738772247,0.6614575437859009,A
2024-11-30,Ligue 1,Paris SG,Nantes,0.8556776012642149,0.11213813185028505,0.03218426688550004,D
2024-11-30,Premier League,Crystal Palace,Newcastle,0.3146905372166983,0.25862171681029106,0.42668774597301073,D
2024-11-30,Ligue 1,Brest,Strasbourg,0.5349967927703431,0.23622932954475023,0.22877387768490665,H
2024-11-30,Bundesliga,Augsburg,Bochum,0.5792819174376179,0.23310257645879762,0.18761550610358443,H
2024-11-30,La Liga,Espanol,Celta,0.3273521855709727,0.2929567421350646,0.37969107229396265,H
2024-11-30,Serie A,Milan,Empoli,0.665959131768625,0.21312852047825415,0.1209123477531208,H
2024-11-30,Premier League,Brentford,Leicester,0.5521953042757355,0.24943545978491213,0.19836923593935238,H
2024-11-30,Serie A,Como,Monza,0.3786163155393809,0.27850893717239705,0.3428747472882221,D
2024-11-30,Bundesliga,Dortmund,Bayern Munich,0.2624983658816153,0.2528524437630124,0.4846491903553723,D
2024-11-30,Bundesliga,Werder Bremen,Stuttgart,0.33185796386401395,0.2579271980390242,0.41021483809696185,D
2024-11-30,Premier League,Wolves,Bournemouth,0.4249574145069799,0.27528534916171704,0.299757236331303,A
2024-11-30,Serie A,Bologna,Venezia,0.6974721226985402,0.21320794632649817,0.08931993097496155,H
2024-11-30,Bundesliga,Union Berlin,Leverkusen,0.16852614311714925,0.20585013819653405,0.6256237186863166,A
2024-11-30,Bundesliga,Freiburg,M'gladbach,0.43149450892611474,0.29592865857345185,0.2725768325004335,H
2024-11-30,Premier League,West Ham,Arsenal,0.15646564475354272,0.2012546443554907,0.6422797108909666,A
2024-11-30,Bundesliga,RB Leipzig,Wolfsburg,0.6710723147532781,0.2076121999121556,0.12131548533456632,A
2024-11-30,Ligue 1,Rennes,St Etienne,0.5333999104393898,0.271264870566082,0.19533521899452813,H
2024-11-30,Premier League,Nott'm Forest,Ipswich,0.4655774332653431,0.2778406630470536,0.2565819036876033,H
2024-11-30,La Liga,Barcelona,Las Palmas,0.8576712380922166,0.11396947670571385,0.02835928520206959,A
2024-12-01,Ligue 1,Toulouse,Auxerre,0.43085522591173486,0.3046753449078229,0.26446942918044236,H
2024-12-01,Premier League,Man United,Everton,0.5807037532491836,0.2516037277228851,0.16769251902793136,H
2024-12-01,Serie A,Parma,Lazio,0.11567072424780049,0.22514308958953602,0.6591861861626636,H
2024-12-01,Serie A,Lecce,Juventus,0.1436849872883,0.21001574865734954,0.6462992640543503,D
2024-12-01,Premier League,Chelsea,Aston Villa,0.5042341350990502,0.22944346723920442,0.26632239766174537,H
2024-12-01,Serie A,Udinese,Genoa,0.4856693386389934,0.26268264535776026,0.2516480160032462,A
2024-12-01,Ligue 1,Montpellier,Lille,0.18763474942614783,0.2506825357600136,0.5616827148138386,D
2024-12-01,Ligue 1,Marseille,Monaco,0.38721650043218747,0.24090571548890824,0.37187778407890426,H
2024-12-01,La Liga,Vallecano,Ath Bilbao,0.24156111593829074,0.27713082759768387,0.48130805646402536,A
2024-12-01,Serie A,Torino,Napoli,0.2948645709494478,0.2463276136373971,0.4588078154131552,A
2024-12-01,Bundesliga,Heidenheim,Ein Frankfurt,0.24947896266007538,0.2575493242051119,0.4929717131348127,A
2024-12-01,Ligue 1,Le Havre,Angers,0.4829015905835446,0.3084154524629229,0.20868295695353242,A
2024-12-01,Ligue 1,Lyon,Nice,0.5023683004213655,0.24301022803187547,0.25462147154675907,H
2024-12-01,La Liga,Sociedad,Betis,0.45289826353369966,0.26261486073295875,0.28448687573334164,H
2024-12-01,Premier League,Liverpool,Man City,0.4718871911025116,0.20541367331572521,0.32269913558176316,H
2024-12-01,La Liga,Real Madrid,Getafe,0.8036313686999462,0.15043475555355146,0.04593387574650225,H
2024-12-01,Premier League,Tottenham,Fulham,0.6408241201427632,0.20442825671401374,0.15474762314322305,D
2024-12-01,Bundesliga,Mainz,Hoffenheim,0.49169000396836354,0.26832653914086313,0.2399834568907734,H
2024-12-01,La Liga,Villarreal,Girona,0.46560872771637724,0.2549201854354284,0.27947108684819444,D
2024-12-02,Serie A,Roma,Atalanta,0.2543027660878038,0.26352940083147414,0.48216783308072214,A
2024-12-02,La Liga,Sevilla,Osasuna,0.40847437904213674,0.2823206738950483,0.3092049470628151,D
2024-12-03,Premier League,Leicester,West Ham,0.3478603703653736,0.27585892311028043,0.3762807065243459,H
2024-12-03,Premier League,Ipswich,Crystal Palace,0.40547588092542536,0.2764882960798609,0.31803582299471383,A
2024-12-03,La Liga,Mallorca,Barcelona,0.14292484097536734,0.19650720007337158,0.6605679589512611,A
2024-12-04,Premier League,Arsenal,Man United,0.6383241719235425,0.20554000580851758,0.15613582226793998,H
2024-12-04,Premier League,Newcastle,Liverpool,0.22740745125084585,0.21957135374920217,0.5530211949999521,D
2024-12-04,Premier League,Man City,Nott'm Forest,0.7470050771197972,0.17481607016842682,0.07817885271177587,H
2024-12-04,Premier League,Everton,Wolves,0.4101853523658863,0.2863665260162051,0.3034481216179086,H
2024-12-04,La Liga,Ath Bilbao,Real Madrid,0.19891180732271785,0.2118673711463099,0.5892208215309722,H
2024-12-04,Premier League,Southampton,Chelsea,0.12016357060455939,0.2168954105804281,0.6629410188150126,A
2024-12-04,Premier League,Aston Villa,Brentford,0.5073693067927079,0.26211327732678386,0.23051741588050825,H
2024-12-05,Premier League,Bournemouth,Tottenham,0.30366619712463916,0.266828182347557,0.4295056205278037,H
2024-12-05,Premier League,Fulham,Brighton,0.3676252129221498,0.27123094870967474,0.3611438383681756,H
2024-12-06,Serie A,Atalanta,Milan,0.48063656530165316,0.23840206525749064,0.28096136944085626,H
2024-12-06,Bundesliga,Stuttgart,Union Berlin,0.587647793358302,0.23080030727891984,0.18155189936277816,H
2024-12-06,Serie A,Inter,Parma,0.861229712800541,0.11099443181964792,0.027775855379811212,H
2024-12-06,Ligue 1,Lille,Brest,0.5736248035016862,0.2255946819996232,0.2007805144986906,H
2024-12-06,La Liga,Celta,Mallorca,0.43029268452217745,0.2718267917455732,0.2978805237322493,H
2024-12-06,Ligue 1,Auxerre,Paris SG,0.11444032453042167,0.1877254939588996,0.6978341815106787,D
2024-12-07,Premier League,Man United,Nott'm Forest,0.6397310520152731,0.20936616422840518,0.15090278375632166,A
2024-12-07,Bundesliga,Holstein Kiel,RB Leipzig,0.18080817239116623,0.21031349639397803,0.6088783312148557,A
2024-12-07,Premier League,Aston Villa,Southampton,0.7390530382004108,0.18884412380902926,0.07210283799056005,H
2024-12-07,Premier League,Crystal Palace,Man City,0.14948317373666442,0.17120719575083992,0.6793096305124957,D
2024-12-07,La Liga,Girona,Real Madrid,0.22854544775680627,0.21482841196292157,0.5566261402802721,A
2024-12-07,Bundesliga,Leverkusen,St Pauli,0.7601530634620798,0.172126893982928,0.06772004255499223,H
2024-12-07,Premier League,Brentford,Newcastle,0.34746421930775695,0.2594137145286462,0.39312206616359685,H
2024-12-07,Ligue 1,Angers,Lyon,0.14597186731723039,0.23805409685857756,0.6159740358241922,A
2024-12-07,La Liga,Betis,Barcelona,0.17519431807908495,0.20357463824416588,0.6212310436767491,D
2024-12-07,Bundesliga,Bayern Munich,Heidenheim,0.8334009518950078,0.11810119501865653,0.04849785308633565,H
2024-12-07,La Liga,Valencia,Vallecano,0.48851559088261076,0.26984240604489235,0.24164200307249686,A
2024-12-07,Ligue 1,Monaco,Toulouse,0.6434780200011094,0.22586798079573175,0.1306539992031588,H
2024-12-07,Bundesliga,M'gladbach,Dortmund,0.2504147638704067,0.23865455003926128,0.5109306860903321,D
2024-12-07,Serie A,Genoa,Torino,0.39288289186552317,0.26609976264703494,0.34101734548744195,D
2024-12-07,Serie A,Roma,Lecce,0.5771013373607032,0.25760245010972793,0.1652962125295688,H
2024-12-07,La Liga,Las Palmas,Valladolid,0.49106506853185006,0.279271159573469,0.22966377189468093,H
2024-12-07,Bundesliga,Bochum,Werder Bremen,0.26188588037258603,0.2872262081055672,0.45088791152184665,A
2024-12-07,Ligue 1,Nice,Le Havre,0.643086893215963,0.24127640787766982,0.11563669890636717,H
2024-12-07,Bundesliga,Ein Frankfurt,Augsburg,0.6957661598540855,0.20327073406501472,0.10096310608089981,D
2024-12-07,Serie A,Juventus,Bologna,0.551528280832155,0.2308050813827903,0.21766663778505468,D
2024-12-08,La Liga,Leganes,Sociedad,0.2896235315612581,0.2815276402694288,0.4288488281693132,A
2024-12-08,Ligue 1,Nantes,Rennes,0.3080406708123245,0.26833028611911525,0.4236290430685602,H
2024-12-08,Ligue 1,Strasbourg,Reims,0.36533388868734185,0.27501344221128915,0.35965266910136895,D
2024-12-08,Premier League,Ipswich,Bournemouth,0.34174440927419336,0.27526818064558445,0.38298741008022213,A
2024-12-08,Bundesliga,Hoffenheim,Freiburg,0.38112710875155387,0.26714637968010063,0.3517265115683455,D
2024-12-08,La Liga,Ath Madrid,Sevilla,0.7129273836225223,0.19363852982054622,0.09343408655693149,H
2024-12-08,Premier League,Leicester,Brighton,0.2964221457707171,0.26788698150491114,0.4356908727243717,D
2024-12-08,Bundesliga,Wolfsburg,Mainz,0.4147993060793271,0.29244668000914587,0.29275401391152694,H
2024-12-08,Premier League,Fulham,Arsenal,0.155567447219216,0.2130846655572912,0.6313478872234928,D
2024-12-08,Serie A,Napoli,Lazio,0.44668352145535434,0.260643480277466,0.2926729982671795,A
2024-12-08,Ligue 1,St Etienne,Marseille,0.20667415217434923,0.24683808028224874,0.5464877675434019,A
2024-12-08,La Liga,Osasuna,Alaves,0.531009441914164,0.2722865999236483,0.19670395816218772,D
2024-12-08,Ligue 1,Lens,Montpellier,0.6242320955377421,0.2276755645529856,0.1480923399092724,H
2024-12-08,Serie A,Fiorentina,Cagliari,0.6977588721910293,0.20124278634048406,0.1009983414684866,H
2024-12-08,Serie A,Verona,Empoli,0.38672457363192375,0.28765638307506924,0.325619043293007,A
2024-12-08,Premier League,Tottenham,Chelsea,0.36753218081679173,0.24824524711930182,0.3842225720639064,A
2024-12-08,La Liga,Ath Bilbao,Villarreal,0.4212548579428497,0.2679642409587494,0.31078090109840084,H
2024-12-08,Serie A,Venezia,Como,0.34993850411530036,0.2784355978139794,0.3716258980707202,D
2024-12-09,La Liga,Getafe,Espanol,0.4959072594312174,0.2519564655545135,0.2521362750142691,H
2024-12-09,Serie A,Monza,Udinese,0.437379753971361,0.2537850172043653,0.3088352288242736,A
2024-12-09,Premier League,West Ham,Wolves,0.49775893210854716,0.27085573850050215,0.23138532939095066,H
2024-12-13,La Liga,Valladolid,Valencia,0.3052581230848885,0.29557287661610343,0.3991690002990081,H
2024-12-13,Serie A,Empoli,Torino,0.3891249678032788,0.27394621680800696,0.33692881538871416,A
2024-12-13,Ligue 1,Toulouse,St Etienne,0.5674901107396816,0.2630526178646706,0.1694572713956478,H
2024-12-13,Bundesliga,Freiburg,Wolfsburg,0.4168150867601162,0.28870629061857006,0.29447862262131386,H
2024-12-14,Serie A,Cagliari,Atalanta,0.16564592880087226,0.23165745159892517,0.6026966196002026,A
2024-12-14,Premier League,Liverpool,Fulham,0.7346831630628482,0.17901170759309729,0.08630512934405442,D
2024-12-14,Bundesliga,Mainz,Bayern Munich,0.1851108263170801,0.2217904234978593,0.5930987501850606,H
2024-12-14,Bundesliga,M'gladbach,Holstein Kiel,0.5883196984036997,0.23981833221687818,0.17186196937942216,H
2024-12-14,Bundesliga,Augsburg,Leverkusen,0.13025832199796464,0.19983277014169828,0.669908907860337,A
2024-12-14,La Liga,Sevilla,Celta,0.43860779396379507,0.27932874366416055,0.28206346237204427,H
2024-12-14,Serie A,Udinese,Napoli,0.2517400794469448,0.24022655443833243,0.5080333661147227,A
2024-12-14,La Liga,Mallorca,Girona,0.3015354894876646,0.2738114676044746,0.42465304290786077,H
2024-12-14,Ligue 1,Reims,Monaco,0.262434180479878,0.2335668420384174,0.5039989774817045,D
2024-12-14,La Liga,Vallecano,Real Madrid,0.07499829192276053,0.16896451220844078,0.7560371958687987,D
2024-12-14,La Liga,Espanol,Osasuna,0.33250745662033926,0.27832151365854635,0.38917102972111434,D
2024-12-14,Premier League,Nott'm Forest,Aston Villa,0.3050187058352224,0.26690163837802944,0.42807965578674817,H
2024-12-14,Premier League,Arsenal,Everton,0.779135685690512,0.1565990798996573,0.0642652344098308,D
2024-12-14,Ligue 1,Auxerre,Lens,0.2855210711741591,0.25678587442669104,0.45769305439914976,D
2024-12-14,Premier League,Wolves,Ipswich,0.43581309889434683,0.29515019777822865,0.2690367033274246,A
2024-12-14,Ligue 1,Marseille,Lille,0.4155974287680492,0.2561434366544553,0.32825913457749534,D
2024-12-14,Bundesliga,Union Berlin,Bochum,0.6203990341180138,0.22700935626646665,0.15259160961551968,A
2024-12-14,Serie A,Juventus,Venezia,0.7861437042868069,0.15685832514702097,0.056997970566172194,D
2024-12-14,Bundesliga,St Pauli,Werder Bremen,0.40943388881361775,0.27176625466725657,0.31879985651912573,A
2024-12-14,Premier League,Newcastle,Leicester,0.6458465224051586,0.21253588625867734,0.14161759133616406,H
2024-12-15,Ligue 1,Le Havre,Strasbourg,0.3571166766478683,0.2729483113930354,0.3699350119590963,A
2024-12-15,Serie A,Milan,Genoa,0.6599237782876984,0.2189814714308843,0.12109475028141724,D
2024-12-15,Premier League,Man City,Man United,0.6492836735621257,0.20517569726059703,0.14554062917727723,A
2024-12-15,Ligue 1,Brest,Nantes,0.5931374171657284,0.2398354934181719,0.1670270894160997,H
2024-12-15,La Liga,Sociedad,Las Palmas,0.6652645368558561,0.2235712020790963,0.11116426106504759,D
2024-12-15,La Liga,Villarreal,Betis,0.5192553399585125,0.2323141665574617,0.2484304934840258,A
2024-12-15,Bundesliga,Dortmund,Hoffenheim,0.6781542185863544,0.20124892947149128,0.1205968519421542,D
2024-12-15,Serie A,Bologna,Fiorentina,0.43505090578659866,0.274486018624449,0.2904630755889523,H
2024-12-15,La Liga,Alaves,Ath Bilbao,0.231491656045413,0.27080578947249623,0.49770255448209083,D
2024-12-15,Premier League,Chelsea,Brentford,0.6498747110821735,0.21480805707325787,0.13531723184456856,H
2024-12-15,Ligue 1,Montpellier,Nice,0.29679916771598897,0.2506486463893732,0.4525521858946379,D
2024-12-15,Bundesliga,RB Leipzig,Ein Frankfurt,0.4478431414153532,0.26264736557096396,0.2895094930136828,H
2024-12-15,Bundesliga,Heidenheim,Stuttgart,0.22411255634225274,0.25688167799782174,0.5190057656599256,A
2024-12-15,Ligue 1,Paris SG,Lyon,0.6225983233923158,0.2145633279640391,0.16283834864364513,H
2024-12-15,Serie A,Lecce,Monza,0.37352833782898026,0.2892548446432485,0.33721681752777133,H
2024-12-15,Serie A,Parma,Verona,0.45644687449268806,0.2638429141258929,0.279710211381419,A
2024-12-15,La Liga,Ath Madrid,Getafe,0.7543766853963269,0.17985346060811766,0.06576985399555552,H
2024-12-15,Premier League,Southampton,Tottenham,0.1392303537932127,0.2258324540117086,0.6349371921950786,A
2024-12-15,Ligue 1,Rennes,Angers,0.6563588420214839,0.2260555499709604,0.11758560800755573,H
2024-12-15,Premier League,Brighton,Crystal Palace,0.5090633306765272,0.2616606937409639,0.2292759755825089,A
2024-12-15,Serie A,Como,Roma,0.2845300101760566,0.24392732738851214,0.47154266243543125,H
2024-12-15,La Liga,Barcelona,Leganes,0.8275082109438784,0.12468753547345873,0.0478042535826629,A
2024-12-16,Premier League,Bournemouth,West Ham,0.5010745606235778,0.25813497613926245,0.24079046323715972,D
2024-12-16,Serie A,Lazio,Inter,0.23186199192360915,0.2362936616118236,0.5318443464645672,A
2024-12-18,La Liga,Espanol,Valencia,0.38674697953577053,0.2984468406546296,0.31480617980959985,D
2024-12-18,La Liga,Villarreal,Vallecano,0.6190405288771875,0.22359055675457482,0.15736891436823763,D
2024-12-18,Ligue 1,Monaco,Paris SG,0.2872123414486983,0.22586087090745055,0.4869267876438511,A
2024-12-20,Serie A,Verona,Milan,0.14471324543418315,0.23052141999732398,0.6247653345684929,A
2024-12-20,Bundesliga,Bayern Munich,RB Leipzig,0.5970436545781839,0.19793089704525862,0.20502544837655756,H
2024-12-20,La Liga,Girona,Valladolid,0.6996591983584864,0.20267260509619323,0.09766819654532027,H
2024-12-21,Bundesliga,Holstein Kiel,Augsburg,0.3660807546337479,0.29559966268039856,0.3383195826858535,H
2024-12-21,Bundesliga,Stuttgart,St Pauli,0.6745522996809545,0.2098919379615446,0.11555576235750077,A
2024-12-21,Bundesliga,Ein Frankfurt,Mainz,0.5191804217362134,0.26069041130215553,0.22012916696163112,A
2024-12-21,Premier League,Crystal Palace,Arsenal,0.1703730357047566,0.21831206290403726,0.6113149013912063,A
2024-12-21,Bundesliga,Hoffenheim,M'gladbach,0.3997665217508561,0.2895831355860564,0.31065034266308744,A
2024-12-21,Premier League,West Ham,Brighton,0.4056097401353682,0.26310556195420576,0.33128469791042603,D
2024-12-21,La Liga,Celta,Sociedad,0.2986086763912573,0.283583127300152,0.41780819630859056,H
2024-12-21,Bundesliga,Werder Bremen,Union Berlin,0.4780547961231091,0.2655927646690421,0.2563524392078488,H
2024-12-21,Serie A,Genoa,Napoli,0.2421388984356253,0.2433081948430126,0.5145529067213621,A
2024-12-21,Premier League,Ipswich,Newcastle,0.24684477657908574,0.23833252183386938,0.5148227015870449,A
2024-12-21,Premier League,Brentford,Nott'm Forest,0.5194128736025365,0.24667146014096133,0.23391566625650212,A
2024-12-21,La Liga,Getafe,Mallorca,0.4063990569637388,0.2698086729391583,0.323792270097103,A
2024-12-21,Bundesliga,Leverkusen,Freiburg,0.7228647024021508,0.18004592964906055,0.09708936794878863,H
2024-12-21,Serie A,Lecce,Lazio,0.24493389126482987,0.24349994871108108,0.5115661600240891,A
2024-12-21,Serie A,Torino,Bologna,0.3224969518897365,0.2491310775223116,0.42837197058795184,A
2024-12-21,Premier League,Aston Villa,Man City,0.2551575871661213,0.20322856610810636,0.5416138467257723,H
2024-12-21,La Liga,Barcelona,Ath Madrid,0.5111883356175619,0.22276778234094854,0.26604388204148943,A
2024-12-21,La Liga,Osasuna,Ath Bilbao,0.3105005700302627,0.27663011224180933,0.41286931772792806,A
2024-12-22,Premier League,Tottenham,Liverpool,0.2768834651720641,0.20350888211420648,0.5196076527137294,A
2024-12-22,Serie A,Roma,Parma,0.6635938665293084,0.21618409879670378,0.12022203467398779,H
2024-12-22,Bundesliga,Wolfsburg,Dortmund,0.29972716654562603,0.25435282693509326,0.44592000651928076,A
2024-12-22,Premier League,Leicester,Wolves,0.4561389836640739,0.27494691541301314,0.26891410092291296,A
2024-12-22,Serie A,Atalanta,Empoli,0.6846504998196444,0.20979164772150302,0.10555785245885263,H
2024-12-22,Bundesliga,Bochum,Heidenheim,0.4270753506054565,0.23869298894355667,0.3342316604509868,H
2024-12-22,La Liga,Real Madrid,Sevilla,0.7923736579947278,0.14799345527513116,0.059632886730141096,H
2024-12-22,La Liga,Leganes,Villarreal,0.25659521267476343,0.26338835590076237,0.48001643142447425,A
2024-12-22,La Liga,Betis,Vallecano,0.5643791927329588,0.2530979132196633,0.18252289404737795,D
2024-12-22,Serie A,Venezia,Cagliari,0.3584932301762793,0.2945884608947181,0.34691830892900266,H
2024-12-22,Serie A,Monza,Juventus,0.18662000206969162,0.2164267137694166,0.5969532841608918,A
2024-12-22,Premier League,Everton,Chelsea,0.20847595690929904,0.24163973744401362,0.5498843056466873,D
2024-12-22,Premier League,Man United,Bournemouth,0.5500882865224418,0.24614583889151972,0.20376587458603848,A
2024-12-22,La Liga,Valencia,Alaves,0.4458056672397181,0.2704064759970872,0.2837878567631946,D
2024-12-22,Premier League,Fulham,Southampton,0.7321132587471733,0.18394961469024185,0.08393712656258485,D
2024-12-22,La Liga,Las Palmas,Espanol,0.44569783793702544,0.29923578004365436,0.2550663820193201,H
2024-12-23,Serie A,Inter,Como,0.8416459476440536,0.11912252926900845,0.03923152308693789,H
2024-12-23,Serie A,Fiorentina,Udinese,0.636677318087298,0.21973172468802724,0.14359095722467485,A
2024-12-26,Premier League,Chelsea,Fulham,0.6280910001686301,0.22312392462399355,0.14878507520737633,A
2024-12-26,Premier League,Nott'm Forest,Tottenham,0.33938224341266243,0.26474669285783764,0.3958710637294999,H
2024-12-26,Premier League,Southampton,West Ham,0.21346361676416292,0.2656379574027768,0.5208984258330602,A
2024-12-26,Premier League,Bournemouth,Crystal Palace,0.514206179442361,0.2567727884196684,0.22902103213797062,D
2024-12-26,Premier League,Newcastle,Aston Villa,0.5264617997177529,0.22579664110980502,0.24774155917244203,H
2024-12-26,Premier League,Liverpool,Leicester,0.8590338777274831,0.10771550617766687,0.03325061609485008,H
2024-12-26,Premier League,Wolves,Man United,0.2682454075074814,0.2532345776087146,0.47852001488380397,H
2024-12-26,Premier League,Man City,Everton,0.7462559884124543,0.17250039949677823,0.08124361209076741,D
2024-12-27,Premier League,Arsenal,Ipswich,0.8340388558789461,0.12335644881722532,0.04260469530382867,H
2024-12-27,Premier League,Brighton,Brentford,0.4950989241568715,0.251792008380242,0.25310906746288653,D
2024-12-28,Serie A,Parma,Monza,0.30350645347994215,0.2990237314128844,0.3974698151071734,H
2024-12-28,Serie A,Cagliari,Inter,0.05304365591689467,0.1416685809803378,0.8052877631027675,A
2024-12-28,Serie A,Lazio,Atalanta,0.3661058169689384,0.2697351958181807,0.364158987212881,D
2024-12-28,Serie A,Empoli,Genoa,0.4165075361420434,0.2839081665286863,0.29958429732927033,A
2024-12-29,Premier League,Fulham,Bournemouth,0.45265954185267193,0.28364013856350395,0.26370031958382406,D
2024-12-29,Serie A,Juventus,Fiorentina,0.5282160753224646,0.2374228664029402,0.2343610582745953,D
2024-12-29,Serie A,Udinese,Torino,0.3927971948306368,0.284578471412853,0.3226243337565103,D
2024-12-29,Premier League,West Ham,Liverpool,0.13389487907082165,0.18650428789996337,0.679600833029215,A
2024-12-29,Premier League,Leicester,Man City,0.09467679447049637,0.1752373247491118,0.7300858807803917,A
2024-12-29,Serie A,Napoli,Venezia,0.7550639453730683,0.1792367538622729,0.06569930076465873,H
2024-12-29,Premier League,Everton,Nott'm Forest,0.420361015584703,0.27314547587820803,0.3064935085370889,A
2024-12-29,Premier League,Tottenham,Wolves,0.623141185910498,0.2236010185714858,0.15325779551801613,D
2024-12-29,Premier League,Crystal Palace,Southampton,0.6959587730604873,0.2099508587384729,0.09409036820103975,H
2024-12-29,Serie A,Milan,Roma,0.547870710911287,0.23616231796265202,0.21596697112606095,D
2024-12-30,Serie A,Bologna,Verona,0.7445576310977327,0.17202373474916283,0.08341863415310453,A
2024-12-30,Premier League,Aston Villa,Brighton,0.5080692298212458,0.24828540444674196,0.24364536573201212,D
2024-12-30,Serie A,Como,Lecce,0.4811384346473462,0.2753723389092056,0.2434892264434481,H
2024-12-30,Premier League,Ipswich,Chelsea,0.16753024602982922,0.23033780293846545,0.6021319510317054,H
2024-12-30,Premier League,Man United,Newcastle,0.2963875859423256,0.26714409870028183,0.4364683153573926,A
2025-01-01,Premier League,Brentford,Arsenal,0.14465166550546277,0.20719849734346502,0.6481498371510722,A
2025-01-03,Ligue 1,Nice,Rennes,0.4932346876051695,0.273948480130075,0.23281683226475555,H
2025-01-03,La Liga,Valencia,Real Madrid,0.08493698975277482,0.152398701821815,0.7626643084254103,A
2025-01-04,Premier League,Crystal Palace,Chelsea,0.31727254526249565,0.25638840097686033,0.426339053760644,D
2025-01-04,Premier League,Southampton,Brentford,0.21424293782103657,0.26366243479521595,0.5220946273837473,A
2025-01-04,Ligue 1,Lille,Nantes,0.733193086821841,0.18108497732027917,0.08572193585787982,D
2025-01-04,Premier League,Aston Villa,Leicester,0.6898345690266496,0.19609955080710612,0.11406588016624415,H
2025-01-04,Ligue 1,Lyon,Montpellier,0.6578369646430052,0.2145562377269342,0.12760679763006047,H
2025-01-04,Serie A,Verona,Udinese,0.3824184194206545,0.2807291902671508,0.33685239031219477,D
2025-01-04,Serie A,Fiorentina,Napoli,0.3853881019971412,0.25191996300682834,0.3626919349960305,A
2025-01-04,Serie A,Venezia,Empoli,0.32958408719807986,0.2816380911003526,0.38877782170156755,D
2025-01-04,Premier League,Brighton,Arsenal,0.18012262738998486,0.21168977499655414,0.608187597613461,D
2025-01-04,Premier League,Tottenham,Newcastle,0.34477074816459563,0.2613526139808158,0.39387663785458865,A
2025-01-04,Premier League,Man City,West Ham,0.760669528079933,0.1593927013803139,0.07993777053975308,H
2025-01-04,Premier League,Bournemouth,Everton,0.4945279078346646,0.2756280840829801,0.22984400808235517,H
2025-01-04,Ligue 1,St Etienne,Reims,0.24271222367769665,0.2930474595700697,0.46424031675223354,H
2025-01-05,Ligue 1,Strasbourg,Auxerre,0.46294665533850615,0.27670686802620476,0.26034647663528904,H
2025-01-05,Ligue 1,Lens,Toulouse,0.6083703338994059,0.2361898161921527,0.15543984990844145,A
2025-01-05,Serie A,Torino,Parma,0.6483088190764463,0.21930901259731844,0.13238216832623526,D
2025-01-05,Ligue 1,Angers,Brest,0.1781426037976159,0.24085951252836815,0.5809978836740161,H
2025-01-05,Ligue 1,Marseille,Le Havre,0.7256692888272942,0.1903020552383435,0.0840286559343623,H
2025-01-05,Premier League,Fulham,Ipswich,0.5894239187998611,0.24130827875732633,0.16926780244281256,D
2025-01-05,Serie A,Monza,Cagliari,0.4906308502837907,0.26593365743728786,0.24343549227892147,A
2025-01-05,Premier League,Liverpool,Man United,0.8047748043147955,0.12834498057695892,0.06688021510824543,D
2025-01-05,Serie A,Roma,Lazio,0.44439958968842885,0.21724036068463154,0.33836004962693955,H
2025-01-05,Serie A,Lecce,Genoa,0.33051460153952816,0.30334519307164326,0.3661402053888284,D
2025-01-06,Premier League,Wolves,Nott'm Forest,0.35383324303249375,0.2877493995145235,0.3584173574529828,A
2025-01-10,Ligue 1,Nantes,Monaco,0.17367638627741097,0.22323218402043168,0.6030914297021573,D
2025-01-10,Bundesliga,Dortmund,Leverkusen,0.320439167372615,0.23191560909663766,0.44764522353074726,A
2025-01-10,Serie A,Lazio,Como,0.5832257058278361,0.2623364668069872,0.15443782736517675,D
2025-01-10,Ligue 1,Auxerre,Lille,0.2145784212655623,0.24615039737747121,0.5392711813569664,D
2025-01-10,La Liga,Vallecano,Celta,0.4135018772913017,0.28423338455890984,0.30226473814978844,H
2025-01-11,La Liga,Valladolid,Betis,0.19972151887174938,0.2566491390154287,0.543629342112822,H
2025-01-11,Ligue 1,Brest,Lyon,0.3321158480220576,0.25897812707997414,0.40890602489796823,H
2025-01-11,Bundesliga,St Pauli,Ein Frankfurt,0.2719764523911118,0.26639457941315836,0.46162896819572985,A
2025-01-11,Serie A,Empoli,Lecce,0.530711330276431,0.2504006604685435,0.2188880092550255,A
2025-01-11,La Liga,Sevilla,Valencia,0.499360247085755,0.2782202744398241,0.22241947847442084,D
2025-01-11,Bundesliga,Freiburg,Holstein Kiel,0.5847277204734704,0.24739443641415115,0.16787784311237844,H
2025-01-11,Serie A,Torino,Juventus,0.24514444382788497,0.22958622038441304,0.525269335787702,D
2025-01-11,Ligue 1,Rennes,Marseille,0.30500931167634143,0.25346569250645634,0.44152499581720234,A
2025-01-11,Bundesliga,Heidenheim,Union Berlin,0.36949839590948386,0.2733792691259221,0.35712233496459406,H
2025-01-11,Ligue 1,Reims,Nice,0.3418400181256611,0.2451975240001833,0.4129624578741555,A
2025-01-11,Bundesliga,Mainz,Bochum,0.6310770196066916,0.24603731159331776,0.12288566879999067,H
2025-01-11,Serie A,Milan,Cagliari,0.7261856809195908,0.1839931411850394,0.0898211778953698,D
2025-01-11,Serie A,Udinese,Atalanta,0.2200700845838908,0.24676106523796112,0.5331688501781481,D
2025-01-11,Bundesliga,Hoffenheim,Wolfsburg,0.3928083820614666,0.2737194160048997,0.33347220193363364,A
2025-01-11,La Liga,Alaves,Girona,0.2730024726326093,0.2525313557947941,0.47446617157259663,A
2025-01-11,Bundesliga,M'gladbach,Bayern Munich,0.16056191043689966,0.2110452529397598,0.6283928366233407,A
2025-01-11,La Liga,Espanol,Leganes,0.4475565094582708,0.26009864940099914,0.29234484114073,D
2025-01-12,Ligue 1,Montpellier,Angers,0.5591538383475141,0.26558911090292825,0.17525705074955772,A
2025-01-12,Serie A,Napoli,Verona,0.7470531598308098,0.17676933098763797,0.0761775091815522,H
2025-01-12,La Liga,Las Palmas,Getafe,0.4229188301759287,0.3121591316615289,0.2649220381625424,A
2025-01-12,La Liga,Ath Madrid,Osasuna,0.7097796828825946,0.1939269320524167,0.09629338506498869,H
2025-01-12,Bundesliga,RB Leipzig,Werder Bremen,0.5537232838529984,0.26551378368870876,0.18076293245829272,H
2025-01-12,Bundesliga,Augsburg,Stuttgart,0.2160189286558396,0.2686727948772544,0.5153082764669061,A
2025-01-12,Ligue 1,Paris SG,St Etienne,0.860620840110435,0.10923935028814452,0.030139809601420337,H
2025-01-12,Ligue 1,Le Havre,Lens,0.18349413065906287,0.24791645485123742,0.5685894144896997,A
2025-01-12,Serie A,Genoa,Parma,0.611564116461872,0.231807231542182,0.156628651995946,H
2025-01-12,Serie A,Venezia,Inter,0.042647348070671345,0.1366647038736501,0.8206879480556786,A
2025-01-12,Ligue 1,Toulouse,Strasbourg,0.41919821059335843,0.29310153887762214,0.2877002505290194,A
2025-01-12,Serie A,Bologna,Roma,0.48186760778383997,0.2624234230963496,0.2557089691198105,D
2025-01-13,Serie A,Monza,Fiorentina,0.24648912356083372,0.22869282620418135,0.5248180502349848,H
2025-01-13,La Liga,Sociedad,Villarreal,0.41502978779094757,0.2463410067630074,0.3386292054460449,H
2025-01-14,Bundesliga,Holstein Kiel,Dortmund,0.182552414790977,0.22681696411670002,0.5906306210923229,H
2025-01-14,Premier League,Nott'm Forest,Liverpool,0.16287426902146943,0.20544044197296177,0.6316852890055686,D
2025-01-14,Bundesliga,Wolfsburg,M'gladbach,0.47332477019223257,0.27031093176002363,0.25636429804774385,H
2025-01-14,Serie A,Atalanta,Juventus,0.4584059767324099,0.23664029089061145,0.30495373237697865,D
2025-01-14,Bundesliga,Leverkusen,Mainz,0.701689988353664,0.19721973106591498,0.10109028058042108,H
2025-01-14,Bundesliga,Ein Frankfurt,Freiburg,0.5480039915134017,0.2301080355910389,0.22188797289555934,H
2025-01-14,Premier League,Brentford,Man City,0.1642595419890363,0.1920355837307938,0.64370487428017,D
2025-01-14,Premier League,Chelsea,Bournemouth,0.5155166172278329,0.2594756021777924,0.2250077805943747,D
2025-01-14,Premier League,West Ham,Fulham,0.3508304396228349,0.28696159568176755,0.3622079646953976,H
2025-01-14,Serie A,Como,Milan,0.23655328892794322,0.24612410874311247,0.5173226023289444,A
2025-01-15,Premier League,Everton,Aston Villa,0.30114648355630397,0.24291140158126012,0.4559421148624359,A
2025-01-15,Bundesliga,Stuttgart,RB Leipzig,0.44684693860953356,0.22644395065466763,0.3267091107357987,H
2025-01-15,Bundesliga,Union Berlin,Augsburg,0.4896620479357408,0.2634443617464879,0.2468935903177714,A
2025-01-15,Bundesliga,Bochum,St Pauli,0.36249085021899363,0.2951776660241422,0.3423314837568641,H
2025-01-15,Premier League,Newcastle,Wolves,0.7079393778612469,0.19589567783654377,0.09616494430220926,H
2025-01-15,Serie A,Inter,Bologna,0.7215549968642133,0.16764423239808152,0.11080077073770517,D
2025-01-15,Bundesliga,Bayern Munich,Hoffenheim,0.7811787832472407,0.15471341824389673,0.06410779850886268,H
2025-01-15,Premier League,Arsenal,Tottenham,0.7017090486763226,0.17828412419669626,0.12000682712698117,H
2025-01-15,Premier League,Leicester,Crystal Palace,0.28522944702415437,0.28122834503772076,0.4335422079381248,A
2025-01-15,Bundesliga,Werder Bremen,Heidenheim,0.5967933554631049,0.22860002771822877,0.1746066168186664,D
2025-01-16,Premier League,Man United,Southampton,0.7425264221486303,0.1839213831956602,0.0735521946557095,H
2025-01-16,Premier League,Ipswich,Brighton,0.3003888301251538,0.27463641010943,0.42497475976541604,A
2025-01-17,Ligue 1,Lille,Nice,0.5168990298783306,0.22211111031007547,0.2609898598115939,H
2025-01-17,Ligue 1,Montpellier,Monaco,0.18740218138328238,0.21647952714207547,0.5961182914746421,H
2025-01-17,La Liga,Espanol,Valladolid,0.5092478088744558,0.26350726411961184,0.22724492700593238,H
2025-01-17,Serie A,Roma,Genoa,0.5734716670661807,0.24467950366170385,0.1818488292721155,H
2025-01-17,Bundesliga,Ein Frankfurt,Dortmund,0.41583081432822294,0.23643279771398484,0.34773638795779227,H
2025-01-18,Bundesliga,Bochum,RB Leipzig,0.1794403200799706,0.2243227408540478,0.5962369390659816,D
2025-01-18,Bundesliga,Leverkusen,M'gladbach,0.7697333732629171,0.16226191829763695,0.06800470843944598,H
2025-01-18,Premier League,Leicester,Fulham,0.25153556236446556,0.2681100368025185,0.48035440083301584,A
2025-01-18,Ligue 1,Lens,Paris SG,0.22405980105573534,0.21439770562180818,0.5615424933224564,A
2025-01-18,Serie A,Juventus,Milan,0.4852807249508612,0.24102161414150186,0.2736976609076368,H
2025-01-18,Bundesliga,Heidenheim,St Pauli,0.4569798129139525,0.28373093313044,0.2592892539556075,A
2025-01-18,Premier League,Newcastle,Bournemouth,0.5838523045746776,0.23765491551252182,0.17849277991280055,A
2025-01-18,Bundesliga,Bayern Munich,Wolfsburg,0.7573971471848696,0.15903045454155212,0.0835723982735784,H
2025-01-18,Serie A,Bologna,Monza,0.6759020226560843,0.20636443782611213,0.11773353951780363,H
2025-01-18,Premier League,Arsenal,Aston Villa,0.692713916225528,0.18628794862767056,0.12099813514680141,D
2025-01-18,Premier League,West Ham,Crystal Palace,0.4032006182782492,0.29047806041212465,0.3063213213096261,A
2025-01-18,La Liga,Girona,Sevilla,0.5686530819332323,0.2386482770085106,0.19269864105825704,A
2025-01-18,La Liga,Getafe,Barcelona,0.11617878826646155,0.18531587863576823,0.6985053330977702,D
2025-01-18,Bundesliga,Holstein Kiel,Hoffenheim,0.4593141968980428,0.26450777522805025,0.27617802787390694,A
2025-01-18,La Liga,Betis,Alaves,0.5564994308151702,0.2568990607350979,0.18660150844973197,A
2025-01-18,Bundesliga,Stuttgart,Freiburg,0.5994739750689301,0.21844301859682924,0.1820830063342407,H
2025-01-18,Premier League,Brentford,Liverpool,0.13158493063089358,0.1804443169275071,0.6879707524415994,A
2025-01-18,Serie A,Atalanta,Napoli,0.422330162807668,0.257359438472804,0.32031039871952804,A
2025-01-18,Ligue 1,Rennes,Brest,0.4321791699908264,0.2493921471522233,0.3184286828569504,A
2025-01-18,Ligue 1,Lyon,Toulouse,0.6132049254434603,0.23152481404217806,0.15527026051436166,D
2025-01-18,La Liga,Leganes,Ath Madrid,0.12869653034780085,0.2180829331402005,0.6532205365119987,H
2025-01-19,Serie A,Cagliari,Lecce,0.4135193726984912,0.29451231443157694,0.29196831286993186,H
2025-01-19,Premier League,Man United,Brighton,0.40999557925605123,0.2755650217053321,0.31443939903861673,A
2025-01-19,Serie A,Fiorentina,Torino,0.5244995541547817,0.24680497348234476,0.22869547236287358,D
2025-01-19,Premier League,Ipswich,Man City,0.10333713832786004,0.18106661241702585,0.7155962492551141,A
2025-01-19,La Liga,Real Madrid,Las Palmas,0.834170577416894,0.1327787951508252,0.03305062743228083,H
2025-01-19,Ligue 1,Angers,Auxerre,0.31984454860973344,0.29793278826022873,0.38222266313003783,H
2025-01-19,Ligue 1,Marseille,Strasbourg,0.6176190147847981,0.23456170174159696,0.147819283473605,D
2025-01-19,La Liga,Valencia,Sociedad,0.262692446671236,0.2726086838423809,0.4646988694863831,H
2025-01-19,Ligue 1,St Etienne,Nantes,0.39717745131159776,0.2957042620015123,0.30711828668688995,D
2025-01-19,Bundesliga,Union Berlin,Mainz,0.2868224440770017,0.2753379296994656,0.4378396262235327,H
2025-01-19,Serie A,Verona,Lazio,0.2585977341563317,0.23335896586911803,0.5080432999745502,A
2025-01-19,Bundesliga,Werder Bremen,Augsburg,0.5685371709440123,0.2452005322308775,0.18626229682511017,A
2025-01-19,Serie A,Inter,Empoli,0.8440090262446898,0.11567311257007694,0.04031786118523329,H
2025-01-19,Premier League,Nott'm Forest,Southampton,0.7549419385421136,0.17979481018653382,0.06526325127135252,H
2025-01-19,Ligue 1,Reims,Le Havre,0.599913874108803,0.22966282831253454,0.1704232975786624,D
2025-01-19,Serie A,Parma,Venezia,0.39153676335797855,0.31768051496513844,0.29078272167688296,D
2025-01-19,La Liga,Celta,Ath Bilbao,0.27711117833562976,0.2667691232491528,0.4561196984152174,A
2025-01-19,La Liga,Osasuna,Vallecano,0.4663794469535963,0.27225581456926795,0.2613647384771357,D
2025-01-19,Premier League,Everton,Tottenham,0.3416083379550518,0.2376057754516651,0.4207858865932832,H
2025-01-20,Premier League,Chelsea,Wolves,0.6696354831304687,0.2092847286994345,0.12107978817009679,H
2025-01-20,La Liga,Villarreal,Mallorca,0.596467444413966,0.2240701128614138,0.1794624427246202,H
2025-01-20,Serie A,Como,Udinese,0.4020903579738658,0.27857724484203694,0.3193323971840973,H
2025-01-24,Serie A,Torino,Cagliari,0.5451711388172226,0.2530201760869952,0.20180868509578223,H
2025-01-24,Ligue 1,Auxerre,St Etienne,0.4735854653659121,0.27669625521480096,0.24971827941928693,D
2025-01-24,La Liga,Las Palmas,Osasuna,0.30720894204643084,0.29519517633930825,0.39759588161426096,D
2025-01-24,Bundesliga,Wolfsburg,Holstein Kiel,0.5814470410105388,0.2373208937288183,0.18123206526064295,D
2025-01-25,Ligue 1,Paris SG,Reims,0.7875237157982488,0.15111226726114424,0.06136401694060702,D
2025-01-25,Premier League,Southampton,Newcastle,0.10631475048180188,0.2168130854700435,0.6768721640481546,A
2025-01-25,La Liga,Sevilla,Espanol,0.536327310237115,0.28201139243158224,0.1816612973313027,D
2025-01-25,La Liga,Valladolid,Real Madrid,0.0576997341825236,0.1460420559100248,0.7962582099074514,A
2025-01-25,Bundesliga,RB Leipzig,Leverkusen,0.27756875987590224,0.24291714713539822,0.4795140929886995,D
2025-01-25,Premier League,Wolves,Arsenal,0.10531816163715295,0.187578375232808,0.707103463130039,A
2025-01-25,Ligue 1,Strasbourg,Lille,0.29341592556945806,0.2583108972530156,0.44827317717752635,H
2025-01-25,Bundesliga,Freiburg,Bayern Munich,0.13249051097809555,0.2217760589749459,0.6457334300469585,A
2025-01-25,Bundesliga,Dortmund,Werder Bremen,0.5816519287306335,0.23096059597772617,0.1873874752916403,D
2025-01-25,Ligue 1,Monaco,Rennes,0.6158343093969734,0.21980610462963676,0.1643595859733899,H
2025-01-25,Serie A,Empoli,Bologna,0.20506435462599718,0.22853550023454264,0.5664001451394601,D
2025-01-25,Premier League,Brighton,Everton,0.5808999153961591,0.23906017737699495,0.18003990722684587,A
2025-01-25,Bundesliga,Mainz,Stuttgart,0.31912692845668017,0.2741442103314261,0.40672886121189367,H
2025-01-25,La Liga,Mallorca,Betis,0.3490047613038767,0.29148097224870606,0.3595142664474173,A
2025-01-25,La Liga,Ath Madrid,Villarreal,0.5350783249816259,0.25205285433115726,0.21286882068721677,D
2025-01-25,Premier League,Liverpool,Ipswich,0.8530816462017493,0.11074892810571556,0.036169425692535194,H
2025-01-25,Serie A,Napoli,Juventus,0.48608182082540863,0.24310276073808945,0.27081541843650203,H
2025-01-25,Premier League,Bournemouth,Nott'm Forest,0.44761249465576897,0.2751430888718416,0.2772444164723894,H
2025-01-25,Serie A,Como,Atalanta,0.2191668102712263,0.2235255461122885,0.5573076436164852,A
2025-01-25,Premier League,Man City,Chelsea,0.6721656683500843,0.1772634151358301,0.15057091651408566,H
2025-01-25,Bundesliga,Augsburg,Heidenheim,0.4655033438823316,0.27665327346162094,0.2578433826560475,H
2025-01-25,Bundesliga,M'gladbach,Bochum,0.5226776307987842,0.28940488254026875,0.18791748666094701,H
2025-01-26,La Liga,Barcelona,Valencia,0.7602042731548837,0.1670362575911055,0.07275946925401083,H
2025-01-26,La Liga,Ath Bilbao,Leganes,0.6754845439997681,0.21298761576336014,0.11152784023687184,D
2025-01-26,La Liga,Vallecano,Girona,0.34071360956400376,0.2648765003648931,0.3944098900711032,H
2025-01-26,Ligue 1,Lens,Angers,0.6872192617732585,0.2152054978656469,0.09757524036109458,H
2025-01-26,Premier League,Aston Villa,West Ham,0.6413846123918737,0.20850863650012577,0.15010675110800045,D
2025-01-26,Ligue 1,Nantes,Lyon,0.22413396414506118,0.2556018103803761,0.5202642254745626,D
2025-01-26,Serie A,Milan,Parma,0.7523742456672625,0.18040540815961226,0.06722034617312525,H
2025-01-26,Serie A,Lazio,Fiorentina,0.5263138988123389,0.22286069974123326,0.25082540144642784,A
2025-01-26,Premier League,Fulham,Man United,0.4651442620664555,0.2460322740856096,0.288823463847935,A
2025-01-26,Premier League,Crystal Palace,Brentford,0.4702923444750755,0.2699896607309312,0.2597179947939932,A
2025-01-26,Ligue 1,Le Havre,Brest,0.2297796288688411,0.26118914157821144,0.5090312295529474,A
2025-01-26,Premier League,Tottenham,Leicester,0.6453110113014016,0.21100035298389122,0.1436886357147071,A
2025-01-26,Serie A,Lecce,Inter,0.07919577117939494,0.16432911511650333,0.7564751137041017,A
2025-01-26,Bundesliga,St Pauli,Union Berlin,0.4639394831543735,0.2608139440413868,0.2752465728042398,H
2025-01-26,Serie A,Udinese,Roma,0.2684283630213642,0.27997720698144013,0.45159442999719573,A
2025-01-26,La Liga,Sociedad,Getafe,0.5802815769918647,0.2552609700559127,0.16445745295222272,A
2025-01-26,Bundesliga,Hoffenheim,Ein Frankfurt,0.2564004754888111,0.26368621363604455,0.47991331087514427,D
2025-01-26,Ligue 1,Nice,Marseille,0.395542971690937,0.26726344940408425,0.3371935789049788,H
2025-01-26,Ligue 1,Toulouse,Montpellier,0.5126072668753509,0.26291253961644273,0.22448019350820642,A
2025-01-27,La Liga,Alaves,Celta,0.41583996700486836,0.2877441645353765,0.29641586845975515,D
2025-01-27,Serie A,Venezia,Verona,0.3989898114787747,0.28426682469867254,0.3167433638225528,D
2025-01-27,Serie A,Genoa,Monza,0.5070730224014474,0.2649175397734569,0.2280094378250957,H
2025-01-31,La Liga,Leganes,Vallecano,0.3945856091615368,0.3024945703993663,0.3029198204390969,A
2025-01-31,Ligue 1,Montpellier,Lens,0.2754136624783597,0.26281222236744867,0.4617741151541916,A
2025-01-31,Bundesliga,Werder Bremen,Mainz,0.3948371025686192,0.2787793474891324,0.32638354994224844,H
2025-01-31,Serie A,Parma,Lecce,0.41497562039414865,0.27315137427226793,0.3118730053335835,A
2025-02-01,La Liga,Villarreal,Valladolid,0.7458312439579026,0.17764473520600096,0.0765240208360964,H
2025-02-01,Serie A,Bologna,Como,0.6307067493630482,0.22573930137450163,0.14355394926245021,H
2025-02-01,Serie A,Udinese,Venezia,0.5320630254126909,0.2742939296829698,0.19364304490433926,H
2025-02-01,Bundesliga,Bayern Munich,Holstein Kiel,0.8068996444383119,0.14385543030732112,0.049244925254366995,H
2025-02-01,Bundesliga,Stuttgart,M'gladbach,0.614879631663281,0.22251746383557036,0.16260290450114867,A
2025-02-01,La Liga,Espanol,Real Madrid,0.07365872229551845,0.1532767519529763,0.7730645257515052,H
2025-02-01,Premier League,Everton,Leicester,0.5471297393863788,0.2596243918492384,0.1932458687643828,H
2025-02-01,Serie A,Atalanta,Torino,0.6074526493617478,0.22807174462460258,0.16447560601364952,D
2025-02-01,Premier League,Wolves,Aston Villa,0.20744350024968278,0.25123599260477797,0.5413205071455393,H
2025-02-01,Serie A,Monza,Verona,0.44254840094569947,0.28113820884220747,0.27631339021209306,A
2025-02-01,La Liga,Ath Madrid,Mallorca,0.7114920740617799,0.19223721952439138,0.09627070641382872,H
2025-02-01,Premier League,Newcastle,Fulham,0.5578278565100347,0.24523744677024745,0.19693469671971772,A
2025-02-01,Ligue 1,Brest,Paris SG,0.18907395453551737,0.21686323949768269,0.5940628059668,A
2025-02-01,Premier League,Nott'm Forest,Brighton,0.4139488775926359,0.2836740487353611,0.30237707367200295,H
2025-02-01,Bundesliga,Bochum,Freiburg,0.3487527087096609,0.24818831310241168,0.40305897818792735,A
2025-02-01,Bundesliga,Heidenheim,Dortmund,0.232257850284252,0.22816889567877394,0.539573254036974,A
2025-02-01,Premier League,Ipswich,Southampton,0.5924630622833643,0.2542751879188546,0.15326174979778112,A
2025-02-01,Premier League,Bournemouth,Liverpool,0.20586448745340608,0.21328286911905306,0.5808526434275408,A
2025-02-01,Ligue 1,Monaco,Auxerre,0.6755922883701827,0.2051072233029004,0.11930048832691688,H
2025-02-01,Bundesliga,St Pauli,Augsburg,0.45540381235591704,0.2779800361734988,0.26661615147058415,D
2025-02-01,Ligue 1,Lille,St Etienne,0.6770275690761174,0.2122769486030658,0.11069548232081686,H
2025-02-01,La Liga,Getafe,Sevilla,0.4176965856867851,0.2758488316200116,0.3064545826932032,D
2025-02-01,Bundesliga,Union Berlin,RB Leipzig,0.19359118130714742,0.2196892199973882,0.5867195986954645,D
2025-02-02,Serie A,Roma,Napoli,0.3080127881215328,0.25627443401867583,0.43571277785979146,D
2025-02-02,Serie A,Milan,Inter,0.22351265995612093,0.22608630226148377,0.5504010377823952,D
2025-02-02,Serie A,Juventus,Empoli,0.7231456058094317,0.17940353949453525,0.09745085469603308,H
2025-02-02,Ligue 1,Rennes,Strasbourg,0.3962716024857718,0.27892902434729505,0.3247993731669331,H
2025-02-02,Premier League,Arsenal,Man City,0.38155103138377194,0.2465714520079733,0.3718775166082547,H
2025-02-02,Ligue 1,Marseille,Lyon,0.497657314612907,0.23709558392927418,0.2652471014578187,H
2025-02-02,La Liga,Betis,Ath Bilbao,0.3317242694781435,0.2759621084907066,0.39231362203114983,D
2025-02-02,La Liga,Valencia,Celta,0.35829732180366003,0.30436076395765305,0.337341914238687,H
2025-02-02,Ligue 1,Toulouse,Nice,0.27969415708962236,0.2551731317124618,0.4651327111979159,D
2025-02-02,Ligue 1,Angers,Le Havre,0.48423933792987395,0.2705005181508026,0.2452601439193234,D
2025-02-02,La Liga,Osasuna,Sociedad,0.39581337063833466,0.2571720895993419,0.3470145397623235,H
2025-02-02,Premier League,Brentford,Tottenham,0.4557902642718215,0.2475772065692133,0.2966325291589652,A
2025-02-02,La Liga,Barcelona,Alaves,0.7672680511633628,0.1609058659130238,0.07182608292361345,H
2025-02-02,Bundesliga,Leverkusen,Hoffenheim,0.8051345044785456,0.14025191432249307,0.05461358119896135,H
2025-02-02,Serie A,Fiorentina,Genoa,0.5679095502899315,0.2526719295300902,0.17941852017997828,H
2025-02-02,Ligue 1,Reims,Nantes,0.5209978000030988,0.2566887152813154,0.22231348471558582,A
2025-02-02,Bundesliga,Ein Frankfurt,Wolfsburg,0.5494189525264902,0.24585412285046698,0.20472692462304282,D
2025-02-02,Premier League,Man United,Crystal Palace,0.4640849120947998,0.2787367714068552,0.2571783164983449,A
2025-02-03,Premier League,Chelsea,West Ham,0.65311736989941,0.19521032289151374,0.15167230720907618,H
2025-02-03,Serie A,Cagliari,Lazio,0.20908178087117057,0.24597601154447457,0.544942207584355,A
2025-02-03,La Liga,Girona,Las Palmas,0.6422627487194424,0.22681218001775133,0.13092507126280617,H
2025-02-06,Serie A,Fiorentina,Inter,0.18714770306557413,0.21448956371184913,0.5983627332225768,H
2025-02-07,Ligue 1,Paris SG,Monaco,0.6712203629444026,0.18164966093209783,0.14712997612349954,H
2025-02-07,Ligue 1,Nantes,Brest,0.35726778179456475,0.2605679721711824,0.3821642460342529,A
2025-02-07,Bundesliga,Bayern Munich,Werder Bremen,0.7604690467812546,0.1627914721592484,0.07673948105949692,H
2025-02-07,La Liga,Vallecano,Valladolid,0.6350761963718025,0.23073304818544693,0.13419075544275075,H
2025-02-07,Serie A,Como,Juventus,0.18779026853054953,0.22145590923727715,0.5907538222321733,A
2025-02-08,Serie A,Empoli,Milan,0.1976180115210459,0.2304977392381288,0.5718842492408253,A
2025-02-08,La Liga,Real Madrid,Ath Madrid,0.5845787305787421,0.21486462968194275,0.2005566397393151,D
2025-02-08,Ligue 1,St Etienne,Rennes,0.3297177225716122,0.26894792316661714,0.4013343542617706,A
2025-02-08,La Liga,Ath Bilbao,Girona,0.5077468809285851,0.25914368103892416,0.23310943803249073,H
2025-02-08,Ligue 1,Nice,Lens,0.4752125813089674,0.25557076954658087,0.26921664914445187,H
2025-02-08,La Liga,Las Palmas,Villarreal,0.16281047660414977,0.25083272458576933,0.5863567988100808,A
2025-02-08,Serie A,Verona,Atalanta,0.15834472400504876,0.21918834953932997,0.6224669264556212,A
2025-02-08,Ligue 1,Lille,Le Havre,0.7482075027027273,0.17491171026391428,0.07688078703335839,A
2025-02-08,Bundesliga,M'gladbach,Ein Frankfurt,0.307074153934093,0.2818414640358748,0.4110843820300323,D
2025-02-08,Bundesliga,Wolfsburg,Leverkusen,0.18924539766711596,0.20754741298167811,0.603207189351206,D
2025-02-08,Bundesliga,Mainz,Augsburg,0.5065885097913936,0.27425788376971205,0.2191536064388944,D
2025-02-08,La Liga,Celta,Betis,0.35021138708100735,0.2622017891266665,0.3875868237923262,H
2025-02-08,Bundesliga,Hoffenheim,Union Berlin,0.4687944477907408,0.27684503080327316,0.25436052140598603,A
2025-02-08,Serie A,Torino,Genoa,0.5095494610841992,0.2608808194104518,0.22956971950534893,D
2025-02-08,Bundesliga,Dortmund,Stuttgart,0.4589796115784019,0.2571336299393527,0.2838867584822455,A
2025-02-08,Bundesliga,Freiburg,Heidenheim,0.5280677000048586,0.275358957660772,0.19657334233436938,H
2025-02-09,Ligue 1,Auxerre,Toulouse,0.3597268811271038,0.28350757398824855,0.3567655448846476,D
2025-02-09,La Liga,Sevilla,Barcelona,0.1603459771148218,0.21457439089545594,0.6250796319897224,A
2025-02-09,Serie A,Lazio,Monza,0.7121522837296748,0.19234660195401027,0.09550111431631493,H
2025-02-09,Ligue 1,Strasbourg,Montpellier,0.5419356820439334,0.2600667140139357,0.1979976039421309,H
2025-02-09,Ligue 1,Angers,Marseille,0.17288680005940363,0.23284450934814324,0.5942686905924531,A
2025-02-09,Serie A,Venezia,Roma,0.1934646769297883,0.24523250983759218,0.5613028132326194,A
2025-02-09,Serie A,Cagliari,Parma,0.5243318559094444,0.27482493022648047,0.2008432138640752,H
2025-02-09,Serie A,Napoli,Udinese,0.7293541432185378,0.1824808707202611,0.08816498606120114,D
2025-02-09,Ligue 1,Lyon,Reims,0.5874926486523853,0.22216203730256665,0.19034531404504815,H
2025-02-09,La Liga,Valencia,Leganes,0.4035931184261208,0.3046841846014985,0.2917226969723807,H
2025-02-09,Bundesliga,Holstein Kiel,Bochum,0.5230723426315426,0.2653537941669699,0.21157386320148758,D
2025-02-09,Serie A,Lecce,Bologna,0.19094893755192824,0.2507807339582066,0.5582703284898651,D
2025-02-09,La Liga,Alaves,Getafe,0.4053159618965975,0.2960688202163978,0.29861521788700457,A
2025-02-09,Bundesliga,RB Leipzig,St Pauli,0.64889396760784,0.2255710044793625,0.12553502791279755,H
2025-02-09,La Liga,Sociedad,Espanol,0.5351020237364682,0.27599936928131347,0.18889860698221833,H
2025-02-10,La Liga,Mallorca,Osasuna,0.3732079475460988,0.2967205016683165,0.3300715507855847,D
2025-02-10,Serie A,Inter,Fiorentina,0.6612891665255188,0.19629863724719945,0.14241219622728174,H
2025-02-12,Premier League,Everton,Liverpool,0.13520194598492005,0.19426728114610736,0.6705307728689726,D
2025-02-14,Premier League,Brighton,Chelsea,0.3192885378134022,0.26395602150684944,0.4167554406797484,H
2025-02-14,Ligue 1,Brest,Auxerre,0.5780558683944681,0.2541912896974564,0.16775284190807546,D
2025-02-14,Serie A,Bologna,Torino,0.554246947088951,0.24567901140235535,0.2000740415086937,H
2025-02-14,Bundesliga,Augsburg,RB Leipzig,0.23493001247974066,0.24522910281404195,0.5198408847062174,D
2025-02-14,La Liga,Girona,Getafe,0.5044694967825345,0.2896863846673407,0.20584411855012483,A
2025-02-15,Serie A,Atalanta,Cagliari,0.7439701012856398,0.1761205925998581,0.07990930611450198,D
2025-02-15,Premier League,Leicester,Arsenal,0.07214871244303236,0.16511468634808338,0.7627366012088843,A
2025-02-15,Premier League,Man City,Newcastle,0.6778725741925529,0.18582489255953874,0.13630253324790845,H
2025-02-15,Bundesliga,St Pauli,Freiburg,0.4068860133395371,0.25389045356567785,0.339223533094785,A
2025-02-15,La Liga,Villarreal,Valencia,0.7016031541878435,0.19284277650064544,0.10555406931151097,D
2025-02-15,Premier League,Aston Villa,Ipswich,0.7042322521653835,0.18686942000702303,0.10889832782759347,D
2025-02-15,Serie A,Lazio,Napoli,0.40738495301156724,0.2351413010103567,0.357473745978076,D
2025-02-15,Ligue 1,Toulouse,Paris SG,0.11589929675337189,0.16955390787569746,0.7145467953709306,A
2025-02-15,Premier League,Fulham,Nott'm Forest,0.38720976093497683,0.26561521718791087,0.3471750218771122,H
2025-02-15,La Liga,Ath Madrid,Celta,0.7089591134148219,0.18979434742006993,0.10124653916510833,D
2025-02-15,Ligue 1,Marseille,St Etienne,0.7184093339619733,0.19370657301764257,0.08788409302038418,H
2025-02-15,Bundesliga,Union Berlin,M'gladbach,0.4062666136300217,0.26826321677558823,0.3254701695943901,A
2025-02-15,Bundesliga,Stuttgart,Wolfsburg,0.5284274817314359,0.25282304207713185,0.2187494761914322,A
2025-02-15,La Liga,Osasuna,Real Madrid,0.13635535415502437,0.1962073061327902,0.6674373397121854,D
2025-02-15,Premier League,Southampton,Bournemouth,0.1272903191126004,0.250290324981313,0.6224193559060867,A
2025-02-15,Premier League,West Ham,Brentford,0.40676080102348033,0.281946877458988,0.3112923215175317,A
2025-02-15,Serie A,Milan,Verona,0.7488348764595645,0.17338813577996579,0.07777698776046982,H
2025-02-15,La Liga,Leganes,Alaves,0.4216700405246269,0.2956608102005448,0.28266914927482834,D
2025-02-15,Bundesliga,Leverkusen,Bayern Munich,0.4225216027003259,0.2344710405985246,0.34300735670114946,D
2025-02-15,Ligue 1,Monaco,Nantes,0.6813052379569422,0.21103063252179466,0.10766412952126311,H
2025-02-15,Premier League,Crystal Palace,Everton,0.4794181685302291,0.2746111999338312,0.24597063153593976,A
2025-02-15,Bundesliga,Bochum,Dortmund,0.20742900683764395,0.23177194735052267,0.5607990458118334,H
2025-02-16,Serie A,Parma,Roma,0.1746138132928311,0.2377914701581856,0.5875947165489832,A
2025-02-16,Serie A,Udinese,Empoli,0.544207782995884,0.24260108214546425,0.2131911348586518,H
2025-02-16,Bundesliga,Werder Bremen,Hoffenheim,0.5627574164433345,0.23468898182594208,0.2025536017307234,A
2025-02-16,Ligue 1,Le Havre,Nice,0.18173552041731594,0.2397277498755177,0.5785367297071664,A
2025-02-16,Serie A,Juventus,Inter,0.32914193860184116,0.2201824196128127,0.450675641785346,H
2025-02-16,Ligue 1,Reims,Angers,0.5332797656989028,0.2816349578926819,0.18508527640841532,A
2025-02-16,Ligue 1,Lens,Strasbourg,0.5257631116598259,0.26635327898720046,0.20788360935297356,A
2025-02-16,Bundesliga,Ein Frankfurt,Holstein Kiel,0.6733545456559771,0.20408391332466064,0.12256154101936222,H
2025-02-16,Serie A,Fiorentina,Como,0.6343850053318365,0.22281666546998946,0.14279832919817395,A
2025-02-16,La Liga,Mallorca,Las Palmas,0.5107767324236513,0.27016797549044874,0.2190552920859,H
2025-02-16,Serie A,Monza,Lecce,0.3905325975666949,0.2909853895611914,0.3184820128721137,D
2025-02-16,Premier League,Liverpool,Wolves,0.8353075749069103,0.12328054863718395,0.04141187645590585,H
2025-02-16,La Liga,Betis,Sociedad,0.4524585436303007,0.2579256743498252,0.28961578201987404,H
2025-02-16,Ligue 1,Montpellier,Lyon,0.20399983194730598,0.2549493287365225,0.5410508393161715,A
2025-02-16,La Liga,Valladolid,Sevilla,0.27595261728257037,0.29316819006304773,0.43087919265438196,A
2025-02-16,La Liga,Espanol,Ath Bilbao,0.1999611279130855,0.25652820436709606,0.5435106677198185,D
2025-02-16,Premier League,Tottenham,Man United,0.44452741850803906,0.24919042928450866,0.3062821522074522,H
2025-02-16,Ligue 1,Rennes,Lille,0.29377712207931445,0.2527439097022514,0.4534789682184341,A
2025-02-16,Bundesliga,Heidenheim,Mainz,0.291789301776221,0.27128352553776464,0.43692717268601433,A
2025-02-17,Serie A,Genoa,Venezia,0.5723645779042292,0.26242092762844443,0.16521449446732644,H
2025-02-17,La Liga,Barcelona,Vallecano,0.757007871341609,0.16982844908159087,0.0731636795768002,H
2025-02-19,Premier League,Aston Villa,Liverpool,0.20023494674084932,0.21830025927081662,0.5814647939883341,D
2025-02-21,Premier League,Leicester,Brentford,0.2800664996858955,0.28970264906440224,0.4302308512497022,A
2025-02-21,Ligue 1,Rennes,Reims,0.4918913149310357,0.2586505973146216,0.24945808775434275,H
2025-02-21,La Liga,Celta,Osasuna,0.4021821612288084,0.28092718055818283,0.3168906582130088,H
2025-02-21,Bundesliga,Freiburg,Werder Bremen,0.5060854204951452,0.2638381649263131,0.2300764145785417,H
2025-02-21,Serie A,Lecce,Udinese,0.3400510701493515,0.2844537128291203,0.37549521702152827,A
2025-02-22,Serie A,Inter,Genoa,0.7487384233075126,0.17108063316015268,0.08018094353233475,H
2025-02-22,Serie A,Venezia,Lazio,0.12386196332779763,0.20763690939250284,0.6685011272796997,D
2025-02-22,Bundesliga,M'gladbach,Augsburg,0.48725018969108874,0.290354294469458,0.2223955158394532,A
2025-02-22,La Liga,Las Palmas,Barcelona,0.08233570594363533,0.1806108372114938,0.7370534568448709,A
2025-02-22,Premier League,Ipswich,Tottenham,0.25409243410149496,0.28160770414234987,0.4642998617561552,A
2025-02-22,Bundesliga,Dortmund,Union Berlin,0.5756968950924549,0.25109222685213356,0.17321087805541158,H
2025-02-22,Premier League,Everton,Man United,0.4561628581511873,0.2679106602749421,0.2759264815738706,D
2025-02-22,Bundesliga,Holstein Kiel,Leverkusen,0.09767510707748622,0.17461320585855997,0.7277116870639538,A
2025-02-22,Premier League,Fulham,Crystal Palace,0.44835917367538664,0.2812479591526626,0.2703928671719509,A
2025-02-22,Bundesliga,Wolfsburg,Bochum,0.5999585434089205,0.24107962636594868,0.15896183022513083,D
2025-02-22,La Liga,Alaves,Espanol,0.4538965838243734,0.28807241345894063,0.2580310027166859,A
2025-02-22,Premier League,Bournemouth,Wolves,0.6724699619119143,0.20314175555930822,0.12438828252877739,A
2025-02-22,Premier League,Arsenal,West Ham,0.7773649019129041,0.1565611478713957,0.06607395021570028,A
2025-02-22,La Liga,Valencia,Ath Madrid,0.15130676158165976,0.2362816184484098,0.6124116199699303,A
2025-02-22,Ligue 1,Auxerre,Marseille,0.2092080145544522,0.23866197737969547,0.5521300080658522,H
2025-02-22,Serie A,Parma,Bologna,0.13543861437718557,0.21720147483581534,0.6473599107869991,H
2025-02-22,Ligue 1,St Etienne,Angers,0.4025537391759456,0.31946489406025746,0.2779813667637969,D
2025-02-22,Bundesliga,Mainz,St Pauli,0.5380840572318594,0.26697164625572284,0.1949442965124177,H
2025-02-22,Serie A,Torino,Milan,0.3092398554439128,0.24497706048624557,0.44578308406984174,H
2025-02-22,Premier League,Southampton,Brighton,0.1853611176365313,0.24823964323813558,0.5663992391253331,A
2025-02-22,Ligue 1,Lille,Monaco,0.4155711618144235,0.234443115088855,0.34998572309672155,H
2025-02-22,La Liga,Vallecano,Villarreal,0.264166864092177,0.2859399029315622,0.4498932329762608,A
2025-02-22,Premier League,Aston Villa,Chelsea,0.44483627685774185,0.23275671889091473,0.32240700425134344,H
2025-02-23,Ligue 1,Le Havre,Toulouse,0.3034746466096753,0.28212953488418896,0.41439581850613566,A
2025-02-23,Bundesliga,Bayern Munich,Ein Frankfurt,0.6418694787756744,0.21554247212754368,0.14258804909678194,H
2025-02-23,Serie A,Cagliari,Juventus,0.1654735089860488,0.2247593708460902,0.6097671201678609,A
2025-02-23,La Liga,Ath Bilbao,Valladolid,0.793289449781031,0.14733210956061463,0.05937844065835444,H
2025-02-23,Premier League,Man City,Liverpool,0.4699086373690624,0.2106326744488002,0.3194586881821373,A
2025-02-23,Ligue 1,Nantes,Lens,0.24737273326690637,0.27187379082048874,0.48075347591260487,H
2025-02-23,Premier League,Newcastle,Nott'm Forest,0.4711442022867614,0.25412963174910075,0.27472616596413796,H
2025-02-23,La Liga,Getafe,Betis,0.3685816549193718,0.2755281932684865,0.3558901518121418,A
2025-02-23,Serie A,Como,Napoli,0.1953331768603212,0.21413898979369372,0.5905278333459851,H
2025-02-23,Ligue 1,Lyon,Paris SG,0.2370101342810687,0.2042019855810463,0.558787880137885,A
2025-02-23,La Liga,Real Madrid,Girona,0.7486911136468253,0.15764354636619193,0.09366533998698266,H
2025-02-23,Serie A,Empoli,Atalanta,0.12519357156218108,0.21202918121518344,0.6627772472226355,A
2025-02-23,Bundesliga,RB Leipzig,Heidenheim,0.7272340621813036,0.1833977605594513,0.08936817725924504,D
2025-02-23,Ligue 1,Nice,Montpellier,0.7170159963300128,0.1874340350381124,0.09554996863187484,H
2025-02-23,La Liga,Sociedad,Leganes,0.5202077210657273,0.27278526008706006,0.20700701884721265,H
2025-02-23,Ligue 1,Strasbourg,Brest,0.4343221638445525,0.26161425914225733,0.3040635770131901,D
2025-02-23,Bundesliga,Hoffenheim,Stuttgart,0.26948022163775637,0.26550549545263996,0.46501428290960356,D
2025-02-23,Serie A,Verona,Fiorentina,0.205943638715932,0.2628671428623323,0.5311892184217358,H
2025-02-24,La Liga,Sevilla,Mallorca,0.4927629133644753,0.2579485417082727,0.249288544927252,D
2025-02-24,Serie A,Roma,Monza,0.6962049968670714,0.20336203183455995,0.10043297129836873,H
2025-02-25,Premier League,Wolves,Fulham,0.3448998154260907,0.28264916591097794,0.37245101866293134,A
2025-02-25,Premier League,Chelsea,Southampton,0.7787219189972675,0.1647324425602054,0.056545638442526976,H
2025-02-25,Premier League,Brighton,Bournemouth,0.40411262408119103,0.28356959696755646,0.3123177789512525,H
2025-02-25,Premier League,Crystal Palace,Aston Villa,0.3924053688327125,0.25347787840930314,0.3541167527579845,H
2025-02-26,Premier League,Tottenham,Man City,0.20319497401096528,0.212238772095221,0.5845662538938138,A
2025-02-26,Premier League,Liverpool,Newcastle,0.7208163018476788,0.16284776245140764,0.11633593570091362,H
2025-02-26,Premier League,Brentford,Everton,0.42119630639185335,0.2883188054745401,0.2904848881336065,D
2025-02-26,Premier League,Nott'm Forest,Arsenal,0.2184254561254641,0.21989372439813193,0.5616808194764039,D
2025-02-26,Premier League,Man United,Ipswich,0.6576399814625733,0.20049222118622476,0.14186779735120197,H
2025-02-27,Premier League,West Ham,Leicester,0.6452959034039196,0.21523258089474095,0.13947151570133942,H
2025-02-27,Serie A,Bologna,Milan,0.4017484332563226,0.2542650938110546,0.34398647293262286,H
2025-02-28,Serie A,Fiorentina,Lecce,0.6426259148575423,0.22529450021912356,0.1320795849233342,H
2025-02-28,Ligue 1,Monaco,Reims,0.7171903912100879,0.18201084490820588,0.10079876388170636,H
2025-02-28,Bundesliga,Stuttgart,Bayern Munich,0.20592850583743785,0.21973552699281218,0.57433596716975,A
2025-02-28,La Liga,Valladolid,Las Palmas,0.324360092920985,0.3246385446944426,0.3510013623845724,D
2025-03-01,Bundesliga,Werder Bremen,Wolfsburg,0.3349667182078219,0.2983738542555319,0.3666594275366462,A
2025-03-01,La Liga,Vallecano,Sevilla,0.3891884269747153,0.2934572116844781,0.3173543613408067,D
2025-03-01,Bundesliga,Bochum,Hoffenheim,0.38466088375771623,0.27198734742808406,0.3433517688141996,A
2025-03-01,Bundesliga,Ein Frankfurt,Leverkusen,0.22998668062914962,0.2294754064586597,0.5405379129121907,A
2025-03-01,La Liga,Ath Madrid,Ath Bilbao,0.49081669423929364,0.24613491423088737,0.26304839152981896,H
2025-03-01,Bundesliga,RB Leipzig,Mainz,0.543044061969159,0.256467063612128,0.20048887441871308,A
2025-03-01,La Liga,Girona,Celta,0.48451319277174765,0.27360759335330653,0.24187921387494588,D
2025-03-01,Ligue 1,Paris SG,Lille,0.6821996790472152,0.18888580589362303,0.12891451505916174,H
2025-03-01,Bundesliga,Heidenheim,M'gladbach,0.3299774429919872,0.27705787603635806,0.39296468097165466,A
2025-03-01,La Liga,Betis,Real Madrid,0.19553280280922214,0.22290560596729728,0.5815615912234806,H
2025-03-01,Bundesliga,St Pauli,Dortmund,0.22062389953939038,0.24643073992703746,0.5329453605335721,A
2025-03-01,Serie A,Atalanta,Venezia,0.81224210953317,0.14068731695200365,0.047070573514826373,D
2025-03-01,Ligue 1,St Etienne,Nice,0.15007335795402493,0.2494551334362178,0.6004715086097573,A
2025-03-01,Serie A,Napoli,Inter,0.3755610672132748,0.21479924890709018,0.4096396838796351,D
2025-03-01,Ligue 1,Lens,Le Havre,0.6565234986246117,0.22284647431817703,0.12063002705721129,A
2025-03-01,Serie A,Udinese,Parma,0.61421619391047,0.24451024666424548,0.14127355942528444,H
2025-03-02,Ligue 1,Montpellier,Rennes,0.3273540244742621,0.2980366524153824,0.3746093231103554,A
2025-03-02,Serie A,Bologna,Cagliari,0.6597322818266804,0.22391098476472,0.1163567334085996,H
2025-03-02,La Liga,Mallorca,Alaves,0.5108620243310367,0.2673043022697443,0.22183367339921897,D
2025-03-02,Ligue 1,Angers,Toulouse,0.27553588442593435,0.2774621533246499,0.44700196224941563,A
2025-03-02,Serie A,Genoa,Empoli,0.6297897735903837,0.20950513677455665,0.16070508963505964,D
2025-03-02,Bundesliga,Augsburg,Freiburg,0.3469506372982424,0.2930137521210192,0.3600356105807384,D
2025-03-02,Ligue 1,Marseille,Nantes,0.7076093777025622,0.18996121560500778,0.10242940669243014,H
2025-03-02,La Liga,Leganes,Getafe,0.3604208017045957,0.30328287773555257,0.33629632055985176,H
2025-03-02,Ligue 1,Lyon,Brest,0.5712740702629533,0.22024364050008355,0.20848228923696305,H
2025-03-02,Serie A,Monza,Torino,0.22048373107210775,0.2741445206614935,0.5053717482663987,A
2025-03-02,Serie A,Roma,Como,0.601129308043453,0.2395769791405804,0.15929371281596663,H
2025-03-02,Bundesliga,Union Berlin,Holstein Kiel,0.4741119747209566,0.2707884028390933,0.2550996224399501,A
2025-03-02,Ligue 1,Auxerre,Strasbourg,0.3718131836231265,0.2855610422227185,0.342625774154155,A
2025-03-02,La Liga,Barcelona,Sociedad,0.7388857529354844,0.16854789374653426,0.09256635331798126,H
2025-03-02,Serie A,Milan,Lazio,0.43708007805423693,0.24755324597429673,0.31536667597146634,A
2025-03-02,La Liga,Osasuna,Valencia,0.5558347680950986,0.2411513229060049,0.2030139089988965,D
2025-03-03,Serie A,Juventus,Verona,0.7597225965840391,0.17343200606741868,0.06684539734854215,H
2025-03-07,Ligue 1,Toulouse,Monaco,0.2783342850665476,0.2332048858494694,0.48846082908398303,D
2025-03-07,Serie A,Cagliari,Genoa,0.3423869136560148,0.2814568050394972,0.37615628130448797,D
2025-03-07,Bundesliga,M'gladbach,Mainz,0.3758774048114596,0.29705080036035225,0.32707179482818816,A
2025-03-08,Serie A,Inter,Monza,0.8474274288842,0.11780110878783492,0.03477146232796503,H
2025-03-08,Premier League,Nott'm Forest,Man City,0.26157784502657416,0.20804928749073237,0.5303728674826935,H
2025-03-08,Bundesliga,Freiburg,RB Leipzig,0.362907215979524,0.2686982801851941,0.368394503835282,D
2025-03-08,Premier League,Liverpool,Southampton,0.9072411574714048,0.07878805404031534,0.013970788488279791,H
2025-03-08,Serie A,Parma,Torino,0.20695064426594215,0.254204381812539,0.5388449739215188,D
2025-03-08,Bundesliga,Bayern Munich,Bochum,0.8308088082878892,0.13298491528292597,0.036206276429184885,A
2025-03-08,Serie A,Como,Venezia,0.5551629309541753,0.266841705964206,0.17799536308161867,D
2025-03-08,Bundesliga,Dortmund,Augsburg,0.5854074116393572,0.24759693056065749,0.1669956577999853,A
2025-03-08,Bundesliga,Leverkusen,Werder Bremen,0.8289992840306197,0.12225656784125159,0.04874414812812872,A
2025-03-08,Serie A,Lecce,Milan,0.2044550739587407,0.23265957120124056,0.5628853548400187,A
2025-03-08,Premier League,Brighton,Fulham,0.4937228897875897,0.26671561832879903,0.23956149188361112,H
2025-03-08,Premier League,Crystal Palace,Ipswich,0.6686526588608602,0.2006776497879149,0.13066969135122483,H
2025-03-08,La Liga,Valencia,Valladolid,0.6516399233468794,0.21272443637383973,0.13563564027928096,H
2025-03-08,Ligue 1,Marseille,Lens,0.5843992194418905,0.21985055376053797,0.19575022679757154,A
2025-03-08,Bundesliga,Holstein Kiel,Stuttgart,0.24611614758131437,0.24644983272082896,0.5074340196978566,D
2025-03-08,Premier League,Brentford,Aston Villa,0.3925259507438451,0.2506980686679503,0.3567759805882046,A
2025-03-08,Ligue 1,Lille,Montpellier,0.7557755289910654,0.16335591471901834,0.0808685562899163,H
2025-03-08,Premier League,Wolves,Everton,0.3134621009114412,0.28352893612754065,0.40300896296101807,D
2025-03-08,Bundesliga,Wolfsburg,St Pauli,0.5861754122006585,0.24533513108350619,0.16848945671583535,D
2025-03-08,La Liga,Alaves,Villarreal,0.21995356008466893,0.25285645797104117,0.5271899819442899,H
2025-03-08,La Liga,Celta,Leganes,0.5174506033748725,0.26277685050221733,0.21977254612291028,H
2025-03-08,Ligue 1,Rennes,Paris SG,0.11254793537648164,0.18339273240717605,0.7040593322163422,A
2025-03-09,Ligue 1,Nice,Lyon,0.4569671076064344,0.25105967832064263,0.29197321407292287,A
2025-03-09,Serie A,Empoli,Roma,0.1754831016823511,0.2713418373049549,0.553175061012694,A
2025-03-09,Ligue 1,Brest,Angers,0.6754330431232306,0.21099033829914413,0.1135766185776253,H
2025-03-09,La Liga,Sociedad,Sevilla,0.4469240846449951,0.2838094139973734,0.2692665013576316,A
2025-03-09,Bundesliga,Ein Frankfurt,Union Berlin,0.612520053034402,0.2361166511238972,0.15136329584170072,A
2025-03-09,Ligue 1,Reims,Auxerre,0.3796754084211901,0.2812311077495068,0.339093483829303,A
2025-03-09,La Liga,Ath Bilbao,Mallorca,0.6670245978122903,0.20127787616019857,0.13169752602751122,D
2025-03-09,Premier League,Chelsea,Leicester,0.7628395089660721,0.16446991198214644,0.07269057905178139,H
2025-03-09,Serie A,Napoli,Fiorentina,0.5811846893693253,0.21837762000810806,0.20043769062256658,H
2025-03-09,La Liga,Getafe,Ath Madrid,0.15383283100630255,0.22810362738129009,0.6180635416124074,H
2025-03-09,Ligue 1,Le Havre,St Etienne,0.5054477891305419,0.25782972097646134,0.23672248989299674,D
2025-03-09,Serie A,Verona,Bologna,0.20278876918703106,0.25888099485584126,0.5383302359571277,A
2025-03-09,La Liga,Real Madrid,Vallecano,0.746846709065867,0.17514268772900674,0.07801060320512622,H
2025-03-09,Ligue 1,Nantes,Strasbourg,0.27369855560178924,0.31342274496262684,0.41287869943558386,A
2025-03-09,La Liga,Betis,Las Palmas,0.6731575207614376,0.2136977794050735,0.11314469983348883,H
2025-03-09,Premier League,Tottenham,Bournemouth,0.40586494455511873,0.26971005235763407,0.32442500308724714,D
2025-03-09,Premier League,Man United,Arsenal,0.18515732840054122,0.22929730549085484,0.5855453661086039,D
2025-03-09,Bundesliga,Hoffenheim,Heidenheim,0.5252968473404032,0.26903102590954414,0.20567212675005267,D
2025-03-09,Serie A,Juventus,Atalanta,0.40842721619245453,0.273918412580843,0.3176543712267025,A
2025-03-10,Serie A,Lazio,Udinese,0.6147309938237094,0.23937169557456892,0.14589731060172167,D
2025-03-10,Premier League,West Ham,Newcastle,0.36659612030562283,0.23966828903511142,0.39373559065926583,A
2025-03-10,La Liga,Espanol,Girona,0.34616386287412126,0.2665159777933228,0.38732015933255587,D
2025-03-14,Bundesliga,St Pauli,Hoffenheim,0.3840828553925885,0.2823220502001353,0.33359509440727625,H
2025-03-14,Ligue 1,Nice,Auxerre,0.608098970805537,0.24492840065971785,0.14697262853474521,D
2025-03-14,Serie A,Genoa,Lecce,0.5231867310350887,0.2660858580272916,0.21072741093761976,H
2025-03-14,La Liga,Las Palmas,Alaves,0.3499838376274235,0.2924364846978447,0.3575796776747317,D
2025-03-15,Serie A,Milan,Como,0.6282820914829422,0.22768537660621233,0.14403253191084553,H
2025-03-15,La Liga,Girona,Valencia,0.5212890158400215,0.2592126770938697,0.21949830706610884,D
2025-03-15,Ligue 1,Lens,Rennes,0.5008338754036163,0.2633469906462921,0.2358191339500916,H
2025-03-15,La Liga,Villarreal,Real Madrid,0.2597766287494855,0.22771397749124933,0.5125093937592652,A
2025-03-15,La Liga,Mallorca,Espanol,0.5102464215441141,0.27699126828639925,0.2127623101694866,H
2025-03-15,Premier League,Everton,West Ham,0.46355766564959927,0.27418319376725564,0.26225914058314503,D
2025-03-15,Serie A,Udinese,Verona,0.5961043184923699,0.237745154746204,0.1661505267614262,A
2025-03-15,Bundesliga,Union Berlin,Bayern Munich,0.10018892632458787,0.18878408565962873,0.7110269880157833,D
2025-03-15,Bundesliga,Werder Bremen,M'gladbach,0.3954481086905203,0.28398466290558194,0.32056722840389773,A
2025-03-15,Premier League,Ipswich,Nott'm Forest,0.1969852183908987,0.2486991524185583,0.554315629190543,A
2025-03-15,Premier League,Man City,Brighton,0.6507567558469809,0.20362352086835442,0.14561972328466463,D
2025-03-15,Bundesliga,Augsburg,Wolfsburg,0.4077342658793711,0.28180736477863594,0.310458369341993,H
2025-03-15,Serie A,Torino,Empoli,0.6720255185594668,0.2026655847711984,0.12530889666933492,H
2025-03-15,Serie A,Monza,Parma,0.4053137456600066,0.3165869609812369,0.2780992933587565,D
2025-03-15,Bundesliga,Mainz,Freiburg,0.43654149657770414,0.29654898089359377,0.266909522528702,D
2025-03-15,Bundesliga,RB Leipzig,Dortmund,0.44405222962910174,0.2540833948932165,0.30186437547768186,H
2025-03-15,Ligue 1,Nantes,Lille,0.20023199270022066,0.2462583247518053,0.5535096825479741,H
2025-03-15,Premier League,Southampton,Wolves,0.21728378997394607,0.31554482586686683,0.4671713841591871,A
2025-03-15,Premier League,Bournemouth,Brentford,0.47594264233004996,0.2670975885676022,0.2569597691023479,A
2025-03-15,Ligue 1,Angers,Monaco,0.11346279128278047,0.20896468293653236,0.677572525780687,A
2025-03-15,La Liga,Valladolid,Celta,0.23538542536702414,0.3000336736523654,0.4645809009806105,A
2025-03-16,Bundesliga,Stuttgart,Leverkusen,0.23589855115288966,0.2271250838057047,0.5369763650414057,A
2025-03-16,La Liga,Vallecano,Sociedad,0.4216169105639371,0.2583531378780803,0.32002995155798264,D
2025-03-16,Serie A,Atalanta,Inter,0.44001741392749494,0.2024216533115877,0.3575609327609174,A
2025-03-16,La Liga,Osasuna,Getafe,0.4710824529440049,0.27790701106416216,0.25101053599183293,A
2025-03-16,Bundesliga,Bochum,Ein Frankfurt,0.3051340634794393,0.2470119871910111,0.44785394932954964,A
2025-03-16,Ligue 1,Strasbourg,Toulouse,0.4272524069020012,0.2922683762899969,0.2804792168080018,H
2025-03-16,La Liga,Ath Madrid,Barcelona,0.3820483983681396,0.2531472365573337,0.3648043650745268,A
2025-03-16,La Liga,Leganes,Betis,0.2654316116895697,0.28080956884779346,0.4537588194626369,A
2025-03-16,Serie A,Bologna,Lazio,0.4040820576904253,0.2729862781587293,0.3229316641508454,H
2025-03-16,Premier League,Leicester,Man United,0.20005442895997275,0.25938623578793346,0.5405593352520938,A
2025-03-16,Ligue 1,Paris SG,Marseille,0.720481427885988,0.1777019879579281,0.10181658415608386,H
2025-03-16,Serie A,Venezia,Napoli,0.10905585250235252,0.18064668219380056,0.7102974653038469,D
2025-03-16,Ligue 1,Lyon,Le Havre,0.7596065645744356,0.16752812513540527,0.07286531029015897,H
2025-03-16,Ligue 1,Montpellier,St Etienne,0.4594373568487002,0.2713020772649728,0.2692605658863271,A
2025-03-16,Premier League,Arsenal,Chelsea,0.6462595500749252,0.19741108666224952,0.15632936326282534,H
2025-03-16,Serie A,Fiorentina,Juventus,0.35147251956716874,0.24237008268069254,0.40615739775213866,H
2025-03-16,Bundesliga,Heidenheim,Holstein Kiel,0.41322141088181463,0.2841200890830072,0.3026585000351782,H
2025-03-16,Premier League,Fulham,Tottenham,0.4069371321367311,0.29423772833543393,0.29882513952783496,H
2025-03-16,La Liga,Sevilla,Ath Bilbao,0.2568271823865619,0.26543305889260294,0.47773975872083535,A
2025-03-16,Serie A,Roma,Cagliari,0.6488259919831689,0.23561984490553678,0.11555416311129424,H
2025-03-16,Ligue 1,Brest,Reims,0.6531302408830504,0.20607091792011992,0.14079884119682967,D
2025-03-27,La Liga,Barcelona,Osasuna,0.7662356178681892,0.16266425745638424,0.07110012467542672,H
2025-03-28,Ligue 1,Strasbourg,Lyon,0.32119247757749275,0.27398400652743565,0.4048235158950717,H
2025-03-28,Bundesliga,Leverkusen,Bochum,0.8068164485242756,0.1473516826322617,0.04583186884346266,H
2025-03-29,Bundesliga,Ein Frankfurt,Stuttgart,0.4322234608989861,0.24577713597741324,0.3219994031236006,H
2025-03-29,La Liga,Alaves,Vallecano,0.37506478630688495,0.2778417907071743,0.3470934229859407,A
2025-03-29,Bundesliga,Bayern Munich,St Pauli,0.8071753990975914,0.14094118245907675,0.051883418443331844,H
2025-03-29,Ligue 1,Monaco,Nice,0.546383812149684,0.22351089512623898,0.23010529272407704,H
2025-03-29,Serie A,Lecce,Roma,0.20234541552673327,0.2535182181530075,0.5441363663202593,A
2025-03-29,Ligue 1,St Etienne,Paris SG,0.057281336396302895,0.143215124294942,0.7995035393087552,A
2025-03-29,Bundesliga,Wolfsburg,Heidenheim,0.578098411931145,0.2510794245338947,0.17082216353496038,A
2025-03-29,La Liga,Espanol,Ath Madrid,0.16411932689632167,0.21167352918681367,0.6242071439168646,D
2025-03-29,Bundesliga,Hoffenheim,Augsburg,0.36565705196546994,0.3071176624578981,0.3272252855766319,D
2025-03-29,Ligue 1,Reims,Marseille,0.21671866542351514,0.23478167268206027,0.5484996618944246,H
2025-03-29,Bundesliga,M'gladbach,RB Leipzig,0.3037869432582178,0.2684984278104397,0.4277146289313423,H
2025-03-29,Serie A,Venezia,Bologna,0.14126182496367753,0.22067914825550927,0.6380590267808132,A
2025-03-29,Serie A,Como,Empoli,0.5695617232434365,0.2410027317907963,0.18943554496576728,D
2025-03-29,Serie A,Juventus,Genoa,0.5974357700586285,0.2533926340406886,0.1491715959006829,H
2025-03-29,La Liga,Real Madrid,Leganes,0.8003991147890268,0.14620134609375798,0.0533995391172151,H
2025-03-29,La Liga,Sociedad,Valladolid,0.6942920080845724,0.19990415995302507,0.10580383196240258,H
2025-03-29,Bundesliga,Holstein Kiel,Werder Bremen,0.3808371436859323,0.2608763813936325,0.35828647492043525,A
2025-03-30,Serie A,Napoli,Milan,0.5242267456429108,0.2186151381960115,0.25715811616107764,H
2025-03-30,La Liga,Ath Bilbao,Osasuna,0.6753041729449429,0.1929987305054034,0.13169709654965367,D
2025-03-30,La Liga,Betis,Sevilla,0.5032143802085522,0.2892425646968042,0.20754305509464355,H
2025-03-30,Serie A,Fiorentina,Atalanta,0.29223301862781315,0.2534540702140464,0.45431291115814065,H
2025-03-30,Ligue 1,Le Havre,Nantes,0.4202314063698739,0.27753368494031794,0.3022349086898081,H
2025-03-30,La Liga,Valencia,Mallorca,0.3821826890566842,0.29442204124656457,0.3233952696967513,H
2025-03-30,Ligue 1,Auxerre,Montpellier,0.609643371038214,0.2212009667458648,0.1691556622159211,H
2025-03-30,Ligue 1,Lille,Lens,0.5133540134676902,0.24425124485093294,0.2423947416813769,H
2025-03-30,Ligue 1,Angers,Rennes,0.2576896391400551,0.286972422831093,0.45533793802885203,A
2025-03-30,Serie A,Cagliari,Monza,0.5114185480298832,0.2564611596360962,0.2321202923340206,H
2025-03-30,Bundesliga,Freiburg,Union Berlin,0.637833102059649,0.21077403398773048,0.15139286395262047,A
2025-03-30,La Liga,Getafe,Villarreal,0.33455446392169025,0.2800379943264455,0.3854075417518642,A
2025-03-30,La Liga,Barcelona,Girona,0.7369864480337326,0.17199838528156472,0.09101516668470279,H
2025-03-30,Bundesliga,Dortmund,Mainz,0.47231123008389614,0.2577899008231651,0.26989886909293864,H
2025-03-30,Serie A,Inter,Udinese,0.7450169522645752,0.18226001143052772,0.07272303630489704,H
2025-03-30,Ligue 1,Toulouse,Brest,0.40790288110000167,0.2590448311219431,0.33305228777805534,A
2025-03-31,Serie A,Verona,Parma,0.49337269046287235,0.29716376217357193,0.20946354736355577,D
2025-03-31,Serie A,Lazio,Torino,0.5090045437546575,0.26017616478716066,0.23081929145818184,D
2025-03-31,La Liga,Celta,Las Palmas,0.5753176882983894,0.2621163336259991,0.1625659780756115,D
2025-04-01,Premier League,Wolves,West Ham,0.36038069478143375,0.2965539380999764,0.34306536711858987,H
2025-04-01,Premier League,Nott'm Forest,Man United,0.45896705776642654,0.25967188763785976,0.28136105459571376,H
2025-04-01,Premier League,Arsenal,Fulham,0.6926493139968272,0.19308924603664782,0.11426143996652502,H
2025-04-02,Premier League,Newcastle,Brentford,0.50195067153173,0.27704350223068597,0.22100582623758402,H
2025-04-02,Premier League,Man City,Leicester,0.8465289144764537,0.11659408558808702,0.03687699993545912,H
2025-04-02,Premier League,Brighton,Aston Villa,0.4945341820165095,0.2426986309661001,0.26276718701739044,A
2025-04-02,Premier League,Liverpool,Everton,0.7576989436464291,0.16873570461886156,0.07356535173470939,H
2025-04-02,Premier League,Bournemouth,Ipswich,0.638942318074,0.21248132591812963,0.1485763560078703,A
2025-04-02,Premier League,Southampton,Crystal Palace,0.11874706511112053,0.25050603439915986,0.6307469004897196,D
2025-04-03,Premier League,Chelsea,Tottenham,0.5409701916821362,0.24537150326278534,0.21365830505507835,H
2025-04-04,La Liga,Vallecano,Espanol,0.5057751473158579,0.2718185639618487,0.22240628872229337,A
2025-04-04,Bundesliga,Augsburg,Bayern Munich,0.16007277594511396,0.20949061439130406,0.6304366096635821,A
2025-04-04,Ligue 1,Nice,Nantes,0.6507799432076286,0.22021244455154387,0.12900761224082757,A
2025-04-04,Serie A,Genoa,Udinese,0.43319069354838696,0.277675336825371,0.28913396962624194,H
2025-04-05,Serie A,Monza,Como,0.2908748988001207,0.2909760039376615,0.41814909726221783,A
2025-04-05,Ligue 1,Lyon,Lille,0.4944281048792883,0.24069662637882938,0.2648752687418823,H
2025-04-05,Bundesliga,Heidenheim,Leverkusen,0.10353871588842345,0.18380478174346426,0.7126565023681123,A
2025-04-05,Premier League,Crystal Palace,Brighton,0.4338051756735903,0.26240326087610494,0.3037915634503048,H
2025-04-05,Serie A,Parma,Inter,0.07110494664849802,0.1545463140488563,0.7743487393026457,D
2025-04-05,Premier League,Everton,Arsenal,0.1873790804475799,0.20912634188546583,0.6034945776669542,D
2025-04-05,Bundesliga,Mainz,Holstein Kiel,0.666843943859314,0.21731661525247076,0.11583944088821525,D
2025-04-05,Premier League,Ipswich,Wolves,0.3731680246677662,0.3031681964105684,0.3236637789216654,A
2025-04-05,Bundesliga,Werder Bremen,Ein Frankfurt,0.36660474397871273,0.2513913386711294,0.3820039173501578,H
2025-04-05,Bundesliga,Freiburg,Dortmund,0.3722120770145256,0.26085568459193526,0.36693223839353906,A
2025-04-05,La Liga,Real Madrid,Valencia,0.7718056212929614,0.16435315549682902,0.0638412232102097,A
2025-04-05,Bundesliga,RB Leipzig,Hoffenheim,0.6220372848115264,0.23061486158295336,0.14734785360552022,H
2025-04-05,Ligue 1,Paris SG,Angers,0.9195874409149681,0.06725716325156916,0.013155395833462685,H
2025-04-05,Bundesliga,Bochum,Stuttgart,0.243800149154676,0.2432504543919557,0.5129493964533683,A
2025-04-05,Serie A,Milan,Fiorentina,0.47862451201078315,0.2527760507254008,0.26859943726381597,D
2025-04-05,Ligue 1,Brest,Monaco,0.3360638063809176,0.25652525492544864,0.40741093869363376,H
2025-04-05,La Liga,Mallorca,Celta,0.4357420033232654,0.286637309566534,0.27762068711020066,A
2025-04-05,Premier League,Aston Villa,Nott'm Forest,0.4852526074969684,0.26041641676997745,0.25433097573305424,H
2025-04-05,Premier League,West Ham,Bournemouth,0.3943972751352011,0.2634071764875918,0.34219554837720706,D
2025-04-05,La Liga,Girona,Alaves,0.5516639008266112,0.26028529614885915,0.18805080302452962,A
2025-04-05,La Liga,Barcelona,Betis,0.7302199777279603,0.17620118604851354,0.09357883622352615,D
2025-04-06,Ligue 1,Lens,St Etienne,0.6630386236424893,0.21124105943481883,0.12572031692269184,H
2025-04-06,Premier League,Tottenham,Southampton,0.7437299252037127,0.177398072594866,0.07887200220142125,H
2025-04-06,La Liga,Villarreal,Ath Bilbao,0.3467431670347199,0.2711334973080534,0.3821233356572267,D
2025-04-06,Premier League,Fulham,Liverpool,0.16128548512525256,0.20615622494637778,0.6325582899283697,H
2025-04-06,Ligue 1,Marseille,Toulouse,0.5075427382282761,0.2568516522107404,0.23560560956098353,H
2025-04-06,La Liga,Las Palmas,Sociedad,0.2769642573086306,0.2657320714667953,0.45730367122457405,A
2025-04-06,La Liga,Sevilla,Ath Madrid,0.21934282739597682,0.22726109635241862,0.5533960762516045,A
2025-04-06,Serie A,Roma,Juventus,0.44795221162953996,0.24583742135892023,0.3062103670115398,D
2025-04-06,Premier League,Man United,Man City,0.2601013490564494,0.22779992831130114,0.5120987226322495,D
2025-04-06,Ligue 1,Reims,Strasbourg,0.2945548554176319,0.2832373818265826,0.4222077627557855,A
2025-04-06,Bundesliga,St Pauli,M'gladbach,0.3247027546868016,0.2751043721077768,0.4001928732054217,D
2025-04-06,La Liga,Valladolid,Getafe,0.2468446415433444,0.28372807373468417,0.4694272847219715,A
2025-04-06,Ligue 1,Montpellier,Le Havre,0.4109973171790616,0.27540262718124187,0.3136000556396965,A
2025-04-06,Serie A,Empoli,Cagliari,0.35423850234541215,0.3009389222660946,0.34482257538849326,D
2025-04-06,Serie A,Lecce,Venezia,0.4514116160722876,0.29477164123454597,0.2538167426931665,D
2025-04-06,Ligue 1,Rennes,Auxerre,0.47155547587518665,0.2884429691321174,0.24000155499269601,A
2025-04-06,Serie A,Atalanta,Lazio,0.5943406355947327,0.19829272048268864,0.20736664392257864,A
2025-04-06,Serie A,Torino,Verona,0.5857325457226606,0.25855553930518027,0.155711914972159,D
2025-04-06,Premier League,Brentford,Chelsea,0.3299320060924416,0.26438018479365505,0.4056878091139035,D
2025-04-06,Bundesliga,Union Berlin,Wolfsburg,0.35070515260994467,0.3010177669378445,0.3482770804522108,H
2025-04-07,Serie A,Bologna,Napoli,0.4237067899043967,0.24824469303578922,0.3280485170598141,D
2025-04-07,Premier League,Leicester,Newcastle,0.16958812932285922,0.22647888626955057,0.6039329844075902,A
2025-04-07,La Liga,Leganes,Osasuna,0.3726541506872238,0.2724205574286904,0.3549252918840858,D
2025-04-11,Serie A,Udinese,Milan,0.27315267608758065,0.236232666109001,0.49061465780341823,A
2025-04-11,La Liga,Valencia,Sevilla,0.43995744116177365,0.28830454608405026,0.271738012754176,H
2025-04-11,Bundesliga,Wolfsburg,RB Leipzig,0.27578635369562204,0.256090433007941,0.46812321329643697,A
2025-04-11,Ligue 1,Lens,Reims,0.5926596962712656,0.24527413332398623,0.16206617040474816,A
2025-04-12,Premier League,Man City,Crystal Palace,0.6271396999044484,0.2254961667749753,0.1473641333205763,H
2025-04-12,Ligue 1,Toulouse,Lille,0.3422932255594018,0.23823911491962707,0.41946765952097115,A
2025-04-12,Premier League,Arsenal,Brentford,0.7011648478978015,0.19458098674731078,0.10425416535488766,D
2025-04-12,Premier League,Nott'm Forest,Everton,0.49373459088660776,0.2677506525199412,0.2385147565934511,A
2025-04-12,Ligue 1,Strasbourg,Nice,0.4163414219609582,0.26882540137481525,0.3148331766642265,D
2025-04-12,Bundesliga,Hoffenheim,Mainz,0.3154903520436266,0.26761449818967975,0.41689514976669373,H
2025-04-12,Bundesliga,Bayern Munich,Dortmund,0.6511704645219607,0.20575698327214967,0.14307255220588974,D
2025-04-12,Premier League,Brighton,Leicester,0.7009762346935794,0.201464293010975,0.09755947229544565,D
2025-04-12,Bundesliga,M'gladbach,Freiburg,0.4664242170728438,0.2587644279751828,0.27481135495197334,A
2025-04-12,Premier League,Southampton,Aston Villa,0.11182414214981716,0.21440580005577087,0.6737700577944119,A
2025-04-12,La Liga,Getafe,Las Palmas,0.5822888075637097,0.25570637932706025,0.16200481310922998,A
2025-04-12,Bundesliga,Bochum,Augsburg,0.2909232650733565,0.29715127590622364,0.41192545902041977,A
2025-04-12,La Liga,Leganes,Barcelona,0.09372077299351335,0.18104294777773566,0.725236279228751,A
2025-04-12,La Liga,Sociedad,Mallorca,0.4937873763215553,0.27477790052300566,0.23143472315543914,A
2025-04-12,Bundesliga,Leverkusen,Union Berlin,0.766941429746862,0.17022185591853095,0.0628367143346072,D
2025-04-12,Serie A,Inter,Cagliari,0.7884326002443554,0.15909686176665083,0.052470537988993746,H
2025-04-12,Serie A,Juventus,Lecce,0.7068521169586294,0.20177283363255993,0.0913750494088108,H
2025-04-12,Serie A,Venezia,Monza,0.46951708459844776,0.2690986502162489,0.2613842651853034,H
2025-04-12,Ligue 1,Monaco,Marseille,0.5306209100670136,0.226925030758161,0.24245405917482546,H
2025-04-12,La Liga,Celta,Espanol,0.46250631310781914,0.30213717638832016,0.2353565105038608,A
2025-04-12,Bundesliga,Holstein Kiel,St Pauli,0.3738778377573102,0.2983281985473078,0.32779396369538205,A
2025-04-13,Ligue 1,Angers,Montpellier,0.39218750817276105,0.2915115163513381,0.31630097547590086,H
2025-04-13,Ligue 1,St Etienne,Brest,0.20101829383332612,0.2649288062175986,0.5340528999490753,D
2025-04-13,Premier League,Newcastle,Man United,0.5171488402919409,0.2655911513621927,0.21726000834586642,H
2025-04-13,Serie A,Verona,Genoa,0.3575564183751291,0.29024394378050605,0.3521996378443649,D
2025-04-13,Premier League,Chelsea,Ipswich,0.6928795352980253,0.20162419594654413,0.10549626875543049,D
2025-04-13,Bundesliga,Stuttgart,Werder Bremen,0.543344559555293,0.24370100831709368,0.2129544321276132,A
2025-04-13,Serie A,Fiorentina,Parma,0.6914934096811347,0.2141890777977706,0.09431751252109473,D
2025-04-13,La Liga,Ath Bilbao,Vallecano,0.6166865167788117,0.2232749792720621,0.16003850394912614,H
2025-04-13,La Liga,Osasuna,Girona,0.4080876165939877,0.2610000748853157,0.3309123085206967,H
2025-04-13,Ligue 1,Auxerre,Lyon,0.2781856051347431,0.2604584473619126,0.46135594750334435,A
2025-04-13,Serie A,Como,Torino,0.35206312663371686,0.2734195482114163,0.3745173251548668,H
2025-04-13,Premier League,Wolves,Tottenham,0.3639979162412858,0.2842191281360336,0.35178295562268064,H
2025-04-13,Bundesliga,Ein Frankfurt,Heidenheim,0.6100203570794224,0.24568127819050226,0.14429836473007532,H
2025-04-13,Serie A,Atalanta,Bologna,0.4340854619396692,0.24553159946737674,0.3203829385929542,H
2025-04-13,Serie A,Lazio,Roma,0.4452750283247153,0.2737552495932414,0.2809697220820433,D
2025-04-13,Ligue 1,Le Havre,Rennes,0.32407643438264133,0.2970195181097224,0.3789040475076362,A
2025-04-13,La Liga,Alaves,Real Madrid,0.12709716561531553,0.19394262274400503,0.6789602116406794,A
2025-04-13,La Liga,Betis,Villarreal,0.445115976161137,0.2782715617041001,0.2766124621347629,A
2025-04-13,Premier League,Liverpool,West Ham,0.7549288163933312,0.17190880026211586,0.073162383344553,H
2025-04-14,La Liga,Ath Madrid,Valladolid,0.8059787627267406,0.14852245453013635,0.045498782743123065,H
2025-04-14,Premier League,Bournemouth,Fulham,0.41262105950481665,0.25294175426443744,0.3344371862307458,H
2025-04-14,Serie A,Napoli,Empoli,0.7326522508704445,0.19087775262082493,0.07646999650873057,H
2025-04-16,Premier League,Newcastle,Crystal Palace,0.5640249989399985,0.23926204013143845,0.19671296092856316,H
2025-04-18,Ligue 1,Rennes,Nantes,0.5468314812723452,0.24876711601844964,0.20440140270920518,H
2025-04-18,La Liga,Espanol,Getafe,0.4472063927506673,0.27541355379212795,0.2773800534572047,H
2025-04-19,Premier League,Brentford,Brighton,0.4128285641494482,0.24871124069679904,0.33846019515375286,H
2025-04-19,Serie A,Monza,Napoli,0.09847913232974803,0.19064201955942306,0.7108788481108288,A
2025-04-19,Serie A,Lecce,Como,0.3313056918418679,0.279413812604468,0.3892804955536642,A
2025-04-19,Premier League,Everton,Man City,0.19195792179555915,0.21776357527405835,0.5902785029303825,A
2025-04-19,La Liga,Mallorca,Leganes,0.5070579736414735,0.26302472338638366,0.22991730297214277,D
2025-04-19,Serie A,Roma,Verona,0.6274660703131093,0.24430022146540267,0.12823370822148805,H
2025-04-19,Bundesliga,Union Berlin,Stuttgart,0.3058437971072679,0.27392739983807657,0.4202288030546555,D
2025-04-19,Bundesliga,Werder Bremen,Bochum,0.6486692870497291,0.2194527407245567,0.13187797222571407,H
2025-04-19,La Liga,Las Palmas,Ath Madrid,0.13759334310322482,0.1934570826404492,0.668949574256326,H
2025-04-19,Premier League,West Ham,Southampton,0.6935719620798696,0.2044932848249009,0.10193475309522956,D
2025-04-19,Bundesliga,Freiburg,Hoffenheim,0.5141563565919932,0.2645516207275747,0.2212920226804321,H
2025-04-19,La Liga,Vallecano,Valencia,0.4060799972001371,0.2979752347854329,0.29594476801443,D
2025-04-19,Premier League,Crystal Palace,Bournemouth,0.4183965420214759,0.2805636241700686,0.3010398338084555,D
2025-04-19,La Liga,Barcelona,Celta,0.7694562855782277,0.16499060355721645,0.06555311086455594,H
2025-04-19,Bundesliga,Mainz,Wolfsburg,0.4974090631702404,0.2559729087841892,0.24661802804557037,D
2025-04-19,Bundesliga,Heidenheim,Bayern Munich,0.10035157539048102,0.1737549808991232,0.7258934437103959,A
2025-04-19,Premier League,Aston Villa,Newcastle,0.3763256687669927,0.2835970889679207,0.3400772422650866,H
2025-04-19,Ligue 1,Monaco,Strasbourg,0.5573529272282323,0.2404894607581263,0.20215761201364146,D
2025-04-19,Ligue 1,Marseille,Montpellier,0.688884150084097,0.20742886930784163,0.1036869806080613,H
2025-04-19,Bundesliga,RB Leipzig,Holstein Kiel,0.7246486944250792,0.18744906570337835,0.08790223987154241,D
2025-04-19,Ligue 1,Paris SG,Le Havre,0.8933096113838074,0.08635103164910629,0.02033935696708631,H
2025-04-20,Bundesliga,Dortmund,M'gladbach,0.5746261433724872,0.2320025070823083,0.19337134954520455,H
2025-04-20,La Liga,Real Madrid,Ath Bilbao,0.5868360224677316,0.23794789157931454,0.17521608595295385,H
2025-04-20,La Liga,Villarreal,Sociedad,0.5341777915979737,0.250096990001212,0.2157252184008143,D
2025-04-20,La Liga,Sevilla,Alaves,0.49628318832025503,0.27512615552888087,0.22859065615086413,D
2025-04-20,Premier League,Man United,Wolves,0.5209083935362265,0.2660940796414968,0.21299752682227674,A
2025-04-20,Ligue 1,Brest,Lens,0.5122602248371436,0.26140842658936453,0.2263313485734919,A
2025-04-20,Ligue 1,Nice,Angers,0.7182855903840146,0.1898115599176106,0.09190284969837476,H
2025-04-20,Ligue 1,Lille,Auxerre,0.6081920712760437,0.2447179679662966,0.14708996075765968,H
2025-04-20,Bundesliga,St Pauli,Leverkusen,0.1368965084205856,0.1981292265780187,0.6649742650013957,D
2025-04-20,Serie A,Bologna,Inter,0.29096009715006527,0.22235950226502105,0.48668040058491363,H
2025-04-20,Premier League,Ipswich,Arsenal,0.11322022834548401,0.1878864168315574,0.6988933548229586,A
2025-04-20,Serie A,Milan,Atalanta,0.43126351596955254,0.2455201264792823,0.32321635755116523,A
2025-04-20,La Liga,Valladolid,Osasuna,0.2443352690497935,0.2745621882851827,0.4811025426650237,A
2025-04-20,Premier League,Leicester,Liverpool,0.06231546835418382,0.1495567596599747,0.7881277719858415,A
2025-04-20,Premier League,Fulham,Chelsea,0.38704438871766567,0.2645038845823833,0.34845172669995117,A
2025-04-20,Ligue 1,Reims,Toulouse,0.4168739963088907,0.260101545832943,0.32302445785816636,H
2025-04-20,Serie A,Empoli,Venezia,0.4283434101607049,0.30536274256977985,0.2662938472695154,D
2025-04-20,Bundesliga,Augsburg,Ein Frankfurt,0.3409162776845344,0.28636282982456235,0.37272089249090323,D
2025-04-20,Ligue 1,St Etienne,Lyon,0.16824655185072587,0.23253326345764938,0.5992201846916247,H
2025-04-21,La Liga,Girona,Betis,0.34831925453443363,0.26339389627379173,0.3882868491917747,A
2025-04-21,Premier League,Tottenham,Nott'm Forest,0.39017036621249607,0.2694476136975901,0.3403820200899139,A
2025-04-22,La Liga,Valencia,Espanol,0.4187678410263948,0.31227762871186143,0.2689545302617438,D
2025-04-22,Premier League,Man City,Aston Villa,0.5723570016555003,0.23525070413562293,0.19239229420887677,H
2025-04-22,Ligue 1,Nantes,Paris SG,0.06708765434799127,0.15019337792555595,0.7827189677264528,D
2025-04-22,La Liga,Barcelona,Mallorca,0.7537660241423495,0.1752837506674994,0.07095022519015107,H
2025-04-23,Serie A,Cagliari,Fiorentina,0.2332583261091229,0.2545923951020105,0.5121492787888666,A
2025-04-23,La Liga,Ath Bilbao,Las Palmas,0.6727787090830022,0.21917786755609922,0.10804342336089859,H
2025-04-23,Serie A,Genoa,Lazio,0.3119280251621117,0.24826403531920543,0.43980793951868297,A
2025-04-23,La Liga,Alaves,Sociedad,0.3206455048399831,0.2757851092940216,0.4035693858659953,H
2025-04-23,La Liga,Getafe,Real Madrid,0.16487507763989007,0.20538403556756493,0.6297408867925449,A
2025-04-23,Serie A,Torino,Udinese,0.535363485917906,0.2414349629501695,0.22320155113192455,H
2025-04-23,Premier League,Arsenal,Crystal Palace,0.749450370082514,0.15815883090066538,0.09239079901682065,D
2025-04-23,La Liga,Celta,Villarreal,0.31306817148859456,0.2694854397831308,0.41744638872827466,H
2025-04-23,Serie A,Parma,Juventus,0.16679541006755438,0.20197983217196538,0.6312247577604803,H
2025-04-24,La Liga,Osasuna,Sevilla,0.4359374623042548,0.2830462317983571,0.2810163058973882,H
2025-04-24,La Liga,Ath Madrid,Vallecano,0.7068959499551316,0.18774646602718598,0.10535758401768251,H
2025-04-24,La Liga,Betis,Valladolid,0.7568101539015232,0.1746954964050479,0.06849434969342895,H
2025-04-24,La Liga,Leganes,Girona,0.38886948919068903,0.25297554797086425,0.3581549628384468,D
2025-04-25,Ligue 1,Paris SG,Nice,0.7459011965098109,0.15969240565371004,0.0944063978364791,A
2025-04-25,Bundesliga,Stuttgart,Heidenheim,0.6970435242906612,0.1923364599108898,0.11062001579844898,A
2025-04-26,Bundesliga,Holstein Kiel,M'gladbach,0.2831023400322236,0.27324797514127086,0.4436496848265055,H
2025-04-26,Premier League,Southampton,Fulham,0.15992708344277226,0.2449155882911449,0.5951573282660828,A
2025-04-26,Premier League,Wolves,Leicester,0.6129849159905566,0.2504609492149982,0.13655413479444523,H
2025-04-26,Bundesliga,Wolfsburg,Freiburg,0.40090018515621995,0.2414456181615546,0.3576541966822254,A
2025-04-26,Ligue 1,Le Havre,Monaco,0.16306643214774236,0.2463994666540809,0.5905341011981767,D
2025-04-26,Bundesliga,Bayern Munich,Mainz,0.7432411320855609,0.16247154000889358,0.09428732790554546,H
2025-04-26,Premier League,Newcastle,Ipswich,0.7677633842254766,0.1607909802329524,0.07144563554157102,H
2025-04-26,Premier League,Chelsea,Everton,0.5564290169477846,0.24679821733253957,0.19677276571967595,H
2025-04-26,Ligue 1,Lyon,Rennes,0.5491025018000708,0.25682853875766654,0.19406895944226263,H
2025-04-26,Ligue 1,Strasbourg,St Etienne,0.6720784202849183,0.21402256469118203,0.11389901502389964,H
2025-04-26,Bundesliga,Ein Frankfurt,RB Leipzig,0.38702014402885754,0.2656715424879674,0.3473083134831751,H
2025-04-26,Bundesliga,Hoffenheim,Dortmund,0.26139004467795707,0.24786069783856188,0.490749257483481,A
2025-04-26,Premier League,Brighton,West Ham,0.505053878839521,0.25377771224930623,0.24116840891117275,H
2025-04-26,Bundesliga,Leverkusen,Augsburg,0.7240927258289727,0.18646401227566364,0.08944326189536367,H
2025-04-27,Serie A,Juventus,Monza,0.7639383612703838,0.17257976405400366,0.06348187467561252,H
2025-04-27,Serie A,Inter,Roma,0.6483939000233655,0.20689536548013157,0.14471073449650287,A
2025-04-27,Serie A,Como,Genoa,0.4730547335880386,0.2766909112222606,0.2502543551897008,H
2025-04-27,Ligue 1,Montpellier,Reims,0.2639643830268969,0.3089392756449917,0.4270963413281115,D
2025-04-27,Ligue 1,Marseille,Brest,0.5033026047065039,0.24252801816566058,0.2541693771278356,H
2025-04-27,La Liga,Villarreal,Espanol,0.5108733337346056,0.2881457098675984,0.20098095639779584,H
2025-04-27,Bundesliga,Werder Bremen,St Pauli,0.5209652574282629,0.27684407505721637,0.20219066751452072,D
2025-04-27,Premier League,Bournemouth,Man United,0.43978647501516627,0.2617402663646553,0.29847325862017837,D
2025-04-27,Ligue 1,Lens,Auxerre,0.5605335030485201,0.25367797410857634,0.1857885228429035,A
2025-04-27,Ligue 1,Nantes,Toulouse,0.41803322621659733,0.26269698050403884,0.3192697932793639,D
2025-04-27,Serie A,Fiorentina,Empoli,0.6831004383426366,0.2126777417638694,0.10422181989349395,H
2025-04-27,Serie A,Venezia,Milan,0.15858927052294555,0.22839333728098637,0.613017392196068,A
2025-04-27,Ligue 1,Angers,Lille,0.1466522588878863,0.22554577578538396,0.6278019653267297,A
2025-04-27,Bundesliga,Bochum,Union Berlin,0.28223150108106176,0.28838588866525405,0.429382610253684,D
2025-04-27,Serie A,Atalanta,Lecce,0.7441155809730652,0.17771899386226744,0.0781654251646674,D
2025-04-27,Serie A,Napoli,Torino,0.6286829508693536,0.2258922040581461,0.14542484507250045,H
2025-04-27,Premier League,Liverpool,Tottenham,0.7621812721418834,0.16248966101466572,0.07532906684345096,H
2025-04-28,Serie A,Udinese,Bologna,0.19655731796701975,0.23963127509264537,0.5638114069403348,D
2025-04-28,Serie A,Lazio,Parma,0.6764700951567956,0.22814935723294788,0.09538054761025648,D
2025-04-28,Serie A,Verona,Cagliari,0.4261548562077577,0.2913335386335128,0.2825116051587295,A
2025-05-01,Premier League,Nott'm Forest,Brentford,0.48036183622092,0.2667972897337228,0.2528408740453572,A
2025-05-02,Ligue 1,Nice,Reims,0.6114668438629212,0.24280445940001144,0.1457286967370673,H
2025-05-02,Serie A,Torino,Venezia,0.6210141102376491,0.24019427971584847,0.1387916100465026,D
2025-05-02,Premier League,Man City,Wolves,0.7223959003826399,0.19509744938908072,0.08250665022827942,H
2025-05-02,La Liga,Vallecano,Getafe,0.3832207683942998,0.29530535511922396,0.3214738764864763,H
2025-05-02,Bundesliga,Heidenheim,Bochum,0.464738385613691,0.29053394357852186,0.2447276708077871,D
2025-05-03,Bundesliga,Dortmund,Wolfsburg,0.6264272727750617,0.22510324465470505,0.14846948257023324,H
2025-05-03,Ligue 1,Strasbourg,Paris SG,0.196173397251084,0.207024513414744,0.596802089334172,H
2025-05-03,La Liga,Alaves,Ath Madrid,0.16122295745446028,0.23388146488044229,0.6048955776650975,D
2025-05-03,Premier League,Arsenal,Bournemouth,0.7132900333369118,0.18419784540517642,0.10251212125791176,A
2025-05-03,Bundesliga,RB Leipzig,Bayern Munich,0.22255609824702194,0.2309811440500601,0.5464627577029179,D
2025-05-03,Serie A,Inter,Verona,0.7878975190003185,0.15623378671466112,0.05586869428502029,H
2025-05-03,Ligue 1,St Etienne,Monaco,0.16005300345633217,0.2405734354861806,0.5993735610574873,A
2025-05-03,Bundesliga,M'gladbach,Hoffenheim,0.49977833358566737,0.2528583682593319,0.2473632981550007,D
2025-05-03,La Liga,Las Palmas,Valencia,0.32295762132066114,0.3066075289174582,0.3704348497618806,A
2025-05-03,La Liga,Valladolid,Barcelona,0.054464956496818165,0.14975314837757342,0.7957818951256083,A
2025-05-03,Ligue 1,Toulouse,Rennes,0.3734485849531953,0.26761497102720505,0.35893644401959973,H
2025-05-03,Serie A,Parma,Como,0.30013146561921905,0.307331970726809,0.39253656365397194,A
2025-05-03,Premier League,Everton,Ipswich,0.6102714643228131,0.22990665443388497,0.15982188124330202,D
2025-05-03,Premier League,Leicester,Southampton,0.4935153142592416,0.2934371589667576,0.21304752677400074,H
2025-05-03,La Liga,Villarreal,Osasuna,0.5278880663208552,0.2725111536984489,0.19960077998069586,H
2025-05-03,Serie A,Lecce,Napoli,0.11379419520402857,0.20239178548127698,0.6838140193146944,A
2025-05-03,Bundesliga,Union Berlin,Werder Bremen,0.38869709445097256,0.30813202967079545,0.30317087587823205,D
2025-05-03,Premier League,Aston Villa,Fulham,0.6011335618284606,0.22079943846021874,0.1780669997113207,H
2025-05-03,Bundesliga,St Pauli,Stuttgart,0.30799180670033444,0.26547828343401686,0.4265299098656487,A
2025-05-03,Serie A,Cagliari,Udinese,0.43156528307893266,0.2630940119247634,0.3053407049963039,A
2025-05-04,Serie A,Bologna,Juventus,0.40736225410280874,0.25987828927081225,0.33275945662637907,D
2025-05-04,La Liga,Sevilla,Leganes,0.47208596471276815,0.2707317597356598,0.257182275551572,D
2025-05-04,Premier League,Brentford,Man United,0.48893948112337676,0.25069147993476704,0.26036903894185615,H
2025-05-04,Bundesliga,Mainz,Ein Frankfurt,0.32566085485360996,0.2792648856186091,0.3950742595277808,D
2025-05-04,Premier League,Brighton,Newcastle,0.2797359078189687,0.26139814751700113,0.4588659446640301,D
2025-05-04,Premier League,Chelsea,Liverpool,0.23474116824420924,0.2315498294734415,0.5337090022823493,H
2025-05-04,Ligue 1,Lille,Marseille,0.48235509308727337,0.24445769004723372,0.2731872168654928,D
2025-05-04,La Liga,Espanol,Betis,0.2853842574195957,0.26890744209961603,0.4457083004807883,A
2025-05-04,La Liga,Sociedad,Ath Bilbao,0.30574446049967086,0.27367583147346114,0.42057970802686806,D
2025-05-04,Ligue 1,Auxerre,Le Havre,0.5591831546151166,0.2574412389482311,0.18337560643665232,A
2025-05-04,Ligue 1,Brest,Montpellier,0.6864673859539708,0.20823519364520357,0.10529742040082568,H
2025-05-04,Serie A,Monza,Atalanta,0.10905911297705857,0.20320303045155685,0.6877378565713845,A
2025-05-04,Bundesliga,Augsburg,Holstein Kiel,0.558866263503484,0.25343619761902225,0.1876975388774938,A
2025-05-04,Serie A,Empoli,Lazio,0.17235229682864295,0.2349036594636399,0.5927440437077172,A
2025-05-04,Bundesliga,Freiburg,Leverkusen,0.20626463528288508,0.24325259162242033,0.5504827730946946,D
2025-05-04,Serie A,Roma,Fiorentina,0.48700768661609245,0.2623034583844009,0.2506888549995066,H
2025-05-04,Ligue 1,Nantes,Angers,0.5614438165089539,0.25970918013069877,0.17884700336034728,A
2025-05-04,La Liga,Real Madrid,Celta,0.7110066745271493,0.19478613720532442,0.09420718826752626,H
2025-05-04,Ligue 1,Lyon,Lens,0.6001912513531135,0.21872980106420387,0.18107894758268267,A
2025-05-04,Premier League,West Ham,Tottenham,0.4565668667041437,0.23639144827275385,0.30704168502310253,D
2025-05-05,Serie A,Genoa,Milan,0.21920753687682173,0.24602969177495967,0.5347627713482186,A
2025-05-05,La Liga,Girona,Mallorca,0.416185468216626,0.28132614023357877,0.3024883915497951,H
2025-05-05,Premier League,Crystal Palace,Nott'm Forest,0.4218239691553237,0.27466917731207857,0.3035068535325977,D
2025-05-09,La Liga,Las Palmas,Vallecano,0.39432484244255506,0.2695734591602056,0.3361016983972393,A
2025-05-09,Bundesliga,Wolfsburg,Hoffenheim,0.43977324979967114,0.2550729071276374,0.30515384307269144,D
2025-05-09,Serie A,Milan,Bologna,0.4764117607786422,0.23934295691751253,0.28424528230384527,H
2025-05-10,Serie A,Como,Cagliari,0.533260613318574,0.27882610699460314,0.18791327968682284,H
2025-05-10,Ligue 1,Brest,Lille,0.32662188877583115,0.2673488407808319,0.40602927044333703,H
2025-05-10,Ligue 1,Monaco,Lyon,0.49341953156383017,0.23598703314182193,0.2705934352943479,H
2025-05-10,Premier League,Wolves,Brighton,0.39008654316916475,0.26100148704853376,0.34891196978230155,A
2025-05-10,Ligue 1,Reims,St Etienne,0.5211327123652497,0.26248573249420887,0.21638155514054144,A
2025-05-10,La Liga,Celta,Sevilla,0.48925347684724474,0.26394782131599515,0.24679870183676006,H
2025-05-10,Premier League,Bournemouth,Aston Villa,0.30942403257735385,0.27276559781468984,0.4178103696079563,A
2025-05-10,Ligue 1,Montpellier,Paris SG,0.0602237657047994,0.13798344987782812,0.8017927844173726,A
2025-05-10,Ligue 1,Angers,Strasbourg,0.18208618968446155,0.2554350920514224,0.562478718264116,H
2025-05-10,La Liga,Mallorca,Valladolid,0.6787794526354928,0.1991268986093344,0.12209364875517277,H
2025-05-10,Ligue 1,Le Havre,Marseille,0.20072714968485067,0.24985068706539368,0.5494221632497556,A
2025-05-10,Premier League,Ipswich,Brentford,0.23017515397229077,0.2707741962397921,0.49905064978791713,A
2025-05-10,Serie A,Lazio,Juventus,0.4039295622081468,0.25722400994816297,0.3388464278436903,D
2025-05-10,La Liga,Ath Madrid,Sociedad,0.6439275422553195,0.21616956411793664,0.13990289362674393,H
2025-05-10,Ligue 1,Rennes,Nice,0.31076753574185234,0.2547187573922654,0.43451370686588225,H
2025-05-10,La Liga,Valencia,Getafe,0.473613986058784,0.28973598392431066,0.23665003001690535,H
2025-05-10,Bundesliga,Werder Bremen,RB Leipzig,0.34729844992025294,0.2540637198212555,0.3986378302584917,D
2025-05-10,Ligue 1,Auxerre,Nantes,0.4899982424917236,0.2763565341468746,0.23364522336140192,D
2025-05-10,Bundesliga,Bochum,Mainz,0.2617404468909727,0.25764885606049664,0.48061069704853054,A
2025-05-10,Bundesliga,Bayern Munich,M'gladbach,0.7803875178463674,0.14175897298008533,0.07785350917354729,H
2025-05-10,Premier League,Fulham,Everton,0.47354496244295957,0.26497864574810587,0.2614763918089345,A
2025-05-10,Bundesliga,Holstein Kiel,Freiburg,0.32235323612860317,0.26436074282010485,0.4132860210512919,A
2025-05-10,Premier League,Southampton,Man City,0.046153536472245224,0.14383287754501112,0.8100135859827436,D
2025-05-10,La Liga,Girona,Villarreal,0.33248590579543547,0.2568396627202847,0.41067443148427996,A
2025-05-10,Ligue 1,Toulouse,Lens,0.3767761697975026,0.2548876362146605,0.36833619398783685,D
2025-05-10,Bundesliga,Union Berlin,Heidenheim,0.568343945877049,0.2490843410429829,0.18257171307996814,A
2025-05-10,Serie A,Empoli,Parma,0.41133976398454497,0.3003063953675321,0.28835384064792297,H
2025-05-11,Premier League,Tottenham,Crystal Palace,0.42460401233592693,0.24075949545233047,0.33463649221174263,A
2025-05-11,La Liga,Betis,Osasuna,0.6209816464163601,0.22345446749564493,0.15556388608799487,D
2025-05-11,Premier League,Man United,West Ham,0.4808227224500691,0.25375803638180233,0.2654192411681286,A
2025-05-11,Serie A,Torino,Inter,0.18729512942614004,0.20587558472981807,0.6068292858440419,A
2025-05-11,Serie A,Udinese,Monza,0.606000909201054,0.24363460500637524,0.15036448579257072,A
2025-05-11,Premier League,Nott'm Forest,Leicester,0.6692909390913613,0.21607321880963212,0.11463584209900661,D
2025-05-11,Bundesliga,Stuttgart,Augsburg,0.5684999952703766,0.2290878333171051,0.20241217141251833,H
2025-05-11,Premier League,Newcastle,Chelsea,0.5067696375842783,0.23583735520961194,0.2573930072061098,H
2025-05-11,La Liga,Ath Bilbao,Alaves,0.6303805898280576,0.24142313319031708,0.1281962769816253,H
2025-05-11,La Liga,Leganes,Espanol,0.38620025908382377,0.2924795436025745,0.3213201973136018,H
2025-05-11,Bundesliga,Ein Frankfurt,St Pauli,0.6236404338799438,0.23243741810841453,0.14392214801164158,D
2025-05-11,Serie A,Napoli,Genoa,0.7163948649500284,0.1942486572164551,0.08935647783351668,D
2025-05-11,Serie A,Verona,Lecce,0.4707688961617288,0.27476279102559575,0.2544683128126755,D
2025-05-11,Bundesliga,Leverkusen,Dortmund,0.5756782903955141,0.22529598617262422,0.19902572343186167,A
2025-05-11,La Liga,Barcelona,Real Madrid,0.46548634882460754,0.24138637698529955,0.2931272741900928,H
2025-05-11,Premier League,Liverpool,Arsenal,0.5094577850717311,0.21684319741439817,0.2736990175138707,D
2025-05-12,Serie A,Venezia,Fiorentina,0.1954913654877478,0.25069146008133253,0.5538171744309197,H
2025-05-12,Serie A,Atalanta,Roma,0.49701307335146433,0.24422412617492492,0.25876280047361083,H
2025-05-13,La Liga,Sociedad,Celta,0.4054975812177172,0.2622655561480766,0.33223686263420615,A
2025-05-13,La Liga,Sevilla,Las Palmas,0.5195767504323099,0.2712101618281074,0.2092130877395826,H
2025-05-13,La Liga,Valladolid,Girona,0.2295809924128535,0.2702409848256763,0.5001780227614702,A
2025-05-14,La Liga,Alaves,Valencia,0.32726832448597654,0.2930961149708255,0.379635560543198,H
2025-05-14,La Liga,Real Madrid,Mallorca,0.7268368565612696,0.19618182214632954,0.0769813212924008,H
2025-05-14,La Liga,Villarreal,Leganes,0.6146049037236424,0.2474594957857131,0.13793560049064452,H
2025-05-15,La Liga,Vallecano,Betis,0.2529074802789437,0.276369107198124,0.4707234125229323,D
2025-05-15,La Liga,Osasuna,Ath Madrid,0.19820738619756273,0.2581994994819158,0.5435931143205214,H
2025-05-15,La Liga,Espanol,Barcelona,0.13909250396579517,0.19043044613471388,0.670477049899491,A
2025-05-15,La Liga,Getafe,Ath Bilbao,0.2139356792557319,0.254459180042099,0.5316051407021691,A
2025-05-16,Premier League,Aston Villa,Tottenham,0.6897073251910052,0.18628718067788247,0.12400549413111234,H
2025-05-16,Premier League,Chelsea,Man United,0.6051423804906314,0.22002140132870598,0.17483621818066256,H
2025-05-17,Bundesliga,St Pauli,Bochum,0.5307814075240472,0.2686877151250604,0.20053087735089245,A
2025-05-17,Ligue 1,Lille,Reims,0.6423659572047166,0.2351305390829742,0.12250350371230913,H
2025-05-17,Ligue 1,Marseille,Rennes,0.6054987365011052,0.22486365117692617,0.1696376123219686,H
2025-05-17,Ligue 1,Nice,Brest,0.5162462720846488,0.24192859921341595,0.24182512870193526,H
2025-05-17,Bundesliga,Augsburg,Union Berlin,0.4267632598195919,0.2763378223024256,0.2968989178779824,A
2025-05-17,Bundesliga,M'gladbach,Wolfsburg,0.5078787294445025,0.23323613702839974,0.2588851335270978,A
2025-05-17,Bundesliga,Mainz,Leverkusen,0.2199674951944903,0.21382954791372816,0.5662029568917816,D
2025-05-17,Bundesliga,Heidenheim,Werder Bremen,0.31508553151946195,0.308094067895752,0.3768204005847861,A
2025-05-17,Bundesliga,Dortmund,Holstein Kiel,0.7157086634063302,0.1945242794060331,0.08976705718763661,H
2025-05-17,Bundesliga,RB Leipzig,Stuttgart,0.4695962823714658,0.2588846224473019,0.27151909518123224,A
2025-05-17,Ligue 1,Nantes,Montpellier,0.5778153946887623,0.23814981132410337,0.18403479398713443,H
2025-05-17,Ligue 1,St Etienne,Toulouse,0.3521400663067425,0.29586636624376283,0.35199356744949467,A
2025-05-17,Ligue 1,Lens,Monaco,0.2931246856294988,0.2754790531954065,0.4313962611750948,H
2025-05-17,Ligue 1,Lyon,Angers,0.7037634807702197,0.20398528431203475,0.09225123491774563,H
2025-05-17,Ligue 1,Paris SG,Auxerre,0.788434442341437,0.14691495323177353,0.06465060442678958,H
2025-05-17,Serie A,Genoa,Atalanta,0.20296350557354506,0.23913195169320653,0.5579045427332484,A
2025-05-17,Bundesliga,Freiburg,Ein Frankfurt,0.36966696128700444,0.29702831664309204,0.3333047220699036,A
2025-05-17,Bundesliga,Hoffenheim,Bayern Munich,0.12141208056491265,0.18351189043005384,0.6950760290050334,A
2025-05-17,Ligue 1,Strasbourg,Le Havre,0.6832461805825919,0.19983465193104497,0.11691916748636305,A
2025-05-18,Premier League,Leicester,Ipswich,0.4448172814683348,0.274354350887008,0.2808283676446573,H
2025-05-18,La Liga,Osasuna,Espanol,0.518318775965631,0.2657244933284766,0.21595673070589239,H
2025-05-18,Premier League,Arsenal,Newcastle,0.5565890347002812,0.21715714098534988,0.22625382431436888,H
2025-05-18,Serie A,Verona,Como,0.3034480546431215,0.29803167612980674,0.39852026922707184,D
2025-05-18,La Liga,Valladolid,Alaves,0.24547788006922316,0.301502497693742,0.4530196222370347,A
2025-05-18,Serie A,Juventus,Udinese,0.710651575239965,0.18610015086071277,0.10324827389932212,H
2025-05-18,La Liga,Celta,Vallecano,0.5270652659164348,0.26125324203950856,0.21168149204405676,A
2025-05-18,Serie A,Monza,Empoli,0.3609051607677224,0.29931456842086496,0.3397802708114126,A
2025-05-18,Serie A,Roma,Milan,0.3983973695135392,0.2716620145242426,0.3299406159622182,H
2025-05-18,Serie A,Inter,Lazio,0.6040140925747602,0.21640083826122766,0.17958506916401218,D
2025-05-18,La Liga,Barcelona,Villarreal,0.6536459590246364,0.21581573772660395,0.1305383032487597,A
2025-05-18,Premier League,Everton,Southampton,0.6989609774520283,0.21533902538594046,0.0856999971620312,H
2025-05-18,La Liga,Sevilla,Real Madrid,0.15026212563507368,0.19546952478425123,0.654268349580675,A
2025-05-18,La Liga,Mallorca,Getafe,0.4989142405681208,0.261499087288408,0.2395866721434713,A
2025-05-18,Premier League,West Ham,Nott'm Forest,0.3855106844290134,0.258343820050777,0.3561454955202097,A
2025-05-18,Serie A,Cagliari,Venezia,0.4602912254448801,0.28734818770600284,0.25236058684911716,H
2025-05-18,Serie A,Lecce,Torino,0.2714706339186267,0.2660227799465846,0.4625065861347886,H
2025-05-18,Serie A,Fiorentina,Bologna,0.3971366442228879,0.247936274138154,0.3549270816389581,H
2025-05-18,La Liga,Sociedad,Girona,0.4337621308872225,0.2781400002229086,0.28809786888986894,H
2025-05-18,La Liga,Ath Madrid,Betis,0.5252176659694369,0.23552185834479997,0.23926047568576317,H
2025-05-18,Serie A,Parma,Napoli,0.1135058492446387,0.20637685892627464,0.6801172918290868,D
2025-05-18,Premier League,Brentford,Fulham,0.5166781269432695,0.2564707314086182,0.22685114164811226,A
2025-05-18,La Liga,Valencia,Ath Bilbao,0.3080378201559416,0.27270797432985944,0.41925420551419895,A
2025-05-18,La Liga,Las Palmas,Leganes,0.3688563704819712,0.28794558600898196,0.343198043509047,A
2025-05-19,Premier League,Brighton,Liverpool,0.21373762229607107,0.212921933738443,0.5733404439654859,H
2025-05-20,Premier League,Man City,Bournemouth,0.6914241033482617,0.2045180171253642,0.10405787952637419,H
2025-05-20,Premier League,Crystal Palace,Wolves,0.4991580627071116,0.2756575914937275,0.2251843457991609,H
2025-05-23,Serie A,Como,Inter,0.18326395296257056,0.22245799949674244,0.5942780475406869,A
2025-05-23,La Liga,Betis,Valencia,0.5541006540727508,0.2521225028747793,0.19377684305246987,D
2025-05-23,Serie A,Napoli,Cagliari,0.7160391852679674,0.1977610211045521,0.08619979362748052,H
2025-05-24,La Liga,Espanol,Las Palmas,0.5018228735575869,0.2735591552589172,0.22461797118349583,H
2025-05-24,La Liga,Vallecano,Mallorca,0.4524689734257805,0.29259692354381384,0.2549341030304056,D
2025-05-24,La Liga,Alaves,Osasuna,0.3408719719720688,0.30321454222065736,0.35591348580727383,D
2025-05-24,La Liga,Getafe,Celta,0.3289167271214104,0.2866786713476549,0.3844046015309346,A
2025-05-24,Serie A,Bologna,Genoa,0.6238861565558579,0.21443429357414875,0.16167954986999328,A
2025-05-24,Serie A,Milan,Monza,0.7818015395060623,0.16048431456723244,0.05771414592670511,H
2025-05-24,La Liga,Leganes,Valladolid,0.6060678850027935,0.2572813779977649,0.13665073699944155,H
2025-05-24,La Liga,Real Madrid,Sociedad,0.7568745758255664,0.16799981710521786,0.07512560706921587,H
2025-05-25,Premier League,Newcastle,Everton,0.5743001628199048,0.2365096237463874,0.1891902134337078,A
2025-05-25,Premier League,Southampton,Arsenal,0.04771767643761748,0.13645649103174737,0.8158258325306351,A
2025-05-25,Premier League,Tottenham,Brighton,0.3038373945730753,0.25752752874658247,0.43863507668034224,A
2025-05-25,Serie A,Atalanta,Parma,0.7535732464581557,0.1829306070381324,0.0634961465037119,A
2025-05-25,Premier League,Liverpool,Crystal Palace,0.6816582234027427,0.19268319415439467,0.12565858244286246,D
2025-05-25,Serie A,Empoli,Verona,0.4291807463557032,0.28871547225460065,0.2821037813896962,A
2025-05-25,Premier League,Fulham,Man City,0.21026928751360807,0.23751230434415174,0.5522184081422402,A
2025-05-25,Serie A,Torino,Roma,0.27456058529955873,0.256064967807478,0.46937444689296337,A
2025-05-25,La Liga,Villarreal,Sevilla,0.6538243233635324,0.22502750737748006,0.12114816925898753,H
2025-05-25,Premier League,Bournemouth,Leicester,0.5973317737417887,0.25349947816851265,0.14916874808969863,H
2025-05-25,Serie A,Venezia,Juventus,0.1281799501351145,0.21952563591545696,0.6522944139494286,A
2025-05-25,Premier League,Nott'm Forest,Chelsea,0.3732431875229931,0.26986712612714586,0.35688968634986096,A
2025-05-25,La Liga,Ath Bilbao,Barcelona,0.30717487324449183,0.24540941990936824,0.44741570684613985,A
2025-05-25,Premier League,Wolves,Brentford,0.34789280107340687,0.2727712817431854,0.3793359171834078,D
2025-05-25,Premier League,Ipswich,West Ham,0.26938028112098805,0.2882138750295773,0.4424058438494347,A
2025-05-25,Premier League,Man United,Aston Villa,0.2604836401840539,0.248741623531368,0.49077473628457813,H
2025-05-25,Serie A,Lazio,Lecce,0.72413502496396,0.1931055412216982,0.08275943381434182,A
2025-05-25,La Liga,Girona,Ath Madrid,0.18591215485496507,0.2463735210946988,0.5677143240503361,A
2025-05-25,Serie A,Udinese,Fiorentina,0.2771100400580329,0.25700160684362805,0.46588835309833915,A
2025-08-15,Premier League,Liverpool,Bournemouth,0.7321387509541333,0.16917410724860957,0.09868714179725718,H
2025-08-15,Ligue 1,Rennes,Marseille,0.24123231509518125,0.26201508077498126,0.49675260412983746,H
2025-08-15,La Liga,Girona,Vallecano,0.38960749090930485,0.3075997682819866,0.30279274080870844,A
2025-08-15,La Liga,Villarreal,Oviedo,0.5928488517849505,0.2580129319163421,0.14913821629870738,H
2025-08-16,Premier League,Brighton,Fulham,0.5710733270028492,0.23581291034968402,0.19311376264746674,D
2025-08-16,La Liga,Valencia,Sociedad,0.49134639900320654,0.2503820639800042,0.2582715370167894,D
2025-08-16,Premier League,Wolves,Man City,0.16126410450687775,0.21452070003627388,0.6242151954568484,A
2025-08-16,Ligue 1,Nice,Toulouse,0.6268226802012609,0.22859312391240724,0.14458419588633187,A
2025-08-16,Premier League,Aston Villa,Newcastle,0.4241598858727033,0.27007239389614845,0.30576772023114823,D
2025-08-16,Ligue 1,Monaco,Le Havre,0.6788489920922806,0.2099044039295128,0.11124660397820675,H
2025-08-16,Premier League,Sunderland,West Ham,0.21212320185632041,0.281184605475606,0.5066921926680736,H
2025-08-16,La Liga,Mallorca,Barcelona,0.12408794480031594,0.18423215459161107,0.691679900608073,A
2025-08-16,Premier League,Tottenham,Burnley,0.4999166648616855,0.2786443440076849,0.22143899113062945,H
2025-08-16,Ligue 1,Lens,Lyon,0.40476189290657616,0.25699803773371876,0.3382400693597051,A
2025-08-16,La Liga,Alaves,Levante,0.4846492684184012,0.27380003183367363,0.24155069974792528,H
2025-08-17,Premier League,Chelsea,Crystal Palace,0.4867240832038917,0.26914905342798845,0.2441268633681199,D
2025-08-17,La Liga,Ath Bilbao,Sevilla,0.6414268673821159,0.2237414566339975,0.13483167598388665,H
2025-08-17,Ligue 1,Angers,Paris FC,0.26036567313240133,0.314953771165598,0.42468055570200075,H
2025-08-17,Ligue 1,Auxerre,Lorient,0.5117344816663281,0.24884343619633043,0.2394220821373415,H
2025-08-17,Ligue 1,Brest,Lille,0.313293525132821,0.2791740754674836,0.4075323993996953,D
2025-08-17,Ligue 1,Metz,Strasbourg,0.2129260876833125,0.24830390153397622,0.5387700107827113,A
2025-08-17,Premier League,Nott'm Forest,Brentford,0.43675056861178213,0.26360602225472846,0.29964340913348947,H
2025-08-17,La Liga,Celta,Getafe,0.5591370811424662,0.2531454301528268,0.187717488704707,A
2025-08-17,Ligue 1,Nantes,Paris SG,0.09683967360780206,0.15505774111606452,0.7481025852761334,A
2025-08-17,Premier League,Man United,Arsenal,0.20308132529244105,0.2084259089344558,0.5884927657731032,A
2025-08-17,La Liga,Espanol,Ath Madrid,0.14441743387697953,0.2223779685418865,0.633204597581134,H
2025-08-18,Premier League,Leeds,Everton,0.2510278943022014,0.2790240635978307,0.4699480420999678,H
2025-08-18,La Liga,Elche,Betis,0.2182303241325879,0.2542702345652175,0.5274994413021946,D
2025-08-19,La Liga,Real Madrid,Osasuna,0.723546728655772,0.1860266305246969,0.09042664081953125,H
2025-08-22,Premier League,West Ham,Chelsea,0.26275704542951306,0.26368025234717335,0.4735627022233137,A
2025-08-22,Ligue 1,Paris SG,Angers,0.8531783806407934,0.11834039828111514,0.028481221078091444,H
2025-08-22,Bundesliga,Bayern Munich,RB Leipzig,0.7392717556070161,0.15215317507600526,0.10857506931697872,H
2025-08-22,La Liga,Betis,Alaves,0.5746397727703089,0.25340035617696305,0.17195987105272803,H
2025-08-23,Premier League,Brentford,Aston Villa,0.3482946419310319,0.2718310998112002,0.379874258257768,H
2025-08-23,La Liga,Ath Madrid,Elche,0.7702269292266378,0.16760925228221873,0.06216381849114354,D
2025-08-23,La Liga,Levante,Barcelona,0.09216226000024677,0.18635698763612624,0.7214807523636271,A
2025-08-23,Bundesliga,St Pauli,Dortmund,0.17967461768428733,0.23627065253222723,0.5840547297834855,D
2025-08-23,Premier League,Arsenal,Leeds,0.7912918396508721,0.15221767949921067,0.056490480849917146,H
2025-08-23,Bundesliga,Freiburg,Augsburg,0.5743283418468109,0.23745892727359708,0.188212730879592,A
2025-08-23,Bundesliga,Ein Frankfurt,Werder Bremen,0.5399684710047323,0.25184968052544504,0.20818184846982257,H
2025-08-23,Ligue 1,Marseille,Paris FC,0.6100696799490238,0.24103478738081402,0.1488955326701621,H
2025-08-23,Serie A,Genoa,Lecce,0.5403837388401629,0.2656653713163226,0.19395088984351452,D
2025-08-23,Bundesliga,Union Berlin,Stuttgart,0.31595955883667404,0.27002919292000965,0.41401124824331625,H
2025-08-23,La Liga,Mallorca,Celta,0.3899082041574122,0.2810969746709978,0.32899482117159007,D
2025-08-23,Ligue 1,Nice,Auxerre,0.6032580914776264,0.2312725901967487,0.16546931832562478,H
2025-08-23,Bundesliga,Heidenheim,Wolfsburg,0.367386518607052,0.28664762561451995,0.345965855778428,A
2025-08-23,Serie A,Milan,Cremonese,0.7198679919368733,0.19201922135423818,0.08811278670888842,A
2025-08-23,Premier League,Burnley,Sunderland,0.45491868885995207,0.2923952015051767,0.2526861096348712,H
2025-08-23,Serie A,Roma,Bologna,0.5273222704517998,0.22772137545689738,0.24495635409130279,H
2025-08-23,Premier League,Man City,Tottenham,0.7770822039793868,0.155436998953849,0.06748079706676417,A
2025-08-23,Serie A,Sassuolo,Napoli,0.1249525077588838,0.2186248125879846,0.6564226796531316,A
2025-08-23,Bundesliga,Leverkusen,Hoffenheim,0.7781999515449264,0.14452867682591303,0.07727137162916055,A
2025-08-23,Premier League,Bournemouth,Wolves,0.5489232441771493,0.23527311819053054,0.2158036376323201,H
2025-08-23,Ligue 1,Lyon,Metz,0.7168716491962766,0.191729347663273,0.09139900314045052,H
2025-08-24,Serie A,Juventus,Parma,0.7383391917240152,0.18547541028065334,0.07618539799533147,H
2025-08-24,Serie A,Cagliari,Fiorentina,0.24078461808145998,0.24446620855891713,0.5147491733596228,D
2025-08-24,Premier League,Fulham,Man United,0.45372290619430644,0.2599207319554488,0.2863563618502448,D
2025-08-24,Premier League,Everton,Brighton,0.3596974384225499,0.27780400272088596,0.3624985588565643,H
2025-08-24,Bundesliga,M'gladbach,Hamburg,0.5831838845134083,0.24469679093609903,0.17211932455049272,D
2025-08-24,Serie A,Como,Lazio,0.2891836441606414,0.2638056807265934,0.44701067511276527,H
2025-08-24,Bundesliga,Mainz,FC Koln,0.6128739161052783,0.2285172674705366,0.15860881642418512,A
2025-08-24,La Liga,Oviedo,Real Madrid,0.1362889181400352,0.17948576689675058,0.6842253149632143,A
2025-08-24,Premier League,Crystal Palace,Nott'm Forest,0.4741422301025786,0.25753095018629274,0.26832681971112865,D
2025-08-24,Ligue 1,Lille,Monaco,0.4462461851349557,0.2440554818610825,0.3096983330039619,H
2025-08-24,Ligue 1,Strasbourg,Nantes,0.5775453817265713,0.25958781240938267,0.16286680586404612,H
2025-08-24,La Liga,Villarreal,Girona,0.6970416481412397,0.1958201887062251,0.1071381631525352,H
2025-08-24,Ligue 1,Toulouse,Brest,0.4321103450168151,0.25171547119128324,0.31617418379190165,H
2025-08-24,Ligue 1,Le Havre,Lens,0.27130543771097987,0.2695484823063285,0.45914607998269164,A
2025-08-24,Serie A,Atalanta,Pisa,0.6419432413541082,0.23027583434191545,0.1277809243039763,D
2025-08-24,La Liga,Sociedad,Espanol,0.4722505522105815,0.2753946622836692,0.2523547855057493,D
2025-08-24,Ligue 1,Lorient,Rennes,0.3597582994442308,0.25072038680542674,0.3895213137503425,H
2025-08-24,La Liga,Osasuna,Valencia,0.44458574753702595,0.27985938897177703,0.27555486349119696,H
2025-08-25,La Liga,Sevilla,Getafe,0.44945604119729565,0.27298391146851664,0.2775600473341878,A
2025-08-25,Premier League,Newcastle,Liverpool,0.27757797915213206,0.20226006865861992,0.5201619521892481,A
2025-08-25,Serie A,Inter,Torino,0.7575175399131843,0.1621798576244619,0.0803026024623539,H
2025-08-25,Serie A,Udinese,Verona,0.4620723650138922,0.27850760911258365,0.25942002587352414,D
2025-08-25,La Liga,Ath Bilbao,Vallecano,0.5672813824118673,0.2667867281012216,0.16593188948691107,H
2025-08-27,La Liga,Celta,Betis,0.34143176299104305,0.26384069938401505,0.3947275376249419,D
2025-08-29,La Liga,Elche,Levante,0.4227581393575746,0.26981979926611266,0.30742206137631267,H
2025-08-29,La Liga,Valencia,Getafe,0.47389448020004415,0.2687832633329121,0.2573222564670439,H
2025-08-29,Serie A,Cremonese,Sassuolo,0.4581892360729829,0.2908809444122835,0.25092981951473353,H
2025-08-29,Ligue 1,Lens,Brest,0.5548489730744472,0.22605649958028867,0.21909452734526416,H
2025-08-29,Serie A,Lecce,Milan,0.20374885436339255,0.2478270763017016,0.5484240693349058,A
2025-08-29,Bundesliga,Hamburg,St Pauli,0.3536182483101005,0.30380388042899875,0.3425778712609006,A
2025-08-30,Serie A,Parma,Atalanta,0.1489311989844883,0.21589201301173686,0.6351767880037749,D
2025-08-30,Premier League,Sunderland,Brentford,0.18847821064694079,0.2566654126842078,0.5548563766688515,H
2025-08-30,Premier League,Chelsea,Fulham,0.6084290903607176,0.22149794890428007,0.17007296073500236,H
2025-08-30,Premier League,Tottenham,Bournemouth,0.39350967189276626,0.2675491108579058,0.3389412172493279,A
2025-08-30,Bundesliga,Stuttgart,M'gladbach,0.5655482003190004,0.23362617939813565,0.2008256202828639,H
2025-08-30,Ligue 1,Nantes,Auxerre,0.4169247642852254,0.26106928478846153,0.3220059509263132,H
2025-08-30,Bundesliga,Augsburg,Bayern Munich,0.09093890109152755,0.18441342555331774,0.7246476733551547,A
2025-08-30,La Liga,Alaves,Ath Madrid,0.18646953443751657,0.24684792578792303,0.5666825397745604,D
2025-08-30,La Liga,Real Madrid,Mallorca,0.7878380515925554,0.15522474279642876,0.05693720561101575,H
2025-08-30,Serie A,Napoli,Cagliari,0.7431187467082092,0.18002210058086074,0.07685915271092998,H
2025-08-30,Serie A,Pisa,Roma,0.22527909238811006,0.22637186056924521,0.5483490470426446,A
2025-08-30,Bundesliga,Werder Bremen,Leverkusen,0.22367114666207094,0.20921987414779142,0.5671089791901377,D
2025-08-30,Serie A,Bologna,Como,0.5434880199713649,0.24513545659446326,0.2113765234341719,H
2025-08-30,Bundesliga,Hoffenheim,Ein Frankfurt,0.2403856683267699,0.26565948098058917,0.4939548506926408,A
2025-08-30,Premier League,Leeds,Newcastle,0.17783759869080742,0.25190166077967274,0.5702607405295198,D
2025-08-30,Ligue 1,Toulouse,Paris SG,0.13903102398777703,0.20794576141902354,0.6530232145931995,A
2025-08-30,Ligue 1,Lorient,Lille,0.24620013806793567,0.2281764388884221,0.5256234230436422,A
2025-08-30,Premier League,Man United,Burnley,0.6153941931386425,0.2308169110191309,0.15378889584222652,H
2025-08-30,Premier League,Wolves,Everton,0.3083390280176255,0.29483128268944603,0.3968296892929285,A
2025-08-30,La Liga,Girona,Sevilla,0.4276496085642444,0.2856338470216452,0.28671654441411043,A
2025-08-30,La Liga,Oviedo,Sociedad,0.38724295794785085,0.2608084910385097,0.35194855101363937,H
2025-08-30,Bundesliga,RB Leipzig,Heidenheim,0.6116344733324018,0.244769929205148,0.1435955974624501,H
2025-08-31,Premier League,Nott'm Forest,West Ham,0.6007662415826505,0.22688283561619182,0.17235092280115769,A
2025-08-31,Ligue 1,Paris FC,Metz,0.5549893846904477,0.23832142121404468,0.20668919409550765,H
2025-08-31,Bundesliga,FC Koln,Freiburg,0.3292713622686341,0.2752267568626671,0.3955018808686987,H
2025-08-31,Serie A,Genoa,Juventus,0.22699265537872768,0.23439244312115168,0.5386149015001205,A
2025-08-31,La Liga,Celta,Villarreal,0.22341739712464723,0.26064474482080285,0.5159378580545498,D
2025-08-31,La Liga,Espanol,Osasuna,0.3408118117403922,0.30287391198706437,0.3563142762725434,H
2025-08-31,Serie A,Inter,Udinese,0.8075585801707535,0.1389501173945106,0.05349130243473579,A
2025-08-31,Premier League,Liverpool,Arsenal,0.4876455484025453,0.22822067844273583,0.28413377315471877,H
2025-08-31,Serie A,Torino,Fiorentina,0.28030923820562187,0.253165030429307,0.4665257313650712,D
2025-08-31,Ligue 1,Angers,Rennes,0.31447515333120285,0.2832601624895289,0.40226468417926836,D
2025-08-31,Ligue 1,Monaco,Strasbourg,0.5219809192909985,0.2481024552355152,0.22991662547348626,H
2025-08-31,La Liga,Betis,Ath Bilbao,0.39224564392332,0.26023701654385833,0.3475173395328216,A
2025-08-31,Serie A,Lazio,Verona,0.6288009639693367,0.23266533069647896,0.13853370533418433,H
2025-08-31,Bundesliga,Dortmund,Union Berlin,0.6883959514708334,0.19542091077621473,0.11618313775295197,H
2025-08-31,Premier League,Brighton,Man City,0.24939655557568835,0.24190184156621777,0.5087016028580938,H
2025-08-31,La Liga,Vallecano,Barcelona,0.1408494555480581,0.20143125747126664,0.6577192869806753,D
2025-08-31,Bundesliga,Wolfsburg,Mainz,0.3763854915285983,0.27600023240358895,0.34761427606781276,D
2025-08-31,Premier League,Aston Villa,Crystal Palace,0.46473648642796067,0.26646334131297444,0.2688001722590649,A
2025-08-31,Ligue 1,Le Havre,Nice,0.19293016067770244,0.25877746191528395,0.5482923774070135,H
2025-08-31,Ligue 1,Lyon,Marseille,0.42683974536676017,0.2546361126878573,0.3185241419453825,H
2025-09-12,Ligue 1,Marseille,Lorient,0.6851746815417312,0.19821409925261818,0.1166112192056506,H
2025-09-12,La Liga,Sevilla,Elche,0.47322302830002694,0.29411522896115055,0.2326617427388225,D
2025-09-12,Bundesliga,Leverkusen,Ein Frankfurt,0.5638653436554285,0.21941006215589048,0.21672459418868104,H
2025-09-13,Bundesliga,Wolfsburg,FC Koln,0.4729403184460829,0.2855610319202375,0.2414986496336796,D
2025-09-13,La Liga,Getafe,Oviedo,0.40738873046246477,0.2971678956787189,0.29544337385881647,H
2025-09-13,Bundesliga,Heidenheim,Dortmund,0.1394271420545213,0.23015733031176866,0.63041552763371,A
2025-09-13,Ligue 1,Nice,Nantes,0.6302801224335103,0.22767309429226146,0.14204678327422826,H
2025-09-13,Bundesliga,Mainz,RB Leipzig,0.4212271882786219,0.2272271775526256,0.35154563416875256,A
2025-09-13,La Liga,Ath Bilbao,Alaves,0.6234654358490918,0.2494689115268245,0.1270656526240838,A
2025-09-13,Ligue 1,Auxerre,Monaco,0.23912547872311082,0.2385015344559005,0.5223729868209886,A
2025-09-13,Bundesliga,Freiburg,Stuttgart,0.36980005216917816,0.28247467444012003,0.34772527339070186,H
2025-09-13,Premier League,Fulham,Leeds,0.6181944503318839,0.2238747197404647,0.1579308299276513,H
2025-09-13,Bundesliga,Union Berlin,Hoffenheim,0.47731004145474887,0.26138191672280836,0.2613080418224427,A
2025-09-13,Serie A,Cagliari,Parma,0.45265916475912543,0.2807426172355112,0.2665982180053633,H
2025-09-13,Premier League,West Ham,Tottenham,0.42891723249969066,0.2796261545392729,0.29145661296103637,A
2025-09-13,Serie A,Fiorentina,Napoli,0.318591186201742,0.2540972241152528,0.4273115896830052,A
2025-09-13,Premier League,Brentford,Chelsea,0.28417437050950267,0.266432288387,0.4493933411034973,D
2025-09-13,Premier League,Newcastle,Wolves,0.6525292256303483,0.19518088073370998,0.15228989363594164,H
2025-09-13,Bundesliga,Bayern Munich,Hamburg,0.8726416305474377,0.10183908545972602,0.025519283992836348,H
2025-09-13,Premier League,Everton,Aston Villa,0.39510505301324556,0.26452844096098593,0.3403665060257685,D
2025-09-13,Premier League,Arsenal,Nott'm Forest,0.6958178607239898,0.19093056455521795,0.11325157472079224,H
2025-09-13,Premier League,Crystal Palace,Sunderland,0.745211218626147,0.17971919869627603,0.07506958267757687,D
2025-09-13,La Liga,Sociedad,Real Madrid,0.13861901311775043,0.21091879324902418,0.6504621936332252,A
2025-09-13,Premier League,Bournemouth,Brighton,0.38159527816159533,0.2730699321642894,0.3453347896741153,H
2025-09-13,La Liga,Ath Madrid,Villarreal,0.46570304089760856,0.24080948619050194,0.29348747291188954,H
2025-09-13,Serie A,Juventus,Inter,0.3313512238657362,0.24868094653650688,0.4199678295977569,H
2025-09-14,Ligue 1,Paris SG,Lens,0.7134523344363823,0.18641232767527374,0.10013533788834404,H
2025-09-14,Premier League,Burnley,Liverpool,0.07603243270562678,0.1506111654294978,0.7733564018648753,A
2025-09-14,La Liga,Barcelona,Valencia,0.7502581065417663,0.1710848205195559,0.07865707293867796,H
2025-09-14,La Liga,Celta,Girona,0.5873559658818857,0.21558609495459,0.19705793916352438,D
2025-09-14,La Liga,Levante,Betis,0.2707924742306984,0.26418820882082056,0.4650193169484809,D
2025-09-14,Serie A,Sassuolo,Lazio,0.1732653757393884,0.2243073426677783,0.6024272815928333,H
2025-09-14,Ligue 1,Rennes,Lyon,0.2710525246419339,0.280400468770363,0.448547006587703,H
2025-09-14,Serie A,Milan,Bologna,0.5067597959351827,0.22408317482430798,0.26915702924050916,H
2025-09-14,Premier League,Man City,Man United,0.7027559441447525,0.18997116202641753,0.10727289382882992,H
2025-09-14,Bundesliga,M'gladbach,Werder Bremen,0.3552065099480005,0.2553038774527402,0.3894896125992591,A
2025-09-14,Ligue 1,Metz,Angers,0.38634268781820535,0.30078002001953913,0.31287729216225557,D
2025-09-14,Bundesliga,St Pauli,Augsburg,0.43322238086208925,0.24844005601128663,0.31833756312662403,H
2025-09-14,Ligue 1,Brest,Paris FC,0.506383971797991,0.2665447428479834,0.2270712853540256,A
2025-09-14,Serie A,Pisa,Udinese,0.4415547380740938,0.2482151963044822,0.3102300656214241,A
2025-09-14,Serie A,Atalanta,Lecce,0.712353040677392,0.202304131741124,0.08534282758148402,H
2025-09-14,Ligue 1,Lille,Toulouse,0.6645320819679377,0.20039500703244462,0.13507291099961766,H
2025-09-14,Serie A,Roma,Torino,0.6996880094098407,0.187812730446625,0.11249926014353445,A
2025-09-14,Ligue 1,Strasbourg,Le Havre,0.6224602026021615,0.22286945254439447,0.15467034485344397,H
2025-09-14,La Liga,Osasuna,Vallecano,0.43407363092655316,0.28376144101508693,0.28216492805835985,H
2025-09-15,Serie A,Como,Genoa,0.46814915724461337,0.26805740264334005,0.26379344011204664,D
2025-09-15,La Liga,Espanol,Mallorca,0.4580510536211539,0.28180010587593207,0.260148840502914,H
2025-09-15,Serie A,Verona,Cremonese,0.4346162161518706,0.2799335553798554,0.28545022846827395,D
2025-09-19,La Liga,Betis,Sociedad,0.5474524173512634,0.24220535719531447,0.21034222545342213,H
2025-09-19,Bundesliga,Stuttgart,St Pauli,0.568670715901183,0.24693475584705804,0.18439452825175898,H
2025-09-19,Ligue 1,Lyon,Angers,0.6854613721374531,0.21906617705699893,0.09547245080554814,H
2025-09-19,Serie A,Lecce,Cagliari,0.35781491760605133,0.32217731573210345,0.3200077666618452,A
2025-09-20,Ligue 1,Brest,Nice,0.28790771241741014,0.26932128560593627,0.44277100197665364,H
2025-09-20,La Liga,Alaves,Sevilla,0.4713400029517282,0.2700077319997639,0.25865226504850786,A
2025-09-20,La Liga,Valencia,Ath Bilbao,0.2881965960540971,0.25384631969745,0.457957084248453,H
2025-09-20,La Liga,Villarreal,Osasuna,0.606366179803963,0.230219897891806,0.16341392230423094,H
2025-09-20,Premier League,Man United,Chelsea,0.24426149982965845,0.26457701611124373,0.4911614840590977,H
2025-09-20,Premier League,Liverpool,Everton,0.700414194352844,0.20121776240994582,0.09836804323721023,H
2025-09-20,La Liga,Real Madrid,Espanol,0.7634806579502038,0.17493287358069512,0.06158646846910103,H
2025-09-20,Ligue 1,Nantes,Rennes,0.3824803589316469,0.26135192196586776,0.35616771910248546,D
2025-09-20,Bundesliga,Augsburg,Mainz,0.3591965562737731,0.27402528956130034,0.3667781541649265,A
2025-09-20,Premier League,West Ham,Crystal Palace,0.26136217961159824,0.2883140439253296,0.45032377646307226,A
2025-09-20,Serie A,Verona,Juventus,0.14665262893272207,0.22484189002186647,0.6285054810454115,D
2025-09-20,Bundesliga,Werder Bremen,Freiburg,0.5130981091221717,0.22738980139985465,0.2595120894779736,A
2025-09-20,Bundesliga,Hamburg,Heidenheim,0.3738398320561731,0.2994609822825539,0.326699185661273,H
2025-09-20,Premier League,Fulham,Brentford,0.4147515693320703,0.2641739203244772,0.3210745103434525,H
2025-09-20,Serie A,Bologna,Genoa,0.5648321341348237,0.2409216111532728,0.19424625471190354,H
2025-09-20,Premier League,Burnley,Nott'm Forest,0.25234737817770003,0.2516863689297484,0.4959662528925516,D
2025-09-20,Premier League,Brighton,Tottenham,0.5293719704878687,0.2588294278580617,0.21179860165406955,D
2025-09-20,La Liga,Girona,Levante,0.40117780481462934,0.2912796137715145,0.3075425814138561,A
2025-09-20,Bundesliga,Hoffenheim,Bayern Munich,0.08229592549056339,0.18793648040272143,0.7297675941067152,A
2025-09-20,Premier League,Wolves,Leeds,0.5229298046124073,0.25362691983435093,0.2234432755532417,A
2025-09-20,Serie A,Udinese,Milan,0.2580969960367032,0.257521513551504,0.48438149041179274,A
2025-09-20,Ligue 1,Lens,Lille,0.34336687504555125,0.25518983140300294,0.40144329355144587,H
2025-09-20,Bundesliga,RB Leipzig,FC Koln,0.5877548737787347,0.24609962827602783,0.16614549794523753,H
2025-09-21,Serie A,Torino,Atalanta,0.22853869892874742,0.24389459494828142,0.5275667061229711,A
2025-09-21,Ligue 1,Auxerre,Toulouse,0.3813571815091039,0.2666843386744532,0.351958479816443,H
2025-09-21,Bundesliga,Leverkusen,M'gladbach,0.7765869767647707,0.15188978007538625,0.07152324315984297,D
2025-09-21,Bundesliga,Ein Frankfurt,Union Berlin,0.6804909966250049,0.1923726183467591,0.12713638502823593,A
2025-09-21,Serie A,Inter,Sassuolo,0.8293119145912258,0.12481769654888512,0.045870388859889165,H
2025-09-21,Ligue 1,Le Havre,Lorient,0.46725436198402015,0.26776354096183236,0.2649820970541476,D
2025-09-21,Serie A,Fiorentina,Como,0.5351444217946193,0.25486288607869195,0.20999269212668872,A
2025-09-21,Serie A,Lazio,Roma,0.3929256419994403,0.2476684383015326,0.35940591969902713,A
2025-09-21,Premier League,Sunderland,Aston Villa,0.17419033059198635,0.24152457610188105,0.5842850933061325,D
2025-09-21,La Liga,Barcelona,Getafe,0.8215909632683215,0.13166405718868493,0.04674497954299349,H
2025-09-21,Premier League,Arsenal,Man City,0.47275172497364826,0.22956680204678245,0.29768147297956915,D
2025-09-21,La Liga,Vallecano,Celta,0.42930776273155713,0.2715677883933605,0.29912444887508244,D
2025-09-21,La Liga,Mallorca,Ath Madrid,0.1712078860436309,0.2288012876968479,0.5999908262595213,D
2025-09-21,La Liga,Elche,Oviedo,0.4068420430329775,0.2778977966953655,0.31526016027165693,H
2025-09-21,Serie A,Cremonese,Parma,0.500716162016275,0.2827409226315096,0.21654291535221543,D
2025-09-21,Ligue 1,Paris FC,Strasbourg,0.3163827307931065,0.2688991644763717,0.41471810473052173,A
2025-09-21,Ligue 1,Monaco,Metz,0.7473059080688903,0.18130616869033583,0.07138792324077393,H
2025-09-21,Bundesliga,Dortmund,Wolfsburg,0.6670256742578142,0.20807956408289582,0.12489476165929002,H
2025-09-21,Premier League,Bournemouth,Newcastle,0.3643501511816514,0.27896252593682475,0.35668732288152377,D
2025-09-22,Serie A,Napoli,Pisa,0.7122831635862044,0.2003846060116482,0.08733223040214737,H
2025-09-22,Ligue 1,Marseille,Paris SG,0.2505281093634686,0.21043537537266638,0.539036515263865,H
2025-09-23,La Liga,Ath Bilbao,Girona,0.7155041128757459,0.18181391171987538,0.10268197540437879,D
2025-09-23,La Liga,Levante,Real Madrid,0.11680104276512862,0.1856202614330615,0.6975786958018098,A
2025-09-23,La Liga,Espanol,Valencia,0.4165226825365993,0.28357754485381514,0.29989977260958545,D
2025-09-23,La Liga,Sevilla,Villarreal,0.22416986815571768,0.25445629942908643,0.5213738324151959,A
2025-09-24,La Liga,Getafe,Alaves,0.4005506286507675,0.30654596544903623,0.2929034059001963,D
2025-09-24,La Liga,Ath Madrid,Vallecano,0.635350437309064,0.2165866183906125,0.14806294430032343,H
2025-09-24,La Liga,Sociedad,Mallorca,0.4815887069263629,0.25222001385780407,0.26619127921583297,H
2025-09-25,La Liga,Oviedo,Barcelona,0.07547361643282623,0.17605737928835688,0.7484690042788169,A
2025-09-25,La Liga,Osasuna,Elche,0.5365655627032359,0.2756780512026503,0.18775638609411388,D
2025-09-26,Bundesliga,Bayern Munich,Werder Bremen,0.8189573437983905,0.1211053816876091,0.05993727451400046,H
2025-09-26,La Liga,Girona,Espanol,0.34833219249060876,0.2956801296778217,0.35598767783156954,D
2025-09-26,Ligue 1,Strasbourg,Marseille,0.3500895763591487,0.2815006505528226,0.3684097730880287,A
2025-09-27,La Liga,Villarreal,Ath Bilbao,0.5210972571756948,0.23774686457265162,0.24115587825165372,H
2025-09-27,Premier League,Crystal Palace,Liverpool,0.2529289331943704,0.2277097822475369,0.5193612845580928,H
2025-09-27,La Liga,Ath Madrid,Real Madrid,0.28330542891701366,0.23773965121163027,0.478954919871356,H
2025-09-27,Serie A,Como,Cremonese,0.5305452675723145,0.27908949237111513,0.19036524005657052,D
2025-09-27,La Liga,Mallorca,Alaves,0.4005885603300372,0.2759211153070379,0.32349032436292496,H
2025-09-27,Bundesliga,M'gladbach,Ein Frankfurt,0.24522355417402195,0.24663521012073264,0.5081412357052454,A
2025-09-27,Serie A,Cagliari,Inter,0.10884591291549929,0.18485943907865343,0.7062946480058473,A
2025-09-27,Premier League,Brentford,Man United,0.46300836771767595,0.25668893217783395,0.28030270010449004,H
2025-09-27,Ligue 1,Lorient,Monaco,0.1567761334589841,0.23037217546956526,0.6128516910714505,H
2025-09-27,Serie A,Juventus,Atalanta,0.45790654301674916,0.25022291643177735,0.2918705405514735,D
2025-09-27,Bundesliga,Wolfsburg,RB Leipzig,0.340379830461272,0.24711091877204508,0.4125092507666828,A
2025-09-27,Ligue 1,Toulouse,Nantes,0.49161573878031734,0.2774852178990275,0.23089904332065506,D
2025-09-27,La Liga,Getafe,Levante,0.4372860524298396,0.28477034986756017,0.2779435977026003,D
2025-09-27,Bundesliga,Mainz,Dortmund,0.28386487262038074,0.2539654055775779,0.4621697218020412,A
2025-09-27,Premier League,Leeds,Bournemouth,0.27386659436739375,0.28892600084278,0.4372074047898263,D
2025-09-27,Premier League,Chelsea,Brighton,0.5725407429487986,0.2161801885505782,0.2112790685006231,A
2025-09-27,Premier League,Man City,Burnley,0.825418062233332,0.13192729268178824,0.042654645084879705,H
2025-09-27,Premier League,Nott'm Forest,Sunderland,0.6045168254060139,0.2612705704599672,0.13421260413401884,A
2025-09-27,Bundesliga,Heidenheim,Augsburg,0.3281165192615525,0.26656753964935964,0.40531594108908786,H
2025-09-27,Bundesliga,St Pauli,Leverkusen,0.15587457911053465,0.20508011331850434,0.6390453075709611,A
2025-09-27,Ligue 1,Paris SG,Auxerre,0.8064074127340535,0.1438991900538177,0.04969339721212879,H
2025-09-27,Premier League,Tottenham,Wolves,0.5838513335737561,0.2268513097620273,0.18929735666421668,D
2025-09-28,Ligue 1,Rennes,Lens,0.3281674154732691,0.2777290715536465,0.3941035129730844,D
2025-09-28,La Liga,Vallecano,Sevilla,0.4777783234166238,0.26746890027574677,0.2547527763076295,A
2025-09-28,Ligue 1,Nice,Paris FC,0.5979344227671018,0.2282293360086696,0.17383624122422853,D
2025-09-28,Serie A,Milan,Napoli,0.3742019537143338,0.2539374332497579,0.37186061303590834,H
2025-09-28,La Liga,Betis,Osasuna,0.5202691491045878,0.2610831219498086,0.2186477289456037,H
2025-09-28,Premier League,Aston Villa,Fulham,0.5048109000182968,0.25407794290525887,0.2411111570764443,H
2025-09-28,Bundesliga,FC Koln,Stuttgart,0.3284245078234134,0.2712021365548959,0.4003733556216906,A
2025-09-28,La Liga,Elche,Celta,0.3299706705700547,0.29301599172303566,0.37701333770690976,H
2025-09-28,Bundesliga,Union Berlin,Hamburg,0.5871652009310984,0.2574281037228964,0.15540669534600532,D
2025-09-28,Serie A,Lecce,Bologna,0.19992272924540413,0.24596975108267036,0.5541075196719254,D
2025-09-28,Serie A,Pisa,Fiorentina,0.29332172878140755,0.23850295571919902,0.4681753154993935,D
2025-09-28,Ligue 1,Lille,Lyon,0.5185716715661183,0.2436146131308493,0.2378137153030324,A
2025-09-28,Premier League,Newcastle,Arsenal,0.24762335573407648,0.24083668838122463,0.5115399558846989,A
2025-09-28,Serie A,Roma,Verona,0.7083002508045655,0.20214362202095676,0.08955612717447789,H
2025-09-28,Ligue 1,Angers,Brest,0.25351937166438954,0.2501380879190073,0.4963425404166032,A
2025-09-28,La Liga,Barcelona,Sociedad,0.8114324786548222,0.1334191589618496,0.055148362383328264,H
2025-09-28,Ligue 1,Metz,Le Havre,0.33178288575324744,0.2884827347325116,0.37973437951424094,D
2025-09-28,Serie A,Sassuolo,Udinese,0.3728975092656079,0.27668375915279475,0.35041873158159736,H
2025-09-28,Bundesliga,Freiburg,Hoffenheim,0.6011969902848763,0.21808724961116835,0.18071576010395538,D
2025-09-29,Premier League,Everton,West Ham,0.5989438359305618,0.22053604281490255,0.18052012125453568,D
2025-09-29,Serie A,Genoa,Lazio,0.28826572581483845,0.2538380270441039,0.45789624714105764,A
2025-09-29,Serie A,Parma,Torino,0.3580510759839731,0.26379922374775605,0.3781497002682707,H
2025-09-30,La Liga,Valencia,Oviedo,0.5353950110349853,0.25675971236118184,0.20784527660383284,A
2025-10-03,Ligue 1,Paris FC,Lorient,0.5201479339368994,0.25526421506767,0.2245878509954307,H
2025-10-03,Bundesliga,Hoffenheim,FC Koln,0.453965520286697,0.2809941880725078,0.2650402916407953,A
2025-10-03,La Liga,Osasuna,Getafe,0.5202255347877838,0.2542610427105299,0.22551342250168632,H
2025-10-03,Serie A,Verona,Sassuolo,0.41598725747539506,0.28994817335653866,0.2940645691680663,A
2025-10-03,Premier League,Bournemouth,Fulham,0.4728384475531454,0.27205775149228706,0.25510380095456753,H
2025-10-04,Bundesliga,Ein Frankfurt,Bayern Munich,0.18120197433915186,0.2116084802125827,0.6071895454482654,A
2025-10-04,Premier League,Leeds,Tottenham,0.3053555032509919,0.3011050480107332,0.3935394487382749,A
2025-10-04,Serie A,Parma,Lecce,0.4388437148140541,0.2813663245154452,0.27978996067050077,A
2025-10-04,Bundesliga,Augsburg,Wolfsburg,0.3999914648895255,0.27311042080245757,0.3268981143080169,H
2025-10-04,La Liga,Ath Bilbao,Mallorca,0.6104956134642477,0.2309684726199615,0.15853591391579072,H
2025-10-04,Bundesliga,Leverkusen,Union Berlin,0.7454336168081641,0.16505053239245984,0.08951585079937602,H
2025-10-04,La Liga,Real Madrid,Villarreal,0.6382483150418551,0.20684401690213525,0.1549076680560097,H
2025-10-04,Premier League,Man United,Sunderland,0.5802236161534152,0.27285696335713555,0.14691942048944925,H
2025-10-04,Bundesliga,Dortmund,RB Leipzig,0.5781614275820557,0.2250332429972899,0.1968053294206544,D
2025-10-04,La Liga,Oviedo,Levante,0.4387685569926073,0.2876027345571342,0.27362870845025855,A
2025-10-04,Serie A,Atalanta,Como,0.6449506338633547,0.21199703247226634,0.1430523336643789,D
2025-10-04,La Liga,Girona,Valencia,0.3630954367383777,0.27537933241578433,0.36152523084583804,H
2025-10-04,Ligue 1,Metz,Marseille,0.12324674383823576,0.22134074699188244,0.6554125091698818,A
2025-10-04,Premier League,Arsenal,West Ham,0.8052798419502178,0.13430049824250742,0.06041965980727481,H
2025-10-04,Serie A,Inter,Cremonese,0.7996397246721465,0.14676410439711624,0.05359617093073726,H
2025-10-04,Ligue 1,Auxerre,Lens,0.2646555237812224,0.26815237664710045,0.4671920995716771,A
2025-10-04,Bundesliga,Werder Bremen,St Pauli,0.5095528170224857,0.2653954249335449,0.2250517580439694,H
2025-10-04,Ligue 1,Brest,Nantes,0.5675118622952575,0.24799606034321245,0.18449207736153006,D
2025-10-04,Premier League,Chelsea,Liverpool,0.33803101309348743,0.2208332031382594,0.4411357837682531,H
2025-10-04,Serie A,Lazio,Torino,0.6529943264145592,0.19502504607180515,0.15198062751363564,D
2025-10-05,Serie A,Udinese,Cagliari,0.44333774235025536,0.3014349422957715,0.2552273153539732,D
2025-10-05,La Liga,Alaves,Elche,0.4616272193143769,0.29400476067505243,0.2443680200105706,H
2025-10-05,Bundesliga,M'gladbach,Freiburg,0.3079712636753101,0.2602837293491189,0.43174500697557094,D
2025-10-05,Serie A,Fiorentina,Roma,0.3336970771403155,0.25362085973124343,0.412682063128441,A
2025-10-05,Premier League,Aston Villa,Burnley,0.7114605552467479,0.19501990136466224,0.09351954338858992,H
2025-10-05,La Liga,Sevilla,Barcelona,0.09714301073766216,0.19168427159746143,0.7111727176648763,H
2025-10-05,La Liga,Espanol,Betis,0.2879133462747838,0.2755778774686138,0.43650877625660234,A
2025-10-05,Bundesliga,Hamburg,Mainz,0.2418432237430766,0.2874980517272966,0.47065872452962676,H
2025-10-05,Ligue 1,Strasbourg,Angers,0.6499062818778856,0.23197938084169792,0.11811433728041644,H
2025-10-05,Bundesliga,Stuttgart,Heidenheim,0.6459182978669883,0.2243024437178053,0.12977925841520635,H
2025-10-05,La Liga,Celta,Ath Madrid,0.22229455733802553,0.23162822881037487,0.5460772138515997,D
2025-10-05,Ligue 1,Monaco,Nice,0.5622390581621429,0.22397432238766435,0.21378661945019276,D
2025-10-05,Ligue 1,Le Havre,Rennes,0.34930924681168035,0.2670717806642097,0.38361897252411,D
2025-10-05,Ligue 1,Lyon,Toulouse,0.6098557142378564,0.22754616352943172,0.16259812223271175,A
2025-10-05,Serie A,Juventus,Milan,0.49111024403072967,0.25014159907182243,0.2587481568974479,D
2025-10-05,La Liga,Sociedad,Vallecano,0.4320157079789431,0.26572942886103235,0.30225486316002464,A
2025-10-05,Ligue 1,Lille,Paris SG,0.25015813003582527,0.21758591922130513,0.5322559507428697,D
2025-10-05,Premier League,Newcastle,Nott'm Forest,0.5743523193151703,0.22295442715575764,0.2026932535290721,H
2025-10-05,Premier League,Wolves,Brighton,0.26587859846165035,0.2418325724271908,0.4922888291111589,D
2025-10-05,Premier League,Brentford,Man City,0.1991302756027755,0.21786549479161157,0.5830042296056128,A
2025-10-05,Serie A,Bologna,Pisa,0.606450596657266,0.23596186405979597,0.15758753928293806,H
2025-10-05,Serie A,Napoli,Genoa,0.7287168059732451,0.1834582085494577,0.08782498547729722,H
2025-10-05,Premier League,Everton,Crystal Palace,0.3633433146791422,0.27443535901480853,0.36222132630604925,H
2025-10-17,Ligue 1,Paris SG,Strasbourg,0.706800217060248,0.17693355745245842,0.11626622548729357,D
2025-10-17,Bundesliga,Union Berlin,M'gladbach,0.48272765524094086,0.2570951825580882,0.260177162200971,H
2025-10-17,La Liga,Oviedo,Espanol,0.38955799397563956,0.2826826694079249,0.3277593366164354,A
2025-10-18,Bundesliga,Heidenheim,Werder Bremen,0.29244404595436846,0.26418234301396876,0.44337361103166273,D
2025-10-18,La Liga,Sevilla,Mallorca,0.4855804423453188,0.2767053019903398,0.23771425566434135,A
2025-10-18,Serie A,Torino,Napoli,0.20699265082469356,0.2267476033858778,0.5662597457894287,H
2025-10-18,Bundesliga,Bayern Munich,Dortmund,0.6852162599644466,0.1852950746561561,0.12948866537939724,H
2025-10-18,Bundesliga,Wolfsburg,Stuttgart,0.3305930340468925,0.2671905276641955,0.40221643828891196,A
2025-10-18,La Liga,Villarreal,Betis,0.47548063810633195,0.26390628583068704,0.2606130760629811,D
2025-10-18,Premier League,Brighton,Newcastle,0.4256327130962173,0.26435395674394196,0.3100133301598407,H
2025-10-18,Bundesliga,RB Leipzig,Hamburg,0.6935147017469886,0.2115768611806657,0.09490843707234574,H
2025-10-18,Premier League,Burnley,Leeds,0.3395481365748521,0.2977561883545299,0.3626956750706181,H
2025-10-18,Serie A,Lecce,Sassuolo,0.39207493862522197,0.3004951644705521,0.307429896904226,D
2025-10-18,La Liga,Barcelona,Girona,0.8218135014862562,0.1318942276536762,0.04629227086006763,H
2025-10-18,Premier League,Man City,Everton,0.7040674951908087,0.1822562747528707,0.11367623005632058,H
2025-10-18,Bundesliga,Mainz,Leverkusen,0.1921771909764238,0.22092064469436323,0.586902164329213,A
2025-10-18,Serie A,Roma,Inter,0.34232370792827077,0.2350825170769211,0.42259377499480816,A
2025-10-18,Ligue 1,Nice,Lyon,0.4133279872852434,0.2569396901363828,0.3297323225783738,H
2025-10-18,Ligue 1,Marseille,Le Havre,0.6911676477667089,0.208713725900448,0.10011862633284312,H
2025-10-18,Ligue 1,Angers,Monaco,0.14329110992142283,0.21414952698495426,0.6425593630936228,D
2025-10-18,Premier League,Fulham,Arsenal,0.1723814674967362,0.22295060754236387,0.6046679249608998,A
2025-10-18,La Liga,Ath Madrid,Osasuna,0.6583333688201378,0.21019791114243172,0.13146872003743057,H
2025-10-18,Bundesliga,FC Koln,Augsburg,0.4557643613582551,0.25613005320942667,0.28810558543231823,D
2025-10-18,Premier League,Crystal Palace,Bournemouth,0.48837543070545014,0.2650832581978809,0.2465413110966689,D
2025-10-18,Serie A,Pisa,Verona,0.4727928513058593,0.26842279763940985,0.2587843510547308,D
2025-10-18,Premier League,Sunderland,Wolves,0.32565333511991235,0.29743375602870464,0.376912908851383,H
2025-10-18,Premier League,Nott'm Forest,Chelsea,0.2658717226188594,0.2418929453140478,0.49223533206709275,A
2025-10-19,Ligue 1,Nantes,Lille,0.20989436812401102,0.23801684615263854,0.5520887857233505,A
2025-10-19,Bundesliga,Freiburg,Ein Frankfurt,0.4138407259584249,0.23074512671013273,0.3554141473314423,D
2025-10-19,Ligue 1,Toulouse,Metz,0.6405409129836716,0.22139155420324602,0.13806753281308246,H
2025-10-19,La Liga,Elche,Ath Bilbao,0.22658413581829182,0.25614871742368345,0.5172671467580248,D
2025-10-19,Bundesliga,St Pauli,Hoffenheim,0.4217039428034888,0.2699261590834365,0.3083698981130747,A
2025-10-19,Serie A,Atalanta,Lazio,0.5176026162119013,0.23416306439100312,0.24823431939709562,D
2025-10-19,Ligue 1,Lorient,Brest,0.24034394027638814,0.28655820904475204,0.47309785067885984,D
2025-10-19,Premier League,Tottenham,Aston Villa,0.3452903191980622,0.25708957962248585,0.3976201011794519,A
2025-10-19,La Liga,Getafe,Real Madrid,0.11066511409923384,0.17512961240269992,0.7142052734980663,A
2025-10-19,La Liga,Levante,Vallecano,0.411251569866038,0.2738998341713442,0.3148485959626177,A
2025-10-19,Serie A,Como,Juventus,0.2590690368219503,0.23774656652867399,0.5031843966493756,H
2025-10-19,Serie A,Cagliari,Bologna,0.22246852026852884,0.2637783029868511,0.5137531767446201,A
2025-10-19,La Liga,Celta,Sociedad,0.48144384532666745,0.2563510423376548,0.2622051123356778,D
2025-10-19,Serie A,Milan,Fiorentina,0.5680176539672982,0.23247822993983214,0.1995041160928697,H
2025-10-19,Ligue 1,Lens,Paris FC,0.5962543619796894,0.2412922261319736,0.16245341188833695,H
2025-10-19,Ligue 1,Rennes,Auxerre,0.535861859203795,0.25168974654901827,0.21244839424718667,D
2025-10-19,Serie A,Genoa,Parma,0.5025360888489335,0.2733627479977832,0.22410116315328324,D
2025-10-19,Premier League,Liverpool,Man United,0.7248650630085975,0.1793601517074206,0.09577478528398191,A
2025-10-20,Serie A,Cremonese,Udinese,0.42473013631890844,0.2818306513708975,0.293439212310194,D
2025-10-20,La Liga,Alaves,Valencia,0.46145621846959617,0.25499672715307325,0.2835470543773306,D
2025-10-20,Premier League,West Ham,Brentford,0.34259002700650415,0.2615506364619623,0.39585933653153366,A
2025-10-24,Ligue 1,Paris FC,Nantes,0.4756378836715737,0.2721203855360608,0.2522417307923654,A
2025-10-24,Premier League,Leeds,West Ham,0.4161569288481137,0.2655871472438371,0.31825592390804924,H
2025-10-24,La Liga,Sociedad,Sevilla,0.4325816740983901,0.2810901593413784,0.28632816656023163,H
2025-10-24,Serie A,Milan,Pisa,0.7092498576733404,0.19647720625415332,0.09427293607250631,D
2025-10-24,Bundesliga,Werder Bremen,Union Berlin,0.4785639499235057,0.2634848040369683,0.257951246039526,H
2025-10-25,Bundesliga,Hamburg,Wolfsburg,0.3826003504192735,0.27607932196416285,0.34132032761656356,A
2025-10-25,La Liga,Girona,Oviedo,0.4499624905337839,0.27947283438622245,0.2705646750799936,D
2025-10-25,Bundesliga,M'gladbach,Bayern Munich,0.06539039268497125,0.16005731088461256,0.774552296430416,A
2025-10-25,Bundesliga,Ein Frankfurt,St Pauli,0.6695732539332806,0.2031747887956076,0.12725195727111174,H
2025-10-25,Bundesliga,Dortmund,FC Koln,0.6754452355632362,0.20600700383049786,0.11854776060626591,H
2025-10-25,Serie A,Cremonese,Atalanta,0.16388347328629987,0.23342001533755305,0.6026965113761471,D
2025-10-25,Ligue 1,Lens,Marseille,0.3383027609017858,0.2762869434501192,0.38541029564809487,H
2025-10-25,Ligue 1,Monaco,Toulouse,0.5810025560188292,0.2344545170250235,0.1845429269561473,H
2025-10-25,Premier League,Brentford,Liverpool,0.2375403829999617,0.2170113114200441,0.5454483055799944,H
2025-10-25,La Liga,Valencia,Villarreal,0.2870378161736682,0.24328699153074373,0.469675192295588,A
2025-10-25,La Liga,Ath Bilbao,Getafe,0.6292287434044528,0.22295853297675972,0.1478127236187874,A
2025-10-25,La Liga,Espanol,Elche,0.5087168529170618,0.27597114453503263,0.21531200254790556,H
2025-10-25,Premier League,Chelsea,Sunderland,0.7320385030179173,0.19364634965504796,0.07431514732703468,A
2025-10-25,Premier League,Man United,Brighton,0.3457555991718195,0.274298708777809,0.37994569205037154,H
2025-10-25,Bundesliga,Hoffenheim,Heidenheim,0.5351388513638607,0.2625214811157546,0.20233966752038463,H
2025-10-25,Premier League,Newcastle,Fulham,0.5615372860422224,0.2364516021699482,0.20201111178782935,H
2025-10-25,Serie A,Napoli,Inter,0.3744324156442585,0.22883292958216228,0.39673465477357917,H
2025-10-25,Serie A,Udinese,Lecce,0.48332845630290905,0.27925579487127405,0.2374157488258169,H
2025-10-25,Ligue 1,Brest,Paris SG,0.18209945865637317,0.1967547951882508,0.6211457461553761,A
2025-10-25,Bundesliga,Augsburg,RB Leipzig,0.26387525109360843,0.26280869807196167,0.47331605083442996,A
2025-10-25,Serie A,Parma,Como,0.2540740326698296,0.2826943898640436,0.46323157746612686,D
2025-10-26,Ligue 1,Auxerre,Le Havre,0.48852673114688994,0.26229086299037396,0.2491824058627362,A
2025-10-26,Serie A,Torino,Genoa,0.5007919490260897,0.2653387320688524,0.23386931890505783,H
2025-10-26,Bundesliga,Leverkusen,Freiburg,0.6405254921559606,0.22304693582705767,0.1364275720169818,H
2025-10-26,Ligue 1,Lyon,Strasbourg,0.42898639619758316,0.2568334522314529,0.3141801515709639,H
2025-10-26,Serie A,Verona,Cagliari,0.4177083723564685,0.28804914412034555,0.29424248352318594,D
2025-10-26,Premier League,Wolves,Burnley,0.5036771088883881,0.27087061558278236,0.22545227552882957,A
2025-10-26,La Liga,Mallorca,Levante,0.46779696554140804,0.2797630256063396,0.25244000885225226,D
2025-10-26,Premier League,Everton,Tottenham,0.4710993144503425,0.2692279458496563,0.2596727397000012,A
2025-10-26,Serie A,Lazio,Juventus,0.3783423283680927,0.2254270831914232,0.3962305884404842,H
2025-10-26,Premier League,Aston Villa,Man City,0.2711006603732448,0.2543947885717153,0.47450455105503986,H
2025-10-26,Serie A,Sassuolo,Roma,0.1813267038744544,0.246692257663116,0.5719810384624296,A
2025-10-26,Serie A,Fiorentina,Bologna,0.34523618804080963,0.25064975107857135,0.404114060880619,D
2025-10-26,Ligue 1,Angers,Lorient,0.3709316522165085,0.284993610501306,0.3440747372821856,H
2025-10-26,Bundesliga,Stuttgart,Mainz,0.5679615944659412,0.2344871811808207,0.19755122435323808,H
2025-10-26,Premier League,Arsenal,Crystal Palace,0.6583949031111146,0.20252376697830685,0.1390813299105787,H
2025-10-26,La Liga,Real Madrid,Barcelona,0.5147419249899539,0.21466539626138773,0.2705926787486584,H
2025-10-26,Ligue 1,Rennes,Nice,0.38531937652591025,0.2458981384072536,0.3687824850668362,A
2025-10-26,Ligue 1,Lille,Metz,0.7778449784469695,0.15948468745557082,0.06267033409745969,H
2025-10-26,Premier League,Bournemouth,Nott'm Forest,0.5793550128151987,0.22535692366818114,0.19528806351662015,H
2025-10-26,La Liga,Vallecano,Alaves,0.47303203078499406,0.2741572940247244,0.2528106751902815,H
2025-10-26,La Liga,Osasuna,Celta,0.4363702661781681,0.27243389079568564,0.29119584302614643,A
2025-10-27,La Liga,Betis,Ath Madrid,0.36328004983676865,0.25302041086353394,0.38369953929969747,A
2025-10-28,Serie A,Lecce,Napoli,0.13639742848192327,0.19642054916095245,0.6671820223571243,A
2025-10-28,Serie A,Atalanta,Milan,0.4490165898128817,0.24012043459285215,0.3108629755942661,D
2025-10-29,Ligue 1,Paris FC,Lyon,0.2762838760306983,0.24565118729689972,0.478064936672402,D
2025-10-29,Ligue 1,Toulouse,Rennes,0.45698572611418636,0.256091573834387,0.2869227000514266,D
2025-10-29,Serie A,Bologna,Torino,0.6183759943071395,0.21393366707616812,0.16769033861669244,D
2025-10-29,Ligue 1,Metz,Lens,0.12085555950539484,0.2473601371021164,0.6317843033924888,H
2025-10-29,Serie A,Roma,Parma,0.7132244984697448,0.20988894969963165,0.07688655183062358,H
2025-10-29,Serie A,Genoa,Cremonese,0.44359586140874563,0.2708159801115834,0.28558815847967084,A
2025-10-29,Ligue 1,Marseille,Angers,0.7637220531230816,0.16727386735495395,0.06900407952196447,D
2025-10-29,Serie A,Como,Verona,0.5756993452279203,0.25448002002653725,0.16982063474554251,H
2025-10-29,Ligue 1,Strasbourg,Auxerre,0.6587687565223288,0.2062380600589599,0.13499318341871128,H
2025-10-29,Ligue 1,Nantes,Monaco,0.22374607872866437,0.23853705296548208,0.5377168683058535,A
2025-10-29,Ligue 1,Le Havre,Brest,0.29682259768308283,0.28079513637674686,0.42238226594017025,H
2025-10-29,Ligue 1,Nice,Lille,0.370644074529721,0.25593186819159397,0.37342405727868505,H
2025-10-29,Serie A,Juventus,Udinese,0.6852350680422772,0.18951354997736347,0.1252513819803594,H
2025-10-29,Serie A,Inter,Fiorentina,0.6723713975968891,0.19472101649690193,0.13290758590620882,H
2025-10-29,Ligue 1,Lorient,Paris SG,0.07792741466428613,0.15512218990961663,0.7669503954260973,D
2025-10-30,Serie A,Cagliari,Sassuolo,0.4145039938925791,0.3023562990385275,0.28313970706889335,A
2025-10-30,Serie A,Pisa,Lazio,0.22611080816938747,0.2544139547575291,0.5194752370730834,D
2025-10-31,La Liga,Getafe,Girona,0.4422118126043253,0.28111519730624585,0.27667299008942875,H
2025-10-31,Bundesliga,Augsburg,Dortmund,0.19546720810894758,0.2552576095577086,0.5492751823333438,A
2025-11-01,Premier League,Fulham,Wolves,0.5559104605799601,0.2428598050450986,0.2012297343749413,H
2025-11-01,Bundesliga,Bayern Munich,Leverkusen,0.6222502414294303,0.19403972513732573,0.1837100334332439,H
2025-11-01,La Liga,Real Madrid,Valencia,0.7868044854167846,0.15192233006618514,0.0612731845170302,H
2025-11-01,Bundesliga,St Pauli,M'gladbach,0.411185169524645,0.26168743624386,0.32712739423149495,A
2025-11-01,Bundesliga,Mainz,Werder Bremen,0.45332929207055794,0.25109360969541517,0.2955770982340269,D
2025-11-01,Serie A,Cremonese,Juventus,0.19902925148624193,0.2320683003068441,0.568902448206914,A
2025-11-01,Ligue 1,Paris SG,Nice,0.6930406088932726,0.18100640997196996,0.12595298113475742,H
2025-11-01,Serie A,Udinese,Atalanta,0.2211407936032133,0.2430635261196809,0.5357956802771058,H
2025-11-01,Premier League,Liverpool,Aston Villa,0.58052289493782,0.21648736967467247,0.20298973538750748,H
2025-11-01,Bundesliga,RB Leipzig,Stuttgart,0.5417831231649105,0.25160061102158,0.20661626581350948,H
2025-11-01,Ligue 1,Auxerre,Marseille,0.17836597758654338,0.22859274643776037,0.5930412759756963,A
2025-11-01,Premier League,Burnley,Arsenal,0.09597817855179487,0.19563871316874723,0.7083831082794577,A
2025-11-01,Premier League,Tottenham,Chelsea,0.31755576236042293,0.24557400314856365,0.43687023449101353,A
2025-11-01,Serie A,Napoli,Como,0.6299243269195414,0.2245298138238378,0.14554585925662075,D
2025-11-01,Premier League,Crystal Palace,Brentford,0.4913908609170567,0.2524650069398105,0.25614413214313275,H
2025-11-01,La Liga,Ath Madrid,Sevilla,0.7093125373749798,0.1949327771523064,0.0957546854727138,H
2025-11-01,La Liga,Villarreal,Vallecano,0.5963612396071429,0.24550100700821176,0.15813775338464522,H
2025-11-01,La Liga,Sociedad,Ath Bilbao,0.29671547289203737,0.27228656981741545,0.4309979572905472,H
2025-11-01,Ligue 1,Monaco,Paris FC,0.6559385007158759,0.21245449961763618,0.13160699966648778,A
2025-11-01,Premier League,Brighton,Leeds,0.6469606557899085,0.22442439261456285,0.12861495159552863,H
2025-11-01,Bundesliga,Heidenheim,Ein Frankfurt,0.2105514448949917,0.22642585730218975,0.5630226978028186,D
2025-11-01,Premier League,Nott'm Forest,Man United,0.35364583192535554,0.27240874066293175,0.3739454274117127,D
2025-11-01,Bundesliga,Union Berlin,Freiburg,0.3525802647908867,0.27930553550272164,0.36811419970639153,D
2025-11-02,La Liga,Betis,Mallorca,0.5885509422032953,0.2517401435646337,0.159708914232071,H
2025-11-02,Serie A,Torino,Pisa,0.5501389098198887,0.2574187133267891,0.19244237685332216,D
2025-11-02,Ligue 1,Nantes,Metz,0.6035152439851786,0.2361402263493148,0.16034452966550652,A
2025-11-02,La Liga,Levante,Celta,0.3292888260351409,0.2863079301884389,0.3844032437764202,A
2025-11-02,Premier League,Man City,Bournemouth,0.6417240626509068,0.2068122612271845,0.15146367612190875,H
2025-11-02,Premier League,West Ham,Newcastle,0.23037799597589495,0.24702769187192655,0.5225943121521784,H
2025-11-02,Ligue 1,Lens,Lorient,0.6289151582836036,0.23491490557957828,0.13616993613681813,H
2025-11-02,La Liga,Barcelona,Elche,0.7869870514440653,0.15862466824782073,0.05438828030811381,H
2025-11-02,Ligue 1,Rennes,Strasbourg,0.2947548884092535,0.2495187084928453,0.45572640309790124,H
2025-11-02,Serie A,Milan,Roma,0.4362981455678136,0.2517454526289283,0.311956401803258,H
2025-11-02,Ligue 1,Lille,Angers,0.7518702649012498,0.167672503037137,0.08045723206161325,H
2025-11-02,Serie A,Fiorentina,Lecce,0.6045437307269088,0.23855852138105677,0.15689774789203445,A
2025-11-02,Bundesliga,Wolfsburg,Hoffenheim,0.3839446764212274,0.28582510754179663,0.330230216036976,A
2025-11-02,Serie A,Parma,Bologna,0.17153957609809575,0.24412638547987975,0.5843340384220245,A
2025-11-02,Ligue 1,Brest,Lyon,0.3276053802632762,0.24600468147524399,0.42638993826147986,D
2025-11-02,Serie A,Verona,Inter,0.0947572260872923,0.17690795731397252,0.7283348165987352,A
2025-11-02,Ligue 1,Toulouse,Le Havre,0.5689933746876624,0.24414250634263537,0.18686411896970218,D
2025-11-02,La Liga,Alaves,Espanol,0.395863236459081,0.2880232422433663,0.3161135212975526,H
2025-11-02,Bundesliga,FC Koln,Hamburg,0.45993333567971373,0.2980357377485571,0.24203092657172912,H
2025-11-03,Serie A,Sassuolo,Genoa,0.44927832156188696,0.28027697975269417,0.27044469868541876,A
2025-11-03,Serie A,Lazio,Cagliari,0.6744716226102239,0.20634065775725197,0.11918771963252421,H
2025-11-03,Premier League,Sunderland,Everton,0.2934705840639037,0.27869718641348606,0.42783222952261035,D
2025-11-03,La Liga,Oviedo,Osasuna,0.3600483418841951,0.2777408182646915,0.3622108398511134,D
2025-11-07,Ligue 1,Paris FC,Rennes,0.3723405511088753,0.26796622405281845,0.35969322483830624,A
2025-11-07,Serie A,Pisa,Cremonese,0.4305792103590241,0.27849452959036985,0.2909262600506062,H
2025-11-07,Bundesliga,Werder Bremen,Wolfsburg,0.5309382068718276,0.2592998652248697,0.2097619279033027,H
2025-11-07,La Liga,Elche,Sociedad,0.33176809015595826,0.2862609113407603,0.3819709985032814,D
2025-11-08,Serie A,Parma,Milan,0.14847839359579354,0.2162212265717446,0.6353003798324618,D
2025-11-08,Ligue 1,Marseille,Brest,0.6397344602847358,0.2056277206284483,0.1546378190868158,H
2025-11-08,Bundesliga,Hoffenheim,RB Leipzig,0.2478552269799007,0.2658013383205829,0.4863434346995163,H
2025-11-08,La Liga,Ath Madrid,Levante,0.7552984043466061,0.17377952854001671,0.07092206711337726,H
2025-11-08,La Liga,Espanol,Villarreal,0.2220950345631397,0.24911755733649493,0.5287874081003654,A
2025-11-08,La Liga,Sevilla,Osasuna,0.38577231332984463,0.28034477031588567,0.33388291635426975,H
2025-11-08,Serie A,Como,Cagliari,0.6113611834445521,0.23292070814111845,0.15571810841432926,D
2025-11-08,Premier League,Sunderland,Arsenal,0.1013274055984276,0.20930799823548202,0.6893645961660905,D
2025-11-08,Bundesliga,M'gladbach,FC Koln,0.4187177175150508,0.2841681347549541,0.29711414772999495,H
2025-11-08,Premier League,West Ham,Burnley,0.5411029397469387,0.25758674020362465,0.2013103200494367,H
2025-11-08,Ligue 1,Monaco,Lens,0.5017122669863258,0.2466598547048698,0.2516278783088044,A
2025-11-08,Serie A,Juventus,Torino,0.6204058881927554,0.22307598542968338,0.15651812637756124,D
2025-11-08,Premier League,Chelsea,Wolves,0.7124196368590046,0.19146634691532902,0.09611401622566644,H
2025-11-08,Serie A,Lecce,Verona,0.42676716885201776,0.290146341077567,0.28308649007041514,D
2025-11-08,Bundesliga,Union Berlin,Bayern Munich,0.08856784198575561,0.17796449266544573,0.7334676653487986,D
2025-11-08,Ligue 1,Le Havre,Nantes,0.4576251984152045,0.282742261036316,0.2596325405484794,D
2025-11-08,Bundesliga,Hamburg,Dortmund,0.15872020605693557,0.2265318627562875,0.614747931186777,D
2025-11-08,Premier League,Tottenham,Man United,0.3934151735743432,0.2643278166269725,0.34225700979868434,D
2025-11-08,Premier League,Everton,Fulham,0.43436709040810273,0.26270251151877355,0.3029303980731236,H
2025-11-08,Bundesliga,Leverkusen,Heidenheim,0.7728293732380691,0.16839403746617007,0.05877658929576078,H
2025-11-08,La Liga,Girona,Alaves,0.39351427212441903,0.2913890046014046,0.31509672327417637,H
2025-11-09,Ligue 1,Strasbourg,Lille,0.39656728027974814,0.24590348202892537,0.3575292376913265,H
2025-11-09,Bundesliga,Stuttgart,Augsburg,0.6325289898658676,0.22553727690029152,0.14193373323384081,H
2025-11-09,La Liga,Ath Bilbao,Oviedo,0.6198441836366462,0.22638173182566096,0.1537740845376928,H
2025-11-09,Premier League,Man City,Liverpool,0.4908919468695765,0.2089500613125111,0.30015799181791253,H
2025-11-09,Premier League,Brentford,Newcastle,0.3930244873496546,0.2578166241553775,0.34915888849496796,H
2025-11-09,Bundesliga,Ein Frankfurt,Mainz,0.61019798265402,0.21109836509754973,0.1787036522484302,H
2025-11-09,Serie A,Atalanta,Sassuolo,0.678371594512651,0.2099783487410525,0.11165005674629658,A
2025-11-09,Serie A,Inter,Lazio,0.6419824499209867,0.21075044787168773,0.14726710220732558,H
2025-11-09,Ligue 1,Metz,Nice,0.1562321070188499,0.2561799084543208,0.5875879845268293,H
2025-11-09,Ligue 1,Angers,Auxerre,0.3815616651570828,0.2869384725945857,0.33149986224833144,H
2025-11-09,La Liga,Vallecano,Real Madrid,0.13092173013975167,0.1974236511846483,0.6716546186756002,D
2025-11-09,Bundesliga,Freiburg,St Pauli,0.6343027571918848,0.21354992185585484,0.15214732095226047,H
2025-11-09,La Liga,Mallorca,Getafe,0.4028852443463871,0.29738745977574166,0.2997272958778712,H
2025-11-09,Serie A,Genoa,Fiorentina,0.33175209890096635,0.2526528063595681,0.4155950947394656,D
2025-11-09,Premier League,Crystal Palace,Brighton,0.4531852628213547,0.2509411519332606,0.2958735852453847,D
2025-11-09,La Liga,Celta,Barcelona,0.19581419743557965,0.20793183398300422,0.5962539685814162,A
2025-11-09,Ligue 1,Lorient,Toulouse,0.29001741358399696,0.2905809664566652,0.41940161995933783,D
2025-11-09,Ligue 1,Lyon,Paris SG,0.23657625714885389,0.2073857528090652,0.5560379900420809,A
2025-11-09,Serie A,Bologna,Napoli,0.38803400075458894,0.24301644641770823,0.36894955282770286,H
2025-11-09,Serie A,Roma,Udinese,0.6643068953895941,0.21410054372587486,0.12159256088453103,H
2025-11-09,Premier League,Nott'm Forest,Leeds,0.538091873448844,0.253300845695081,0.208607280856075,H
2025-11-09,La Liga,Valencia,Betis,0.26771623643112363,0.2654974371744441,0.4667863263944323,D
2025-11-09,Premier League,Aston Villa,Bournemouth,0.4966209927989999,0.2558354368508854,0.24754357035011468,H
2025-11-21,Bundesliga,Mainz,Hoffenheim,0.38264617561105246,0.28162900413967584,0.3357248202492717,D
2025-11-21,La Liga,Valencia,Levante,0.4847136970361872,0.27065069422991533,0.24463560873389745,H
2025-11-21,Ligue 1,Nice,Marseille,0.3491946911260834,0.25821197593364553,0.3925933329402711,A
2025-11-22,Serie A,Cagliari,Genoa,0.3872442437346109,0.2805309783589182,0.3322247779064708,D
2025-11-22,Premier League,Wolves,Crystal Palace,0.19387655909541932,0.24538355779264384,0.5607398831119368,A
2025-11-22,Bundesliga,Augsburg,Hamburg,0.45559194844000317,0.28944306782615703,0.2549649837338399,H
2025-11-22,Premier League,Fulham,Sunderland,0.552173404472356,0.25884377013683224,0.18898282539081168,H
2025-11-22,Bundesliga,Dortmund,Stuttgart,0.5336822090197219,0.24417270191799723,0.222145089062281,D
2025-11-22,Bundesliga,Bayern Munich,Freiburg,0.7716208622828398,0.1549213916862546,0.07345774603090567,H
2025-11-22,La Liga,Barcelona,Ath Bilbao,0.6776602907070728,0.19553739499222358,0.12680231430070374,H
2025-11-22,Premier League,Burnley,Chelsea,0.15151911526262954,0.24001058470558587,0.6084703000317846,A
2025-11-22,La Liga,Villarreal,Mallorca,0.7128794753513763,0.1896805967989483,0.09743992784967537,H
2025-11-22,Bundesliga,Wolfsburg,Leverkusen,0.1252863931039044,0.1993401753698844,0.6753734315262112,A
2025-11-22,Premier League,Brighton,Brentford,0.5009063777361485,0.2527412613968811,0.2463523608669704,H
2025-11-22,Premier League,Bournemouth,West Ham,0.5745717888179522,0.24377772952727272,0.18165048165477507,D
2025-11-22,Premier League,Liverpool,Nott'm Forest,0.7196361966108845,0.17182697768526964,0.10853682570384575,A
2025-11-22,Serie A,Udinese,Bologna,0.2342230200030454,0.26866131294119466,0.49711566705575994,A
2025-11-22,Ligue 1,Lens,Strasbourg,0.4989292691769995,0.24242109502243886,0.25864963580056166,H
2025-11-22,La Liga,Alaves,Celta,0.3873642534413066,0.27474238279719276,0.3378933637615006,A
2025-11-22,Premier League,Newcastle,Man City,0.243828268890988,0.24139576373142446,0.5147759673775876,H
2025-11-22,Ligue 1,Paris SG,Le Havre,0.8330594724633309,0.12733764395993613,0.039602883576732986,H
2025-11-22,La Liga,Osasuna,Sociedad,0.4267133454276142,0.27591905344414075,0.2973676011282451,A
2025-11-22,Bundesliga,Heidenheim,M'gladbach,0.3167867864209382,0.2959092930951078,0.3873039204839539,A
2025-11-22,Serie A,Fiorentina,Juventus,0.2913964101060038,0.23646281855489923,0.4721407713390969,D
2025-11-22,Bundesliga,FC Koln,Ein Frankfurt,0.28673372090418425,0.2628863567116035,0.4503799223842122,A
2025-11-22,Serie A,Napoli,Atalanta,0.5498035059935855,0.2242627337076492,0.22593376029876536,H
2025-11-22,Ligue 1,Rennes,Monaco,0.3744152288375181,0.24391114023039695,0.38167363093208495,H
2025-11-23,Premier League,Leeds,Aston Villa,0.1701695545257382,0.24722718147979092,0.5826032639944708,A
2025-11-23,La Liga,Betis,Girona,0.6191668460864757,0.23102043061950914,0.14981272329401518,D
2025-11-23,Ligue 1,Brest,Metz,0.6186161027870625,0.2319710295360331,0.1494128676769044,H
2025-11-23,Serie A,Lazio,Lecce,0.6340762426466579,0.23847387363603068,0.12744988371731159,H
2025-11-23,Serie A,Verona,Parma,0.43477449346585745,0.2828008749344624,0.28242463159968023,A
2025-11-23,Serie A,Cremonese,Roma,0.18759430191974094,0.23152567531333382,0.5808800227669253,A
2025-11-23,Ligue 1,Toulouse,Angers,0.5496418783051973,0.26345381499924936,0.18690430669555336,A
2025-11-23,Ligue 1,Auxerre,Lyon,0.20374170339698291,0.22644286805784292,0.5698154285451741,D
2025-11-23,Premier League,Arsenal,Tottenham,0.7139035772370073,0.19305738992445318,0.09303903283853955,H
2025-11-23,Ligue 1,Nantes,Lorient,0.4549431152858589,0.2741439998426283,0.2709128848715127,D
2025-11-23,La Liga,Getafe,Ath Madrid,0.16991477580597908,0.24205585330325954,0.5880293708907615,A
2025-11-23,Serie A,Inter,Milan,0.5881645208162947,0.2162026550013818,0.1956328241823235,A
2025-11-23,Bundesliga,RB Leipzig,Werder Bremen,0.6131876661044032,0.22492195724068972,0.16189037665490708,H
2025-11-23,Bundesliga,St Pauli,Union Berlin,0.2923294998295304,0.2867486069922757,0.42092189317819384,A
2025-11-23,Ligue 1,Lille,Paris FC,0.6461116314603622,0.21428667223011844,0.13960169630951938,H
2025-11-23,La Liga,Elche,Real Madrid,0.0816215109246936,0.1698759428893912,0.7485025461859153,D
2025-11-23,La Liga,Oviedo,Vallecano,0.35324788483199354,0.28755474464738784,0.35919737052061856,D
2025-11-24,La Liga,Espanol,Sevilla,0.44971225039675444,0.2736486365649659,0.2766391130382796,H
2025-11-24,Serie A,Torino,Como,0.39586106429288587,0.29531646001534867,0.3088224756917655,A
2025-11-24,Premier League,Man United,Everton,0.5051322834070584,0.25430052436070516,0.24056719223223644,A
2025-11-24,Serie A,Sassuolo,Pisa,0.4158573347084145,0.2908397738984511,0.2933028913931344,D
2025-11-28,La Liga,Getafe,Elche,0.4463941366389016,0.2872814328956051,0.2663244304654934,H
2025-11-28,Bundesliga,M'gladbach,RB Leipzig,0.2378859597620819,0.2548979823263898,0.5072160579115282,D
2025-11-28,Ligue 1,Metz,Rennes,0.22764991998790715,0.2883442359944182,0.4840058440176745,A
2025-11-28,Serie A,Como,Sassuolo,0.5811308798186031,0.2445650326516847,0.17430408752971221,H
2025-11-29,Ligue 1,Paris FC,Auxerre,0.49964193315457434,0.2644003174294085,0.23595774941601722,D
2025-11-29,La Liga,Mallorca,Osasuna,0.4029230074187795,0.28045063701559014,0.31662635556563046,D
2025-11-29,Bundesliga,Union Berlin,Heidenheim,0.6355783849571338,0.2174854751715816,0.14693613987128454,A
2025-11-29,Serie A,Genoa,Verona,0.5028019495519672,0.26514891869685575,0.23204913175117703,H
2025-11-29,La Liga,Barcelona,Alaves,0.8035828210942222,0.14573725306151575,0.05067992584426208,H
2025-11-29,Serie A,Parma,Udinese,0.41085564742847824,0.2705303081515589,0.31861404441996277,A
2025-11-29,Bundesliga,Leverkusen,Dortmund,0.6022607499898528,0.20620574172574552,0.1915335082844017,A
2025-11-29,Ligue 1,Monaco,Paris SG,0.19590041270206335,0.21887258779451768,0.585226999503419,H
2025-11-29,Serie A,Milan,Lazio,0.5393055526916403,0.2461851805620883,0.21450926674627138,H
2025-11-29,Serie A,Juventus,Cagliari,0.7172190378946872,0.18767798876607614,0.0951029733392367,H
2025-11-29,Bundesliga,Werder Bremen,FC Koln,0.5185755216056382,0.2615922976729416,0.21983218072142025,D
2025-11-29,Premier League,Brentford,Burnley,0.6543949813230151,0.2272436497737624,0.11836136890322257,H
2025-11-29,La Liga,Levante,Ath Bilbao,0.25303145174225133,0.24692182819748845,0.5000467200602603,A
2025-11-29,Premier League,Tottenham,Fulham,0.4249913139360967,0.2688108201090422,0.30619786595486104,A
2025-11-29,Premier League,Everton,Newcastle,0.3911718271451446,0.2540667482937741,0.35476142456108134,A
2025-11-29,Bundesliga,Bayern Munich,St Pauli,0.8891685565563118,0.08745259534130399,0.023378848102384338,H
2025-11-29,La Liga,Ath Madrid,Oviedo,0.7323407568338165,0.19011687585510706,0.07754236731107643,H
2025-11-29,Premier League,Sunderland,Bournemouth,0.28260900075077194,0.25224387618483674,0.4651471230643914,H
2025-11-29,Bundesliga,Hoffenheim,Augsburg,0.5820840853236364,0.23862532593283559,0.17929058874352802,H
2025-11-29,Ligue 1,Marseille,Toulouse,0.6717749474061135,0.20296875831160976,0.1252562942822767,D
2025-11-29,Premier League,Man City,Leeds,0.8246088789707596,0.12932077017947086,0.04607035084976947,H
2025-11-30,La Liga,Sociedad,Villarreal,0.23774407203862138,0.2670166966530041,0.4952392313083745,A
2025-11-30,Ligue 1,Lyon,Nantes,0.6620772538616029,0.20744241371228625,0.1304803324261108,H
2025-11-30,Bundesliga,Ein Frankfurt,Wolfsburg,0.6641371139964823,0.20947268490421384,0.12639020109930388,D
2025-11-30,Serie A,Pisa,Inter,0.14673145383633232,0.20217906890151705,0.6510894772621507,A
2025-11-30,Serie A,Atalanta,Fiorentina,0.5263264602787641,0.23034882474862467,0.24332471497261124,H
2025-11-30,La Liga,Celta,Espanol,0.4893210639985289,0.28533033057380536,0.22534860542766583,A
2025-11-30,Premier League,Nott'm Forest,Brighton,0.35377138213536413,0.2652624839521799,0.38096613391245593,A
2025-11-30,La Liga,Girona,Real Madrid,0.1118120425340558,0.18573297228955865,0.7024549851763855,D
2025-11-30,Bundesliga,Hamburg,Stuttgart,0.19309601434796902,0.23379971845389752,0.5731042671981333,H
2025-11-30,Ligue 1,Le Havre,Lille,0.19531023409005388,0.25232381108841356,0.5523659548215325,A
2025-11-30,Bundesliga,Freiburg,Mainz,0.47990725948506985,0.26048294366322733,0.2596097968517029,H
2025-11-30,Serie A,Roma,Napoli,0.43853411647917834,0.24826255836562078,0.3132033251552009,A
2025-11-30,Ligue 1,Lorient,Nice,0.25504046650609213,0.24914246890002636,0.4958170645938814,H
2025-11-30,Ligue 1,Angers,Lens,0.20877786646210533,0.2646515923054222,0.5265705412324725,A
2025-11-30,Serie A,Lecce,Torino,0.31974366128385395,0.27115452280695096,0.40910181590919503,H
2025-11-30,La Liga,Sevilla,Betis,0.2542902133785203,0.26150379054562733,0.48420599607585246,A
2025-11-30,Ligue 1,Strasbourg,Brest,0.5597566243150105,0.22864973629340135,0.21159363939158812,A
2025-11-30,Premier League,West Ham,Liverpool,0.20881490065809152,0.20837639218437326,0.5828087071575353,A
2025-11-30,Premier League,Chelsea,Arsenal,0.33171772470463734,0.24299542149179654,0.4252868538035661,D
2025-11-30,Premier League,Aston Villa,Wolves,0.752002945577169,0.17090871216569492,0.07708834225713615,H
2025-11-30,Premier League,Crystal Palace,Man United,0.5247486419818866,0.24335985538508756,0.2318915026330258,A
2025-12-01,La Liga,Vallecano,Valencia,0.4874942453773795,0.27317129845991206,0.23933445616270854,D
2025-12-01,Serie A,Bologna,Cremonese,0.6988266168624475,0.19755192188250834,0.10362146125504412,A
2025-12-02,Premier League,Bournemouth,Everton,0.4746766826028248,0.2520306468375407,0.27329267055963447,A
2025-12-02,Premier League,Newcastle,Tottenham,0.5932924766147715,0.23114148026972714,0.1755660431155014,D
2025-12-02,Premier League,Fulham,Man City,0.1988512701310031,0.22630471110945227,0.5748440187595446,A
2025-12-02,La Liga,Barcelona,Ath Madrid,0.5831914727913198,0.2183977378999972,0.19841078930868303,H
2025-12-03,Premier League,Brighton,Aston Villa,0.42009259388105397,0.26316296338938877,0.31674444272955715,A
2025-12-03,Premier League,Arsenal,Brentford,0.710716712724647,0.18030613526737732,0.10897715200797571,H
2025-12-03,Premier League,Wolves,Nott'm Forest,0.2614109398559934,0.27542996421536914,0.46315909592863747,A
2025-12-03,La Liga,Ath Bilbao,Real Madrid,0.20043786055042942,0.22122494499314735,0.5783371944564233,A
2025-12-03,Premier League,Burnley,Crystal Palace,0.17745515200756273,0.2566859494997096,0.5658588984927277,A
2025-12-03,Premier League,Liverpool,Sunderland,0.7415239281327185,0.18150909107080127,0.0769669807964803,D
2025-12-03,Premier League,Leeds,Chelsea,0.1519595582378852,0.23580614892453036,0.6122342928375845,H
2025-12-04,Premier League,Man United,West Ham,0.5734516041845089,0.24083632020791682,0.18571207560757433,D
2025-12-05,Ligue 1,Lille,Marseille,0.37626867568808986,0.2646426846332731,0.3590886396786369,H
2025-12-05,Ligue 1,Brest,Monaco,0.36240740834044693,0.24401962789297255,0.3935729637665804,H
2025-12-05,La Liga,Oviedo,Mallorca,0.410079616973364,0.2774169463235192,0.3125034367031168,D
2025-12-05,Bundesliga,Mainz,M'gladbach,0.38784261016934635,0.2936509286151635,0.3185064612154902,A
2025-12-06,Serie A,Sassuolo,Fiorentina,0.3536754235080839,0.2599739047613999,0.3863506717305163,H
2025-12-06,Premier League,Bournemouth,Chelsea,0.3035828793468395,0.25641694297501566,0.440000177678145,D
2025-12-06,Premier League,Tottenham,Brentford,0.37458196076570843,0.255207467094447,0.37021057213984443,H
2025-12-06,La Liga,Villarreal,Getafe,0.7132613615373218,0.20154283953073437,0.08519579893194384,H
2025-12-06,Premier League,Man City,Sunderland,0.7924362875660766,0.15181012166933133,0.05575359076459195,H
2025-12-06,Bundesliga,RB Leipzig,Ein Frankfurt,0.5439565723426518,0.23158407624054128,0.22445935141680695,H
2025-12-06,Premier League,Leeds,Liverpool,0.15760860452773237,0.2075943592610715,0.6347970362111961,D
2025-12-06,Premier League,Aston Villa,Arsenal,0.3112877208656681,0.24186239086862343,0.4468498882657085,H
2025-12-06,Ligue 1,Paris SG,Rennes,0.7138372872254938,0.1882315558324115,0.09793115694209457,H
2025-12-06,La Liga,Ath Bilbao,Ath Madrid,0.27884502931834493,0.2600456941930558,0.4611092764885993,H
2025-12-06,Bundesliga,FC Koln,St Pauli,0.5602306207258391,0.23573859808882533,0.20403078118533566,D
2025-12-06,La Liga,Betis,Barcelona,0.20737873240727883,0.22007662023918956,0.5725446473535316,A
2025-12-06,Bundesliga,Stuttgart,Bayern Munich,0.157646073129398,0.19923121364340965,0.6431227132271925,A
2025-12-06,Bundesliga,Augsburg,Leverkusen,0.10990123807794448,0.2009898813765665,0.689108880545489,H
2025-12-06,Ligue 1,Toulouse,Strasbourg,0.3532565455084849,0.25662374400783633,0.39011971048367877,H
2025-12-06,Serie A,Verona,Atalanta,0.19828587190779012,0.22251838773451102,0.5791957403576988,H
2025-12-06,Serie A,Inter,Como,0.6508530620402493,0.21616683164370318,0.1329801063160475,H
2025-12-06,Bundesliga,Heidenheim,Freiburg,0.23105184611585294,0.27251430503474894,0.4964338488493982,H
2025-12-06,Premier League,Newcastle,Burnley,0.7367175897198149,0.17901033829218874,0.0842720719879964,H
2025-12-06,Ligue 1,Nantes,Lens,0.19151303414344328,0.2476901332707162,0.5607968325858405,A
2025-12-06,Bundesliga,Wolfsburg,Union Berlin,0.38764555106721077,0.28320183140794153,0.3291526175248477,H
2025-12-06,Premier League,Everton,Nott'm Forest,0.4515088810361109,0.28698618194398895,0.26150493701990013,H
2025-12-06,La Liga,Alaves,Sociedad,0.35889843878697897,0.28027270524800485,0.3608288559650161,H
2025-12-07,Ligue 1,Nice,Angers,0.594703526753332,0.24766727486220777,0.1576291983844602,A
2025-12-07,Serie A,Napoli,Juventus,0.4968090895224228,0.244524768912412,0.2586661415651651,H
2025-12-07,Premier League,Brighton,West Ham,0.6253481585917394,0.22644661582490863,0.14820522558335206,D
2025-12-07,La Liga,Valencia,Sevilla,0.4772697194179744,0.2739331444581177,0.2487971361239078,D
2025-12-07,Bundesliga,Dortmund,Hoffenheim,0.6000315429238601,0.24423303822561568,0.1557354188505242,H
2025-12-07,La Liga,Espanol,Vallecano,0.42398910944159957,0.29179973174763835,0.2842111588107621,H
2025-12-07,Bundesliga,Hamburg,Werder Bremen,0.281332564326763,0.2848492272128084,0.4338182084604286,H
2025-12-07,La Liga,Elche,Girona,0.3725938156466945,0.28170310679007826,0.3457030775632272,H
2025-12-07,La Liga,Real Madrid,Celta,0.7975167304659595,0.13947698650469648,0.06300628302934391,A
2025-12-07,Serie A,Cremonese,Lecce,0.48348183286795565,0.28438202134268104,0.23213614578936345,H
2025-12-07,Serie A,Lazio,Bologna,0.4007088773308419,0.2609590561808344,0.33833206648832365,D
2025-12-07,Ligue 1,Le Havre,Paris FC,0.3901416150553355,0.2847083906224776,0.3251499943221869,D
2025-12-07,Serie A,Cagliari,Roma,0.16261957747247302,0.21912573102574281,0.6182546915017841,H
2025-12-07,Premier League,Fulham,Crystal Palace,0.3582318684114265,0.2830823651180581,0.35868576647051525,A
2025-12-07,Ligue 1,Auxerre,Metz,0.4465945276130514,0.30362498624436046,0.24978048614258813,H
2025-12-07,Ligue 1,Lorient,Lyon,0.21617582350421,0.24986540866121168,0.5339587678345784,H
2025-12-08,La Liga,Osasuna,Levante,0.5285213381937108,0.2517789555835939,0.21969970622269513,H
2025-12-08,Serie A,Pisa,Parma,0.506617912188246,0.26649619432123456,0.2268858934905193,A
2025-12-08,Serie A,Torino,Milan,0.23674960677224288,0.24445493721214714,0.5187954560156101,A
2025-12-08,Serie A,Udinese,Genoa,0.4389767976573628,0.28279483115569903,0.27822837118693816,A
2025-12-08,Premier League,Wolves,Man United,0.211487206426955,0.2598916300991506,0.5286211634738943,A
2025-12-12,Serie A,Lecce,Pisa,0.3723815707077016,0.3018670147900855,0.3257514145022128,H
2025-12-12,La Liga,Sociedad,Girona,0.5118843620961157,0.2640971577471216,0.2240184801567628,A
2025-12-12,Bundesliga,Union Berlin,RB Leipzig,0.20302290128569653,0.2486648374799635,0.54831226123434,H
2025-12-12,Ligue 1,Angers,Nantes,0.45281615821436627,0.28424708325520837,0.26293675853042536,H
2025-12-13,La Liga,Barcelona,Osasuna,0.8133141596531228,0.13569980170540338,0.05098603864147387,H
2025-12-13,Premier League,Burnley,Fulham,0.2602426207779262,0.2566996975749183,0.48305768164715557,A
2025-12-13,La Liga,Ath Madrid,Valencia,0.6946998403196143,0.19798251866081562,0.10731764101957016,H
2025-12-13,Ligue 1,Paris FC,Toulouse,0.36563032608458074,0.28878957902848296,0.3455800948869363,A
2025-12-13,Serie A,Atalanta,Cagliari,0.62867163193548,0.22628966357209224,0.1450387044924277,H
2025-12-13,La Liga,Mallorca,Elche,0.43176903791295435,0.29067000476598626,0.2775609573210594,H
2025-12-13,Ligue 1,Metz,Paris SG,0.05908448167524978,0.15326342611578714,0.787652092208963,A
2025-12-13,Ligue 1,Rennes,Brest,0.46210340998254734,0.2765799183040121,0.2613166717134407,H
2025-12-13,Premier League,Liverpool,Brighton,0.5548231815412323,0.23037059385265157,0.21480622460611612,H
2025-12-13,Bundesliga,Hoffenheim,Hamburg,0.5857043730431819,0.2487667640710029,0.16552886288581523,H
2025-12-13,Bundesliga,M'gladbach,Wolfsburg,0.5005064801082226,0.2604443657846473,0.23904915410713018,A
2025-12-13,Bundesliga,Leverkusen,FC Koln,0.7439673487820678,0.16608450015781154,0.08994815106012058,H
2025-12-13,La Liga,Getafe,Espanol,0.3817932630178181,0.2954180802827011,0.32278865669948076,A
2025-12-13,Bundesliga,St Pauli,Heidenheim,0.4607013948884311,0.26939769381920975,0.26990091129235916,H
2025-12-13,Serie A,Parma,Lazio,0.21404266668914304,0.2657733075971275,0.5201840257137295,A
2025-12-13,Premier League,Chelsea,Everton,0.5517878624051363,0.24451072382912986,0.20370141376573375,H
2025-12-13,Bundesliga,Ein Frankfurt,Augsburg,0.5810566266948999,0.2526232527914086,0.16632012051369152,H
2025-12-13,Serie A,Torino,Cremonese,0.47629242662880317,0.2642810317199721,0.2594265416512247,H
2025-12-13,Premier League,Arsenal,Wolves,0.8554564640682341,0.10967036265280504,0.03487317327896097,H
2025-12-14,Premier League,Crystal Palace,Man City,0.2581070006311037,0.2328204473511789,0.5090725520177173,A
2025-12-14,Ligue 1,Strasbourg,Lorient,0.5691473381856033,0.24774417206814198,0.18310848974625485,D
2025-12-14,Premier League,Brentford,Leeds,0.5782697097770259,0.2368539224578029,0.18487636776517127,D
2025-12-14,La Liga,Sevilla,Oviedo,0.42633929759746253,0.30232778364576435,0.2713329187567731,H
2025-12-14,Premier League,Sunderland,Newcastle,0.221769844428342,0.2504240506958058,0.5278061048758522,H
2025-12-14,Bundesliga,Freiburg,Dortmund,0.2941073113451569,0.25058605814994805,0.45530663050489506,D
2025-12-14,La Liga,Alaves,Real Madrid,0.1152901693207847,0.19004819732488146,0.6946616333543337,A
2025-12-14,Serie A,Bologna,Juventus,0.43200150853255537,0.24270226676317633,0.32529622470426833,A
2025-12-14,Ligue 1,Lyon,Le Havre,0.6456512691752103,0.21786790432332048,0.1364808265014692,H
2025-12-14,Ligue 1,Marseille,Monaco,0.5773849645267951,0.20551474557076657,0.21710028990243826,H
2025-12-14,Premier League,Nott'm Forest,Tottenham,0.44858898562445826,0.26712220541495474,0.28428880896058706,H
2025-12-14,Bundesliga,Werder Bremen,Stuttgart,0.41565425224365954,0.23057155454280767,0.35377419321353276,A
2025-12-14,Premier League,West Ham,Aston Villa,0.21263529738507952,0.24804350458105925,0.5393211980338611,A
2025-12-14,Serie A,Fiorentina,Verona,0.5532733959363075,0.25203955617458,0.19468704788911245,A
2025-12-14,Serie A,Genoa,Inter,0.1383238535104979,0.21969362919481408,0.6419825172946879,A
2025-12-14,Serie A,Milan,Sassuolo,0.687977937228214,0.210579901874628,0.10144216089715805,D
2025-12-14,La Liga,Celta,Ath Bilbao,0.4051241190300964,0.2674142199136268,0.3274616610562768,H
2025-12-14,Bundesliga,Bayern Munich,Mainz,0.8678032740643183,0.09870408024254299,0.03349264569313882,D
2025-12-14,Ligue 1,Lens,Nice,0.6093160159093789,0.21078825424037445,0.17989572985024668,H
2025-12-14,Ligue 1,Auxerre,Lille,0.21813943920628381,0.25255799568949405,0.5293025651042221,A
2025-12-14,Serie A,Udinese,Napoli,0.16372873442731883,0.22548773534872474,0.6107835302239564,H
2025-12-15,Serie A,Roma,Como,0.5689395627716651,0.2301057110836793,0.20095472614465554,H
2025-12-15,La Liga,Vallecano,Betis,0.29048452173708467,0.26321792262753607,0.44629755563537926,D
2025-12-15,Premier League,Man United,Bournemouth,0.5134856216787441,0.23500308158025413,0.2515112967410018,D
2025-12-19,La Liga,Valencia,Mallorca,0.4399914192345325,0.28730029437945676,0.27270828638601063,D
2025-12-19,Bundesliga,Dortmund,M'gladbach,0.6738147084412041,0.21309557767417034,0.11308971388462558,H
2025-12-20,La Liga,Oviedo,Celta,0.26870161114907426,0.2851779101456741,0.4461204787052517,D
2025-12-20,Premier League,Tottenham,Liverpool,0.2052479369657581,0.22490135841999517,0.5698507046142467,A
2025-12-20,Premier League,Leeds,Crystal Palace,0.2836577371114669,0.2558236776157721,0.4605185852727611,H
2025-12-20,Premier League,Man City,West Ham,0.7886254954584788,0.14725705657712132,0.06411744796439989,H
2025-12-20,La Liga,Levante,Sociedad,0.30911607647935524,0.27659480256277796,0.41428912095786685,D
2025-12-20,Premier League,Brighton,Sunderland,0.641438102631586,0.22449236362535227,0.13406953374306174,D
2025-12-20,Premier League,Bournemouth,Burnley,0.6802061465184875,0.20082434105598967,0.11896951242552271,D
2025-12-20,Premier League,Everton,Arsenal,0.19661415379326497,0.22974454889915852,0.5736412973075766,A
2025-12-20,Premier League,Wolves,Brentford,0.2395299688593263,0.2559909699513881,0.5044790611892856,A
2025-12-20,Serie A,Lazio,Cremonese,0.6116394030538835,0.23628926918408857,0.15207132776202792,D
2025-12-20,La Liga,Osasuna,Alaves,0.4695529189622402,0.2700107836483141,0.26043629738944574,H
2025-12-20,Bundesliga,FC Koln,Union Berlin,0.37956038636052675,0.2710673448309676,0.34937226880850564,A
2025-12-20,Premier League,Newcastle,Chelsea,0.40580462898211145,0.25847002469291086,0.3357253463249777,D
2025-12-20,Bundesliga,Hamburg,Ein Frankfurt,0.2619266758671608,0.259030234948325,0.4790430891845142,D
2025-12-20,Bundesliga,Wolfsburg,Freiburg,0.37157298058953736,0.2598372303961855,0.36858978901427714,A
2025-12-20,Serie A,Juventus,Roma,0.45518571928706014,0.24886831940800047,0.2959459613049395,H
2025-12-20,Bundesliga,Augsburg,Werder Bremen,0.39749789166824645,0.26543225437148493,0.3370698539602687,D
2025-12-20,Bundesliga,RB Leipzig,Leverkusen,0.3495929671460486,0.23162787044272445,0.41877916241122704,A
2025-12-20,Bundesliga,Stuttgart,Hoffenheim,0.5086361042684885,0.26140618799281384,0.22995770773869764,D
2025-12-20,La Liga,Real Madrid,Sevilla,0.7713050147474946,0.16260730188740516,0.06608768336510026,H
2025-12-21,Premier League,Aston Villa,Man United,0.5744344403952021,0.24309741432014334,0.1824681452846546,H
2025-12-21,La Liga,Betis,Getafe,0.6194577603121971,0.230924284531281,0.1496179551565219,H
2025-12-21,La Liga,Elche,Vallecano,0.3422481783886975,0.2908495939041165,0.36690222770718606,H
2025-12-21,Bundesliga,Heidenheim,Bayern Munich,0.04646784196163806,0.1407871039232395,0.8127450541151223,A
2025-12-21,La Liga,Villarreal,Barcelona,0.30827358757265455,0.23888149199517197,0.45284492043217345,A
2025-12-21,Serie A,Sassuolo,Torino,0.4299619778721277,0.25638968540720575,0.3136483367206665,A
2025-12-21,La Liga,Girona,Ath Madrid,0.19220653963540557,0.24516998915309732,0.5626234712114971,A
2025-12-21,Serie A,Genoa,Atalanta,0.3206703770149757,0.24677833207324446,0.43255129091177996,A
2025-12-21,Serie A,Cagliari,Pisa,0.43297749520488515,0.2828394426578468,0.2841830621372681,D
2025-12-21,Bundesliga,Mainz,St Pauli,0.4984324702906117,0.2690788754598506,0.23248865424953752,D
2025-12-21,Serie A,Fiorentina,Udinese,0.4914515013297742,0.2551249508160181,0.2534235478542076,H
2025-12-22,Premier League,Fulham,Nott'm Forest,0.4456572573093951,0.2789019440379996,0.2754407986526053,H
2025-12-22,La Liga,Ath Bilbao,Espanol,0.508010159770301,0.28198782253202687,0.21000201769767218,A
2025-12-26,Premier League,Man United,Newcastle,0.4042986783079859,0.2518171006455188,0.3438842210464953,H
2025-12-27,Serie A,Parma,Fiorentina,0.2832113599324856,0.27448597937691793,0.44230266069059654,H
2025-12-27,Premier League,West Ham,Fulham,0.34894882291657675,0.26385893334523347,0.3871922437381899,A
2025-12-27,Serie A,Torino,Cagliari,0.520336743136303,0.2655909624023466,0.21407229446135054,A
2025-12-27,Serie A,Lecce,Como,0.2569229089541959,0.2808723490122468,0.4622047420335573,A
2025-12-27,Premier League,Arsenal,Brighton,0.6626914786598433,0.19756409955934784,0.1397444217808088,H
2025-12-27,Serie A,Pisa,Juventus,0.1809215210263936,0.2208624657966628,0.5982160131769435,A
2025-12-27,Premier League,Burnley,Everton,0.2291417671909205,0.2521561513143098,0.5187020814947698,D
2025-12-27,Premier League,Liverpool,Wolves,0.8101127079627687,0.14158167381084805,0.04830561822638328,H
2025-12-27,Premier League,Chelsea,Aston Villa,0.42949882564651487,0.23864109356770508,0.33186008078578,A
2025-12-27,Premier League,Nott'm Forest,Man City,0.147551633212477,0.2108791970358872,0.6415691697516358,A
2025-12-27,Serie A,Udinese,Lazio,0.25846701327567745,0.2819566572854507,0.4595763294388717,D
2025-12-27,Premier League,Brentford,Bournemouth,0.44011052819848395,0.2570261216417776,0.3028633501597385,H
2025-12-28,Serie A,Atalanta,Inter,0.2440157432024318,0.24389037225030571,0.5120938845472625,A
2025-12-28,Serie A,Bologna,Sassuolo,0.6438296493180176,0.21518110416954722,0.14098924651243516,D
2025-12-28,Premier League,Sunderland,Leeds,0.3844891246364768,0.30121259670443806,0.3142982786590853,D
2025-12-28,Serie A,Cremonese,Napoli,0.18353193886010163,0.22510116657515883,0.5913668945647396,A
2025-12-28,Serie A,Milan,Verona,0.724446404009215,0.19345935099261508,0.08209424499816996,H
2025-12-28,Premier League,Crystal Palace,Tottenham,0.5319016972331961,0.2529107290536648,0.21518757371313899,A
2025-12-29,Serie A,Roma,Genoa,0.6726128983716436,0.20374780477035503,0.1236392968580013,H
2025-12-30,Premier League,Nott'm Forest,Everton,0.3807995124130918,0.28316665529483737,0.33603383229207084,A
2025-12-30,Premier League,Man United,Wolves,0.6994699190850214,0.19508248825545707,0.10544759265952161,D
2025-12-30,Premier League,Burnley,Newcastle,0.18719882775153737,0.23506811598963545,0.5777330562588271,A
2025-12-30,Premier League,Arsenal,Aston Villa,0.5703464335795508,0.21922173550872553,0.2104318309117236,H
2025-12-30,Premier League,Chelsea,Bournemouth,0.5902631027774596,0.2157951096142471,0.1939417876082933,D
2025-12-30,Premier League,West Ham,Brighton,0.2746676941319431,0.2432659344939977,0.48206637137405933,D
2026-01-01,Premier League,Brentford,Tottenham,0.5217152396296351,0.25285383466877037,0.22543092570159454,D
2026-01-01,Premier League,Sunderland,Man City,0.09752719732009703,0.18799081959626338,0.7144819830836396,D
2026-01-01,Premier League,Crystal Palace,Fulham,0.45306064863286716,0.26603172634065875,0.280907625026474,D
2026-01-01,Premier League,Liverpool,Leeds,0.7182606550584762,0.1939064876145345,0.08783285732698914,D
2026-01-02,La Liga,Vallecano,Getafe,0.5017959399937508,0.265582967779715,0.23262109222653418,D
2026-01-02,Ligue 1,Toulouse,Lens,0.2957068367393687,0.26596867369512806,0.43832448956550324,A
2026-01-02,Serie A,Cagliari,Milan,0.17393222001564154,0.23254290251826343,0.5935248774660951,A
2026-01-03,Ligue 1,Monaco,Lyon,0.40056982141684927,0.26251987014951345,0.33691030843363734,A
2026-01-03,La Liga,Celta,Valencia,0.49645419940690416,0.2774949458340658,0.22605085475902992,H
2026-01-03,Premier League,Brighton,Burnley,0.6821458500993764,0.2083917852117176,0.10946236468890597,H
2026-01-03,La Liga,Elche,Villarreal,0.2146285341715129,0.23549994478976677,0.5498715210387203,A
2026-01-03,Premier League,Bournemouth,Arsenal,0.1834276694343734,0.20511097971686035,0.6114613508487662,A
2026-01-03,Serie A,Como,Udinese,0.592275882774864,0.2328231374293067,0.1749009797958294,H
2026-01-03,Premier League,Wolves,West Ham,0.3321888121885345,0.2754301853761786,0.39238100243528695,H
2026-01-03,Serie A,Juventus,Lecce,0.7644339435088419,0.17066576124276098,0.06490029524839719,D
2026-01-03,Serie A,Sassuolo,Parma,0.49445464178138115,0.28268481087718106,0.22286054734143776,D
2026-01-03,Serie A,Atalanta,Roma,0.37596778286325927,0.2523845616020989,0.3716476555346419,H
2026-01-03,Serie A,Genoa,Pisa,0.46541420460558075,0.27492345720734856,0.2596623381870707,D
2026-01-03,Ligue 1,Lille,Rennes,0.5970766111053784,0.23452289636907395,0.1684004925255477,A
2026-01-03,Ligue 1,Nice,Strasbourg,0.4029883191268762,0.2652950026866598,0.331716678186464,D
2026-01-03,La Liga,Espanol,Barcelona,0.13477215501396125,0.21739633296860159,0.6478315120174373,A
2026-01-03,La Liga,Osasuna,Ath Bilbao,0.3790218862702344,0.2620313655959187,0.3589467481338468,D
2026-01-03,Premier League,Aston Villa,Nott'm Forest,0.6642476759255084,0.21231794255106096,0.12343438152343068,H
2026-01-04,Ligue 1,Paris SG,Paris FC,0.8449743940334434,0.11518409655027217,0.039841509416284344,H
2026-01-04,Ligue 1,Brest,Auxerre,0.5375773487582095,0.2700810547551534,0.19234159648663704,H
2026-01-04,La Liga,Alaves,Oviedo,0.46299292736141623,0.28545075253354446,0.25155632010503937,D
2026-01-04,La Liga,Real Madrid,Betis,0.6523038273350821,0.20216524112096818,0.14553093154394983,H
2026-01-04,Ligue 1,Marseille,Nantes,0.7576349656027862,0.1635499611585491,0.07881507323866475,A
2026-01-04,Serie A,Inter,Bologna,0.6603303914767379,0.19441613359884993,0.14525347492441223,H
2026-01-04,Premier League,Man City,Chelsea,0.6383035808676256,0.1994119803586038,0.1622844387737706,D
2026-01-04,La Liga,Sociedad,Ath Madrid,0.20463081363320085,0.22407465902404083,0.5712945273427582,D
2026-01-04,Serie A,Fiorentina,Cremonese,0.5098878852315148,0.26369202217650217,0.22642009259198295,H
2026-01-04,Serie A,Lazio,Napoli,0.31152353447124953,0.2450995558113884,0.4433769097173622,A
2026-01-04,Ligue 1,Lorient,Metz,0.5325349485858688,0.26798929785405445,0.19947575356007669,D
2026-01-04,Ligue 1,Le Havre,Angers,0.3844200419140926,0.3077746953961928,0.3078052626897146,H
2026-01-04,Premier League,Tottenham,Sunderland,0.50152420194845,0.2825722142789644,0.2159035837725856,D
2026-01-04,Serie A,Verona,Torino,0.3336953553284365,0.2821139375721231,0.38419070709944025,A
2026-01-04,Premier League,Fulham,Liverpool,0.2555377233772567,0.25041452611623727,0.494047750506506,D
2026-01-04,La Liga,Mallorca,Girona,0.49710005125421547,0.25950182814016837,0.24339812060561622,A
2026-01-04,Premier League,Leeds,Man United,0.31660517570717017,0.26284873794528296,0.42054608634754675,D
2026-01-04,Premier League,Everton,Brentford,0.44129094808144115,0.2691112344684891,0.2895978174500698,A
2026-01-04,La Liga,Sevilla,Levante,0.528037634397396,0.25664283001015653,0.21531953559244746,A
2026-01-04,Premier League,Newcastle,Crystal Palace,0.5273612784501196,0.22886661599249386,0.2437721055573866,H
2026-01-06,Serie A,Sassuolo,Juventus,0.20013684139123813,0.2316155838928441,0.5682475747159179,A
2026-01-06,Premier League,West Ham,Nott'm Forest,0.3494489361719755,0.27265740869033084,0.3778936551376937,A
2026-01-06,Serie A,Lecce,Roma,0.17321064302315956,0.24113041485624895,0.5856589421205916,A
2026-01-06,Serie A,Pisa,Como,0.2853294394793949,0.2637825601586453,0.4508880003619598,A
2026-01-07,Serie A,Torino,Udinese,0.5288546106240958,0.25172929700079916,0.21941609237510512,A
2026-01-07,Serie A,Lazio,Fiorentina,0.5132205807630903,0.2531130705525942,0.23366634868431563,D
2026-01-07,Premier League,Bournemouth,Tottenham,0.4998571867777253,0.2511110092878489,0.24903180393442595,H
2026-01-07,Premier League,Crystal Palace,Aston Villa,0.2800885663806328,0.23091265622352858,0.48899877739583864,D
2026-01-07,Serie A,Bologna,Atalanta,0.44797567364476615,0.24174867505383704,0.3102756513013968,A
2026-01-07,Premier League,Fulham,Chelsea,0.32302802516184353,0.26173956386529845,0.4152324109728581,H
2026-01-07,Premier League,Burnley,Man United,0.19631774446460817,0.24790708807435938,0.5557751674610325,D
2026-01-07,Premier League,Brentford,Sunderland,0.5922443099111631,0.252700393941791,0.15505529614704597,H
2026-01-07,Serie A,Napoli,Verona,0.7906825925152305,0.15387101505298945,0.055446392431780026,D
2026-01-07,Premier League,Man City,Brighton,0.6750363974748063,0.19159794244030495,0.1333656600848887,D
2026-01-07,Serie A,Parma,Inter,0.08780635920217267,0.18663425169113934,0.725559389106688,A
2026-01-07,Premier League,Newcastle,Leeds,0.6015450671835021,0.2427043088838704,0.15575062393262745,H
2026-01-07,Premier League,Everton,Wolves,0.5975382502691876,0.24678723891083315,0.1556745108199792,D
2026-01-08,Serie A,Cremonese,Cagliari,0.43110139308738876,0.2879276498013885,0.2809709571112228,D
2026-01-08,Premier League,Arsenal,Liverpool,0.5759551281300392,0.22295845697715921,0.20108641489280163,D
2026-01-08,Serie A,Milan,Genoa,0.7274903998004666,0.1850919204281031,0.0874176797714303,D
2026-01-09,Bundesliga,Ein Frankfurt,Dortmund,0.31323184894936773,0.2622143277188649,0.42455382333176744,D
2026-01-09,La Liga,Getafe,Sociedad,0.3476894602732207,0.28713229523239797,0.3651782444943813,A
2026-01-10,Serie A,Udinese,Pisa,0.498354562513499,0.2727518328830563,0.2288936046034445,D
2026-01-10,Serie A,Como,Bologna,0.4450938113259775,0.24625042971922734,0.30865575895479513,D
2026-01-10,Bundesliga,Freiburg,Hamburg,0.6451035391646653,0.22184578111978592,0.13305067971554876,H
2026-01-10,Bundesliga,Union Berlin,Mainz,0.484193608196683,0.2704935337313055,0.24531285807201145,D
2026-01-10,Serie A,Atalanta,Torino,0.5766593198233035,0.2555790588302326,0.1677616213464639,H
2026-01-10,Bundesliga,Leverkusen,Stuttgart,0.6332642200218396,0.19854639210415936,0.16818938787400117,A
2026-01-10,La Liga,Girona,Osasuna,0.3623176559079626,0.3060981026726902,0.33158424141934717,H
2026-01-10,La Liga,Villarreal,Alaves,0.7272768816022009,0.18625012168246868,0.08647299671533026,H
2026-01-10,La Liga,Oviedo,Betis,0.2240110861144242,0.24812893796459076,0.5278599759209851,D
2026-01-10,Bundesliga,Heidenheim,FC Koln,0.35953581537777146,0.3015378788498987,0.33892630577232985,D
2026-01-10,Serie A,Roma,Sassuolo,0.6965842685071368,0.19639101910271775,0.10702471239014542,H
2026-01-10,La Liga,Valencia,Elche,0.4507313017796646,0.28227090736574273,0.2669977908545928,D
2026-01-11,Serie A,Fiorentina,Milan,0.25699962598189263,0.23468972769520793,0.5083106463228996,D
2026-01-11,Serie A,Lecce,Parma,0.40431305192198813,0.3105704572944876,0.2851164907835242,A
2026-01-11,La Liga,Vallecano,Mallorca,0.42975243573953376,0.28652963129097236,0.283717932969494,H
2026-01-11,Serie A,Inter,Napoli,0.5692149198254853,0.21512357496521398,0.21566150520930064,D
2026-01-11,Bundesliga,M'gladbach,Augsburg,0.45928199728137503,0.29073112630430487,0.24998687641432005,H
2026-01-11,Serie A,Verona,Lazio,0.23520902021473114,0.2678474175526614,0.49694356223260755,A
2026-01-11,Bundesliga,Bayern Munich,Wolfsburg,0.856594497947765,0.10516848725350533,0.03823701479872968,H
2026-01-11,La Liga,Levante,Espanol,0.33072294106444655,0.29331702165215795,0.37596003728339544,D
2026-01-12,Serie A,Juventus,Cremonese,0.7250700221564216,0.1889561103331104,0.08597386751046796,H
2026-01-12,Serie A,Genoa,Cagliari,0.4535615676979281,0.2692356529553761,0.27720277934669574,H
2026-01-12,La Liga,Sevilla,Celta,0.2851986967993164,0.2905683883576115,0.42423291484307213,A
2026-01-13,Bundesliga,Stuttgart,Ein Frankfurt,0.5162114950112424,0.22274406461315946,0.26104444037559815,H
2026-01-13,Bundesliga,Mainz,Heidenheim,0.5333740559223271,0.2608367828525363,0.20578916122513657,H
2026-01-13,Bundesliga,Dortmund,Werder Bremen,0.6916445959583235,0.18863415487036406,0.11972124917131237,H
2026-01-14,Bundesliga,RB Leipzig,Freiburg,0.5384073687070753,0.23259211831568724,0.2290005129772375,H
2026-01-14,Serie A,Inter,Lecce,0.8315067231171062,0.1301250888567224,0.03836818802617141,H
2026-01-14,Bundesliga,Wolfsburg,St Pauli,0.48744854058747744,0.2882146203292502,0.22433683908327223,H
2026-01-14,Bundesliga,Hoffenheim,M'gladbach,0.5013582275506706,0.2661330285204842,0.2325087439288451,H
2026-01-14,Bundesliga,FC Koln,Bayern Munich,0.048494612965783675,0.1327615319010034,0.8187438551332129,A
2026-01-14,Serie A,Napoli,Parma,0.7714767153987088,0.1633502624472077,0.06517302215408355,D
2026-01-15,Serie A,Verona,Bologna,0.21806585991191627,0.2457894312158602,0.5361447088722234,A
2026-01-15,Bundesliga,Augsburg,Union Berlin,0.33986059737612134,0.28697967331583024,0.3731597293080484,D
2026-01-15,Serie A,Como,Milan,0.3200674419499992,0.24678770064306188,0.4331448574069389,A
2026-01-16,Bundesliga,Werder Bremen,Ein Frankfurt,0.3532611495722332,0.2402836097945916,0.4064552406331751,D
2026-01-16,La Liga,Espanol,Girona,0.5186935728515604,0.2708298812584298,0.2104765458900098,A
2026-01-16,Serie A,Pisa,Atalanta,0.20468923956666074,0.2572315864453667,0.5380791739879726,D
2026-01-16,Ligue 1,Monaco,Lorient,0.5677059420228859,0.25951808360482764,0.17277597437228637,A
2026-01-16,Ligue 1,Paris SG,Lille,0.7113321095226053,0.16975920959618193,0.11890868088121266,H
2026-01-17,Premier League,Tottenham,West Ham,0.5459431580524619,0.24455586474431742,0.2095009772032207,A
2026-01-17,Premier League,Liverpool,Burnley,0.792566234553225,0.1568371960947643,0.050596569352010796,D
2026-01-17,Bundesliga,Hoffenheim,Leverkusen,0.3045248806300215,0.22148014752591905,0.4739949718440596,H
2026-01-17,Bundesliga,Wolfsburg,Heidenheim,0.5329664529785906,0.26950021685788533,0.19753333016352403,D
2026-01-17,Bundesliga,FC Koln,Mainz,0.3554484778170408,0.28299078479346534,0.36156073738949396,H
2026-01-17,Bundesliga,Dortmund,St Pauli,0.7654314180477553,0.16790976419468628,0.06665881775755857,H
2026-01-17,Premier League,Chelsea,Brentford,0.4799815978001328,0.25459768613430933,0.2654207160655578,H
2026-01-17,Premier League,Man United,Man City,0.21629531674953623,0.2258330660875079,0.5578716171629559,H
2026-01-17,Ligue 1,Angers,Marseille,0.21330173087362722,0.24767880483746582,0.5390194642889069,A
2026-01-17,Ligue 1,Lens,Auxerre,0.6986648705091154,0.20629399430428197,0.09504113518660261,H
2026-01-17,La Liga,Real Madrid,Levante,0.8232901476147795,0.13468540188175432,0.04202445050346612,H
2026-01-17,Premier League,Sunderland,Crystal Palace,0.30692064621744586,0.2600066630597056,0.43307269072284843,H
2026-01-17,Ligue 1,Toulouse,Nice,0.43161491602116087,0.24429360057583602,0.3240914834030031,H
2026-01-17,Bundesliga,Hamburg,M'gladbach,0.36692705089753275,0.2844982899484488,0.3485746591540185,D
2026-01-17,Premier League,Leeds,Fulham,0.3416305720324639,0.2753912289840217,0.3829781989835145,H
2026-01-17,La Liga,Osasuna,Oviedo,0.518966051150055,0.2691568950700801,0.21187705377986485,H
2026-01-17,Serie A,Cagliari,Juventus,0.12900582395139745,0.22030909987505892,0.6506850761735435,H
2026-01-17,Serie A,Napoli,Sassuolo,0.7672604538701614,0.16057655632600928,0.07216298980382928,H
2026-01-17,Bundesliga,RB Leipzig,Bayern Munich,0.16465970370732536,0.19120586453014352,0.644134431762531,A
2026-01-17,La Liga,Mallorca,Ath Bilbao,0.32791411425474565,0.25485026407246,0.4172356216727944,H
2026-01-17,La Liga,Betis,Villarreal,0.34270731874698696,0.24196726366258162,0.41532541759043146,H
2026-01-17,Premier League,Nott'm Forest,Arsenal,0.14870682499456325,0.20135164167012357,0.6499415333353131,D
2026-01-17,Serie A,Udinese,Inter,0.13290266659937922,0.20013944690152927,0.6669578864990916,A
2026-01-18,La Liga,Celta,Vallecano,0.5537164094394802,0.2526267378980351,0.19365685266248475,H
2026-01-18,Bundesliga,Stuttgart,Union Berlin,0.5903642400672973,0.2375078383224184,0.17212792161028437,D
2026-01-18,Ligue 1,Nantes,Paris FC,0.4169829854472415,0.2754826132326717,0.30753440132008675,A
2026-01-18,Serie A,Torino,Roma,0.2406670012144105,0.24565045567709395,0.5136825431084956,A
2026-01-18,Premier League,Wolves,Newcastle,0.19889017105609041,0.24334324148461695,0.5577665874592926,D
2026-01-18,La Liga,Sociedad,Barcelona,0.1141563424975417,0.18328028332653168,0.7025633741759266,H
2026-01-18,La Liga,Getafe,Valencia,0.3731310413172173,0.2769782741142381,0.34989068456854455,A
2026-01-18,Ligue 1,Lyon,Brest,0.5556966590153307,0.24391893521654257,0.20038440576812674,H
2026-01-18,Ligue 1,Strasbourg,Metz,0.6369379740543459,0.21818439530088,0.1448776306447741,H
2026-01-18,Premier League,Aston Villa,Everton,0.6183478395256886,0.2245329880928842,0.15711917238142725,A
2026-01-18,Bundesliga,Augsburg,Freiburg,0.30424319320121146,0.2676066107222865,0.4281501960765021,D
2026-01-18,Serie A,Parma,Genoa,0.36605317542327287,0.2983992577304525,0.3355475668462746,D
2026-01-18,La Liga,Ath Madrid,Alaves,0.7468661246605355,0.17119642909945026,0.08193744624001419,H
2026-01-18,Serie A,Bologna,Fiorentina,0.5078585038954905,0.25742463889494027,0.23471685720956917,A
2026-01-18,Ligue 1,Rennes,Le Havre,0.5990486227764715,0.24940074039810048,0.15155063682542796,D
2026-01-18,Serie A,Milan,Lecce,0.7817467158573149,0.15598299373129504,0.06227029041139005,H
2026-01-19,La Liga,Elche,Sevilla,0.45366193983508507,0.27769550572014595,0.268642554444769,D
2026-01-19,Premier League,Brighton,Bournemouth,0.5387657131997792,0.22642291809498233,0.23481136870523847,D
2026-01-19,Serie A,Lazio,Como,0.4527531831655624,0.2648533689439893,0.28239344789044823,A
2026-01-19,Serie A,Cremonese,Verona,0.46990509229569916,0.2682061275231571,0.26188878018114364,D
2026-01-23,La Liga,Levante,Elche,0.3937259377610061,0.2877505776263433,0.31852348461265045,H
2026-01-23,Ligue 1,Auxerre,Paris SG,0.07502438685108612,0.15437332739016987,0.7706022857587439,A
2026-01-23,Bundesliga,St Pauli,Hamburg,0.44249725377666377,0.2833851918104042,0.274117554412932,D
2026-01-23,Serie A,Inter,Pisa,0.8158282277922712,0.13726055915415536,0.04691121305357356,H
2026-01-24,Ligue 1,Le Havre,Monaco,0.3035624817824931,0.2564015375711394,0.4400359806463674,D
2026-01-24,Premier League,Bournemouth,Liverpool,0.26150035703948377,0.23822159120305428,0.5002780517574619,H
2026-01-24,Bundesliga,Heidenheim,RB Leipzig,0.18094500317490317,0.2185236701944319,0.600531326630665,A
2026-01-24,Bundesliga,Ein Frankfurt,Hoffenheim,0.49030652080169723,0.2584091522999675,0.25128432689833535,A
2026-01-24,Premier League,Burnley,Tottenham,0.2790581959567359,0.2864920210422684,0.43444978300099574,D
2026-01-24,Serie A,Fiorentina,Cagliari,0.5602459620610943,0.2554396074251545,0.18431443051375115,A
2026-01-24,Ligue 1,Marseille,Lens,0.43439307414442097,0.25474942588168026,0.3108574999738987,H
2026-01-24,Bundesliga,Mainz,Wolfsburg,0.5007113448417305,0.24421742134804633,0.2550712338102231,H
2026-01-24,Serie A,Como,Torino,0.5732964175565026,0.23624080318674123,0.19046277925675603,H
2026-01-24,Bundesliga,Union Berlin,Dortmund,0.22507478416458,0.2400957503185919,0.5348294655168281,A
2026-01-24,Ligue 1,Rennes,Lorient,0.5195016627545166,0.286255526395108,0.19424281085037545,A
2026-01-24,La Liga,Villarreal,Real Madrid,0.3069525743045603,0.23278556927403157,0.46026185642140804,A
2026-01-24,Premier League,Fulham,Brighton,0.3751007324179612,0.2668481558652973,0.3580511117167415,H
2026-01-24,Serie A,Lecce,Lazio,0.24278773512876728,0.24124163972975118,0.5159706251414815,D
2026-01-24,Bundesliga,Leverkusen,Werder Bremen,0.690451315101594,0.18259014020839792,0.126958544690008,H
2026-01-24,La Liga,Sevilla,Ath Bilbao,0.3004605194449152,0.25756040424500287,0.441979076310082,H
2026-01-24,La Liga,Vallecano,Osasuna,0.3887188463046887,0.2958852457155876,0.31539590797972367,A
2026-01-24,La Liga,Valencia,Espanol,0.41277454655531204,0.2792003395634558,0.30802511388123227,H
2026-01-24,Premier League,West Ham,Sunderland,0.41722734661967575,0.28724417208275704,0.29552848129756715,H
2026-01-24,Premier League,Man City,Wolves,0.758648253815539,0.17658565951837682,0.06476608666608419,H
2026-01-24,Bundesliga,Bayern Munich,Augsburg,0.8900370551184505,0.08460275021959826,0.025360194661951156,A
2026-01-25,Bundesliga,Freiburg,FC Koln,0.5898725146547061,0.24075099265654026,0.16937649268875363,H
2026-01-25,Serie A,Genoa,Bologna,0.32763130307056443,0.24441206417663477,0.42795663275280066,H
2026-01-25,Ligue 1,Brest,Toulouse,0.4389232747638034,0.28105035283493596,0.2800263724012607,A
2026-01-25,Premier League,Arsenal,Man United,0.6963743822490743,0.1929293416595146,0.11069627609141104,A
2026-01-25,Ligue 1,Nantes,Nice,0.3195275294705459,0.25067691778597273,0.42979555274348147,A
2026-01-25,La Liga,Alaves,Betis,0.23313793200587665,0.2522755665361715,0.5145865014579518,H
2026-01-25,Ligue 1,Metz,Lyon,0.16444376431059127,0.23706447374662756,0.5984917619427812,A
2026-01-25,La Liga,Ath Madrid,Mallorca,0.7014009916666567,0.19693346479275478,0.10166554354058842,H
2026-01-25,Bundesliga,M'gladbach,Stuttgart,0.24552363523766255,0.2655338975979744,0.488942467164363,A
2026-01-25,Premier League,Newcastle,Aston Villa,0.38937750149947453,0.24134952073872112,0.3692729777618043,A
2026-01-25,Serie A,Roma,Milan,0.44013816745265394,0.2449810786031313,0.31488075394421483,D
2026-01-25,Premier League,Crystal Palace,Chelsea,0.32347411519041386,0.24190041084283478,0.4346254739667515,A
2026-01-25,La Liga,Sociedad,Celta,0.3439873969181036,0.29920061474043813,0.35681198834145833,H
2026-01-25,Serie A,Juventus,Napoli,0.45948834104041947,0.22203432819338131,0.3184773307661992,H
2026-01-25,Ligue 1,Lille,Strasbourg,0.5123088030789089,0.25892166364680425,0.22876953327428678,A
2026-01-25,Serie A,Sassuolo,Cremonese,0.45307925194581783,0.2667896704933735,0.28013107756080874,H
2026-01-25,Premier League,Brentford,Nott'm Forest,0.5576364977722896,0.23654350451897482,0.20581999770873555,A
2026-01-25,Ligue 1,Paris FC,Angers,0.4529629261317459,0.2784249393643704,0.26861213450388366,D
2026-01-25,La Liga,Barcelona,Oviedo,0.8384289485377422,0.12269788423783899,0.03887316722441882,H
2026-01-25,Serie A,Atalanta,Parma,0.6646406649453636,0.22143442989684903,0.11392490515778744,H
2026-01-26,La Liga,Girona,Getafe,0.5151011416295752,0.2784594035541817,0.20643945481624315,D
2026-01-26,Serie A,Verona,Udinese,0.3353113257322049,0.28253771445103437,0.3821509598167608,A
2026-01-26,Premier League,Everton,Leeds,0.5474801084806393,0.2606522148967574,0.1918676766226033,D
2026-01-27,Bundesliga,Werder Bremen,Hoffenheim,0.2998201980553906,0.2892762747214021,0.41090352722320733,A
2026-01-27,Bundesliga,St Pauli,RB Leipzig,0.2063629592336572,0.22552006349600165,0.5681169772703413,D
2026-01-30,Ligue 1,Lens,Le Havre,0.6693108812003626,0.22249811443234346,0.1081910043672939,H
2026-01-30,Serie A,Lazio,Genoa,0.5132764445232695,0.2708319601861235,0.215891595290607,H
2026-01-30,Bundesliga,FC Koln,Wolfsburg,0.4670770120496321,0.24343511814586968,0.2894878698044982,H
2026-01-30,La Liga,Espanol,Alaves,0.5121842470239427,0.25878093381553957,0.22903481916051774,A
2026-01-31,Ligue 1,Monaco,Rennes,0.4916762935697643,0.23821124987153783,0.27011245655869776,H
2026-01-31,Ligue 1,Lorient,Nantes,0.5459052794321685,0.2561982991131938,0.19789642145463773,H
2026-01-31,Ligue 1,Paris FC,Marseille,0.20150435238525097,0.2419697001512653,0.5565259474634837,D
2026-01-31,Premier League,Chelsea,West Ham,0.6847039430050742,0.19939997846685362,0.11589607852807218,H
2026-01-31,Bundesliga,RB Leipzig,Mainz,0.6025002381888888,0.23692842263912778,0.16057133917198355,A
2026-01-31,La Liga,Levante,Ath Madrid,0.15034745578874886,0.23247473744775277,0.6171778067634984,D
2026-01-31,La Liga,Osasuna,Villarreal,0.2916651175126205,0.24161786950121866,0.4667170129861608,D
2026-01-31,Premier League,Leeds,Arsenal,0.13279156247310178,0.19179824001075685,0.6754101975161413,A
2026-01-31,Bundesliga,Werder Bremen,M'gladbach,0.47390541355548277,0.2588896065331528,0.2672049799113645,D
2026-01-31,La Liga,Elche,Barcelona,0.09455346040326755,0.17232625323050335,0.7331202863662291,A
2026-01-31,Bundesliga,Ein Frankfurt,Leverkusen,0.34557785585917583,0.22913778330006626,0.4252843608407579,A
2026-01-31,Premier League,Brighton,Everton,0.4885968859017909,0.2501859161320963,0.2612171979661128,D
2026-01-31,Serie A,Pisa,Sassuolo,0.42514783020332797,0.2826905783987719,0.29216159139790004,A
2026-01-31,Premier League,Wolves,Bournemouth,0.25797873646047714,0.2591974835884006,0.48282377995112225,A
2026-01-31,Premier League,Liverpool,Newcastle,0.5732900282355565,0.22056011825322713,0.20614985351121642,H
2026-01-31,Serie A,Cagliari,Verona,0.4870793708886117,0.2810411735956938,0.23187945551569455,H
2026-01-31,Bundesliga,Hoffenheim,Union Berlin,0.5718398211395147,0.24360551723118623,0.18455466162929912,H
2026-01-31,Serie A,Napoli,Fiorentina,0.6591768422798631,0.20762109697887546,0.13320206074126148,H
2026-01-31,Bundesliga,Augsburg,St Pauli,0.47142569003570073,0.2912369290069902,0.23733738095730905,H
2026-01-31,La Liga,Oviedo,Girona,0.36023081757434056,0.29147937396953466,0.3482898084561248,H
2026-01-31,Bundesliga,Hamburg,Bayern Munich,0.04442127101644886,0.1293090083852153,0.8262697205983359,D
2026-02-01,Ligue 1,Lyon,Lille,0.538640533706922,0.21990519282815021,0.2414542734649278,H
2026-02-01,La Liga,Ath Bilbao,Sociedad,0.47775950393890926,0.25827801228171426,0.2639624837793764,D
2026-02-01,La Liga,Real Madrid,Vallecano,0.8353966995685336,0.12074958284138405,0.043853717590082386,H
2026-02-01,Serie A,Como,Atalanta,0.427688864664677,0.24980785129999106,0.322503284035332,D
2026-02-01,Ligue 1,Toulouse,Auxerre,0.5895412259178799,0.24507979492107335,0.1653789791610467,D
2026-02-01,Ligue 1,Nice,Brest,0.47407437760854343,0.2555578721064147,0.27036775028504184,D
2026-02-01,Premier League,Tottenham,Man City,0.17728214868062658,0.20709614492269596,0.6156217063966775,D
2026-02-01,Bundesliga,Dortmund,Heidenheim,0.8119792196599862,0.13738892860193047,0.05063185173808339,H
2026-02-01,Premier League,Aston Villa,Brentford,0.60561199007862,0.22339953291890452,0.1709884770024755,A
2026-02-01,La Liga,Getafe,Celta,0.2582688444541503,0.27948418813724174,0.46224696740860804,D
2026-02-01,Ligue 1,Angers,Metz,0.5280915572832808,0.2594210707441369,0.21248737197258236,H
2026-02-01,Serie A,Torino,Lecce,0.49038363557302456,0.28092193833407414,0.22869442609290133,H
2026-02-01,Ligue 1,Strasbourg,Paris SG,0.17269175457945668,0.2083968443149075,0.6189114011056358,A
2026-02-01,La Liga,Betis,Valencia,0.592687691849672,0.23198070612027502,0.17533160203005296,H
2026-02-01,Bundesliga,Stuttgart,Freiburg,0.5662597447986102,0.22955491331405012,0.2041853418873396,H
2026-02-01,Premier League,Nott'm Forest,Crystal Palace,0.4201868349758433,0.26602810175154706,0.3137850632726097,D
2026-02-01,Serie A,Cremonese,Inter,0.08043904430807879,0.16737243984965644,0.7521885158422646,A
2026-02-01,Premier League,Man United,Fulham,0.4943340678562674,0.25513540831110665,0.25053052383262603,H
2026-02-01,Serie A,Parma,Juventus,0.11423282250414572,0.22024403846523255,0.6655231390306218,A
2026-02-02,Premier League,Sunderland,Burnley,0.511379700770802,0.2790224579103575,0.20959784131884054,H
2026-02-02,La Liga,Mallorca,Sevilla,0.46421524809987524,0.27105786872328014,0.2647268831768446,H
2026-02-02,Serie A,Udinese,Roma,0.22923616628249455,0.25176743936800283,0.5189963943495026,H
2026-02-03,Serie A,Bologna,Milan,0.2926080593712889,0.23590885577478155,0.47148308485392965,A
2026-02-06,La Liga,Celta,Osasuna,0.5038876387314984,0.26245723159945317,0.2336551296690484,A
2026-02-06,Serie A,Verona,Pisa,0.4131550794025566,0.2643348670171793,0.32251005358026413,D
2026-02-06,Bundesliga,Union Berlin,Ein Frankfurt,0.3404822168425904,0.2367911294265181,0.4227266537308916,D
2026-02-06,Ligue 1,Metz,Lille,0.19560171064177928,0.21193313125329405,0.5924651581049266,D
2026-02-06,Premier League,Leeds,Nott'm Forest,0.3459899876029623,0.2882728141311556,0.3657371982658821,H
2026-02-07,Premier League,Bournemouth,Aston Villa,0.3132470960842852,0.25840050498068495,0.4283523989350299,D
2026-02-07,Serie A,Genoa,Napoli,0.2229833690807439,0.22577720278989963,0.5512394281293566,A
2026-02-07,Premier League,Arsenal,Sunderland,0.7942494935796923,0.1452736433745127,0.060476863045795054,H
2026-02-07,Premier League,Burnley,West Ham,0.3212727905744048,0.2862411987316062,0.392486010693989,A
2026-02-07,Premier League,Newcastle,Brentford,0.4593818997019615,0.2640307513863306,0.27658734891170794,A
2026-02-07,Premier League,Fulham,Everton,0.44147448566785435,0.2594007357387563,0.2991247785933894,A
2026-02-07,Bundesliga,Wolfsburg,Dortmund,0.13398466721384258,0.21830885144427442,0.6477064813418829,A
2026-02-07,La Liga,Barcelona,Mallorca,0.8109389848030101,0.13591829260001617,0.05314272259697372,H
2026-02-07,Ligue 1,Brest,Lorient,0.47577774099561,0.27636776030835025,0.2478544986960397,H
2026-02-07,Premier League,Man United,Tottenham,0.5669699960699732,0.23984650431943008,0.19318349961059672,H
2026-02-07,Premier League,Wolves,Chelsea,0.15642260981383332,0.231064674180538,0.6125127160056286,A
2026-02-07,La Liga,Sociedad,Elche,0.5703338926539435,0.24952874456866866,0.1801373627773878,H
2026-02-07,Bundesliga,Heidenheim,Hamburg,0.38662055371030046,0.29539076321155383,0.3179886830781456,A
2026-02-07,Bundesliga,St Pauli,Stuttgart,0.18521129818542162,0.24229281813600206,0.5724958836785763,H
2026-02-07,Serie A,Fiorentina,Torino,0.5519084239970439,0.22890314837492814,0.21918842762802798,D
2026-02-07,Ligue 1,Nantes,Lyon,0.17554704791624792,0.2464955326329889,0.5779574194507632,A
2026-02-07,Bundesliga,M'gladbach,Leverkusen,0.19105613359360035,0.223875908787759,0.5850679576186407,D
2026-02-07,Bundesliga,Mainz,Augsburg,0.5042490765498192,0.26569995167820104,0.23005097177197967,H
2026-02-07,Bundesliga,Freiburg,Werder Bremen,0.5270082194077877,0.24880381600798204,0.22418796458423013,H
2026-02-07,Ligue 1,Lens,Rennes,0.6100888717312434,0.22625067200642088,0.16366045626233577,H
2026-02-08,Bundesliga,FC Koln,RB Leipzig,0.2485113926718943,0.25628123347485393,0.4952073738532518,A
2026-02-08,La Liga,Alaves,Getafe,0.45116147331744155,0.2945524041942243,0.25428612248833404,A
2026-02-08,Premier League,Liverpool,Man City,0.4340904710461987,0.21517746457949513,0.3507320643743061,A
2026-02-08,Serie A,Juventus,Lazio,0.6807375301365184,0.18026429098537033,0.13899817887811128,D
2026-02-08,Ligue 1,Angers,Toulouse,0.30586656143717034,0.29147920996360993,0.40265422859921973,H
2026-02-08,La Liga,Sevilla,Girona,0.3601975648810725,0.30793460719768273,0.3318678279212447,D
2026-02-08,Ligue 1,Paris SG,Marseille,0.6561852792977827,0.19972226703725882,0.14409245366495843,H
2026-02-08,Serie A,Sassuolo,Inter,0.09705926849062865,0.18342072110625646,0.7195200104031148,A
2026-02-08,Bundesliga,Bayern Munich,Hoffenheim,0.7623215998822102,0.15167292545066977,0.08600547466712007,H
2026-02-08,La Liga,Ath Bilbao,Levante,0.5764676380547117,0.24583341481688414,0.17769894712840414,H
2026-02-08,Ligue 1,Auxerre,Paris FC,0.39766158911969174,0.27364965867663704,0.3286887522036713,D
2026-02-08,Serie A,Bologna,Parma,0.637790388529906,0.2185404947014871,0.14366911676860686,A
2026-02-08,La Liga,Valencia,Real Madrid,0.10997636183713737,0.19829882900732174,0.691724809155541,A
2026-02-08,Premier League,Brighton,Crystal Palace,0.5050297744552914,0.24090284419819474,0.25406738134651374,A
2026-02-08,Ligue 1,Nice,Monaco,0.3899553555321706,0.2547468545003069,0.35529778996752254,D
2026-02-08,Ligue 1,Le Havre,Strasbourg,0.2726553701148781,0.27315261976051974,0.4541920101246022,H
2026-02-08,La Liga,Ath Madrid,Betis,0.6178523657768733,0.20867805578008752,0.17346957844303915,A
2026-02-08,Serie A,Lecce,Udinese,0.30414299616222346,0.2821117529093215,0.413745250928455,H
2026-02-09,La Liga,Villarreal,Espanol,0.6610245118323894,0.20114026272482496,0.13783522544278565,H
2026-02-09,Serie A,Roma,Cagliari,0.6641565029865422,0.21538722946923963,0.1204562675442183,H
2026-02-09,Serie A,Atalanta,Cremonese,0.7405606655631981,0.1741225344792358,0.08531679995756615,H
2026-02-10,Premier League,Everton,Bournemouth,0.4478174016532803,0.27198178157900155,0.2802008167677181,A
2026-02-10,Premier League,Tottenham,Newcastle,0.3627466134564387,0.2364036983749149,0.40084968816864647,A
2026-02-10,Premier League,West Ham,Man United,0.29160058169679465,0.2720523087407403,0.4363471095624651,D
2026-02-10,Premier League,Chelsea,Leeds,0.6915587472666265,0.1977152477948422,0.11072600493853124,D
2026-02-11,Premier League,Aston Villa,Brighton,0.570621452165683,0.22567318263353062,0.2037053652007863,H
2026-02-11,Premier League,Nott'm Forest,Wolves,0.5984468286456079,0.250172774017306,0.15138039733708614,D
2026-02-11,Premier League,Crystal Palace,Burnley,0.6680850372752558,0.21880867964835105,0.11310628307639324,A
2026-02-11,Premier League,Man City,Fulham,0.6919084400203012,0.18953179565450226,0.1185597643251965,H
2026-02-11,Premier League,Sunderland,Liverpool,0.16488838868800074,0.22478396465846817,0.6103276466535311,A
2026-02-12,Premier League,Brentford,Arsenal,0.1964299416206858,0.22790783193025377,0.5756622264490604,D
2026-02-13,Bundesliga,Dortmund,Mainz,0.6930434837574481,0.20443525410120184,0.10252126214135009,H
2026-02-13,La Liga,Elche,Osasuna,0.3091215992671784,0.27425534539661,0.4166230553362116,D
2026-02-13,Ligue 1,Monaco,Nantes,0.6622178733858671,0.2115946539969769,0.126187472617156,H
2026-02-13,Ligue 1,Rennes,Paris SG,0.1163342523698296,0.19129443908258337,0.6923713085475869,H
2026-02-13,Serie A,Pisa,Milan,0.12630489024043098,0.20783230132951097,0.665862808430058,A
2026-02-14,Ligue 1,Paris FC,Lens,0.21441844120236883,0.2484544510164792,0.537127107781152,A
2026-02-14,Bundesliga,Ein Frankfurt,M'gladbach,0.6029841813759056,0.21692156955472278,0.18009424906937155,H
2026-02-14,Serie A,Lazio,Atalanta,0.3420243495486367,0.2738075915584909,0.38416805889287253,A
2026-02-14,Bundesliga,Hamburg,Union Berlin,0.3803880596057172,0.2727854494110911,0.34682649098319174,H
2026-02-14,La Liga,Espanol,Celta,0.35962434050988745,0.27181399697310615,0.36856166251700634,D
2026-02-14,La Liga,Sevilla,Alaves,0.4307693600079194,0.28381189751653785,0.28541874247554283,D
2026-02-14,Serie A,Inter,Juventus,0.5807803987476087,0.21025280453310363,0.20896679671928767,H
2026-02-14,Bundesliga,Hoffenheim,Freiburg,0.47220766071547565,0.2697974669815794,0.257994872302945,H
2026-02-14,Bundesliga,Leverkusen,St Pauli,0.731256839367216,0.18651643470764004,0.08222672592514409,H
2026-02-14,Bundesliga,Werder Bremen,Bayern Munich,0.09054740109478435,0.15679088828735135,0.7526617106178642,A
2026-02-14,Bundesliga,Stuttgart,FC Koln,0.658758688111208,0.21821675313699693,0.12302455875179512,H
2026-02-14,Serie A,Como,Fiorentina,0.5869521275154692,0.21865077374688696,0.19439709873764385,A
2026-02-14,Ligue 1,Lille,Brest,0.48389544876155577,0.25582927244814185,0.2602752787903025,D
2026-02-14,La Liga,Real Madrid,Sociedad,0.7661982795942566,0.16431167973397554,0.06949004067176785,H
2026-02-14,Ligue 1,Marseille,Strasbourg,0.5382109253181814,0.23932813727320681,0.22246093740861192,D
2026-02-14,La Liga,Getafe,Villarreal,0.1916322362300035,0.22549575387253196,0.5828720098974646,H
2026-02-15,La Liga,Levante,Valencia,0.3719065548521884,0.2896194590978526,0.33847398604995904,A
2026-02-15,La Liga,Vallecano,Ath Madrid,0.19154215732420402,0.24415092457214646,0.5643069181036495,H
2026-02-15,Ligue 1,Metz,Auxerre,0.34972048384586407,0.30080580152359654,0.3494737146305394,A
2026-02-15,Serie A,Torino,Bologna,0.33701739287225757,0.26609261734128864,0.39688998978645373,A
2026-02-15,Serie A,Udinese,Sassuolo,0.5297474915573538,0.2545085734566525,0.2157439349859937,A
2026-02-15,Serie A,Cremonese,Genoa,0.3149698100778553,0.2881295989078182,0.39690059101432656,D
2026-02-15,La Liga,Oviedo,Ath Bilbao,0.26963927098200713,0.2657455394562667,0.4646151895617262,A
2026-02-15,Ligue 1,Le Havre,Toulouse,0.3426598199118199,0.293517734950397,0.3638224451377832,H
2026-02-15,Bundesliga,Augsburg,Heidenheim,0.5446016960134311,0.2632071752817451,0.19219112870482374,H
2026-02-15,Serie A,Napoli,Roma,0.48354180167193483,0.2558888497100945,0.2605693486179707,D
2026-02-15,La Liga,Mallorca,Betis,0.27037436330031095,0.2724807369035485,0.4571448997961406,A
2026-02-15,Ligue 1,Lyon,Nice,0.5856258366721023,0.23351448999902957,0.18085967332886818,H
2026-02-15,Bundesliga,RB Leipzig,Wolfsburg,0.6458713604724601,0.2197377612135731,0.13439087831396693,D
2026-02-15,Serie A,Parma,Verona,0.4855194471893274,0.28450575303622133,0.2299747997744513,H
2026-02-15,Ligue 1,Lorient,Angers,0.4974546437900463,0.2785423940227995,0.22400296218715418,H
2026-02-16,Serie A,Cagliari,Lecce,0.4828019897404664,0.2952493220404759,0.22194868821905778,A
2026-02-16,La Liga,Girona,Barcelona,0.10564484074398382,0.18894010034129813,0.7054150589147181,H
2026-02-18,Premier League,Wolves,Arsenal,0.06624827495726777,0.15965704112854243,0.7740946839141898,D
2026-02-18,Serie A,Milan,Como,0.5801499047717749,0.2336785055265997,0.1861715897016255,D
2026-02-18,La Liga,Levante,Villarreal,0.1681268638916771,0.2216243752713253,0.6102487608369975,A
2026-02-20,Bundesliga,Mainz,Hamburg,0.486651600152202,0.29461543508637017,0.21873296476142795,D
2026-02-20,Ligue 1,Brest,Marseille,0.3415953119029888,0.23258835609619158,0.4258163320008197,H
2026-02-20,Serie A,Sassuolo,Verona,0.5322902321632192,0.2789438930729909,0.18876587476378986,H
2026-02-20,La Liga,Ath Bilbao,Elche,0.6370585059247375,0.21852580075022657,0.14441569332503595,H
2026-02-21,Ligue 1,Paris SG,Metz,0.8808868555108977,0.0959637683304337,0.023149376158668647,H
2026-02-21,Bundesliga,RB Leipzig,Dortmund,0.3239126973762715,0.24379704078398814,0.43229026183974045,D
2026-02-21,Premier League,Man City,Newcastle,0.6844704840314854,0.18264050080062166,0.1328890151678931,H
2026-02-21,La Liga,Osasuna,Real Madrid,0.14383026641781685,0.2140445741075024,0.6421251594746806,H
2026-02-21,Premier League,Aston Villa,Leeds,0.6875680345442636,0.2001565213006304,0.11227544415510597,D
2026-02-21,Bundesliga,FC Koln,Hoffenheim,0.25369541503665644,0.27086563844863826,0.4754389465147053,D
2026-02-21,Bundesliga,Union Berlin,Leverkusen,0.17465995005611834,0.22516890831086778,0.600171141633014,H
2026-02-21,Ligue 1,Lens,Monaco,0.5536475441273601,0.23966593979762776,0.2066865160750121,A
2026-02-21,Bundesliga,Bayern Munich,Ein Frankfurt,0.7803120314633758,0.13537067980357095,0.08431728873305319,H
2026-02-21,La Liga,Sociedad,Oviedo,0.5747110133638447,0.2532281953818613,0.17206079125429402,D
2026-02-21,Premier League,Brentford,Brighton,0.44797848384679073,0.2645200329208665,0.2875014832323427,A
2026-02-21,Premier League,Chelsea,Burnley,0.7678488858860256,0.1697738769985892,0.06237723711538512,D
2026-02-21,La Liga,Betis,Vallecano,0.5995864918484411,0.23916438691704672,0.1612491212345122,D
2026-02-21,Premier League,West Ham,Bournemouth,0.323640073944585,0.28241777648870625,0.3939421495667087,D
2026-02-21,Serie A,Cagliari,Lazio,0.3068617905037137,0.262585133049283,0.4305530764470032,D
2026-02-21,Serie A,Juventus,Como,0.5537442336034626,0.22839289135178667,0.21786287504475074,A
2026-02-21,Ligue 1,Toulouse,Paris FC,0.563388984346824,0.24230208982078397,0.19430892583239195,D
2026-02-21,Bundesliga,Wolfsburg,Augsburg,0.42517238512117483,0.2774603777573573,0.2973672371214678,A
2026-02-21,La Liga,Ath Madrid,Espanol,0.6619854657462484,0.19936560581097998,0.13864892844277157,H
2026-02-21,Serie A,Lecce,Inter,0.06961960228748376,0.16187749769710408,0.7685029000154121,A
2026-02-22,Premier League,Sunderland,Fulham,0.3455914214613698,0.2674364265516986,0.3869721519869317,A
2026-02-22,Ligue 1,Angers,Lille,0.2525717646325821,0.2567083028012574,0.49071993256616064,A
2026-02-22,Serie A,Milan,Parma,0.769585289641866,0.1618826346675791,0.06853207569055472,A
2026-02-22,Serie A,Roma,Cremonese,0.7204925352819215,0.18989382072067323,0.08961364399740525,H
2026-02-22,La Liga,Celta,Mallorca,0.5730573574508931,0.233756895968456,0.19318574658065077,H
2026-02-22,Bundesliga,Freiburg,M'gladbach,0.5470413803977601,0.25504489004351594,0.19791372955872402,H
2026-02-22,Premier League,Tottenham,Arsenal,0.1227395185355636,0.18086062136887587,0.6963998600955604,A
2026-02-22,La Liga,Getafe,Sevilla,0.465719058459741,0.2819574349768865,0.25232350656337255,A
2026-02-22,Premier League,Nott'm Forest,Liverpool,0.2210122629630623,0.23212512115792366,0.5468626158790142,A
2026-02-22,La Liga,Villarreal,Valencia,0.6569184684071593,0.21255438338740967,0.13052714820543104,H
2026-02-22,Ligue 1,Nice,Lorient,0.4893062080718443,0.2744080974418337,0.23628569448632208,D
2026-02-22,Bundesliga,St Pauli,Werder Bremen,0.3552743580565419,0.28677562342743257,0.3579500185160257,H
2026-02-22,Serie A,Genoa,Torino,0.49398930064591473,0.24543052425865033,0.2605801750954351,H
2026-02-22,Ligue 1,Auxerre,Rennes,0.3272966782634783,0.2550169099249949,0.4176864118115269,A
2026-02-22,Ligue 1,Strasbourg,Lyon,0.3585426689696444,0.25863225190551975,0.3828250791248358,H
2026-02-22,Bundesliga,Heidenheim,Stuttgart,0.15834239738585382,0.2401156949226941,0.6015419076914521,D
2026-02-22,La Liga,Barcelona,Levante,0.8464396849069981,0.11634817101304674,0.03721214407995526,H
2026-02-22,Premier League,Crystal Palace,Wolves,0.6191675631305819,0.23094324318509277,0.1498891936843254,H
2026-02-22,Serie A,Atalanta,Napoli,0.44074771679994473,0.22621840023260575,0.3330338829674494,H
2026-02-22,Ligue 1,Nantes,Le Havre,0.3324181975167913,0.29199378227533757,0.3755880202078711,H
2026-02-23,Premier League,Everton,Man United,0.3881908347732026,0.27463760819124383,0.33717155703555357,A
2026-02-23,La Liga,Alaves,Girona,0.3584727640220419,0.3021990268684966,0.3393282091094615,D
2026-02-23,Serie A,Bologna,Udinese,0.5253078132071004,0.25424846169194404,0.22044372510095558,H
2026-02-23,Serie A,Fiorentina,Pisa,0.6006380364135213,0.23048637221070542,0.16887559137577324,H
2026-02-27,La Liga,Levante,Alaves,0.35614832264912805,0.2951419194407748,0.3487097579100972,H
2026-02-27,Bundesliga,Augsburg,FC Koln,0.4812536324699175,0.2894535106813968,0.22929285684868572,H
2026-02-27,Premier League,Wolves,Aston Villa,0.13868206680726078,0.21992534081315043,0.6413925923795887,H
2026-02-27,Ligue 1,Strasbourg,Lens,0.348907304840027,0.2375169115296791,0.4135757836302939,D
2026-02-27,Serie A,Parma,Cagliari,0.4034306222328496,0.3163779079845651,0.28019146978258536,D
2026-02-28,Bundesliga,Leverkusen,Mainz,0.698210161444688,0.1936414020262148,0.10814843652909735,D
2026-02-28,Bundesliga,M'gladbach,Union Berlin,0.39338434610213097,0.26818440439887015,0.33843124949899883,H
2026-02-28,La Liga,Oviedo,Ath Madrid,0.17453121011307554,0.22578469071163315,0.5996840991752912,A
2026-02-28,Premier League,Bournemouth,Sunderland,0.6094997472481575,0.23641898969500072,0.15408126305684175,D
2026-02-28,Serie A,Como,Lecce,0.6850363485473933,0.20500968202436679,0.10995396942824001,H
2026-02-28,Premier League,Newcastle,Everton,0.4691791375064835,0.2547579526151256,0.27606290987839094,A
2026-02-28,Bundesliga,Dortmund,Bayern Munich,0.33523440172098246,0.21445691271847395,0.45030868556054365,A
2026-02-28,La Liga,Barcelona,Villarreal,0.651615398081473,0.18894976746750738,0.15943483445101958,H
2026-02-28,Bundesliga,Werder Bremen,Heidenheim,0.5291759412074174,0.25609887081495575,0.21472518797762682,H
2026-02-28,La Liga,Vallecano,Ath Bilbao,0.34981117504170073,0.26710272159639126,0.38308610336190796,D
2026-02-28,Premier League,Liverpool,West Ham,0.6963089158507171,0.2013779655216253,0.10231311862765763,H
2026-02-28,Ligue 1,Rennes,Toulouse,0.488099323053857,0.2698354226244358,0.2420652543217072,H
2026-02-28,Serie A,Verona,Napoli,0.10705145506522874,0.18318197751534396,0.7097665674194272,A
2026-02-28,Bundesliga,Hoffenheim,St Pauli,0.6599397259762461,0.218434117884432,0.12162615613932179,A
2026-02-28,Premier League,Burnley,Brentford,0.22668918976516683,0.2657240670104182,0.507586743224415,A
2026-02-28,Serie A,Inter,Genoa,0.8243285414572837,0.12641510993912328,0.04925634860359285,H
2026-02-28,Ligue 1,Le Havre,Paris SG,0.08762508282154674,0.17537838953217053,0.7369965276462828,A
2026-02-28,Premier League,Leeds,Man City,0.1506657770015329,0.21392622320461444,0.6354079997938527,A
2026-02-28,La Liga,Mallorca,Sociedad,0.3312424193656928,0.27143514100597405,0.3973224396283332,A
2026-02-28,Ligue 1,Monaco,Angers,0.6660014259900895,0.22191859747541864,0.11207997653449182,H
2026-03-01,Serie A,Torino,Lazio,0.27432369095185954,0.2742902648260526,0.4513860442220878,H
2026-03-01,La Liga,Betis,Sevilla,0.6351725165752837,0.23347635521677665,0.13135112820793965,D
2026-03-01,Bundesliga,Hamburg,RB Leipzig,0.24906748328008924,0.25435816810763073,0.4965743486122801,A
2026-03-01,Premier League,Arsenal,Chelsea,0.6571140595097461,0.18629292807299547,0.15659301241725845,H
2026-03-01,Ligue 1,Lille,Nantes,0.6703113302210012,0.21057161350027473,0.11911705627872403,H
2026-03-01,Serie A,Roma,Juventus,0.44557854148653286,0.22590203311675833,0.3285194253967088,D
2026-03-01,Bundesliga,Stuttgart,Wolfsburg,0.6612753238008219,0.20633139767792688,0.1323932785212511,H
2026-03-01,Ligue 1,Marseille,Lyon,0.4160609579713983,0.2559383677975456,0.32800067423105617,H
2026-03-01,Ligue 1,Lorient,Auxerre,0.5265743715645423,0.27699620574472705,0.19642942269073052,D
2026-03-01,Premier League,Man United,Crystal Palace,0.5385060962642431,0.25406954191052233,0.20742436182523458,H
2026-03-01,La Liga,Elche,Espanol,0.3559664865109401,0.2510011888613212,0.3930323246277386,D
2026-03-01,La Liga,Girona,Celta,0.3845066873593668,0.267865267525861,0.3476280451147723,A
2026-03-01,Ligue 1,Paris FC,Nice,0.30232724243050396,0.2749736818951977,0.42269907567429826,H
2026-03-01,Serie A,Cremonese,Milan,0.1286441501180501,0.206454061085758,0.664901788796192,A
2026-03-01,Serie A,Sassuolo,Atalanta,0.20454067284845448,0.2725685865508068,0.5228907406007387,H
2026-03-01,Bundesliga,Ein Frankfurt,Freiburg,0.5077964253872205,0.2434504204429681,0.24875315416981142,H
2026-03-01,Ligue 1,Metz,Brest,0.1834013723323715,0.26175656262809976,0.5548420650395286,A
2026-03-01,Premier League,Fulham,Tottenham,0.5485556431576306,0.23900780013828615,0.21243655670408326,H
2026-03-01,La Liga,Valencia,Osasuna,0.3793708422708194,0.28450740725457985,0.33612175047460063,H
2026-03-01,Premier League,Brighton,Nott'm Forest,0.5222739430567659,0.2516284451605016,0.22609761178273247,H
2026-03-02,Serie A,Pisa,Bologna,0.2607943435279377,0.2551429261719429,0.4840627303001194,A
2026-03-02,La Liga,Real Madrid,Getafe,0.8003076359824597,0.15065148007908155,0.04904088393845869,A
2026-03-02,Serie A,Udinese,Fiorentina,0.36806544500264976,0.27150965983328407,0.3604248951640661,H
2026-03-03,Premier League,Leeds,Sunderland,0.4690944455189575,0.2750236907392017,0.25588186374184074,A
2026-03-03,Premier League,Wolves,Liverpool,0.12846652837938402,0.21112828523861035,0.6604051863820056,H
2026-03-03,Premier League,Bournemouth,Brentford,0.45150774264578325,0.25963417515536763,0.288858082198849,D
2026-03-03,Premier League,Everton,Burnley,0.6733030689592713,0.2123827632279331,0.11431416781279552,H
2026-03-04,Premier League,Fulham,West Ham,0.5484959154163661,0.24913153160257306,0.20237255298106077,A
2026-03-04,Premier League,Man City,Nott'm Forest,0.7411633417511515,0.17532151624461437,0.08351514200423414,D
2026-03-04,La Liga,Vallecano,Oviedo,0.5497109594204039,0.2503586572713797,0.1999303833082164,H
2026-03-04,Premier League,Aston Villa,Chelsea,0.4556040927733292,0.23951252249528,0.30488338473139087,A
2026-03-04,Premier League,Newcastle,Man United,0.3958235746552654,0.2601890192480038,0.34398740609673084,H
2026-03-04,Premier League,Brighton,Arsenal,0.20499331293463993,0.22019080591233597,0.5748158811530241,A
2026-03-04,Bundesliga,Hamburg,Leverkusen,0.16463538308577114,0.23016048898450225,0.6052041279297266,A
2026-03-05,Premier League,Tottenham,Crystal Palace,0.3403214261351745,0.2707560912022155,0.38892248266261004,A
2026-03-06,Bundesliga,Bayern Munich,M'gladbach,0.8416950900423604,0.11856418350198131,0.03974072645565819,H
2026-03-06,Ligue 1,Paris SG,Monaco,0.6958508023303329,0.1883983641144562,0.11575083355521082,A
2026-03-06,Serie A,Napoli,Torino,0.7130768918450379,0.18940727847074817,0.0975158296842139,H
2026-03-06,La Liga,Celta,Real Madrid,0.20078883197132197,0.21804191231796288,0.5811692557107151,A
2026-03-07,Ligue 1,Toulouse,Marseille,0.31054776549220403,0.22296179582215722,0.4664904386856387,A
2026-03-07,La Liga,Osasuna,Mallorca,0.5389677017287625,0.25914045888684345,0.20189183938439395,D
2026-03-07,Ligue 1,Nantes,Angers,0.41876075900618065,0.2920480061340484,0.289191234859771,A
2026-03-07,La Liga,Levante,Girona,0.32077122235813227,0.2877946747971519,0.39143410284471597,D
2026-03-07,Bundesliga,Heidenheim,Hoffenheim,0.2196616318957585,0.24642347598038253,0.533914892123859,A
2026-03-07,Serie A,Juventus,Pisa,0.7604943925355968,0.16350010403575077,0.07600550342865246,H
2026-03-07,Bundesliga,Mainz,Stuttgart,0.27115544231395344,0.27211809131826453,0.45672646636778214,D
2026-03-07,Serie A,Atalanta,Udinese,0.625433054403403,0.23120102081330796,0.14336592478328894,D
2026-03-07,La Liga,Ath Bilbao,Barcelona,0.1702345277219638,0.2168824576495568,0.6128830146284794,A
2026-03-07,Bundesliga,Freiburg,Leverkusen,0.23568234843704292,0.2555829927182271,0.5087346588447299,D
2026-03-07,Serie A,Cagliari,Como,0.2622812080477868,0.2609008012670927,0.47681799068512054,A
2026-03-07,La Liga,Ath Madrid,Sociedad,0.6137418873224865,0.22118515598504448,0.16507295669246907,H
2026-03-07,Bundesliga,RB Leipzig,Augsburg,0.6135068613185285,0.23531510144081944,0.15117803724065199,H
2026-03-07,Bundesliga,Wolfsburg,Hamburg,0.4171656528567268,0.2890138881329161,0.2938204590103571,A
2026-03-07,Bundesliga,FC Koln,Dortmund,0.13469493552293435,0.20437394218894045,0.6609311222881253,A
2026-03-07,Ligue 1,Auxerre,Strasbourg,0.2505358933316008,0.2601913897684287,0.4892727168999704,D
2026-03-08,Serie A,Bologna,Verona,0.6710588465498246,0.21919025925490884,0.1097508941952666,A
2026-03-08,La Liga,Getafe,Betis,0.27653110436903827,0.28247125518624466,0.44099764044471707,H
2026-03-08,Serie A,Fiorentina,Parma,0.5121207553766636,0.27276634746004164,0.21511289716329487,D
2026-03-08,Bundesliga,Union Berlin,Werder Bremen,0.4543568108665616,0.27098585240230055,0.2746573367311378,A
2026-03-08,Ligue 1,Lyon,Paris FC,0.6549929019025925,0.21667836566136958,0.12832873243603776,D
2026-03-08,Ligue 1,Nice,Rennes,0.41027236372831444,0.25270460288633034,0.3370230333853552,A
2026-03-08,Ligue 1,Lens,Metz,0.8032373585278298,0.14680584737455157,0.04995679409761855,H
2026-03-08,Serie A,Milan,Inter,0.2959387472538852,0.2310828496357571,0.4729784031103577,H
2026-03-08,Bundesliga,St Pauli,Ein Frankfurt,0.2383156291292253,0.2796385997758888,0.482045771094886,D
2026-03-08,Serie A,Genoa,Roma,0.2189312472049221,0.22794347019516256,0.5531252825999153,H
2026-03-08,La Liga,Villarreal,Elche,0.7201312130394364,0.1892912324048762,0.09057755455568747,H
2026-03-08,La Liga,Valencia,Alaves,0.5045712888646978,0.2691854773103101,0.22624323382499206,H
2026-03-08,La Liga,Sevilla,Vallecano,0.3349122978185213,0.2997676598501808,0.36532004233129795,D
2026-03-08,Serie A,Lecce,Cremonese,0.4539548166420816,0.28196103789626403,0.2640841454616543,H
2026-03-08,Ligue 1,Brest,Le Havre,0.584379967541787,0.2505368797395877,0.16508315271862528,H
2026-03-08,Ligue 1,Lille,Lorient,0.5752773761083061,0.2443001968519717,0.18042242703972225,D
2026-03-09,Serie A,Lazio,Sassuolo,0.5491775084932716,0.24996614540203108,0.2008563461046973,H
2026-03-09,La Liga,Espanol,Oviedo,0.5283722471345733,0.25619985534687406,0.21542789751855254,D
2026-03-13,Ligue 1,Marseille,Auxerre,0.6527222683261819,0.22868764652103868,0.11859008515277947,H
2026-03-13,Serie A,Torino,Parma,0.4506005935647176,0.28869537630156034,0.26070403013372195,H
2026-03-13,Bundesliga,M'gladbach,St Pauli,0.4740953729417809,0.2890606684020862,0.23684395865613295,H
2026-03-13,La Liga,Alaves,Villarreal,0.21556718547036485,0.22980281551514836,0.5546299990144867,D
2026-03-14,Bundesliga,Hoffenheim,Wolfsburg,0.6442216940417927,0.21114321326956598,0.14463509268864125,D
2026-03-14,Bundesliga,Leverkusen,Bayern Munich,0.2668991370232152,0.21016586557908595,0.5229349973976989,D
2026-03-14,Premier League,Sunderland,Brighton,0.28235642523199594,0.27937867061352156,0.43826490415448244,A
2026-03-14,Premier League,Burnley,Bournemouth,0.20751859904167042,0.27020927655038,0.5222721244079496,D
2026-03-14,Premier League,Arsenal,Everton,0.7064338430139365,0.18529759466569362,0.10826856232036984,H
2026-03-14,Bundesliga,Hamburg,FC Koln,0.4644825530610712,0.2723982934128653,0.2631191535260634,D
2026-03-14,La Liga,Girona,Ath Bilbao,0.3607118689035007,0.27376017778466905,0.36552795331183024,H
2026-03-14,La Liga,Oviedo,Valencia,0.3391866717744118,0.2829331574271558,0.3778801707984324,H
2026-03-14,Bundesliga,Ein Frankfurt,Heidenheim,0.7066491953812957,0.1928515888950211,0.10049921572368319,H
2026-03-14,Ligue 1,Monaco,Brest,0.5175326617754036,0.26881903394010936,0.21364830428448703,H
2026-03-14,Serie A,Inter,Atalanta,0.680886943862657,0.18094137190474785,0.13817168423259507,D
2026-03-14,Premier League,Chelsea,Newcastle,0.5732549336460793,0.21399714421086874,0.21274792214305194,A
2026-03-14,Serie A,Udinese,Juventus,0.2211968555284378,0.21030854250894404,0.5684946019626183,A
2026-03-14,Ligue 1,Lorient,Lens,0.21346229870730374,0.24068081980786657,0.5458568814848297,H
2026-03-14,Premier League,West Ham,Man City,0.15057460644072831,0.22111475716763157,0.6283106363916402,D
2026-03-14,Bundesliga,Dortmund,Augsburg,0.7240583805941496,0.18309815887378886,0.09284346053206152,H
2026-03-14,La Liga,Real Madrid,Elche,0.8228089929153871,0.13193729953548586,0.04525370754912706,H
2026-03-14,Ligue 1,Angers,Nice,0.34626536020212034,0.2761479623588495,0.37758667743903024,A
2026-03-14,La Liga,Ath Madrid,Getafe,0.6585814972295551,0.22859470584306912,0.11282379692737583,H
2026-03-14,Serie A,Napoli,Lecce,0.7632736568021512,0.17053688355600471,0.06618945964184417,H
2026-03-15,La Liga,Betis,Celta,0.4785835448941503,0.2615215761616733,0.2598948789441765,D
2026-03-15,Ligue 1,Rennes,Lille,0.4510800752088162,0.2623060834870665,0.28661384130411716,A
2026-03-15,Serie A,Como,Roma,0.37972229173507727,0.24805362680542173,0.372224081459501,H
2026-03-15,Bundesliga,Stuttgart,RB Leipzig,0.4933839767155899,0.23040898205656118,0.2762070412278489,H
2026-03-15,Premier League,Crystal Palace,Leeds,0.5237418753006866,0.267018386860244,0.20923973783906943,D
2026-03-15,Bundesliga,Freiburg,Union Berlin,0.5253580741570705,0.25919088210215,0.21545104374077956,A
2026-03-15,Serie A,Pisa,Cagliari,0.35718187450390243,0.28615503577360185,0.3566630897224957,H
2026-03-15,Serie A,Sassuolo,Bologna,0.34948196856390756,0.2919077281297583,0.35861030330633414,A
2026-03-15,Ligue 1,Le Havre,Lyon,0.22464986770499967,0.2536924040139874,0.5216577282810129,D
2026-03-15,Serie A,Verona,Genoa,0.28677812663692687,0.2895417694095128,0.42368010395356037,A
2026-03-15,La Liga,Sociedad,Osasuna,0.45800669406665884,0.27313953572334343,0.2688537702099977,H
2026-03-15,Ligue 1,Metz,Toulouse,0.22535593307640817,0.27978757075580085,0.4948564961677911,A
2026-03-15,Ligue 1,Strasbourg,Paris FC,0.6033203789979614,0.22908998451865817,0.16758963648338038,D
2026-03-15,Bundesliga,Werder Bremen,Mainz,0.4330551424742639,0.267265136521057,0.29967972100467904,A
2026-03-15,Premier League,Nott'm Forest,Fulham,0.4123788638124048,0.2573384010065564,0.33028273518103884,D
2026-03-15,La Liga,Barcelona,Sevilla,0.8145459940825123,0.1379498018890301,0.047504204028457515,H
2026-03-15,Premier League,Liverpool,Tottenham,0.7415205955218216,0.16749713564181107,0.09098226883636729,D
2026-03-15,Premier League,Man United,Aston Villa,0.43051624854364556,0.24610433950027824,0.3233794119560763,H
2026-03-15,La Liga,Mallorca,Espanol,0.38987323871479607,0.26078870584041325,0.34933805544479063,H
2026-03-15,Serie A,Lazio,Milan,0.2776941951423736,0.2451631585021133,0.4771426463555131,H
2026-03-16,Serie A,Cremonese,Fiorentina,0.29916433727356845,0.27814676906126357,0.42268889366516804,A
2026-03-16,La Liga,Vallecano,Levante,0.5813648230984888,0.24804081049164609,0.17059436640986506,D
2026-03-16,Premier League,Brentford,Wolves,0.6053863270466336,0.25187385767977,0.14273981527359625,D
2026-03-20,Premier League,Bournemouth,Man United,0.37008076384116934,0.2674158309025732,0.36250340525625746,D
2026-03-20,Serie A,Genoa,Udinese,0.44395918345903274,0.2816198686810729,0.2744209478598943,A
2026-03-20,Bundesliga,RB Leipzig,Hoffenheim,0.48333637880661606,0.2557694190663217,0.2608942021270623,H
2026-03-20,Serie A,Cagliari,Napoli,0.14944543347574626,0.20249228754759135,0.6480622789766622,A
2026-03-20,La Liga,Villarreal,Sociedad,0.5791292838704527,0.2341876169772166,0.18668309915233072,H
2026-03-20,Ligue 1,Lens,Angers,0.75582941571122,0.16294762554136374,0.08122295874741634,H
2026-03-21,Ligue 1,Nice,Paris SG,0.1312620794962351,0.18616112728099268,0.6825767932227722,A
2026-03-21,Serie A,Juventus,Sassuolo,0.6964087660173832,0.19557276858320774,0.10801846539940899,D
2026-03-21,Ligue 1,Toulouse,Lorient,0.41496299679502074,0.2703239869839353,0.31471301622104403,H
2026-03-21,Bundesliga,Heidenheim,Leverkusen,0.11515154327611143,0.1921535353064755,0.6926949214174131,D
2026-03-21,Premier League,Brighton,Liverpool,0.3133937059433536,0.25942233389978325,0.4271839601568632,H
2026-03-21,La Liga,Levante,Oviedo,0.42118417227353,0.29050161138931596,0.288314216337154,H
2026-03-21,Premier League,Fulham,Burnley,0.612940460834339,0.24692909706788876,0.14013044209777234,H
2026-03-21,Bundesliga,FC Koln,M'gladbach,0.40014367154294656,0.27166182342513556,0.3281945050319179,D
2026-03-21,La Liga,Espanol,Getafe,0.44056615075751493,0.28296419179986226,0.2764696574426228,A
2026-03-21,Ligue 1,Auxerre,Brest,0.27787782824387186,0.2842051980118238,0.4379169737443043,H
2026-03-21,Bundesliga,Dortmund,Hamburg,0.7595895469488313,0.1675149569122417,0.07289549613892703,H
2026-03-21,Premier League,Everton,Chelsea,0.33245606038243936,0.25046289720913767,0.417081042408423,H
2026-03-21,Premier League,Leeds,Brentford,0.3149193734437828,0.2556956018492619,0.4293850247069552,D
2026-03-21,La Liga,Osasuna,Girona,0.42498669419947177,0.2796293354369226,0.2953839703636057,H
2026-03-21,La Liga,Sevilla,Valencia,0.38341389710115165,0.29478416125499,0.32180194164385845,A
2026-03-21,Serie A,Parma,Cremonese,0.5354397847344718,0.265187129434735,0.19937308583079313,A
2026-03-21,La Liga,Elche,Mallorca,0.3709955697198114,0.2822143278176195,0.34679010246256914,H
2026-03-21,Serie A,Milan,Torino,0.6757678620898347,0.200440543717822,0.12379159419234324,H
2026-03-21,Bundesliga,Bayern Munich,Union Berlin,0.8289007388001106,0.1257477002399148,0.04535156095997454,H
2026-03-21,Bundesliga,Wolfsburg,Werder Bremen,0.373156292972024,0.2789584303344592,0.34788527669351677,A
2026-03-22,Serie A,Roma,Lecce,0.7279189400384181,0.17818327249724494,0.093897787464337,H
2026-03-22,Bundesliga,St Pauli,Freiburg,0.30140887216766127,0.28050801213614424,0.4180831156961946,A
2026-03-22,Bundesliga,Mainz,Ein Frankfurt,0.34070576758762783,0.2824592536964041,0.37683497871596805,H
2026-03-22,Ligue 1,Paris FC,Le Havre,0.4484084162357216,0.2909667320480215,0.2606248517162569,H
2026-03-22,Serie A,Atalanta,Verona,0.7620292365727392,0.16768021664184043,0.07029054678542043,H
2026-03-22,La Liga,Real Madrid,Ath Madrid,0.6369728710112526,0.1892915336573511,0.1737355953313964,H
2026-03-22,Serie A,Como,Pisa,0.694289885863118,0.20561315592226165,0.10009695821462025,H
2026-03-22,Premier League,Aston Villa,West Ham,0.6070623171749614,0.23269587966368604,0.16024180316135248,H
2026-03-22,La Liga,Barcelona,Vallecano,0.7851911022743773,0.151759385705185,0.06304951202043767,H
2026-03-22,Premier League,Tottenham,Nott'm Forest,0.3613426039956887,0.2764812313269635,0.3621761646773478,A
2026-03-22,La Liga,Celta,Alaves,0.5753748367270473,0.24369086797158782,0.1809342953013649,A
2026-03-22,Ligue 1,Rennes,Metz,0.7561286175904824,0.17018462152091932,0.07368676088859827,D
2026-03-22,Serie A,Bologna,Lazio,0.426657409795981,0.27641057577138595,0.2969320144326331,A
2026-03-22,Serie A,Fiorentina,Inter,0.15810361994144478,0.21113587491642308,0.6307605051421322,D
2026-03-22,La Liga,Ath Bilbao,Betis,0.3779108283435767,0.2676262862503888,0.3544628854060345,H
2026-03-22,Bundesliga,Augsburg,Stuttgart,0.24871648198101282,0.26880910918245604,0.48247440883653125,A
2026-03-22,Ligue 1,Marseille,Lille,0.4782530094689517,0.26248259510026173,0.2592643954307865,A
2026-03-22,Premier League,Newcastle,Sunderland,0.6072664727264487,0.24149524093855204,0.15123828633499928,A
2026-03-22,Ligue 1,Nantes,Strasbourg,0.2190643580139163,0.2645603811644449,0.5163752608216388,A
2026-03-22,Ligue 1,Lyon,Monaco,0.42710150337831154,0.25578173653382824,0.3171167600878603,A
2026-04-03,La Liga,Vallecano,Elche,0.560114971744865,0.24642481012534861,0.19346021812978637,H
2026-04-03,Ligue 1,Paris SG,Toulouse,0.7857797433595061,0.14834489506221196,0.06587536157828205,H
2026-04-04,La Liga,Ath Madrid,Barcelona,0.2840507813904689,0.24073311985340734,0.4752160987561236,A
2026-04-04,La Liga,Sociedad,Levante,0.5673415534854611,0.25465325455378873,0.17800519196075015,H
2026-04-04,Serie A,Sassuolo,Cagliari,0.5030562049354609,0.2662890353175216,0.23065475974701746,H
2026-04-04,Bundesliga,Freiburg,Bayern Munich,0.13234405814435826,0.18824115223750126,0.6794147896181405,A
2026-04-04,Ligue 1,Brest,Rennes,0.3641849199030907,0.29785082831902954,0.3379642517778798,A
2026-04-04,Serie A,Verona,Fiorentina,0.23459651822732908,0.2787834759765032,0.4866200057961677,A
2026-04-04,Bundesliga,Stuttgart,Dortmund,0.40782887648953786,0.2250326305036068,0.3671384930068553,A
2026-04-04,Bundesliga,Hamburg,Augsburg,0.41211051996499,0.2664279482031973,0.3214615318318127,D
2026-04-04,Bundesliga,Werder Bremen,RB Leipzig,0.2604339784641157,0.26593938019912444,0.4736266413367599,A
2026-04-04,La Liga,Mallorca,Real Madrid,0.10361107201247469,0.17325202545707485,0.7231369025304505,H
2026-04-04,Ligue 1,Lille,Lens,0.36743975346168123,0.2660946824773305,0.3664655640609883,H
2026-04-04,Ligue 1,Strasbourg,Nice,0.5614258597717692,0.23039496604104898,0.20817917418718188,H
2026-04-04,Bundesliga,Hoffenheim,Mainz,0.45697754267206775,0.27028185616358325,0.2727406011643491,A
2026-04-04,Bundesliga,M'gladbach,Heidenheim,0.559967597060735,0.25476519321979035,0.1852672097194746,D
2026-04-04,La Liga,Betis,Espanol,0.5896913250102428,0.22518706982021233,0.18512160516954482,D
2026-04-04,Bundesliga,Leverkusen,Wolfsburg,0.7573725065467429,0.16395412781441396,0.07867336563884311,H
2026-04-04,Serie A,Lazio,Parma,0.6207181544010285,0.2367757889767372,0.1425060566222342,D
2026-04-05,Ligue 1,Monaco,Marseille,0.49997404903848647,0.2492940301283258,0.25073192083318774,H
2026-04-05,Serie A,Cremonese,Bologna,0.26457400941781833,0.2803827071312221,0.4550432834509594,A
2026-04-05,Serie A,Inter,Roma,0.6226361059372432,0.1970281374710978,0.18033575659165904,H
2026-04-05,Ligue 1,Metz,Nantes,0.3465487615963538,0.3037805165155602,0.349670721888086,D
2026-04-05,Bundesliga,Union Berlin,St Pauli,0.46942856620346163,0.301914532472713,0.2286569013238254,D
2026-04-05,Ligue 1,Lorient,Paris FC,0.46673414836776,0.27583722493965995,0.25742862669258004,D
2026-04-05,La Liga,Valencia,Celta,0.38911892102292794,0.27788102293601724,0.33300005604105476,A
2026-04-05,La Liga,Getafe,Ath Bilbao,0.365849022688356,0.27987879122871556,0.3542721860829283,H
2026-04-05,Ligue 1,Angers,Lyon,0.19705827420460256,0.23993759112465388,0.5630041346707436,D
2026-04-05,La Liga,Oviedo,Sevilla,0.40536501013375936,0.28621877443084126,0.3084162154353995,H
2026-04-05,Ligue 1,Le Havre,Auxerre,0.41697374353568195,0.2837952194207746,0.29923103704354354,D
2026-04-05,Bundesliga,Ein Frankfurt,FC Koln,0.6053582909619433,0.23363753507077922,0.16100417396727762,D
2026-04-05,La Liga,Alaves,Osasuna,0.38408272666857146,0.2726159516935777,0.34330132163785093,D
2026-04-05,Serie A,Pisa,Torino,0.28945657514297085,0.28849733878766687,0.4220460860693622,A
2026-04-06,Serie A,Juventus,Genoa,0.6797316065090483,0.20234217643814328,0.11792621705280841,H
2026-04-06,Serie A,Napoli,Milan,0.4733233913319944,0.24353683423028716,0.28313977443771843,H
2026-04-06,Serie A,Lecce,Atalanta,0.17694987991597352,0.22882572029520942,0.594224399788817,A
2026-04-06,Serie A,Udinese,Como,0.2759217806076324,0.2675125668216763,0.4565656525706914,D
2026-04-06,La Liga,Girona,Villarreal,0.2821643277102188,0.23692207613834312,0.480913596151438,H
2026-04-10,Premier League,West Ham,Wolves,0.4553445349389064,0.2947805963034733,0.2498748687576203,H
2026-04-10,Ligue 1,Paris FC,Monaco,0.25106807261315894,0.2727446341120155,0.47618729327482556,H
2026-04-10,Bundesliga,Augsburg,Hoffenheim,0.37587051068593635,0.2555377568903493,0.3685917324237143,D
2026-04-10,Serie A,Roma,Pisa,0.7589709470378742,0.16300895956821082,0.07802009339391505,H
2026-04-10,La Liga,Real Madrid,Girona,0.736265800184709,0.17732288220714162,0.08641131760814941,D
2026-04-10,Ligue 1,Marseille,Metz,0.7370518417144567,0.19030178362787106,0.07264637465767229,H
2026-04-11,La Liga,Sociedad,Alaves,0.5413900423613585,0.25231694406107635,0.2062930135775652,D
2026-04-11,La Liga,Barcelona,Espanol,0.8090637813019216,0.14184487615949676,0.04909134253858163,H
2026-04-11,Serie A,Atalanta,Juventus,0.41779802733049914,0.24288271827716187,0.339319254392339,A
2026-04-11,Bundesliga,Wolfsburg,Ein Frankfurt,0.2393621442161408,0.2699446035368389,0.4906932522470203,A
2026-04-11,Premier League,Arsenal,Bournemouth,0.7027699680801406,0.1910597469510098,0.10617028496884959,A
2026-04-11,Serie A,Milan,Udinese,0.6438395915842346,0.22494070998662688,0.13121969842913858,A
2026-04-11,Premier League,Burnley,Brighton,0.19610821464903244,0.2606222449455341,0.5432695404054335,A
2026-04-11,Premier League,Brentford,Everton,0.43441924784754143,0.2650044536802953,0.3005762984721633,D
2026-04-11,Bundesliga,St Pauli,Bayern Munich,0.06478475980509497,0.14878105899040134,0.7864341812045037,A
2026-04-11,La Liga,Sevilla,Ath Madrid,0.18552171925686542,0.2252915315860602,0.5891867491570745,H
2026-04-11,Serie A,Cagliari,Cremonese,0.4740608322190119,0.26523930998774325,0.2606998577932449,H
2026-04-11,Bundesliga,Dortmund,Leverkusen,0.49860154198855205,0.22543770361432172,0.27596075439712625,A
2026-04-11,La Liga,Elche,Valencia,0.3227992439051973,0.2924821182887996,0.38471863780600296,H
2026-04-11,Serie A,Torino,Verona,0.6091441677281799,0.2453258235411311,0.1455300087306889,H
2026-04-11,Bundesliga,RB Leipzig,M'gladbach,0.66070782886786,0.21265069700046876,0.1266414741316712,H
2026-04-11,Premier League,Liverpool,Fulham,0.6073577815782218,0.225157055528649,0.16748516289312926,H
2026-04-11,Ligue 1,Auxerre,Nantes,0.4983511436042888,0.28273954476598995,0.21890931162972121,D
2026-04-11,Ligue 1,Rennes,Angers,0.6696448863526071,0.2096710551690727,0.12068405847832012,H
2026-04-11,Bundesliga,Heidenheim,Union Berlin,0.3511949940880766,0.26761224951892065,0.38119275639300265,H
2026-04-12,La Liga,Osasuna,Betis,0.3710531462886679,0.25880383810074914,0.3701430156105829,D
2026-04-12,Serie A,Parma,Napoli,0.16681338867958787,0.22413755440154084,0.6090490569188713,D
2026-04-12,Serie A,Como,Inter,0.2597212808382999,0.2203369938557773,0.5199417253059229,A
2026-04-12,Bundesliga,Mainz,Freiburg,0.4537571536809865,0.2606139723355504,0.2856288739834631,A
2026-04-12,Serie A,Genoa,Sassuolo,0.4122320239685195,0.2882170167527309,0.29955095927874964,H
2026-04-12,Premier League,Crystal Palace,Newcastle,0.4143248536336269,0.25659327644030827,0.32908186992606486,H
2026-04-12,Serie A,Bologna,Lecce,0.6154627311381918,0.2382647685250856,0.14627250033672254,H
2026-04-12,La Liga,Celta,Oviedo,0.6199369460124945,0.23242371165126707,0.1476393423362385,A
2026-04-12,Bundesliga,FC Koln,Werder Bremen,0.3779578086619559,0.28614780899893133,0.33589438233911273,H
2026-04-12,Ligue 1,Toulouse,Lille,0.2680295826270059,0.26635877788704926,0.46561163948594503,A
2026-04-12,Premier League,Chelsea,Man City,0.29824113981515793,0.22929980167394778,0.4724590585108942,A
2026-04-12,La Liga,Ath Bilbao,Villarreal,0.3136873852347074,0.24896498527127242,0.43734762949402023,A
2026-04-12,Ligue 1,Nice,Le Havre,0.47090679576770933,0.27920796717905655,0.24988523705323423,D
2026-04-12,Ligue 1,Lyon,Lorient,0.5731706006609238,0.23284279957230897,0.19398659976676727,H
2026-04-12,Premier League,Sunderland,Tottenham,0.48076777955360567,0.26364014429380517,0.2555920761525892,H
2026-04-12,Bundesliga,Stuttgart,Hamburg,0.6780440580732559,0.2065811650904589,0.1153747768362853,H
2026-04-12,La Liga,Mallorca,Vallecano,0.3683002447422749,0.29881122443364777,0.3328885308240773,H
2026-04-12,Premier League,Nott'm Forest,Aston Villa,0.33418281714118386,0.23274829182683357,0.43306889103198265,D
2026-04-13,Premier League,Man United,Leeds,0.6073499614867888,0.24219248419288936,0.1504575543203218,A
2026-04-13,Serie A,Fiorentina,Lazio,0.38871470575119715,0.2721429351897052,0.33914235905909756,H
2026-04-13,La Liga,Levante,Getafe,0.35413343992361146,0.3087266260945155,0.3371399339818729,H
2026-04-17,Ligue 1,Lens,Toulouse,0.6894866149819082,0.18530146238438927,0.12521192263370248,H
2026-04-17,Serie A,Inter,Cagliari,0.8365463156382658,0.1208057987075848,0.04264788565414946,H
2026-04-17,Serie A,Sassuolo,Como,0.2562791642250518,0.2526087501721999,0.4911120856027481,H
2026-04-17,Bundesliga,St Pauli,FC Koln,0.35861521304322286,0.29441896805391327,0.3469658189028638,D
2026-04-18,Premier League,Tottenham,Brighton,0.2507570618803702,0.2684796981468559,0.480763239972774,D
2026-04-18,Serie A,Udinese,Parma,0.5327518102695072,0.25080170817072595,0.21644648155976678,A
2026-04-18,Premier League,Brentford,Fulham,0.5022357816723406,0.2559123184329515,0.24185189989470784,D
2026-04-18,Serie A,Napoli,Lazio,0.6007499216096667,0.23748360765342222,0.1617664707369111,A
2026-04-18,Premier League,Chelsea,Man United,0.44268495763495963,0.24313891809224059,0.3141761242727998,A
2026-04-18,Premier League,Leeds,Wolves,0.5171584915168955,0.2709926727723925,0.21184883571071209,H
2026-04-18,Ligue 1,Lorient,Marseille,0.27425772915796726,0.2586889054784803,0.4670533653635524,H
2026-04-18,Bundesliga,Werder Bremen,Hamburg,0.4982255969776811,0.26652735203906347,0.2352470509832554,H
2026-04-18,Serie A,Roma,Atalanta,0.43628420183110567,0.24320457523835964,0.3205112229305346,D
2026-04-18,Ligue 1,Angers,Le Havre,0.36889742977450607,0.29707933604000936,0.3340232341854846,D
2026-04-18,Bundesliga,Leverkusen,Augsburg,0.7435530863838389,0.16239431310168811,0.094052600514473,A
2026-04-18,Bundesliga,Hoffenheim,Dortmund,0.25269977552476164,0.24259776280477996,0.5047024616704584,H
2026-04-18,Ligue 1,Lille,Nice,0.7030208936412823,0.18265537339121637,0.11432373296750137,D
2026-04-18,Bundesliga,Union Berlin,Wolfsburg,0.4763122837317306,0.2765568201662445,0.24713089610202482,A
2026-04-18,Premier League,Newcastle,Bournemouth,0.4237324016745954,0.2642822503603761,0.31198534796502847,A
2026-04-18,Bundesliga,Ein Frankfurt,RB Leipzig,0.34319217898057297,0.2720822712166132,0.38472554980281376,A
2026-04-19,Bundesliga,Freiburg,Heidenheim,0.6250686648704636,0.2320060351411697,0.14292529998836664,H
2026-04-19,Premier League,Nott'm Forest,Burnley,0.6488085907964543,0.2199435795906547,0.13124782961289108,H
2026-04-19,Serie A,Verona,Milan,0.13066594851252622,0.20323167932454184,0.666102372162932,A
2026-04-19,Bundesliga,Bayern Munich,Stuttgart,0.7424464525447767,0.15613354523245476,0.10142000222276848,H
2026-04-19,Serie A,Cremonese,Torino,0.2905986989206723,0.28051563780100214,0.42888566327832545,D
2026-04-19,Serie A,Pisa,Genoa,0.28233671965518825,0.30282598995904964,0.4148372903857621,A
2026-04-19,Ligue 1,Monaco,Auxerre,0.6367635183211816,0.24239627355274007,0.12084020812607833,D
2026-04-19,Ligue 1,Paris SG,Lyon,0.6998942109785182,0.18168981092549752,0.11841597809598431,A
2026-04-19,Premier League,Everton,Liverpool,0.32031226549487696,0.24774999972004766,0.4319377347850753,A
2026-04-19,Bundesliga,M'gladbach,Mainz,0.36921255773433515,0.28033398204448495,0.3504534602211799,D
2026-04-19,Premier League,Aston Villa,Sunderland,0.6250339795269747,0.2341187266155061,0.14084729385751915,H
2026-04-19,Ligue 1,Metz,Paris FC,0.21670257073259505,0.2812080911030229,0.5020893381643821,A
2026-04-19,Ligue 1,Strasbourg,Rennes,0.4300091672072634,0.26569758985688174,0.3042932429358548,A
2026-04-19,Ligue 1,Nantes,Brest,0.2769793222514072,0.25958870741604406,0.46343197033254874,D
2026-04-19,Premier League,Man City,Arsenal,0.4573596997902794,0.23036177880638023,0.31227852140334045,H
2026-04-19,Serie A,Juventus,Bologna,0.6231197676242345,0.2209934527247463,0.15588677965101924,H
2026-04-20,Premier League,Crystal Palace,West Ham,0.5187927723392706,0.2650024855749608,0.21620474208576865,D
2026-04-20,Serie A,Lecce,Fiorentina,0.24256008500679616,0.2867594207108123,0.47068049428239156,D
2026-04-21,La Liga,Mallorca,Valencia,0.4290237580918328,0.2845140690644202,0.28646217284374703,D
2026-04-21,La Liga,Ath Bilbao,Osasuna,0.4397446788017775,0.2656098441638649,0.29464547703435773,H
2026-04-21,Premier League,Brighton,Chelsea,0.4583328589921015,0.24815203277990647,0.2935151082279921,H
2026-04-21,La Liga,Girona,Betis,0.37048763014474445,0.26556648758874996,0.36394588226650565,A
2026-04-21,La Liga,Real Madrid,Alaves,0.7727167484334743,0.15511766290559253,0.07216558866093324,H
2026-04-22,La Liga,Elche,Ath Madrid,0.17143902256525229,0.22962579570350902,0.5989351817312386,H
2026-04-22,La Liga,Barcelona,Celta,0.7844401917028896,0.1457113980787022,0.06984841021840807,H
2026-04-22,Premier League,Burnley,Man City,0.06280513038837522,0.15955505600302763,0.7776398136085972,A
2026-04-22,La Liga,Sociedad,Getafe,0.5092583890160123,0.26833794923612386,0.22240366174786383,A
2026-04-22,Premier League,Bournemouth,Leeds,0.5349611591734463,0.27054723571792216,0.19449160510863156,D
2026-04-22,Ligue 1,Paris SG,Nantes,0.8329053342603462,0.1287778428744578,0.03831682286519593,H
2026-04-23,La Liga,Vallecano,Espanol,0.4619172741019968,0.2730812172466239,0.2650015086513792,H
2026-04-23,La Liga,Oviedo,Villarreal,0.21103031696965852,0.25685642589312396,0.5321132571372176,D
2026-04-23,La Liga,Levante,Sevilla,0.43785522062325266,0.28138146718975005,0.2807633121869972,H
2026-04-24,Bundesliga,RB Leipzig,Union Berlin,0.719248076572207,0.1839339938310666,0.09681792959672644,H
2026-04-24,Premier League,Sunderland,Nott'm Forest,0.3289412513049279,0.30288964568897536,0.36816910300609673,A
2026-04-24,Serie A,Napoli,Cremonese,0.7533201119561279,0.17977654465202023,0.06690334339185182,H
2026-04-24,Ligue 1,Brest,Lens,0.284962565524398,0.24364838088530644,0.4713890535902956,D
2026-04-24,La Liga,Betis,Real Madrid,0.24021487425035587,0.21829048461814815,0.541494641131496,D
2026-04-25,Bundesliga,Augsburg,Ein Frankfurt,0.3636400089602955,0.26645447985480175,0.36990551118490267,D
2026-04-25,Serie A,Verona,Lecce,0.36697676032331467,0.28132167188370344,0.35170156779298184,D
2026-04-25,Bundesliga,FC Koln,Leverkusen,0.18494516306053269,0.21761302550539724,0.59744181143407,A
2026-04-25,Ligue 1,Lyon,Auxerre,0.6246683520626396,0.23666976062774087,0.13866188730961956,H
2026-04-25,La Liga,Getafe,Barcelona,0.11768309677453807,0.19633831153212183,0.6859785916933401,A
2026-04-25,Bundesliga,Mainz,Bayern Munich,0.10234775427654186,0.17962945472040456,0.7180227910030537,A
2026-04-25,Premier League,Fulham,Aston Villa,0.33187663986306243,0.2393133097144851,0.42881005042245246,H
2026-04-25,Premier League,Wolves,Tottenham,0.38639125821858267,0.2959187104816554,0.317690031299762,A
2026-04-25,Serie A,Parma,Pisa,0.5667463919695372,0.25200054990219495,0.18125305812826778,H
2026-04-25,Premier League,West Ham,Everton,0.3381085559987617,0.2747887529832593,0.387102691017979,H
2026-04-25,Serie A,Bologna,Roma,0.3339581761347869,0.25800201223729374,0.4080398116279193,A
2026-04-25,La Liga,Ath Madrid,Ath Bilbao,0.6075461555480094,0.21018042988702498,0.1822734145649656,H
2026-04-25,Ligue 1,Angers,Paris SG,0.07364514388342376,0.15597560123881643,0.7703792548777599,A
2026-04-25,Bundesliga,Heidenheim,St Pauli,0.4365793067972017,0.2690979225669254,0.294322770635873,H
2026-04-25,La Liga,Alaves,Mallorca,0.4350244172001191,0.2844850614255359,0.28049052137434494,H
2026-04-25,Ligue 1,Toulouse,Monaco,0.27734701761163555,0.25752211173733147,0.46513087065103303,D
2026-04-25,Premier League,Arsenal,Newcastle,0.6844185382079869,0.19315751679467774,0.12242394499733537,H
2026-04-25,La Liga,Valencia,Girona,0.40330817262884566,0.27773729907309996,0.31895452829805443,H
2026-04-25,Premier League,Liverpool,Crystal Palace,0.6056762640315887,0.22569484985573524,0.16862888611267604,H
2026-04-25,Bundesliga,Hamburg,Hoffenheim,0.2963893241105047,0.2535865731345167,0.4500241027549786,A
2026-04-25,Bundesliga,Wolfsburg,M'gladbach,0.3520106648655085,0.2889689239719842,0.35902041116250727,D
2026-04-26,Serie A,Torino,Inter,0.12535265123414283,0.1859794865101662,0.6886678622556911,D
2026-04-26,Bundesliga,Stuttgart,Werder Bremen,0.6575824927639469,0.20871679233558102,0.13370071490047208,D
2026-04-26,Ligue 1,Paris FC,Lille,0.2784867859609841,0.27093849843567624,0.4505747156033397,A
2026-04-26,Ligue 1,Marseille,Nice,0.5939940208812442,0.22598609682507223,0.18001988229368368,D
2026-04-26,La Liga,Villarreal,Celta,0.6156626032513928,0.21245725094914472,0.17188014579946248,H
2026-04-26,La Liga,Osasuna,Sevilla,0.5524103179157908,0.24599437437388852,0.2015953077103208,H
2026-04-26,Ligue 1,Le Havre,Metz,0.5779027587803478,0.2533620359043518,0.16873520531530053,D
2026-04-26,Serie A,Milan,Juventus,0.4152998602689366,0.25472593799817883,0.3299742017328845,D
2026-04-26,Ligue 1,Rennes,Nantes,0.6862542469957273,0.2110335651318535,0.10271218787241909,H
2026-04-26,Ligue 1,Lorient,Strasbourg,0.3694173767362678,0.27350306414971637,0.35707955911401584,A
2026-04-26,Serie A,Genoa,Como,0.2740794935424404,0.2699596905960908,0.4559608158614688,A
2026-04-26,Serie A,Fiorentina,Sassuolo,0.5205911506393386,0.26481943714020445,0.21458941222045694,D
2026-04-26,Bundesliga,Dortmund,Freiburg,0.6336544363555975,0.21383121946629666,0.1525143441781059,H
2026-04-26,La Liga,Oviedo,Elche,0.4822667288518824,0.2885320342816052,0.2292012368665124,A
2026-04-26,La Liga,Vallecano,Sociedad,0.3753940924963063,0.28722333480579804,0.3373825726978957,D
2026-04-27,Serie A,Cagliari,Atalanta,0.1708661913615277,0.23920219087070138,0.589931617767771,H
2026-04-27,La Liga,Espanol,Levante,0.4251336352621679,0.28995144118117444,0.2849149235566576,D
2026-04-27,Premier League,Man United,Brentford,0.5003893979033469,0.249551673178169,0.2500589289184841,H
2026-04-27,Serie A,Lazio,Udinese,0.5377986379250971,0.2659982598546922,0.19620310222021073,D
2026-05-01,Premier League,Leeds,Burnley,0.6357655493724209,0.2347836290772516,0.12945082155032747,H
2026-05-01,Serie A,Pisa,Lecce,0.35994747891193574,0.300514828815502,0.33953769227256225,A
2026-05-01,La Liga,Girona,Mallorca,0.45598100561041566,0.2788507484183567,0.26516824597122757,A
2026-05-02,La Liga,Osasuna,Barcelona,0.13613092286035777,0.20347818125685196,0.6603908958827903,A
2026-05-02,Bundesliga,Werder Bremen,Augsburg,0.4292783875719948,0.27046040883966543,0.30026120358833974,A
2026-05-02,Serie A,Udinese,Torino,0.4604955130468476,0.2676189313411681,0.27188555561198424,H
2026-05-02,Serie A,Atalanta,Genoa,0.6597127965601597,0.20371286971154873,0.13657433372829153,D
2026-05-02,Bundesliga,Union Berlin,FC Koln,0.40573007484678303,0.28618848827119275,0.30808143688202416,D
2026-05-02,Premier League,Newcastle,Brighton,0.36483965816967356,0.26859727855907123,0.3665630632712552,H
2026-05-02,Bundesliga,Leverkusen,RB Leipzig,0.4877229316022645,0.24591216720862666,0.2663649011891089,H
2026-05-02,Bundesliga,Bayern Munich,Heidenheim,0.8815315258042608,0.09555936159404148,0.022909112601697812,D
2026-05-02,La Liga,Alaves,Ath Bilbao,0.38407823367416094,0.26845114237316037,0.34747062395267875,A
2026-05-02,Bundesliga,Hoffenheim,Stuttgart,0.33139768046882895,0.26053534272933493,0.4080669768018362,D
2026-05-02,Serie A,Como,Napoli,0.37404214289764326,0.23017817774817598,0.3957796793541808,D
2026-05-02,Premier League,Wolves,Sunderland,0.37178737433861075,0.2899269423900423,0.3382856832713469,D
2026-05-02,Ligue 1,Nantes,Marseille,0.17236794941774422,0.2315767217589321,0.5960553288233236,H
2026-05-02,Premier League,Arsenal,Fulham,0.6843151496502753,0.20056938814318517,0.11511546220653952,H
2026-05-02,Ligue 1,Paris SG,Lorient,0.8069540818740385,0.13432155084513991,0.058724367280821595,D
2026-05-02,Ligue 1,Nice,Lens,0.2598706721514285,0.23557746170345478,0.5045518661451167,D
2026-05-02,La Liga,Valencia,Ath Madrid,0.2618165362929438,0.23056879008395584,0.5076146736231004,A
2026-05-02,Ligue 1,Metz,Monaco,0.14804318572272843,0.21468286430554015,0.6372739499717315,A
2026-05-02,Bundesliga,Ein Frankfurt,Hamburg,0.6385503781235425,0.21380437129941077,0.14764525057704675,A
2026-05-02,Premier League,Brentford,West Ham,0.5035894775688687,0.26156174804599946,0.23484877438513188,H
2026-05-02,La Liga,Villarreal,Levante,0.6785395853667913,0.21781401317162985,0.10364640146157886,H
2026-05-03,Ligue 1,Lille,Le Havre,0.6923793921645599,0.19888808636433145,0.10873252147110857,D
2026-05-03,La Liga,Betis,Oviedo,0.6105039321096716,0.2368325414483955,0.15266352644193287,H
2026-05-03,La Liga,Espanol,Real Madrid,0.12113962193506303,0.18459998821122897,0.694260389853708,A
2026-05-03,Serie A,Juventus,Verona,0.7745350046986641,0.16970214599712405,0.05576284930421193,D
2026-05-03,Serie A,Bologna,Cagliari,0.5672665814491777,0.25216026729707475,0.18057315125374748,D
2026-05-03,La Liga,Getafe,Vallecano,0.4410534939521473,0.2856709087157374,0.2732755973321152,A
2026-05-03,Serie A,Inter,Parma,0.8168831995898258,0.1333221119493976,0.049794688460776566,H
2026-05-03,Premier League,Aston Villa,Tottenham,0.6642063097606413,0.2121101307510291,0.12368355948832957,A
2026-05-03,Ligue 1,Paris FC,Brest,0.4431573969258484,0.24567786731644398,0.3111647357577077,H
2026-05-03,Premier League,Man United,Liverpool,0.36909814499165294,0.25217295796450473,0.3787288970438423,H
2026-05-03,Ligue 1,Strasbourg,Toulouse,0.5766820089336369,0.2351244462589856,0.18819354480737752,A
2026-05-03,Ligue 1,Lyon,Rennes,0.49469981124465723,0.25645792445812243,0.24884226429722028,H
2026-05-03,Ligue 1,Auxerre,Angers,0.5203283031905944,0.25263173207901485,0.2270399647303908,H
2026-05-03,Bundesliga,Freiburg,Wolfsburg,0.5802943826008812,0.254636818332348,0.16506879906677083,D
2026-05-03,Bundesliga,M'gladbach,Dortmund,0.17523526919243776,0.21775980776436413,0.607004923043198,H
2026-05-03,Premier League,Bournemouth,Crystal Palace,0.5027364828026968,0.26073470856036046,0.23652880863694273,H
2026-05-03,Bundesliga,St Pauli,Mainz,0.27678564108033676,0.2775716430356054,0.44564271588405774,A
2026-05-03,Serie A,Sassuolo,Milan,0.25182115305222214,0.24306522435558087,0.505113622592197,H
2026-05-03,La Liga,Celta,Elche,0.5462912295159933,0.2629256809848676,0.19078308949913908,H
2026-05-04,Premier League,Everton,Man City,0.21296349824777744,0.2132430891799548,0.5737934125722678,D
2026-05-04,Serie A,Cremonese,Lazio,0.18219234808712859,0.2529832440264496,0.5648244078864217,A
2026-05-04,Serie A,Roma,Fiorentina,0.5833336119208296,0.2411999471671234,0.175466440912047,H
2026-05-04,Premier League,Chelsea,Nott'm Forest,0.3875684437561914,0.29132658231243297,0.3211049739313756,A
2026-05-04,La Liga,Sevilla,Sociedad,0.30431567342745264,0.27142933536019,0.4242549912123573,H
2026-05-08,Ligue 1,Lens,Nantes,0.72482466272079,0.1890057157530583,0.08616962152615174,H
2026-05-08,Bundesliga,Dortmund,Ein Frankfurt,0.6488736721491353,0.19513782060392862,0.15598850724693608,H
2026-05-08,La Liga,Levante,Osasuna,0.3130400015745621,0.2949698509036555,0.3919901475217824,H
2026-05-08,Serie A,Torino,Sassuolo,0.4077190951098996,0.29440184258726854,0.29787906230283173,H
2026-05-09,Bundesliga,RB Leipzig,St Pauli,0.7292594174082982,0.18722478884685165,0.0835157937448502,H
2026-05-09,Bundesliga,Wolfsburg,Bayern Munich,0.06263307794023913,0.13759293859965277,0.799773983460108,A
2026-05-09,Bundesliga,Hoffenheim,Werder Bremen,0.5741138161822289,0.23763083460587223,0.18825534921189885,H
2026-05-09,Premier League,Fulham,Bournemouth,0.3475366487990503,0.2777652202356464,0.37469813096530336,A
2026-05-09,Premier League,Brighton,Wolves,0.7012343498291597,0.19683521024879394,0.10193043992204637,H
2026-05-09,Serie A,Lecce,Juventus,0.1423439213581114,0.23387688253937192,0.6237791961025166,A
2026-05-09,Bundesliga,Augsburg,M'gladbach,0.47347023151992873,0.279365750615222,0.24716401786484926,H
2026-05-09,Premier League,Man City,Brentford,0.6691467038484793,0.2010304103177308,0.12982288583378981,H
2026-05-09,La Liga,Sevilla,Espanol,0.43339768359012426,0.2899909474660922,0.2766113689437835,H
2026-05-09,La Liga,Elche,Alaves,0.3952813624074488,0.2891628856198405,0.3155557519727107,D
2026-05-09,Premier League,Sunderland,Man United,0.23289579452361606,0.26174867409198255,0.5053555313844014,D
2026-05-09,Serie A,Lazio,Inter,0.20729210458692193,0.20642662627771594,0.5862812691353623,A
2026-05-09,Premier League,Liverpool,Chelsea,0.6520534425316478,0.18627190747997785,0.16167464998837436,D
2026-05-09,La Liga,Sociedad,Betis,0.33933525378017854,0.2645921720065879,0.39607257421323355,D
2026-05-09,Bundesliga,Stuttgart,Leverkusen,0.3590687151870394,0.23096784013216853,0.409963444680792,H
2026-05-09,Serie A,Cagliari,Udinese,0.3134779959907843,0.3007694900941033,0.3857525139151124,A
2026-05-09,La Liga,Ath Madrid,Celta,0.6247255650591027,0.20920143552856438,0.1660729994123329,A
2026-05-10,Bundesliga,Mainz,Union Berlin,0.5510300265163036,0.24461156613005958,0.2043584073536368,A
2026-05-10,Ligue 1,Toulouse,Lyon,0.2688740466227992,0.25945529355550245,0.47167065982169826,H
2026-05-10,Ligue 1,Auxerre,Nice,0.36583211720159947,0.2726201967052397,0.36154768609316074,H
2026-05-10,Serie A,Parma,Roma,0.20049531143300547,0.24871612614602606,0.5507885624209684,A
2026-05-10,Serie A,Verona,Como,0.1604481578462321,0.22709695598138172,0.6124548861723862,A
2026-05-10,Serie A,Cremonese,Pisa,0.4354976221509787,0.2891185629564001,0.2753838148926212,H
2026-05-10,Ligue 1,Rennes,Paris FC,0.4927370379471389,0.2760320309100615,0.23123093114279955,H
2026-05-10,Ligue 1,Paris SG,Brest,0.7987401752214236,0.1287379890823835,0.07252183569619283,H
2026-05-10,Premier League,Burnley,Aston Villa,0.135077875679001,0.2235192220129907,0.6414029023080083,D
2026-05-10,Serie A,Fiorentina,Genoa,0.4765901930954634,0.279540529491108,0.24386927741342862,D
2026-05-10,Bundesliga,FC Koln,Heidenheim,0.47318668194482044,0.28313971880817285,0.24367359924700668,A
2026-05-10,La Liga,Oviedo,Getafe,0.3819781650610334,0.2959492624146441,0.3220725725243226,D
2026-05-10,Ligue 1,Angers,Strasbourg,0.2621591956223529,0.2579982028349914,0.4798426015426557,D
2026-05-10,Premier League,Crystal Palace,Everton,0.3585422621798895,0.268343134259458,0.37311460356065246,D
2026-05-10,Bundesliga,Hamburg,Freiburg,0.30895696675109235,0.2722963139130213,0.41874671933588636,H
2026-05-10,Ligue 1,Monaco,Lille,0.384648868232894,0.26759576703630156,0.3477553647308044,A
2026-05-10,La Liga,Ath Bilbao,Valencia,0.5313796691007009,0.24981954256081843,0.21880078833848066,A
2026-05-10,Premier League,Nott'm Forest,Newcastle,0.49096749266036593,0.23854523291222915,0.2704872744274048,D
2026-05-10,Ligue 1,Le Havre,Marseille,0.298681600690097,0.24402653435746377,0.45729186495243923,A
2026-05-10,La Liga,Mallorca,Villarreal,0.21842681500569164,0.25358503302439916,0.5279881519699092,D
2026-05-10,Serie A,Milan,Atalanta,0.4343504178011842,0.24807128232802128,0.31757829987079456,A
2026-05-10,Ligue 1,Metz,Lorient,0.23403965326441142,0.26655580874336793,0.49940453799222057,A
2026-05-10,La Liga,Barcelona,Real Madrid,0.5496339843331036,0.2127372173812546,0.23762879828564176,H
2026-05-10,Premier League,West Ham,Arsenal,0.1488149025669603,0.2091140055531358,0.642071091879904,A
2026-05-11,Premier League,Tottenham,Leeds,0.3513626108909073,0.3073804841425516,0.3412569049665411,D
2026-05-11,La Liga,Vallecano,Girona,0.4519663368831027,0.28663322596469853,0.26140043715219863,D
2026-05-11,Serie A,Napoli,Bologna,0.6611938863842733,0.20195273592883822,0.13685337768688838,A
2026-05-12,La Liga,Celta,Levante,0.5646526890606909,0.25694723633977506,0.17840007459953405,A
2026-05-12,La Liga,Betis,Elche,0.6588146949841421,0.21950660652695636,0.12167869848890153,H
2026-05-12,La Liga,Osasuna,Ath Madrid,0.2814732807863059,0.24099401957008645,0.4775326996436076,A
2026-05-13,La Liga,Getafe,Mallorca,0.39544148444797456,0.30048768105200374,0.30407083450002176,H
2026-05-13,Ligue 1,Brest,Strasbourg,0.40601424942243913,0.2498783123704985,0.3441074382070623,A
2026-05-13,La Liga,Villarreal,Sevilla,0.7139526332119212,0.19410527366536942,0.09194209312270939,A
2026-05-13,La Liga,Espanol,Ath Bilbao,0.2861337000357333,0.26921653661908174,0.44464976334518497,H
2026-05-13,Premier League,Man City,Crystal Palace,0.7547956992926617,0.16074646303910128,0.08445783766823704,H
2026-05-13,Ligue 1,Lens,Paris SG,0.2534354300349363,0.22636245635676383,0.5202021136082999,A
2026-05-13,La Liga,Alaves,Barcelona,0.09381143934278387,0.17194396439482124,0.7342445962623948,H
2026-05-14,La Liga,Valencia,Vallecano,0.418541031970937,0.28479447408878616,0.2966644939402769,D
2026-05-14,La Liga,Real Madrid,Oviedo,0.7717061213848874,0.16438857547180163,0.06390530314331101,H
2026-05-14,La Liga,Girona,Sociedad,0.39576095256866883,0.2560386365965684,0.34820041083476283,D
2026-05-15,Premier League,Aston Villa,Liverpool,0.3757106493765289,0.2403313827286569,0.38395796789481407,H
2026-05-16,Bundesliga,Bayern Munich,FC Koln,0.8630474730268661,0.10588766987365361,0.03106485709948026,H
2026-05-16,Bundesliga,Heidenheim,Mainz,0.3407737930471635,0.2701366019319157,0.38908960502092077,A
2026-05-16,Bundesliga,Leverkusen,Hamburg,0.7477233674721337,0.1698885377093678,0.0823880948184984,D
2026-05-16,Bundesliga,Union Berlin,Augsburg,0.3697983831453533,0.2805036570424632,0.3496979598121835,H
2026-05-16,Bundesliga,Ein Frankfurt,Stuttgart,0.31190554003507676,0.243957681629364,0.4441367783355593,D
2026-05-16,Bundesliga,St Pauli,Wolfsburg,0.37036906666754854,0.3064509990693093,0.3231799342631421,A
2026-05-16,Bundesliga,Freiburg,RB Leipzig,0.30813911274854094,0.26244943418277117,0.4294114530686879,H
2026-05-16,Bundesliga,M'gladbach,Hoffenheim,0.31859459919297933,0.2745448163645896,0.40686058444243106,H
2026-05-16,Bundesliga,Werder Bremen,Dortmund,0.170332348822891,0.21683614447588026,0.6128315067012288,A
2026-05-17,Premier League,Newcastle,West Ham,0.5349285083032325,0.25169200953569165,0.2133794821610759,H
2026-05-17,Ligue 1,Lorient,Le Havre,0.533914295776622,0.25222289361478417,0.21386281060859388,A
2026-05-17,Serie A,Genoa,Milan,0.2766485338635227,0.24777048584214942,0.4755809802943278,A
2026-05-17,Ligue 1,Nice,Metz,0.6796291568113122,0.20444236711062916,0.11592847607805862,D
2026-05-17,Premier League,Everton,Sunderland,0.6175607967700609,0.21486193981962434,0.16757726341031468,A
2026-05-17,Ligue 1,Paris FC,Paris SG,0.15828509509012756,0.20082140729065373,0.6408934976192187,H
2026-05-17,Premier League,Man United,Nott'm Forest,0.46991038303323984,0.27838111772783924,0.2517084992389209,H
2026-05-17,Premier League,Leeds,Brighton,0.3241590880698877,0.27435979429332474,0.40148111763678757,H
2026-05-17,Serie A,Atalanta,Bologna,0.5664127400534847,0.22585295935273705,0.20773430059377823,A
2026-05-17,La Liga,Osasuna,Espanol,0.49640939218210883,0.268624845078806,0.23496576273908526,A
2026-05-17,La Liga,Sociedad,Valencia,0.48156215286497317,0.2627382096302515,0.25569963750477526,A
2026-05-17,Serie A,Udinese,Cremonese,0.6186390556096091,0.23844155524436456,0.1429193891460264,A
2026-05-17,La Liga,Barcelona,Betis,0.6888020408300158,0.1929707131160944,0.11822724605388982,H
2026-05-17,La Liga,Oviedo,Alaves,0.36646134516312023,0.28664144830669774,0.346897206530182,A
2026-05-17,La Liga,Vallecano,Villarreal,0.26735291807213113,0.2541255589452864,0.4785215229825825,H
2026-05-17,Ligue 1,Marseille,Rennes,0.44756314324863805,0.2607865542936791,0.29165030245768286,H
2026-05-17,Ligue 1,Strasbourg,Monaco,0.38880830586584625,0.24575792840468944,0.36543376572946434,H
2026-05-17,Ligue 1,Lille,Auxerre,0.6730946511987391,0.21203634124123957,0.11486900756002139,A
2026-05-17,La Liga,Sevilla,Real Madrid,0.14168140906691556,0.21593672413405413,0.6423818667990303,A
2026-05-17,Serie A,Sassuolo,Lecce,0.5387196141585603,0.2685133319820806,0.19276705385935908,A
2026-05-17,Premier League,Brentford,Crystal Palace,0.5280661362201967,0.2311224422274738,0.24081142155232957,D
2026-05-17,Premier League,Wolves,Fulham,0.2568983795376833,0.2805914296656605,0.46251019079665645,D
2026-05-17,Serie A,Juventus,Fiorentina,0.6476811974861169,0.2157889054195526,0.1365298970943305,A
2026-05-17,Serie A,Cagliari,Torino,0.3365137578642827,0.29902391550013235,0.3644623266355849,H
2026-05-17,Serie A,Como,Parma,0.6324417591917495,0.22271723620090722,0.14484100460734328,H
2026-05-17,La Liga,Ath Madrid,Girona,0.6311666475140892,0.22001633720539904,0.1488170152805118,H
2026-05-17,Ligue 1,Nantes,Toulouse,0.3194388940577069,0.26598537889170415,0.4145757270505889,D
2026-05-17,Serie A,Inter,Verona,0.8655792571033906,0.1087010973649596,0.025719645531649783,D
2026-05-17,Ligue 1,Brest,Angers,0.5583455847459553,0.24514587912363972,0.196508536130405,D
2026-05-17,Ligue 1,Lyon,Lens,0.47203262344051966,0.24108666078137334,0.28688071577810703,A
2026-05-17,Serie A,Roma,Lazio,0.5979318302642335,0.2117891809537783,0.19027898878198812,H
2026-05-17,La Liga,Elche,Getafe,0.3732741140477244,0.2953161765127064,0.33140970943956904,H
2026-05-17,La Liga,Ath Bilbao,Celta,0.4253586638340867,0.2678996761869051,0.30674165997900826,D
2026-05-17,Serie A,Pisa,Napoli,0.0887805641772053,0.1783224849252892,0.7328969508975055,A
2026-05-17,La Liga,Levante,Mallorca,0.423329482814529,0.2963003413875549,0.2803701757979161,H
2026-05-18,Premier League,Arsenal,Burnley,0.8521548525374691,0.11555995056445209,0.03228519689807881,H
2026-05-19,Premier League,Chelsea,Tottenham,0.5410834112234968,0.25956214550202533,0.19935444327447788,H
2026-05-19,Premier League,Bournemouth,Man City,0.24839865791458401,0.24124791481960084,0.5103534272658151,D
2026-05-22,Serie A,Fiorentina,Atalanta,0.3285712044890934,0.25396016898025486,0.4174686265306518,D
2026-05-23,La Liga,Celta,Sevilla,0.5407867676180236,0.26013320735520173,0.1990800250267747,H
2026-05-23,La Liga,Mallorca,Oviedo,0.4832561809428648,0.2760620550866269,0.24068176397050817,H
2026-05-23,La Liga,Alaves,Vallecano,0.3585647345768379,0.3020202763532542,0.3394149890699079,A
2026-05-23,La Liga,Girona,Elche,0.4870534386838386,0.26909686086530965,0.24384970045085183,D
2026-05-23,La Liga,Valencia,Barcelona,0.12412455783844324,0.19963195808070694,0.6762434840808498,H
2026-05-23,La Liga,Real Madrid,Ath Bilbao,0.7093513663279565,0.18424525525501695,0.10640337841702655,H
2026-05-23,Serie A,Bologna,Inter,0.16346827409563838,0.21180652438604844,0.6247252015183131,D
2026-05-23,La Liga,Betis,Levante,0.6234505074276857,0.22495460841534198,0.15159488415697225,H
2026-05-23,Serie A,Lazio,Pisa,0.7118824411533142,0.19625157344507294,0.09186598540161284,H
2026-05-23,La Liga,Espanol,Sociedad,0.3616512120925978,0.27606108435013244,0.36228770355726975,D
2026-05-23,La Liga,Getafe,Osasuna,0.4176633726764467,0.27101173886333807,0.3113248884602152,H
2026-05-24,Premier League,Crystal Palace,Arsenal,0.17860138150362298,0.21849850960821549,0.6029001088881616,A
2026-05-24,Serie A,Lecce,Genoa,0.36094450797055444,0.2937114438733158,0.34534404815612973,H
2026-05-24,Serie A,Torino,Juventus,0.23510531679174437,0.24385290130785056,0.5210417819004052,D
2026-05-24,Serie A,Cremonese,Como,0.19669308059639168,0.26574673332393134,0.537560186079677,A
2026-05-24,Premier League,Man City,Aston Villa,0.6599586417764362,0.18587603256215457,0.15416532566140934,A
2026-05-24,Serie A,Parma,Sassuolo,0.3883943666462199,0.2912843870718681,0.320321246281912,H
2026-05-24,Serie A,Napoli,Udinese,0.6837575773141665,0.19348052911220015,0.12276189357363329,H
2026-05-24,Premier League,Fulham,Newcastle,0.35591847070801896,0.2752812219333599,0.368800307358621,H
2026-05-24,Serie A,Verona,Roma,0.11409448187555973,0.211656274411409,0.6742492437130313,A
2026-05-24,Premier League,Tottenham,Everton,0.331903807062314,0.26175279787120387,0.40634339506648226,H
2026-05-24,Serie A,Milan,Cagliari,0.6985195441710329,0.19801993927347142,0.10346051655549572,A
2026-05-24,Premier League,West Ham,Leeds,0.34603029545755093,0.2987124742917238,0.3552572302507252,H
2026-05-24,Premier League,Liverpool,Brentford,0.5780371290857605,0.22358776515171488,0.19837510576252454,D
2026-05-24,Premier League,Burnley,Wolves,0.37763787243068214,0.29246429359371606,0.3298978339756018,D
2026-05-24,Premier League,Sunderland,Chelsea,0.3269406255135764,0.25727003422758193,0.4157893402588417,H
2026-05-24,La Liga,Villarreal,Ath Madrid,0.46373737241728996,0.24184937410578997,0.2944132534769201,H
2026-05-24,Premier League,Brighton,Man United,0.4378754379171541,0.2476728037540864,0.31445175832875943,A
2026-05-24,Premier League,Nott'm Forest,Bournemouth,0.4180200746336498,0.2525417650198185,0.32943816034653167,D
