date,league,home_team,away_team,expected_home_goals,expected_away_goals,prob_home,prob_draw,prob_away,result
2024-08-15,La Liga,Betis,Girona,1.4041354685994434,1.5886861089483233,0.33831862430701926,0.24221384914150418,0.4194675265514765,D
2024-08-15,La Liga,Ath Bilbao,Getafe,1.9040924622478792,0.8369976569799598,0.6250041338868574,0.21627594289987986,0.1587199232132628,D
2024-08-16,La Liga,Celta,Alaves,1.5736641554000261,1.051222850966889,0.49450238310526345,0.25198007012497986,0.2535175467697567,H
2024-08-16,Ligue 1,Le Havre,Paris SG,0.9318443964257865,2.3133425879432745,0.13619221982886898,0.18065315819967862,0.6831546219714524,A
2024-08-16,Premier League,Man United,Fulham,1.8373984230463503,0.9685313788995358,0.5776855619758666,0.2264827760836216,0.1958316619405117,H
2024-08-16,La Liga,Las Palmas,Sevilla,1.1382597393392786,1.410439991824837,0.30386631073915976,0.26402997606407497,0.43210371319676527,D
2024-08-17,Premier League,Ipswich,Liverpool,0.9128875578453624,1.9283207669233566,0.17238962426863688,0.21617603037977856,0.6114343453515846,A
2024-08-17,Ligue 1,Monaco,St Etienne,2.6534862531422787,0.7581494781797513,0.776287009158342,0.14121723970704864,0.08249575113460933,H
2024-08-17,La Liga,Valencia,Barcelona,0.9130746675566375,2.038679161370122,0.1600545769915007,0.2053042395103043,0.6346411834981951,A
2024-08-17,Serie A,Parma,Fiorentina,0.9558561490121316,1.9789985868000146,0.17570044116304506,0.21246173378184885,0.6118378250551061,D
2024-08-17,Premier League,Nott'm Forest,Bournemouth,1.3995784920253678,1.2379495530299454,0.40723419137010597,0.26070920864586045,0.33205659998403353,D
2024-08-17,Premier League,West Ham,Aston Villa,1.392543923015366,1.5687796381896657,0.33917964009554713,0.2437721031147252,0.4170482567897278,A
2024-08-17,Premier League,Newcastle,Southampton,2.8770748009636926,0.85553646449818,0.7868250950115233,0.13070593749667445,0.08246896749180227,H
2024-08-17,Ligue 1,Reims,Lille,1.2602511434289654,1.5292571923765965,0.3136976962502287,0.25075658223564085,0.4355457215141305,A
2024-08-17,Serie A,Milan,Torino,2.1385772518840995,0.9772370637027669,0.639498243384302,0.19827666631300844,0.16222509030268956,D
2024-08-17,Premier League,Arsenal,Wolves,2.8945254347279668,0.6818926547886851,0.8227453833555983,0.11723863775022615,0.06001597889417551,H
2024-08-17,Serie A,Empoli,Monza,1.2812341637936353,1.214001004209343,0.3809516674435848,0.27016221975313026,0.3488861128032849,D
2024-08-17,La Liga,Osasuna,Leganes,1.5380393706779951,1.0610917289429111,0.4831258821029423,0.255110624275993,0.26176349362106477,D
2024-08-17,Ligue 1,Brest,Marseille,1.573828517007924,1.2504653818199127,0.4488097649968249,0.24786196593469004,0.303328269068485,A
2024-08-17,Serie A,Genoa,Inter,0.9929347067091454,2.1407576270665194,0.16510487965417428,0.1986493331486258,0.6362457871971999,D
2024-08-17,Premier League,Everton,Brighton,1.389792902266682,1.0959231825999352,0.43625341996004113,0.2673799190687947,0.29636666097116426,A
2024-08-18,Serie A,Lazio,Venezia,2.201476823370323,0.787766640496562,0.6965005155847095,0.18358563486053706,0.11991384955475339,H
2024-08-18,Serie A,Verona,Napoli,1.1350908062048872,1.5657305190769875,0.2759192031073494,0.25123961234506376,0.47284118454758683,H
2024-08-18,Ligue 1,Rennes,Lyon,1.6150593221873,1.4165885828457727,0.4232350624444986,0.24028031495487318,0.3364846226006282,H
2024-08-18,La Liga,Sociedad,Vallecano,1.8054217525020393,0.8034108655000419,0.6116916360014868,0.2259712919135174,0.16233707208499573,A
2024-08-18,Premier League,Chelsea,Man City,1.175440487620127,2.1341287576609704,0.2027026879086888,0.20444954820404113,0.5928477638872701,A
2024-08-18,Ligue 1,Angers,Lens,0.901438942536092,1.9320688722172448,0.16948624148173294,0.21545918596689148,0.6150545725513756,A
2024-08-18,La Liga,Mallorca,Real Madrid,0.864357458406913,2.531729289081114,0.10658662912248631,0.15815419154228463,0.7352591793352291,D
2024-08-18,Ligue 1,Montpellier,Strasbourg,1.5956959251408653,1.0944286059907924,0.4898075944894446,0.24937146758669068,0.26082093792386474,D
2024-08-18,Ligue 1,Toulouse,Nantes,1.6955405025100219,0.9840971625402887,0.5407513740100128,0.24061096045015193,0.2186376655398353,D
2024-08-18,Serie A,Cagliari,Roma,1.101454500065072,1.6848462351304054,0.24851842677443972,0.24144793780023177,0.5100336354253284,D
2024-08-18,Ligue 1,Auxerre,Nice,1.1285786781675822,1.603572848617932,0.2680391616960518,0.2481635577193326,0.4837972805846157,H
2024-08-18,Serie A,Bologna,Udinese,1.81271492346557,0.9182932060614118,0.58442858523145,0.22801962716912227,0.18755178759942776,D
2024-08-18,Premier League,Brentford,Crystal Palace,1.4230251527085496,1.4956627513448228,0.36049903390923227,0.24666645238642299,0.39283451370434475,H
2024-08-19,Serie A,Lecce,Atalanta,0.9751604898237015,1.765029641997607,0.2068974148493598,0.23368693260304596,0.5594156525475942,A
2024-08-19,La Liga,Villarreal,Ath Madrid,1.3790672996274291,1.481614806636484,0.35230597006087755,0.24933808336600446,0.39835594657311796,D
2024-08-19,Premier League,Leicester,Tottenham,1.2247362873577445,1.5600079256339237,0.29935081642324063,0.24956861593970858,0.4510805676370508,D
2024-08-19,Serie A,Juventus,Como,1.9487780045375191,0.8107376501408096,0.6411150049692834,0.2105543133246137,0.14833068170610286,H
2024-08-19,La Liga,Valladolid,Espanol,1.4218009729492944,1.2688306914265193,0.40635960113555153,0.257820385426926,0.33582001343752255,H
2024-08-23,Ligue 1,Paris SG,Montpellier,2.549151623687399,0.8143732522023545,0.7488719643766636,0.1535880097074796,0.09754002591585686,H
2024-08-23,La Liga,Celta,Valencia,1.510425817066163,1.1106594418956623,0.4644509568488971,0.25649631329498285,0.27905272985612,H
2024-08-23,Bundesliga,M'gladbach,Leverkusen,0.947032753919944,2.43530210902047,0.12795661981789774,0.1708946681761282,0.7011487120059741,A
2024-08-23,La Liga,Sevilla,Villarreal,1.3220992568166154,1.5179970594730114,0.3312257940658381,0.2493953458581838,0.419378860075978,A
2024-08-24,Ligue 1,St Etienne,Le Havre,1.4330526057661945,1.2623907171098836,0.4106389584188496,0.2573393887560792,0.33202165282507123,A
2024-08-24,La Liga,Getafe,Vallecano,1.3498029198270463,1.0868677265498454,0.42755766079704033,0.2712189931840228,0.3012233460189369,D
2024-08-24,Premier League,Aston Villa,Arsenal,1.1898719983817012,1.7612739768944021,0.2577718938125993,0.2345174464745188,0.5077106597128819,A
2024-08-24,Serie A,Udinese,Lazio,1.1407908573769354,1.533070015256362,0.2828788293459302,0.25383982374392583,0.4632813469101439,H
2024-08-24,Premier League,Crystal Palace,West Ham,1.9140471625122193,1.1045939339633877,0.5623380014427937,0.2214728440231706,0.21618915453403564,A
2024-08-24,Ligue 1,Lyon,Monaco,1.4173033983273264,1.556317275886248,0.347537725029435,0.24358738910978425,0.4088748858607808,A
2024-08-24,Bundesliga,RB Leipzig,Bochum,2.504054448981829,0.8016721975542416,0.7446631325625853,0.15660790850562045,0.09872895893179416,H
2024-08-24,La Liga,Osasuna,Mallorca,1.5457833811367854,1.135729964719206,0.46766585096943636,0.25289844012418883,0.2794357089063748,H
2024-08-24,Premier League,Fulham,Leicester,1.529765374872096,1.105868630852202,0.47050840202461036,0.2549367561028095,0.27455484187258006,H
2024-08-24,Bundesliga,Augsburg,Werder Bremen,1.3203293681496835,1.4295049188297078,0.34754468877005446,0.25502228034008717,0.39743303088985826,D
2024-08-24,Serie A,Inter,Lecce,2.9747615969427295,0.6098819670752134,0.8452338221054286,0.10611112391951841,0.048655053975053,H
2024-08-24,Premier League,Brighton,Man United,1.2963588509959256,1.300409902660227,0.36699783492413496,0.2641051178862882,0.36889704718957683,H
2024-08-24,Serie A,Parma,Milan,0.8721819756288995,2.594939752036406,0.10317229012407253,0.15341994415617508,0.7434077657197524,H
2024-08-24,Bundesliga,Freiburg,Stuttgart,1.2057689941464105,1.545138615944682,0.29720187547530186,0.2512031035412971,0.4515950209834011,H
2024-08-24,Bundesliga,Mainz,Union Berlin,1.6657308271619022,1.147248067768744,0.49472604807078596,0.24267750426799303,0.262596447661221,D
2024-08-24,Premier League,Tottenham,Everton,1.8176296245594263,0.9391634341454355,0.5803931684880558,0.22791842522021755,0.19168840629172662,H
2024-08-24,La Liga,Espanol,Sociedad,1.2335447066239997,1.4764440327277162,0.31653916126124676,0.25542988003255723,0.42803095870619606,A
2024-08-24,Premier League,Southampton,Nott'm Forest,1.3881894127630872,1.4049313211627141,0.36962205782073637,0.2531545549576099,0.3772233872216537,A
2024-08-24,Bundesliga,Dortmund,Ein Frankfurt,2.142911916023836,1.0346437857458939,0.6269375039877406,0.19988398843944968,0.17317850757280964,H
2024-08-24,Serie A,Monza,Genoa,1.383743490461619,1.2566553015940776,0.39908979073402173,0.2609289942428048,0.3399812150231734,A
2024-08-24,Premier League,Man City,Ipswich,3.1670698178042556,0.5984179996818962,0.8663322515398041,0.09281804530174799,0.040849703158447964,H
2024-08-24,Bundesliga,Hoffenheim,Holstein Kiel,1.786482828311355,1.089850592919734,0.5368553213206914,0.23250412052166158,0.23064055815764714,H
2024-08-24,Ligue 1,Lille,Angers,2.755552427763322,0.6679747932069973,0.8085689310624976,0.12657115326506987,0.06485991567243253,H
2024-08-24,La Liga,Barcelona,Ath Bilbao,2.1118561734132792,0.888414184520824,0.6553079546585945,0.19725104553615144,0.1474409998052541,H
2024-08-25,Ligue 1,Marseille,Reims,1.9317305747215119,0.9580649785775873,0.6011523207103628,0.2170740574757553,0.18177362181388182,D
2024-08-25,La Liga,Leganes,Las Palmas,1.5942569517508784,0.9505728589008573,0.5241101945558373,0.2508447390042158,0.22504506643994687,H
2024-08-25,Premier League,Wolves,Chelsea,1.1486983908958173,1.6956564115278558,0.25821682486529896,0.24016815205440703,0.5016150230802939,A
2024-08-25,Serie A,Napoli,Bologna,1.3880323415725662,1.2565229478049051,0.4002365166506134,0.2606467986899959,0.33911668465939077,H
2024-08-25,La Liga,Alaves,Betis,1.1771981355185919,1.4618649896937497,0.3047114431630926,0.25851138987565164,0.43677716696125574,D
2024-08-25,Serie A,Torino,Atalanta,1.2985582431434641,1.579345762585552,0.31423072318057826,0.24612705698405876,0.43964221983536306,H
2024-08-25,La Liga,Ath Madrid,Girona,1.7324931222531617,1.288413176328744,0.4787691216261219,0.23568952091031717,0.285541357463561,H
2024-08-25,Premier League,Liverpool,Brentford,2.5471007062692923,0.8036842362941037,0.7508846407367424,0.15307257898710996,0.0960427802761476,H
2024-08-25,Bundesliga,St Pauli,Heidenheim,1.2598980527555577,1.184563476945195,0.38142422018331446,0.2733997810509526,0.3451759987657329,A
2024-08-25,Premier League,Bournemouth,Newcastle,1.229125610700188,1.636937914505199,0.2872323127795046,0.24369499740629966,0.4690726898141957,D
2024-08-25,Ligue 1,Nantes,Auxerre,1.3213148822597545,1.1568834510881134,0.4041324087393355,0.27031301306421396,0.32555457819645056,H
2024-08-25,Ligue 1,Nice,Toulouse,1.7756899023112076,1.0041599501791123,0.5548431321551207,0.23294405593886866,0.21221281190601063,D
2024-08-25,Serie A,Fiorentina,Venezia,2.2467141700521114,0.85640046980602,0.6885377152204549,0.1829285452379452,0.12853373954159988,D
2024-08-25,Bundesliga,Wolfsburg,Bayern Munich,1.0525093318149814,1.942261985519172,0.20102162460253137,0.21817257213488894,0.5808058032625797,A
2024-08-25,La Liga,Real Madrid,Valladolid,3.061279996530844,0.6285025872543489,0.8508465043580076,0.10176971587139051,0.047383779770602034,H
2024-08-25,Serie A,Roma,Empoli,1.7761671970832777,0.8432156563341295,0.5948785203349802,0.23027700111357338,0.17484447855144644,A
2024-08-25,Ligue 1,Strasbourg,Rennes,1.345083519212196,1.5747349548766938,0.32648696145628575,0.2450038453268991,0.42850919321681524,H
2024-08-25,Ligue 1,Lens,Brest,1.6728431697668074,1.1739100035739032,0.49030952516880677,0.24177438513568453,0.2679160896955087,H
2024-08-26,Serie A,Cagliari,Como,1.3223472247844434,1.1580873610223046,0.4041464170832252,0.27017261995649994,0.3256809629602749,D
2024-08-26,Serie A,Verona,Juventus,1.129073901625389,1.7988741715959669,0.23794140089112828,0.2315343682640978,0.530524230844774,A
2024-08-26,La Liga,Villarreal,Celta,1.8752609799671556,1.0557907447569594,0.5652061656024643,0.22426552218261364,0.21052831221492213,H
2024-08-27,La Liga,Vallecano,Barcelona,0.837022982059129,2.07973481035079,0.14047514097162384,0.1981494702880719,0.6613753887403043,A
2024-08-27,La Liga,Mallorca,Sevilla,1.4410350041459747,1.1609449692153542,0.43501775519122743,0.2607243463372616,0.30425789847151097,D
2024-08-28,La Liga,Sociedad,Alaves,1.7696307010887848,0.8399519344953409,0.5941999651493203,0.23092032199927948,0.1748797128514002,A
2024-08-28,La Liga,Ath Madrid,Espanol,2.61169013599828,0.7925805689165274,0.7629643900786212,0.14696818779970558,0.09006742212167324,D
2024-08-28,La Liga,Ath Bilbao,Valencia,1.8046415617857332,0.9634014405368981,0.5714695184862727,0.22962167467575492,0.19890880683797232,H
2024-08-28,La Liga,Valladolid,Leganes,1.273062743384668,1.1715110793748669,0.38782818060271224,0.2731955946621154,0.33897622473517236,D
2024-08-29,La Liga,Las Palmas,Real Madrid,0.7564405204863028,2.7987191743252082,0.07397327043735422,0.12973522695515197,0.7962915026074938,D
2024-08-29,La Liga,Girona,Osasuna,1.9806727148377505,0.989843121259572,0.6040210277182121,0.21324190714778685,0.182737065134001,H
2024-08-30,Serie A,Inter,Atalanta,2.1948251466957314,1.1011122328990435,0.6219450682292971,0.19755313416435052,0.18050179760635238,H
2024-08-30,Bundesliga,Union Berlin,St Pauli,1.5195565367093888,1.06745992943648,0.47689149220121724,0.25667505913569116,0.2664334486630916,H
2024-08-30,Ligue 1,Lyon,Strasbourg,1.7529321221499063,1.059570838595938,0.5361911799790697,0.2354178857680382,0.2283909342528922,H
2024-08-30,Serie A,Venezia,Torino,1.1001098849376267,1.608098879463496,0.2602410633570841,0.24819867768415443,0.4915602589587615,A
2024-08-31,Serie A,Bologna,Empoli,1.832371618038118,0.9208769395632517,0.5882518166110847,0.22606451297322774,0.18568367041568748,D
2024-08-31,Serie A,Napoli,Parma,2.2246817507469583,0.7270631540966735,0.715212760454918,0.17774187589884877,0.10704536364623331,H
2024-08-31,La Liga,Leganes,Mallorca,1.4323777109987825,1.098635143314262,0.4469354634239236,0.26359236128791647,0.2894721752881601,A
2024-08-31,Premier League,Nott'm Forest,Wolves,1.6446545751819215,1.0915894862831717,0.5025789707409037,0.24507118752138188,0.2523498417377144,D
2024-08-31,Bundesliga,Bochum,M'gladbach,1.469831897703014,1.272553948462572,0.4178619560352173,0.25443076058617486,0.32770728337860777,A
2024-08-31,Bundesliga,Holstein Kiel,Wolfsburg,1.4143281634162406,1.158544796637957,0.42856394459131153,0.2629362997498334,0.30849975565885507,A
2024-08-31,Ligue 1,Montpellier,Nantes,1.5675800153512878,1.0188050745905395,0.5007332685398515,0.25297345474428484,0.24629327671586368,A
2024-08-31,Serie A,Lecce,Cagliari,1.2977382444224315,1.1812755735164853,0.39242866694896184,0.27082228405521563,0.33674904899582253,H
2024-08-31,Serie A,Lazio,Milan,1.5073048414467831,1.5026448494952216,0.3797523558029685,0.24254182713214797,0.3777058170648835,D
2024-08-31,Premier League,Arsenal,Brighton,2.277056894756412,0.8078117124477007,0.7053965575800304,0.17744275131780216,0.11716069110216742,D
2024-08-31,La Liga,Espanol,Vallecano,1.3740864057161994,1.1235231145680393,0.42576986935596667,0.26760958702690296,0.3066205436171305,H
2024-08-31,Premier League,Leicester,Aston Villa,1.1384006012736199,1.480696045336264,0.29133440999338395,0.2582470032024755,0.4504185868041406,A
2024-08-31,Premier League,Brentford,Southampton,1.8683837068597862,0.9041261743715723,0.6004629806250875,0.22199906468764438,0.17753795468726813,H
2024-08-31,Bundesliga,Stuttgart,Mainz,1.8989622778969348,1.038843302107339,0.5745273648658161,0.2218560623138065,0.20361657282037748,D
2024-08-31,Bundesliga,Ein Frankfurt,Hoffenheim,1.575648674544817,1.4314125310711547,0.4106624697417585,0.24199555693903754,0.34734197331920386,H
2024-08-31,Ligue 1,Toulouse,Marseille,1.2101502784841114,1.596973555119393,0.28934522307912447,0.24712807727161593,0.46352669964925963,A
2024-08-31,Bundesliga,Werder Bremen,Dortmund,1.234079854397555,1.8535006425812193,0.25390981729088347,0.22714858524821707,0.5189415974608994,D
2024-08-31,La Liga,Barcelona,Valladolid,2.621877257513921,0.6019526963953854,0.8049377415190454,0.13222145433587448,0.06284080414508018,H
2024-08-31,Premier League,Ipswich,Fulham,1.3094446571529201,1.1762448556755856,0.3966871001157079,0.2702216373766958,0.3330912625075962,D
2024-08-31,Premier League,Everton,Bournemouth,1.3888541078135535,1.1650944789445992,0.4203812821117404,0.2646763550249296,0.31494236286332994,A
2024-08-31,Ligue 1,Brest,St Etienne,1.914148250776689,0.8811643598243862,0.616184311131384,0.21666117257598702,0.16715451629262892,H
2024-08-31,Bundesliga,Leverkusen,RB Leipzig,2.1786246622865333,1.128939677546858,0.6123903585236155,0.19969932750512803,0.1879103139712566,A
2024-08-31,Premier League,West Ham,Man City,0.8767009049515103,2.602634023175724,0.1033102697334804,0.15307171902334388,0.7436180112431757,A
2024-08-31,La Liga,Valencia,Villarreal,1.2390312804514805,1.7249455671212097,0.27510232873632207,0.2369019937964773,0.48799567746720063,D
2024-08-31,La Liga,Ath Bilbao,Ath Madrid,1.24244774352535,1.4236294449963947,0.32865723470013763,0.2588332506570827,0.4125095146427797,A
2024-09-01,Ligue 1,Reims,Rennes,1.3788328578489712,1.3266205860282068,0.3831316330888932,0.2577761432217472,0.3590922236893596,H
2024-09-01,Ligue 1,Angers,Nice,0.9227717501228268,1.7525544647095987,0.19629765464752388,0.23429109657869085,0.5694112487737852,A
2024-09-01,Ligue 1,Monaco,Lens,1.8015375482504012,1.0775974995883721,0.5432432931887693,0.2311075775934448,0.2256491292177858,D
2024-09-01,Serie A,Genoa,Verona,1.627956845326543,1.0543708906164813,0.5072947406548305,0.2469153378921084,0.24578992145306108,A
2024-09-01,La Liga,Sevilla,Girona,1.160354722125412,1.8060317456013044,0.24411976375213248,0.23096373976414125,0.5249164964837263,A
2024-09-01,Premier League,Newcastle,Tottenham,1.5558885965947808,1.2997435694070034,0.4335939596354134,0.24767214151919956,0.31873389884538705,H
2024-09-01,La Liga,Alaves,Las Palmas,1.5895800473423434,0.9461140416859308,0.5240386911730346,0.25134671975760126,0.22461458906936405,H
2024-09-01,Premier League,Man United,Liverpool,1.2114956184502483,1.7071305940409554,0.27142714834064813,0.23859662176626165,0.48997622989309025,A
2024-09-01,Serie A,Juventus,Roma,1.9320413480079974,1.0024974715870594,0.5904989290392639,0.2180970360240063,0.19140403493672975,D
2024-09-01,La Liga,Getafe,Sociedad,1.1107148614480133,1.398534634213245,0.2987296309501556,0.2660685335097796,0.4352018355400648,D
2024-09-01,Ligue 1,Lille,Paris SG,1.3685991978785126,1.8265252390597981,0.2887758489155272,0.22819650911992964,0.48302764196454323,A
2024-09-01,Serie A,Udinese,Como,1.4800132922296811,0.9982398987032507,0.4831570550353131,0.2618574862911165,0.2549854586735704,H
2024-09-01,Bundesliga,Bayern Munich,Freiburg,2.1797357052763027,0.9255629591119349,0.6597013311237522,0.19243868765865182,0.14785998121759597,H
2024-09-01,Serie A,Fiorentina,Monza,1.7815699655004624,0.9424152576620374,0.5713066538075947,0.23161107682361876,0.19708226936878656,D
2024-09-01,La Liga,Osasuna,Celta,1.5089093781117668,1.264388698207677,0.4295272284335965,0.25204449563770964,0.3184282759286938,H
2024-09-01,La Liga,Real Madrid,Betis,2.24030235204616,0.8283512635991295,0.6939640865515334,0.18205495896322219,0.12398095448524443,H
2024-09-01,Bundesliga,Heidenheim,Augsburg,1.7879149337868236,0.951749367668639,0.5704756692556787,0.2311117542305734,0.1984125765137479,H
2024-09-01,Ligue 1,Le Havre,Auxerre,1.5214918165434217,1.1174409789844184,0.46571329406920314,0.255380824673739,0.27890588125705795,H
2024-09-01,Premier League,Chelsea,Crystal Palace,1.9688606085759601,1.1813839704118847,0.5566057601269934,0.2178062069153414,0.2255880329576653,D
2024-09-13,La Liga,Betis,Leganes,1.565478326877865,0.9369292520386916,0.5202266707082244,0.25391351235362114,0.22585981693815463,H
2024-09-13,Ligue 1,St Etienne,Lille,0.9297072374665729,1.8616613568844493,0.18404910358926285,0.2232962883504787,0.5926546080602584,H
2024-09-13,Bundesliga,Dortmund,Heidenheim,2.0635987978370833,1.0227785535870584,0.6135997892623533,0.20655327714393223,0.17984693359371443,H
2024-09-14,Bundesliga,Wolfsburg,Ein Frankfurt,1.43668673319997,1.3231403237995103,0.3986735506429917,0.2544535048210656,0.34687294453594275,A
2024-09-14,Ligue 1,Auxerre,Monaco,0.9353464648065075,1.9522393979487322,0.1744424052105852,0.21446034211443613,0.6110972526749786,A
2024-09-14,Premier League,Crystal Palace,Leicester,1.7800383004739444,1.0043300441891276,0.5558139174558294,0.2325288626092941,0.21165721993487657,D
2024-09-14,Serie A,Milan,Venezia,2.492466252283601,0.7325867149983969,0.758146764453933,0.15303534858473247,0.08881788696133455,H
2024-09-14,Premier League,Bournemouth,Chelsea,1.2784930136970838,1.561794770109378,0.31240725914251116,0.24791997233897933,0.4396727685185095,A
2024-09-14,La Liga,Espanol,Alaves,1.2970404976794945,1.2059579715650552,0.3869301003217702,0.26951428949807005,0.3435556101801597,H
2024-09-14,Premier League,Brighton,Ipswich,1.7083309439668155,0.9561519028770795,0.5506785742172483,0.23917733415014888,0.21014409163260275,D
2024-09-14,Premier League,Liverpool,Nott'm Forest,2.7135040683525693,0.7029854399815508,0.795984089211979,0.13247188594633305,0.07154402484168798,A
2024-09-14,Bundesliga,Holstein Kiel,Bayern Munich,0.9417639731615205,1.9304238012420591,0.17839375606435295,0.21677494244514858,0.6048313014904985,A
2024-09-14,Ligue 1,Paris SG,Brest,2.6569675251179503,0.896491802083906,0.7476422958727272,0.14993722742672577,0.10242047670054699,H
2024-09-14,Serie A,Empoli,Juventus,1.0255105253851926,1.7846072168346994,0.21595144889425036,0.23228819572029488,0.5517603553854549,D
2024-09-14,Bundesliga,Freiburg,Bochum,1.7976467793471007,0.9257022899774126,0.5791450505133598,0.2297013367893413,0.1911536126972988,H
2024-09-14,La Liga,Mallorca,Villarreal,1.1687395951079937,1.4521603800388434,0.3042727076764227,0.259566761313671,0.43616053100990626,A
2024-09-14,Bundesliga,RB Leipzig,Union Berlin,2.114571818842376,0.9238889229598692,0.6473641051852588,0.19845421532559376,0.15418167948914754,D
2024-09-14,Premier League,Southampton,Man United,0.9998636549556542,1.8136615494073698,0.20608301921903174,0.22925782777227469,0.5646591530086935,A
2024-09-14,Serie A,Como,Bologna,1.0922614865916846,1.4625590560091999,0.28251599732537447,0.2611552710599122,0.4563287316147133,D
2024-09-14,La Liga,Sevilla,Getafe,1.4286758988807493,1.0604230332636184,0.45483470260647985,0.26514643194720405,0.2800188654463161,H
2024-09-14,Bundesliga,M'gladbach,Stuttgart,1.2435564831098247,1.6628462641015547,0.28638723690214324,0.24148546968079765,0.47212729341705917,A
2024-09-14,La Liga,Sociedad,Real Madrid,0.9667416237641012,1.7944095790515457,0.2010209200359166,0.23068213672235002,0.5682969432417334,A
2024-09-14,Ligue 1,Marseille,Nice,1.8063867505807607,1.2130429111400347,0.5129219533434378,0.2308449951308192,0.25623305152574294,H
2024-09-14,Premier League,Fulham,West Ham,1.4742168777470275,1.2641684222580496,0.42078920703639194,0.25445336706189486,0.3247574259017132,D
2024-09-14,Bundesliga,Hoffenheim,Leverkusen,1.237783810122802,2.2592502375562,0.19982801208443216,0.19620502429098013,0.6039669636245877,A
2024-09-14,Premier League,Man City,Brentford,3.126791211005595,0.690999718819743,0.846489676823734,0.10221327908223347,0.05129704409403247,H
2024-09-14,Premier League,Aston Villa,Everton,1.9808190598610602,0.9196610241661533,0.6209960840927874,0.21117967575766217,0.1678242401495504,H
2024-09-15,La Liga,Celta,Valladolid,1.8239999277397299,0.9544858218543465,0.5780789145987588,0.227557112047878,0.19436397335336308,H
2024-09-15,Serie A,Genoa,Roma,1.200196863562188,1.2954823521790555,0.3423113030565085,0.2699453562651836,0.38774334067830796,D
2024-09-15,La Liga,Ath Madrid,Valencia,2.227608854428235,0.7823078588788053,0.7025610988646466,0.1807272769537654,0.1167116241815881,H
2024-09-15,Serie A,Cagliari,Napoli,1.0408086481227696,1.6201526993991493,0.24363899984932683,0.2477540959244262,0.508606904226247,A
2024-09-15,Premier League,Wolves,Newcastle,1.1387854038110408,1.708108394229032,0.2539000872381131,0.23920138639392233,0.5068985263679646,A
2024-09-15,Ligue 1,Nantes,Reims,1.2878668555104917,1.2862879372436866,0.36764202305538735,0.26545901240062597,0.36689896454398657,A
2024-09-15,Ligue 1,Rennes,Montpellier,1.7649090380163537,1.0314963833368838,0.5457259679480897,0.23417993394797446,0.22009409810393585,H
2024-09-15,Bundesliga,Augsburg,St Pauli,1.3102153389596596,1.1882102610514444,0.39429903310586206,0.2695314406551195,0.3361695262390184,H
2024-09-15,Serie A,Atalanta,Fiorentina,1.8206588299261532,1.1674664463384417,0.526644386747315,0.22976457564598723,0.24359103760669773,H
2024-09-15,La Liga,Las Palmas,Ath Bilbao,1.0171695095465163,1.5441236828708895,0.24957490009607333,0.25525837090441805,0.49516672899950864,A
2024-09-15,Ligue 1,Strasbourg,Angers,2.1606544507921006,0.7904614115081341,0.6882749596491237,0.18776500345383965,0.12396003689703675,D
2024-09-15,La Liga,Girona,Barcelona,1.4181779106453483,1.7673062522218208,0.3100087794468363,0.23119456259322183,0.45879665795994184,A
2024-09-15,Ligue 1,Lens,Lyon,1.6050819103866603,1.1082327040221005,0.48890966900582183,0.24834718398617237,0.26274314700800583,D
2024-09-15,Serie A,Monza,Inter,0.8485631849015156,2.240308903703798,0.12767090368526715,0.18312268752010175,0.689206408794631,D
2024-09-15,Serie A,Torino,Lecce,1.9082532821804772,0.8184803268754064,0.6305472837346424,0.2151808374820405,0.1542718787833171,D
2024-09-15,Bundesliga,Mainz,Werder Bremen,1.6809006172888061,1.175002408622147,0.49200446438723017,0.2411093786619304,0.26688615695083945,A
2024-09-15,Ligue 1,Toulouse,Le Havre,1.5026357637465035,1.1339585641731953,0.45708225056419277,0.25655049393622276,0.28636725549958436,H
2024-09-15,Premier League,Tottenham,Arsenal,1.178638280361932,1.6355186977777467,0.2751387408452633,0.24471243382385924,0.4801488253308775,A
2024-09-16,Serie A,Lazio,Verona,1.9528265438433197,0.9729637540932007,0.6021101926939344,0.21543087736208466,0.18245892994398089,H
2024-09-16,Serie A,Parma,Udinese,1.08559364698538,1.4476475315793143,0.2833605689129874,0.26266799456791196,0.4539714365191007,A
2024-09-16,La Liga,Vallecano,Osasuna,1.3022401419115686,1.2009713076827622,0.3893996712792345,0.26942008883267327,0.34118023988809226,H
2024-09-17,La Liga,Mallorca,Sociedad,1.1666175724827166,1.2630298909269768,0.3396348041261168,0.27422608371900487,0.3861391121548783,H
2024-09-18,La Liga,Betis,Getafe,1.626265611542465,0.8655391187001805,0.5534109779421774,0.24725653794907404,0.1993324841087484,H
2024-09-19,La Liga,Leganes,Ath Bilbao,1.0954059946511814,1.4197142276860686,0.2908643375271044,0.2648015668913495,0.44433409558154613,A
2024-09-20,La Liga,Alaves,Sevilla,1.4186156002128476,1.1345185847547858,0.4351065835589238,0.26349990870016593,0.3013935077409103,H
2024-09-20,Bundesliga,Augsburg,Mainz,1.3814696510267612,1.4049518190484012,0.36791569061439244,0.25349579589547083,0.3785885134901368,A
2024-09-20,Ligue 1,Nice,St Etienne,1.9842141325500817,0.8367866301699056,0.6420458835875266,0.2078674397798889,0.15008667663258451,H
2024-09-20,Serie A,Verona,Torino,1.2784315247421651,1.3440528297333967,0.35347463078076746,0.26242397324306904,0.3841013959761635,A
2024-09-20,Serie A,Cagliari,Empoli,1.208798856369717,1.2496774436888718,0.3538629003902486,0.27264994273330373,0.37348715687644773,A
2024-09-21,Ligue 1,Lille,Strasbourg,1.912217543942505,1.0167742127513268,0.5827313150951801,0.22023905068192076,0.1970296342228993,D
2024-09-21,Bundesliga,Ein Frankfurt,M'gladbach,1.827515671445007,0.9945321528262835,0.569117399342137,0.22785684552163213,0.20302575513623086,H
2024-09-21,Ligue 1,Rennes,Lens,1.3922058217824553,1.3362115750417523,0.3845913347414883,0.256501835123273,0.3589068301352388,D
2024-09-21,Serie A,Venezia,Genoa,1.0566737060292002,1.4050676910586375,0.2831467290441727,0.2674279474144737,0.4494253235413536,H
2024-09-21,Premier League,Fulham,Newcastle,1.2388967165080094,1.4976670877058333,0.3140288249740019,0.2537122975335851,0.432258877492413,H
2024-09-21,Bundesliga,Bochum,Holstein Kiel,1.307308260218003,1.24915631814769,0.3805244568758188,0.26639646503499576,0.3530790780891855,D
2024-09-21,Premier League,Aston Villa,Wolves,2.0310554880103444,0.893599954453083,0.6377940919237987,0.20532998697209484,0.1568759211041065,H
2024-09-21,Premier League,Southampton,Ipswich,1.1618759472003983,1.3791264701426205,0.31590762165634506,0.26557438974198827,0.41851798860166656,D
2024-09-21,Serie A,Lecce,Parma,1.5248896479606457,0.9567113526132954,0.5049480592023697,0.2579809688895417,0.23707097190808854,D
2024-09-21,Premier League,Leicester,Everton,1.5515862913123415,1.174959958506742,0.46016239679023524,0.25149746941525875,0.28834013379450596,D
2024-09-21,Premier League,Crystal Palace,Man United,1.3575622766717923,1.3937260050076048,0.36406912841452127,0.2553331740172695,0.38059769756820927,D
2024-09-21,Premier League,Tottenham,Brentford,1.8710722081889501,1.029265991113838,0.570594863291503,0.22426939030939314,0.20513574639910384,H
2024-09-21,Premier League,Liverpool,Bournemouth,2.346481241438706,0.7588810380826728,0.7287734012805178,0.16799356185843864,0.10323303686104361,H
2024-09-21,La Liga,Valencia,Girona,1.104581997850149,1.625975392621795,0.2584909170638342,0.24657474380347302,0.49493433913269275,H
2024-09-21,Bundesliga,Werder Bremen,Bayern Munich,1.0925638274246687,2.0467530951339428,0.19640710279544135,0.2098306203244616,0.593762276880097,A
2024-09-21,La Liga,Real Madrid,Espanol,2.724156801377478,0.6292999398603406,0.8124568429364039,0.1260607114960654,0.06148244556753077,H
2024-09-21,Premier League,West Ham,Chelsea,1.26747131348117,1.530455434011823,0.3152907922465098,0.2504406192898494,0.4342685884636409,A
2024-09-21,Bundesliga,Heidenheim,Freiburg,1.6782073090637504,1.188208157502144,0.48833475177330216,0.24116135169454023,0.2705038965321576,A
2024-09-21,Serie A,Juventus,Napoli,1.6215495474718362,1.129042982620389,0.4881368297792324,0.2466299122533478,0.26523325796741987,D
2024-09-21,La Liga,Osasuna,Las Palmas,1.7592496230363508,0.9800417316441745,0.5568702215087008,0.23430649026558142,0.20882328822571763,H
2024-09-21,La Liga,Valladolid,Sociedad,1.0504533881294347,1.4176813173431275,0.2792804897824984,0.2664698353608822,0.4542496748566194,D
2024-09-21,Ligue 1,Reims,Paris SG,1.0229286533804482,2.3129639078273,0.15287675268676731,0.1847979477051075,0.6623252996081251,D
2024-09-21,Bundesliga,Union Berlin,Hoffenheim,1.549805346791773,1.3149340897210149,0.42881511365212693,0.2475860481767521,0.32359883817112106,H
2024-09-22,Ligue 1,Montpellier,Auxerre,1.6276805835667811,1.0579954258425512,0.506362493900026,0.24690991169675322,0.24672759440322087,H
2024-09-22,Ligue 1,Angers,Nantes,1.077309055061505,1.4037869545816566,0.28888552763984743,0.2668329965341533,0.44428147582599925,D
2024-09-22,Premier League,Man City,Arsenal,1.9447379658295205,1.120567163448945,0.5653693562478489,0.21905376176675473,0.21557688198539637,D
2024-09-22,La Liga,Ath Bilbao,Celta,1.823048802173416,1.0928689589660638,0.5445858578281729,0.22929371343283284,0.22612042873899416,H
2024-09-22,Ligue 1,Lyon,Marseille,1.4516511597583257,1.4426246428712686,0.37800009037447035,0.24803396962551155,0.37396594000001815,A
2024-09-22,La Liga,Getafe,Leganes,1.329120717690462,1.0208348986147708,0.43719050691506905,0.2758816383612206,0.28692785472371035,D
2024-09-22,Premier League,Brighton,Nott'm Forest,1.609282465078917,0.9573808174693652,0.5261866174845018,0.2492752555010808,0.22453812701441747,D
2024-09-22,La Liga,Villarreal,Barcelona,1.2393110001345484,2.0233033826705538,0.23061269384298566,0.21416166758914312,0.5552256385678711,A
2024-09-22,Bundesliga,St Pauli,RB Leipzig,0.9284053992548463,1.7370148671216585,0.1996700031976758,0.2359719326441035,0.5643580641582208,D
2024-09-22,Serie A,Monza,Bologna,1.193346544802334,1.3674936753474656,0.32645723069708615,0.2650512353374688,0.40849153396544513,A
2024-09-22,Ligue 1,Brest,Toulouse,1.8055316073372136,1.0123282033227499,0.5597771145978717,0.23018335327878742,0.21003953212334095,H
2024-09-22,Bundesliga,Stuttgart,Dortmund,1.4996824169068772,1.4677452102850137,0.3848149747631875,0.24448497891759122,0.3707000463192212,H
2024-09-22,Ligue 1,Monaco,Le Havre,2.4141545856195608,0.7660645148189356,0.7382996044301244,0.16224175628110923,0.0994586392887664,H
2024-09-22,Bundesliga,Leverkusen,Wolfsburg,2.9573146040556764,0.770809557225973,0.8132024414698985,0.11923595509841237,0.06756160343168921,H
2024-09-22,La Liga,Vallecano,Ath Madrid,0.9780241619801631,1.8565445108583871,0.1955169879496057,0.22478902671471993,0.5796939853356743,D
2024-09-22,Serie A,Roma,Udinese,1.577824789098309,1.0156557505859574,0.5040795669220867,0.25202047305436037,0.24389996002355294,H
2024-09-22,Serie A,Inter,Milan,2.106800188035574,1.177857324862247,0.5866830082466838,0.2066816699415619,0.2066353218117542,A
2024-09-22,Serie A,Fiorentina,Lazio,1.4357985033066774,1.4093086048219048,0.3807320955706638,0.250464932221194,0.3688029722081423,H
2024-09-23,La Liga,Betis,Mallorca,1.5992815110074055,0.9124495561195732,0.5348547492868156,0.2503842148887877,0.21476103582439662,A
2024-09-24,La Liga,Valencia,Osasuna,1.4097089746873492,1.1592602747621372,0.42718836802119925,0.2632745123696675,0.30953711960913327,D
2024-09-24,La Liga,Real Madrid,Alaves,2.7782445834160723,0.6929140001330042,0.8064149026931251,0.12669091133534124,0.06689418597153368,H
2024-09-24,La Liga,Sevilla,Valladolid,1.5506909067410326,0.9186915319468504,0.5210005504099103,0.255593259617515,0.22340618997257466,H
2024-09-24,Serie A,Atalanta,Como,2.157574949558289,0.8904212723837117,0.6637475113711306,0.19296910152164395,0.14328338710722532,A
2024-09-25,La Liga,Barcelona,Getafe,3.398469550742384,0.6233066703517096,0.8824238896909172,0.08146709745161808,0.036109012857464616,H
2024-09-25,La Liga,Girona,Vallecano,1.8950405637131333,0.9506680470143519,0.594925619739077,0.22046720303165276,0.18460717722927014,D
2024-09-26,La Liga,Celta,Ath Madrid,1.15554725424681,1.8364641808497388,0.2385415073144383,0.22844019261128679,0.533018300074275,A
2024-09-26,La Liga,Espanol,Villarreal,1.1740104204537471,1.5709065753464824,0.284800089106416,0.24997751159676943,0.4652223992968146,A
2024-09-26,La Liga,Las Palmas,Betis,1.03251098076705,1.6054042564510185,0.24385138795547276,0.24921579927754745,0.5069328127669799,D
2024-09-27,Ligue 1,Auxerre,Brest,1.1483509843142827,1.6400696952805518,0.2669832417399321,0.24480011328739132,0.48821664497267664,H
2024-09-27,Ligue 1,Paris SG,Rennes,2.706499143119937,0.8929091903181294,0.7557123690565314,0.1458519399867857,0.09843569095668285,H
2024-09-27,Bundesliga,Dortmund,Bochum,2.53402459156348,0.7546226362868195,0.7596074663226664,0.15093272675429528,0.08945980692303829,H
2024-09-27,La Liga,Valladolid,Mallorca,1.1388393974576048,1.3087405710322668,0.3230826794499239,0.2722128748407254,0.4047044457093506,A
2024-09-27,Serie A,Milan,Lecce,2.484729860093527,0.7372832507931999,0.7559169865186084,0.154037107785804,0.0900459056955876,H
2024-09-28,Premier League,Arsenal,Leicester,2.6543809809534693,0.6868039056297924,0.7914156752656624,0.13603196373624124,0.07255236099809634,H
2024-09-28,Premier League,Nott'm Forest,Fulham,1.3393065189140216,1.2035097686564982,0.3987872263504558,0.26662388371775625,0.33458888993178787,A
2024-09-28,Bundesliga,M'gladbach,Union Berlin,1.2775343477081602,1.291573326483064,0.3638156791849715,0.2657561251508579,0.3704281956641706,H
2024-09-28,La Liga,Sociedad,Valencia,1.4892915252177608,0.9534058895057984,0.49651101179975066,0.26172759534004264,0.24176139286020668,H
2024-09-28,Bundesliga,RB Leipzig,Augsburg,2.2348199438552077,0.810276553797071,0.6972354469678083,0.18159610546206947,0.12116844757012234,H
2024-09-28,Bundesliga,Bayern Munich,Leverkusen,1.9932780734283133,1.5037438300959254,0.4913204124013611,0.21655444159407075,0.2921251460045681,D
2024-09-28,La Liga,Getafe,Alaves,1.2941200796512717,1.2662657480650372,0.3734383042090074,0.2662622180163398,0.3602994777746527,H
2024-09-28,Premier League,Everton,Crystal Palace,1.352795176344659,1.3134277394614935,0.37911360360151014,0.2600158158714045,0.36087058052708526,H
2024-09-28,Premier League,Wolves,Liverpool,0.8929252482262388,2.2352648868228457,0.13631546311947831,0.1858172899044968,0.6778672469760249,A
2024-09-28,Bundesliga,Wolfsburg,Stuttgart,1.2867195528047624,1.9507770123376986,0.25121933570136384,0.2199049868816415,0.5288756774169947,D
2024-09-28,Bundesliga,Freiburg,St Pauli,1.7478952589548318,0.9299572056221792,0.5665343656586111,0.23487016880279696,0.1985954655385918,A
2024-09-28,Bundesliga,Mainz,Heidenheim,1.647627735995867,1.328129257237206,0.44985548788906776,0.24076036608929371,0.3093841460216385,A
2024-09-28,La Liga,Vallecano,Leganes,1.4876933882993162,1.007067598258543,0.4830360621761824,0.26092226605293506,0.2560416717708826,D
2024-09-28,Serie A,Genoa,Juventus,1.009355282639315,1.6270327560088014,0.23480641206525252,0.2473047400596653,0.5178888478750822,A
2024-09-28,Premier League,Newcastle,Man City,1.0275503981778253,2.075903519117947,0.17939674491516366,0.20559053433801813,0.6150127207468182,D
2024-09-28,Premier League,Brentford,West Ham,1.4994784508779841,1.1790955959068918,0.44601792343152086,0.255505195899732,0.2984768806687471,D
2024-09-28,Serie A,Udinese,Inter,0.9694867645184558,2.0615332331243206,0.16911365647773904,0.20508943003982358,0.6257969134824374,A
2024-09-28,Premier League,Chelsea,Brighton,1.8283048971255487,1.0661728849721095,0.552106381015869,0.22862102139515783,0.21927259758897316,H
2024-09-28,Ligue 1,Monaco,Montpellier,2.2954198322598214,0.7912216419028394,0.7125101760547591,0.17475251240758435,0.1127373115376565,H
2024-09-28,Serie A,Bologna,Atalanta,1.5320871823000661,1.3471763073512943,0.4175610050886752,0.24759722228681172,0.33484177262451315,D
2024-09-28,Ligue 1,Le Havre,Lille,1.1350334457032814,1.6776256460813308,0.257754987397294,0.24180562515638637,0.5004393874463196,A
2024-09-28,La Liga,Osasuna,Barcelona,0.8997666387680457,2.6449578077687073,0.10377165328141688,0.15108374707267905,0.7451445996459041,H
2024-09-28,Ligue 1,Lens,Nice,1.5716373602501328,1.279857327813439,0.44181156556991796,0.24719750203913093,0.31099093239095116,D
2024-09-29,Bundesliga,Holstein Kiel,Ein Frankfurt,1.2222753250502714,1.5437660245109348,0.30158633054556466,0.25084894701145055,0.44756472244298484,A
2024-09-29,Serie A,Napoli,Monza,1.965995885915326,0.8904759270534561,0.6249928140848923,0.2116928656447206,0.16331432027038706,H
2024-09-29,Serie A,Torino,Lazio,1.4790282854166898,1.3033691521562338,0.41358830353301396,0.2526139757611007,0.3337977207058853,A
2024-09-29,Serie A,Roma,Venezia,2.0339099955679556,0.7456701243401254,0.6747967101054727,0.1985050727626536,0.1266982171318737,H
2024-09-29,Ligue 1,Angers,Reims,0.9497412482840799,1.695708152114221,0.21035084174589586,0.2404154546286664,0.5492337036254378,A
2024-09-29,La Liga,Celta,Girona,1.2977473945916758,1.5503248159387992,0.3192448373621629,0.2481088699067845,0.43264629273105265,D
2024-09-29,Bundesliga,Hoffenheim,Werder Bremen,1.6276599327100063,1.2408145142126394,0.46419578030982545,0.24415102966224972,0.29165319002792484,A
2024-09-29,Ligue 1,Toulouse,Lyon,1.2144303106389946,1.4097191789350738,0.3239984692822474,0.2610135565873318,0.4149879741304208,A
2024-09-29,Ligue 1,Nantes,St Etienne,1.6549287138017132,0.8946696104960028,0.5530847481560359,0.2443136845068636,0.20260156733710036,D
2024-09-29,Premier League,Ipswich,Aston Villa,1.0899695658999426,1.6109483060154284,0.2572694310870914,0.2480811347065663,0.4946494342063423,D
2024-09-29,Serie A,Como,Verona,1.5249026522597167,1.1892303165397127,0.4502041530614857,0.253221283330807,0.2965745636077072,H
2024-09-29,La Liga,Ath Madrid,Real Madrid,1.2486414746568064,1.5502349900185317,0.30703978799899606,0.2496165107618173,0.44334370123918665,D
2024-09-29,La Liga,Betis,Espanol,1.819817921166486,0.9289939557969937,0.5833993701398908,0.22750509989763099,0.18909552996247816,H
2024-09-29,La Liga,Ath Bilbao,Sevilla,1.7999268438214426,0.8981859003376598,0.5865055842151025,0.22893826487344854,0.18455615091144897,D
2024-09-29,Premier League,Man United,Tottenham,1.457397276276975,1.2537132584837594,0.41876141688962554,0.25601995086410134,0.3252186322462731,A
2024-09-29,Ligue 1,Strasbourg,Marseille,1.3464100560867107,1.7903478925346612,0.28957768520338434,0.23088148658137622,0.47954082821523947,H
2024-09-29,Serie A,Empoli,Fiorentina,1.2331856514013326,1.3271500326298518,0.34487490269648613,0.26594235534312777,0.38918274196038605,D
2024-09-30,Premier League,Bournemouth,Southampton,1.7783908985983379,0.8559301675490447,0.5921705786140817,0.23032596055792948,0.17750346082798887,H
2024-09-30,Serie A,Parma,Cagliari,1.3924821529466662,1.1279466959266637,0.4296769981255298,0.2659069233813638,0.3044160784931063,A
2024-09-30,La Liga,Villarreal,Las Palmas,2.335211401838506,0.8047670161570146,0.7162584569639939,0.17184153339182442,0.11190000964418159,H
2024-10-04,La Liga,Leganes,Valencia,1.2977709029981828,1.1089285656188341,0.4083635299342996,0.2746261281115702,0.31701034195413025,D
2024-10-04,Bundesliga,Augsburg,M'gladbach,1.4243691966231797,1.2876948218493618,0.4030005651472285,0.2568169083652653,0.34018252648750624,H
2024-10-04,Serie A,Napoli,Como,2.0909662938985174,0.9145944359191642,0.6448788045653879,0.2003271622150234,0.15479403321958876,H
2024-10-04,Serie A,Verona,Venezia,1.66239781647131,1.0050822594946072,0.5276106339625648,0.2438853156865457,0.22850405035088953,H
2024-10-04,Ligue 1,Marseille,Angers,2.668037652883564,0.6607944684162034,0.7986959072277652,0.13297363988694946,0.06833045288528536,D
2024-10-05,Bundesliga,St Pauli,Mainz,1.4036295617362595,1.2325681108454345,0.4094537282594524,0.26066444367373504,0.3298818280668125,A
2024-10-05,La Liga,Espanol,Mallorca,1.272314972720037,1.317813818588067,0.357114060057236,0.26441914625010393,0.37846679369266,H
2024-10-05,Premier League,West Ham,Ipswich,1.5208354087031961,1.0984625787950495,0.46995165889117524,0.25588297758965445,0.27416536351917026,H
2024-10-05,Premier League,Man City,Fulham,2.8301410566669,0.7280462265360093,0.8059483854760775,0.12534851199924268,0.06870310252467979,H
2024-10-05,La Liga,Valladolid,Vallecano,1.2467819423342612,1.3341729998301846,0.3470933093031851,0.26474675823515786,0.38815993246165703,A
2024-10-05,La Liga,Real Madrid,Villarreal,2.3408598936793505,0.9049422917815698,0.694229274039322,0.1768726841283783,0.12889804183229964,H
2024-10-05,Ligue 1,St Etienne,Auxerre,1.3538605915364708,1.2792124353891863,0.3865083575634168,0.26175982811524645,0.35173181432133677,H
2024-10-05,Premier League,Crystal Palace,Liverpool,0.9444777278775677,1.94637408373469,0.17709214117494182,0.2152911595266877,0.6076166992983705,A
2024-10-05,Serie A,Udinese,Lecce,1.665825068068826,0.9799608078550309,0.5345698032150438,0.2435470718117316,0.22188312497322454,H
2024-10-05,Bundesliga,Bochum,Wolfsburg,1.371600128080635,1.4470098918734773,0.3571332027550921,0.2516402122775539,0.3912265849673539,A
2024-10-05,Ligue 1,Rennes,Monaco,1.215598252890634,1.6775416179049134,0.27721320446075565,0.24083200567303115,0.4819547898662132,A
2024-10-05,La Liga,Getafe,Osasuna,1.297180172086875,1.3120962735488988,0.36483222147719424,0.26335732235117354,0.37181045617163216,D
2024-10-05,Ligue 1,Lille,Toulouse,2.0460604989560034,0.9104522037233184,0.636787037189041,0.20449175157648833,0.15872121123447067,H
2024-10-05,Premier League,Brentford,Wolves,1.6904731945159952,1.0968568507031067,0.5124728420850807,0.2409801423500519,0.2465470155648674,H
2024-10-05,Premier League,Everton,Newcastle,1.225545812810198,1.5591968354908998,0.29969477841414854,0.2496073998090657,0.45069782177678575,D
2024-10-05,Serie A,Inter,Torino,2.308084125186975,0.8867980102858322,0.6925658061887184,0.17886431279241963,0.12856988101886188,H
2024-10-05,Bundesliga,Werder Bremen,Freiburg,1.453554106802295,1.2880183027829357,0.4103988685089065,0.25489679386712255,0.334704337623971,A
2024-10-05,Premier League,Leicester,Bournemouth,1.4423911018862023,1.2919686713466185,0.4067085576565731,0.2554599209885435,0.3378315213548833,H
2024-10-05,Bundesliga,Leverkusen,Holstein Kiel,3.1846611577137502,0.757356941490634,0.8408701146908574,0.10332170033036514,0.05580818497877743,D
2024-10-05,Bundesliga,Union Berlin,Dortmund,1.0926749240141076,1.6348643915436076,0.25415196288359004,0.24592814962955728,0.4999198874868527,H
2024-10-05,Serie A,Atalanta,Genoa,1.9285762559329866,0.9116400239657944,0.611795614238061,0.2161140583830274,0.17209032737891178,H
2024-10-05,Premier League,Arsenal,Southampton,3.3691299346736194,0.5329860567460739,0.8938135574359444,0.07645249942914395,0.029733943134911588,H
2024-10-05,La Liga,Las Palmas,Celta,1.2301730030932463,1.456415767775108,0.31936258385691396,0.2569990014625941,0.42363841468049196,A
2024-10-06,Premier League,Brighton,Tottenham,1.3366125497460186,1.5070214399609028,0.33689258201158995,0.24954506587705663,0.4135623521113535,H
2024-10-06,Ligue 1,Brest,Le Havre,1.887031226738315,0.9374899017681095,0.5963790791970763,0.22094492143395525,0.1826759993689685,H
2024-10-06,La Liga,Sevilla,Betis,1.2299788100282383,1.312074989602931,0.34701027426696257,0.2671435772722972,0.3858461484607402,H
2024-10-06,Ligue 1,Strasbourg,Lens,1.303368140455984,1.4262045860874712,0.3438482822737407,0.25599682326924994,0.40015489445700936,D
2024-10-06,Serie A,Monza,Roma,1.145847935752707,1.5126062778747067,0.28768491713352873,0.2554023431600686,0.4569127397064026,D
2024-10-06,Serie A,Fiorentina,Milan,1.2406506718952823,1.647980948637648,0.2881765186419931,0.24264509693374223,0.4691783844242647,H
2024-10-06,La Liga,Alaves,Barcelona,0.9541696801855496,2.695009636588941,0.10832816771416527,0.15040355776934786,0.7412682745164868,A
2024-10-06,Premier League,Aston Villa,Man United,1.7048835767390107,1.110537769314621,0.5127204428931222,0.23964661692681236,0.2476329401800654,D
2024-10-06,La Liga,Girona,Ath Bilbao,1.4217477099084423,1.2446659860112865,0.41154254829213266,0.25887019792938065,0.32958725377848674,H
2024-10-06,La Liga,Sociedad,Ath Madrid,1.0754652201699637,1.475377578658692,0.2759308237936521,0.2604825096988842,0.46358666650746383,D
2024-10-06,Ligue 1,Reims,Montpellier,1.864735593238202,1.0025151341472716,0.5756033640180063,0.22443422523442694,0.1999624107475668,H
2024-10-06,Bundesliga,Heidenheim,RB Leipzig,1.192117793194848,1.6081057326917527,0.2830090117265828,0.24664382366334744,0.47034716461006965,A
2024-10-06,Serie A,Bologna,Parma,2.3444763278317713,0.8078008813156359,0.7171473849836846,0.1711684621994145,0.1116841528169009,D
2024-10-06,Ligue 1,Nice,Paris SG,1.2548120952856237,2.0722311876449337,0.2272273599537272,0.21063035326731316,0.5621422867789596,D
2024-10-06,Ligue 1,Lyon,Nantes,1.9885178473846836,0.9732849839000505,0.6096610473090495,0.21205368303642183,0.1782852696545287,H
2024-10-06,Serie A,Lazio,Empoli,1.8862030603348563,0.944890921809168,0.5943849124281423,0.22120181844155234,0.18441326913030542,H
2024-10-06,Serie A,Juventus,Cagliari,2.285675402829594,0.6866102644557927,0.7354097354963813,0.16910782229910257,0.09548244220451603,D
2024-10-06,Bundesliga,Stuttgart,Hoffenheim,2.419145080475338,1.0120003806660092,0.6838971232412232,0.17544363675397132,0.14065924000480548,D
2024-10-06,Bundesliga,Ein Frankfurt,Bayern Munich,1.2512468638402323,1.9623515093849808,0.24175800762027905,0.2188963750975314,0.5393456172821895,D
2024-10-06,Premier League,Chelsea,Nott'm Forest,2.2700184803609624,0.844376910168589,0.6955827893083611,0.18012064757720586,0.12429656311443295,D
2024-10-18,La Liga,Alaves,Valladolid,1.6420238450967384,1.0608329159638026,0.5092184932443881,0.24556895112560514,0.2452125556300067,A
2024-10-18,Ligue 1,Monaco,Lille,1.8509054213229446,1.1327463049951874,0.5416001281851284,0.22713236020418395,0.2312675116106877,D
2024-10-18,Bundesliga,Dortmund,St Pauli,2.2431289881827823,0.8567307181101221,0.6878038513521273,0.18328093701515197,0.12891521163272074,H
2024-10-19,Premier League,Bournemouth,Arsenal,0.9028537884389815,2.2221287727712156,0.13940824051498357,0.187501800352301,0.6730899591327154,H
2024-10-19,Serie A,Genoa,Bologna,1.1078462409290417,1.5421315248345158,0.27298510216188887,0.25382083342743694,0.47319406441067424,D
2024-10-19,Premier League,Ipswich,Everton,1.4243944874555086,1.2228144612238911,0.41697646585157505,0.25959957636277486,0.3234239577856501,A
2024-10-19,Bundesliga,Freiburg,Augsburg,1.7614232222861552,0.9685098879376282,0.560200479418539,0.23397061116048326,0.20582890942097776,H
2024-10-19,Premier League,Man United,Brentford,1.6642312889803563,1.109141963178601,0.5032336893081568,0.24319086479516286,0.2535754458966803,H
2024-10-19,Ligue 1,St Etienne,Lens,1.014278998324317,1.7209527516113103,0.22224973164814835,0.23825379291254553,0.5394964754393061,A
2024-10-19,Ligue 1,Brest,Rennes,1.6370333017374732,1.179097503794992,0.4804145196814035,0.24458352085761426,0.27500195946098227,D
2024-10-19,Bundesliga,Leverkusen,Ein Frankfurt,2.35429456451547,1.0915564567922733,0.6545253556104438,0.18414432097782427,0.161330323411732,H
2024-10-19,La Liga,Celta,Real Madrid,0.8705337415477168,2.2522862760728946,0.13061961111175535,0.18313379097763555,0.686246597910609,A
2024-10-19,Ligue 1,Paris SG,Strasbourg,2.6408704903823077,0.8366442712453783,0.757889207849786,0.14747948492180196,0.09463130722841202,H
2024-10-19,Bundesliga,Hoffenheim,Bochum,1.8167584132541204,1.0943709684929168,0.542787768914943,0.22985604811357277,0.22735618297148422,H
2024-10-19,Bundesliga,Mainz,RB Leipzig,1.1581321789862011,1.7075395220052625,0.25861554233909323,0.23910261548271594,0.5022818421781908,A
2024-10-19,Serie A,Milan,Udinese,2.238300103705801,0.8859161233531127,0.6800711794501695,0.18519612161259807,0.13473269893723241,H
2024-10-19,Premier League,Southampton,Leicester,1.1868272537327895,1.4722441139373434,0.30532370842261103,0.2573768872642382,0.4372994043131507,A
2024-10-19,Premier League,Tottenham,West Ham,1.8561099748111847,1.0613965962294216,0.5595620712437611,0.22606527623924672,0.2143726525169921,H
2024-10-19,Serie A,Juventus,Lazio,1.556754069265055,1.1452352909697845,0.4682484032957658,0.25177199352866125,0.27997960317557297,H
2024-10-19,Serie A,Como,Parma,1.9551270565698808,0.9841822790800024,0.5999039061555068,0.21549743810042776,0.18459865574406548,D
2024-10-19,Premier League,Fulham,Aston Villa,1.286343817317768,1.4884029107809413,0.32774501783323334,0.25265348619507044,0.41960149597169627,A
2024-10-19,La Liga,Girona,Sociedad,1.4846672618109678,1.0971877470812472,0.46093568141053176,0.2590800198582128,0.2799842987312555,A
2024-10-19,Bundesliga,M'gladbach,Heidenheim,1.3275927307188342,1.3095815676310858,0.37333068852007834,0.2617256762773007,0.36494363520262085,H
2024-10-19,Bundesliga,Bayern Munich,Stuttgart,2.3611176833240184,1.1825226085091194,0.6356555365550918,0.18686390407724957,0.17748055936765866,H
2024-10-19,La Liga,Osasuna,Betis,1.3846380487534553,1.2339937198185151,0.4041832609926723,0.2619325881947071,0.3338841508126205,A
2024-10-19,La Liga,Ath Bilbao,Espanol,2.049700253313976,0.9110991986062293,0.6373744729546226,0.2041629057658056,0.1584626212795718,H
2024-10-19,Premier League,Newcastle,Brighton,1.650953668379915,1.1144880293063033,0.4987460587405241,0.24429083298259913,0.25696310827687685,A
2024-10-20,La Liga,Barcelona,Sevilla,2.7563773869185435,0.7444843400011939,0.7931651665482113,0.1321194308569889,0.07471540259479982,H
2024-10-20,Serie A,Roma,Inter,1.162150654420969,1.787770457187984,0.2472620514328128,0.23246761727006515,0.5202703312971221,A
2024-10-20,Bundesliga,Holstein Kiel,Union Berlin,1.3245201775638489,1.3454839639890983,0.36522344396217055,0.2598440004150721,0.37493255562275735,A
2024-10-20,Ligue 1,Nantes,Nice,1.1816197177701602,1.7717057782865342,0.2542353717160704,0.23372078559768233,0.5120438426862474,D
2024-10-20,Bundesliga,Wolfsburg,Werder Bremen,1.6744432611550464,1.1478496382258447,0.49669797395709414,0.24194457630355706,0.26135744973934877,A
2024-10-20,Ligue 1,Le Havre,Lyon,1.066563926324996,1.7437890604778843,0.23136440358564586,0.23626643320164678,0.5323691632127073,A
2024-10-20,La Liga,Mallorca,Vallecano,1.496561467545652,1.098262146082408,0.46376122323741736,0.258011867430696,0.27822690933188676,H
2024-10-20,Ligue 1,Montpellier,Marseille,1.24133573314585,1.6280768767330798,0.2917095430531311,0.24410913219674757,0.46418132475012125,A
2024-10-20,Premier League,Wolves,Man City,0.8227760019513751,2.7436420155569547,0.08605134287321903,0.1384871665320325,0.7754614905947484,A
2024-10-20,Serie A,Lecce,Fiorentina,1.0630963665580047,1.5496120960781814,0.2603887188816633,0.25401409262280106,0.4855971884955356,A
2024-10-20,La Liga,Villarreal,Getafe,1.9142815041724772,0.9218152593312048,0.6061985379863358,0.21783067726520913,0.17597078474845496,D
2024-10-20,Serie A,Cagliari,Torino,1.12303886622842,1.5798627134093322,0.2705495364194421,0.2502767613064992,0.47917370227405864,H
2024-10-20,Ligue 1,Auxerre,Reims,1.2198391525738468,1.6616429061472437,0.2808539825151581,0.2419863843009578,0.4771596331838842,H
2024-10-20,Serie A,Empoli,Napoli,1.0548179029154539,1.6222001383916143,0.24679137514592456,0.24744341370184478,0.5057652111522307,A
2024-10-20,Ligue 1,Toulouse,Angers,1.8658033228730626,0.8834011640464581,0.6050330418613175,0.22172062058177225,0.17324633755691027,D
2024-10-20,Premier League,Liverpool,Chelsea,1.8935416529075042,1.028165062288703,0.5758737798410426,0.22217494563793733,0.20195127452102007,H
2024-10-20,La Liga,Ath Madrid,Leganes,2.23335816573184,0.7025611799276292,0.7226080995507307,0.17533804994196459,0.10205385050730471,H
2024-10-20,Serie A,Venezia,Atalanta,0.9907273932869302,1.9657790010523857,0.1847178024122447,0.21465944061757244,0.6006227569701829,A
2024-10-21,La Liga,Valencia,Las Palmas,1.6197745129645325,0.9271937175050291,0.5362800855623425,0.24820895628108444,0.21551095815657298,A
2024-10-21,Serie A,Verona,Monza,1.518720050110227,1.2207099584703887,0.4416059770949229,0.25276130973209937,0.3056327131729777,A
2024-10-21,Premier League,Nott'm Forest,Crystal Palace,1.343273798040125,1.1717721914896124,0.40676714598075453,0.2678921531592208,0.32534070086002476,H
2024-10-25,Bundesliga,Mainz,M'gladbach,1.5799959655495497,1.1064683144013518,0.4830641995197051,0.2505577239586161,0.26637807652167883,D
2024-10-25,Serie A,Torino,Como,1.8890378435600435,1.1356507556200117,0.5495241398746747,0.22393357006204762,0.2265422900632776,H
2024-10-25,Serie A,Udinese,Cagliari,1.6868081029215543,1.0408667056548084,0.5248986711267647,0.24151117298232413,0.23359015589091112,H
2024-10-25,Premier League,Leicester,Nott'm Forest,1.4729642126299445,1.1587040770547103,0.4438083481346256,0.25824749352770565,0.29794415833766874,A
2024-10-25,Ligue 1,Rennes,Le Havre,1.9596180505724605,0.845252626088408,0.6348007811482292,0.2107418522104157,0.15445736664135498,H
2024-10-25,La Liga,Espanol,Sevilla,1.3208403865011888,1.3053762570720402,0.3724247375097127,0.26236469377604404,0.3652105687142433,A
2024-10-26,Premier League,Brighton,Wolves,1.9843482437072608,0.9939366766383843,0.6038244549411331,0.2130062041412989,0.18316934091756798,D
2024-10-26,La Liga,Valladolid,Villarreal,1.1216531220621582,1.5942107392648857,0.2678470686490416,0.24907508634106665,0.4830778450098918,A
2024-10-26,Premier League,Everton,Fulham,1.4627778153856124,1.206398963028779,0.43050894746935875,0.25741250281410283,0.3120785497165384,D
2024-10-26,Ligue 1,Angers,St Etienne,1.2853440573524748,1.2314895847446194,0.37836262064023074,0.2688656139963355,0.35277176536343374,H
2024-10-26,Premier League,Man City,Southampton,3.891927334864702,0.5046956733115753,0.9304588057694764,0.05145542300177737,0.018085771228746227,H
2024-10-26,Bundesliga,RB Leipzig,Freiburg,1.887160492207504,0.9029317097593121,0.6049082711104408,0.22005155250068814,0.17504017638887104,H
2024-10-26,Premier League,Aston Villa,Bournemouth,2.0194263671916253,0.9126852875769913,0.6307651535881907,0.20716437159227563,0.16207047481953357,D
2024-10-26,Bundesliga,Werder Bremen,Leverkusen,1.087196006093083,2.171786789976985,0.18038255868762804,0.19905735030172614,0.6205600910106459,D
2024-10-26,Bundesliga,Augsburg,Dortmund,1.1226292979455212,1.9755999571166258,0.21192159472595132,0.21646828405799812,0.5716101212160506,H
2024-10-26,Bundesliga,Stuttgart,Holstein Kiel,2.320427491496772,0.9216212045665744,0.6867728696189982,0.1795252679053016,0.1337018624757002,H
2024-10-26,Serie A,Atalanta,Verona,2.425463411309066,0.889791282164402,0.7122714938233289,0.16866047175905996,0.11906803441761118,H
2024-10-26,Ligue 1,Lens,Lille,1.4311067939193454,1.23293290605643,0.416509909106759,0.25870249165024345,0.3247875992429976,A
2024-10-26,Ligue 1,Reims,Brest,1.576786143496047,1.212124288847768,0.45807934432364117,0.24862526546032596,0.2932953902160329,A
2024-10-26,Premier League,Brentford,Ipswich,1.7212882437024022,1.084544590504365,0.522763766765296,0.23829088952431604,0.23894534371038786,H
2024-10-26,Bundesliga,St Pauli,Wolfsburg,1.4776830907661667,1.3340612347893668,0.4067508531929367,0.251461689261621,0.3417874575454422,D
2024-10-26,La Liga,Vallecano,Alaves,1.486825721867315,1.0752910868021859,0.4666036015666795,0.2594574360560038,0.27393896237731663,H
2024-10-26,La Liga,Las Palmas,Girona,1.000988805574145,1.6076688812635862,0.2356487682450452,0.2492401189712515,0.5151111127837033,H
2024-10-26,Serie A,Napoli,Lecce,2.369951423500563,0.6913509044113768,0.7482225007067215,0.1613318842036645,0.09044561508961396,H
2024-10-26,La Liga,Real Madrid,Barcelona,1.7945753114602678,1.4675483404928686,0.4546731770056742,0.2286179776262393,0.3167088453680865,A
2024-10-27,Premier League,Arsenal,Liverpool,1.6362228342473908,1.2641472722650506,0.46109775122088004,0.24302551563704877,0.2958767331420712,D
2024-10-27,Serie A,Parma,Empoli,1.1924912566739487,1.3484552294115584,0.32988099375002256,0.26650071041746265,0.40361829583251474,D
2024-10-27,La Liga,Getafe,Valencia,1.4047872096874712,1.0654257428031682,0.4473084996114886,0.26715599957695163,0.28553550081155976,D
2024-10-27,Premier League,West Ham,Man United,1.271013041537075,1.3854426385105558,0.34339195537117245,0.2601292964764046,0.3964787481524229,H
2024-10-27,Premier League,Chelsea,Newcastle,1.6517267903682986,1.0992939150226708,0.5024966642951351,0.244374140433885,0.2531291952709801,H
2024-10-27,La Liga,Sociedad,Osasuna,1.611762671102103,1.0145582532256874,0.5128421721837818,0.24875138739812228,0.23840644041809597,A
2024-10-27,La Liga,Betis,Ath Madrid,1.1406042881565661,1.5052603687121113,0.2876162773336159,0.2561509124862186,0.4562328101801655,H
2024-10-27,Bundesliga,Union Berlin,Ein Frankfurt,1.368597007240641,1.3509105825613683,0.3755161560846672,0.2570930794941903,0.3673907644211425,D
2024-10-27,Ligue 1,Nice,Monaco,1.3354726502094496,1.5225222008892398,0.3337155934754799,0.2486198971903674,0.4176645093341527,H
2024-10-27,Serie A,Lazio,Genoa,2.009065890301667,0.9001600307286289,0.6316579222738662,0.20773776245950296,0.16060431526663088,H
2024-10-27,Bundesliga,Heidenheim,Hoffenheim,1.596667437528627,1.257906987614526,0.4528055438680016,0.24602038706967025,0.30117406906232813,D
2024-10-27,Serie A,Fiorentina,Roma,1.641092682497232,1.212347158209836,0.4738589075168332,0.24369361034748696,0.2824474821356799,H
2024-10-27,Serie A,Monza,Venezia,1.8109009248142987,0.8946768785152296,0.5898864216973,0.2277176715047684,0.18239590679793163,D
2024-10-27,Ligue 1,Lyon,Auxerre,2.201953416407227,0.8693821226787671,0.6771845282554325,0.18778568964787737,0.1350297820966902,D
2024-10-27,Bundesliga,Bochum,Bayern Munich,0.8934529896382496,2.994307627521436,0.08058381108337238,0.12494209738157522,0.7944740915350524,A
2024-10-27,Ligue 1,Montpellier,Toulouse,1.5094933686241376,1.2192471764082244,0.4395950195509684,0.2534930974098987,0.30691188303913286,A
2024-10-27,Premier League,Crystal Palace,Tottenham,1.1663609399706572,1.6137911067030517,0.27570753485775934,0.24667471242550537,0.47761775271673534,H
2024-10-27,Ligue 1,Marseille,Paris SG,1.2865208222088913,1.766022649530796,0.27963310461066465,0.23331613575677804,0.4870507596325574,A
2024-10-27,Ligue 1,Strasbourg,Nantes,1.7509518137734017,1.066494477175741,0.5340756362425536,0.2356165848698783,0.2303077788875682,H
2024-10-27,La Liga,Leganes,Celta,1.2870401376733538,1.1824642978852564,0.38927068829279415,0.27154415451012415,0.3391851571970817,H
2024-10-27,Serie A,Inter,Juventus,1.8214022433216468,1.0338769189239023,0.558234992043765,0.22893325067658035,0.2128317572796545,D
2024-10-28,La Liga,Mallorca,Ath Bilbao,1.2571854625086123,1.436916296589574,0.3299518553281667,0.2572941400801728,0.4127540045916604,D
2024-10-29,Serie A,Cagliari,Bologna,1.1218273899395836,1.61426313196026,0.2646293241302334,0.24735610678983946,0.48801456907992713,A
2024-10-29,Serie A,Milan,Napoli,1.635792677512073,1.1253844583790797,0.49249179067786397,0.24546675862306824,0.2620414506990678,A
2024-10-29,Serie A,Lecce,Verona,1.4000213577317353,1.2627362403262765,0.40202808324467065,0.2595524131887289,0.3384195035666004,H
2024-10-30,Serie A,Empoli,Inter,0.9039973219057856,2.1648196000664317,0.14518876486429674,0.1928887768226312,0.6619224583130721,A
2024-10-30,Serie A,Venezia,Udinese,1.1862346483722686,1.396731347650572,0.3190485558534591,0.2631750931949914,0.4177763509515495,H
2024-10-30,Serie A,Atalanta,Monza,2.366733967101648,0.9542968494994544,0.6875920654434415,0.1770961671531753,0.1353117674033832,H
2024-10-30,Serie A,Juventus,Parma,2.6428678013492553,0.686921170957083,0.7898201688125593,0.13698356478057622,0.07319626640686447,D
2024-10-31,Serie A,Genoa,Fiorentina,1.117815221093699,1.8925201626313313,0.2220690032478554,0.2234731923335982,0.5544578044185464,A
2024-10-31,Serie A,Como,Lazio,1.1877777326965555,1.6444120478285396,0.27590835004565123,0.24385427169711857,0.4802373782572302,A
2024-10-31,Serie A,Roma,Torino,1.636264852632906,1.256975174793788,0.46269728712413466,0.2431766956869869,0.29412601718887843,H
2024-11-01,La Liga,Alaves,Mallorca,1.2516005904549437,1.3233252682597496,0.3505247779636075,0.26520775688045073,0.3842674651559417,H
2024-11-01,Ligue 1,Monaco,Angers,2.680338446315293,0.6740589437933815,0.7975680713699195,0.13297673180572828,0.0694551968243522,A
2024-11-01,Ligue 1,Lille,Lyon,1.6953057966779357,1.2543200241481054,0.4775195071359977,0.23890067295332335,0.283579819910679,D
2024-11-01,Bundesliga,Leverkusen,Stuttgart,2.1259115745570827,1.090226933073007,0.610641587038702,0.20302165203458503,0.1863367609267131,D
2024-11-02,Premier League,Ipswich,Leicester,1.5528779912635384,1.251802652940532,0.44330655419641907,0.24933425629326086,0.30735918951032,D
2024-11-02,Serie A,Udinese,Juventus,1.1550722530196,1.7655370842681415,0.24896165535164425,0.23432066595308254,0.5167176786952733,A
2024-11-02,Serie A,Monza,Milan,1.0931242197450606,1.6309905042168023,0.25487279732482726,0.24626640778009667,0.49886079489507595,A
2024-11-02,La Liga,Osasuna,Valladolid,1.8381894147081275,0.9750934445399906,0.5762652166199687,0.22651875758770187,0.19721602579232944,H
2024-11-02,Bundesliga,Bayern Munich,Union Berlin,2.6976852252336907,0.8395137670088558,0.7655378639706895,0.14315603581479222,0.09130610021451831,H
2024-11-02,Premier League,Nott'm Forest,West Ham,1.4550634028843359,1.2227995582513354,0.4249072909609795,0.2573766636027758,0.31771604543624465,H
2024-11-02,Ligue 1,Paris SG,Lens,2.2189411550437943,0.9152775018480696,0.6695805537457581,0.1883706539183952,0.14204879233584658,H
2024-11-02,Premier League,Newcastle,Arsenal,1.1034840349431474,1.837099407866453,0.2265642002741936,0.22813447315971475,0.5453013265660916,H
2024-11-02,Bundesliga,Ein Frankfurt,Bochum,2.3899839366451587,0.8568752625964254,0.7136902095521374,0.16991249034372985,0.11639730010413282,H
2024-11-02,Premier League,Southampton,Everton,1.0791746524090808,1.5135876387880438,0.2704356629960037,0.2569612889829196,0.47260304802107667,H
2024-11-02,Ligue 1,Brest,Nice,1.4176444268912758,1.3815489297879993,0.3817855224279478,0.2528009709162821,0.36541350665577005,A
2024-11-02,Serie A,Bologna,Lecce,2.057891159775677,0.7461225503569334,0.6794137612703154,0.19597425584912584,0.1246119828805588,H
2024-11-02,Ligue 1,St Etienne,Strasbourg,1.2940941254449236,1.654840499380438,0.2999370437922351,0.24105605040698488,0.45900690580078,H
2024-11-02,Bundesliga,Holstein Kiel,Heidenheim,1.3811372220391918,1.2963224337468937,0.39002728523769453,0.25916717982936166,0.35080553493294386,H
2024-11-02,Premier League,Wolves,Crystal Palace,1.3901407120620135,1.2783241253511306,0.3961507564691095,0.259471846246954,0.3443773972839364,D
2024-11-02,Bundesliga,Dortmund,RB Leipzig,1.4261544802767459,1.508812769056598,0.3587332318650453,0.24583059804545662,0.395436170089498,H
2024-11-02,Premier League,Bournemouth,Man City,0.8446460004671864,2.248430617267908,0.1262356079627499,0.1821543281029003,0.6916100639343498,H
2024-11-02,Premier League,Liverpool,Brighton,2.267780860069011,0.9154846640772023,0.6786221017239977,0.1839333950985154,0.13744450317748685,H
2024-11-02,La Liga,Girona,Leganes,1.6632427657674098,0.9265676503770249,0.5471255801696245,0.24363312723265457,0.2092412925977209,H
2024-11-02,Bundesliga,Wolfsburg,Augsburg,1.7420545129991334,1.149479113083969,0.5124874117193837,0.23629438703188463,0.2512182012487317,D
2024-11-02,Bundesliga,Hoffenheim,St Pauli,1.5957992921330928,1.0669409544914155,0.49631925385427467,0.24973609481345713,0.2539446513322682,A
2024-11-03,Serie A,Torino,Fiorentina,1.3703098467922397,1.600507434442486,0.3279587524775257,0.24260357129470464,0.4294376762277697,A
2024-11-03,Ligue 1,Nantes,Marseille,1.0987281020766635,1.7149825338872096,0.2432745237854427,0.2388137483146009,0.5179117278999564,A
2024-11-03,Premier League,Man United,Chelsea,1.3090163590282538,1.3985733403387177,0.35066476961172155,0.25746030007677273,0.39187493031150583,D
2024-11-03,Ligue 1,Le Havre,Montpellier,1.327173709696154,1.282758099847583,0.37876252265496313,0.2632501883855456,0.3579872889594913,H
2024-11-03,Bundesliga,Freiburg,Mainz,1.633835952670949,1.0940065963079146,0.4993535144175824,0.24600505367049672,0.25464143191192085,D
2024-11-03,Serie A,Napoli,Atalanta,1.5611259072142232,1.3611480196241215,0.421766882189047,0.24531773029794965,0.3329153875130034,A
2024-11-03,La Liga,Ath Bilbao,Betis,1.5528223636985814,1.1021753761815338,0.4772246100128281,0.253006150254644,0.26976923973252787,D
2024-11-03,Ligue 1,Auxerre,Rennes,1.3291093167268306,1.410547031446216,0.35347700535613247,0.2557635874204103,0.3907594072234573,H
2024-11-03,La Liga,Sevilla,Sociedad,1.2993973403703174,1.2458841112639183,0.37910152396827046,0.26710183075605165,0.35379664527567795,A
2024-11-03,La Liga,Barcelona,Espanol,3.352723181254406,0.6198020000591575,0.8791973267955289,0.08368601774808135,0.037116655456389855,H
2024-11-03,Serie A,Inter,Venezia,3.3722611402146527,0.655005631458119,0.8753511204025664,0.08513689376938975,0.03951198582804395,H
2024-11-03,La Liga,Ath Madrid,Las Palmas,2.397011225154937,0.6814369446126043,0.754818891832001,0.15810722190864465,0.08707388625935432,H
2024-11-03,Serie A,Verona,Roma,1.1214358078571225,1.5823258501979827,0.2697426224967389,0.2500953013590896,0.4801620761441714,H
2024-11-03,Ligue 1,Toulouse,Reims,1.365528373470996,1.4039954821190497,0.3640580324098148,0.2543539390330416,0.3815880285571437,H
2024-11-03,Premier League,Tottenham,Aston Villa,1.576482353884397,1.3493786649919044,0.42802324730173313,0.24475589046704965,0.3272208622312173,H
2024-11-03,Bundesliga,M'gladbach,Werder Bremen,1.459557654048524,1.2840812863047817,0.41277018367708385,0.25466186017574644,0.3325679561471697,H
2024-11-04,Serie A,Parma,Genoa,1.3142266330035317,1.2517549355328734,0.38181927120968867,0.2657972627651651,0.35238346602514625,A
2024-11-04,Premier League,Fulham,Brentford,1.6169604406521858,1.306101212748308,0.44720983697205074,0.24337116718669558,0.30941899584125365,H
2024-11-04,La Liga,Celta,Getafe,1.3664351139463726,1.1017820111696186,0.4286482258371134,0.26915683265272716,0.3021949415101596,H
2024-11-04,Serie A,Lazio,Cagliari,2.428848998263415,0.8147147240553513,0.7297059302827661,0.1639826225723288,0.10631144714490505,H
2024-11-04,Serie A,Empoli,Como,1.4364120004764824,1.1275921868790402,0.4413589904698732,0.2622725893256614,0.2963684202044654,H
2024-11-07,Serie A,Genoa,Como,1.4976802883309304,1.1011838416068163,0.4633709928665839,0.25783945592633717,0.27878955120707893,D
2024-11-08,Bundesliga,Union Berlin,Freiburg,1.4035821994065782,1.138759275346791,0.4301784299577789,0.26457047743570605,0.30525109260651506,D
2024-11-08,La Liga,Vallecano,Las Palmas,1.5878910020050159,0.9009965234348392,0.5348698664029525,0.2516174393788776,0.21351269421816987,A
2024-11-08,Ligue 1,Marseille,Auxerre,2.016004817640176,0.9988536417532903,0.6093491354778021,0.2102044311327206,0.1804464333894773,A
2024-11-08,Serie A,Lecce,Empoli,1.1864204416659552,1.214567017940321,0.35491410194865936,0.2765207044448631,0.36856519360647755,D
2024-11-09,Premier League,Liverpool,Aston Villa,1.9879118340803867,0.9812802757958083,0.6076135409240074,0.21233314899156183,0.18005331008443068,H
2024-11-09,Serie A,Juventus,Torino,2.0319959938630388,0.9737750490705626,0.6186740016976451,0.2079820126938895,0.17334398560846542,H
2024-11-09,Bundesliga,Bochum,Leverkusen,0.8452346206559419,2.541946725032253,0.10283071958083159,0.15613331128208177,0.7410359691370867,D
2024-11-09,La Liga,Leganes,Sevilla,1.4215874103942898,1.2126587966912517,0.41846877935082927,0.2602212654358366,0.3213099552133341,H
2024-11-09,Ligue 1,Lens,Nantes,1.9592358522109794,0.8462248248907136,0.6344791577606008,0.21081765227429766,0.15470318996510152,H
2024-11-09,Bundesliga,Werder Bremen,Holstein Kiel,1.8018629106384738,1.123598014854662,0.5324943622809619,0.23126792883042085,0.23623770888861717,H
2024-11-09,Ligue 1,Strasbourg,Monaco,1.1647300321986784,1.5646738113386802,0.2835358316459978,0.25068809074436893,0.4657760776096332,A
2024-11-09,Premier League,Brentford,Bournemouth,1.5889387561035444,1.2896216764205548,0.4439451403194769,0.24572637356613775,0.3103284861143853,H
2024-11-09,Premier League,Brighton,Man City,1.0255709200814858,2.0581462049599084,0.18106269022740473,0.20712292212140884,0.6118143876511865,H
2024-11-09,Bundesliga,Mainz,Dortmund,1.103984508804118,1.638227285021799,0.25640065541830215,0.2455104967339781,0.4980888478477198,H
2024-11-09,Premier League,Crystal Palace,Fulham,1.3908733752213696,1.1991967631400833,0.41338399757570715,0.2630543278081461,0.3235616746161467,A
2024-11-09,Bundesliga,St Pauli,Bayern Munich,0.9282599396286225,2.3251784367072106,0.13446041702342013,0.1794338147565953,0.6861057682199846,A
2024-11-09,Premier League,Wolves,Southampton,1.9037078833517094,0.9997741094073753,0.5849375640800815,0.2207009958913637,0.1943614400285549,H
2024-11-09,Bundesliga,RB Leipzig,M'gladbach,2.262474995275475,0.8730605714021293,0.6875177208019724,0.1823200704979811,0.1301622087000465,D
2024-11-09,Serie A,Cagliari,Milan,0.9386663263553159,1.8178541232788095,0.1915465534461726,0.22788667583767003,0.5805667707161574,D
2024-11-09,La Liga,Villarreal,Alaves,1.9759802777226838,0.8402293290325858,0.6394781425846591,0.20885475712752632,0.1516671002878146,H
2024-11-09,Ligue 1,Angers,Paris SG,0.7379415922958873,2.7088325370552817,0.07648138462441485,0.13536718134091152,0.7881514340346736,A
2024-11-09,Premier League,West Ham,Everton,1.5503682673425958,1.1048077999602048,0.47598956532259196,0.25316790440460624,0.27084253027280186,D
2024-11-09,La Liga,Real Madrid,Osasuna,2.3766928922859893,0.8229686333717775,0.7191506135625451,0.16913497425147475,0.11171441218598022,H
2024-11-09,Serie A,Venezia,Parma,1.5060595230225438,1.0521379474849406,0.47703845563770386,0.25823777999642517,0.2647237643658711,A
2024-11-10,Serie A,Roma,Bologna,1.355984613138152,1.3006999810566708,0.3825786465401605,0.2605005021233485,0.356920851336491,A
2024-11-10,Premier League,Man United,Leicester,1.810344785318251,0.9579906603871513,0.5741028397642717,0.2289716753221496,0.1969254849135787,H
2024-11-10,Bundesliga,Augsburg,Hoffenheim,1.4092496079790515,1.2522304568422167,0.40667321416891555,0.2594031260928366,0.33392365973824784,D
2024-11-10,Premier League,Nott'm Forest,Newcastle,1.2416717481249937,1.2839408376925816,0.3557905693619716,0.2683625805690629,0.3758468500689655,A
2024-11-10,Ligue 1,Rennes,Toulouse,1.5271099074030454,1.1278437618083117,0.4647438620412624,0.2546528145359501,0.28060332342278743,A
2024-11-10,Premier League,Chelsea,Arsenal,1.3307721807784576,1.6258163608092644,0.313848891318464,0.24213269544378124,0.4440184132377547,D
2024-11-10,Serie A,Inter,Napoli,2.0523501110441686,0.9840840941033381,0.6204339501441013,0.20641129330867372,0.173154756547225,D
2024-11-10,La Liga,Valladolid,Ath Bilbao,1.076364491723635,1.670436929650307,0.2446504353388565,0.24288208182221746,0.5124674828389261,D
2024-11-10,Premier League,Tottenham,Ipswich,2.3278440103956957,0.9282385330047279,0.6865885377011706,0.17919799803080189,0.1342134642680275,A
2024-11-10,Serie A,Atalanta,Udinese,2.453566808897739,0.848574607126808,0.7261656594006101,0.16385969429335961,0.10997464630603027,H
2024-11-10,La Liga,Getafe,Girona,1.1424724581259023,1.4421810048257797,0.29922977700964365,0.26128293191076835,0.439487291079588,A
2024-11-10,Ligue 1,Montpellier,Brest,1.1618027728600684,1.4847662982035437,0.2966482539107102,0.2572026685705142,0.44614907751877564,H
2024-11-10,Serie A,Monza,Lazio,1.124788053459251,1.7150355016431624,0.24948853540342175,0.23869756621529184,0.5118138983812864,A
2024-11-10,Bundesliga,Heidenheim,Wolfsburg,1.4642609436963263,1.1499930797885398,0.4435288939455735,0.259231866237602,0.2972392398168245,A
2024-11-10,La Liga,Mallorca,Ath Madrid,0.9997106172829514,1.6381563803503416,0.23076498992571476,0.2462600828446859,0.5229749272295994,A
2024-11-10,La Liga,Sociedad,Barcelona,1.0545454334824036,2.141598309061679,0.17731269232299926,0.20063240376693958,0.6220549039100611,H
2024-11-10,Serie A,Fiorentina,Verona,2.4599044798919714,0.8035910718023933,0.7372383277162694,0.16056014378342692,0.10220152850030363,H
2024-11-10,Ligue 1,Nice,Lille,1.2887877303807869,1.2866592983506016,0.36781020476772786,0.2653810377356844,0.36680875749658776,D
2024-11-10,Ligue 1,Lyon,St Etienne,2.2733666877971785,0.8632702929718123,0.6917778049926261,0.18080963227879224,0.12741256272858176,H
2024-11-10,La Liga,Betis,Celta,1.6438596597515587,0.8922939220739553,0.5509722726577096,0.2454977730518152,0.2035299542904752,D
2024-11-10,Ligue 1,Le Havre,Reims,1.1294602280045032,1.4995240000059817,0.2857507371621174,0.25693360393441206,0.4573156589034705,A
2024-11-10,Bundesliga,Stuttgart,Ein Frankfurt,1.6029523483049457,1.4159170515065358,0.42046144915050737,0.24099774692769668,0.33854080392179586,A
2024-11-22,La Liga,Getafe,Valladolid,1.453418462955455,1.06157565244215,0.4610964433547698,0.26285148059342334,0.27605207605180687,H
2024-11-22,Bundesliga,Bayern Munich,Augsburg,2.936677357519111,0.7008782471818225,0.8240286935424755,0.11564873729058563,0.06032256916693887,H
2024-11-22,Ligue 1,Paris SG,Toulouse,2.692593192995444,0.7610569585395032,0.7811405222518361,0.13828179699389753,0.08057768075426636,H
2024-11-22,Ligue 1,Monaco,Brest,1.788546796232896,0.9766665620275408,0.5645161308990123,0.23139251750404782,0.20409135159693986,H
2024-11-23,La Liga,Valencia,Betis,1.1193243453708568,1.4135788335163633,0.29829318191436405,0.26447731831749105,0.4372294997681449,H
2024-11-23,La Liga,Ath Madrid,Alaves,2.299582522212156,0.7036111843896209,0.7337540196865248,0.16888373894381117,0.09736224136966405,H
2024-11-23,Serie A,Parma,Atalanta,0.88513382412757,2.2067440928920905,0.13754014031686893,0.18809367999077936,0.6743661796923517,A
2024-11-23,Bundesliga,Ein Frankfurt,Werder Bremen,2.1667515909026633,1.1029793230620322,0.6159397219940779,0.19994660900750386,0.1841136689984183,H
2024-11-23,Premier League,Man City,Tottenham,2.3064842683139135,0.9670758411610082,0.6738448230618204,0.18291308600314482,0.14324209093503487,A
2024-11-23,Bundesliga,Stuttgart,Bochum,2.243143993780173,0.8015749936363639,0.7007987502434352,0.18031570112163012,0.11888554863493472,H
2024-11-23,Ligue 1,Lens,Marseille,1.578563435209647,1.2556034138172543,0.44884785878208006,0.24738261476449033,0.3037695264534296,A
2024-11-23,La Liga,Celta,Barcelona,0.8679672254064319,2.3996346608859294,0.11749395719720084,0.16968913355955395,0.7128169092432453,D
2024-11-23,Premier League,Arsenal,Nott'm Forest,2.286078955604126,0.8272145120824737,0.7024628674663959,0.1776866891777329,0.11985044335587125,H
2024-11-23,Serie A,Milan,Juventus,1.4584404141385026,1.3892270163929599,0.3904795452229451,0.2501920167706765,0.3593284380063785,D
2024-11-23,Premier League,Bournemouth,Brighton,1.359435414180185,1.3414934700678867,0.3750755279996993,0.2581166284141629,0.36680784358613794,A
2024-11-23,Premier League,Leicester,Chelsea,1.073153222693605,1.6352509984925345,0.2492889709091125,0.2460844904178082,0.5046265386730793,A
2024-11-23,Premier League,Aston Villa,Crystal Palace,1.7607553731713548,0.9258683089149808,0.5705603407600724,0.2334893185938624,0.1959503406460652,D
2024-11-23,La Liga,Las Palmas,Mallorca,1.2094842687884246,1.2257939154069404,0.35895015350327497,0.27423746731737547,0.3668123791793495,A
2024-11-23,Bundesliga,Hoffenheim,RB Leipzig,0.9769405624894719,1.6435506194194518,0.22437003291370614,0.24576998119432625,0.5298599858919676,H
2024-11-23,Bundesliga,Wolfsburg,Union Berlin,1.4315950943709954,1.1988147640947155,0.4241186843322862,0.26003401671179716,0.3158472989559167,H
2024-11-23,Bundesliga,Leverkusen,Heidenheim,2.329387928710762,0.758578585172713,0.7259589930011543,0.16957449839467942,0.10446650860416634,H
2024-11-23,Ligue 1,St Etienne,Montpellier,1.4432155353827174,1.210978112649597,0.42444967890846247,0.25869683705134916,0.31685348404018837,H
2024-11-23,La Liga,Girona,Espanol,2.0044740445240166,0.8306633941456146,0.6477470423981065,0.20552567323384657,0.14672728436804688,H
2024-11-23,Bundesliga,Dortmund,Freiburg,1.771712332281844,0.9969006052009131,0.5556772816936937,0.23325769662514448,0.2110650216811618,H
2024-11-23,Premier League,Fulham,Wolves,1.8063102109028024,1.1167745668645102,0.5351180576750136,0.23086682666642458,0.2340151156585618,A
2024-11-23,Premier League,Everton,Brentford,1.3795321820758095,1.3214472026234199,0.3843813574941886,0.2579993429757072,0.35761929953010413,D
2024-11-23,Serie A,Verona,Inter,0.8362000911223223,2.460164581951247,0.10745049044217976,0.16254652937936362,0.7300029801784567,A
2024-11-23,Ligue 1,Reims,Lyon,1.3547651704649069,1.481158979214093,0.3463209783275283,0.2503929147117912,0.4032861069606805,D
2024-11-24,Serie A,Napoli,Roma,1.7171551224894723,1.0205843065589597,0.5370668350974601,0.23863666277167744,0.2242965021308624,H
2024-11-24,La Liga,Leganes,Real Madrid,0.8891185914950203,2.2163330300509934,0.137382872321298,0.1873890168261381,0.675228110852564,A
2024-11-24,Serie A,Torino,Monza,1.5476078484746407,1.0409550140332484,0.4903517880134087,0.2545661536577583,0.255082058328833,D
2024-11-24,Ligue 1,Nice,Strasbourg,1.8521094667597693,1.0131796595602298,0.5701905428772583,0.22579584379427076,0.20401361332847096,H
2024-11-24,Ligue 1,Auxerre,Angers,1.9967174609793934,0.9720359041088398,0.611696309330479,0.21124385650498154,0.1770598341645394,H
2024-11-24,Serie A,Como,Fiorentina,1.0286466378132197,1.9434217873335051,0.19567465758810745,0.21759925774467465,0.5867260846672179,A
2024-11-24,Premier League,Southampton,Liverpool,0.694412942979327,2.51048850755837,0.08192059946135087,0.14877333675739293,0.7693060637812562,A
2024-11-24,Bundesliga,Holstein Kiel,Mainz,1.2584312352175868,1.3281238144776362,0.3513775787503724,0.2645221059896625,0.38410031525996513,A
2024-11-24,Ligue 1,Lille,Rennes,1.8364498303835621,0.9004696976205966,0.5942297447610494,0.22519288871329393,0.18057736652565665,H
2024-11-24,La Liga,Sevilla,Vallecano,1.4413051634880432,1.0658881953363892,0.45689578116818275,0.2638299431227175,0.2792742757090997,H
2024-11-24,Bundesliga,M'gladbach,St Pauli,1.6045729411951861,1.0331266193706663,0.5065777582058069,0.24928893243659064,0.24413330935760255,H
2024-11-24,La Liga,Osasuna,Villarreal,1.2049145269842703,1.4561706055720087,0.31290408459817803,0.2579609955793943,0.42913491982242785,D
2024-11-24,La Liga,Ath Bilbao,Sociedad,1.4660860138538783,1.1288384020663935,0.44881972780751467,0.25975376845921194,0.2914265037332735,H
2024-11-24,Serie A,Genoa,Cagliari,1.5635411280728022,1.0779360174446009,0.48561895066491506,0.252497215096973,0.2618838342381119,D
2024-11-24,Serie A,Lazio,Bologna,1.6600797645835865,1.1515081662034639,0.4923690360473301,0.2430971827115924,0.26453378124107746,H
2024-11-24,Ligue 1,Nantes,Le Havre,1.4980663808468766,1.0433570312725327,0.477054008552129,0.25917101989750824,0.2637749715503627,A
2024-11-24,Premier League,Ipswich,Man United,1.1938375909914234,1.5757365467047446,0.2889244035526932,0.24914163692237298,0.4619339595249338,D
2024-11-25,Premier League,Newcastle,West Ham,1.7423736846704954,0.9706987339659199,0.5551888779118632,0.23588405770876128,0.2089270643793756,A
2024-11-25,Serie A,Empoli,Udinese,1.3565791760823613,1.1637815490809136,0.4120885997345826,0.2672458530935974,0.3206655471718201,D
2024-11-25,Serie A,Venezia,Lecce,1.377053439777579,1.1214748810331452,0.427026695639461,0.2674480961829524,0.30552520817758655,A
2024-11-29,Premier League,Brighton,Southampton,2.26493961027357,0.7459328983615546,0.7178226987899176,0.17494541512209955,0.10723188608798286,D
2024-11-29,Serie A,Cagliari,Verona,1.5914579932589623,1.1431748507069508,0.4774106512919055,0.24893024022415713,0.2736591084839374,H
2024-11-29,Bundesliga,St Pauli,Holstein Kiel,1.437042023438344,1.0142850009400748,0.4679676875419337,0.2656927537077746,0.26633955875029164,H
2024-11-29,Ligue 1,Reims,Lens,1.3563649909049451,1.3217173278808705,0.37833272450477856,0.25935939673487046,0.3623078787603509,A
2024-11-29,La Liga,Mallorca,Valencia,1.481625462612733,1.0833559456537862,0.46336733042500156,0.25971566239758914,0.2769170071774093,H
2024-11-30,La Liga,Alaves,Leganes,1.4186490302858403,1.2192455818380807,0.4162628218937837,0.260162820217248,0.3235743578889684,D
2024-11-30,La Liga,Valladolid,Ath Madrid,0.8565401661851126,1.9963457331791314,0.15291484993296892,0.20739448608533018,0.6396906639817009,A
2024-11-30,Ligue 1,Paris SG,Nantes,3.4290097845409866,0.6190753406591135,0.8855172024636376,0.0795548710418631,0.034927926494499266,D
2024-11-30,Premier League,Crystal Palace,Newcastle,1.2097362543834722,1.3781181247528456,0.3287601152549876,0.2635160156298186,0.4077238691151938,D
2024-11-30,Ligue 1,Brest,Strasbourg,1.7188533707214873,1.1124415941880375,0.515613233048007,0.23842557513567392,0.24596119181631904,H
2024-11-30,Bundesliga,Augsburg,Bochum,1.675768215361073,0.9649369791426888,0.5406728016533382,0.24251541665455467,0.21681178169210708,H
2024-11-30,La Liga,Espanol,Celta,1.2982627572502314,1.371802052558017,0.35314857573691366,0.25965148621512313,0.3871999380479632,H
2024-11-30,Serie A,Milan,Empoli,1.9340258402411064,0.8192125128255389,0.635873916369685,0.2124530458041578,0.15167303782615713,H
2024-11-30,Premier League,Brentford,Leicester,1.7888315070836749,1.0525575721518998,0.5462564206773527,0.2321008282378029,0.22164275108484435,H
2024-11-30,Serie A,Como,Monza,1.3016614420765988,1.1941607044888527,0.39070780788812864,0.2698338368088387,0.3394583553030326,D
2024-11-30,Bundesliga,Dortmund,Bayern Munich,1.3302000200305735,1.799873905258062,0.2842884641963932,0.23043508830301446,0.48527644750059235,D
2024-11-30,Bundesliga,Werder Bremen,Stuttgart,1.3240639911616174,1.443610932105704,0.3457734876332765,0.2539863628432492,0.4002401495234743,D
2024-11-30,Premier League,Wolves,Bournemouth,1.5432310945871506,1.2696698535026176,0.4369820594512362,0.2494794912225204,0.3135384493262434,A
2024-11-30,Serie A,Bologna,Venezia,2.267350813080486,0.7799606698308588,0.7102186715318433,0.17675685507412414,0.11302447339403253,H
2024-11-30,Bundesliga,Union Berlin,Leverkusen,0.9699816052474328,1.8587880354827497,0.19342445485064583,0.2244213247720027,0.5821542203773515,A
2024-11-30,Bundesliga,Freiburg,M'gladbach,1.4546177770821362,1.191839548875797,0.43163472009119463,0.25855423905268105,0.30981104085612443,H
2024-11-30,Premier League,West Ham,Arsenal,0.9818957657619135,1.8454722097487128,0.19781378908224567,0.22592810573121647,0.5762581051865379,A
2024-11-30,Bundesliga,RB Leipzig,Wolfsburg,2.100948233949146,0.9070276527401697,0.6486848350111011,0.19907135852036748,0.15224380646853145,A
2024-11-30,Ligue 1,Rennes,St Etienne,1.5733896053759815,0.962441406705624,0.5159272893419524,0.2529304578224249,0.23114225283562276,H
2024-11-30,Premier League,Nott'm Forest,Ipswich,1.5833042456126312,1.1338970259208243,0.4775192898655997,0.24978503113277256,0.2726956790016277,H
2024-11-30,La Liga,Barcelona,Las Palmas,3.3697582556785064,0.6415981706549103,0.8772293704394973,0.08431979158967372,0.03845083797082892,A
2024-12-01,Ligue 1,Toulouse,Auxerre,1.481470666981407,1.1903446432223626,0.4388840595754202,0.25654815510949597,0.30456778531508377,H
2024-12-01,Premier League,Man United,Everton,1.7625910197130439,0.9133714342166994,0.5740952498023654,0.2331081394776769,0.19279661071995763,H
2024-12-01,Serie A,Parma,Lazio,0.8910781629427147,2.1845234789967622,0.14078731297965172,0.19045531745510597,0.6687573695652423,H
2024-12-01,Serie A,Lecce,Juventus,0.9012222525506988,1.8813933296331917,0.17534592990924755,0.2205938662183029,0.6040602038724495,D
2024-12-01,Premier League,Chelsea,Aston Villa,1.6353089334163236,1.166252331078416,0.48293167624878547,0.24492750630945467,0.27214081744175983,H
2024-12-01,Serie A,Udinese,Genoa,1.5233626735946144,1.0907152152508077,0.4724065255377542,0.25583453517906024,0.2717589392831856,A
2024-12-01,Ligue 1,Montpellier,Lille,0.9867580347651649,1.692356299548226,0.21973082399880065,0.2409344623098852,0.5393347136913141,D
2024-12-01,Ligue 1,Marseille,Monaco,1.4942281246393987,1.4063982962282422,0.39587092253362705,0.24746105455807788,0.3566680229082951,H
2024-12-01,La Liga,Vallecano,Ath Bilbao,1.0716843716817996,1.489645628665412,0.27252639626748726,0.2592926533422399,0.4681809503902729,A
2024-12-01,Serie A,Torino,Napoli,1.0870317580370468,1.4026030893414736,0.29168974012378646,0.26659191228908463,0.4417183475871289,A
2024-12-01,Bundesliga,Heidenheim,Ein Frankfurt,1.2105973758429427,1.7505797243793655,0.2643064181977492,0.23522020431006763,0.5004733774921831,A
2024-12-01,Ligue 1,Le Havre,Angers,1.5369408903174537,1.0161475013141699,0.4935768380414842,0.255968022830234,0.25045513912828177,A
2024-12-01,Ligue 1,Lyon,Nice,1.592926266274204,1.164722616876192,0.4728279277231972,0.2483991008567487,0.278772971420054,H
2024-12-01,La Liga,Sociedad,Betis,1.4327225203744471,1.1412755774820118,0.4372832687077308,0.2620979351797788,0.30061879611249026,H
2024-12-01,Premier League,Liverpool,Man City,1.6254608700237645,1.2837751954127417,0.45415502359469845,0.24334227952545287,0.3025026968798487,H
2024-12-01,La Liga,Real Madrid,Getafe,2.8232291574250032,0.6447844535024387,0.8215169258746046,0.11965146088498539,0.05883161324041004,H
2024-12-01,Premier League,Tottenham,Fulham,2.032146485889951,1.007372212322644,0.6107074969024754,0.208961667841034,0.18033083525649063,D
2024-12-01,Bundesliga,Mainz,Hoffenheim,1.5477442384290294,1.083800839935917,0.48023989213260665,0.2538088834284908,0.26595122443890257,H
2024-12-01,La Liga,Villarreal,Girona,1.5751278372715494,1.2221977228286713,0.45541225613690506,0.24850177113925942,0.29608597272383563,D
2024-12-02,Serie A,Roma,Atalanta,1.2590228163898407,1.8179189189331464,0.26504693654650596,0.22975462131802923,0.5051984421354648,A
2024-12-02,La Liga,Sevilla,Osasuna,1.3613451233705645,1.1890541365247798,0.4077989353414684,0.2657085449181821,0.32649251974034965,D
2024-12-03,Premier League,Leicester,West Ham,1.2763814766492378,1.3672383693988366,0.3483513559841915,0.26104833373969444,0.3906003102761141,H
2024-12-03,Premier League,Ipswich,Crystal Palace,1.4134668989453378,1.2378058415367514,0.4108793779711265,0.2597437027573368,0.32937691927153673,A
2024-12-03,La Liga,Mallorca,Barcelona,0.966386364995618,1.9753600555280313,0.17836770283572556,0.2131084508346504,0.6085238463296241,A
2024-12-04,Premier League,Arsenal,Man United,2.146523310491111,1.0429605645249571,0.6257272609520325,0.19983831356108728,0.17443442548688026,H
2024-12-04,Premier League,Newcastle,Liverpool,1.1065101314256864,1.781789610410978,0.235198234401461,0.23296264470218442,0.5318391208963545,D
2024-12-04,Premier League,Man City,Nott'm Forest,2.300041873457611,0.793915768732155,0.7126883105267845,0.174475984586336,0.11283570488687959,H
2024-12-04,Premier League,Everton,Wolves,1.3876321164526262,1.233560998798303,0.4050605316198296,0.261743301537657,0.3331961668425134,H
2024-12-04,La Liga,Ath Bilbao,Real Madrid,1.0375093143953098,1.7999852762871011,0.21660436862425006,0.2309561966443337,0.5524394347314162,H
2024-12-04,Premier League,Southampton,Chelsea,0.8414203316807943,1.9977397259963203,0.14963863902111046,0.2066572519825088,0.6437041089963808,A
2024-12-04,Premier League,Aston Villa,Brentford,1.6862863656435627,1.198857158869847,0.48785412041191994,0.2403837094172175,0.27176217017086246,H
2024-12-05,Premier League,Bournemouth,Tottenham,1.376348554347914,1.5555472628402476,0.3376736598148952,0.24512508700140662,0.41720125318369816,H
2024-12-05,Premier League,Fulham,Brighton,1.3640125105454355,1.3358261265330686,0.3774155189377301,0.2581593564754281,0.3644251245868418,H
2024-12-06,Serie A,Atalanta,Milan,1.6434000009134573,1.1899059626712727,0.4795061527078666,0.2438998843329643,0.27659396295916905,H
2024-12-06,Bundesliga,Stuttgart,Union Berlin,1.7954274464794593,0.94114451564211,0.5748196408230137,0.23019096228746475,0.1949893968895215,H
2024-12-06,Serie A,Inter,Parma,3.4298198547355123,0.6241363471098663,0.8848198247745906,0.07987086433913235,0.035309310886277076,H
2024-12-06,Ligue 1,Lille,Brest,1.8164411747232347,1.0599649785096261,0.550864314351719,0.2296399047781453,0.2194957808701357,H
2024-12-06,La Liga,Celta,Mallorca,1.4477717602837543,1.212958976708312,0.42519118667368205,0.25828456769272545,0.3165242456335925,H
2024-12-06,Ligue 1,Auxerre,Paris SG,0.9292847200952934,2.251639719551103,0.1415257959094297,0.1860392960300499,0.6724349080605204,D
2024-12-07,Premier League,Man United,Nott'm Forest,1.89248026093461,0.9301752121705038,0.5993737125776545,0.22022370548057527,0.1804025819417703,A
2024-12-07,Bundesliga,Holstein Kiel,RB Leipzig,1.029122589291367,1.845759796115052,0.2084627402910594,0.22661425658923076,0.5649230031197098,A
2024-12-07,Premier League,Aston Villa,Southampton,2.361081563010398,0.7522027530207528,0.7327529415935968,0.16621073352245833,0.10103632488394482,H
2024-12-07,Premier League,Crystal Palace,Man City,0.9700691343533941,1.9465495031994897,0.18258946178397606,0.21595554636706527,0.6014549918489587,D
2024-12-07,La Liga,Girona,Real Madrid,1.2213023643084826,1.8308017372648842,0.2544210518828286,0.22892027805957174,0.5166586700575997,A
2024-12-07,Bundesliga,Leverkusen,St Pauli,2.487986229868646,0.7371348210903947,0.7564509046324954,0.15374039751145996,0.08980869785604463,H
2024-12-07,Premier League,Brentford,Newcastle,1.3624961483431866,1.4353362916990138,0.3571157576893087,0.2527282907140097,0.3901559515966816,H
2024-12-07,Ligue 1,Angers,Lyon,0.9649646657242624,1.8967665317497084,0.18754797734431122,0.22062659038300436,0.5918254322726845,A
2024-12-07,La Liga,Betis,Barcelona,1.0896160613487167,1.974134038492959,0.20497355895218836,0.21603785348108107,0.5789885875667306,D
2024-12-07,Bundesliga,Bayern Munich,Heidenheim,2.8512405587551983,0.6649776711148719,0.8209066533855076,0.11911529758638183,0.059978049028110575,H
2024-12-07,La Liga,Valencia,Vallecano,1.5738932538931953,1.066078468315011,0.4910310079000716,0.251746453470674,0.2572225386292544,A
2024-12-07,Ligue 1,Monaco,Toulouse,1.9773029247591034,0.9388061093122758,0.6156024623010425,0.21212026290468247,0.17227727479427504,H
2024-12-07,Bundesliga,M'gladbach,Dortmund,1.1837665602618284,1.6317202000601967,0.2770206540692751,0.24493007720282428,0.47804926872790054,D
2024-12-07,Serie A,Genoa,Torino,1.3334563069224583,1.139375553021681,0.4112886865995937,0.27021281258960095,0.31849850081080533,D
2024-12-07,Serie A,Roma,Lecce,1.706020387268702,0.9343583656925191,0.5555159620034352,0.2392367650047761,0.20524727299178863,H
2024-12-07,La Liga,Las Palmas,Valladolid,1.5626534443351685,1.0060384520251233,0.5025687683589063,0.2536019241063887,0.24382930753470494,H
2024-12-07,Bundesliga,Bochum,Werder Bremen,1.1764683159123768,1.5285601409283265,0.29270334478368687,0.2532875829622236,0.45400907225408954,A
2024-12-07,Ligue 1,Nice,Le Havre,1.98101161029639,0.8149882651545691,0.6467889002400411,0.20731873784375962,0.1458923619161993,H
2024-12-07,Bundesliga,Ein Frankfurt,Augsburg,2.256868595275973,0.8450032704367305,0.6930597427492398,0.18138206887033753,0.12555818838042263,D
2024-12-07,Serie A,Juventus,Bologna,1.6643644708942358,1.092849880158825,0.5070948918695933,0.24331347568381176,0.24959163244659502,D
2024-12-08,La Liga,Leganes,Sociedad,1.1891566921096337,1.422211358270458,0.3150674470495372,0.26112272425916494,0.4238098286912979,A
2024-12-08,Ligue 1,Nantes,Rennes,1.2275101207036103,1.4428421936057887,0.3211944029185497,0.2580802414389932,0.420725355642457,H
2024-12-08,Ligue 1,Strasbourg,Reims,1.374090300190848,1.3098701241071111,0.3853756820094492,0.25891881202645023,0.35570550596410055,D
2024-12-08,Premier League,Ipswich,Bournemouth,1.2536413298821936,1.3652969161071733,0.3427811869433445,0.2623129333030929,0.3949058797535626,A
2024-12-08,Bundesliga,Hoffenheim,Freiburg,1.289504085341286,1.2249417813354184,0.38086332055484,0.26896336730400766,0.35017331214115227,D
2024-12-08,La Liga,Ath Madrid,Sevilla,2.176647698391455,0.7712919463702564,0.6958768902114941,0.18512511227128317,0.11899799751722268,H
2024-12-08,Premier League,Leicester,Brighton,1.2316674499023788,1.4892854793097008,0.31371546770211084,0.25456663153564946,0.43171790076223976,D
2024-12-08,Bundesliga,Wolfsburg,Mainz,1.4686829094873404,1.2155547045631496,0.4300027055099055,0.25664397873387734,0.3133533157562172,H
2024-12-08,Premier League,Fulham,Arsenal,1.0487028393743654,2.0084263805567177,0.19188822498979335,0.2121710616481885,0.5959407133620181,D
2024-12-08,Serie A,Napoli,Lazio,1.5102517487879985,1.2435409380789268,0.4344250195562646,0.25265147848422487,0.3129235019595106,A
2024-12-08,Ligue 1,St Etienne,Marseille,1.0424360746769459,1.7108718264700853,0.23042809034277476,0.2392651949461601,0.5303067147110652,A
2024-12-08,La Liga,Osasuna,Alaves,1.627542618157532,0.9536255052005342,0.531648108696858,0.24740697828785474,0.22094491301528735,D
2024-12-08,Ligue 1,Lens,Montpellier,1.9121912233071232,0.9137347223641151,0.6077264949038732,0.2178167664529112,0.1744567386432155,H
2024-12-08,Serie A,Fiorentina,Cagliari,2.2734315819668462,0.8240395219623018,0.7009514884790824,0.17869377093729702,0.12035474058362053,H
2024-12-08,Serie A,Verona,Empoli,1.3189650007405447,1.2047499164278364,0.3930818823875191,0.26802146950079964,0.33889664811168113,A
2024-12-08,Premier League,Tottenham,Chelsea,1.448590103541088,1.4919881132382082,0.3675067639940644,0.24572900376251466,0.38676423224342094,A
2024-12-08,La Liga,Ath Bilbao,Villarreal,1.4864313415475705,1.249542240232188,0.4270749114190871,0.2541415571445574,0.3187835314363555,H
2024-12-08,Serie A,Venezia,Como,1.2497410787854093,1.2507284631952493,0.3647563810982677,0.2700166586603172,0.36522696024141504,D
2024-12-09,La Liga,Getafe,Espanol,1.4775110818558135,1.0719009890971785,0.46497713574304234,0.2603836857054307,0.27463917855152686,H
2024-12-09,Serie A,Monza,Udinese,1.3850433690292812,1.1341778728078935,0.426290829909694,0.26626724858110945,0.30744192150919664,A
2024-12-09,Premier League,West Ham,Wolves,1.6497479181241927,1.1541085911024274,0.4892532330957006,0.24391930638651121,0.2668274605177882,H
2024-12-13,La Liga,Valladolid,Valencia,1.2300753833726745,1.3819513652940265,0.33337318577952557,0.2623026733612957,0.4043241408591788,H
2024-12-13,Serie A,Empoli,Torino,1.3533277255729137,1.157333146157159,0.4126463158524454,0.26779668676422846,0.3195569973833262,A
2024-12-13,Ligue 1,Toulouse,St Etienne,1.624686097156827,0.8869180201901962,0.5476017682632426,0.24756054640544414,0.2048376853313133,H
2024-12-13,Bundesliga,Freiburg,Wolfsburg,1.4463168200152166,1.2845809647078184,0.4092857693785021,0.25551631042759043,0.33519792019390754,H
2024-12-14,Serie A,Cagliari,Atalanta,0.9884630133266381,1.9758653810440943,0.18301845089818952,0.213655860733255,0.6033256883685555,A
2024-12-14,Premier League,Liverpool,Fulham,2.4817668974365006,0.8375288449843091,0.7331984993078531,0.16076234604804038,0.10603915464410656,D
2024-12-14,Bundesliga,Mainz,Bayern Munich,1.0989403966477982,1.9482419704475837,0.21037992228982264,0.21843800159238813,0.5711820761177892,H
2024-12-14,Bundesliga,M'gladbach,Holstein Kiel,1.748914771594424,0.9239377602702167,0.5682680706269038,0.2346838749444675,0.1970480544286287,H
2024-12-14,Bundesliga,Augsburg,Leverkusen,0.8882229914218451,2.02106181448008,0.15683839498032048,0.206115647643309,0.6370459573763705,A
2024-12-14,La Liga,Sevilla,Celta,1.4548715666002365,1.191834368961252,0.43170148788302304,0.25853506258235126,0.3097634495346257,H
2024-12-14,Serie A,Udinese,Napoli,1.0630769672589055,1.499269997292772,0.2686802264121245,0.2586214969013234,0.47269827668655207,A
2024-12-14,La Liga,Mallorca,Girona,1.2774432894060652,1.5467768619559137,0.3148383918311225,0.2489912390943732,0.4361703690745042,H
2024-12-14,Ligue 1,Reims,Monaco,1.1223031021826535,1.5740460740330806,0.2713260316493,0.25078678341034244,0.47788718494035753,D
2024-12-14,La Liga,Vallecano,Real Madrid,0.7870621776237989,2.4406202039384883,0.1009442003110738,0.16121605457706484,0.7378397451118615,D
2024-12-14,La Liga,Espanol,Osasuna,1.2621706126230858,1.3713871023805446,0.34382546582153173,0.2614858363671115,0.39468869781135685,D
2024-12-14,Premier League,Nott'm Forest,Aston Villa,1.2301518341136721,1.438369695486798,0.3227098579106747,0.25829661494909656,0.41899352714022886,H
2024-12-14,Premier League,Arsenal,Everton,2.603730413383709,0.7225003256334183,0.7767911180063015,0.14280281827715088,0.0804060637165477,D
2024-12-14,Ligue 1,Auxerre,Lens,1.188735960082133,1.4804317087319874,0.30434154449070444,0.2566813571125106,0.43897709839678495,D
2024-12-14,Premier League,Wolves,Ipswich,1.540416680780317,1.1489173475207861,0.46328051051026964,0.25303564696671926,0.2836838425230111,A
2024-12-14,Ligue 1,Marseille,Lille,1.532730277100685,1.3191737172370774,0.42367117187688236,0.2485527646071991,0.32777606351591854,D
2024-12-14,Bundesliga,Union Berlin,Bochum,1.7815421956609137,0.8896166829377413,0.5844220332061156,0.2306978461470988,0.1848801206467856,A
2024-12-14,Serie A,Juventus,Venezia,2.50744590966802,0.6485397329365176,0.7789773705431953,0.14567670923322476,0.07534592022357997,D
2024-12-14,Bundesliga,St Pauli,Werder Bremen,1.3645628751109966,1.2141017592790775,0.40319897093167084,0.2642884362761024,0.3325125927922268,A
2024-12-14,Premier League,Newcastle,Leicester,2.0865733663088655,0.9798934236764253,0.6284355408870618,0.20312141929612149,0.16844303981681671,H
2024-12-15,Ligue 1,Le Havre,Strasbourg,1.2628929391509918,1.2134316154818359,0.3761051675055125,0.27145923811742007,0.3524355943770675,A
2024-12-15,Serie A,Milan,Genoa,2.000793319829294,0.8660599507986587,0.6382739404999707,0.20730815267555222,0.15441790682447704,D
2024-12-15,Premier League,Man City,Man United,2.125913814873234,1.0097027951276911,0.6293545912999451,0.20056126557708268,0.17008414312297224,A
2024-12-15,Ligue 1,Brest,Nantes,1.8666395711713837,0.9831436074716384,0.5807159495496327,0.22390932105268596,0.19537472939768136,H
2024-12-15,La Liga,Sociedad,Las Palmas,2.013398894184695,0.8382066629078211,0.6477184262155039,0.20492029426000785,0.14736127952448821,D
2024-12-15,La Liga,Villarreal,Betis,1.7400173709605318,1.1541842902854837,0.5109164544766126,0.23644113998024235,0.25264240554314504,A
2024-12-15,Bundesliga,Dortmund,Hoffenheim,2.0911046651755885,0.8726186489754073,0.6550021813304044,0.19859097590613223,0.1464068427634633,D
2024-12-15,Serie A,Bologna,Fiorentina,1.466257943974684,1.2430027933428074,0.4233581948664525,0.2558096886083683,0.3208321165251793,H
2024-12-15,La Liga,Alaves,Ath Bilbao,1.0453857239963535,1.5948762541070036,0.24870327675425644,0.25007678486878726,0.5012199383769562,D
2024-12-15,Premier League,Chelsea,Brentford,2.2733525298577995,1.035321258976031,0.6521143821260889,0.18865601568239146,0.15922960219151966,H
2024-12-15,Ligue 1,Montpellier,Nice,1.1617061378048334,1.5033844778723497,0.29334394666450536,0.25571035834008987,0.45094569499540477,D
2024-12-15,Bundesliga,RB Leipzig,Ein Frankfurt,1.697881078953398,1.4316766203243758,0.4397658686790514,0.2350414784191159,0.3251926529018327,H
2024-12-15,Bundesliga,Heidenheim,Stuttgart,1.1605284387064532,1.7753192183479511,0.2487588336642568,0.23349696288087743,0.5177442034548657,A
2024-12-15,Ligue 1,Paris SG,Lyon,1.9724381531180313,1.0121411176674857,0.5969300862825672,0.21456638972157113,0.18850352399586173,H
2024-12-15,Serie A,Lecce,Monza,1.310843084053795,1.1673511689245584,0.3990044147148493,0.27058190844387,0.33041367684128065,H
2024-12-15,Serie A,Parma,Verona,1.4858405630341105,1.1626616301736437,0.4462310257906012,0.2570900303267728,0.296678943882626,A
2024-12-15,La Liga,Ath Madrid,Getafe,2.531379683509893,0.7081441672446136,0.769386791237512,0.1479322221910516,0.08268098657143645,H
2024-12-15,Premier League,Southampton,Tottenham,0.9684913945038323,1.9682701246175345,0.17965535144661568,0.21384153484515117,0.6065031137082332,A
2024-12-15,Ligue 1,Rennes,Angers,1.8900124113174275,0.8320582795940025,0.6231885167771254,0.21760972928156835,0.15920175394130634,H
2024-12-15,Premier League,Brighton,Crystal Palace,1.664262217757445,1.0891155459434771,0.5079506378150984,0.24335060620343504,0.24869875598146648,A
2024-12-15,Serie A,Como,Roma,1.2123260253734294,1.50951806166033,0.3051522549064871,0.25370926831434676,0.44113847677916607,H
2024-12-15,La Liga,Barcelona,Leganes,2.8490555982101946,0.7053589051406696,0.812753374051114,0.12229158095587317,0.06495504499301281,A
2024-12-16,Premier League,Bournemouth,West Ham,1.6683954435652493,1.146714536764257,0.4954958127686259,0.24246125525409126,0.26204293197728284,D
2024-12-16,Serie A,Lazio,Inter,1.190701725821629,1.7556041288060902,0.2588446253215319,0.23496543813825693,0.5061899365402112,A
2024-12-18,La Liga,Espanol,Valencia,1.3859834000939137,1.20691794717981,0.4104088982490816,0.26307155384190695,0.32651954790901144,D
2024-12-18,La Liga,Villarreal,Vallecano,1.938117224219361,0.9680423706769327,0.6001207488435476,0.21671152970260077,0.18316772145385166,D
2024-12-18,Ligue 1,Monaco,Paris SG,1.2957585696883562,1.6565095016795548,0.30005197166801706,0.24090383027135356,0.4590441980606294,A
2024-12-20,Serie A,Verona,Milan,0.9913483108350071,1.9456857119684914,0.18729620585090834,0.21656217769063546,0.5961416164584562,A
2024-12-20,Bundesliga,Bayern Munich,RB Leipzig,1.8941041891093748,1.110248776038483,0.5565801426687949,0.22325878548817227,0.22016107184303288,H
2024-12-20,La Liga,Girona,Valladolid,2.115434799141131,0.7920325329681934,0.6793003084591979,0.19238607275175482,0.12831361878904735,H
2024-12-21,Bundesliga,Holstein Kiel,Augsburg,1.2822567064707786,1.2375442783745145,0.3762599690477434,0.2687167188867464,0.3550233120655102,H
2024-12-21,Bundesliga,Stuttgart,St Pauli,2.217420897028637,0.8682583559760051,0.6803422914726968,0.18627374531259958,0.1333839632147037,A
2024-12-21,Bundesliga,Ein Frankfurt,Mainz,1.7981181972347777,1.1960580847289322,0.5148816932287746,0.23155253543054918,0.2535657713406762,A
2024-12-21,Premier League,Crystal Palace,Arsenal,1.0612777696076587,1.9477142347524057,0.20223256373499565,0.21784684330567405,0.5799205929593304,A
2024-12-21,Bundesliga,Hoffenheim,M'gladbach,1.409667533087709,1.2328868545779517,0.4109572162935863,0.26022441079314296,0.3288183729132707,A
2024-12-21,Premier League,West Ham,Brighton,1.486185555129001,1.3057264591374946,0.4148918211516612,0.25205809618435815,0.3330500826639806,D
2024-12-21,La Liga,Celta,Sociedad,1.2039114956717396,1.4171227549895173,0.3198650959322618,0.26090913856072456,0.4192257655070136,H
2024-12-21,Bundesliga,Werder Bremen,Union Berlin,1.546799140810391,1.0386464137378029,0.4906972339121526,0.25467872828681776,0.25462403780102977,H
2024-12-21,Serie A,Genoa,Napoli,1.0452401579869184,1.5259960961652563,0.25967357158865517,0.25651874695563714,0.48380768145570757,A
2024-12-21,Premier League,Ipswich,Newcastle,1.1476402563649537,1.6254367303701422,0.2691834285267402,0.2460269602924699,0.48478961118078995,A
2024-12-21,Premier League,Brentford,Nott'm Forest,1.6286411172551536,1.1365803382468962,0.4881349518045166,0.24592214997489148,0.26594289822059203,A
2024-12-21,La Liga,Getafe,Mallorca,1.2835586239658032,1.21270499960654,0.38185466406605667,0.27007616936933815,0.34806916656460524,A
2024-12-21,Bundesliga,Leverkusen,Freiburg,2.3448836808280293,0.8555471652965632,0.7062429758068058,0.1738682717662209,0.11988875242697324,H
2024-12-21,Serie A,Lecce,Lazio,1.074281968189932,1.5718195928330174,0.2596217368528058,0.251809771791621,0.4885684913555732,A
2024-12-21,Serie A,Torino,Bologna,1.1760156364574668,1.4096052381474213,0.3139620278301951,0.2626139370919142,0.42342403507789067,A
2024-12-21,Premier League,Aston Villa,Man City,1.201182047332876,1.6675389895313253,0.2753708777024633,0.24182322116102511,0.48280590113651145,H
2024-12-21,La Liga,Barcelona,Ath Madrid,1.7331246340436652,1.3525564248726645,0.4648890948401085,0.23459091694530257,0.30051998821458903,A
2024-12-21,La Liga,Osasuna,Ath Bilbao,1.1921590425824093,1.4473358732518664,0.31122354941896135,0.25909748760474816,0.42967896297629055,A
2024-12-22,Premier League,Tottenham,Liverpool,1.3269925634252906,1.8487533191215653,0.2757484080162178,0.22709024192744837,0.4971613500563339,A
2024-12-22,Serie A,Roma,Parma,2.0648595821995515,0.9155416465230775,0.6393888783597352,0.202865942398275,0.15774517924198972,H
2024-12-22,Bundesliga,Wolfsburg,Dortmund,1.4201764606428726,1.587867766215659,0.34235111119923783,0.24171203998344268,0.41593684881731946,A
2024-12-22,Premier League,Leicester,Wolves,1.6220134350422253,1.2210465697439807,0.46723883401138644,0.2449852863393469,0.28777587964926654,A
2024-12-22,Serie A,Atalanta,Empoli,2.2024639718151855,0.8124322282864981,0.6907966130259002,0.18483140467608894,0.12437198229801077,H
2024-12-22,Bundesliga,Bochum,Heidenheim,1.3632607704270316,1.2099241065011472,0.4037600006112138,0.2645813667325262,0.3316586326562601,H
2024-12-22,La Liga,Real Madrid,Sevilla,2.694761605896413,0.739858639087346,0.7858420998120512,0.1366194263216989,0.07753847386624992,H
2024-12-22,La Liga,Leganes,Villarreal,1.1310740292440484,1.4503670989206323,0.2947903957825126,0.260993235574562,0.44421636864292535,A
2024-12-22,La Liga,Betis,Vallecano,1.8439846024100162,1.0274712489260762,0.5649167522594553,0.22675748563779338,0.2083257621027513,D
2024-12-22,Serie A,Venezia,Cagliari,1.3172810650450357,1.2809681782895233,0.3765265324842133,0.2639659460218531,0.35950752149393367,H
2024-12-22,Serie A,Monza,Juventus,0.9986747435388488,1.767689070689048,0.21203010112861348,0.23366273141358254,0.554307167457804,A
2024-12-22,Premier League,Everton,Chelsea,1.0609101217703722,1.8345659483655345,0.21720690255530464,0.22800645881080872,0.5547866386338867,D
2024-12-22,Premier League,Man United,Bournemouth,1.7638687696297728,1.1036630551041,0.5283196358793119,0.2345218065256471,0.23715855759504098,A
2024-12-22,La Liga,Valencia,Alaves,1.4682870464822477,1.1440295149771027,0.44592626246008815,0.25909508334711334,0.2949786541927986,D
2024-12-22,Premier League,Fulham,Southampton,2.294037235394563,0.7757940834313803,0.7158755649593891,0.1739667537251991,0.11015768131541172,D
2024-12-22,La Liga,Las Palmas,Espanol,1.5126080501308232,1.0892907609245253,0.4699827872069544,0.2568184650392031,0.2731987477538425,H
2024-12-23,Serie A,Inter,Como,3.1633902129753295,0.6685218133747032,0.8540498947860861,0.09827603379194369,0.047674071421970256,H
2024-12-23,Serie A,Fiorentina,Udinese,1.898849259013262,0.8664348680239676,0.6165171522299819,0.21778757520933922,0.16569527256067876,A
2024-12-26,Premier League,Chelsea,Fulham,2.107842842919964,0.9770857188004307,0.6333977566780542,0.20107385407229478,0.16552838924965105,A
2024-12-26,Premier League,Nott'm Forest,Tottenham,1.450349774542924,1.4505027586066135,0.3761087573548727,0.24771418214647514,0.37617706049865207,H
2024-12-26,Premier League,Southampton,West Ham,1.037210286190544,1.612433086945036,0.24393576626327082,0.24851014932763615,0.507554084409093,A
2024-12-26,Premier League,Bournemouth,Crystal Palace,1.68806697669947,1.1091517976332907,0.5090031815737411,0.24111685637009833,0.24987996205616048,D
2024-12-26,Premier League,Newcastle,Aston Villa,1.77245203229567,1.2316620614015932,0.5008265045397212,0.23336606942256985,0.265807426037709,H
2024-12-26,Premier League,Liverpool,Leicester,3.454965721394194,0.6821765537571124,0.878088527880299,0.08260538862124017,0.03930608349846079,H
2024-12-26,Premier League,Wolves,Man United,1.2285757696715185,1.6220234464229324,0.2896181380323897,0.24482895639375063,0.4655529055738596,H
2024-12-26,Premier League,Man City,Everton,2.3222994884888766,0.7743196161034394,0.721096083942761,0.17121286100876634,0.1076910550484725,D
2024-12-27,Premier League,Arsenal,Ipswich,2.9439591437420587,0.6492852069236124,0.8345740721840788,0.11127236777258906,0.054153560043332154,H
2024-12-27,Premier League,Brighton,Brentford,1.6723602485859204,1.2107396037137417,0.4818044514182138,0.24130497200888523,0.276890576572901,D
2024-12-28,Serie A,Parma,Monza,1.319744663499862,1.4095079239443629,0.35128268824444814,0.2562742358110572,0.3924430759444947,H
2024-12-28,Serie A,Cagliari,Inter,0.7468575615793176,2.869113283660803,0.06906672742797927,0.1238297044992367,0.807103568072784,A
2024-12-28,Serie A,Lazio,Atalanta,1.3867309156126162,1.4423923989773346,0.3618402460663397,0.2511933391031032,0.386966414830557,D
2024-12-28,Serie A,Empoli,Genoa,1.4446339555701626,1.197161229795102,0.42786908361566844,0.25911600457019834,0.31301491181413316,A
2024-12-29,Premier League,Fulham,Bournemouth,1.486714743100509,1.139771412353549,0.45165828945933834,0.2577086414622014,0.29063306907846026,D
2024-12-29,Serie A,Juventus,Fiorentina,1.6610328349753642,1.1129963228011548,0.5015528588587918,0.24343334997466273,0.2550137911665455,D
2024-12-29,Serie A,Udinese,Torino,1.3449302171966107,1.1610505570979937,0.4095730150626949,0.2682772406472948,0.32214974429001025,D
2024-12-29,Premier League,West Ham,Liverpool,1.0003705681902435,2.2463805196385387,0.15540042035707255,0.1895836559226247,0.6550159237203028,A
2024-12-29,Premier League,Leicester,Man City,0.8912109953579083,2.3039576907742156,0.12972740946952077,0.17946386401298478,0.6908087265174945,A
2024-12-29,Serie A,Napoli,Venezia,2.389825734975194,0.6927788812211059,0.7510825503183725,0.15957009068245676,0.08934735899917072,H
2024-12-29,Premier League,Everton,Nott'm Forest,1.338986497010039,1.217560133154409,0.3956721805368142,0.2659352158726944,0.3383926035904914,A
2024-12-29,Premier League,Tottenham,Wolves,2.0561457904146416,1.033373693115996,0.6095630923432344,0.20752091282175497,0.18291599483501073,D
2024-12-29,Premier League,Crystal Palace,Southampton,2.0793472159404778,0.7443886776135794,0.6840223796715713,0.1936177754824899,0.12235984484593872,H
2024-12-29,Serie A,Milan,Roma,1.7121470565226542,1.0486789234891183,0.529116115647333,0.23914909476573012,0.2317347895869369,D
2024-12-30,Serie A,Bologna,Verona,2.276086312371149,0.7577058166591821,0.7169930829878365,0.17458811845546524,0.10841879855669828,A
2024-12-30,Premier League,Aston Villa,Brighton,1.655833421493535,1.0838322279025445,0.5071438513864156,0.24414246362529865,0.24871368498828583,D
2024-12-30,Serie A,Como,Lecce,1.492223380821636,1.0825370078916592,0.46630619437148024,0.25879239437258966,0.27490141125593004,H
2024-12-30,Premier League,Ipswich,Chelsea,0.9922060628696753,1.9117455126655172,0.1916838303754182,0.21978541744436825,0.5885307521802136,H
2024-12-30,Premier League,Man United,Newcastle,1.3533844248195155,1.659810515112886,0.31331810861771103,0.23934460947708713,0.44733728190520183,A
2025-01-01,Premier League,Brentford,Arsenal,0.9623752884143723,2.0265775533131967,0.17159061925756502,0.2081349746424638,0.6202744060999712,A
2025-01-03,Ligue 1,Nice,Rennes,1.7336612101984157,1.1305239353087906,0.5149064640798234,0.23708215364313964,0.24801138227703692,H
2025-01-03,La Liga,Valencia,Real Madrid,0.8261680572583099,2.5046250178005574,0.10254275304250336,0.15810478865401148,0.7393524583034851,A
2025-01-04,Premier League,Crystal Palace,Chelsea,1.3035501401731142,1.4764345220446162,0.3343309426851515,0.2527747424813043,0.4128943148335442,D
2025-01-04,Premier League,Southampton,Brentford,1.0063101679670032,1.5460117607389152,0.24650477668337148,0.25522602982428877,0.49826919349233983,A
2025-01-04,Ligue 1,Lille,Nantes,2.3183535904848926,0.7834585296761504,0.7182956322329296,0.1721367118454063,0.10956765592166413,D
2025-01-04,Premier League,Aston Villa,Leicester,2.0569114476374786,0.8235763903100438,0.6601177515655913,0.19984566245815322,0.14003658597625557,H
2025-01-04,Ligue 1,Lyon,Montpellier,2.109301925733959,0.9028147897230642,0.6513524008825058,0.19810022701259858,0.15054737210489558,H
2025-01-04,Serie A,Verona,Udinese,1.3876061232214894,1.3021512184730206,0.390481539158952,0.2584750581158448,0.3510434027252031,D
2025-01-04,Serie A,Fiorentina,Napoli,1.3210909951467154,1.3236873069094075,0.36874651844195694,0.2612994759118208,0.3699540056462223,A
2025-01-04,Serie A,Venezia,Empoli,1.3105504089235416,1.3634488019128836,0.35799528681835935,0.25952869957362323,0.3824760136080173,D
2025-01-04,Premier League,Brighton,Arsenal,1.0452855595995458,1.9298721202303544,0.20103379233724858,0.21915638349202818,0.5798098241707232,D
2025-01-04,Premier League,Tottenham,Newcastle,1.5793432941242624,1.7071324810528612,0.35789265743603627,0.23030505362312054,0.41180228894084314,A
2025-01-04,Premier League,Man City,West Ham,2.300564488402862,0.7875111723963301,0.7142734337501745,0.1740488446351662,0.11167772161465933,H
2025-01-04,Premier League,Bournemouth,Everton,1.594465616136263,1.0388334860414803,0.5026848976911649,0.25018654443166805,0.24712855787716706,H
2025-01-04,Ligue 1,St Etienne,Reims,1.0608973115148208,1.4165932716644432,0.2822521103651469,0.2662343559191822,0.45151353371567093,H
2025-01-05,Ligue 1,Strasbourg,Auxerre,1.4902219551428446,1.1321666629207279,0.454301532922268,0.2576371982214403,0.2880612688562917,H
2025-01-05,Ligue 1,Lens,Toulouse,1.895789299390148,0.9651615234406117,0.5915619498449287,0.2207257722797121,0.18771227787535907,A
2025-01-05,Serie A,Torino,Parma,1.8488003777476147,0.8775721301568042,0.6027022638647895,0.22333972090340207,0.17395801523180845,D
2025-01-05,Ligue 1,Angers,Brest,1.0223675522409923,1.8294854989999723,0.2091087016554448,0.2280454954292274,0.5628458029153278,H
2025-01-05,Ligue 1,Marseille,Le Havre,2.272523645784763,0.748596896127523,0.718518082785684,0.17437447934870215,0.10710743786561383,H
2025-01-05,Premier League,Fulham,Ipswich,1.7634857544526317,0.9480693622053729,0.5657067094226363,0.23351794432503012,0.20077534625233356,D
2025-01-05,Serie A,Monza,Cagliari,1.502201271750549,1.045912324276708,0.47751781998409276,0.2587293965555023,0.2637527834604048,A
2025-01-05,Premier League,Liverpool,Man United,3.007259194847887,0.8375236248862437,0.8066031659171454,0.12037734977206271,0.0730194843107918,D
2025-01-05,Serie A,Roma,Lazio,1.4747877490023125,1.316251776912562,0.40978042730472497,0.25237003541779585,0.3378495372774793,H
2025-01-05,Serie A,Lecce,Genoa,1.2437308441661918,1.2949454409007188,0.35411803380619017,0.2675183820928614,0.3783635841009484,D
2025-01-06,Premier League,Wolves,Nott'm Forest,1.302309266769026,1.3917798012073346,0.3502657019979341,0.25820760771371615,0.3915266902883497,A
2025-01-10,Ligue 1,Nantes,Monaco,0.9878657691856314,1.8110961004940347,0.2036732420336361,0.2293445512378425,0.5669822067285214,D
2025-01-10,Bundesliga,Dortmund,Leverkusen,1.387128726336471,1.712386434323337,0.3121832475279793,0.23522448609723345,0.4525922663747873,A
2025-01-10,Serie A,Lazio,Como,1.818288732817921,0.9337793820773411,0.5818703144533058,0.22775163408167048,0.19037805146502373,D
2025-01-10,Ligue 1,Auxerre,Lille,1.0466819117240316,1.6550746261797709,0.23975379855459547,0.24445175192015936,0.5157944495252452,D
2025-01-10,La Liga,Vallecano,Celta,1.4341581498295588,1.212728664680765,0.4217187916946128,0.25929613085124964,0.3189850774541377,H
2025-01-11,La Liga,Valladolid,Betis,1.0255078916833267,1.6590314812155544,0.2339863876904053,0.24416593295384803,0.5218476793557467,H
2025-01-11,Ligue 1,Brest,Lyon,1.3973780108061817,1.5498047321994184,0.34389414948946956,0.24469826903003658,0.4114075814804939,H
2025-01-11,Bundesliga,St Pauli,Ein Frankfurt,1.1888894550700408,1.5172790891935077,0.29782811940983445,0.25382381377830204,0.4483480668118635,A
2025-01-11,Serie A,Empoli,Lecce,1.6482552835457243,1.0526789466835034,0.5126915892942492,0.2450506427360085,0.24225776796974227,A
2025-01-11,La Liga,Sevilla,Valencia,1.6705352116710837,1.0412990660073653,0.5208525671500973,0.2430315041167518,0.2361159287331508,D
2025-01-11,Bundesliga,Freiburg,Holstein Kiel,1.9461527275879593,1.0160465043315399,0.590325215965603,0.21708109186730518,0.19259369216709177,H
2025-01-11,Serie A,Torino,Juventus,1.104780261063345,1.601957975865578,0.26238930369224245,0.2486699560540987,0.48894074025365886,D
2025-01-11,Ligue 1,Rennes,Marseille,1.2975266532576215,1.6159563719365095,0.30750702444102707,0.24366064283251096,0.448832332726462,A
2025-01-11,Bundesliga,Heidenheim,Union Berlin,1.429869963096366,1.340298258441036,0.3933609130467742,0.25408210841517537,0.3525569785380505,H
2025-01-11,Ligue 1,Reims,Nice,1.220818700886256,1.4311463815164194,0.32164324554995793,0.25919261974693675,0.4191641347031053,A
2025-01-11,Bundesliga,Mainz,Bochum,2.0529370069232797,0.8623335041395045,0.6498532227172279,0.2019257906623383,0.14822098662043384,H
2025-01-11,Serie A,Milan,Cagliari,2.1452041304116696,0.7398232954491618,0.6976583562431299,0.1865281854107417,0.11581345834612848,D
2025-01-11,Serie A,Udinese,Atalanta,1.074303179437343,1.7108996906582707,0.23804848662074216,0.23924120039183874,0.5227103129874191,D
2025-01-11,Bundesliga,Hoffenheim,Wolfsburg,1.4813318639144024,1.4002665391512505,0.39392804062140485,0.248435215379992,0.3576367439986032,A
2025-01-11,La Liga,Alaves,Girona,1.2316218126022538,1.6112310654670237,0.29220195724759995,0.24557277775136455,0.46222526500103556,A
2025-01-11,Bundesliga,M'gladbach,Bayern Munich,1.1006776771966067,2.098486730624152,0.19175288938787238,0.2056191702025246,0.602627940409603,A
2025-01-11,La Liga,Espanol,Leganes,1.3513671494844401,1.1062083380513477,0.42357850696644167,0.2702510406766706,0.3061704523568877,D
2025-01-12,Ligue 1,Montpellier,Angers,1.6047234518216908,0.9186809083557537,0.5346567416638766,0.24980190442777117,0.21554135390835227,A
2025-01-12,Serie A,Napoli,Verona,2.3587236842180985,0.7581465710211812,0.730991767765381,0.16680849513541884,0.10219973709920006,H
2025-01-12,La Liga,Las Palmas,Getafe,1.3894754159356522,1.051287402203017,0.44650193234412056,0.2690469909089454,0.284451076746934,A
2025-01-12,La Liga,Ath Madrid,Osasuna,2.4532277024491953,0.8390451752365145,0.7282381291530856,0.16332011150655046,0.10844175934036396,H
2025-01-12,Bundesliga,RB Leipzig,Werder Bremen,1.9257107017265593,1.1034567513243139,0.5651812175564462,0.2204506483884876,0.21436813405506622,H
2025-01-12,Bundesliga,Augsburg,Stuttgart,1.0927717093031395,1.7009482478621067,0.2439703390758091,0.24007443015113758,0.5159552307730534,A
2025-01-12,Ligue 1,Paris SG,St Etienne,3.1284227743092354,0.599107090509753,0.862586974699032,0.09524938816789245,0.04216363713307558,H
2025-01-12,Ligue 1,Le Havre,Lens,1.0088416130388305,1.7414577179530077,0.21805881148400852,0.23626333560420323,0.5456778529117882,A
2025-01-12,Serie A,Genoa,Parma,1.6951033713505446,0.8743059700583179,0.5679472134030681,0.23973379773359385,0.19231898886333806,H
2025-01-12,Serie A,Venezia,Inter,0.7373819033986777,3.188584946967958,0.053602037663768295,0.10167582217527144,0.8447221401609603,A
2025-01-12,Ligue 1,Toulouse,Strasbourg,1.4460898071680137,1.1641073358259901,0.43562343784208196,0.26021009260645883,0.3041664695514592,A
2025-01-12,Serie A,Bologna,Roma,1.7170713068861871,1.2318336355627186,0.4877472002342235,0.23758616004123975,0.2746666397245367,D
2025-01-13,Serie A,Monza,Fiorentina,1.1104611644720497,1.5998615139647556,0.26414126139754457,0.24876719348888537,0.48709154511357,H
2025-01-13,La Liga,Sociedad,Villarreal,1.4380132774519525,1.2709637987835598,0.410073034162976,0.2566419549219503,0.3332850109150737,H
2025-01-14,Bundesliga,Holstein Kiel,Dortmund,1.1102202329145914,1.9253763237956023,0.21590448678987692,0.2205693532234319,0.5635261599866912,H
2025-01-14,Premier League,Nott'm Forest,Liverpool,1.127460044290632,2.1305901126538056,0.19334740730620684,0.20360974357668357,0.6030428491171096,D
2025-01-14,Bundesliga,Wolfsburg,M'gladbach,1.7275345632925592,1.2324592423266254,0.4900879253417972,0.2367833866686109,0.2731286879895919,H
2025-01-14,Serie A,Atalanta,Juventus,1.572819437089311,1.2493209455977374,0.4488124881535884,0.24796582708527434,0.3032216847611373,D
2025-01-14,Bundesliga,Leverkusen,Mainz,2.4327053038063555,0.9328170579736225,0.7038746498903395,0.17037092768363368,0.12575442242602666,H
2025-01-14,Bundesliga,Ein Frankfurt,Freiburg,1.7631433488046344,1.182918815363455,0.5097417349813407,0.2344049160946678,0.25585334892399164,H
2025-01-14,Premier League,Brentford,Man City,1.0354660007659098,1.9952639100932463,0.19069198214659439,0.21303962198422022,0.5962683958691855,D
2025-01-14,Premier League,Chelsea,Bournemouth,1.5835374059698044,1.0597525447902851,0.49495590250919796,0.2509521205391784,0.25409197695162355,D
2025-01-14,Premier League,West Ham,Fulham,1.336803044593054,1.3403510236369978,0.36945100043517276,0.2594566965415236,0.3710923030233037,H
2025-01-14,Serie A,Como,Milan,1.092422920640666,1.5331861817243062,0.2705545416740593,0.25492948991882786,0.4745159684071128,A
2025-01-15,Premier League,Everton,Aston Villa,1.1166769676173662,1.4120309807107514,0.2978719490221462,0.2647045609433563,0.43742349003449743,A
2025-01-15,Bundesliga,Stuttgart,RB Leipzig,1.5401177652282676,1.3585513204789503,0.4171463379169021,0.24669246917058407,0.3361611929125139,H
2025-01-15,Bundesliga,Union Berlin,Augsburg,1.5359205955925521,1.1058937827779265,0.4720700826420216,0.2544016662017462,0.2735282511562322,A
2025-01-15,Bundesliga,Bochum,St Pauli,1.2378888068781022,1.1857536374492743,0.37513653233354916,0.27490838836056153,0.34995507930588926,H
2025-01-15,Premier League,Newcastle,Wolves,2.363830685079594,0.8450783788957525,0.7119114783586722,0.17157430080476485,0.11651422083656292,H
2025-01-15,Serie A,Inter,Bologna,2.431632308212159,0.9328149971448979,0.7036923094684849,0.17046181397311033,0.12584587655840473,D
2025-01-15,Bundesliga,Bayern Munich,Hoffenheim,2.674844051820522,0.7244668371372093,0.7863222088634714,0.13711564647958352,0.07656214465694507,H
2025-01-15,Premier League,Arsenal,Tottenham,2.3630230977066287,0.944956090406471,0.6890483756041318,0.17695639641962005,0.13399522797624822,H
2025-01-15,Premier League,Leicester,Crystal Palace,1.1589946054425668,1.4724204928441396,0.298115944151416,0.2582818300993591,0.44360222574922487,A
2025-01-15,Bundesliga,Werder Bremen,Heidenheim,1.8934247657587853,0.9968487641709691,0.5833682851051354,0.22161455552040196,0.1950171593744626,D
2025-01-16,Premier League,Man United,Southampton,2.191573240899082,0.693621047348999,0.7173590039708173,0.17899695959075249,0.10364403643843026,H
2025-01-16,Premier League,Ipswich,Brighton,1.2329000393381846,1.3859325321534428,0.33334916216525384,0.26189270042262613,0.4047581374121201,A
2025-01-17,Ligue 1,Lille,Nice,1.6683894688093253,1.249328752937838,0.47217538043164603,0.24097131228864666,0.2868533072797073,H
2025-01-17,Ligue 1,Montpellier,Monaco,1.0462236470284123,1.818706492049929,0.21602942870824718,0.2293088992600052,0.5546616720317477,H
2025-01-17,La Liga,Espanol,Valladolid,1.3868069525753908,0.9719089029982041,0.4646490606219848,0.2719103967829655,0.2634405425950497,H
2025-01-17,Serie A,Roma,Genoa,1.7542715088738943,0.9811447917902643,0.5554331993796624,0.23480614772949945,0.20976065289083823,H
2025-01-17,Bundesliga,Ein Frankfurt,Dortmund,1.5599815564358943,1.3868044893634373,0.41609882600796033,0.24449077911877248,0.33941039487326724,H
2025-01-18,Bundesliga,Bochum,RB Leipzig,0.9741958586385503,1.784780374569594,0.20402150514449455,0.23173098241269796,0.5642475124428075,D
2025-01-18,Bundesliga,Leverkusen,M'gladbach,2.6596893187510093,0.7771973854024411,0.7731565948506147,0.14202705394230133,0.08481635120708404,H
2025-01-18,Premier League,Leicester,Fulham,1.1265930344996102,1.5588083907079833,0.27493858315329317,0.2519987127240409,0.4730627041226659,A
2025-01-18,Ligue 1,Lens,Paris SG,1.1342947010397895,1.7829687690162035,0.2414967027558463,0.2328894662071011,0.5256138310370526,A
2025-01-18,Serie A,Juventus,Milan,1.5698939984232698,1.1775636145175652,0.4641616907132449,0.24997769022857802,0.28586061905817695,H
2025-01-18,Bundesliga,Heidenheim,St Pauli,1.542884213706366,1.108949796161427,0.4731283869351956,0.2537322592854201,0.2731393537793842,A
2025-01-18,Premier League,Newcastle,Bournemouth,1.919004877837152,1.0256735101225758,0.5820958528272796,0.2197820349342381,0.1981221122384823,A
2025-01-18,Bundesliga,Bayern Munich,Wolfsburg,2.764996528690971,0.93217137189723,0.7560936742145301,0.14379970477970727,0.10010662100576259,H
2025-01-18,Serie A,Bologna,Monza,2.176311977637249,0.8758523979090183,0.6708018192366,0.19052278648656795,0.138675394276832,H
2025-01-18,Premier League,Arsenal,Aston Villa,2.1720302591197296,0.9233474428509657,0.6587385612285107,0.19305688563576756,0.14820455313572176,D
2025-01-18,Premier League,West Ham,Crystal Palace,1.4248891592961421,1.2353476369931393,0.4143752740706458,0.2590435840824291,0.3265811418469251,A
2025-01-18,La Liga,Girona,Sevilla,1.8100727493366908,1.0431147631549742,0.5534220669630006,0.23007390232789418,0.2165040307091052,A
2025-01-18,La Liga,Getafe,Barcelona,0.8898907201130206,2.0414103675063022,0.15501561961120136,0.204169809874866,0.6408145705139326,D
2025-01-18,Bundesliga,Holstein Kiel,Hoffenheim,1.6260813013688855,1.197621308042013,0.4735197131986618,0.24512827888332334,0.2813520079180148,A
2025-01-18,La Liga,Betis,Alaves,1.7293748719507884,0.9770177981776162,0.5505663481426757,0.2372257129705188,0.2122079388868055,A
2025-01-18,Bundesliga,Stuttgart,Freiburg,1.871535202880086,1.0471303439484438,0.566431341925374,0.22448587472375822,0.20908278335086766,H
2025-01-18,Premier League,Brentford,Liverpool,1.0440896202912535,2.3890384335674026,0.1492163072964779,0.17936615781277768,0.6714175348907445,A
2025-01-18,Serie A,Atalanta,Napoli,1.4304357630633644,1.3065773844243602,0.40056052113332835,0.25558539533387997,0.3438540835327916,A
2025-01-18,Ligue 1,Rennes,Brest,1.5297988387466548,1.3422943642852603,0.4180263332935034,0.24791641362401312,0.33405725308248346,A
2025-01-18,Ligue 1,Lyon,Toulouse,1.896498270060291,0.9630111671932525,0.5922411048094453,0.22060875220614853,0.18715014298440624,D
2025-01-18,La Liga,Leganes,Ath Madrid,0.9163136804913873,2.151813867823084,0.14887502924200696,0.1946413948829299,0.6564835758750632,H
2025-01-19,Serie A,Cagliari,Lecce,1.3708258215406424,1.1562763767462,0.4175553276252163,0.2664702915585853,0.3159743808161984,H
2025-01-19,Premier League,Man United,Brighton,1.4332411617814158,1.235749606060618,0.4164488871950427,0.25843547696718083,0.3251156358377765,A
2025-01-19,Serie A,Fiorentina,Torino,1.5971692807807112,1.0653390535195306,0.4970413051892889,0.24963103234896367,0.25332766246174737,D
2025-01-19,Premier League,Ipswich,Man City,0.8712115084271997,2.2311190521227786,0.13267198383834602,0.18513729816474128,0.6821907179969127,A
2025-01-19,La Liga,Real Madrid,Las Palmas,3.104903780335405,0.636319530008761,0.8538528304570001,0.09955239597787642,0.046594773565123586,H
2025-01-19,Ligue 1,Angers,Auxerre,1.2199884639492418,1.2433504413149454,0.35820677732651846,0.27238026326151044,0.3694129594119711,H
2025-01-19,Ligue 1,Marseille,Strasbourg,2.0114263318088885,0.9776468043039079,0.6134494045667571,0.2100237379341342,0.17652685749910882,D
2025-01-19,La Liga,Valencia,Sociedad,1.0972111679002763,1.4791520362049464,0.28093840040780316,0.2595615589327862,0.45950004065941075,H
2025-01-19,Ligue 1,St Etienne,Nantes,1.3940814429221444,1.2249516907920401,0.408610534626347,0.26167933046002845,0.3297101349136246,D
2025-01-19,Bundesliga,Union Berlin,Mainz,1.2145306051013829,1.546395378983434,0.2991812843245708,0.25086790799917635,0.4499508076762529,H
2025-01-19,Serie A,Verona,Lazio,1.1085651732819521,1.5302610401282557,0.2751587762144376,0.2548332605252387,0.4700079632603238,A
2025-01-19,Bundesliga,Werder Bremen,Augsburg,1.8653750969073328,1.028149587385036,0.5695831943616918,0.22478031245907962,0.20563649317922852,A
2025-01-19,Serie A,Inter,Empoli,3.1799509198679656,0.6554715289115012,0.8578873411006229,0.09629772545924671,0.04581493344013036,H
2025-01-19,Premier League,Nott'm Forest,Southampton,2.323252861428493,0.6516953209180479,0.7498614110337165,0.16302099684912968,0.08711759211715386,H
2025-01-19,Ligue 1,Reims,Le Havre,1.7473699670670881,0.9193725315651847,0.5690405864877668,0.23478045961523547,0.19617895389699772,D
2025-01-19,Serie A,Parma,Venezia,1.3572249271008465,1.1398707157558932,0.41757787397910145,0.2682809640378982,0.3141411619830003,D
2025-01-19,La Liga,Celta,Ath Bilbao,1.1395693919089411,1.5266836175207916,0.2836606077041994,0.25440065591472993,0.4619387363810707,A
2025-01-19,La Liga,Osasuna,Vallecano,1.4564637371520057,1.1339389292247681,0.4451525493800832,0.26039325154419635,0.2944541990757204,D
2025-01-19,Premier League,Everton,Tottenham,1.2450902962041173,1.3533520504587846,0.34286962680011773,0.2635450778786018,0.3935852953212805,H
2025-01-20,Premier League,Chelsea,Wolves,1.9647425152370932,0.8707681574166068,0.6295739476961463,0.21114024298440084,0.15928580931945296,H
2025-01-20,La Liga,Villarreal,Mallorca,1.7478032739542275,1.0196311649047503,0.5445659020879501,0.23572118366779835,0.21971291424425152,H
2025-01-20,Serie A,Como,Udinese,1.357521532879382,1.1842052222231647,0.40784390105561835,0.2662223022318095,0.3259337967125722,H
2025-01-24,Serie A,Torino,Cagliari,1.6468917593578065,1.0271404537597217,0.5184831898165028,0.24531429051974205,0.23620251966375524,H
2025-01-24,Ligue 1,Auxerre,St Etienne,1.489627101454985,1.0701023176216882,0.46854764831122914,0.25933307457744653,0.2721192771113243,D
2025-01-24,La Liga,Las Palmas,Osasuna,1.2152226411202525,1.2888794255273919,0.34768162939899083,0.269562898458101,0.38275547214290817,D
2025-01-24,Bundesliga,Wolfsburg,Holstein Kiel,2.040926323908782,1.1488967759281845,0.579521563725108,0.21146562883813858,0.2090128074367535,D
2025-01-25,Ligue 1,Paris SG,Reims,2.695391419104229,0.712863059188947,0.7915265741819691,0.13463153007576023,0.07384189574227054,D
2025-01-25,Premier League,Southampton,Newcastle,0.8532670865026114,2.2243562419437732,0.1299682765008954,0.18486786014441284,0.6851638633546918,A
2025-01-25,La Liga,Sevilla,Espanol,1.742507785939932,0.9813380809353042,0.5526170490989766,0.2359641811648053,0.2114187697362182,D
2025-01-25,La Liga,Valladolid,Real Madrid,0.7428876262136095,2.796021703817103,0.0723648903860388,0.1289761806256596,0.7986589289883016,A
2025-01-25,Bundesliga,RB Leipzig,Leverkusen,1.3706201258989006,1.8592192172338755,0.2839714703659924,0.22601400307570238,0.4900145265583053,D
2025-01-25,Premier League,Wolves,Arsenal,0.857382012412255,2.2335931469055015,0.1298928583826943,0.18420823350124052,0.6858989081160652,A
2025-01-25,Ligue 1,Strasbourg,Lille,1.2203636742108777,1.4634621533555952,0.31554406490033254,0.25685369091914134,0.42760224418052617,H
2025-01-25,Bundesliga,Freiburg,Bayern Munich,1.0808781316391698,2.3364246732174734,0.16120683087941637,0.18518150058126817,0.6536116685393154,A
2025-01-25,Bundesliga,Dortmund,Werder Bremen,1.9504271432776923,1.1278493780530212,0.5649216547398268,0.21867099498362869,0.21640735027654448,D
2025-01-25,Ligue 1,Monaco,Rennes,1.9529691997858958,0.9776227125855345,0.6010178446897924,0.21553646863565432,0.18344568667455327,H
2025-01-25,Serie A,Empoli,Bologna,1.129681954402465,1.8906585335067065,0.22498033948604548,0.22374459196860894,0.5512750685453456,D
2025-01-25,Premier League,Brighton,Everton,1.7691234695037217,0.9487918945766544,0.5668435335268135,0.23295865757351988,0.20019780889966657,A
2025-01-25,Bundesliga,Mainz,Stuttgart,1.281668950849661,1.4559127941209589,0.3326401039069721,0.2550019532446607,0.41235794284836735,H
2025-01-25,La Liga,Mallorca,Betis,1.3304073510331784,1.301796408642769,0.37566967371467774,0.26199431610544616,0.3623360101798761,A
2025-01-25,La Liga,Ath Madrid,Villarreal,1.8425540677889964,1.1081111974129365,0.5454582998193369,0.2276924559836779,0.22684924419698513,D
2025-01-25,Premier League,Liverpool,Ipswich,3.0887615988069985,0.637249483196956,0.8520761973391231,0.10065434754986964,0.04726945511100726,H
2025-01-25,Serie A,Napoli,Juventus,1.665958724820679,1.1965292481898104,0.48348052382365797,0.24201600666203624,0.27450346951430576,H
2025-01-25,Premier League,Bournemouth,Nott'm Forest,1.5201782539403108,1.23183070598438,0.4395112707427577,0.25230827866084005,0.30818045059640226,H
2025-01-25,Serie A,Como,Atalanta,1.1178667926151782,1.7140277914227535,0.24799007124653705,0.23881886441363762,0.5131910643398253,A
2025-01-25,Premier League,Man City,Chelsea,2.258681926807979,1.0306371904474179,0.650408194997163,0.1897226266695721,0.15986917833326486,H
2025-01-25,Bundesliga,Augsburg,Heidenheim,1.5144850884174974,1.105019899113129,0.46679990264958143,0.25628300425911643,0.27691709309130214,H
2025-01-25,Bundesliga,M'gladbach,Bochum,1.714919553629668,1.0495758792219485,0.5295641447287055,0.23889287704871265,0.23154297822258182,H
2025-01-26,La Liga,Barcelona,Valencia,2.4723341856568113,0.7735301564085098,0.7459209392356999,0.15754543663947498,0.09653362412482511,H
2025-01-26,La Liga,Ath Bilbao,Leganes,2.034764414201988,0.8245187317478108,0.655435305049221,0.20214896073363098,0.14241573421714815,D
2025-01-26,La Liga,Vallecano,Girona,1.3142662045358415,1.3750763909451853,0.35664770041234306,0.2586340792878338,0.3847182202998232,H
2025-01-26,Ligue 1,Lens,Angers,2.08237278100492,0.8121840068267178,0.6679533508168821,0.19673072124131538,0.13531592794180256,H
2025-01-26,Premier League,Aston Villa,West Ham,1.8897467669040895,0.9409921518082597,0.5961214847878765,0.2207596434082782,0.1831188718038453,D
2025-01-26,Ligue 1,Nantes,Lyon,1.084949486240479,1.6003844058970347,0.2577064665693414,0.24908780595247515,0.4932057274781834,D
2025-01-26,Serie A,Milan,Parma,2.2394985673760814,0.6747803951040514,0.7303288728125127,0.17290740111055602,0.09676372607693128,H
2025-01-26,Serie A,Lazio,Fiorentina,1.6828399880494591,1.1065115706054744,0.5083611097864792,0.24159008902898482,0.2500488011845359,A
2025-01-26,Premier League,Fulham,Man United,1.6153641427551158,1.2279812987786196,0.46405392398273865,0.24534231564721362,0.29060376037004776,A
2025-01-26,Premier League,Crystal Palace,Brentford,1.5666372688478827,1.1067172604711502,0.4796512823323537,0.2517154999665397,0.26863321770110665,A
2025-01-26,Ligue 1,Le Havre,Brest,1.100884291456478,1.6849722562488558,0.24836138675217978,0.24144046895759036,0.5101981442902298,A
2025-01-26,Premier League,Tottenham,Leicester,1.9274087261300306,0.8937856501916974,0.6159336383244138,0.21569651805826545,0.16836984361732066,A
2025-01-26,Serie A,Lecce,Inter,0.7917172781610257,2.4793742656345974,0.09890901193785345,0.15810615263488584,0.7429848354272607,A
2025-01-26,Bundesliga,St Pauli,Union Berlin,1.3791868965100507,1.05255580890384,0.44343304259758964,0.2699486019326177,0.2866183554697926,H
2025-01-26,Serie A,Udinese,Roma,1.2167500008674592,1.581960016371648,0.2935524883493639,0.24812005067472145,0.45832746097591465,A
2025-01-26,La Liga,Sociedad,Getafe,1.6476684053426285,0.8780474974480076,0.5555045450280433,0.24497667825956254,0.19951877671239412,A
2025-01-26,Bundesliga,Hoffenheim,Ein Frankfurt,1.1629153243147219,1.597978780214877,0.27748096961081553,0.2480234437720831,0.4744955866171014,D
2025-01-26,Ligue 1,Nice,Marseille,1.5763526245316706,1.4337459456963624,0.4103529477583365,0.2418721325714734,0.34777491967019014,H
2025-01-26,Ligue 1,Toulouse,Montpellier,1.5527378642460998,1.0076200933667807,0.4996668385389807,0.2545515217391283,0.24578163972189107,A
2025-01-27,La Liga,Alaves,Celta,1.453960847677425,1.1929565201005505,0.4312164746472053,0.2585639024189729,0.3102196229338218,D
2025-01-27,Serie A,Venezia,Verona,1.284460891940303,1.1261198212069439,0.4008793918339018,0.274822381297208,0.32429822686889015,D
2025-01-27,Serie A,Genoa,Monza,1.600836263091112,1.0392541093027237,0.5041760438847882,0.2495827958336976,0.24624116028151416,H
2025-01-31,La Liga,Leganes,Vallecano,1.3437308085890944,1.1766910960689358,0.40580994837523177,0.26761994932255406,0.3265701023022141,A
2025-01-31,Ligue 1,Montpellier,Lens,1.188420039751917,1.4965411119454959,0.30138047964925785,0.25544667132111626,0.443172849029626,A
2025-01-31,Bundesliga,Werder Bremen,Mainz,1.523753102809057,1.3738563197363607,0.40989754950448104,0.24710307469390105,0.34299937580161793,H
2025-01-31,Serie A,Parma,Lecce,1.3340571633261498,1.155615034603992,0.4078505930912622,0.2693841099848572,0.3227652969238806,A
2025-02-01,La Liga,Villarreal,Valladolid,2.294015046477248,0.747640262812962,0.7224670978756641,0.17224727031053622,0.10528563181379956,H
2025-02-01,Serie A,Bologna,Como,2.1089457994223193,0.9993652050130639,0.628368055708226,0.20173811734899574,0.1698938269427783,H
2025-02-01,Serie A,Udinese,Venezia,1.6198174005688686,0.9454787331442557,0.531748484642095,0.2482081761006383,0.22004333925726674,H
2025-02-01,Bundesliga,Bayern Munich,Holstein Kiel,3.234839123387359,0.786393442410617,0.8410245424445588,0.10225384862427676,0.0567216089311644,H
2025-02-01,Bundesliga,Stuttgart,M'gladbach,1.852075412527249,0.9586320441126003,0.5834147237688869,0.22485946260480238,0.1917258136263107,A
2025-02-01,La Liga,Espanol,Real Madrid,0.7970954294413478,2.6348871385685118,0.08923236065485328,0.14537497531399235,0.7653926640311544,H
2025-02-01,Premier League,Everton,Leicester,1.6036861141664247,0.9358366788134581,0.5301226660568932,0.24990014641814512,0.21997718752496173,H
2025-02-01,Serie A,Atalanta,Torino,1.8539655936841288,0.9611257776285261,0.5832305045742633,0.22472225966561904,0.19204723576011762,D
2025-02-01,Premier League,Wolves,Aston Villa,1.0411705682103853,1.7121141372852713,0.22994398746862205,0.2391485832874258,0.5309074292439521,H
2025-02-01,Serie A,Monza,Verona,1.4321663948752963,1.1306819436770048,0.43954154150024166,0.2625183741479944,0.2979400843517639,A
2025-02-01,La Liga,Ath Madrid,Mallorca,2.022947901172233,0.7530457579788591,0.670771563929932,0.20004975288129795,0.12917868318877004,H
2025-02-01,Premier League,Newcastle,Fulham,1.8992544306709935,1.0706594090711583,0.56703875311755,0.2223170628013025,0.2106441840811475,A
2025-02-01,Ligue 1,Brest,Paris SG,1.0851693585248754,1.9314099532067137,0.20958515619164314,0.21969053869439098,0.5707243051139659,A
2025-02-01,Premier League,Nott'm Forest,Brighton,1.5198613487702657,1.255226939964453,0.4342853018378197,0.25158259627141255,0.3141321018907677,H
2025-02-01,Bundesliga,Bochum,Freiburg,1.28336270359645,1.3802350883365777,0.3476192722371473,0.2598657707539467,0.39251495700890604,A
2025-02-01,Bundesliga,Heidenheim,Dortmund,1.1594469792402176,1.7275590628242747,0.2558105607351909,0.23744116546632715,0.506748273798482,A
2025-02-01,Premier League,Ipswich,Southampton,1.8745787237394715,0.9356920084636939,0.5940611539502462,0.22214115519252745,0.1837976908572263,A
2025-02-01,Premier League,Bournemouth,Liverpool,1.255003814203693,2.0276173127384602,0.23337627494744817,0.21399549290396766,0.5526282321485841,A
2025-02-01,Ligue 1,Monaco,Auxerre,2.1409230461918565,0.8794430490910033,0.6631423292980874,0.19406460627912137,0.1427930644227913,H
2025-02-01,Bundesliga,St Pauli,Augsburg,1.4116585944867501,1.1005122214449383,0.4410242506848278,0.26532076159871654,0.2936549877164556,D
2025-02-01,Ligue 1,Lille,St Etienne,2.0660544762542625,0.8319248836455924,0.659900061790681,0.19929523262107315,0.14080470558824584,H
2025-02-01,La Liga,Getafe,Sevilla,1.374140449707602,1.188885018344156,0.4112297512624232,0.2647602115742138,0.32401003716336285,D
2025-02-01,Bundesliga,Union Berlin,RB Leipzig,1.0860259992422345,1.8853270408693894,0.21594464743252373,0.22374957463655154,0.5603057779309247,D
2025-02-02,Serie A,Roma,Napoli,1.282855746012664,1.570363776084109,0.3119588054208632,0.24719874347294937,0.44084245110618736,D
2025-02-02,Serie A,Milan,Inter,1.1792378982256364,1.8607051910426389,0.24040191445006656,0.22652684313876753,0.5330712424111659,D
2025-02-02,Serie A,Juventus,Empoli,2.2616907408203453,0.8154226799788533,0.7008706050246558,0.17932207643743653,0.11980731853790763,H
2025-02-02,Ligue 1,Rennes,Strasbourg,1.4460914120153552,1.3803126204727822,0.38920776800257667,0.2512888735501093,0.359503358447314,H
2025-02-02,Premier League,Arsenal,Man City,1.5866330895860938,1.5639034013507151,0.38672802085480873,0.23632336222757555,0.37694861691761583,H
2025-02-02,Ligue 1,Marseille,Lyon,1.622684891504354,1.1450228477256037,0.48471635470576974,0.24629620408992123,0.26898744120430906,H
2025-02-02,La Liga,Betis,Ath Bilbao,1.2275176217676709,1.3536919885828094,0.33816448902446844,0.2644029644489643,0.3974325465265673,D
2025-02-02,La Liga,Valencia,Celta,1.3706659735998465,1.2606999198799629,0.39481225789644736,0.26160609856785255,0.3435816435357002,H
2025-02-02,Ligue 1,Toulouse,Nice,1.2001481680861037,1.5750164593664893,0.2906197527904863,0.24904911679285605,0.4603311304166577,D
2025-02-02,Ligue 1,Angers,Le Havre,1.5035434456877137,1.0219029048044448,0.4835931594831922,0.25909070937014966,0.25731613114665813,D
2025-02-02,La Liga,Osasuna,Sociedad,1.2513799314539742,1.1596290595580827,0.384446382759096,0.27551173107229615,0.3400418861686078,H
2025-02-02,Premier League,Brentford,Tottenham,1.6599198577859657,1.254515215943969,0.46897641881791047,0.24149919904968856,0.28952438213240095,A
2025-02-02,La Liga,Barcelona,Alaves,2.6005857645542645,0.8019609462294752,0.7593178703551255,0.14850243363558313,0.09217969600929136,H
2025-02-02,Bundesliga,Leverkusen,Hoffenheim,2.9111007232265225,0.7400430575910089,0.8135437122269441,0.12031172209605324,0.06614456567700265,H
2025-02-02,Serie A,Fiorentina,Genoa,1.7235792700383619,1.0013089046940935,0.543266367876036,0.2379447012627299,0.21878893086123413,H
2025-02-02,Ligue 1,Reims,Nantes,1.6433543436391034,1.067843578160053,0.5078777636634242,0.24539371440665836,0.24672852192991757,A
2025-02-02,Bundesliga,Ein Frankfurt,Wolfsburg,1.8739437148044205,1.1255710268211052,0.5484815367127743,0.22512811528425913,0.22639034800296645,D
2025-02-02,Premier League,Man United,Crystal Palace,1.5505543522180032,1.1642887564744213,0.4623290036828346,0.2518395408400464,0.285831455477119,A
2025-02-03,Premier League,Chelsea,West Ham,1.9566227421943791,0.9702936478714256,0.6035712277080785,0.21499964177626618,0.18142913051565526,H
2025-02-03,Serie A,Cagliari,Lazio,1.0917142326276412,1.6601015984171978,0.24997532528119398,0.2437001334685692,0.5063245412502368,A
2025-02-03,La Liga,Girona,Las Palmas,1.910044712205621,0.860117746152301,0.6205198531555346,0.2164193559453475,0.16306079089911785,H
2025-02-06,Serie A,Fiorentina,Inter,1.0853965917522157,1.9258724277166146,0.2103676186805681,0.22017932095106957,0.5694530603683624,H
2025-02-07,Ligue 1,Paris SG,Monaco,2.3891434574356007,1.105743163812357,0.6577523087427195,0.1819037646884442,0.16034392656883628,H
2025-02-07,Ligue 1,Nantes,Brest,1.2789378989171147,1.3598471354537909,0.3504757769403172,0.2613923239036825,0.38813189915600027,A
2025-02-07,Bundesliga,Bayern Munich,Werder Bremen,2.731372142634205,0.8381009057971215,0.7706038426875722,0.14044345447819387,0.08895270283423391,H
2025-02-07,La Liga,Vallecano,Valladolid,1.830298474318918,0.8315996317318286,0.6101187374723468,0.2240470004180575,0.16583426210959568,H
2025-02-07,Serie A,Como,Juventus,1.0694146452461093,1.8599856415143008,0.21565694334555882,0.22580784336248405,0.5585352132919571,A
2025-02-08,Serie A,Empoli,Milan,1.0476397456612565,1.7928480674663765,0.21993956786490737,0.23169752761187892,0.5483629045232137,A
2025-02-08,La Liga,Real Madrid,Ath Madrid,1.9003546265474311,1.1010385043362236,0.5601308179979985,0.22261457454952702,0.2172546074524745,D
2025-02-08,Ligue 1,St Etienne,Rennes,1.3298958876608642,1.4057754885501572,0.35461368279240574,0.2560112032740083,0.3893751139335859,A
2025-02-08,La Liga,Ath Bilbao,Girona,1.6290185808257167,1.1036165450009676,0.4959105994837242,0.2463202954901577,0.25776910502611805,H
2025-02-08,Ligue 1,Nice,Lens,1.6186536096877737,1.1980036139782408,0.471610281947581,0.24570181374799624,0.2826879043044228,H
2025-02-08,La Liga,Las Palmas,Villarreal,1.0492978498549717,1.9627294039281766,0.1977164121767677,0.21627186888392175,0.5860117189393105,A
2025-02-08,Serie A,Verona,Atalanta,0.9160169664297573,1.7595573777831706,0.1938060456290796,0.23346502509403938,0.572728929276881,A
2025-02-08,Ligue 1,Lille,Le Havre,2.3591406833665425,0.7393119656612613,0.7354009408951487,0.1655598717582121,0.09903918734663912,A
2025-02-08,Bundesliga,M'gladbach,Ein Frankfurt,1.2909001401956646,1.5022687763466032,0.3263236744170783,0.25155917151124957,0.4221171540716722,D
2025-02-08,Bundesliga,Wolfsburg,Leverkusen,1.1129527127795378,2.0299883346969865,0.20280914409054485,0.21169346782128565,0.5854973880881695,D
2025-02-08,Bundesliga,Mainz,Augsburg,1.5328131447559015,1.0321119831175278,0.48868778034434956,0.2561083974910534,0.2552038221645971,D
2025-02-08,La Liga,Celta,Betis,1.2873475103810434,1.3302213081372718,0.35858206886490157,0.2628072905736078,0.3786106405614906,H
2025-02-08,Bundesliga,Hoffenheim,Union Berlin,1.5041291779533956,1.0893372414833957,0.46779123925936306,0.25756786919192437,0.2746408915487125,A
2025-02-08,Serie A,Torino,Genoa,1.5221486500133334,1.020707928928092,0.48868381750562595,0.25732211341862876,0.25399406907574534,D
2025-02-08,Bundesliga,Dortmund,Stuttgart,1.6133299996668558,1.2818612728709515,0.4516175583861693,0.24423820493997053,0.30414423667386026,A
2025-02-08,Bundesliga,Freiburg,Heidenheim,1.7656727932491325,1.0438611247177405,0.5429372857683853,0.23418077312607513,0.22288194110553958,H
2025-02-09,Ligue 1,Auxerre,Toulouse,1.2914997325416684,1.2599745832431035,0.3740476865824918,0.266797417595931,0.3591548958215772,D
2025-02-09,La Liga,Sevilla,Barcelona,1.028514611328989,1.9363784741213146,0.19653569005932184,0.21824156071376075,0.5852227492269174,A
2025-02-09,Serie A,Lazio,Monza,2.1828633771423807,0.7873950585829548,0.693155972015408,0.18539707659936316,0.12144695138522879,H
2025-02-09,Ligue 1,Strasbourg,Montpellier,1.6683425971775623,0.9927458355630835,0.5320596583007998,0.24330881527005166,0.22463152642914852,H
2025-02-09,Ligue 1,Angers,Marseille,1.0055939464946952,1.8403158387971452,0.20385173923167982,0.22679733403480168,0.5693509267335185,A
2025-02-09,Serie A,Venezia,Roma,1.0086602473634463,1.7651324919389937,0.21471721224796908,0.2339945368786658,0.5512882508733651,A
2025-02-09,Serie A,Cagliari,Parma,1.6827314334031775,0.9861373126250185,0.5371628295686456,0.24188216992890912,0.2209550005024452,H
2025-02-09,Serie A,Napoli,Udinese,2.3530821577257277,0.7937561689042949,0.7218462153455606,0.16953750757044506,0.10861627708399431,D
2025-02-09,Ligue 1,Lyon,Reims,1.7981262980697075,1.004403172590394,0.5599864094244619,0.23079873892092168,0.20921485165461637,H
2025-02-09,La Liga,Valencia,Leganes,1.4096924355051437,1.1556528734673872,0.4279921520948362,0.2634176804721765,0.3085901674329873,H
2025-02-09,Bundesliga,Holstein Kiel,Bochum,1.7799069275680472,1.1078630491680506,0.5310825861832436,0.23312894741175097,0.23578846640500545,D
2025-02-09,Serie A,Lecce,Bologna,1.0843190854625593,1.810088825029867,0.22598869082348216,0.23038568728941192,0.543625621887106,D
2025-02-09,La Liga,Alaves,Getafe,1.3715795494981156,1.16847746035169,0.4150481222705248,0.26587172043304735,0.3190801572964278,A
2025-02-09,Bundesliga,RB Leipzig,St Pauli,2.1152939572146012,0.915242780477544,0.6495689003434433,0.19803835215149684,0.15239274750505993,H
2025-02-09,La Liga,Sociedad,Espanol,1.5668131249988486,0.9532065728973084,0.5165368656141784,0.2536715780403883,0.2297915563454332,H
2025-02-10,La Liga,Mallorca,Osasuna,1.3085073590951872,1.1896128764616387,0.39353530641579276,0.26958169367991325,0.33688299990429404,D
2025-02-10,Serie A,Inter,Fiorentina,2.141376637796399,1.0157668635466321,0.6310286903911388,0.19939021584328898,0.16958109376557226,H
2025-02-12,Premier League,Everton,Liverpool,0.9585708387068883,2.0932383904699283,0.16339316441120105,0.2017640487597951,0.6348427868290039,D
2025-02-14,Premier League,Brighton,Chelsea,1.3114707902300684,1.4863570995204856,0.33446514610404415,0.2518230647908557,0.4137117891051001,H
2025-02-14,Ligue 1,Brest,Auxerre,1.8753547808773159,0.9491540244070712,0.5909367686444276,0.22236904952714598,0.1866941818284264,D
2025-02-14,Serie A,Bologna,Torino,1.73618922927382,1.019216185838145,0.5419221088740257,0.23682185105448822,0.221256040071486,H
2025-02-14,Bundesliga,Augsburg,RB Leipzig,1.118410206551638,1.5762817166576704,0.26998075551664896,0.25066760873931987,0.47935163574403117,D
2025-02-14,La Liga,Girona,Getafe,1.575540164464711,1.0290648435375478,0.5002751773729602,0.25208834233399474,0.247636480293045,A
2025-02-15,Serie A,Atalanta,Cagliari,2.484326158043131,0.8201975028139036,0.7374499123854232,0.15947535615924227,0.10307473145533451,D
2025-02-15,Premier League,Leicester,Arsenal,0.7676486189563363,2.4978108850754652,0.09386141687027652,0.15493288339878458,0.7512056997309389,A
2025-02-15,Premier League,Man City,Newcastle,2.3973117611657124,1.0815697198469132,0.6645802368516021,0.18027933525316386,0.15514042789523408,H
2025-02-15,Bundesliga,St Pauli,Freiburg,1.3093591388007082,1.209485347122271,0.3894886398058909,0.26845028405279353,0.3420610761413156,A
2025-02-15,La Liga,Villarreal,Valencia,2.143820951708197,0.8747786558490133,0.6648185948406121,0.1935758925239138,0.14160551263547405,D
2025-02-15,Premier League,Aston Villa,Ipswich,2.0859090274121406,0.819593626289196,0.6668404924994068,0.19672375844657147,0.13643574905402173,D
2025-02-15,Serie A,Lazio,Napoli,1.5112828855746403,1.4247730410741926,0.39632463457020994,0.24575654301825434,0.3579188224115358,D
2025-02-15,Ligue 1,Toulouse,Paris SG,0.9125089449092622,2.36064509692208,0.12848867572242884,0.17552111333198353,0.6959902109455876,A
2025-02-15,Premier League,Fulham,Nott'm Forest,1.5032962907573957,1.442668090810132,0.39073373102470643,0.24541188595229668,0.3638543830229968,H
2025-02-15,La Liga,Ath Madrid,Celta,2.1583620688481324,0.8085635838516154,0.6834822278141856,0.18894362389711228,0.1275741482887022,D
2025-02-15,Ligue 1,Marseille,St Etienne,2.271748947969543,0.7641475284572474,0.7147171660744431,0.1753950221562758,0.10988781176928097,H
2025-02-15,Bundesliga,Union Berlin,M'gladbach,1.3929284001056743,1.2582748531761037,0.4011374715472196,0.26023519710990656,0.3386273313428738,A
2025-02-15,Bundesliga,Stuttgart,Wolfsburg,1.814476939507597,1.1272789301549273,0.5345451351950821,0.2302013116466483,0.23525355315826962,A
2025-02-15,La Liga,Osasuna,Real Madrid,0.9278045997116383,2.0282360883182142,0.16423148229735732,0.20683632855598666,0.628932189146656,D
2025-02-15,Premier League,Southampton,Bournemouth,0.9640090942634925,2.0935380411866493,0.16445818936368511,0.20192988272125278,0.633611927915062,A
2025-02-15,Premier League,West Ham,Brentford,1.487507699340513,1.2928477958168731,0.4179788817126322,0.25246686432795495,0.32955425395941285,A
2025-02-15,Serie A,Milan,Verona,2.2619356977001592,0.7314233074028055,0.7207316212265347,0.174338547441776,0.10492983133168922,H
2025-02-15,La Liga,Leganes,Alaves,1.3320302094260754,1.0553214351781022,0.4299616677844575,0.2741543726612458,0.2958839595542966,D
2025-02-15,Bundesliga,Leverkusen,Bayern Munich,1.606637160314299,1.5123465989706957,0.40166377833723443,0.23741216269936036,0.3609240589634051,D
2025-02-15,Ligue 1,Monaco,Nantes,2.2891029586507465,0.8986622632809822,0.6864093872684112,0.18118259882484192,0.13240801390674695,H
2025-02-15,Premier League,Crystal Palace,Everton,1.582261466696245,1.1360123799817872,0.47676999192540914,0.24983311277627937,0.27339689529831146,A
2025-02-15,Bundesliga,Bochum,Dortmund,1.0808372605516572,1.72112230846217,0.23808659164294432,0.238311552673514,0.5236018556835417,H
2025-02-16,Serie A,Parma,Roma,0.9757313324518301,1.850728261688255,0.1957462274747725,0.22531121108073152,0.578942561444496,A
2025-02-16,Serie A,Udinese,Empoli,1.6904011476223637,1.0335638272774224,0.5275201099626452,0.24118241973610452,0.2312974703012503,H
2025-02-16,Bundesliga,Werder Bremen,Hoffenheim,1.721115116294788,1.0575350317175203,0.5291405188585373,0.238325253921922,0.2325342272195406,A
2025-02-16,Ligue 1,Le Havre,Nice,0.999034660464493,1.787801158775898,0.20937125280308325,0.23172907513513402,0.5588996720617827,A
2025-02-16,Serie A,Juventus,Inter,1.3815723736022756,1.6059396203645857,0.32970242551179074,0.2419229922613171,0.4283745822268921,H
2025-02-16,Ligue 1,Reims,Angers,1.6895617473359028,1.0043075504870194,0.5343876911838681,0.2412497760197604,0.2243625327963715,A
2025-02-16,Ligue 1,Lens,Strasbourg,1.6168458043464105,1.0286857117418156,0.5106977575257551,0.24816159763483286,0.24114064483941214,A
2025-02-16,Bundesliga,Ein Frankfurt,Holstein Kiel,2.249895404270973,0.9589078064741551,0.6652440386847236,0.1875273547680028,0.14722860654727363,H
2025-02-16,Serie A,Fiorentina,Como,2.051777630399394,0.9276455310145304,0.6338126348203103,0.20456757936784423,0.16161978581184555,A
2025-02-16,La Liga,Mallorca,Las Palmas,1.5747710297465587,0.999909122684844,0.5071206745403943,0.25247890054166094,0.2404004249179447,H
2025-02-16,Serie A,Monza,Lecce,1.3574284882058547,1.2551095422503995,0.39252817890684166,0.2627648201409245,0.34470700095223394,D
2025-02-16,Premier League,Liverpool,Wolves,2.907291492526327,0.6390321299928796,0.8323996842365601,0.1130749748792447,0.05452534088419521,H
2025-02-16,La Liga,Betis,Sociedad,1.4646728449059752,1.1744381064143976,0.4381217708483328,0.2583860654020504,0.30349216374961685,H
2025-02-16,Ligue 1,Montpellier,Lyon,1.0945904844555507,1.6774662054156984,0.24799326119307877,0.24214192118634817,0.509864817620573,A
2025-02-16,La Liga,Valladolid,Sevilla,1.1271222924352267,1.3934786676626423,0.30401435910182845,0.26585713820591356,0.4301285026922579,A
2025-02-16,La Liga,Espanol,Ath Bilbao,1.0196217857429084,1.677860517550703,0.22976922833875643,0.2423818965108189,0.5278488751504247,D
2025-02-16,Premier League,Tottenham,Man United,1.5031916692567358,1.270286025784892,0.4268036845331317,0.25223524022159005,0.3209610752452782,H
2025-02-16,Ligue 1,Rennes,Lille,1.2522056562075503,1.5200446603849211,0.31333875137693823,0.25166801428792074,0.43499323433514103,A
2025-02-16,Bundesliga,Heidenheim,Mainz,1.1843180012720662,1.3946523237324884,0.31893367198203443,0.2634142646201237,0.4176520633978419,A
2025-02-17,Serie A,Genoa,Venezia,1.7695462991325255,0.9012335279337792,0.5787406072899025,0.2321777767125488,0.18908161599754875,H
2025-02-17,La Liga,Barcelona,Vallecano,2.470552683729089,0.809855553393786,0.7375477287157925,0.16002337653043802,0.1024288947537693,H
2025-02-19,Premier League,Aston Villa,Liverpool,1.068070053289033,1.8718518999257399,0.2137435397093208,0.22472964291947164,0.5615268173712076,D
2025-02-21,Premier League,Leicester,Brentford,1.1141942136734868,1.3867069515472825,0.3018087969123075,0.2669339112060144,0.43125729188167805,A
2025-02-21,Ligue 1,Rennes,Reims,1.5508667180998905,1.061440031098951,0.4863081573091738,0.25392741990098283,0.2597644227898432,H
2025-02-21,La Liga,Celta,Osasuna,1.4093047139229475,1.2355779966544567,0.41027979152999783,0.2601328290070934,0.3295873794629087,H
2025-02-21,Bundesliga,Freiburg,Werder Bremen,1.5344405045240361,1.0127911315605966,0.4937451234016812,0.2562613937184979,0.2499934828798209,H
2025-02-21,Serie A,Lecce,Udinese,1.2942993474298932,1.362413253803912,0.3539760292080791,0.2604382835166497,0.3855856872752712,A
2025-02-22,Serie A,Inter,Genoa,2.393082639329758,0.7938503106065724,0.7285316532389866,0.16589783865620347,0.1055705081048099,H
2025-02-22,Serie A,Venezia,Lazio,0.9125592446446804,2.136937645989734,0.1496480660775104,0.19588129275642574,0.6544706411660639,D
2025-02-22,Bundesliga,M'gladbach,Augsburg,1.5792773405600247,1.0428385645117042,0.49791621163224875,0.25156674180658534,0.2505170465611659,A
2025-02-22,La Liga,Las Palmas,Barcelona,0.8370000742343398,2.54167609252467,0.10156655145530222,0.15564499051781763,0.7427884580268802,A
2025-02-22,Premier League,Ipswich,Tottenham,1.1613251609674222,1.5471186377290982,0.2856724731562209,0.2521889102019875,0.46213861664179157,A
2025-02-22,Bundesliga,Dortmund,Union Berlin,1.784043927985239,0.9890235756401813,0.5604608866668854,0.231980900235008,0.20755821309810651,H
2025-02-22,Premier League,Everton,Man United,1.5729913592161335,1.1639368061467514,0.4680394882573165,0.2500322175387354,0.28192829420394816,D
2025-02-22,Bundesliga,Holstein Kiel,Leverkusen,0.903919759779103,2.4083767237997136,0.12289059144563041,0.17091139525448282,0.7061980132998867,A
2025-02-22,Premier League,Fulham,Crystal Palace,1.533821475227255,1.174068559470073,0.4558839767639543,0.25293420704941405,0.2911818161866316,A
2025-02-22,Bundesliga,Wolfsburg,Bochum,1.8662602466215732,0.9572037347792651,0.5869429726635383,0.2234364862874006,0.18962054104906112,D
2025-02-22,La Liga,Alaves,Espanol,1.4724958091972529,1.1177283152035897,0.4530322222887722,0.2595499691502894,0.28741780856093846,A
2025-02-22,Premier League,Bournemouth,Wolves,2.1919876300638914,0.903122266977272,0.6673339222941214,0.19030834126314458,0.1423577364427341,A
2025-02-22,Premier League,Arsenal,West Ham,2.6495517138168783,0.7428307100182173,0.7789606675852803,0.14046659745889664,0.08057273495582305,A
2025-02-22,La Liga,Valencia,Ath Madrid,0.9738825659938537,1.8034951227691791,0.2014674103687957,0.22988913414109366,0.5686434554901106,A
2025-02-22,Ligue 1,Auxerre,Marseille,1.130169471626661,1.8540954655064592,0.23022878273351716,0.2268468032423391,0.5429244140241437,H
2025-02-22,Serie A,Parma,Bologna,0.9027020599354273,2.0172798419476967,0.16023724963267533,0.20701964188535457,0.6327431084819701,H
2025-02-22,Ligue 1,St Etienne,Angers,1.3681522508479622,1.133066366865951,0.42203135179475054,0.26769357062754695,0.3102750775777026,D
2025-02-22,Bundesliga,Mainz,St Pauli,1.614508392215419,0.9636800516323308,0.5259360025793236,0.24872454079475553,0.2253394566259208,H
2025-02-22,Serie A,Torino,Milan,1.2216544957674362,1.491346333914813,0.3107915379998424,0.2547580050088053,0.4344504569913524,H
2025-02-22,Premier League,Southampton,Brighton,1.0263251455128968,1.8268780283725627,0.2103629591841753,0.2283375064757911,0.5612995343400337,A
2025-02-22,Ligue 1,Lille,Monaco,1.6514333821308522,1.5242364896473042,0.40985510164500866,0.2347881492962388,0.3553567490587525,H
2025-02-22,La Liga,Vallecano,Villarreal,1.1811326753656282,1.5197979606773837,0.2954166232259252,0.2538495762203682,0.45073380055370665,A
2025-02-22,Premier League,Aston Villa,Chelsea,1.5006191789749956,1.3111867437878948,0.41735731792809017,0.25091603828823567,0.33172664378367417,H
2025-02-23,Ligue 1,Le Havre,Toulouse,1.202711383041262,1.3268939588846917,0.33679612989845903,0.26755941940574834,0.3956444506957926,A
2025-02-23,Bundesliga,Bayern Munich,Ein Frankfurt,2.1615556301886714,0.9970172898260691,0.639403882559075,0.19693384937288239,0.16366226806804257,H
2025-02-23,Serie A,Cagliari,Juventus,0.9833645632545578,1.90328259261616,0.19079570719150238,0.22040183181614226,0.5888024609923553,A
2025-02-23,La Liga,Ath Bilbao,Valladolid,2.4740881849784255,0.6710520162583904,0.7690462390785073,0.15031550603657942,0.08063825488491311,H
2025-02-23,Premier League,Man City,Liverpool,1.8404472964935974,1.5172308453510166,0.4547611302969981,0.2250817107020145,0.32015715900098746,A
2025-02-23,Ligue 1,Nantes,Lens,1.1175314247728623,1.5090631591573662,0.2810477910764084,0.2564404235085532,0.4625117854150384,H
2025-02-23,Premier League,Newcastle,Nott'm Forest,1.7248725410392545,1.3128678280106696,0.47158890518134416,0.2358418552342969,0.29256923958435904,H
2025-02-23,La Liga,Getafe,Betis,1.3456360540643841,1.288298982876814,0.3824560664609243,0.2617983982844735,0.3557455352546022,A
2025-02-23,Serie A,Como,Napoli,1.0745695904824673,1.8645450585762728,0.21619860685630313,0.2254581247751948,0.558343268368502,H
2025-02-23,Ligue 1,Lyon,Paris SG,1.2320757844655477,1.9320682317259,0.24189083914260875,0.22110612665448573,0.5370030342029055,A
2025-02-23,La Liga,Real Madrid,Girona,2.365751666156511,0.8271855422799881,0.7163304420037269,0.17036979917039508,0.11329975882587816,H
2025-02-23,Serie A,Empoli,Atalanta,0.9302669764789671,2.0985641507046955,0.1571328283244738,0.20021453902421524,0.6426526326513109,A
2025-02-23,Bundesliga,RB Leipzig,Heidenheim,2.232432165492346,0.7474125414096728,0.7117323667015324,0.17821271282572382,0.11005492047274373,D
2025-02-23,Ligue 1,Nice,Montpellier,2.1688800479662604,0.8030307681745165,0.6867928803425526,0.18761663316654073,0.12559048649090668,H
2025-02-23,La Liga,Sociedad,Leganes,1.5878767568228156,0.9954087665589852,0.5115148602715878,0.2512271918833247,0.2372579478450874,H
2025-02-23,Ligue 1,Strasbourg,Brest,1.4336945133050876,1.2276164095175943,0.4183383195518215,0.2587340428868316,0.32292763756134696,D
2025-02-23,Bundesliga,Hoffenheim,Stuttgart,1.2741160091088368,1.5955571270125428,0.3053530282277009,0.24568361570698793,0.4489633560653111,D
2025-02-23,Serie A,Verona,Fiorentina,1.0162741226847563,1.6404543809736554,0.23449899270531346,0.24597653808658726,0.5195244692080994,H
2025-02-24,La Liga,Sevilla,Mallorca,1.5667946556186634,1.0845695475513586,0.48487798986276626,0.2520937415628009,0.2630282685744328,D
2025-02-24,Serie A,Roma,Monza,2.0926100420050693,0.7533795772618245,0.6843667827045463,0.19271080359434278,0.1229224137011109,H
2025-02-25,Premier League,Wolves,Fulham,1.2319023179340591,1.2930560138455744,0.35132933905434377,0.26832366450410183,0.3803469964415543,A
2025-02-25,Premier League,Chelsea,Southampton,2.5800279586993953,0.7081426761609517,0.7764792520787974,0.14376788760929457,0.07975286031190804,H
2025-02-25,Premier League,Brighton,Bournemouth,1.59964185027484,1.3641301289407,0.43053683080193056,0.2428476904748609,0.3266154787232086,H
2025-02-25,Premier League,Crystal Palace,Aston Villa,1.3926123473026477,1.285670041943284,0.39523936418022637,0.25896022781221273,0.3458004080075609,H
2025-02-26,Premier League,Tottenham,Man City,1.2012419865482733,1.9853399790919268,0.22763746557822737,0.216706390748568,0.5556561436732046,A
2025-02-26,Premier League,Liverpool,Newcastle,2.3204470734358007,0.9518922193915194,0.6798531686374524,0.18099002342735745,0.13915680793519025,H
2025-02-26,Premier League,Brentford,Everton,1.4728305771699066,1.236769210387882,0.42640103835595655,0.2555726210319528,0.31802634061209073,D
2025-02-26,Premier League,Nott'm Forest,Arsenal,1.2812768445310874,2.000603981530769,0.24282524609789036,0.21622287061381068,0.540951883288299,D
2025-02-26,Premier League,Man United,Ipswich,1.8849632635096942,0.8952232283254189,0.606331059166548,0.22006607312913537,0.17360286770431663,H
2025-02-27,Premier League,West Ham,Leicester,1.7475856133134582,0.8387851088010895,0.5893796866475663,0.2333347239839514,0.17728558936848224,H
2025-02-27,Serie A,Bologna,Milan,1.390876347226487,1.302839728331608,0.39118235353892084,0.2582379056928894,0.35057974076818976,H
2025-02-28,Serie A,Fiorentina,Lecce,1.8798932349407023,0.8476667312082145,0.6170625637534977,0.21919555520058284,0.16374188104591958,H
2025-02-28,Ligue 1,Monaco,Reims,2.4975875299453185,0.8769860668501981,0.7270296357776672,0.16177123036096822,0.11119913386136454,H
2025-02-28,Bundesliga,Stuttgart,Bayern Munich,1.1069175418960637,1.9110710981855004,0.21710677702467898,0.2217585415266952,0.5611346814486258,A
2025-02-28,La Liga,Valladolid,Las Palmas,1.3062476800423144,1.2921883408185093,0.3712951897389198,0.263999015652086,0.36470579460899427,D
2025-03-01,Bundesliga,Werder Bremen,Wolfsburg,1.2969027424301423,1.3333204273638366,0.3604666779277361,0.26208954665008366,0.3774437754221802,A
2025-03-01,La Liga,Vallecano,Sevilla,1.3353042091952234,1.1653804594584651,0.4060336300634729,0.2688122212749205,0.3251541486616067,D
2025-03-01,Bundesliga,Bochum,Hoffenheim,1.3400895939949113,1.2651521583034473,0.3858451198577311,0.26338358970678993,0.35077129043547883,A
2025-03-01,Bundesliga,Ein Frankfurt,Leverkusen,1.1432013120107822,1.7192406144434924,0.25323308774114367,0.23823642131607212,0.5085304909427842,A
2025-03-01,La Liga,Ath Madrid,Ath Bilbao,1.727115008430174,1.2394297445969054,0.48841985713812586,0.23673357032058406,0.2748465725412901,H
2025-03-01,Bundesliga,RB Leipzig,Mainz,1.6363082296390954,1.0055568307857237,0.521099620777419,0.2464203205271444,0.23248005869543648,A
2025-03-01,La Liga,Girona,Celta,1.543101147803348,1.1150602696581495,0.47176400185920686,0.2535829924076816,0.2746530057331116,D
2025-03-01,Ligue 1,Paris SG,Lille,2.369854114689095,1.0129712812946043,0.6749332280273888,0.1795817369182092,0.1454850350544021,H
2025-03-01,Bundesliga,Heidenheim,M'gladbach,1.2155176176123068,1.3913019072630288,0.32776757087615394,0.26230059823725305,0.40993183088659296,A
2025-03-01,La Liga,Betis,Real Madrid,1.1050182209565413,1.7987982317574616,0.2323833315081737,0.2314773605319285,0.5361393079598978,H
2025-03-01,Bundesliga,St Pauli,Dortmund,1.1020592127490727,1.6854659623348107,0.2485691592060807,0.24138976307761023,0.510041077716309,A
2025-03-01,Serie A,Atalanta,Venezia,2.8290495625674046,0.6478271685008034,0.8216147966735512,0.11945099151823717,0.05893421180821159,D
2025-03-01,Ligue 1,St Etienne,Nice,0.9772526554797994,1.99284556766573,0.17861711754088969,0.21175725400780682,0.6096256284513035,A
2025-03-01,Serie A,Napoli,Inter,1.3539014885728615,1.4146495504879484,0.35899464100915035,0.25432519375293194,0.3866801652379178,D
2025-03-01,Ligue 1,Lens,Le Havre,1.9385149416602478,0.833196319980153,0.6333335408640801,0.21250077989307697,0.15416567924284294,A
2025-03-01,Serie A,Udinese,Parma,1.9582337581988651,0.8930687667741424,0.6227100455055251,0.21255989027590774,0.16473006421856712,H
2025-03-02,Ligue 1,Montpellier,Rennes,1.2113098363087156,1.3210068289870878,0.3402516614725095,0.26752942447906225,0.39221891404842835,A
2025-03-02,Serie A,Bologna,Cagliari,1.9971104328291271,0.8065908288753255,0.6521971346286686,0.20527395083771663,0.14252891453361474,H
2025-03-02,La Liga,Mallorca,Alaves,1.5973878190652866,1.004734330227308,0.5116346177886254,0.2502197622385687,0.23814561997280587,D
2025-03-02,Ligue 1,Angers,Toulouse,1.1909558439426127,1.4590128696831717,0.308782720375592,0.2582501836216214,0.43296709600278666,A
2025-03-02,Serie A,Genoa,Empoli,1.7640765170917716,0.8907084371028197,0.5801030364521477,0.2325670903626178,0.18732987318523447,D
2025-03-02,Bundesliga,Augsburg,Freiburg,1.2520663125847202,1.2899392282004167,0.3573593242019909,0.2673611932161172,0.37527948258189203,D
2025-03-02,Ligue 1,Marseille,Nantes,2.234303981778586,0.875189272924894,0.6818460734275752,0.18503815767200768,0.13311576890041724,H
2025-03-02,La Liga,Leganes,Getafe,1.2596316453882643,1.251714992986759,0.3672196122402129,0.2693266805258629,0.36345370723392423,H
2025-03-02,Ligue 1,Lyon,Brest,1.8831025849684424,1.145932921635258,0.5458071196794753,0.22451196898547365,0.22968091133505106,H
2025-03-02,Serie A,Monza,Torino,1.045688720734192,1.5971950682424874,0.24841600813196055,0.24985684325501573,0.5017271486130237,A
2025-03-02,Serie A,Roma,Como,1.8563296044511177,0.9234027961456861,0.5930156103848347,0.22368987089633816,0.18329451871882718,H
2025-03-02,Bundesliga,Union Berlin,Holstein Kiel,1.6183821584926759,1.1556546453244647,0.48120641335424064,0.24648279919368357,0.2723107874520757,A
2025-03-02,Ligue 1,Auxerre,Strasbourg,1.3821438469663165,1.3208523050934007,0.38517817986781644,0.2578733707854501,0.35694844934673353,A
2025-03-02,La Liga,Barcelona,Sociedad,2.446232953657462,0.843575356800096,0.7260803008227648,0.16419920451265063,0.10972049466458457,H
2025-03-02,Serie A,Milan,Lazio,1.5230954257409366,1.2879539337190535,0.4279781185057256,0.2502656153522255,0.3217562661420488,A
2025-03-02,La Liga,Osasuna,Valencia,1.5933115111031613,1.009594214273528,0.5094365022464383,0.2505774990833664,0.23998599867019527,D
2025-03-03,Serie A,Juventus,Verona,2.343392894417939,0.6998185144964754,0.7419393356799167,0.16442320949185357,0.0936374548282297,H
2025-03-07,Ligue 1,Toulouse,Monaco,1.37150214422999,1.7901328496347295,0.29540218943233804,0.23054485767888558,0.4740529528887764,D
2025-03-07,Serie A,Cagliari,Genoa,1.244474879090881,1.2687748325299406,0.3596297213729891,0.2691852754805076,0.3711850031465032,D
2025-03-07,Bundesliga,M'gladbach,Mainz,1.3515938034361907,1.2365772073105,0.3949375462354193,0.26409461822708225,0.3409678355374984,A
2025-03-08,Serie A,Inter,Monza,2.792132144773906,0.5702193084173439,0.8325328899308615,0.11610318920795946,0.05136392086117907,H
2025-03-08,Premier League,Nott'm Forest,Man City,1.274364941283995,1.8400195657250291,0.2651352894882695,0.22803923821362126,0.5068254722981093,H
2025-03-08,Bundesliga,Freiburg,RB Leipzig,1.3129252611386484,1.2418796615846552,0.3835535049633862,0.266430733077767,0.35001576195884687,D
2025-03-08,Premier League,Liverpool,Southampton,3.7800095382659338,0.4830648517440865,0.9270926602902964,0.05429686215185006,0.018610477557853587,H
2025-03-08,Serie A,Parma,Torino,1.017020473298313,1.6444317182514563,0.23408724978878864,0.2455911678442605,0.5203215823669509,D
2025-03-08,Bundesliga,Bayern Munich,Bochum,3.142104342391565,0.6291944257384614,0.8587316154965579,0.09667689748131257,0.04459148702212964,A
2025-03-08,Serie A,Como,Venezia,1.695219183245862,0.910862494302848,0.5587806021203335,0.24014405302899908,0.2010753448506674,D
2025-03-08,Bundesliga,Dortmund,Augsburg,1.855799517154569,0.9528558155426354,0.5856634888001625,0.22437753948322242,0.18995897171661505,A
2025-03-08,Bundesliga,Leverkusen,Werder Bremen,2.68586757698602,0.6582439708638218,0.8015813556950476,0.13133836530626036,0.06708027899869189,A
2025-03-08,Serie A,Lecce,Milan,0.9843875403986604,1.6009716154619895,0.2325141202098637,0.2500027687023013,0.517483111087835,A
2025-03-08,Premier League,Brighton,Fulham,1.6216557421535678,1.1316060317686367,0.48756810057957256,0.24658375781238143,0.26584814160804604,H
2025-03-08,Premier League,Crystal Palace,Ipswich,2.1182426630902156,0.9045227328904829,0.6527114130206554,0.19731758489600373,0.14997100208334083,H
2025-03-08,La Liga,Valencia,Valladolid,1.922043588666803,0.8779195194933177,0.6186943828805493,0.2157487168814647,0.16555690023798592,H
2025-03-08,Ligue 1,Marseille,Lens,1.9455628114437207,1.0665706025141406,0.5782022064768771,0.21813388536835532,0.20366390815476754,A
2025-03-08,Bundesliga,Holstein Kiel,Stuttgart,1.1730291429592155,1.6215988951828497,0.27605847972958897,0.2459261264578609,0.47801539381255015,D
2025-03-08,Premier League,Brentford,Aston Villa,1.3885428188065425,1.2867859784551,0.3939498118689919,0.25916703129326124,0.34688315683774684,A
2025-03-08,Ligue 1,Lille,Montpellier,2.3888885663188666,0.7596594490453851,0.7356348591418503,0.16412619797941622,0.10023894287873343,H
2025-03-08,Premier League,Wolves,Everton,1.2502175584455024,1.418137656490072,0.331708982881501,0.2588813238987243,0.4094096932197747,D
2025-03-08,Bundesliga,Wolfsburg,St Pauli,1.7229378626590341,0.8714555389322544,0.5752978279789719,0.23665669439246664,0.18804547762856147,D
2025-03-08,La Liga,Alaves,Villarreal,1.0491359069650534,1.6754544701223473,0.2372824280659249,0.2425479805649451,0.52016959136913,H
2025-03-08,La Liga,Celta,Leganes,1.6319074159553275,1.0335511945457445,0.513254460455501,0.24669996182903312,0.24004557771546584,H
2025-03-08,Ligue 1,Rennes,Paris SG,0.9263565463784281,2.3461935645986016,0.13221709391618067,0.17749320708489413,0.6902896989989251,A
2025-03-09,Ligue 1,Nice,Lyon,1.7055794059586578,1.3272941977020387,0.46387740704361197,0.2368999678843349,0.29922262507205316,A
2025-03-09,Serie A,Empoli,Roma,0.9729248043740082,1.7903354890339762,0.20298794048715985,0.23116822329881975,0.5658438362140205,A
2025-03-09,Ligue 1,Brest,Angers,2.0528503109340313,0.8557730767833093,0.6514339427168967,0.20166008301138594,0.14690597427171737,H
2025-03-09,La Liga,Sociedad,Sevilla,1.5491866750235916,1.1701519891311516,0.46065040058442547,0.2518072652473176,0.287542334168257,A
2025-03-09,Bundesliga,Ein Frankfurt,Union Berlin,1.9140647626060419,0.9408069091092692,0.6015056779508156,0.21835574480365064,0.18013857724553387,A
2025-03-09,Ligue 1,Reims,Auxerre,1.3598356276717658,1.2924866491301326,0.3852923384371033,0.2606928052193465,0.35401485634355023,A
2025-03-09,La Liga,Ath Bilbao,Mallorca,2.148114649763583,0.9392372217423911,0.6503355854200474,0.19593480785507833,0.1537296067248742,D
2025-03-09,Premier League,Chelsea,Leicester,2.3416737793133904,0.7381687473437502,0.7327603456510589,0.16712204342047876,0.10011761092846228,H
2025-03-09,Serie A,Napoli,Fiorentina,1.7711963381886497,1.0429272398153784,0.5444530585250913,0.23366417202208326,0.22188276945282556,H
2025-03-09,La Liga,Getafe,Ath Madrid,0.9052782487336448,1.8051678162253602,0.1855253074941024,0.2285371803986505,0.5859375121072472,H
2025-03-09,Ligue 1,Le Havre,St Etienne,1.709283471715214,1.135511621941489,0.5079406436887666,0.2391240365854208,0.2529353197258125,D
2025-03-09,Serie A,Verona,Bologna,0.9757780753742866,1.615043431185376,0.22826908076697486,0.24863293831711927,0.523097980915906,A
2025-03-09,La Liga,Real Madrid,Vallecano,2.205657225379154,0.7295470727709099,0.7112165098455601,0.17979402049103926,0.1089894696634008,H
2025-03-09,Ligue 1,Nantes,Strasbourg,1.1760334129934749,1.41652142946871,0.3126867663463324,0.262078721950801,0.4252345117028666,A
2025-03-09,La Liga,Betis,Las Palmas,2.1992437923629256,0.8450562458057982,0.6824401475445692,0.18683663389958402,0.13072321855584684,H
2025-03-09,Premier League,Tottenham,Bournemouth,1.484351943058885,1.2692196716240973,0.422270213711473,0.25356782961328067,0.3241619566752464,D
2025-03-09,Premier League,Man United,Arsenal,1.032795639884119,1.797127563181784,0.21590981326835734,0.23118007679375147,0.5529101099378912,D
2025-03-09,Bundesliga,Hoffenheim,Heidenheim,1.6648876431201962,0.9861894627417935,0.5328183392065174,0.24364593975300536,0.22353572104047711,D
2025-03-09,Serie A,Juventus,Atalanta,1.5807225435232442,1.2937413527111568,0.4410274102018465,0.24617286536426475,0.31279972443388865,A
2025-03-10,Serie A,Lazio,Udinese,1.9442882878111194,0.9759581815282826,0.5995447901434733,0.2163199227734769,0.1841352870830498,D
2025-03-10,Premier League,West Ham,Newcastle,1.3031981237078536,1.365925809234001,0.35559389977926287,0.2597607199958757,0.38464538022486144,A
2025-03-10,La Liga,Espanol,Girona,1.2432603844287302,1.2782591828562266,0.3573701856145831,0.26864092809331686,0.37398888629210003,D
2025-03-14,Bundesliga,St Pauli,Hoffenheim,1.2463328402231066,1.2125639001502504,0.371782750782106,0.2726448643636954,0.35557238485419856,H
2025-03-14,Ligue 1,Nice,Auxerre,1.9899013631183136,0.9507847595673566,0.61537183001323,0.2112664920409173,0.17336167794585264,D
2025-03-14,Serie A,Genoa,Lecce,1.5749665495659722,0.9468465865573026,0.5201733133316664,0.2528642744815839,0.22696241218674976,H
2025-03-14,La Liga,Las Palmas,Alaves,1.248429058724038,1.2510579382618428,0.36433405837227595,0.27007876815056325,0.3655871734771608,D
2025-03-15,Serie A,Milan,Como,1.9646775741872826,0.9443328707236153,0.6115758860475429,0.2135085295067154,0.17491558444574168,H
2025-03-15,La Liga,Girona,Valencia,1.6195131909377962,1.0947555282890762,0.49564494813483906,0.24726271177744943,0.25709234008771154,D
2025-03-15,Ligue 1,Lens,Rennes,1.6158614254027335,1.1443784250448428,0.4831825901601561,0.246875224996223,0.269942184843621,H
2025-03-15,La Liga,Villarreal,Real Madrid,1.1906001656800826,1.6177500487357552,0.28101926113681247,0.24591413497592837,0.4730666038872592,A
2025-03-15,La Liga,Mallorca,Espanol,1.5643225113307468,1.0098171474433375,0.5020778287389607,0.25339524319598444,0.2445269280650548,H
2025-03-15,Premier League,Everton,West Ham,1.5258109128927686,1.1117609391415082,0.46813141864943664,0.2551444267216915,0.2767241546288718,D
2025-03-15,Serie A,Udinese,Verona,1.7090505329457268,0.8759725026906318,0.5708590535720761,0.23823630029640533,0.19090464613151853,A
2025-03-15,Bundesliga,Union Berlin,Bayern Munich,0.909938011961399,2.3417622004596184,0.1297022324649383,0.17704987142060463,0.693247896114457,D
2025-03-15,Bundesliga,Werder Bremen,M'gladbach,1.4037428484373915,1.2760771245935083,0.4001511779239018,0.25869008880747957,0.3411587332686186,A
2025-03-15,Premier League,Ipswich,Nott'm Forest,1.1176290619313427,1.833976784063034,0.23023662485989688,0.2284911368311961,0.541272238308907,A
2025-03-15,Premier League,Man City,Brighton,1.98550695670607,1.020246745938561,0.597797367663274,0.2135618505417649,0.18864078179496113,D
2025-03-15,Bundesliga,Augsburg,Wolfsburg,1.2868967964062075,1.1278684240708101,0.4011613962998479,0.27453274866535904,0.32430585503479303,H
2025-03-15,Serie A,Torino,Empoli,2.008716912173751,0.8435273494888575,0.6454475248228385,0.205617098638649,0.1489353765385125,H
2025-03-15,Serie A,Monza,Parma,1.421316744624979,1.144729404224419,0.4335084480692684,0.2629007921804453,0.30359075975028627,D
2025-03-15,Bundesliga,Mainz,Freiburg,1.4738270991023719,1.1200920291324115,0.45283425529483673,0.25936709777097844,0.2877986469341848,D
2025-03-15,Bundesliga,RB Leipzig,Dortmund,1.5200941646152144,1.2209059716856896,0.4419097157231959,0.25265309427379185,0.3054371900030123,H
2025-03-15,Ligue 1,Nantes,Lille,1.032411904175813,1.741958496318298,0.22355770701786465,0.23633564554820516,0.5401066474339302,H
2025-03-15,Premier League,Southampton,Wolves,1.0709378009410482,1.5262112343283423,0.26622359376470306,0.25599891819743686,0.47777748803786013,A
2025-03-15,Premier League,Bournemouth,Brentford,1.5494004984644094,1.1322259551653366,0.46938765504631036,0.2526731472623138,0.27793919769137587,A
2025-03-15,Ligue 1,Angers,Monaco,0.9337521947533941,2.195443827646252,0.14786270597841894,0.19134679822206305,0.660790495799518,A
2025-03-15,La Liga,Valladolid,Celta,1.0869191671324725,1.5865464990970324,0.2604188730952895,0.2502943715611368,0.4892867553435737,A
2025-03-16,Bundesliga,Stuttgart,Leverkusen,1.1472387231077232,1.6913111140878783,0.25854792325407006,0.2405435118216982,0.5009085649242317,A
2025-03-16,La Liga,Vallecano,Sociedad,1.3207747039865918,1.17626321663629,0.39973990330179976,0.2693714810856915,0.33088861561250876,D
2025-03-16,Serie A,Atalanta,Inter,1.5330279417650559,1.3897012187361457,0.4088858644845456,0.2459539543367386,0.3451601811787157,A
2025-03-16,La Liga,Osasuna,Getafe,1.500058699690298,1.112604290933025,0.46133736267889786,0.2573382891254317,0.2813243481956705,A
2025-03-16,Bundesliga,Bochum,Ein Frankfurt,1.239080244534588,1.4592280527366286,0.32112872063619546,0.256457848748481,0.4224134306153236,A
2025-03-16,Ligue 1,Strasbourg,Toulouse,1.4858727878797167,1.1532020851172566,0.44838319396424653,0.257376866914903,0.2942399391208504,H
2025-03-16,La Liga,Ath Madrid,Barcelona,1.3960102498345965,1.4238143838320587,0.36783854410143424,0.25175232705841755,0.3804091288401482,A
2025-03-16,La Liga,Leganes,Betis,1.1518155209341177,1.561365957397753,0.2808551795133,0.25124606752862616,0.46789875295807376,A
2025-03-16,Serie A,Bologna,Lazio,1.5397967162819228,1.326595282794439,0.42384028894659354,0.24784096153658963,0.3283187495168167,H
2025-03-16,Premier League,Leicester,Man United,0.9992375557376397,1.6278175240235253,0.23218685117261914,0.24727445234431533,0.5205386964830655,A
2025-03-16,Ligue 1,Paris SG,Marseille,2.5539198659602116,0.9328846794572574,0.7238899839393833,0.16031473266574586,0.11579528339487083,H
2025-03-16,Serie A,Venezia,Napoli,0.7962366476853797,2.000495058947327,0.14007030059537615,0.20446514998239057,0.6554645494222332,D
2025-03-16,Ligue 1,Lyon,Le Havre,2.6010893772069403,0.8147956265322224,0.7566425378423338,0.14930018285450183,0.09405727930316429,H
2025-03-16,Ligue 1,Montpellier,St Etienne,1.4752145799432497,1.1396762539012943,0.44871085185518783,0.25866124115002703,0.29262790699478514,A
2025-03-16,Premier League,Arsenal,Chelsea,1.9552013349454147,0.988597921160196,0.598858517650511,0.21560004748804493,0.18554143486144392,H
2025-03-16,Serie A,Fiorentina,Juventus,1.198297437085949,1.385939039318019,0.3242584815173095,0.26345944335288746,0.412282075129803,H
2025-03-16,Bundesliga,Heidenheim,Holstein Kiel,1.3655178128117822,1.1768287255502965,0.41159225930871013,0.26596000299775296,0.322447737693537,H
2025-03-16,Premier League,Fulham,Tottenham,1.4532050492549373,1.2347286769188803,0.4218169922082851,0.25705472041686656,0.32112828737484833,H
2025-03-16,La Liga,Sevilla,Ath Bilbao,1.2585422716327794,1.6329295757628748,0.2950764542478625,0.2433852245920351,0.46153832116010246,A
2025-03-16,Serie A,Roma,Cagliari,1.9935543794289645,0.7920480731663632,0.655086677331689,0.2050132987320819,0.13990002393622905,H
2025-03-16,Ligue 1,Brest,Reims,1.8700604956675877,0.8357474400725757,0.6178969579264277,0.21986950476377543,0.16223353730979695,D
2025-03-27,La Liga,Barcelona,Osasuna,2.7314809318534423,0.7740663758034745,0.7837846431338354,0.13612553134228075,0.08008982552388381,H
2025-03-28,Ligue 1,Strasbourg,Lyon,1.2853668990857183,1.4514008574040778,0.3344355605922285,0.25514842042627595,0.4104160189814956,H
2025-03-28,Bundesliga,Leverkusen,Bochum,2.8352109327694235,0.6803365090741627,0.8159754594626966,0.12145765446387083,0.06256688607343262,H
2025-03-29,Bundesliga,Ein Frankfurt,Stuttgart,1.6344592490857373,1.3408550565128756,0.4439366263914019,0.24130214297413788,0.3147612306344602,H
2025-03-29,La Liga,Alaves,Vallecano,1.372662378201182,1.23540465745753,0.4007382159217465,0.2626994012990593,0.33656238277919426,A
2025-03-29,Bundesliga,Bayern Munich,St Pauli,2.6654549793621105,0.6685154364977492,0.7967394969131757,0.13376596055807033,0.06949454252875392,H
2025-03-29,Ligue 1,Monaco,Nice,1.835630230815054,1.1941522003270457,0.5239471661941905,0.22856687242889173,0.24748596137691778,H
2025-03-29,Serie A,Lecce,Roma,0.9575589048025849,1.690996189186292,0.2128872292137828,0.24094229467181943,0.5461704761143977,A
2025-03-29,Ligue 1,St Etienne,Paris SG,0.7789777302595051,2.9763407941968203,0.06759456186938378,0.11848743451235688,0.8139180036182594,A
2025-03-29,Bundesliga,Wolfsburg,Heidenheim,1.7488129194194073,0.9405578641175296,0.5641247018697394,0.2349113931653417,0.2009639049649189,A
2025-03-29,La Liga,Espanol,Ath Madrid,0.9694771049690836,1.8568448659797065,0.193558181479802,0.2246009870339103,0.5818408314862877,D
2025-03-29,Bundesliga,Hoffenheim,Augsburg,1.2503871880877548,1.1833757601157358,0.3790741611284882,0.27415782809206346,0.34676801077944847,D
2025-03-29,Ligue 1,Reims,Marseille,1.0170849942708458,1.6297710518104405,0.23630454582006769,0.24700027204783365,0.5166951821320986,H
2025-03-29,Bundesliga,M'gladbach,RB Leipzig,1.3080612261154754,1.4560467265320935,0.33933031457915747,0.2538985112521644,0.40677117416867825,H
2025-03-29,Serie A,Venezia,Bologna,0.8483486489240447,1.8742307192757464,0.16453275725334224,0.21981851481163317,0.6156487279350246,A
2025-03-29,Serie A,Como,Empoli,1.676177928972886,0.9347360198090395,0.5482367897989208,0.24233042122462295,0.2094327889764562,D
2025-03-29,Serie A,Juventus,Genoa,1.8154344464024432,0.9010080749384346,0.5893405120454834,0.22738224345346034,0.18327724450105617,H
2025-03-29,La Liga,Real Madrid,Leganes,2.7235799151056996,0.7002736507727376,0.7978700735193862,0.13147768861065942,0.07065223786995431,H
2025-03-29,La Liga,Sociedad,Valladolid,2.054537320114003,0.8092251795523869,0.663165197262608,0.1994319607262593,0.1374028420111327,H
2025-03-29,Bundesliga,Holstein Kiel,Werder Bremen,1.3544850996740718,1.3076725282124566,0.38074250600136655,0.26022205831415496,0.3590354356844786,A
2025-03-30,Serie A,Napoli,Milan,1.6810032470614265,1.1840527992566192,0.4899576482378652,0.24099107843006462,0.2690512733320702,H
2025-03-30,La Liga,Ath Bilbao,Osasuna,2.114182626659703,0.9017426401291809,0.6525744843181697,0.19758924195490957,0.1498362737269207,D
2025-03-30,La Liga,Betis,Sevilla,1.7168949095556034,1.035789688457202,0.5333416874782866,0.2386952439455215,0.22796306857619186,H
2025-03-30,Serie A,Fiorentina,Atalanta,1.2435123425528238,1.5023149669911362,0.31435452779476775,0.25322166246084976,0.4324238097443824,H
2025-03-30,Ligue 1,Le Havre,Nantes,1.489417364945155,1.2729617931659625,0.42274381916325227,0.25308307489746257,0.3241731059392851,H
2025-03-30,La Liga,Valencia,Mallorca,1.3936105607916989,1.2804724390818518,0.39659602677846634,0.25914424358420884,0.3442597296373248,H
2025-03-30,Ligue 1,Auxerre,Montpellier,1.7654997037507272,0.8988856749747102,0.5783870539377841,0.2325619634901945,0.18905098257202138,H
2025-03-30,Ligue 1,Lille,Lens,1.6131946428481163,1.1000390950815526,0.4928404669920485,0.24775219089563214,0.25940734211231936,H
2025-03-30,Ligue 1,Angers,Rennes,1.1290905377979548,1.4689945004664275,0.29098010025711285,0.25950273256808853,0.44951716717479867,A
2025-03-30,Serie A,Cagliari,Monza,1.4689311776380631,0.9885321301235009,0.48259528976653726,0.2631622669669642,0.25424244326649853,H
2025-03-30,Bundesliga,Freiburg,Union Berlin,1.8420912973579382,0.8960841003317085,0.5965881753950276,0.22450532024155637,0.17890650436341599,A
2025-03-30,La Liga,Getafe,Villarreal,1.2654463344783238,1.3140632174660258,0.35605023639898387,0.2650428491648851,0.378906914436131,A
2025-03-30,La Liga,Barcelona,Girona,2.4866313610654522,0.8156366767115778,0.7388276007017271,0.15899197208453264,0.10218042721374013,H
2025-03-30,Bundesliga,Dortmund,Mainz,1.554101015379117,1.2371193183793106,0.44685505647059887,0.24966566594265224,0.3034792775867489,H
2025-03-30,Serie A,Inter,Udinese,2.321270214131793,0.7386502553775083,0.7292193272512694,0.1690809400667631,0.10169973268196747,H
2025-03-30,Ligue 1,Toulouse,Brest,1.446590702255886,1.2598071265544963,0.4146738434979323,0.25652258171304265,0.3288035747890251,A
2025-03-31,Serie A,Verona,Parma,1.509759465786221,0.9584121017225137,0.5006148916247223,0.259526154735838,0.23985895363943974,D
2025-03-31,Serie A,Lazio,Torino,1.6360036537325422,1.1346294572101217,0.4903956127990989,0.2453280940097834,0.26427629319111773,D
2025-03-31,La Liga,Celta,Las Palmas,1.7737223134762636,0.8858953054640628,0.5835476126049679,0.23145361072623422,0.18499877666879805,D
2025-04-01,Premier League,Wolves,West Ham,1.2774446244994622,1.21044534302555,0.3806815663439625,0.2706317402205417,0.3486866934354958,H
2025-04-01,Premier League,Nott'm Forest,Man United,1.6141168418007545,1.2524975971738908,0.45828584023569985,0.24488756718628668,0.2968265925780135,H
2025-04-01,Premier League,Arsenal,Fulham,1.9786070381211558,0.8404574984584386,0.6399698891964157,0.2085917430293324,0.15143836777425188,H
2025-04-02,Premier League,Newcastle,Brentford,1.6637946043943017,1.1128801680342744,0.5022520086872884,0.24319515805274913,0.25455283325996253,H
2025-04-02,Premier League,Man City,Leicester,2.7933538172839487,0.583264579868113,0.8301012764125931,0.11706367839780396,0.052835045189603004,H
2025-04-02,Premier League,Brighton,Aston Villa,1.6681621760203007,1.1937834258313433,0.4846381959276926,0.24188199506216637,0.273479809010141,A
2025-04-02,Premier League,Liverpool,Everton,2.5423197374853608,0.778484840478485,0.7556491667794868,0.1518258877668928,0.09252494545362049,H
2025-04-02,Premier League,Bournemouth,Ipswich,1.9865603712269104,0.9443996936939758,0.6162084256677405,0.2113945801925623,0.17239699413969728,A
2025-04-02,Premier League,Southampton,Crystal Palace,0.8716732851309893,2.0436536911313183,0.1510695756831296,0.20323136905078307,0.6456990552660874,D
2025-04-03,Premier League,Chelsea,Tottenham,1.6830136501416666,1.062090697729462,0.5189074102978118,0.24180725152086124,0.23928533818132686,H
2025-04-04,La Liga,Vallecano,Espanol,1.568809175849091,1.0306528766951397,0.49819507496643345,0.2527091641092088,0.24909576092435762,A
2025-04-04,Bundesliga,Augsburg,Bayern Munich,0.9959833277409752,1.9386098184119085,0.18917156069323976,0.21733548981430084,0.5934929494924593,A
2025-04-04,Ligue 1,Nice,Nantes,1.9819519228464775,0.8838944844736837,0.6299699086887408,0.2098617060936375,0.1601683852176217,A
2025-04-04,Serie A,Genoa,Udinese,1.358494728588788,1.1106243158264746,0.4245011632543052,0.2694580819619224,0.30604075478377246,H
2025-04-05,Serie A,Monza,Como,1.19742039712692,1.411163031016135,0.31928263781313027,0.2616203235359686,0.4190970386509011,A
2025-04-05,Ligue 1,Lyon,Lille,1.6651608433112624,1.2224987639062208,0.47741112066314295,0.24167361737142595,0.2809152619654311,H
2025-04-05,Bundesliga,Heidenheim,Leverkusen,0.8826991578742235,2.3234923916103103,0.12648474841014118,0.177262549999105,0.6962527015907538,A
2025-04-05,Premier League,Crystal Palace,Brighton,1.5040385796749203,1.270057436110383,0.42706689290094185,0.25218495182686723,0.32074815527219097,H
2025-04-05,Serie A,Parma,Inter,0.710324614154207,2.400798158826415,0.09141447031149993,0.1597617809028407,0.7488237487856594,D
2025-04-05,Premier League,Everton,Arsenal,0.9727968962078848,1.7359738531188702,0.21029891238720536,0.23653803664972559,0.5531630509630691,D
2025-04-05,Bundesliga,Mainz,Holstein Kiel,2.078458351273579,0.8472512424923717,0.6586344286258267,0.1987349626587453,0.14263060871542813,D
2025-04-05,Premier League,Ipswich,Wolves,1.3522977662488032,1.2852521954736926,0.3848350641822712,0.26154277705894774,0.35362215875878106,A
2025-04-05,Bundesliga,Werder Bremen,Ein Frankfurt,1.3738111063088465,1.40421043445442,0.3661202752862333,0.2539244799300038,0.3799552447837628,H
2025-04-05,Bundesliga,Freiburg,Dortmund,1.4168888999446647,1.396949487959382,0.37847470181910653,0.2520740750102273,0.36945122317066614,A
2025-04-05,La Liga,Real Madrid,Valencia,2.5699067858554754,0.7491882793815163,0.7661419188472385,0.14750869136189773,0.08634938979086378,A
2025-04-05,Bundesliga,RB Leipzig,Hoffenheim,1.8087451096729898,0.8824161301417901,0.5924590089575327,0.2276723593684071,0.17986863167406025,H
2025-04-05,Ligue 1,Paris SG,Angers,4.49748291680126,0.5220585317140563,0.9541173722475915,0.03421507021952599,0.011667557532882395,H
2025-04-05,Bundesliga,Bochum,Stuttgart,1.178382079808934,1.6235249656881878,0.27705556837282014,0.24567789613311036,0.47726653549406944,A
2025-04-05,Serie A,Milan,Fiorentina,1.5908415766506308,1.1953265253555139,0.46535161226061383,0.24792907013723223,0.2867193176021539,D
2025-04-05,Ligue 1,Brest,Monaco,1.2954794702965249,1.4275735967673586,0.3415643312802736,0.2562632717789186,0.40217239694080786,H
2025-04-05,La Liga,Mallorca,Celta,1.376720047010566,1.1403478404604381,0.422685642257523,0.26668707025363714,0.3106272874888399,A
2025-04-05,Premier League,Aston Villa,Nott'm Forest,1.639159387290895,1.1921510827611645,0.47796073133205536,0.24419764635780425,0.27784162231014037,H
2025-04-05,Premier League,West Ham,Bournemouth,1.3563386015745211,1.1887449127249836,0.40653533524658725,0.2660961773355715,0.3273684874178412,D
2025-04-05,La Liga,Girona,Alaves,1.6857456218251106,0.9808701548359322,0.5391790571322631,0.2415694332064255,0.21925150966131132,A
2025-04-05,La Liga,Barcelona,Betis,2.4264941677665326,0.916505261948342,0.7064622549753938,0.1700316258291751,0.1235061191954311,D
2025-04-06,Ligue 1,Lens,St Etienne,2.0326345819015197,0.9074676400744303,0.6347555054100882,0.2056883371137353,0.15955615747617657,H
2025-04-06,Premier League,Tottenham,Southampton,2.2191161261931986,0.733260042805888,0.7127375854557871,0.17867492359016457,0.1085874909540483,H
2025-04-06,La Liga,Villarreal,Ath Bilbao,1.3300576001892066,1.3599573171624977,0.363747819986363,0.2587022880431328,0.37754989197050426,D
2025-04-06,Premier League,Fulham,Liverpool,0.9774330976745135,1.983142815498274,0.1798002167004169,0.21267641033353424,0.6075233729660489,H
2025-04-06,Ligue 1,Marseille,Toulouse,1.7215720278012454,1.1852451124232568,0.499395292964474,0.23772916117300136,0.26287554586252476,H
2025-04-06,La Liga,Las Palmas,Sociedad,1.1251522369305045,1.462875976524315,0.2910336535109475,0.2601374291724607,0.44882891731659175,A
2025-04-06,La Liga,Sevilla,Ath Madrid,1.0583430802522595,1.6690567509725844,0.24048110600729802,0.2431020505524815,0.5164168434402205,A
2025-04-06,Serie A,Roma,Juventus,1.416617328943587,1.1656901897882765,0.42756619511654237,0.26247751820207893,0.30995628668137876,D
2025-04-06,Premier League,Man United,Man City,1.1762387752917882,1.6002255607008804,0.28040721346491226,0.24758382085510708,0.4720089656799807,D
2025-04-06,Ligue 1,Reims,Strasbourg,1.119596140854814,1.4149097085688271,0.298124979641046,0.2643555551980466,0.4375194651609075,A
2025-04-06,Bundesliga,St Pauli,M'gladbach,1.231226689334128,1.4069767000243474,0.32889650416713184,0.2604869208215345,0.4106165750113337,D
2025-04-06,La Liga,Valladolid,Getafe,1.1126970191100065,1.5198671596811792,0.27796956423930236,0.2556339761288303,0.4663964596318672,A
2025-04-06,Ligue 1,Montpellier,Le Havre,1.3551169387804354,1.2633877399553577,0.3901683436050263,0.26249613385720755,0.34733552253776623,A
2025-04-06,Serie A,Empoli,Cagliari,1.2723023576847396,1.2151194503633775,0.37829925540197545,0.2707123243047628,0.35098842029326177,D
2025-04-06,Serie A,Lecce,Venezia,1.3812121937127988,1.01574210470951,0.4526374182346269,0.27105962982094883,0.2763029519444242,D
2025-04-06,Ligue 1,Rennes,Auxerre,1.5564773966440826,1.0996597741775402,0.478736280837416,0.2527350004868134,0.26852871867577066,A
2025-04-06,Serie A,Atalanta,Lazio,1.7497190928348374,1.0519010268592874,0.5372654149909403,0.2356879045800358,0.22704668042902393,A
2025-04-06,Serie A,Torino,Verona,1.7443327607146575,0.8789832783130838,0.5784383646545987,0.2344678386477259,0.18709379669767542,D
2025-04-06,Premier League,Brentford,Chelsea,1.2792922707411944,1.40182074101434,0.34236197033765764,0.25866640790052925,0.3989716217618131,D
2025-04-06,Bundesliga,Union Berlin,Wolfsburg,1.3072926935795628,1.2390630628421833,0.382645963416582,0.26696350687731174,0.35039052970610624,H
2025-04-07,Serie A,Bologna,Napoli,1.5192424488298433,1.275341121864284,0.4297446968517183,0.25095673961448295,0.3192985635337988,D
2025-04-07,Premier League,Leicester,Newcastle,0.9017009095280022,1.799630726516218,0.18539796306073983,0.22904054290306627,0.5855614940361938,A
2025-04-07,La Liga,Leganes,Osasuna,1.3695667508893772,1.2823714348110642,0.3899472887003364,0.2605970710171661,0.34945564028249754,D
2025-04-11,Serie A,Udinese,Milan,1.1411621449709204,1.55208457149042,0.2797422113761868,0.2522502301886796,0.46800755843513364,A
2025-04-11,La Liga,Valencia,Sevilla,1.5158041140660623,1.109766330108834,0.4660362664458842,0.256054484904228,0.2779092486498877,H
2025-04-11,Bundesliga,Wolfsburg,RB Leipzig,1.1189855727228926,1.4441894890484126,0.2927271201463445,0.26190947215504495,0.44536340769861055,A
2025-04-11,Ligue 1,Lens,Reims,1.7572568561301551,0.8918638485459295,0.5782249091790979,0.23331079297851054,0.18846429784239152,A
2025-04-12,Premier League,Man City,Crystal Palace,1.8494477388432904,0.9512767826199382,0.5846229456185104,0.22497391795217844,0.19040313642931114,H
2025-04-12,Ligue 1,Toulouse,Lille,1.3315976265545288,1.4624746229946248,0.3440639451611594,0.2524997608582618,0.40343629398057873,A
2025-04-12,Premier League,Arsenal,Brentford,2.0720821490722834,0.7873942246256387,0.6720046997685983,0.19658364284723062,0.13141165738417093,D
2025-04-12,Premier League,Nott'm Forest,Everton,1.5824276201017404,1.0367197506925254,0.5001725928355804,0.2513448101919861,0.24848259697243366,A
2025-04-12,Ligue 1,Strasbourg,Nice,1.493426750096574,1.1976480399662695,0.4403130630635169,0.25539346484246833,0.30429347209401486,D
2025-04-12,Bundesliga,Hoffenheim,Mainz,1.2174022641527569,1.4181783077430221,0.3231830528901533,0.2602737789240054,0.4165431681858413,H
2025-04-12,Bundesliga,Bayern Munich,Dortmund,2.1962241686467023,1.0242978311532558,0.6398574257671181,0.19487098575124553,0.1652715884816363,D
2025-04-12,Premier League,Brighton,Leicester,2.109034520098023,0.7594755074170598,0.686023573096157,0.1913354113293581,0.1226410155744849,D
2025-04-12,Bundesliga,M'gladbach,Freiburg,1.5853588393649516,1.1433540210945456,0.4758495738835355,0.24943496269245177,0.2747154634240128,A
2025-04-12,Premier League,Southampton,Aston Villa,0.831166509805486,2.1242200400732427,0.13504794945734325,0.19344735735164267,0.671504693191014,A
2025-04-12,La Liga,Getafe,Las Palmas,1.8401484511943185,0.9230458377833496,0.5894710699090823,0.22532042482634287,0.18520850526457502,A
2025-04-12,Bundesliga,Bochum,Augsburg,1.1716994626113024,1.3886185601438858,0.316733694931722,0.2644143095801607,0.4188519954881173,A
2025-04-12,La Liga,Leganes,Barcelona,0.9004215284925949,2.5165989730101823,0.1135079842764207,0.161537346490712,0.7249546692328672,A
2025-04-12,La Liga,Sociedad,Mallorca,1.6241715002510078,1.0734695961153078,0.5018195742501999,0.24708430323515287,0.25109612251464725,A
2025-04-12,Bundesliga,Leverkusen,Union Berlin,2.5879226189060973,0.7500989594557692,0.7685887241701349,0.14605751325296565,0.08535376257689944,D
2025-04-12,Serie A,Inter,Cagliari,2.7569506190033026,0.6843278728076495,0.8054393831593613,0.12769102132006502,0.06686959552057377,H
2025-04-12,Serie A,Juventus,Lecce,2.2165892337236595,0.7605529785814098,0.705755169367393,0.18055147742144162,0.11369335321116542,H
2025-04-12,Serie A,Venezia,Monza,1.392278865790325,1.0233643871889473,0.45382448206485804,0.26973860114150505,0.2764369167936369,H
2025-04-12,Ligue 1,Monaco,Marseille,1.7011372491625465,1.1363462155058701,0.5057958597627704,0.2398070179862402,0.25439712225098937,H
2025-04-12,La Liga,Celta,Espanol,1.5761751430346769,1.0812118600479077,0.4880294549448498,0.2513090313064652,0.260661513748685,A
2025-04-12,Bundesliga,Holstein Kiel,St Pauli,1.3277958608276814,1.2114549691243788,0.3940023436513511,0.2670410162281125,0.3389566401205363,A
2025-04-13,Ligue 1,Angers,Montpellier,1.2597485129021346,1.1023017686514551,0.3993340984726102,0.2781480923497064,0.3225178091776835,H
2025-04-13,Ligue 1,St Etienne,Brest,1.0498213734616249,1.7172638698232474,0.23125851911186307,0.2386762975024441,0.5300651833856929,D
2025-04-13,Premier League,Newcastle,Man United,1.7346630998082477,1.082000676870925,0.5265449586978812,0.23709894820850355,0.2363560930936153,H
2025-04-13,Serie A,Verona,Genoa,1.2153212535693358,1.2125184061784287,0.363304493840933,0.2747439504488328,0.36195155571023424,D
2025-04-13,Premier League,Chelsea,Ipswich,2.091918054389785,0.8007675464360289,0.6726128955720982,0.19520949340667007,0.1321776110212317,D
2025-04-13,Bundesliga,Stuttgart,Werder Bremen,1.8368604620384286,1.173306436132492,0.529010855312605,0.22844859738408896,0.242540547303306,A
2025-04-13,Serie A,Fiorentina,Parma,2.173201525204907,0.7704192244745296,0.6954488111327258,0.1854205515807952,0.119130637286479,D
2025-04-13,La Liga,Ath Bilbao,Vallecano,1.7247429485790098,0.895322434287256,0.5697147287560339,0.23682241202580154,0.19346285921816464,H
2025-04-13,La Liga,Osasuna,Girona,1.4097684957452103,1.2419173600373958,0.4090296661253135,0.2598229902953078,0.33114734357937875,H
2025-04-13,Ligue 1,Auxerre,Lyon,1.1493541131321243,1.528580969952033,0.2858223267698117,0.25399761060648235,0.4601800626237059,A
2025-04-13,Serie A,Como,Torino,1.3048500368756724,1.3518177852363975,0.35883361642480427,0.2605340279905437,0.380632355584652,H
2025-04-13,Premier League,Wolves,Tottenham,1.3393840137077224,1.236779924964213,0.3916647214670764,0.2649191534657218,0.34341612506720176,H
2025-04-13,Bundesliga,Ein Frankfurt,Heidenheim,1.8483326121622894,0.9067341980625354,0.5953448038425116,0.22411647551365116,0.18053872064383722,H
2025-04-13,Serie A,Atalanta,Bologna,1.4212143708412859,1.3027682578129485,0.3990030321838389,0.2563394825391019,0.34465748527705914,H
2025-04-13,Serie A,Lazio,Roma,1.4171058689277984,1.1728975728831177,0.4260859370677302,0.26215712883574877,0.3117569340965211,D
2025-04-13,Ligue 1,Le Havre,Rennes,1.4175971909080824,1.4254076929402406,0.37294376183169137,0.25059394952484726,0.3764622886434613,A
2025-04-13,La Liga,Alaves,Real Madrid,0.8821138781426747,2.0244367175949773,0.1552211992770923,0.20555008573101005,0.6392287149918976,A
2025-04-13,La Liga,Betis,Villarreal,1.498930474484196,1.1233055187085905,0.45857824287354615,0.25715050928840955,0.2842712478380443,A
2025-04-13,Premier League,Liverpool,West Ham,2.4955324835136663,0.7479497245019252,0.7552133522270017,0.15381326139097298,0.09097338638202535,H
2025-04-14,La Liga,Ath Madrid,Valladolid,2.728281095087648,0.6338107391318201,0.812057399265716,0.1260860317348862,0.061856568999397815,H
2025-04-14,Premier League,Bournemouth,Fulham,1.461166946148425,1.3636744551997573,0.39642090585792084,0.251185443139139,0.3523936510029401,H
2025-04-14,Serie A,Napoli,Empoli,2.245651976958967,0.6947974664181256,0.7266084157326358,0.17360893454311588,0.09978264972424829,H
2025-04-16,Premier League,Newcastle,Crystal Palace,1.8137545325822617,1.0856472282616971,0.5441556332247308,0.23006868210512696,0.22577568467014228,H
2025-04-18,Ligue 1,Rennes,Nantes,1.708175468424373,1.0408362537364055,0.5300450103080575,0.2395157825449842,0.2304392071469583,H
2025-04-18,La Liga,Espanol,Getafe,1.5261900850766863,1.2088481493022774,0.44613366398253174,0.25255735508444405,0.30130898093302416,H
2025-04-19,Premier League,Brentford,Brighton,1.3775043859473508,1.2523959250609324,0.3983687946708879,0.2615529528226271,0.340078252506485,H
2025-04-19,Serie A,Monza,Napoli,0.8083020855707133,2.2038362169227192,0.12348909307892868,0.18447693355617945,0.6920339733648919,A
2025-04-19,Serie A,Lecce,Como,1.2461528149454866,1.3732412586485823,0.3392707905298114,0.2621429082916406,0.39858630117854804,A
2025-04-19,Premier League,Everton,Man City,1.023213863388442,1.7659982692723093,0.2180025506023443,0.2340224750021927,0.5479749743954629,A
2025-04-19,La Liga,Mallorca,Leganes,1.6406458977830312,1.0436460151235674,0.5129844674724636,0.24581471834973104,0.24120081417780537,D
2025-04-19,Serie A,Roma,Verona,1.8151954475111218,0.795689375393961,0.6158684534965404,0.22463816943801102,0.1594933770654485,H
2025-04-19,Bundesliga,Union Berlin,Stuttgart,1.2911834118643013,1.4101753701040363,0.3438147772275618,0.2575741016565181,0.3986111211159201,D
2025-04-19,Bundesliga,Werder Bremen,Bochum,2.0473231900170394,0.8981376340137991,0.6400222689810795,0.20390603483006037,0.15607169618886008,H
2025-04-19,La Liga,Las Palmas,Ath Madrid,0.9616183898167756,2.0914755979488673,0.1642005931389169,0.20203642247946618,0.6337629843816169,H
2025-04-19,Premier League,West Ham,Southampton,2.0291343463237,0.7829737968954595,0.6645630129413208,0.20084278992962862,0.13459419712905066,D
2025-04-19,Bundesliga,Freiburg,Hoffenheim,1.6416568462307926,1.0556139266610818,0.5103721816254214,0.24564069784593573,0.24398712052864271,H
2025-04-19,La Liga,Vallecano,Valencia,1.3683270012543058,1.2327858353321173,0.40016111471301086,0.2631261735831393,0.3367127117038499,D
2025-04-19,Premier League,Crystal Palace,Bournemouth,1.522854458194132,1.2435866966314835,0.43759330730572077,0.2517435023810626,0.3106631903132167,D
2025-04-19,La Liga,Barcelona,Celta,2.538929606592768,0.7544108730905037,0.760392741165067,0.15049825212649298,0.08910900670844006,H
2025-04-19,Bundesliga,Mainz,Wolfsburg,1.6388655393772602,1.0838152544249602,0.5029924682622576,0.24566048444585278,0.25134704729188956,D
2025-04-19,Bundesliga,Heidenheim,Bayern Munich,0.8564159977466473,2.25649270956427,0.12766507207996144,0.18201683288584633,0.6903180950341922,A
2025-04-19,Premier League,Aston Villa,Newcastle,1.5009592320215097,1.438551204377582,0.39099148043850523,0.24571231561965684,0.3632962039418379,H
2025-04-19,Ligue 1,Monaco,Strasbourg,1.738324629579028,1.0976705714370885,0.5237111854921139,0.23676281343557137,0.2395260010723147,D
2025-04-19,Ligue 1,Marseille,Montpellier,2.0897521900297598,0.7827249860748368,0.6766060506870883,0.19453165591960334,0.12886229339330832,H
2025-04-19,Bundesliga,RB Leipzig,Holstein Kiel,2.272792029719499,0.7675642521576648,0.7140955271759538,0.1754999842425835,0.11040448858146272,D
2025-04-19,Ligue 1,Paris SG,Le Havre,3.967739060454242,0.6091284552207844,0.9225456518405902,0.055025387610875755,0.022428960548534067,H
2025-04-20,Bundesliga,Dortmund,M'gladbach,1.840236699711628,1.073089981980971,0.5531871405548197,0.22761296259885352,0.21919989684632682,H
2025-04-20,La Liga,Real Madrid,Ath Bilbao,1.8463502059305712,0.9869661456007934,0.5752254841703104,0.2259288578739039,0.19884565795578563,H
2025-04-20,La Liga,Villarreal,Sociedad,1.6333374316529177,1.045291190759287,0.5107916067338597,0.2464861439720225,0.2427222492941178,D
2025-04-20,La Liga,Sevilla,Alaves,1.4530087928068365,1.0081891138686736,0.473658108097997,0.264292648658409,0.2620492432435939,D
2025-04-20,Premier League,Man United,Wolves,1.5807433356388694,1.0866861277456945,0.48788758537177757,0.2508150390659271,0.2612973755622953,A
2025-04-20,Ligue 1,Brest,Lens,1.61706760130246,1.0597394351263396,0.503321713715065,0.24786992111643155,0.2488083651685034,A
2025-04-20,Ligue 1,Nice,Angers,2.119695873424401,0.7685506881806962,0.6858408081071402,0.1907265128801052,0.12343267901275459,H
2025-04-20,Ligue 1,Lille,Auxerre,1.761046747891025,0.8895524553279825,0.5796877751373204,0.23286778567319857,0.18744443918948098,H
2025-04-20,Bundesliga,St Pauli,Leverkusen,0.9159497323491259,2.0065633954294047,0.16416576407905295,0.20853411003228087,0.6273001258886662,D
2025-04-20,Serie A,Bologna,Inter,1.2687848076661938,1.6920059810651562,0.28758265412087497,0.23890605915903537,0.47351128672008974,H
2025-04-20,Premier League,Ipswich,Arsenal,0.8693366860834933,2.129079692905105,0.14198943893377544,0.19475086221166005,0.6632596988545645,A
2025-04-20,Serie A,Milan,Atalanta,1.603219115593172,1.3092957629113127,0.44316636616848126,0.24421308555046173,0.31262054828105706,A
2025-04-20,La Liga,Valladolid,Osasuna,1.0859273197789259,1.508157332141408,0.27308337020262813,0.25729163739547184,0.46962499240190003,A
2025-04-20,Premier League,Leicester,Liverpool,0.7045898094398733,2.585103007879163,0.0789444802213913,0.14308359758219166,0.7779719221964171,A
2025-04-20,Premier League,Fulham,Chelsea,1.3427725719212351,1.264945438499614,0.38659504436395803,0.2632204416456762,0.35018451399036576,A
2025-04-20,Ligue 1,Reims,Toulouse,1.4382465057973937,1.204672885617388,0.4245525323040869,0.2593088147003025,0.3161386529956106,H
2025-04-20,Serie A,Empoli,Venezia,1.3027889736361147,1.0271976131554215,0.42840986072916964,0.2781118801289295,0.2934782591419008,D
2025-04-20,Bundesliga,Augsburg,Ein Frankfurt,1.2863824424600563,1.3212484370143716,0.3601347042720222,0.26341534220639745,0.3764499535215803,D
2025-04-20,Ligue 1,St Etienne,Lyon,1.0376641810392095,2.011469200667183,0.18917657583416006,0.21163398860172242,0.5991894355641175,H
2025-04-21,La Liga,Girona,Betis,1.2623120913893935,1.3958235480182493,0.3391185470684683,0.25985301727102195,0.4010284356605097,A
2025-04-21,Premier League,Tottenham,Nott'm Forest,1.3984046991413812,1.3257474214802423,0.3883465483595419,0.2566547409511779,0.3549987106892803,A
2025-04-22,La Liga,Valencia,Espanol,1.4285261255379516,1.1230551439028693,0.44032183206657177,0.2630892849741256,0.29658888295930264,D
2025-04-22,Premier League,Man City,Aston Villa,1.8984595105448858,1.1444191807337358,0.5495956498277187,0.2232178355985033,0.22718651457377792,H
2025-04-22,Ligue 1,Nantes,Paris SG,0.7901333289541193,2.756905600635989,0.08078887481096221,0.13526504335148457,0.7839460818375532,D
2025-04-22,La Liga,Barcelona,Mallorca,2.551245630154014,0.7596792148884457,0.7610925943027999,0.1498058413893627,0.08910156430783737,H
2025-04-23,Serie A,Cagliari,Fiorentina,1.0686205583758728,1.563247606043097,0.2595784425739408,0.2526772419147028,0.48774431551135633,A
2025-04-23,La Liga,Ath Bilbao,Las Palmas,1.9578966174854993,0.8076559026015667,0.643800676437113,0.20946061187614085,0.1467387116867462,H
2025-04-23,Serie A,Genoa,Lazio,1.1441479604488853,1.348982416349425,0.31684204372546687,0.26874778741455846,0.41441016885997467,A
2025-04-23,La Liga,Alaves,Sociedad,1.22182372137476,1.3882907369838995,0.32999511994418723,0.2622328750529525,0.40777200500286026,H
2025-04-23,La Liga,Getafe,Real Madrid,0.9700807731670658,1.9481310148391238,0.18240172180299444,0.21580469960947965,0.6017935785875259,A
2025-04-23,Serie A,Torino,Udinese,1.5976649751520628,0.9924385824458957,0.5146922070022406,0.25028130571233365,0.23502648728542572,H
2025-04-23,Premier League,Arsenal,Crystal Palace,2.2826003571352587,0.8155634408939769,0.7045659860799225,0.17735989346126932,0.11807412045880815,D
2025-04-23,La Liga,Celta,Villarreal,1.2573157888854085,1.4340484283036463,0.33052691334898165,0.25748533485694797,0.4119877517940705,H
2025-04-23,Serie A,Parma,Juventus,0.9018757731127909,1.7753776888613262,0.18848989596589324,0.23157773594239325,0.5799323680917136,H
2025-04-24,La Liga,Osasuna,Sevilla,1.4828595677021381,1.0969630348565789,0.4605193828779291,0.25924416634811204,0.28023645077395887,H
2025-04-24,La Liga,Ath Madrid,Vallecano,2.254561401257999,0.8760827462616307,0.6853660453884187,0.18320403181069886,0.13142992280088245,H
2025-04-24,La Liga,Betis,Valladolid,2.5453168303859117,0.7328594915173934,0.7660507627244258,0.1484695298911143,0.08547970738445988,H
2025-04-24,La Liga,Leganes,Girona,1.3520648679076361,1.263666933639857,0.3893079466145279,0.26268157051932933,0.3480104828661428,D
2025-04-25,Ligue 1,Paris SG,Nice,2.5392928667021395,0.8738728891371429,0.734379044268397,0.15809504602492871,0.10752590970667439,A
2025-04-25,Bundesliga,Stuttgart,Heidenheim,2.198698933153454,0.9002660203289989,0.6692815640122878,0.18955275190415502,0.14116568408355723,A
2025-04-26,Bundesliga,Holstein Kiel,M'gladbach,1.194916289533679,1.504372623789875,0.3016440840392253,0.25464085455046653,0.4437150614103082,H
2025-04-26,Premier League,Southampton,Fulham,0.9444268141176417,1.7825706946009356,0.19741746055944576,0.2315401779066422,0.5710423615339121,A
2025-04-26,Premier League,Wolves,Leicester,1.8996220777716737,0.8276349265559965,0.6263848414830651,0.2164303175929032,0.15718484092403176,H
2025-04-26,Bundesliga,Wolfsburg,Freiburg,1.3722109774048818,1.3601715297105301,0.37456137902853076,0.2563968738291298,0.3690417471423394,A
2025-04-26,Ligue 1,Le Havre,Monaco,1.0368688544406375,1.9140281627524984,0.20122521909390909,0.22044515790006722,0.5783296230060236,D
2025-04-26,Bundesliga,Bayern Munich,Mainz,2.5325587814661414,0.8688010975443329,0.7344201009048071,0.1583520155041481,0.10722788359104483,H
2025-04-26,Premier League,Newcastle,Ipswich,2.6801059892327803,0.8042822213103724,0.7703781707544346,0.1422231019346085,0.08739872731095691,H
2025-04-26,Premier League,Chelsea,Everton,1.6359131817939485,0.9516896502249089,0.5341936583174746,0.24654683537611435,0.21925950630641097,H
2025-04-26,Ligue 1,Lyon,Rennes,1.9534893324692264,1.1329722292913955,0.5644023227196896,0.2184820314032505,0.21711564587705992,H
2025-04-26,Ligue 1,Strasbourg,St Etienne,2.092084303191136,0.8715386568592077,0.6554573596182882,0.19844879405341717,0.14609384632829459,H
2025-04-26,Bundesliga,Ein Frankfurt,RB Leipzig,1.3743256823129892,1.302839592695908,0.3868998974557699,0.2592627088367991,0.35383739370743106,H
2025-04-26,Bundesliga,Hoffenheim,Dortmund,1.1933996949505417,1.679442232727042,0.2715557783846925,0.240995267178301,0.48744895443700653,A
2025-04-26,Premier League,Brighton,West Ham,1.705432620738711,1.1420769198049858,0.5054938920847306,0.23940318874306962,0.2551029191721999,H
2025-04-26,Bundesliga,Leverkusen,Augsburg,2.254743110056745,0.7958018458555834,0.7042443831562225,0.17887917722254493,0.11687643962123247,H
2025-04-27,Serie A,Juventus,Monza,2.34470861666878,0.660045344331579,0.7513942466560901,0.16153967488325646,0.0870660784606534,H
2025-04-27,Serie A,Inter,Roma,1.9416715452363553,0.9408282975673373,0.607490850585136,0.21564893782089364,0.17686021159397047,A
2025-04-27,Serie A,Como,Genoa,1.4942095971020097,1.0575288093485562,0.47269730861358233,0.2592130387234904,0.26808965266292734,H
2025-04-27,Ligue 1,Montpellier,Reims,1.0757904801836762,1.40198094929129,0.2888012607066287,0.2670475142370967,0.4441512250562746,D
2025-04-27,Ligue 1,Marseille,Brest,1.7792938972903247,1.2758862185386202,0.49250422840027214,0.23247046100678634,0.27502531059294155,H
2025-04-27,La Liga,Villarreal,Espanol,1.655046909384181,1.0450144577101321,0.516186900294046,0.24446272887949091,0.23935037082646293,H
2025-04-27,Bundesliga,Werder Bremen,St Pauli,1.6998139484003014,1.0321532549990187,0.5301254334180628,0.2402963900624454,0.22957817651949183,D
2025-04-27,Premier League,Bournemouth,Man United,1.433606929564391,1.1484780598226343,0.43588633038994007,0.2617680576464287,0.30234561196363113,D
2025-04-27,Ligue 1,Lens,Auxerre,1.6402939147720041,0.948846994087145,0.5359755222683998,0.246093471058479,0.21793100667312115,A
2025-04-27,Ligue 1,Nantes,Toulouse,1.4989426395500032,1.2233962995738352,0.4359983282925876,0.25413977387993886,0.3098618978274734,D
2025-04-27,Serie A,Fiorentina,Empoli,2.0723802810317795,0.7733476210538989,0.6755199086412205,0.19585227796498522,0.1286278133937943,H
2025-04-27,Serie A,Venezia,Milan,0.9443864237534031,1.8002136690289392,0.1951165716331255,0.2297618722100369,0.5751215561568377,A
2025-04-27,Ligue 1,Angers,Lille,0.8858825712308843,1.843361204286382,0.17646531059898468,0.22412222571679705,0.5994124636842183,A
2025-04-27,Bundesliga,Bochum,Union Berlin,1.16538195025356,1.4797922300969242,0.2984517984924621,0.2574880748386175,0.44406012666892036,D
2025-04-27,Serie A,Atalanta,Lecce,2.205680218682205,0.7021408485942611,0.7178186331381007,0.17809807913581258,0.1040832877260868,D
2025-04-27,Serie A,Napoli,Torino,1.8615350340707126,0.8861028021271422,0.6034134850334686,0.2222363727869664,0.17435014217956502,H
2025-04-27,Premier League,Liverpool,Tottenham,2.5380905324561724,0.7706873752532208,0.7567100764767256,0.15166674908732386,0.09162317443595044,H
2025-04-28,Serie A,Udinese,Bologna,0.990690890051176,1.7240738963476672,0.21619344431657622,0.23783880121041714,0.5459677544730067,D
2025-04-28,Serie A,Lazio,Parma,2.0430614919356933,0.7610596495196208,0.6727818311874677,0.19830831569161478,0.1289098531209175,D
2025-04-28,Serie A,Verona,Cagliari,1.3376247196658126,1.0567540409090315,0.4311627182238015,0.27358393819073346,0.29525334358546507,A
2025-05-01,Premier League,Nott'm Forest,Brentford,1.6012353721856247,1.150049023184449,0.47825662705660094,0.24799381701967374,0.2737495559237253,A
2025-05-02,Ligue 1,Nice,Reims,1.9066216246313534,0.942589345582946,0.5994425241389596,0.21913342769132543,0.18142404816971489,H
2025-05-02,Serie A,Torino,Venezia,1.7868972127830096,0.8472813774775462,0.5963130464480824,0.2291987226893709,0.17448823086254675,D
2025-05-02,Premier League,Man City,Wolves,2.3284852736048407,0.8311677715044965,0.7090005037659353,0.17398962580007699,0.11700987043398779,H
2025-05-02,La Liga,Vallecano,Getafe,1.4095772136844524,1.2306626912824041,0.41141609929822986,0.26032730535085125,0.328256595350919,H
2025-05-02,Bundesliga,Heidenheim,Bochum,1.4449268653814191,1.0111756478388798,0.4708035158545127,0.26500722407781696,0.26418926006767035,D
2025-05-03,Bundesliga,Dortmund,Wolfsburg,2.188728488294216,0.9630934269124136,0.6526293287363959,0.19318620054892272,0.15418447071468133,H
2025-05-03,Ligue 1,Strasbourg,Paris SG,1.132100070433816,1.9280576350357632,0.220367628333462,0.2206107627503124,0.5590216089162257,H
2025-05-03,La Liga,Alaves,Ath Madrid,0.9306591473325285,1.7980035666034564,0.1922467671640518,0.22975252761433096,0.5780007052216173,D
2025-05-03,Premier League,Arsenal,Bournemouth,2.253666075927801,0.8448929217690503,0.692504363320626,0.18167618393235033,0.12581945274702358,A
2025-05-03,Bundesliga,RB Leipzig,Bayern Munich,1.20194911346081,1.9182503827920365,0.23719817587366682,0.22202281163526214,0.540779012491071,D
2025-05-03,Serie A,Inter,Verona,2.520524941212755,0.6566699328160288,0.779088278218002,0.14513099703039384,0.07578072475160418,H
2025-05-03,Ligue 1,St Etienne,Monaco,1.0160390945118911,1.8982761552786958,0.1986498410295141,0.22152187083500488,0.579828288135481,A
2025-05-03,Bundesliga,M'gladbach,Hoffenheim,1.7007798641937777,1.1778843779930068,0.49612046151580946,0.2394717010309431,0.2644078374532475,D
2025-05-03,La Liga,Las Palmas,Valencia,1.1854130503365525,1.2852481341624629,0.3403413088256155,0.2715100314930527,0.38814865968133183,A
2025-05-03,La Liga,Valladolid,Barcelona,0.7375440921192504,2.8817275534367,0.06728734645367847,0.12224504853699109,0.8104676050093305,A
2025-05-03,Ligue 1,Toulouse,Rennes,1.3901411488397988,1.4082302283838568,0.36945753605912457,0.2528787807385442,0.37766368320233124,H
2025-05-03,Serie A,Parma,Como,1.1485510820299973,1.3483253406176967,0.318149315251327,0.2685968004472306,0.4132538843014424,A
2025-05-03,Premier League,Everton,Ipswich,1.6932399094826276,0.8964882574772229,0.561908302746767,0.2402040651894501,0.1978876320637829,D
2025-05-03,Premier League,Leicester,Southampton,1.5219595326721551,0.9892400780370924,0.4962373943458382,0.25784414906887426,0.24591845658528763,H
2025-05-03,La Liga,Villarreal,Osasuna,1.5926458168064348,1.0120121650930207,0.5086846817788213,0.2506211862677536,0.2406941319534251,H
2025-05-03,Serie A,Lecce,Napoli,0.8170851542929221,2.0719944668420482,0.13727817277029858,0.19801478231427103,0.6647070449154304,A
2025-05-03,Bundesliga,Union Berlin,Werder Bremen,1.3671315340329355,1.2221177676978188,0.40214397602814717,0.26372245900070673,0.33413356497114605,D
2025-05-03,Premier League,Aston Villa,Fulham,1.9629570843637318,1.0366479574833132,0.5890585061553877,0.21598777924536783,0.19495371459924443,H
2025-05-03,Bundesliga,St Pauli,Stuttgart,1.29222055779919,1.4502574358549873,0.3364002017108982,0.2549373808404593,0.4086624174486426,A
2025-05-03,Serie A,Cagliari,Udinese,1.39540520695984,1.1138154034007715,0.4336622131704298,0.2662150148783803,0.30012277195119,A
2025-05-04,Serie A,Bologna,Juventus,1.3095237279701923,1.2075779885664302,0.38994154693639993,0.26854204553610234,0.34151640752749785,D
2025-05-04,La Liga,Sevilla,Leganes,1.466511549116165,1.0651599158820295,0.46368803628960126,0.2615588641374629,0.27475309957293587,D
2025-05-04,Premier League,Brentford,Man United,1.5571257309097821,1.0750404347470894,0.4846798020610434,0.2531248393338299,0.2621953586051267,H
2025-05-04,Bundesliga,Mainz,Ein Frankfurt,1.271524146036354,1.420702331542646,0.33672427144459943,0.2577751362199782,0.40550059233542235,D
2025-05-04,Premier League,Brighton,Newcastle,1.3797542130816438,1.7884020102750806,0.2975913843902485,0.23053309993839646,0.47187551567135505,D
2025-05-04,Premier League,Chelsea,Liverpool,1.1172945741938949,1.7003763552981792,0.2499441162709745,0.2399991316865911,0.5100567520424345,H
2025-05-04,Ligue 1,Lille,Marseille,1.6883640776443973,1.2737930802496722,0.47153017038995715,0.23908271378780033,0.2893871158222425,D
2025-05-04,La Liga,Espanol,Betis,1.23196955370066,1.5215377945074995,0.30797208744882115,0.25220437965640724,0.4398235328947715,A
2025-05-04,La Liga,Sociedad,Ath Bilbao,1.2060228933646937,1.376606599028051,0.32806969527663926,0.263796387547606,0.4081339171757547,D
2025-05-04,Ligue 1,Auxerre,Le Havre,1.7533225070155065,1.0103377423052327,0.548111987417762,0.2351366669583611,0.21675134562387682,A
2025-05-04,Ligue 1,Brest,Montpellier,2.230183056754725,0.8355618019831844,0.690414318683645,0.1833987730404179,0.12618690827593707,H
2025-05-04,Serie A,Monza,Atalanta,0.7862165598715516,1.9471688335881963,0.1433431718699057,0.20972775380570244,0.6469290743243918,A
2025-05-04,Bundesliga,Augsburg,Holstein Kiel,1.6914329029862147,0.9910561337996973,0.5380633835749291,0.24103830928027767,0.2208983071447933,A
2025-05-04,Serie A,Empoli,Lazio,0.952047353881938,1.7671642631129472,0.201215953872332,0.23319893300136885,0.5655851131262992,A
2025-05-04,Bundesliga,Freiburg,Leverkusen,1.0855734991231074,1.7390459689720354,0.23655528022285624,0.23670701439041525,0.5267377053867286,D
2025-05-04,Serie A,Roma,Fiorentina,1.47823283165496,1.0855693318047008,0.4619694112280949,0.25995845690635083,0.27807213186555424,H
2025-05-04,Ligue 1,Nantes,Angers,1.6830822715002507,0.9300862302593943,0.5510629235638541,0.24158188808725686,0.2073551883488891,A
2025-05-04,La Liga,Real Madrid,Celta,2.2749706286169387,0.8274395502173317,0.7004310278838605,0.17873731268124454,0.12083165943489486,H
2025-05-04,Ligue 1,Lyon,Lens,1.913634494784978,1.0395308959637093,0.5776087490526045,0.220528222342276,0.2018630286051195,A
2025-05-04,Premier League,West Ham,Tottenham,1.523637869487864,1.2594085819618726,0.4343197469993301,0.2511796432904934,0.31450060971017646,D
2025-05-05,Serie A,Genoa,Milan,1.0341803201166835,1.5975831701976084,0.24547956052776726,0.24994034956088867,0.5045800899113441,A
2025-05-05,La Liga,Girona,Mallorca,1.4029249286685557,1.1663713705214571,0.4238130583620537,0.26352379578352675,0.3126631458544196,H
2025-05-05,Premier League,Crystal Palace,Nott'm Forest,1.464055964694809,1.2232352140118419,0.42712300751176174,0.25670461641808795,0.31617237607015036,D
2025-05-09,La Liga,Las Palmas,Vallecano,1.3301900407636043,1.2154656853516714,0.3937796172127586,0.2666631014765795,0.3395572813106619,A
2025-05-09,Bundesliga,Wolfsburg,Hoffenheim,1.5529226750441816,1.3089578467630847,0.4308716898759606,0.2475758175604731,0.32155249256356633,D
2025-05-09,Serie A,Milan,Bologna,1.5492344216963057,1.1546054116351656,0.4642064858951987,0.25217697754442747,0.28361653656037383,H
2025-05-10,Serie A,Como,Cagliari,1.693775549744951,0.9361195195461921,0.5521417209200145,0.24051678147593736,0.20734149760404824,H
2025-05-10,Ligue 1,Brest,Lille,1.3500019443168592,1.5024069028469265,0.34109978240355454,0.24930847968811773,0.40959173790832776,H
2025-05-10,Ligue 1,Monaco,Lyon,1.65201813132701,1.240777469853969,0.4701290200647969,0.2423421776649183,0.28752880227028477,H
2025-05-10,Premier League,Wolves,Brighton,1.469383619208264,1.3302982823100644,0.4054525369274706,0.25212937721199774,0.3424180858605317,A
2025-05-10,Ligue 1,Reims,St Etienne,1.541701810833029,0.993236333396739,0.5003367448719034,0.2558226761106673,0.24384057901742934,A
2025-05-10,La Liga,Celta,Sevilla,1.688819808527941,1.1241400740431873,0.5056781974577422,0.24094565776735424,0.2533761447749035,H
2025-05-10,Premier League,Bournemouth,Aston Villa,1.2398980345449113,1.4608935428504792,0.3210298520877658,0.25630817415868495,0.42266197375354925,A
2025-05-10,Ligue 1,Montpellier,Paris SG,0.6817541954718856,2.4735793490432942,0.08228239605502363,0.15113623733813394,0.7665813666068425,A
2025-05-10,Ligue 1,Angers,Strasbourg,0.9403781348767527,1.6723353744372977,0.21133522231789567,0.24276007862735566,0.5459046990547487,H
2025-05-10,La Liga,Mallorca,Valladolid,1.923664346362532,0.8345086312076346,0.6298383431371251,0.21411525446366264,0.15604640239921233,H
2025-05-10,Ligue 1,Le Havre,Marseille,1.1182550122355899,1.8426007689204311,0.2291526242698218,0.22775431103585067,0.5430930646943275,A
2025-05-10,Premier League,Ipswich,Brentford,1.1302952883837316,1.7103921061815723,0.2515171145023912,0.23906273236326353,0.5094201531343452,A
2025-05-10,Serie A,Lazio,Juventus,1.393909606230729,1.2473893285030884,0.4037242059914727,0.26067256926330223,0.3356032247452251,D
2025-05-10,La Liga,Ath Madrid,Sociedad,1.992486595846099,0.902832923859635,0.627548586720545,0.2094700072221123,0.16298140605734265,H
2025-05-10,Ligue 1,Rennes,Nice,1.2972398560076337,1.5488984270928947,0.3193770625710493,0.24822090430896937,0.43240203311998127,H
2025-05-10,La Liga,Valencia,Getafe,1.602176671726161,1.0466438429209124,0.5027423984640395,0.2493816825155095,0.24787591902045109,H
2025-05-10,Bundesliga,Werder Bremen,RB Leipzig,1.310069395645345,1.4074588377620632,0.349200161012542,0.25686026829409436,0.39393957069336366,D
2025-05-10,Ligue 1,Auxerre,Nantes,1.5917379831479648,1.063648081998582,0.49608541191725397,0.2501489207165147,0.25376566736623135,D
2025-05-10,Bundesliga,Bochum,Mainz,1.0811316285743202,1.4377939163020252,0.2839054396289763,0.26367960097159854,0.45241495939942517,A
2025-05-10,Bundesliga,Bayern Munich,M'gladbach,2.946823657767523,0.8978856309496852,0.7876179140287402,0.1285048995826719,0.08387718638858806,H
2025-05-10,Premier League,Fulham,Everton,1.5110266429482195,1.1005565921256988,0.46695030309834135,0.2566913698142983,0.27635832708736036,A
2025-05-10,Bundesliga,Holstein Kiel,Freiburg,1.2965558001043622,1.4924809873461524,0.32956328813295677,0.2519981787213734,0.41843853314566976,A
2025-05-10,Premier League,Southampton,Man City,0.6413101311398788,2.7402206501492667,0.062235289394762486,0.12572914286802342,0.8120355677372141,D
2025-05-10,La Liga,Girona,Villarreal,1.2283221805498308,1.4309360703436924,0.32362632245519746,0.25890328962962555,0.417470387915177,A
2025-05-10,Ligue 1,Toulouse,Lens,1.2718427304379925,1.3149976414624878,0.3575561165115696,0.2646236383978954,0.377820245090535,D
2025-05-10,Bundesliga,Union Berlin,Heidenheim,1.6723914543198806,0.9342628011583408,0.5474360340695548,0.24272098500332145,0.2098429809271238,A
2025-05-10,Serie A,Empoli,Parma,1.343863215210372,1.1241546879873536,0.4175022760694823,0.27007776706021,0.31241995687030777,H
2025-05-11,Premier League,Tottenham,Crystal Palace,1.5092034268340342,1.3279859032425676,0.41593319828910563,0.24973582369481168,0.3343309780160828,A
2025-05-11,La Liga,Betis,Osasuna,1.9847151001743348,1.01888460510662,0.5979521450340045,0.21360130022632548,0.1884465547396701,D
2025-05-11,Premier League,Man United,West Ham,1.6079253398618172,1.1750549875558505,0.4741829019059195,0.24698929494137778,0.2788278031527028,A
2025-05-11,Serie A,Torino,Inter,0.9900824412527426,1.758507335941306,0.21127812773022187,0.23447441972861371,0.5542474525411644,A
2025-05-11,Serie A,Udinese,Monza,1.7173149054324568,0.8391188984969798,0.5821803804825385,0.2367178735768658,0.18110174594059564,A
2025-05-11,Premier League,Nott'm Forest,Leicester,1.9376254197339515,0.8150467302357229,0.6376806752166555,0.21191060777797824,0.15040871700536632,D
2025-05-11,Bundesliga,Stuttgart,Augsburg,1.7772960474292092,1.0419986386447966,0.5460990535068434,0.23309357173739675,0.22080737475575984,H
2025-05-11,Premier League,Newcastle,Chelsea,1.728486088386808,1.2386559694252892,0.48891832757612863,0.23663929057246014,0.2744423818514112,H
2025-05-11,La Liga,Ath Bilbao,Alaves,1.7507052362020705,0.7977052721010159,0.6006269798324175,0.23202015609779855,0.16735286406978392,H
2025-05-11,La Liga,Leganes,Espanol,1.28276266475005,1.1670253180116175,0.39144724421539784,0.2727228715786493,0.33582988420595294,H
2025-05-11,Bundesliga,Ein Frankfurt,St Pauli,1.8521215723629918,0.8763182576522527,0.6037563588206936,0.22295831150233952,0.17328532967696683,D
2025-05-11,Serie A,Napoli,Genoa,2.1497950251897415,0.7289573388814158,0.7011600515300197,0.1854299014024937,0.11341004706748661,D
2025-05-11,Serie A,Verona,Lecce,1.3935184948208237,1.0115662713530216,0.45695828631685814,0.2700036219467216,0.2730380917364202,D
2025-05-11,Bundesliga,Leverkusen,Dortmund,1.860297815107883,1.1602537090104992,0.5373513884281305,0.22648779884964537,0.23616081272222414,A
2025-05-11,La Liga,Barcelona,Real Madrid,1.5376161997137414,1.2399400292298262,0.44210624687399497,0.25078737900923115,0.3071063741167739,H
2025-05-11,Premier League,Liverpool,Arsenal,1.84083068533443,1.3000368624018976,0.5013034317304929,0.22783572738448998,0.27086084088501716,D
2025-05-12,Serie A,Venezia,Fiorentina,0.9857563916228247,1.6331858214535526,0.22806014801713517,0.24678940864458163,0.5251504433382832,H
2025-05-12,Serie A,Atalanta,Roma,1.5094379330422925,1.1098849017696155,0.46437696737147915,0.25660071442213156,0.2790223182063892,H
2025-05-13,La Liga,Sociedad,Celta,1.4232665061208456,1.3202089492027307,0.3958661014590156,0.25541110309331927,0.3487227954476652,A
2025-05-13,La Liga,Sevilla,Las Palmas,1.603541580966513,1.026641084434018,0.5078796908238726,0.2494450918940467,0.24267521728208075,H
2025-05-13,La Liga,Valladolid,Girona,1.1308409969686368,1.6093839690652083,0.2676521955151891,0.24763468184494847,0.4847131226398625,A
2025-05-14,La Liga,Alaves,Valencia,1.1619385489094665,1.295868840583736,0.33186776158879483,0.2720080541433317,0.39612418426787344,H
2025-05-14,La Liga,Real Madrid,Mallorca,2.3373277072469225,0.7426603147638524,0.7309915288580894,0.16781988225827196,0.10118858888363857,H
2025-05-14,La Liga,Villarreal,Leganes,1.951256073139128,0.8996401256209421,0.619611121927796,0.21347382918598093,0.16691504888622305,H
2025-05-15,La Liga,Vallecano,Betis,1.1615307856329335,1.5845394005677313,0.2793835845426329,0.24914468696650022,0.4714717284908668,D
2025-05-15,La Liga,Osasuna,Ath Madrid,1.1376348163013095,1.7963650036406489,0.24029309071064972,0.23175854642663798,0.5279483628627123,H
2025-05-15,La Liga,Espanol,Barcelona,0.8964870123395987,2.1275968749278724,0.1474424964211738,0.19608653947655358,0.6564709641022726,A
2025-05-15,La Liga,Getafe,Ath Bilbao,0.9665932979475225,1.5727585366905295,0.2322875814790756,0.2529653784791983,0.5147470400417261,A
2025-05-16,Premier League,Aston Villa,Tottenham,2.145984891047816,0.8785519493087286,0.664336052091903,0.19353933617990085,0.14212461172819607,H
2025-05-16,Premier League,Chelsea,Man United,1.9107502178261042,0.9801376098414698,0.5912255042234721,0.21961816502047046,0.18915633075605734,H
2025-05-17,Bundesliga,St Pauli,Bochum,1.5956408967749183,0.945240233385148,0.5257764771541602,0.2507192583111878,0.22350426453465191,A
2025-05-17,Ligue 1,Lille,Reims,1.9261138716182447,0.826330450449201,0.6324071456802924,0.21355949831437715,0.15403335600533036,H
2025-05-17,Ligue 1,Marseille,Rennes,2.063607610893044,1.094914647699182,0.5967410373799765,0.20844262157112498,0.19481634104889853,H
2025-05-17,Ligue 1,Nice,Brest,1.6698907974906616,1.145596606360266,0.49611699870708875,0.24234868403790139,0.26153431725500986,H
2025-05-17,Bundesliga,Augsburg,Union Berlin,1.4505747086915006,1.19776186312933,0.42927388366830393,0.2586449903628672,0.31208112596882875,A
2025-05-17,Bundesliga,M'gladbach,Wolfsburg,1.7755409954097412,1.2467766732314947,0.4981419788020388,0.2330120942194853,0.2688459269784759,A
2025-05-17,Bundesliga,Mainz,Leverkusen,1.133335187608107,1.772862059147646,0.24277436051435958,0.23374627356225405,0.5234793659233863,D
2025-05-17,Bundesliga,Heidenheim,Werder Bremen,1.1725823640634274,1.2714064225480572,0.3395984216932432,0.2732572767091329,0.3871443015976239,A
2025-05-17,Bundesliga,Dortmund,Holstein Kiel,2.603810590392823,0.896541254133937,0.7395536828770057,0.15417378002542437,0.10627253709756992,H
2025-05-17,Bundesliga,RB Leipzig,Stuttgart,1.6645733993289462,1.252526483934796,0.4705423888383606,0.24119467979721235,0.288262931364427,A
2025-05-17,Ligue 1,Nantes,Montpellier,1.6023064606696362,0.9073364215422048,0.5368933587518173,0.2500560122609003,0.2130506289872825,H
2025-05-17,Ligue 1,St Etienne,Toulouse,1.3573479359817835,1.283774230149831,0.3864644972329231,0.2613014490994044,0.35223405366767246,A
2025-05-17,Ligue 1,Lens,Monaco,1.2466057883628539,1.5056058383808664,0.3145399050466272,0.25288189431096103,0.43257820064241176,H
2025-05-17,Ligue 1,Lyon,Angers,2.189313577539813,0.8188059320461719,0.6868357624200169,0.18644435938827156,0.12671987819171154,H
2025-05-17,Ligue 1,Paris SG,Auxerre,2.7606988567081014,0.7882310849857385,0.7848453088573598,0.13484351202882822,0.08031117911381203,H
2025-05-17,Serie A,Genoa,Atalanta,1.0048325647934964,1.7438779893521192,0.21677317633093537,0.23600564664526452,0.5472211770238001,A
2025-05-17,Bundesliga,Freiburg,Ein Frankfurt,1.4811681802111674,1.3283734005139116,0.40882539617645486,0.25147805550118735,0.3396965483223577,A
2025-05-17,Bundesliga,Hoffenheim,Bayern Munich,1.051212480211966,2.460504212637254,0.14364816933762337,0.1738911751442421,0.6824606555181345,A
2025-05-17,Ligue 1,Strasbourg,Le Havre,2.0910144264088415,0.8696872094647943,0.6556921230654185,0.19847394299741195,0.1458339339371696,A
2025-05-18,Premier League,Leicester,Ipswich,1.447241096434306,1.123626294829911,0.44510022593880094,0.2614996889941576,0.29340008506704146,H
2025-05-18,La Liga,Osasuna,Espanol,1.7232302693444463,1.0290843597420372,0.5364650633661208,0.2380851642664869,0.2254497723673923,H
2025-05-18,Premier League,Arsenal,Newcastle,1.8988637516724645,1.2357720910454064,0.5287840368965473,0.22367076743512707,0.24754519566832567,H
2025-05-18,Serie A,Verona,Como,1.083554895530662,1.3447961215801059,0.30124599556725573,0.2717982445082964,0.42695575992444784,D
2025-05-18,La Liga,Valladolid,Alaves,1.0660530745694488,1.4401355402308753,0.2795202509521227,0.26393118248396236,0.456548566563915,A
2025-05-18,Serie A,Juventus,Udinese,2.062435587085592,0.7916834613428649,0.66904770614998,0.19778873367555963,0.1331635601744603,H
2025-05-18,La Liga,Celta,Vallecano,1.7285127538076992,1.083192941293305,0.5248027993522493,0.2376477664402618,0.23754943420748886,A
2025-05-18,Serie A,Monza,Empoli,1.255783188630405,1.2054105076036068,0.3758666939350396,0.27243616528623377,0.3516971407787267,A
2025-05-18,Serie A,Roma,Milan,1.3979340225254275,1.2914249423090476,0.3954023938680082,0.25834493430544336,0.3462526718265485,H
2025-05-18,Serie A,Inter,Lazio,1.802462707046211,1.0003885407141864,0.561958604796656,0.2303369925067942,0.20770440269654966,D
2025-05-18,La Liga,Barcelona,Villarreal,2.1758026787716314,0.9804315041580542,0.6460691317996775,0.19503597113966442,0.15889489706065804,A
2025-05-18,Premier League,Everton,Southampton,2.098917468820941,0.71520776332595,0.6949873378229858,0.18993892351414432,0.1150737386628698,H
2025-05-18,La Liga,Sevilla,Real Madrid,0.9367047526574425,2.0327310606136426,0.16557441980024373,0.2067091152629492,0.6277164649368071,A
2025-05-18,La Liga,Mallorca,Getafe,1.456168728208793,0.9690739910011156,0.48395335423422864,0.2648662748469189,0.2511803709188525,A
2025-05-18,Premier League,West Ham,Nott'm Forest,1.3668260057232904,1.2884700164798306,0.3879536732118672,0.26046157060098324,0.3515847561871495,A
2025-05-18,Serie A,Cagliari,Venezia,1.4878708384450439,1.1229810151905233,0.4558037064911054,0.2580950328214179,0.28610126068747666,H
2025-05-18,Serie A,Lecce,Torino,1.0958547241972307,1.3975360883577173,0.2949513815939452,0.26671171357930334,0.4383369048267516,H
2025-05-18,Serie A,Fiorentina,Bologna,1.3276570861552892,1.2309983385050816,0.3897832740315206,0.2660238079433466,0.34419291802513285,H
2025-05-18,La Liga,Sociedad,Girona,1.3435233038556238,1.1195540867837976,0.41844445930793805,0.27031486384369385,0.3112406768483681,H
2025-05-18,La Liga,Ath Madrid,Betis,1.7056847631508103,1.19656317338277,0.4930247211801518,0.23888124823775153,0.2680940305820967,H
2025-05-18,Serie A,Parma,Napoli,0.8100047611351869,2.0231240088626765,0.14063356490959775,0.20270908124714945,0.6566573538432527,D
2025-05-18,Premier League,Brentford,Fulham,1.7468031065284124,1.0725063223879434,0.5316682222871162,0.23600324279028007,0.23232853492260372,A
2025-05-18,La Liga,Valencia,Ath Bilbao,1.1838497546760538,1.36563667648878,0.3242912942942012,0.2656288126472444,0.41007989305855436,A
2025-05-18,La Liga,Las Palmas,Leganes,1.2479597204919999,1.216385701412153,0.3714232715177902,0.27229578572981855,0.3562809427523913,A
2025-05-19,Premier League,Brighton,Liverpool,1.1841541389571386,1.926067974252476,0.2321452897720146,0.22127726759330843,0.5465774426346769,H
2025-05-20,Premier League,Man City,Bournemouth,2.1225379273797085,0.8100753811092771,0.6762840164659992,0.19258168624533814,0.13113429728866258,H
2025-05-20,Premier League,Crystal Palace,Wolves,1.5954424081972358,1.087916226868706,0.491275117502264,0.24948757276759204,0.259237309730144,H
2025-05-23,Serie A,Como,Inter,1.0144371922101696,1.7091775316342743,0.22397264816123552,0.23938122274490803,0.5366461290938564,A
2025-05-23,La Liga,Betis,Valencia,1.8651124421359604,1.0749204950742401,0.5583881525745644,0.22541149399763163,0.2162003534278039,D
2025-05-23,Serie A,Napoli,Cagliari,2.2367744941834444,0.7699564791891866,0.7071446859885142,0.17912314889903821,0.11373216511244762,H
2025-05-24,La Liga,Espanol,Las Palmas,1.556097312635197,0.9990084353517731,0.5026073167337403,0.2543273672098867,0.2430653160563731,H
2025-05-24,La Liga,Vallecano,Mallorca,1.5020209908405995,1.0577782639093725,0.47466034351244585,0.25848832276973654,0.2668513337178176,D
2025-05-24,La Liga,Alaves,Osasuna,1.1864688600420448,1.2205680232717504,0.35369314999290524,0.27609375713690026,0.3702130928701946,D
2025-05-24,La Liga,Getafe,Celta,1.2336461280452473,1.3718300727917945,0.3362612184991806,0.2628413311793892,0.40089745032143015,A
2025-05-24,Serie A,Bologna,Genoa,1.9122098651521984,0.9473191530399477,0.5995121108160272,0.21870296846113832,0.18178492072283445,A
2025-05-24,Serie A,Milan,Monza,2.4858457889015533,0.6760026463495281,0.7697064074462695,0.14962386542731845,0.08066972712641207,H
2025-05-24,La Liga,Leganes,Valladolid,1.8891398581763814,0.8462961774547118,0.6194278551337952,0.21817089224264188,0.16240125262356292,H
2025-05-24,La Liga,Real Madrid,Sociedad,2.487546587864079,0.7617569835201375,0.75091853237579,0.15543698640302964,0.09364448122118042,H
2025-05-25,Premier League,Newcastle,Everton,1.7859869440982876,1.0269855113740316,0.5517257589292823,0.23217113933709035,0.21610310173362723,A
2025-05-25,Premier League,Southampton,Arsenal,0.6550592501594188,2.652139010521677,0.06838769206932171,0.13383631355820827,0.79777599437247,A
2025-05-25,Premier League,Tottenham,Brighton,1.2347615228776168,1.5666361301404266,0.3006892318735428,0.24880851837862578,0.4505022497478314,A
2025-05-25,Serie A,Atalanta,Parma,2.502314404715488,0.6968874808838733,0.7675403898746014,0.14966900393968702,0.08279060618571153,A
2025-05-25,Premier League,Liverpool,Crystal Palace,2.270408478642205,0.9904768901162547,0.6618134246669269,0.18708233286337733,0.1511042424696958,D
2025-05-25,Serie A,Empoli,Verona,1.4541880996832546,1.0999747947920138,0.4523541451196034,0.261656430258526,0.2859894246218706,A
2025-05-25,Premier League,Fulham,Man City,1.0632914810212761,1.7612748773981084,0.22806453492142617,0.23467003824504284,0.537265426833531,A
2025-05-25,Serie A,Torino,Roma,1.0846094084820428,1.4852738250006585,0.2766199908233034,0.2593584113475104,0.46402159782918617,A
2025-05-25,La Liga,Villarreal,Sevilla,2.1270657212800033,0.8605397818880175,0.6649797377644365,0.19454662542145046,0.14047363681411307,H
2025-05-25,Premier League,Bournemouth,Leicester,1.752801691501091,0.8923775841720198,0.5770556369144827,0.2337923733192882,0.1891519897662291,H
2025-05-25,Serie A,Venezia,Juventus,0.8845725406162015,1.9250008191600916,0.16665700981337012,0.21565568909341562,0.6176873010932143,A
2025-05-25,Premier League,Nott'm Forest,Chelsea,1.3161616481089562,1.3266222941513726,0.36686154521786724,0.2614103071469286,0.3717281476352041,A
2025-05-25,La Liga,Ath Bilbao,Barcelona,1.1962779346520167,1.4792885545208747,0.3064824717622855,0.25651756749786764,0.4369999607398468,A
2025-05-25,Premier League,Wolves,Brentford,1.3309635996252736,1.4556855525117067,0.3452032654827114,0.25294315810968143,0.4018535764076072,D
2025-05-25,Premier League,Ipswich,West Ham,1.1566206110562944,1.4564589860167587,0.300352737677317,0.25964198500187075,0.44000527732081224,A
2025-05-25,Premier League,Man United,Aston Villa,1.1217514638835107,1.616014976638661,0.26432737384804017,0.24720719327301754,0.4884654328789424,H
2025-05-25,Serie A,Lazio,Lecce,2.213017970233972,0.7404382736591709,0.7099252543086807,0.17971522874543255,0.11035951694588664,A
2025-05-25,La Liga,Girona,Ath Madrid,1.0338374270159965,1.7701835558432104,0.21990112111291574,0.23370169188614467,0.5463971870009395,A
2025-05-25,Serie A,Udinese,Fiorentina,1.1247528262474187,1.49859714842496,0.2847009448770634,0.25713959729300956,0.458159457829927,A
2025-08-15,Premier League,Liverpool,Bournemouth,2.403527457110838,0.9018873863342266,0.7058261562612032,0.17122140115206533,0.12295244258673146,H
2025-08-15,Ligue 1,Rennes,Marseille,1.2798096668094825,1.8640602841758818,0.26267447756976436,0.2262540117531509,0.5110715106770847,H
2025-08-15,La Liga,Girona,Vallecano,1.2998637802138628,1.1750688828484226,0.3943500209030047,0.27100038268097637,0.3346495964160188,A
2025-08-15,La Liga,Villarreal,Oviedo,2.0752975144722012,0.8834503138922428,0.6492315397676109,0.2005907588514703,0.1501777013809187,H
2025-08-16,Premier League,Brighton,Fulham,1.8808446353388648,1.0554091288261058,0.5665476029670158,0.22375542818339147,0.20969696884959288,D
2025-08-16,La Liga,Valencia,Sociedad,1.5059607639283605,1.0753174568832289,0.47154562436386394,0.2577340999382724,0.2707202756978638,D
2025-08-16,Premier League,Wolves,Man City,0.9450861247409619,1.9152063087418703,0.18093583938176455,0.2183529891836433,0.6007111714345922,A
2025-08-16,Ligue 1,Nice,Toulouse,1.982052269367688,0.9348130799238199,0.6175764793193098,0.2115369080808645,0.1708866125998257,A
2025-08-16,Premier League,Aston Villa,Newcastle,1.4293557076560162,1.1820524171819144,0.42725120365985364,0.26085405001960277,0.3118947463205436,D
2025-08-16,Ligue 1,Monaco,Le Havre,2.0822504885117827,0.863854266990587,0.6553608727558796,0.19908429500520264,0.1455548322389178,H
2025-08-16,Premier League,Sunderland,West Ham,1.0545526621195935,1.6034451210426048,0.24964904307542893,0.24917954232357303,0.501171414600998,H
2025-08-16,La Liga,Mallorca,Barcelona,0.8956451317495251,2.1920056606936646,0.14093431333927056,0.18996444043607252,0.6691012462246569,A
2025-08-16,Premier League,Tottenham,Burnley,1.659785832278294,1.1044810730039107,0.5032447350541476,0.24362002780284467,0.2531352371430078,H
2025-08-16,Ligue 1,Lens,Lyon,1.53146117622655,1.338687068496002,0.41920251226714383,0.2479429383240877,0.3328545494087684,A
2025-08-16,La Liga,Alaves,Levante,1.4373093624686,1.076052085286046,0.45346886470283176,0.26388099960702477,0.2826501356901434,H
2025-08-17,Premier League,Chelsea,Crystal Palace,1.6027496355512634,1.1280261895566561,0.4837211369429549,0.24824241628523597,0.2680364467718092,D
2025-08-17,La Liga,Ath Bilbao,Sevilla,1.9061046949799159,0.8700519883110245,0.6171954731905968,0.21714597428709975,0.16565855252230355,H
2025-08-17,Ligue 1,Angers,Paris FC,1.1214864192194791,1.2570601658328606,0.32837184440973355,0.27728938134777154,0.3943387742424949,H
2025-08-17,Ligue 1,Auxerre,Lorient,1.721120384617733,1.1507152348894936,0.5072364059858263,0.2380317087163933,0.25473188529778035,H
2025-08-17,Ligue 1,Brest,Lille,1.2846324001229041,1.4764618537411773,0.3295368648649663,0.25351597126565956,0.4169471638693741,D
2025-08-17,Ligue 1,Metz,Strasbourg,1.0666045608695334,1.677660712203163,0.2411850016556175,0.2422777152159443,0.5165372831284382,A
2025-08-17,Premier League,Nott'm Forest,Brentford,1.4626638606863829,1.259936092365972,0.4187601560178625,0.2554120076678094,0.325827836314328,H
2025-08-17,La Liga,Celta,Getafe,1.7606293842884877,0.9764139849096356,0.5580799069864782,0.2341339061828861,0.20778618683063577,A
2025-08-17,Ligue 1,Nantes,Paris SG,0.8387853287468461,2.2747964641320246,0.12287810065419498,0.1793739489380214,0.6977479504077836,A
2025-08-17,Premier League,Man United,Arsenal,1.069309675073746,1.8266734117217456,0.22021631806125266,0.2287951700219736,0.5509885119167738,A
2025-08-17,La Liga,Espanol,Ath Madrid,0.9829710359499331,2.030034838639833,0.17548421299361858,0.20844519205590523,0.6160705949504762,H
2025-08-18,Premier League,Leeds,Everton,1.1687397979284315,1.6158248567821716,0.2759575307780312,0.24646774285640888,0.47757472636556,H
2025-08-18,La Liga,Elche,Betis,1.0292335068628502,1.550700449368809,0.25160437440975575,0.25445202292608987,0.49394360266415444,D
2025-08-19,La Liga,Real Madrid,Osasuna,2.4630647869220246,0.8641236562265056,0.7242568049491325,0.1639570487922515,0.11178614625861599,H
2025-08-22,Premier League,West Ham,Chelsea,1.1146557068579535,1.492238992883484,0.2831975264212817,0.25795373439963254,0.45884873917908575,A
2025-08-22,Ligue 1,Paris SG,Angers,3.066165572656603,0.5892823788232394,0.8582750792704609,0.09843906300896996,0.043285857720569136,H
2025-08-22,Bundesliga,Bayern Munich,RB Leipzig,2.5119860095170514,0.9259777872623867,0.718610196041112,0.1633633825763503,0.11802642138253781,H
2025-08-22,La Liga,Betis,Alaves,1.7080942465833493,0.9720692576486312,0.5467084158332802,0.23930652099022418,0.21398506317649557,H
2025-08-23,Premier League,Brentford,Aston Villa,1.310268949888775,1.3605889118071444,0.3584920783828103,0.2597161042036177,0.38179181741357193,H
2025-08-23,La Liga,Ath Madrid,Elche,2.5828227072795618,0.7293385291100307,0.7723155536335772,0.1450383913545226,0.08264605501190024,D
2025-08-23,La Liga,Levante,Barcelona,0.9317745928451417,2.5242610787509303,0.11798215527196869,0.16267425404874603,0.7193435906792853,A
2025-08-23,Bundesliga,St Pauli,Dortmund,1.0121054572342547,1.9529567963874275,0.19089404530846665,0.21636464557838156,0.5927413091131517,D
2025-08-23,Premier League,Arsenal,Leeds,2.598090144203264,0.7006582736552702,0.7806644182282108,0.14170652956697227,0.07762905220481703,H
2025-08-23,Bundesliga,Freiburg,Augsburg,1.802881145572241,0.9759183903054598,0.5680053741911124,0.22997808969102845,0.20201653611785905,A
2025-08-23,Bundesliga,Ein Frankfurt,Werder Bremen,1.7223571142479674,1.061301862994837,0.5285380197389737,0.23821250606715919,0.23324947419386718,H
2025-08-23,Ligue 1,Marseille,Paris FC,2.0080446796861557,0.8775133178587524,0.6369706140991568,0.2070112670521388,0.15601811884870456,H
2025-08-23,Serie A,Genoa,Lecce,1.6646918186223378,1.0034844650917103,0.5285578233363311,0.2436639050791302,0.22777827158453873,D
2025-08-23,Bundesliga,Union Berlin,Stuttgart,1.3771888651746125,1.5768064973672324,0.33395539039401856,0.24382250492770452,0.42222210467827703,H
2025-08-23,La Liga,Mallorca,Celta,1.3121832708938506,1.2450886781442667,0.3826789001477194,0.2663022737178693,0.3510188261344114,D
2025-08-23,Ligue 1,Nice,Auxerre,1.922190117333435,0.9942369737168538,0.5903321143263744,0.21884202154290205,0.1908258641307235,H
2025-08-23,Bundesliga,Heidenheim,Wolfsburg,1.3046105391521319,1.2377595210134165,0.3822047600919495,0.2672159658158269,0.3505792740922236,A
2025-08-23,Serie A,Milan,Cremonese,2.3164715218082863,0.80727689620017,0.7124402806959979,0.17372311464190457,0.11383660466209759,A
2025-08-23,Premier League,Burnley,Sunderland,1.4656388385165928,1.1125196677170581,0.4524485757058313,0.26028970520619943,0.2872617190879693,H
2025-08-23,Serie A,Roma,Bologna,1.700075816767563,1.096475313368198,0.514872656203443,0.24013536281573195,0.24499198098082506,H
2025-08-23,Premier League,Man City,Tottenham,2.50816690730434,0.726721139421374,0.7618319240688973,0.1512556147871689,0.08691246114393383,A
2025-08-23,Serie A,Sassuolo,Napoli,0.8620303210502795,1.9727288434273447,0.1565793983284848,0.2100108617520915,0.6334097399194236,A
2025-08-23,Bundesliga,Leverkusen,Hoffenheim,2.721795634774369,0.867996228077217,0.7630814517501341,0.14310967499954408,0.09380887325032197,A
2025-08-23,Premier League,Bournemouth,Wolves,1.7097757800414073,1.0393945651318797,0.5307741836919674,0.23936555696026146,0.2298602593477711,H
2025-08-23,Ligue 1,Lyon,Metz,2.285664349187457,0.7739439755646803,0.7148497317544471,0.17465149808344674,0.11049877016210621,H
2025-08-24,Serie A,Juventus,Parma,2.391893498534923,0.7535883502078162,0.7375129000640849,0.16345965311642602,0.09902744681948913,H
2025-08-24,Serie A,Cagliari,Fiorentina,1.1237611725264447,1.652494533839364,0.25898368713132913,0.2440585473287181,0.49695776553995274,D
2025-08-24,Premier League,Fulham,Man United,1.5151136249978165,1.1707253521863117,0.4518944198100986,0.25451418889046656,0.29359139129943485,D
2025-08-24,Premier League,Everton,Brighton,1.3672159221520155,1.3741778003173035,0.3704503259138196,0.2559122072983039,0.3736374667878766,H
2025-08-24,Bundesliga,M'gladbach,Hamburg,1.8256309546413365,1.0386278598102703,0.558063940189294,0.22859325195865926,0.21334280785204685,D
2025-08-24,Serie A,Como,Lazio,1.19106460177758,1.4176490622505242,0.31641207699698537,0.2613922201773053,0.42219570282570923,H
2025-08-24,Bundesliga,Mainz,FC Koln,1.907055632020694,0.9671696621485759,0.5935550593031145,0.21968059457283115,0.18676434612405435,A
2025-08-24,La Liga,Oviedo,Real Madrid,0.8231951529290457,1.9837795910364686,0.1473098879946537,0.20736618005347454,0.6453239319518718,A
2025-08-24,Premier League,Crystal Palace,Nott'm Forest,1.5643962073121507,1.1698994573901362,0.464528444416923,0.25059285670852915,0.28487869887454786,D
2025-08-24,Ligue 1,Lille,Monaco,1.5307496155105793,1.3074091576847326,0.42569840373189394,0.24908903280861008,0.325212563459496,H
2025-08-24,Ligue 1,Strasbourg,Nantes,1.853127173694237,0.9341655508802618,0.5896483933996504,0.22425169222319874,0.18609991437715095,H
2025-08-24,La Liga,Villarreal,Girona,2.2463624141868994,0.8366139894310998,0.6931212607793966,0.18192349013259332,0.12495524908801012,H
2025-08-24,Ligue 1,Toulouse,Brest,1.4122601905020506,1.2236869435295976,0.4136310831714038,0.2604359493479923,0.3259329674806039,H
2025-08-24,Ligue 1,Le Havre,Lens,1.216116642541439,1.5329120774234697,0.30195378780315163,0.2518382034054213,0.44620800879142714,A
2025-08-24,Serie A,Atalanta,Pisa,2.1469397662917387,0.8449118755401596,0.6725721143815598,0.19187803011701146,0.1355498555014287,D
2025-08-24,La Liga,Sociedad,Espanol,1.5146256680380648,1.115251441711308,0.46446413341607035,0.2560218213315382,0.2795140452523913,D
2025-08-24,Ligue 1,Lorient,Rennes,1.320269512230311,1.386578454355549,0.3559213152135703,0.2576366554444273,0.3864420293420023,H
2025-08-24,La Liga,Osasuna,Valencia,1.4531238980365198,1.0963033392213517,0.45292464940512733,0.26186104299219853,0.28521430760267413,H
2025-08-25,La Liga,Sevilla,Getafe,1.5021883232384976,1.1826831002805387,0.4459027190377905,0.2551840687685132,0.2989132121936963,A
2025-08-25,Premier League,Newcastle,Liverpool,1.1954708417976359,1.646492918498077,0.2774405374028486,0.24356446634489673,0.47899499625225467,A
2025-08-25,Serie A,Inter,Torino,2.3067075450963745,0.7275325417782504,0.7293492234195181,0.16975724626589847,0.10089353031458335,H
2025-08-25,Serie A,Udinese,Verona,1.4682506224180847,1.0858119501829677,0.45931354944555214,0.2608370669713845,0.2798493835830635,D
2025-08-25,La Liga,Ath Bilbao,Vallecano,1.7633495277182003,0.965526644463123,0.5613823270016273,0.2337455401746785,0.20487213282369424,H
2025-08-27,La Liga,Celta,Betis,1.261215439549481,1.3387851258446355,0.3499927722489435,0.2636773002752794,0.38632992747577716,D
2025-08-29,La Liga,Elche,Levante,1.4043825458587393,1.2173367383303866,0.41295989817814305,0.2612759707886422,0.3257641310332148,H
2025-08-29,La Liga,Valencia,Getafe,1.4020263315565638,1.0909264453581975,0.4406671130630652,0.2665018185144813,0.2928310684224536,H
2025-08-29,Serie A,Cremonese,Sassuolo,1.5225587940642578,1.0832371270617136,0.47395148729612624,0.2560692838617718,0.269979228842102,H
2025-08-29,Ligue 1,Lens,Brest,1.680895454935045,1.0745183555828415,0.5154405380593745,0.2419482895688175,0.2426111723718081,H
2025-08-29,Serie A,Lecce,Milan,0.9835954767597561,1.6163960266409865,0.23001137783528564,0.2484677138278059,0.5215209083369085,A
2025-08-29,Bundesliga,Hamburg,St Pauli,1.3069516492976252,1.1979842922279644,0.3913106431931626,0.26924468493398107,0.3394446718728564,A
2025-08-30,Serie A,Parma,Atalanta,0.9509802085941003,1.9850816937762952,0.17395972554728073,0.2117349300288666,0.6143053444238528,D
2025-08-30,Premier League,Sunderland,Brentford,0.9879454269533808,1.674059911696465,0.2226384216659201,0.2427414619575633,0.5346201163765165,H
2025-08-30,Premier League,Chelsea,Fulham,1.8333331650870057,0.9611761050297475,0.57856088406423,0.22675230769160495,0.19468680824416504,H
2025-08-30,Premier League,Tottenham,Bournemouth,1.3809015491708354,1.2695658672434453,0.3956034526847456,0.2604971561562571,0.3438993911589973,A
2025-08-30,Bundesliga,Stuttgart,M'gladbach,1.8438056972715624,1.0479732161594755,0.5599704987801605,0.2270278467444256,0.21300165447541392,H
2025-08-30,Ligue 1,Nantes,Auxerre,1.3389283126860956,1.1713823209702363,0.40568789166183067,0.2682421929370721,0.32606991540109725,H
2025-08-30,Bundesliga,Augsburg,Bayern Munich,0.9296922318862451,2.6157289020866874,0.11051051570417414,0.1551691613692209,0.7343203229266049,A
2025-08-30,La Liga,Alaves,Ath Madrid,1.0326241608052853,1.7109111191586843,0.22807477553180194,0.23925232900819315,0.532672895460005,D
2025-08-30,La Liga,Real Madrid,Mallorca,2.6096603397799387,0.6659003639779052,0.7897092742528813,0.13817442429387478,0.07211630145324391,H
2025-08-30,Serie A,Napoli,Cagliari,2.3401768975664066,0.7402306784813854,0.7320322335976337,0.16739576909228293,0.10057199731008322,H
2025-08-30,Serie A,Pisa,Roma,0.9532585217722789,1.593587442359946,0.22581760433932457,0.250903617044761,0.5232787786159144,A
2025-08-30,Bundesliga,Werder Bremen,Leverkusen,1.1581206953854704,1.7922831660982148,0.24565012628215085,0.23210010354079247,0.5222497701770566,D
2025-08-30,Serie A,Bologna,Como,1.671642581278298,1.1015547625040227,0.5068144872382049,0.24260565082455285,0.25057986193724224,H
2025-08-30,Bundesliga,Hoffenheim,Ein Frankfurt,1.3040781756107445,1.8430479093770245,0.27143440243607203,0.2276515105934568,0.5009140869704711,A
2025-08-30,Premier League,Leeds,Newcastle,1.0296150882575001,1.7227666533127786,0.225642836942019,0.2381302877703149,0.5362268752876661,D
2025-08-30,Ligue 1,Toulouse,Paris SG,0.9571686065971382,2.0197043572989415,0.17128779036948844,0.20862090628405602,0.6200913033464556,A
2025-08-30,Ligue 1,Lorient,Lille,1.1489069078624345,1.6615334111911022,0.26366898903791475,0.2430077852396415,0.49332322572244375,A
2025-08-30,Premier League,Man United,Burnley,1.7545403975310387,0.8882630185679193,0.5784939976063458,0.23353685932610563,0.1879691430675486,H
2025-08-30,Premier League,Wolves,Everton,1.1963542430011607,1.4163252467347374,0.3180407124614062,0.2612776297795665,0.42068165775902727,A
2025-08-30,La Liga,Girona,Sevilla,1.5078239512303402,1.2081825626848968,0.44163067276155565,0.25396636050823296,0.30440296673021144,A
2025-08-30,La Liga,Oviedo,Sociedad,1.2460534775328258,1.2202129219007114,0.3701019658067994,0.27218473810658483,0.35771329608661584,H
2025-08-30,Bundesliga,RB Leipzig,Heidenheim,1.9399244745439832,0.9657105139068182,0.601076231689034,0.2164790940768362,0.18244467423412983,H
2025-08-31,Premier League,Nott'm Forest,West Ham,1.8377174582817215,0.9969626472276243,0.5708483033225003,0.22691599491284406,0.20223570176465572,A
2025-08-31,Ligue 1,Paris FC,Metz,1.585130584051679,0.962898077425371,0.518777482629126,0.2517258128424073,0.22949670452846677,H
2025-08-31,Bundesliga,FC Koln,Freiburg,1.2566261938542644,1.3635194330617755,0.343911637708353,0.26228311217317635,0.39380525011847056,H
2025-08-31,Serie A,Genoa,Juventus,1.122055897654899,1.747189438477389,0.2439646864970789,0.23595227124696388,0.5200830422559573,A
2025-08-31,La Liga,Celta,Villarreal,1.1470944328169335,1.8233239271873212,0.23852130951252673,0.22951078744120137,0.531967903046272,D
2025-08-31,La Liga,Espanol,Osasuna,1.2535281575963912,1.2741805146180312,0.3609580505351364,0.268287505565825,0.37075444389903867,H
2025-08-31,Serie A,Inter,Udinese,2.8068137083767297,0.707455522759077,0.8071083046248271,0.12559460117854665,0.0672970941966262,A
2025-08-31,Premier League,Liverpool,Arsenal,1.7681020745656937,1.389203786616911,0.46515542245759106,0.23167618192780912,0.3031683956145999,H
2025-08-31,Serie A,Torino,Fiorentina,1.1614891545418473,1.5333085620506435,0.28808642652402794,0.2533027281915945,0.45861084528437757,D
2025-08-31,Ligue 1,Angers,Rennes,1.1651361067739479,1.2999320199583966,0.3319418200927845,0.2715275794438116,0.39653060046340377,D
2025-08-31,Ligue 1,Monaco,Strasbourg,1.6701578915607744,1.1207703107630533,0.5019531466213798,0.24257417229848183,0.2554726810801383,H
2025-08-31,La Liga,Betis,Ath Bilbao,1.3121135048357853,1.3043216226730892,0.3703489411256909,0.26294307353391916,0.3667079853403899,A
2025-08-31,Serie A,Lazio,Verona,1.8456982119373635,0.8757707016267167,0.602458889456227,0.22361802796948624,0.1739230825742867,H
2025-08-31,Bundesliga,Dortmund,Union Berlin,2.3431393982356687,0.9461537531136682,0.6852412343168792,0.17873798475922095,0.1360207809238999,H
2025-08-31,Premier League,Brighton,Man City,1.2147251220294695,1.682063473720806,0.2762636665759368,0.2404959490706942,0.48324038435336897,H
2025-08-31,La Liga,Vallecano,Barcelona,0.9739221917753097,2.105335218116429,0.16516653165420406,0.20119231597166634,0.6336411523741297,D
2025-08-31,Bundesliga,Wolfsburg,Mainz,1.390922561627679,1.2939722099838267,0.393053900892103,0.25866723514308076,0.34827886396481633,D
2025-08-31,Premier League,Aston Villa,Crystal Palace,1.454619876358597,1.127358045205331,0.44617405775813374,0.2607596716040297,0.2930662706378366,A
2025-08-31,Ligue 1,Le Havre,Nice,1.1117772756313753,1.805400149106707,0.23299283361953343,0.230928239787041,0.5360789265934255,H
2025-08-31,Ligue 1,Lyon,Marseille,1.5358521847702147,1.3437831216168432,0.4192106249711221,0.24748597797404417,0.3333033970548337,H
2025-09-12,Ligue 1,Marseille,Lorient,2.3414582281616085,0.95792534989374,0.6822650093930608,0.17945071192070178,0.13828427868623752,H
2025-09-12,La Liga,Sevilla,Elche,1.5465869706066246,1.0955542079630196,0.4771916270079898,0.2536837399079631,0.26912463308404716,D
2025-09-12,Bundesliga,Leverkusen,Ein Frankfurt,1.985512811495691,1.2833727635176524,0.5372140945674674,0.21734522852016924,0.24544067691236346,H
2025-09-13,Bundesliga,Wolfsburg,FC Koln,1.5615288943865546,1.1362438409198115,0.47151896082499134,0.2515681480896992,0.2769128910853095,D
2025-09-13,La Liga,Getafe,Oviedo,1.3816316962977269,1.0963831644069133,0.43396309014764695,0.2680680042479364,0.29796890560441663,H
2025-09-13,Bundesliga,Heidenheim,Dortmund,0.9966380258229114,2.1540988451758536,0.1643920959793747,0.1975861580111845,0.6380217460094408,A
2025-09-13,Ligue 1,Nice,Nantes,1.9681070143389041,0.9250660144776265,0.6169873106474799,0.21259805008898697,0.17041463926353306,H
2025-09-13,Bundesliga,Mainz,RB Leipzig,1.458276555774391,1.3340708435295314,0.40185731546627873,0.2526505821953625,0.34549210233835875,A
2025-09-13,La Liga,Ath Bilbao,Alaves,1.9146566379170686,0.8518100414286661,0.6235852189671391,0.21566289717302586,0.16075188385983502,A
2025-09-13,Ligue 1,Auxerre,Monaco,1.080805514251621,1.6388255834848433,0.25061386114647277,0.24569224659066824,0.503693892262859,A
2025-09-13,Bundesliga,Freiburg,Stuttgart,1.4142940011236924,1.4140170067298048,0.37439030083274766,0.2513444680601563,0.37426523110709614,H
2025-09-13,Premier League,Fulham,Leeds,1.7614329647801006,0.9089353398169555,0.5749307467136975,0.233157614525281,0.1919116387610215,H
2025-09-13,Bundesliga,Union Berlin,Hoffenheim,1.6101854425125013,1.1910893582400617,0.4710931620034599,0.24650062800586967,0.2824062099906704,A
2025-09-13,Serie A,Cagliari,Parma,1.4465401884799405,1.098814307363186,0.45061847339761335,0.2623567695007208,0.28702475710166586,H
2025-09-13,Premier League,West Ham,Tottenham,1.5152098018039837,1.2186405772498687,0.4411775311377773,0.25308664044336665,0.3057358284188561,A
2025-09-13,Serie A,Fiorentina,Napoli,1.2729899840094612,1.4769520365901558,0.32649153445576357,0.2539307644090719,0.41957770113516457,A
2025-09-13,Premier League,Brentford,Chelsea,1.1931069675249997,1.5498018882277058,0.29320925675672366,0.25117975287338035,0.455610990369896,D
2025-09-13,Premier League,Newcastle,Wolves,1.848168992228617,0.9086368273315385,0.5948368100268461,0.22417809527134847,0.18098509470180554,H
2025-09-13,Bundesliga,Bayern Munich,Hamburg,3.553140921153636,0.6054538460551075,0.8968962638596313,0.07237548318147582,0.030728252958892942,H
2025-09-13,Premier League,Everton,Aston Villa,1.3551007734917229,1.1820222597981602,0.4076776024513724,0.26650719599478756,0.3258152015538399,D
2025-09-13,Premier League,Arsenal,Nott'm Forest,2.120045476044871,0.8555013857265009,0.6648245647688602,0.19500084958777172,0.1401745856433681,H
2025-09-13,Premier League,Crystal Palace,Sunderland,2.3125263015384374,0.7464121619988072,0.7259252919301329,0.17040404528902045,0.10367066278084665,D
2025-09-13,La Liga,Sociedad,Real Madrid,0.9111091546695548,2.04644430081541,0.1588142971742977,0.20447883777230283,0.6367068650533995,A
2025-09-13,Premier League,Bournemouth,Brighton,1.4077521866534761,1.3499221027850314,0.38574257336632983,0.25491675155932425,0.35934067507434586,H
2025-09-13,La Liga,Ath Madrid,Villarreal,1.6970884008649192,1.390420984228259,0.4482861164646254,0.236101045341336,0.3156128381940386,H
2025-09-13,Serie A,Juventus,Inter,1.4041073965948712,1.5322886457063818,0.3488392140205754,0.24543890329260246,0.4057218826868222,H
2025-09-14,Ligue 1,Paris SG,Lens,2.5185932645902755,0.92436637397455,0.7200395577524312,0.16272820165329502,0.11723224059427381,H
2025-09-14,Premier League,Burnley,Liverpool,0.8007116700223146,2.5655945805017324,0.09433031527346215,0.1513258511009389,0.754343833625599,A
2025-09-14,La Liga,Barcelona,Valencia,2.540989160418209,0.7931695930720067,0.7522422592808186,0.15290558784200678,0.09485215287717459,H
2025-09-14,La Liga,Celta,Girona,1.6939031546186882,0.9754245478006943,0.5424797040765512,0.24073826149770466,0.21678203442574417,D
2025-09-14,La Liga,Levante,Betis,1.2244608798131575,1.5265843758528146,0.30517830303508064,0.2520630189747395,0.4427586779901798,D
2025-09-14,Serie A,Sassuolo,Lazio,1.0036579601101654,1.8152228480103707,0.2067440340655844,0.22915749547800762,0.5640984704564079,H
2025-09-14,Ligue 1,Rennes,Lyon,1.1486195573498839,1.4951356439000725,0.2914352926117426,0.25675816877641283,0.45180653861184455,H
2025-09-14,Serie A,Milan,Bologna,1.6744267126137475,1.1734339688420818,0.49080142070130567,0.24165215000963589,0.2675464292890584,H
2025-09-14,Premier League,Man City,Man United,2.217758426752053,0.8642278821129628,0.6813554305557964,0.1860419943887226,0.13260257505548106,H
2025-09-14,Bundesliga,M'gladbach,Werder Bremen,1.3342839983982773,1.4152759291179207,0.35387355989404046,0.25523339749024754,0.39089304261571206,A
2025-09-14,Ligue 1,Metz,Angers,1.280185652568505,1.1729730865189834,0.38945590457456347,0.2725827425695633,0.33796135285587325,D
2025-09-14,Bundesliga,St Pauli,Augsburg,1.4962312909434712,1.2605136187520851,0.42716890359260884,0.25306271075201325,0.31976838565537785,H
2025-09-14,Ligue 1,Brest,Paris FC,1.708515994676539,1.1030441630061576,0.515350094387375,0.2393648782688009,0.24528502734382407,A
2025-09-14,Serie A,Pisa,Udinese,1.3309561013223,1.1405037208752575,0.4103620292862786,0.2703587763747059,0.3192791943390156,A
2025-09-14,Serie A,Atalanta,Lecce,2.1959111070749207,0.7657145113483614,0.7007620851919453,0.18289411479258078,0.11634380001547392,H
2025-09-14,Ligue 1,Lille,Toulouse,2.1824426934504184,1.0100296454203919,0.6404727061846334,0.19555801175530682,0.1639692820600598,H
2025-09-14,Serie A,Roma,Torino,2.047366138467267,0.7861579894648411,0.6674201183681203,0.1990862546758462,0.13349362695603348,A
2025-09-14,Ligue 1,Strasbourg,Le Havre,1.9581281203152678,0.9920817729399658,0.5986527068759917,0.21541074159179618,0.18593655153221209,H
2025-09-14,La Liga,Osasuna,Vallecano,1.3710212483230328,1.1085061488809702,0.4283511203117626,0.2684888784211729,0.3031600012670644,H
2025-09-15,Serie A,Como,Genoa,1.5396220724936034,1.1262802593805068,0.4682844525169822,0.2536315238756603,0.27808402360735746,D
2025-09-15,La Liga,Espanol,Mallorca,1.4994149898218383,1.0548881280267859,0.4746696665324536,0.258792805228422,0.26653752823912435,H
2025-09-15,Serie A,Verona,Cremonese,1.447576110947496,1.2168740761085253,0.4242792351492166,0.2581494482785432,0.3175713165722402,D
2025-09-19,La Liga,Betis,Sociedad,1.6954904171870449,1.0111379764067934,0.5341596448129268,0.2406880293032166,0.2251523258838567,H
2025-09-19,Bundesliga,Stuttgart,St Pauli,1.8585000227457795,1.056186832039051,0.5613404837439468,0.2257877679278219,0.21287174832823122,H
2025-09-19,Ligue 1,Lyon,Angers,2.0737336726400764,0.7482233804472156,0.6819853701032753,0.1944120765997995,0.12360255329692525,H
2025-09-19,Serie A,Lecce,Cagliari,1.2608961945738955,1.1649388947065953,0.38591630730775983,0.27448370294344376,0.33959998974879635,A
2025-09-20,Ligue 1,Brest,Nice,1.3164520821791763,1.6402141788931792,0.3078607052808761,0.24154050038017036,0.4505987943389535,H
2025-09-20,La Liga,Alaves,Sevilla,1.551818994594731,1.1225538398576267,0.472233852379752,0.252677200708478,0.2750889469117698,A
2025-09-20,La Liga,Valencia,Ath Bilbao,1.1588249168593443,1.4909693791034049,0.2947873702150936,0.2567949573440085,0.44841767244089786,H
2025-09-20,La Liga,Villarreal,Osasuna,1.9070368323652633,0.9603977746388108,0.5951955022169575,0.2195249715085311,0.18527952627451133,H
2025-09-20,Premier League,Man United,Chelsea,1.1452823583690146,1.621574001512858,0.26923243336536884,0.2463847812949754,0.4843827853396558,H
2025-09-20,Premier League,Liverpool,Everton,2.2128355353392326,0.832473675117028,0.687950910448262,0.18489031947534493,0.12715877007639306,H
2025-09-20,La Liga,Real Madrid,Espanol,2.501376848098799,0.7422401328738288,0.7573724942255995,0.1529152409170223,0.0897122648573783,H
2025-09-20,Ligue 1,Nantes,Rennes,1.268169175391645,1.2513829201357811,0.3695855953456277,0.2688025604882373,0.36161184416613507,D
2025-09-20,Bundesliga,Augsburg,Mainz,1.410679734806929,1.3776674619886715,0.38081203103952393,0.2533753518823098,0.3658126170781662,A
2025-09-20,Premier League,West Ham,Crystal Palace,1.1948723569425084,1.4899031786898165,0.3042150796484474,0.2557525664322797,0.4400323539192728,A
2025-09-20,Serie A,Verona,Juventus,0.9064057016437185,1.9788751056741392,0.1652450211680386,0.2109389489036584,0.623816029928303,D
2025-09-20,Bundesliga,Werder Bremen,Freiburg,1.7427961261987108,1.2321326738013725,0.49376629798630606,0.2356253383247917,0.27060836368890223,A
2025-09-20,Bundesliga,Hamburg,Heidenheim,1.3077639773594618,1.1970957680952785,0.39172063482797154,0.2692341068095977,0.3390452583624308,H
2025-09-20,Premier League,Fulham,Brentford,1.371575714543478,1.2011690077656743,0.4078635179158292,0.26438794847630975,0.32774853360786105,H
2025-09-20,Serie A,Bologna,Genoa,1.7272186022475755,1.0153788508221746,0.5407213852791293,0.23765933419946225,0.22161928052140847,H
2025-09-20,Premier League,Burnley,Nott'm Forest,1.0982208579139834,1.5044621054833986,0.2768715185367161,0.2573219382814945,0.4658065431817894,D
2025-09-20,Premier League,Brighton,Tottenham,1.7258419680172106,1.0987862917987947,0.5204861621230569,0.2378586974885574,0.24165514038838576,D
2025-09-20,La Liga,Girona,Levante,1.4633986132655246,1.2737729689815516,0.41596133782236805,0.2548181382261204,0.3292205239515115,A
2025-09-20,Bundesliga,Hoffenheim,Bayern Munich,0.9542832185559897,2.7828377137719427,0.10205144517450533,0.1437952032584474,0.7541533515670472,A
2025-09-20,Premier League,Wolves,Leeds,1.503841163367544,1.0073585666869966,0.4871664371771771,0.2593358240554766,0.2534977387673463,A
2025-09-20,Serie A,Udinese,Milan,1.1348998499475145,1.5451875470149772,0.2793265351771115,0.2529671663552025,0.4677062984676859,A
2025-09-20,Ligue 1,Lens,Lille,1.412722403153663,1.5662704564016814,0.3445594262152346,0.24319691883316058,0.4122436549516048,H
2025-09-20,Bundesliga,RB Leipzig,FC Koln,1.8668226064677178,1.0415815313034587,0.5666960916732765,0.2248397496454859,0.20846415868123763,H
2025-09-21,Serie A,Torino,Atalanta,1.095335438340693,1.68404693849932,0.24716333268595683,0.24155585765293172,0.5112808096611116,A
2025-09-21,Ligue 1,Auxerre,Toulouse,1.3453257932306795,1.35212162200297,0.36927321431832244,0.25832022672050237,0.37240655896117525,H
2025-09-21,Bundesliga,Leverkusen,M'gladbach,2.578041548888886,0.7587129987292054,0.7652832470456993,0.14747718260476053,0.0872395703495402,D
2025-09-21,Bundesliga,Ein Frankfurt,Union Berlin,2.1822039663568424,0.9446974662689859,0.6556783237152976,0.19302263784866458,0.15129903843603784,A
2025-09-21,Serie A,Inter,Sassuolo,2.9802176471124278,0.6984109127983575,0.8294515249326067,0.11243830648425758,0.05811016858313572,H
2025-09-21,Ligue 1,Le Havre,Lorient,1.6146734830829241,1.2135033741250663,0.467133735740059,0.24569998280372354,0.2871662814562174,D
2025-09-21,Serie A,Fiorentina,Como,1.7141969893182925,1.0352560619523403,0.5328256347415122,0.23894734465865536,0.2282270205998325,A
2025-09-21,Serie A,Lazio,Roma,1.3315697722385798,1.3365508264128743,0.3688629615737436,0.2599664100666681,0.37117062835958814,A
2025-09-21,Premier League,Sunderland,Aston Villa,0.950504716123534,1.5983817893960832,0.2244209192963865,0.2504182413545124,0.5251608393491011,D
2025-09-21,La Liga,Barcelona,Getafe,2.959847798566115,0.7129321211979961,0.8244229325910141,0.11491195481954947,0.060665112589436444,H
2025-09-21,Premier League,Arsenal,Man City,1.6725298692282908,1.2966145554529644,0.4627066932431884,0.23977164296553413,0.2975216637912775,D
2025-09-21,La Liga,Vallecano,Celta,1.3830183201391475,1.1266192102439752,0.42745670174832695,0.26674259685958496,0.3058007013920881,D
2025-09-21,La Liga,Mallorca,Ath Madrid,1.0007641334328952,1.8507969536502424,0.2013828304093938,0.22572821027406265,0.5728889593165435,D
2025-09-21,La Liga,Elche,Oviedo,1.329624637904321,1.118248161948311,0.4149725230507209,0.27152579846027114,0.31350167848900795,H
2025-09-21,Serie A,Cremonese,Parma,1.6046987433071007,1.0106292983440441,0.512032964634384,0.24946340809814097,0.23850362726747515,D
2025-09-21,Ligue 1,Paris FC,Strasbourg,1.2532929068942464,1.439304440023585,0.3285003255821185,0.25729087327379613,0.41420880114408526,A
2025-09-21,Ligue 1,Monaco,Metz,2.452581557262297,0.7261378164592764,0.7534219259999707,0.1561332390495184,0.09044483495051091,H
2025-09-21,Bundesliga,Dortmund,Wolfsburg,2.2790020084560005,0.9710194902357024,0.6678801008827174,0.18549068941030694,0.14662920970697566,H
2025-09-21,Premier League,Bournemouth,Newcastle,1.3398317048442476,1.2363227570346365,0.3918807409107497,0.26491230549174793,0.3432069535975024,D
2025-09-22,Serie A,Napoli,Pisa,2.2110713088006038,0.7101829442627753,0.7168417885138456,0.1780579116512183,0.10510029983493613,H
2025-09-22,Ligue 1,Marseille,Paris SG,1.2640616192980527,1.9104317235476416,0.25215362381922785,0.222842871840793,0.5250035043399791,H
2025-09-23,La Liga,Ath Bilbao,Girona,2.0893370424707522,0.7870761942421042,0.6754590160779194,0.19479346295563224,0.1297475209664483,D
2025-09-23,La Liga,Levante,Real Madrid,0.8912179355370031,2.255489745254896,0.1341229432302842,0.1838731129802263,0.6820039437894896,A
2025-09-23,La Liga,Espanol,Valencia,1.4386072608554414,1.1944559691682497,0.42690525994846973,0.25967381202252293,0.31342092802900723,D
2025-09-23,La Liga,Sevilla,Villarreal,1.154404978031133,1.7245739113678884,0.2550750119014698,0.23772084321080378,0.5072041448877264,A
2025-09-24,La Liga,Getafe,Alaves,1.374557842570318,1.1418422738607705,0.42177379113747326,0.2667981200144416,0.31142808884808526,D
2025-09-24,La Liga,Ath Madrid,Vallecano,1.8944930099316564,0.9118530344599024,0.6043193053604363,0.21954755232707626,0.17613314231248742,H
2025-09-24,La Liga,Sociedad,Mallorca,1.552402857981737,1.1320961748105938,0.47017582487077303,0.2524233197993057,0.2774008553299213,H
2025-09-25,La Liga,Oviedo,Barcelona,0.7889782787866265,2.522896561890555,0.09544517452837656,0.15417224790076614,0.7503825775708574,A
2025-09-25,La Liga,Osasuna,Elche,1.5865619266536666,0.9609907470225005,0.519607134018621,0.25158984851759303,0.22880301746378592,D
2025-09-26,Bundesliga,Bayern Munich,Werder Bremen,3.3120777905859753,0.8743087179562256,0.8340486396518354,0.10349798863133915,0.06245337171682549,H
2025-09-26,La Liga,Girona,Espanol,1.2830603138106351,1.3293975512745795,0.3576201866519439,0.26309488192936337,0.37928493141869274,D
2025-09-26,Ligue 1,Strasbourg,Marseille,1.3967659499351786,1.3792814820791885,0.3769544421686073,0.25405113428814824,0.3689944235432444,A
2025-09-27,La Liga,Villarreal,Ath Bilbao,1.6505327165247192,1.100958218243403,0.5018137630665336,0.24446332069302673,0.2537229162404397,H
2025-09-27,Premier League,Crystal Palace,Liverpool,1.0971630327025623,1.673209407581521,0.24927239021100964,0.242500132812996,0.5082274769759944,H
2025-09-27,La Liga,Ath Madrid,Real Madrid,1.25242674972624,1.6944360110251753,0.28327103099907547,0.23899459352740332,0.47773437547352127,H
2025-09-27,Serie A,Como,Cremonese,1.581851723372003,0.9804875717005191,0.5136377006568438,0.25194243545987305,0.23441986388328326,D
2025-09-27,La Liga,Mallorca,Alaves,1.3481025902920445,1.195875139839285,0.4027876146043049,0.2663618197025694,0.33085056569312565,H
2025-09-27,Bundesliga,M'gladbach,Ein Frankfurt,1.1270392040776696,1.6879416943825383,0.2542112916147548,0.24099829582235194,0.5047904125628933,A
2025-09-27,Serie A,Cagliari,Inter,0.8977059979192206,2.2364818716783135,0.13709008308148088,0.18593509910404318,0.6769748178144759,A
2025-09-27,Premier League,Brentford,Man United,1.5105705135819716,1.1942528470691236,0.44544044751531753,0.2541841712683622,0.3003753812163203,H
2025-09-27,Ligue 1,Lorient,Monaco,1.0239172158532421,2.0648022613833494,0.1799416017853409,0.2064782293950552,0.613580168819604,H
2025-09-27,Serie A,Juventus,Atalanta,1.7220447909682675,1.3165879705942305,0.47010717069262026,0.23597360667736517,0.29391922263001463,D
2025-09-27,Bundesliga,Wolfsburg,RB Leipzig,1.2859245818633362,1.4428513931174125,0.33619923491396725,0.25568745783996355,0.4081133072460691,A
2025-09-27,Ligue 1,Toulouse,Nantes,1.587208381870288,1.0423737555710293,0.500019577563041,0.25082880703716737,0.24915161539979155,D
2025-09-27,La Liga,Getafe,Levante,1.5257812619721955,1.1813093882072145,0.45221135758925923,0.25337425621582665,0.2944143861949142,D
2025-09-27,Bundesliga,Mainz,Dortmund,1.2241143279424225,1.6154946135777903,0.28963270831492643,0.24541514070048337,0.4649521509845902,A
2025-09-27,Premier League,Leeds,Bournemouth,1.0958701045060548,1.4004912057782195,0.2944239141466626,0.2664549311822665,0.4391211546710709,D
2025-09-27,Premier League,Chelsea,Brighton,1.8197688957646985,1.0852875950291747,0.5456226678365957,0.2295333403102694,0.22484399185313494,A
2025-09-27,Premier League,Man City,Burnley,2.8380327055644243,0.6494563657528029,0.8223654951066921,0.11890853876269299,0.058725966130614954,H
2025-09-27,Premier League,Nott'm Forest,Sunderland,1.837596945289936,0.8779678775455187,0.600094693827515,0.2245261355398645,0.1753791706326205,A
2025-09-27,Bundesliga,Heidenheim,Augsburg,1.3010345492320459,1.4325844754031665,0.34202398569750136,0.25569611019182303,0.4022799041106756,H
2025-09-27,Bundesliga,St Pauli,Leverkusen,1.0322204582375318,2.0007348188456318,0.18933148525193746,0.2124680610628295,0.598200453685233,A
2025-09-27,Ligue 1,Paris SG,Auxerre,2.705158518637918,0.6687796972892767,0.8019294873305023,0.130591058609212,0.06747945406028576,H
2025-09-27,Premier League,Tottenham,Wolves,1.798839485665059,0.9619105873729641,0.5705008628673948,0.23017374148417,0.19932539564843516,D
2025-09-28,Ligue 1,Rennes,Lens,1.3013925923296765,1.4084627006006838,0.3467745774923554,0.25720708390674185,0.3960183386009027,D
2025-09-28,La Liga,Vallecano,Sevilla,1.5213809187390697,1.1362803009443856,0.4613432796375216,0.2549249691121024,0.2837317512503759,A
2025-09-28,Ligue 1,Nice,Paris FC,1.8793466520628022,1.034770713370435,0.5711308454021412,0.22359005775371613,0.20527909684414272,D
2025-09-28,Serie A,Milan,Napoli,1.3635483379624047,1.4124639444567257,0.36187748932163644,0.2539773683448791,0.3841451423334845,H
2025-09-28,La Liga,Betis,Osasuna,1.643973532035628,1.0465565661157592,0.5131050686400127,0.24548610674782978,0.24140882461215746,H
2025-09-28,Premier League,Aston Villa,Fulham,1.4661183244468976,1.0571730369265662,0.4654632096213884,0.2618068054102116,0.27272998496839995,H
2025-09-28,Bundesliga,FC Koln,Stuttgart,1.3491402996538857,1.4755154158453634,0.3459883532501954,0.25096602497175263,0.403045621778052,A
2025-09-28,La Liga,Elche,Celta,1.255553458059844,1.2670037865885135,0.3629714443578133,0.2686207929577611,0.36840776268442554,H
2025-09-28,Bundesliga,Union Berlin,Hamburg,1.8554709287437643,0.9493820678793651,0.5864400223293857,0.22433914817727546,0.18922082949333885,D
2025-09-28,Serie A,Lecce,Bologna,0.976661117995239,1.5974092905371828,0.231115183119512,0.25040316181330996,0.518481655067178,D
2025-09-28,Serie A,Pisa,Fiorentina,1.149640151270147,1.462035095879855,0.29754420808059906,0.2594241194915573,0.44303167242784364,D
2025-09-28,Ligue 1,Lille,Lyon,1.7306693750419293,1.1861758506238647,0.5013415697918183,0.23699221918262847,0.2616662110255532,A
2025-09-28,Premier League,Newcastle,Arsenal,1.1147156990744778,1.609341503325111,0.2636638771127052,0.24788332200434768,0.488452800882947,A
2025-09-28,Serie A,Roma,Verona,2.045461129373718,0.7291052518868663,0.6812104856967063,0.1964040521898246,0.12238546211346903,H
2025-09-28,Ligue 1,Angers,Brest,1.1167778676375593,1.5292973000277439,0.27741379796417426,0.25472862982119315,0.46785757221463253,A
2025-09-28,La Liga,Barcelona,Sociedad,2.9448584739433796,0.7376798992487327,0.8180086811561106,0.11775259659103512,0.06423872225285429,H
2025-09-28,Ligue 1,Metz,Le Havre,1.3009767741035425,1.3563367434228444,0.3569227918562985,0.2604643323004367,0.38261287584326487,D
2025-09-28,Serie A,Sassuolo,Udinese,1.296067095454043,1.2700629636059937,0.37316843278584966,0.26591731099494836,0.3609142562192019,H
2025-09-28,Bundesliga,Freiburg,Hoffenheim,1.9173663980078528,1.077149015726323,0.5695193667934253,0.2208047679755071,0.2096758652310677,D
2025-09-29,Premier League,Everton,West Ham,1.7646759134499561,0.9689763189074955,0.5608466885178068,0.2336532660574736,0.20550004542471964,D
2025-09-29,Serie A,Genoa,Lazio,1.1788408744462935,1.4058640496427908,0.3153989256851342,0.26278708851988686,0.421813985794979,A
2025-09-29,Serie A,Parma,Torino,1.1934153777955396,1.2212767611065112,0.3554635968796992,0.2755930589715938,0.36894334414870694,H
2025-09-30,La Liga,Valencia,Oviedo,1.6475292461673767,0.9950819400342146,0.5264051879426075,0.245352322643378,0.22824248941401445,A
2025-10-03,Ligue 1,Paris FC,Lorient,1.7647130227540637,1.1708825504775282,0.5128753415861301,0.23433288970033764,0.25279176871353226,H
2025-10-03,Bundesliga,Hoffenheim,FC Koln,1.6490392237251195,1.2376109481543898,0.47011481862634785,0.24262406403869127,0.28726111733496096,A
2025-10-03,La Liga,Osasuna,Getafe,1.5284067152787664,1.018381007424026,0.490851551347175,0.2567577076542264,0.25239074099859865,H
2025-10-03,Serie A,Verona,Sassuolo,1.365296937711614,1.1616456470949965,0.4148888217371028,0.2666650963438237,0.31844608191907353,A
2025-10-03,Premier League,Bournemouth,Fulham,1.4928559047994772,1.0812361443051433,0.4667741106393081,0.2587683430209155,0.2744575463397763,H
2025-10-04,Bundesliga,Ein Frankfurt,Bayern Munich,1.4127847644656937,2.5001653593333426,0.20427364069128534,0.18359903145236325,0.6121273278563515,A
2025-10-04,Premier League,Leeds,Tottenham,1.2401622332393452,1.3828561432545583,0.33584222207545356,0.2617686606244758,0.4023891173000707,A
2025-10-04,Serie A,Parma,Lecce,1.3932239778857638,1.0827143190741717,0.44020934633988673,0.2675748842931526,0.2922157693669608,A
2025-10-04,Bundesliga,Augsburg,Wolfsburg,1.4918225348075422,1.3116295646445033,0.4150533390288027,0.2514659104379235,0.33348075053327386,H
2025-10-04,La Liga,Ath Bilbao,Mallorca,1.7838145413903073,0.9115035009678127,0.5794837232181468,0.2308714536595565,0.1896448231222967,H
2025-10-04,Bundesliga,Leverkusen,Union Berlin,2.4257361773906196,0.8664697474746875,0.7175513067814323,0.16732068993561705,0.11512800328295063,H
2025-10-04,La Liga,Real Madrid,Villarreal,2.048379563714979,1.0137356786286145,0.612581870942372,0.20766556256936114,0.1797525664882668,H
2025-10-04,Premier League,Man United,Sunderland,1.7828334895861209,0.8964084310733708,0.5830211267937598,0.23069376067459688,0.18628511253164326,H
2025-10-04,Bundesliga,Dortmund,RB Leipzig,1.7460487171217522,1.0569095420234167,0.5352034710419913,0.23603969464699412,0.22875683431101457,D
2025-10-04,La Liga,Oviedo,Levante,1.4728540393135063,1.1458287109986665,0.44669947472836774,0.2586645461410853,0.29463597913054684,A
2025-10-04,Serie A,Atalanta,Como,1.9824953289350307,0.9323681298388424,0.6182631266712577,0.2114179164347646,0.17031895689397777,D
2025-10-04,La Liga,Girona,Valencia,1.2657471226364805,1.3021971206659326,0.358523878760573,0.2657813286586692,0.3756947925807579,H
2025-10-04,Ligue 1,Metz,Marseille,0.9165215145792716,2.143016098746323,0.14980618377182264,0.19547542022799214,0.6547183960001852,A
2025-10-04,Premier League,Arsenal,West Ham,2.689612225265469,0.7380367141585462,0.7855167697226217,0.13690045334279013,0.07758277693458816,H
2025-10-04,Serie A,Inter,Cremonese,2.771032018362162,0.7297446558416315,0.7980705918838211,0.12993682781957325,0.07199258029660562,H
2025-10-04,Ligue 1,Auxerre,Lens,1.1102057991334568,1.5119700837348633,0.27867348299865646,0.25637444919665064,0.46495206780469295,A
2025-10-04,Bundesliga,Werder Bremen,St Pauli,1.7430610148441121,1.15967006059643,0.5103675462879381,0.2361611422482175,0.2534713114638443,H
2025-10-04,Ligue 1,Brest,Nantes,1.7870480866281724,0.9967230881457464,0.5592861085665237,0.23177632834239567,0.20893756309108058,D
2025-10-04,Premier League,Chelsea,Liverpool,1.348269697232103,1.5868973367496517,0.32505959020192055,0.24413528280198074,0.4308051269960988,H
2025-10-04,Serie A,Lazio,Torino,1.82587259661814,0.8962590721122133,0.5928899098996966,0.2261923940542354,0.18091769604606794,D
2025-10-05,Serie A,Udinese,Cagliari,1.4465575800859163,1.082574545424183,0.4543867011088897,0.26285626893852726,0.282757029952583,D
2025-10-05,La Liga,Alaves,Elche,1.4221403898583163,1.0800265551592942,0.44853290206315743,0.26510705405792123,0.28636004387892133,H
2025-10-05,Bundesliga,M'gladbach,Freiburg,1.2752212660995121,1.5251178180046654,0.31819930476230945,0.250556688772235,0.4312440064654555,D
2025-10-05,Serie A,Fiorentina,Roma,1.1581775959555267,1.3615855406559771,0.3182209024953109,0.2671114794321582,0.41466761807253094,A
2025-10-05,Premier League,Aston Villa,Burnley,2.1243942524987047,0.7845448699969528,0.6828402531709101,0.19109253348847252,0.12606721334061735,H
2025-10-05,La Liga,Sevilla,Barcelona,0.8987630897644794,2.369129459578149,0.125347941465554,0.17405596983247448,0.7005960887019714,H
2025-10-05,La Liga,Espanol,Betis,1.2194192849341277,1.4702697523458226,0.3140546169968509,0.2563881455687211,0.42955723743442803,A
2025-10-05,Bundesliga,Hamburg,Mainz,1.0738270097864229,1.4308197966975635,0.28319511834692124,0.264532400303843,0.4522724813492357,H
2025-10-05,Ligue 1,Strasbourg,Angers,2.0194166428772764,0.8113253385333057,0.6555786512349516,0.20315229057469716,0.14126905819035132,H
2025-10-05,Bundesliga,Stuttgart,Heidenheim,1.9545649719110278,0.8546031436546014,0.6314164544684826,0.21160775682280134,0.15697578870871604,H
2025-10-05,La Liga,Celta,Ath Madrid,1.0967671781242765,1.7712408784300078,0.2344632915058312,0.23386715322543772,0.531669555268731,D
2025-10-05,Ligue 1,Monaco,Nice,1.8551123747338645,1.1371404598878831,0.5415324615169926,0.22680224706588156,0.2316652914171258,D
2025-10-05,Ligue 1,Le Havre,Rennes,1.246283260490661,1.304197004512291,0.3529379664075515,0.26676318506954055,0.38029884852290785,D
2025-10-05,Ligue 1,Lyon,Toulouse,1.9128455583366575,0.9593343557154613,0.5967273216204763,0.21893569530368243,0.18433698307584132,A
2025-10-05,Serie A,Juventus,Milan,1.6292034926991514,1.1991741423770106,0.47393282672283,0.24485550973885414,0.28121166353831584,D
2025-10-05,La Liga,Sociedad,Vallecano,1.4286262607014997,1.157811571010364,0.43248003223702597,0.2618268755124467,0.3056930922505273,A
2025-10-05,Ligue 1,Lille,Paris SG,1.2298809292053052,1.7997565949204857,0.26114209047937964,0.23128555366375517,0.5075723558568652,D
2025-10-05,Premier League,Newcastle,Nott'm Forest,1.6452401529372227,0.9675273076489406,0.5325853106675469,0.24560252685867487,0.2218121624737782,H
2025-10-05,Premier League,Wolves,Brighton,1.146050638089561,1.5871415159995899,0.2750915559747984,0.24923542457119915,0.47567301945400237,D
2025-10-05,Premier League,Brentford,Man City,1.144222532547976,1.8760578198822264,0.23029142406587497,0.22508849718275667,0.5446200787513683,A
2025-10-05,Serie A,Bologna,Pisa,1.8138580186255338,0.8860638380162081,0.5927095326668492,0.22721645795476242,0.1800740093783884,H
2025-10-05,Serie A,Napoli,Genoa,2.3265952545060857,0.7617575937844153,0.7247467270490988,0.17003524959408942,0.10521802335681181,H
2025-10-05,Premier League,Everton,Crystal Palace,1.3167144970904312,1.32843568661953,0.36663802192236,0.26127305586826993,0.37208892220937,H
2025-10-17,Ligue 1,Paris SG,Strasbourg,2.3923010989994506,0.9822598527094292,0.6858145179218609,0.1762741165020862,0.13791136557605296,D
2025-10-17,Bundesliga,Union Berlin,M'gladbach,1.6064073432758519,1.1505861698849749,0.47941447549392224,0.24755659146294776,0.27302893304313003,H
2025-10-17,La Liga,Oviedo,Espanol,1.3392732466155577,1.2243339660630368,0.39429466376462546,0.265568682734386,0.3401366535009885,A
2025-10-18,Bundesliga,Heidenheim,Werder Bremen,1.15778443965683,1.457617595362752,0.30044708341885845,0.2595096595436585,0.44004325703748304,D
2025-10-18,La Liga,Sevilla,Mallorca,1.6330546248198015,1.075091256209346,0.5036266425348391,0.24626522207859552,0.25010813538656546,A
2025-10-18,Serie A,Torino,Napoli,1.049614942510684,1.8046609139834557,0.21875039357303927,0.23062814749524466,0.550621458931716,H
2025-10-18,Bundesliga,Bayern Munich,Dortmund,2.3473309307358936,1.0124209711650287,0.6709922951141969,0.1814472307955112,0.14756047409029188,H
2025-10-18,Bundesliga,Wolfsburg,Stuttgart,1.2035756765796477,1.4067066730935172,0.3217279776758703,0.2616942201447077,0.41657780217942203,A
2025-10-18,La Liga,Villarreal,Betis,1.5959022732414838,1.1979281832349216,0.46601715879612426,0.2474780342665428,0.2865048069373329,D
2025-10-18,Premier League,Brighton,Newcastle,1.4571485373841206,1.2137291572149278,0.4274399535718537,0.2575632187109116,0.3149968277172346,H
2025-10-18,Bundesliga,RB Leipzig,Hamburg,2.0996610373894566,0.774685324171509,0.6804962502928429,0.1931021726989258,0.12640157700823137,H
2025-10-18,Premier League,Burnley,Leeds,1.3010282362522316,1.3161669714506983,0.3650175145640181,0.2628919595313294,0.37209052590465247,H
2025-10-18,Serie A,Lecce,Sassuolo,1.3742194826109844,1.2375320795615934,0.40069016017525616,0.2624898987777424,0.3368199410470014,D
2025-10-18,La Liga,Barcelona,Girona,2.9476899900225177,0.689919426008449,0.8273612245222521,0.1140658726806068,0.05857290279714109,H
2025-10-18,Premier League,Man City,Everton,2.2195640615134105,0.8984448522367738,0.6736431117711623,0.18753149816101367,0.13882539006782404,H
2025-10-18,Bundesliga,Mainz,Leverkusen,1.0555633089715915,1.8919081029551568,0.20826090135534436,0.22275824249774787,0.5689808561469077,A
2025-10-18,Serie A,Roma,Inter,1.3603359332905056,1.5025434129560837,0.34364817896600014,0.2488905981168156,0.40746122291718423,A
2025-10-18,Ligue 1,Nice,Lyon,1.3983654747578766,1.2753221759830982,0.39891937249388304,0.25907768321463653,0.34200294429148037,H
2025-10-18,Ligue 1,Marseille,Le Havre,2.1767917697921115,0.8027719148519803,0.6883360808947208,0.18682375151374842,0.12484016759153083,H
2025-10-18,Ligue 1,Angers,Monaco,0.936021438599271,2.0548060455111976,0.1630031110057181,0.2045770071271967,0.6324198818670852,D
2025-10-18,Premier League,Fulham,Arsenal,1.0136132262154214,1.8757029644026568,0.2010248546768539,0.22358788580162978,0.5753872595215163,A
2025-10-18,La Liga,Ath Madrid,Osasuna,2.1188066572610835,0.9270542380346133,0.6474501021661639,0.19818135860870467,0.15436853922513144,H
2025-10-18,Bundesliga,FC Koln,Augsburg,1.6406258199146122,1.2490867969552129,0.46551069483731133,0.24302220888719514,0.29146709627549355,D
2025-10-18,Premier League,Crystal Palace,Bournemouth,1.56155863097704,1.1265799459679249,0.4737584617372001,0.25176570910067153,0.2744758291621284,D
2025-10-18,Serie A,Pisa,Verona,1.4094080220551577,1.0349645696712348,0.45568599308477103,0.267733979190789,0.27658002772444,D
2025-10-18,Premier League,Sunderland,Wolves,1.2209924900445928,1.2351989242927572,0.36015776776420394,0.2728613149422024,0.36698091729359367,H
2025-10-18,Premier League,Nott'm Forest,Chelsea,1.1309453884787086,1.5780077488019,0.2728351594273623,0.2502872724766701,0.47687756809596754,A
2025-10-19,Ligue 1,Nantes,Lille,1.0792118736918088,1.7127527384413777,0.23894597955613578,0.23906474023987961,0.5219892802039846,A
2025-10-19,Bundesliga,Freiburg,Ein Frankfurt,1.5506940549930202,1.4436747208223766,0.4021017833601663,0.24288464445797295,0.3550135721818608,D
2025-10-19,Ligue 1,Toulouse,Metz,2.0376422326704198,0.9302823796775489,0.6302763449218329,0.20601696846789808,0.163706686610269,H
2025-10-19,La Liga,Elche,Ath Bilbao,1.0786361776570856,1.5265984698415795,0.26812947045434005,0.2558053209598817,0.47606520858577833,D
2025-10-19,Bundesliga,St Pauli,Hoffenheim,1.4207103151989673,1.197642944815073,0.4215422839780793,0.26089672239254963,0.31756099362937107,A
2025-10-19,Serie A,Atalanta,Lazio,1.778170868030786,1.1960662022550517,0.5102453134751005,0.2331385034067111,0.2566161831181884,D
2025-10-19,Ligue 1,Lorient,Brest,1.1803096907721016,1.6074515487119134,0.28020459071294135,0.24692706736458542,0.4728683419224732,D
2025-10-19,Premier League,Tottenham,Aston Villa,1.2844387400728463,1.3669516923226597,0.350509568626471,0.2606588546241182,0.3888315767494109,A
2025-10-19,La Liga,Getafe,Real Madrid,0.880248913504623,2.3074046577453977,0.12745940018354232,0.1785852417092235,0.6939553581072342,A
2025-10-19,La Liga,Levante,Vallecano,1.456411601291487,1.2066253257561164,0.42881864129781855,0.25788016299059563,0.31330119571158577,A
2025-10-19,Serie A,Como,Juventus,1.1131280378415325,1.5647906735376307,0.27055195166489926,0.2517548900079247,0.47769315832717596,H
2025-10-19,Serie A,Cagliari,Bologna,1.060449533406542,1.60501923413047,0.25087080064389666,0.248969428898501,0.5001597704576023,A
2025-10-19,La Liga,Celta,Sociedad,1.5000159672393671,1.0862363824719206,0.46745514046952485,0.2580076260292643,0.27453723350121084,D
2025-10-19,Serie A,Milan,Fiorentina,1.7443007455994697,0.9640647377019819,0.5572707284354881,0.23562855430577284,0.20710071725873913,H
2025-10-19,Ligue 1,Lens,Paris FC,1.857632296603158,0.9916883369883074,0.5766242267150864,0.22492619846078765,0.19844957482412592,H
2025-10-19,Ligue 1,Rennes,Auxerre,1.6642221514575175,1.0058565147733765,0.5278674613642044,0.24370740411458527,0.22842513452121044,D
2025-10-19,Serie A,Genoa,Parma,1.4984135497139708,1.0080696586656068,0.4855861134694037,0.25985355254877257,0.2545603339818237,D
2025-10-19,Premier League,Liverpool,Man United,2.189658581581319,0.838640524715906,0.6821718084496705,0.18743154902555742,0.130396642524772,A
2025-10-20,Serie A,Cremonese,Udinese,1.3679701665066681,1.1485599750344366,0.4185130998354998,0.26703536579472054,0.31445153436977974,D
2025-10-20,La Liga,Alaves,Valencia,1.4758668313697265,1.1484411047801029,0.4468845272808229,0.2583369636761023,0.29477850904307473,D
2025-10-20,Premier League,West Ham,Brentford,1.3098093249220648,1.375544098710019,0.35540190994768617,0.2588334201884081,0.3857646698639057,A
2025-10-24,Ligue 1,Paris FC,Nantes,1.5698223107908298,1.0853383338107088,0.48546001193953425,0.2518105847638336,0.2627294032966321,A
2025-10-24,Premier League,Leeds,West Ham,1.3833969715759273,1.161921607763043,0.4196412461585825,0.2652380045905913,0.31512074925082617,H
2025-10-24,La Liga,Sociedad,Sevilla,1.4190623126663175,1.1930366934153744,0.42212907248161846,0.2612060861576205,0.31666484136076095,H
2025-10-24,Serie A,Milan,Pisa,2.1473247538984888,0.7435431767053753,0.6971479496738019,0.1865231885230627,0.11632886180313542,D
2025-10-24,Bundesliga,Werder Bremen,Union Berlin,1.6157322911502159,1.190142217024962,0.4726742048648562,0.24608194082009466,0.2812438543150491,H
2025-10-25,Bundesliga,Hamburg,Wolfsburg,1.3864688000653609,1.23072461111655,0.4053681319981152,0.2619553559567072,0.3326765120451776,A
2025-10-25,La Liga,Girona,Oviedo,1.4232379903474301,1.0799271656465914,0.4488468920718888,0.26501273600571335,0.2861403719223979,D
2025-10-25,Bundesliga,M'gladbach,Bayern Munich,0.8463813507201481,2.9443026565466024,0.07748350282941983,0.1253175754643695,0.7971989217062107,A
2025-10-25,Bundesliga,Ein Frankfurt,St Pauli,2.235896482127713,0.9487020792000658,0.6649792304131369,0.18833045541728854,0.14669031416957462,H
2025-10-25,Bundesliga,Dortmund,FC Koln,2.0638470330719887,0.8574775407361138,0.653230690792501,0.20063476296625368,0.1461345462412454,H
2025-10-25,Serie A,Cremonese,Atalanta,0.9500914206048975,1.8062909516908003,0.1956406182373855,0.22924648520750346,0.575112896555111,D
2025-10-25,Ligue 1,Lens,Marseille,1.3772837871810146,1.513832320098434,0.3457188596853791,0.24755125542887474,0.4067298848857462,H
2025-10-25,Ligue 1,Monaco,Toulouse,1.9851099611134506,1.0926082140995683,0.5806549071601299,0.21514127444652092,0.20420381839334928,H
2025-10-25,Premier League,Brentford,Liverpool,1.150927184379163,1.6896118383605432,0.25970263920222897,0.24065114611944668,0.4996462146783244,H
2025-10-25,La Liga,Valencia,Villarreal,1.1619115825148314,1.5347303940783952,0.28794828680539303,0.253176971045755,0.45887474214885193,A
2025-10-25,La Liga,Ath Bilbao,Getafe,1.8024070969647337,0.862138204286545,0.5961061823769431,0.22787533115042458,0.17601848647263238,A
2025-10-25,La Liga,Espanol,Elche,1.5190033825598785,1.0074946050760172,0.4910544394018883,0.2578501125467065,0.2510954480514052,H
2025-10-25,Premier League,Chelsea,Sunderland,2.3041952074086787,0.7421484639905033,0.7255002052142535,0.17092910919731807,0.1035706855884284,A
2025-10-25,Premier League,Man United,Brighton,1.364871257509786,1.4026407154950649,0.36415985172908877,0.2544626657774936,0.38137748249341763,H
2025-10-25,Bundesliga,Hoffenheim,Heidenheim,1.7267475647424249,1.0240880495865652,0.5385059879438434,0.23773739188194276,0.2237566201742138,H
2025-10-25,Premier League,Newcastle,Fulham,1.6637216036751226,1.0083039277995676,0.52715173194222,0.24375313268912974,0.22909513536865023,H
2025-10-25,Serie A,Napoli,Inter,1.47089934813818,1.5512099278154032,0.36151274265658284,0.24177676117539676,0.39671049616802034,H
2025-10-25,Serie A,Udinese,Lecce,1.5086304762565457,1.0523071740958365,0.47766195675227824,0.25799586843014455,0.2643421748175772,H
2025-10-25,Ligue 1,Brest,Paris SG,1.0848851917812328,1.9317590165185545,0.2094766465116697,0.21965557999271282,0.5708677734956176,A
2025-10-25,Bundesliga,Augsburg,RB Leipzig,1.1424743786427172,1.590825065675795,0.2735895245539348,0.2489959015132941,0.4774145739327711,A
2025-10-25,Serie A,Parma,Como,1.0416537696443307,1.4204459792962358,0.2764561563340492,0.2664873787293957,0.4570564649365551,D
2025-10-26,Ligue 1,Auxerre,Le Havre,1.5441535659401662,1.086878409598985,0.4786056838265754,0.2540698570251079,0.2673244591483166,A
2025-10-26,Serie A,Torino,Genoa,1.5991409683628435,1.0399931352379763,0.5035757873170267,0.24973469973516224,0.246689512947811,H
2025-10-26,Bundesliga,Leverkusen,Freiburg,2.1635399646669753,0.9719055156375256,0.6456680835898668,0.1958123354801201,0.15851958093001306,H
2025-10-26,Ligue 1,Lyon,Strasbourg,1.557164958791295,1.3625334311446546,0.42050252616831213,0.2455121708218437,0.3339853030098442,H
2025-10-26,Serie A,Verona,Cagliari,1.267837804919636,1.0946929088090196,0.40328127780923795,0.27788561361394437,0.3188331085768177,D
2025-10-26,Premier League,Wolves,Burnley,1.5208885382291566,1.0252721076596678,0.48726447308789234,0.25736362611785557,0.25537190079425215,A
2025-10-26,La Liga,Mallorca,Levante,1.509990869785891,1.109726443366142,0.4645555563452609,0.2565569695900542,0.27888747406468506,D
2025-10-26,Premier League,Everton,Tottenham,1.520308696062985,1.1470855783062872,0.45859449819948583,0.25473582406113315,0.28666967773938107,A
2025-10-26,Serie A,Lazio,Juventus,1.3454759969963916,1.3780846166917111,0.3640929791985701,0.2568434726156587,0.37906354818577115,H
2025-10-26,Premier League,Aston Villa,Man City,1.2354582669469678,1.6308819907480572,0.2897990650277293,0.24402269506207375,0.46617823991019697,H
2025-10-26,Serie A,Sassuolo,Roma,0.9484442956134967,1.634465033906667,0.2186671749574952,0.24669386437155516,0.5346389606709496,A
2025-10-26,Serie A,Fiorentina,Bologna,1.31293980347844,1.4737080294546623,0.3372174075719074,0.25257284615838493,0.4102097462697077,D
2025-10-26,Ligue 1,Angers,Lorient,1.2936646989293232,1.2636273245066423,0.3738651637616366,0.2664456194297921,0.35968921680857135,H
2025-10-26,Bundesliga,Stuttgart,Mainz,1.829473668997573,1.0322212249014096,0.5604766999102373,0.22816532178397406,0.2113579783057887,H
2025-10-26,Premier League,Arsenal,Crystal Palace,2.042697944063347,0.9374000664301056,0.6296046661526353,0.20577988432580824,0.1646154495215565,H
2025-10-26,La Liga,Real Madrid,Barcelona,1.7971065436921247,1.331651095914323,0.4843209552866542,0.23060788787067285,0.2850711568426729,H
2025-10-26,Ligue 1,Rennes,Nice,1.4085983240144846,1.3874565295006718,0.3782995963224411,0.2529952936802543,0.3687051099973045,A
2025-10-26,Ligue 1,Lille,Metz,2.3671978685414214,0.6815140053551816,0.750046937247384,0.16090842391403207,0.08904463883858392,H
2025-10-26,Premier League,Bournemouth,Nott'm Forest,1.7916599291413902,0.9846598486407017,0.5632869320614621,0.23118881876273936,0.2055242491757985,H
2025-10-26,La Liga,Vallecano,Alaves,1.529679687186693,1.0804439207951986,0.47642827528990084,0.2554914060768217,0.2680803186332774,H
2025-10-26,La Liga,Osasuna,Celta,1.4354766717185559,1.145335325560948,0.4370858956499971,0.2617288881385035,0.30118521621149946,A
2025-10-27,La Liga,Betis,Ath Madrid,1.4493501901090946,1.4813404163188837,0.3697754593400687,0.24623188726085654,0.38399265339907473,A
2025-10-28,Serie A,Lecce,Napoli,0.9221051121821116,2.035759898560722,0.1622288264134078,0.20591097252068538,0.6318602010659069,A
2025-10-28,Serie A,Atalanta,Milan,1.4593292987763606,1.25937140725974,0.41803025165632,0.2556640597963474,0.32630568854733255,D
2025-10-29,Ligue 1,Paris FC,Lyon,1.1686664420032875,1.5589508362445874,0.28549759006968994,0.25105909331705983,0.4634433166132502,D
2025-10-29,Ligue 1,Toulouse,Rennes,1.5548946452012093,1.1868794737413615,0.45829456561247967,0.2509404350562833,0.2907649993312372,D
2025-10-29,Serie A,Bologna,Torino,1.9671344313876056,1.0156830528046836,0.594946021434221,0.21513849224390855,0.18991548632187044,D
2025-10-29,Ligue 1,Metz,Lens,0.8786613596478104,2.06152354872142,0.1506340061793425,0.2017462063061667,0.6476197875144908,H
2025-10-29,Serie A,Roma,Parma,2.1183593658389905,0.6782096923860766,0.7077841418677209,0.18567905457285613,0.10653680355942309,H
2025-10-29,Serie A,Genoa,Cremonese,1.4084193179569617,1.129518933093972,0.433547745840679,0.26452807252703153,0.30192418163228957,A
2025-10-29,Ligue 1,Marseille,Angers,2.499975988934459,0.7294041396790908,0.7599970628578924,0.15215752473074362,0.08784541241136405,D
2025-10-29,Serie A,Como,Verona,1.7122450993847869,0.8895456763178131,0.5681984585736366,0.2380798583474692,0.19372168307889417,H
2025-10-29,Ligue 1,Strasbourg,Auxerre,2.1427039199952906,0.9357506213067381,0.6500991219572103,0.19629596014811285,0.15360491789467684,H
2025-10-29,Ligue 1,Nantes,Monaco,1.1172244701903848,1.7193139327302722,0.24703144257858184,0.23836595926571444,0.5146025981557037,A
2025-10-29,Ligue 1,Le Havre,Brest,1.2462164167451726,1.4713998558812078,0.3207032435531365,0.25532529238711466,0.4239714640597488,H
2025-10-29,Ligue 1,Nice,Lille,1.4941992252976637,1.4464007793728293,0.38774762940979784,0.2457144564172986,0.36653791417290355,H
2025-10-29,Serie A,Juventus,Udinese,1.92863284524342,0.8662016541244633,0.6230150715387903,0.21468922087153378,0.16229570758967593,H
2025-10-29,Serie A,Inter,Fiorentina,2.194135876775982,0.914410195748939,0.6650843909270987,0.19061757560836792,0.14429803346453351,H
2025-10-29,Ligue 1,Lorient,Paris SG,0.8215127817334876,2.473663462408425,0.10406870411449788,0.16047857771922586,0.7354527181662762,D
2025-10-30,Serie A,Cagliari,Sassuolo,1.38345328562945,1.130155544140038,0.42677414992175594,0.2665623001528599,0.30666354992538414,A
2025-10-30,Serie A,Pisa,Lazio,1.0732078995114915,1.6176979588991895,0.2520467951741279,0.24767303308445796,0.5002801717414141,D
2025-10-31,La Liga,Getafe,Girona,1.4242196491508055,1.1250992522197338,0.4387224307759837,0.26337725597122214,0.29790031325279426,H
2025-10-31,Bundesliga,Augsburg,Dortmund,1.0481314718394201,1.746845872704774,0.22657048251662104,0.23594006792294112,0.5374894495604379,A
2025-11-01,Premier League,Fulham,Wolves,1.75235193339092,1.0317923526211787,0.5427068519139892,0.2353581734538295,0.22193497463218126,H
2025-11-01,Bundesliga,Bayern Munich,Leverkusen,2.0736835316851225,1.151085936943191,0.5859028088299149,0.20882092884546885,0.20527626232461632,H
2025-11-01,La Liga,Real Madrid,Valencia,2.7999704469427518,0.7385830471786378,0.8000285245374226,0.12836964099824355,0.07160183446433394,H
2025-11-01,Bundesliga,St Pauli,M'gladbach,1.361896311184498,1.224001517467078,0.4003563526757313,0.264001042261838,0.3356426050624307,A
2025-11-01,Bundesliga,Mainz,Werder Bremen,1.4943629784861197,1.2374488739423313,0.4317381202963413,0.25399996401446684,0.3142619156891918,D
2025-11-01,Serie A,Cremonese,Juventus,1.0285894213093387,1.6570430514239745,0.23503586198683005,0.24434467620274908,0.5206194618104208,A
2025-11-01,Ligue 1,Paris SG,Nice,2.191001840841465,0.9822875932313745,0.6485903444503441,0.19374730470352775,0.15766235084612817,H
2025-11-01,Serie A,Udinese,Atalanta,1.105908529060956,1.6310283915154118,0.2580142044345256,0.2461174928155134,0.49586830274996097,H
2025-11-01,Premier League,Liverpool,Aston Villa,1.7822625498094855,1.149550119215195,0.521904200527643,0.232940732382627,0.24515506708972995,H
2025-11-01,Bundesliga,RB Leipzig,Stuttgart,1.753203729643215,1.1189474555032861,0.5222276850992821,0.2354409592649856,0.24233135563573235,H
2025-11-01,Ligue 1,Auxerre,Marseille,1.047194870483348,1.9575125000349847,0.197921540925331,0.21669823916205685,0.585380219912612,A
2025-11-01,Premier League,Burnley,Arsenal,0.8137544616671297,2.2063365480256447,0.12427610845989426,0.18452701706399172,0.691196874476114,A
2025-11-01,Premier League,Tottenham,Chelsea,1.3185840530272204,1.4965495730775604,0.33434274718743545,0.2508956289173549,0.41476162389520976,A
2025-11-01,Serie A,Napoli,Como,1.9268760477551932,0.9371034454902906,0.605197892596986,0.21699795008952596,0.17780415731348806,D
2025-11-01,Premier League,Crystal Palace,Brentford,1.6363858272419998,1.2017250623086906,0.47511154898180885,0.24424882141808837,0.28063962960010275,H
2025-11-01,La Liga,Ath Madrid,Sevilla,2.383658104642557,0.8500527172535646,0.7141641078199097,0.17008496999281683,0.11575092218727351,H
2025-11-01,La Liga,Villarreal,Vallecano,1.8619657050148446,0.9602297191028045,0.5852437576446529,0.22391971928068924,0.19083652307465795,H
2025-11-01,La Liga,Sociedad,Ath Bilbao,1.1561317557900899,1.3343755772657475,0.32284355339236387,0.2693342136147368,0.40782223299289944,H
2025-11-01,Ligue 1,Monaco,Paris FC,2.1873022657077246,0.9565715925099897,0.6538793686198906,0.1930493234431744,0.1530713079369349,A
2025-11-01,Premier League,Brighton,Leeds,2.1070512357425812,0.9380842134741583,0.6424867144785275,0.19971570172936856,0.15779758379210398,H
2025-11-01,Bundesliga,Heidenheim,Ein Frankfurt,1.1358413612765585,1.8659538322217775,0.22983132833626654,0.22588035316117638,0.5442883185025571,D
2025-11-01,Premier League,Nott'm Forest,Man United,1.247772247015293,1.3951611416643805,0.3354626255918461,0.2605692086075047,0.4039681658006492,D
2025-11-01,Bundesliga,Union Berlin,Freiburg,1.3311073783310243,1.3104869611044934,0.37406416445893065,0.26146666467290974,0.3644691708681596,D
2025-11-02,La Liga,Betis,Mallorca,1.8587368617761937,0.9470706076581958,0.5877381888333307,0.2239675122938501,0.18829429887281915,H
2025-11-02,Serie A,Torino,Pisa,1.6566455327633338,0.948479894015329,0.5400765264157265,0.24441010884871264,0.21551336473556093,D
2025-11-02,Ligue 1,Nantes,Metz,1.773291241567231,0.9294588811002141,0.5725892822353489,0.23225591384174463,0.1951548039229065,A
2025-11-02,La Liga,Levante,Celta,1.276775929935049,1.351340780289816,0.35159300841610286,0.2620475787817074,0.3863594128021898,A
2025-11-02,Premier League,Man City,Bournemouth,2.0242550994266755,0.9992074758520246,0.6109959525282282,0.209454220827358,0.17954982664441363,H
2025-11-02,Premier League,West Ham,Newcastle,1.0545176269968877,1.5952330140152255,0.2509303003824309,0.24993932180552053,0.49913037781204855,H
2025-11-02,Ligue 1,Lens,Lorient,1.9376442817299622,0.8884207561265969,0.6194570559741709,0.21448995949016414,0.16605298453566497,H
2025-11-02,La Liga,Barcelona,Elche,2.6724509789787447,0.6963984622375913,0.7918569387736395,0.13527105136255924,0.07287200986380135,H
2025-11-02,Ligue 1,Rennes,Strasbourg,1.3411642245538358,1.6334592833391837,0.31501227223068706,0.2413588850552443,0.44362884271406866,H
2025-11-02,Serie A,Milan,Roma,1.4294202871952382,1.2531351771404025,0.41169636557406897,0.2579793020168371,0.33032433240909387,H
2025-11-02,Ligue 1,Lille,Angers,2.320411418459959,0.7752276281148588,0.7205617013208265,0.17144528922039443,0.10799300945877907,H
2025-11-02,Serie A,Fiorentina,Lecce,1.802323017447603,0.9289323239855128,0.5794190102796339,0.2292821511109299,0.19129883860943606,A
2025-11-02,Bundesliga,Wolfsburg,Hoffenheim,1.3236340349240912,1.2459913828429516,0.38553310573605837,0.2654919989787397,0.34897489528520204,A
2025-11-02,Serie A,Parma,Bologna,0.9567743082790298,1.7494698852302808,0.20468647268288406,0.23503428396148254,0.5602792433556334,A
2025-11-02,Ligue 1,Brest,Lyon,1.2823911186317507,1.475948449316495,0.3290644210387317,0.25363713710444186,0.4172984418568264,D
2025-11-02,Serie A,Verona,Inter,0.8048146904014598,2.298427847809038,0.11487241385804274,0.17526261751412545,0.7098649686278318,A
2025-11-02,Ligue 1,Toulouse,Le Havre,1.7473504768164019,1.0153971785386389,0.5454820366291476,0.23573943821299287,0.2187785251578596,D
2025-11-02,La Liga,Alaves,Espanol,1.2997518205379843,1.1706300728979901,0.3952845930346643,0.2712473158615172,0.3334680911038186,H
2025-11-02,Bundesliga,FC Koln,Hamburg,1.4849920489080954,1.0720095532005454,0.4668970471230848,0.25970515683894374,0.2733977960379715,H
2025-11-03,Serie A,Sassuolo,Genoa,1.430838536862738,1.0356495877742407,0.46123984368622883,0.2656898481932139,0.27307030812055727,A
2025-11-03,Serie A,Lazio,Cagliari,2.026347717134481,0.8237265579177023,0.65392551048837,0.20297841509452066,0.1430960744171093,H
2025-11-03,Premier League,Sunderland,Everton,1.1592205835457303,1.3303007479876872,0.32445678427109653,0.2695001902451765,0.40604302548372695,D
2025-11-03,La Liga,Oviedo,Osasuna,1.347388853157662,1.308681849750869,0.3786859258439004,0.2605952038411758,0.3607188703149238,D
2025-11-07,Ligue 1,Paris FC,Rennes,1.4591355421263426,1.3928221528885725,0.3899184752822835,0.24998947695088128,0.36009204776683523,A
2025-11-07,Serie A,Pisa,Cremonese,1.4223970568271604,1.1618652246375067,0.42993835373834854,0.2621691825064673,0.30789246375518414,H
2025-11-07,Bundesliga,Werder Bremen,Wolfsburg,1.6307246041462218,0.9982103756829603,0.5215069297915951,0.2469934401409215,0.23149963006748342,H
2025-11-07,La Liga,Elche,Sociedad,1.2378191122458642,1.3303066518098468,0.34548197852250107,0.2654817255719443,0.38903629590555466,D
2025-11-08,Serie A,Parma,Milan,0.8609752758832677,1.8118823994225122,0.1746169531232826,0.22682994770185952,0.5985530991748579,D
2025-11-08,Ligue 1,Marseille,Brest,2.049919000258164,0.9544883154565155,0.6269921943145584,0.20567724412014912,0.16733056156529244,H
2025-11-08,Bundesliga,Hoffenheim,RB Leipzig,1.2123042699053583,1.6884863043528355,0.274635634351889,0.2400331030083101,0.48533126263980086,H
2025-11-08,La Liga,Ath Madrid,Levante,2.487436166523942,0.7386210089010075,0.7560364063736813,0.15389008927330586,0.09007350435301283,H
2025-11-08,La Liga,Espanol,Villarreal,1.0684097179539784,1.654059468952406,0.24521960040411467,0.24441543773463392,0.5103649618612515,A
2025-11-08,La Liga,Sevilla,Osasuna,1.3821685577873175,1.232236811954686,0.4039148638815641,0.262186862247357,0.33389827387107884,H
2025-11-08,Serie A,Como,Cagliari,1.804489921075338,0.8770173894630203,0.5928420673301625,0.22800024971039343,0.17915768295944404,D
2025-11-08,Premier League,Sunderland,Arsenal,0.7757645353422866,2.0532798082876114,0.13087359972431897,0.19796368654064,0.671162713735041,D
2025-11-08,Bundesliga,M'gladbach,FC Koln,1.5261773388178599,1.2591331033591544,0.43501764026063056,0.2510095904043584,0.313972769335011,H
2025-11-08,Premier League,West Ham,Burnley,1.640087193349947,1.0280170945899254,0.5166006210961407,0.24595678492497283,0.2374425939788864,H
2025-11-08,Ligue 1,Monaco,Lens,1.630407468160187,1.2039903155162608,0.4731375111600066,0.2446728887314232,0.2821896001085703,A
2025-11-08,Serie A,Juventus,Torino,1.842218698895899,0.9631124013140283,0.5800986861766423,0.22591310359160935,0.1939882102317483,D
2025-11-08,Premier League,Chelsea,Wolves,2.2283457573799015,0.7939257832467533,0.6999349667709315,0.18131223181506564,0.11875280141400282,H
2025-11-08,Serie A,Lecce,Verona,1.3888600244408071,1.0736616034971078,0.44113220680305076,0.26829586567536673,0.2905719275215824,D
2025-11-08,Bundesliga,Union Berlin,Bayern Munich,0.804279954602878,2.386032090991519,0.10784430615937271,0.16717339868867537,0.7249822951519519,D
2025-11-08,Ligue 1,Le Havre,Nantes,1.5040808039738116,1.0996683073581646,0.4653717751978363,0.2573194599466488,0.2773087648555149,D
2025-11-08,Bundesliga,Hamburg,Dortmund,0.918747528791712,1.8127163286413077,0.187655207671734,0.22802845728372073,0.5843163350445453,D
2025-11-08,Premier League,Tottenham,Man United,1.404679925421924,1.3454914369734483,0.38587087878618825,0.25531264068115145,0.3588164805326602,D
2025-11-08,Premier League,Everton,Fulham,1.470067475610509,1.193916213692793,0.4351572911211001,0.257301700151107,0.3075410087277929,H
2025-11-08,Bundesliga,Leverkusen,Heidenheim,2.656750454706014,0.7169099204501707,0.7854171810175992,0.1380362336010771,0.07654658538132367,H
2025-11-08,La Liga,Girona,Alaves,1.3702523761925631,1.204796022263737,0.40672327011790466,0.2643163250219083,0.32896040486018696,H
2025-11-09,Ligue 1,Strasbourg,Lille,1.563472017934056,1.4696623927453636,0.3999212293708574,0.24120076956794476,0.35887800106119794,H
2025-11-09,Bundesliga,Stuttgart,Augsburg,1.952775321954016,0.8998397436384925,0.6198863450355468,0.21332777928299335,0.1667858756814598,H
2025-11-09,La Liga,Ath Bilbao,Oviedo,1.7908354673222828,0.9102183614484832,0.5814216942255767,0.23011984002915017,0.18845846574527306,H
2025-11-09,Premier League,Man City,Liverpool,1.7223151868526911,1.2677941185161565,0.48093929213151393,0.23671906783921248,0.28234164002927364,H
2025-11-09,Premier League,Brentford,Newcastle,1.4269193019991313,1.3095992308115756,0.3990252899613457,0.25567017846492734,0.3453045315737271,H
2025-11-09,Bundesliga,Ein Frankfurt,Mainz,2.0160131039843403,1.0411985152994743,0.5993161522788275,0.2113133541268113,0.1893704935943613,H
2025-11-09,Serie A,Atalanta,Sassuolo,1.8890776897788037,0.7970692420343958,0.6318106486763143,0.21648049018563936,0.15170886113804632,A
2025-11-09,Serie A,Inter,Lazio,2.0288985459392617,0.9648256779785035,0.62017029864774,0.20799343802027506,0.17183626333198485,H
2025-11-09,Ligue 1,Metz,Nice,0.9753300542920453,1.8714663665745566,0.19301386694997866,0.22329460660873035,0.583691526441291,H
2025-11-09,Ligue 1,Angers,Auxerre,1.3519715832177528,1.186632472952589,0.40583423371631255,0.2665223965285022,0.32764336975518527,H
2025-11-09,La Liga,Vallecano,Real Madrid,0.912998803896507,2.101160674266493,0.15341112265611032,0.19929127624592996,0.6472976010979598,D
2025-11-09,Bundesliga,Freiburg,St Pauli,1.7494520630768402,0.8521170524788434,0.5864265448112019,0.23340595721354102,0.180167497975257,H
2025-11-09,La Liga,Mallorca,Getafe,1.3680832861793961,1.1595150824285854,0.41610446469541257,0.2665425396276285,0.31735299567695885,H
2025-11-09,Serie A,Genoa,Fiorentina,1.2519454903854463,1.3397995088929453,0.34734561733916663,0.2640997829103966,0.38855459975043677,D
2025-11-09,Premier League,Crystal Palace,Brighton,1.5757749719807368,1.3040052719954376,0.43758280630524005,0.24620729909688166,0.31620989459787835,D
2025-11-09,La Liga,Celta,Barcelona,1.0735425899147666,1.8765809229016104,0.21433281530278847,0.22437402404595366,0.5612931606512578,A
2025-11-09,Ligue 1,Lorient,Toulouse,1.2075379873293464,1.4465362016188477,0.3153510664154193,0.25858202548312564,0.4260669081014549,D
2025-11-09,Ligue 1,Lyon,Paris SG,1.192969172685632,1.8293898766975782,0.2481449977317385,0.22906505346023345,0.522789948808028,A
2025-11-09,Serie A,Bologna,Napoli,1.394125628637914,1.3476613229110557,0.3827274191834622,0.2558132779646227,0.3614593028519151,H
2025-11-09,Serie A,Roma,Udinese,1.95699904269689,0.8626067367938924,0.62995136211382,0.21164344712312752,0.15840519076305254,H
2025-11-09,Premier League,Nott'm Forest,Leeds,1.5975013427213889,1.017917900898135,0.5084734756544362,0.25010027633995824,0.24142624800560558,H
2025-11-09,La Liga,Valencia,Betis,1.1265702434977227,1.5473388975624083,0.2768564649703018,0.252971409111708,0.47017212591799007,D
2025-11-09,Premier League,Aston Villa,Bournemouth,1.6961696800665627,1.1845376560432428,0.4934924598268041,0.23977136387228007,0.2667361763009158,H
2025-11-21,Bundesliga,Mainz,Hoffenheim,1.4125169393176864,1.3979906888706866,0.37716222663180515,0.2522528264319379,0.3705849469362569,D
2025-11-21,La Liga,Valencia,Levante,1.4877025760846423,1.065210127563941,0.46919843702957986,0.25962721390239274,0.2711743490680274,H
2025-11-21,Ligue 1,Nice,Marseille,1.4266287658759897,1.5049635604154465,0.35959110817893564,0.2460158104018214,0.39439308141924295,A
2025-11-22,Serie A,Cagliari,Genoa,1.3049356336375888,1.2081599758516506,0.38858410219523637,0.2688349189954219,0.34258097880934174,D
2025-11-22,Premier League,Wolves,Crystal Palace,1.028477395774831,1.7026832196469546,0.22827701637454056,0.2400234706372547,0.5316995129882047,A
2025-11-22,Bundesliga,Augsburg,Hamburg,1.5887033965168844,1.1486796404514705,0.47545720683638343,0.24905591438749045,0.27548687877612604,H
2025-11-22,Premier League,Fulham,Sunderland,1.6697557254076274,1.0089698294580116,0.5284593166700416,0.24316882805254106,0.2283718552774173,H
2025-11-22,Bundesliga,Dortmund,Stuttgart,1.6164971721843169,1.1101561164297915,0.4912891908894147,0.24732825178085246,0.26138255732973287,D
2025-11-22,Bundesliga,Bayern Munich,Freiburg,2.5398496857909594,0.7672085413396866,0.7577363119158965,0.15128380450559004,0.09097988357851347,H
2025-11-22,La Liga,Barcelona,Ath Bilbao,2.2007631706459323,0.944793344353842,0.6592220294366583,0.19133497266199634,0.14944299790134533,H
2025-11-22,Premier League,Burnley,Chelsea,0.971918420914011,1.937639804001019,0.18406574858406832,0.2168540029462852,0.5990802484696465,A
2025-11-22,La Liga,Villarreal,Mallorca,2.2540335313293354,0.8351892456609652,0.6948483332668771,0.181124608043684,0.12402705868943889,H
2025-11-22,Bundesliga,Wolfsburg,Leverkusen,0.9514094863112238,2.259575786568415,0.1448788781615535,0.18633407839733318,0.6687870434411133,A
2025-11-22,Premier League,Brighton,Brentford,1.6201889816129407,1.1509161179898013,0.48274229290574705,0.2464108882912804,0.2708468188029725,H
2025-11-22,Premier League,Bournemouth,West Ham,1.8801640403388327,1.0490377368071468,0.5679107379161893,0.22372726415894603,0.20836199792486462,D
2025-11-22,Premier League,Liverpool,Nott'm Forest,2.2049527712798063,0.8819593209902666,0.6747778112758249,0.18811001313731945,0.1371121755868556,A
2025-11-22,Serie A,Udinese,Bologna,1.1135932771481882,1.6206892553081245,0.2615592164937886,0.2469186268028913,0.4915221567033202,A
2025-11-22,Ligue 1,Lens,Strasbourg,1.7432299844116117,1.221318417257731,0.4963116994975457,0.23569742485854128,0.26799087564391294,H
2025-11-22,La Liga,Alaves,Celta,1.3348389656652995,1.2661369673766127,0.3842545047139589,0.26367062493588367,0.3520748703501575,A
2025-11-22,Premier League,Newcastle,Man City,1.1575723531173534,1.7079236328056473,0.2584215708520583,0.2390755073282972,0.5025029218196444,H
2025-11-22,Ligue 1,Paris SG,Le Havre,2.9098555024264705,0.6555575564641932,0.829549920688011,0.11415553633137591,0.05629454298061299,H
2025-11-22,La Liga,Osasuna,Sociedad,1.3804229436452677,1.1788966309909048,0.4150913168750965,0.26473157576253736,0.3201771073623661,A
2025-11-22,Bundesliga,Heidenheim,M'gladbach,1.269091611218807,1.4009584721640465,0.3398872972196073,0.25919675605513776,0.40091594672525493,A
2025-11-22,Serie A,Fiorentina,Juventus,1.192001976775701,1.5284341205548428,0.2966566068322577,0.2528688870037712,0.45047450616397117,D
2025-11-22,Bundesliga,FC Koln,Ein Frankfurt,1.1706309211061514,1.4547859061014936,0.30428907220400814,0.25929382546669055,0.43641710232930125,A
2025-11-22,Serie A,Napoli,Atalanta,1.6095510280273944,1.011298715630675,0.5130802387737233,0.24898807424303293,0.23793168698324374,H
2025-11-22,Ligue 1,Rennes,Monaco,1.4255287796325873,1.4215619761022464,0.3756986079433201,0.25038864073439276,0.3739127513222872,H
2025-11-23,Premier League,Leeds,Aston Villa,0.9613303615719772,1.8328039846602453,0.19478964634258508,0.2268071935422528,0.5784031601151621,A
2025-11-23,La Liga,Betis,Girona,1.9317283282130606,0.9561399388282382,0.6016189353085084,0.21702500172356498,0.18135606296792656,D
2025-11-23,Ligue 1,Brest,Metz,1.7553800928789418,0.9428286539443708,0.5651040915664359,0.23427154921587529,0.2006243592176889,H
2025-11-23,Serie A,Lazio,Lecce,1.7820935573705317,0.7920915697907694,0.6092953860717412,0.22827863952608637,0.16242597440217243,H
2025-11-23,Serie A,Verona,Parma,1.4064416609395762,1.1028404330551604,0.439104967616533,0.2656860549145612,0.29520897746890573,A
2025-11-23,Serie A,Cremonese,Roma,0.9546565738332536,1.678087976965594,0.21399292773479797,0.24223924194473717,0.5437678303204648,A
2025-11-23,Ligue 1,Toulouse,Angers,1.677594305284355,0.9835818857941588,0.536543444927472,0.24238447341465544,0.22107208165787265,A
2025-11-23,Ligue 1,Auxerre,Lyon,1.0474423532753514,1.749464237107594,0.22603237924755734,0.2356957987121298,0.5382718220403129,D
2025-11-23,Premier League,Arsenal,Tottenham,2.267279424904872,0.8101942566671813,0.7030980719766184,0.17850102197712572,0.11840090604625582,H
2025-11-23,Ligue 1,Nantes,Lorient,1.5284697738448771,1.1484139962646571,0.4603667784028453,0.25403058720918403,0.2856026343879706,D
2025-11-23,La Liga,Getafe,Ath Madrid,0.9429200910973726,1.7977452640992406,0.1950984120001441,0.229986267250291,0.574915320749565,A
2025-11-23,Serie A,Inter,Milan,1.8543983616117423,1.0778479759560375,0.5552754585565979,0.22639615882143072,0.21832838262197138,A
2025-11-23,Bundesliga,RB Leipzig,Werder Bremen,1.94096529851857,1.0155740361392318,0.5893108659544514,0.21755030513021767,0.19313882891533102,H
2025-11-23,Bundesliga,St Pauli,Union Berlin,1.1550437457602656,1.3773977588287238,0.3144151761467186,0.26600526582705025,0.41957955802623115,A
2025-11-23,Ligue 1,Lille,Paris FC,2.031233665217276,0.9172483301882519,0.6321007153022723,0.2061767821821532,0.16172250251557457,H
2025-11-23,La Liga,Elche,Real Madrid,0.7557322309383598,2.36088589742927,0.10163777428042522,0.1664543567849644,0.7319078689346104,D
2025-11-23,La Liga,Oviedo,Vallecano,1.1933664926506466,1.259257270363593,0.34770973335472033,0.27292002635440193,0.3793702402908776,D
2025-11-24,La Liga,Espanol,Sevilla,1.4572374955396283,1.145022852724485,0.44283293261206663,0.25996669613760864,0.29720037125032467,H
2025-11-24,Serie A,Torino,Como,1.313445368847843,1.14509065355426,0.40460113169555095,0.27152287576229694,0.32387599254215216,A
2025-11-24,Premier League,Man United,Everton,1.6748864384794953,1.1244995651781515,0.5022289238663561,0.24213518558398522,0.2556358905496587,A
2025-11-24,Serie A,Sassuolo,Pisa,1.3653971939423983,1.1274437152133725,0.4225579209618078,0.26816099838063595,0.30928108065755633,D
2025-11-28,La Liga,Getafe,Elche,1.3997423148275405,1.0445117133752648,0.45084779117673107,0.2683288686099498,0.28082334021331906,H
2025-11-28,Bundesliga,M'gladbach,RB Leipzig,1.2417323647105467,1.7924063968834787,0.26502732510498905,0.23177653437122667,0.5031961405237844,D
2025-11-28,Ligue 1,Metz,Rennes,1.1955389575344368,1.6859682564817209,0.27101581377410877,0.2404514667454477,0.48853271948044363,A
2025-11-28,Serie A,Como,Sassuolo,1.7929219247174792,0.9735107548910055,0.5662982189342711,0.2309217669061053,0.20278001415962368,H
2025-11-29,Ligue 1,Paris FC,Auxerre,1.5666023754690959,1.022186606196031,0.4996715735681169,0.2530263047268565,0.2473021217050265,D
2025-11-29,La Liga,Mallorca,Osasuna,1.4041444503326326,1.1584213390422995,0.4259097945386087,0.26374850679616385,0.3103416986652274,D
2025-11-29,Bundesliga,Union Berlin,Heidenheim,1.8245064463886855,0.8776138366410251,0.5972352075019687,0.22589608099131595,0.17686871150671526,A
2025-11-29,Serie A,Genoa,Verona,1.6812529035982888,1.0864327519531207,0.5127060657163034,0.24185503631517832,0.24543889796851825,H
2025-11-29,La Liga,Barcelona,Alaves,2.8323100731610276,0.6780457904720537,0.8160734411494471,0.12150143673657483,0.062425122113978035,H
2025-11-29,Serie A,Parma,Udinese,1.3636219600177952,1.2123665553013423,0.403326076236014,0.2644387907436469,0.332235133020339,A
2025-11-29,Bundesliga,Leverkusen,Dortmund,2.035904836114675,1.123404847334251,0.5843306302008217,0.21140197193225133,0.20426739786692696,A
2025-11-29,Ligue 1,Monaco,Paris SG,1.1272444853805192,1.9845543232599332,0.21173923362506614,0.21578591310240625,0.5724748532725276,H
2025-11-29,Serie A,Milan,Lazio,1.6313762832338046,1.0466687508771908,0.509978436939519,0.24665896472450882,0.243362598335972,H
2025-11-29,Serie A,Juventus,Cagliari,2.2152147948456786,0.7957429220296014,0.6971135875735353,0.18268649235504544,0.12019992007141934,H
2025-11-29,Bundesliga,Werder Bremen,FC Koln,1.7108223485445435,1.0804743163195711,0.5212285275327545,0.2392350653978978,0.2395364070693477,D
2025-11-29,Premier League,Brentford,Burnley,2.0696422741420415,0.8742474543150754,0.650323125355128,0.20076586750679853,0.14891100713807345,H
2025-11-29,La Liga,Levante,Ath Bilbao,1.0742907223417886,1.4972055633381243,0.2719263295129018,0.2585470803085685,0.4695265901785297,A
2025-11-29,Premier League,Tottenham,Fulham,1.4521738337930745,1.214777173213482,0.4259269100277347,0.25789113332688834,0.31618195664537696,A
2025-11-29,Premier League,Everton,Newcastle,1.3484808512567554,1.2921515972687132,0.3823979644050011,0.26141607334288863,0.35618596225211024,A
2025-11-29,Bundesliga,Bayern Munich,St Pauli,3.629451934504399,0.5646668089912606,0.9077628403857193,0.06603486316504656,0.02620229644923411,H
2025-11-29,La Liga,Ath Madrid,Oviedo,2.325811273178518,0.7105247845510331,0.7365373029733593,0.16681678221579282,0.09664591481084792,H
2025-11-29,Premier League,Sunderland,Bournemouth,1.198871600985497,1.5014108297295716,0.303178886386709,0.25474479944534567,0.44207631416794535,H
2025-11-29,Bundesliga,Hoffenheim,Augsburg,1.8521998743489712,0.9810983531760163,0.5779694908058066,0.22526418732569328,0.1967663218685001,H
2025-11-29,Ligue 1,Marseille,Toulouse,2.145532639772819,0.8728456375037816,0.6656116578973356,0.19332342769934363,0.1410649144033208,D
2025-11-29,Premier League,Man City,Leeds,2.753263058707349,0.6558787670366221,0.8107251681823135,0.12583031073397927,0.0634445210837072,H
2025-11-30,La Liga,Sociedad,Villarreal,1.1891399254287225,1.698511177419683,0.26746500261539313,0.23953304886460983,0.49300194851999707,A
2025-11-30,Ligue 1,Lyon,Nantes,2.0351497297765206,0.913929919625862,0.633709257140271,0.20567786318195044,0.16061287967777857,H
2025-11-30,Bundesliga,Ein Frankfurt,Wolfsburg,2.101173571259707,0.8845909937575659,0.6541145896944045,0.19812056948965204,0.1477648408159435,D
2025-11-30,Serie A,Pisa,Inter,0.9505358032208344,1.9666420670599483,0.17601054104079655,0.21349695796760224,0.6104925009916012,A
2025-11-30,Serie A,Atalanta,Fiorentina,1.6194772698473239,1.1056790203382574,0.4930733260952543,0.24712836429144655,0.25979830961329914,H
2025-11-30,La Liga,Celta,Espanol,1.6049921831597698,1.078638183283363,0.49584186191607615,0.24875654866163116,0.2554015894222927,A
2025-11-30,Premier League,Nott'm Forest,Brighton,1.354381868774614,1.4216999706526914,0.3577309342379533,0.25389620681890024,0.38837285894314644,A
2025-11-30,La Liga,Girona,Real Madrid,0.8798678187170563,2.1947367651533867,0.13768388454324393,0.18897020853534108,0.6733459069214149,D
2025-11-30,Bundesliga,Hamburg,Stuttgart,1.0212995554664526,1.838276664022407,0.20768771612642686,0.22720862694820088,0.5651036569253722,H
2025-11-30,Ligue 1,Le Havre,Lille,1.0157561726056492,1.6972085262110472,0.22601502245196214,0.24052994060950425,0.5334550369385336,A
2025-11-30,Bundesliga,Freiburg,Mainz,1.6484366476713028,1.1562898057326048,0.4884306997260384,0.24399804367065284,0.2675712566033087,H
2025-11-30,Serie A,Roma,Napoli,1.4696833910392035,1.244044514390149,0.42400672010249457,0.2555278262002557,0.3204654536972497,A
2025-11-30,Ligue 1,Lorient,Nice,1.0863912484017448,1.5263677125218322,0.2701510940744777,0.25566199763101116,0.47418690829451116,H
2025-11-30,Ligue 1,Angers,Lens,1.0382039518168178,1.6483520048641696,0.23869542747780587,0.24512367922672335,0.5161808932954708,A
2025-11-30,Serie A,Lecce,Torino,1.1620552185912005,1.323165130702085,0.32659472711288107,0.2699104338582774,0.40349483902884165,H
2025-11-30,La Liga,Sevilla,Betis,1.145640139448055,1.5509808886917402,0.28105858618805374,0.2522408138499581,0.4667005999619881,A
2025-11-30,Ligue 1,Strasbourg,Brest,1.6781607732086412,1.0279463390585315,0.5259131675678587,0.2423442353190886,0.23174259711305276,A
2025-11-30,Premier League,West Ham,Liverpool,1.1204757414818254,1.7727244626759218,0.23978882461667012,0.2337616471034633,0.5264495282798666,A
2025-11-30,Premier League,Chelsea,Arsenal,1.311727853758663,1.5061920915057454,0.3308251468595673,0.250535718522642,0.4186391346177907,D
2025-11-30,Premier League,Aston Villa,Wolves,2.352569425954084,0.7210852833319118,0.7385234082857104,0.1649795848800509,0.09649700683423873,H
2025-11-30,Premier League,Crystal Palace,Man United,1.6814902385155972,1.13282334010946,0.5018871120921639,0.24149859560400858,0.2566142923038276,A
2025-12-01,La Liga,Vallecano,Valencia,1.4305213080473826,0.9935369456144034,0.4712071758041112,0.2668832782670327,0.26190954592885607,D
2025-12-01,Serie A,Bologna,Cremonese,2.195017972442732,0.8138315181783896,0.68908398696948,0.18562844129656642,0.12528757173395347,A
2025-12-02,Premier League,Bournemouth,Everton,1.5481372584301796,1.1956011368402106,0.45463127675908077,0.25124392613582985,0.2941247971050894,A
2025-12-02,Premier League,Newcastle,Tottenham,1.9765126909007737,1.0305291047724403,0.5934292448622984,0.21462269675498924,0.1919480583827123,D
2025-12-02,Premier League,Fulham,Man City,1.0820690114199472,1.7989625154383537,0.22704880932925378,0.23136207246892201,0.5415891182018242,A
2025-12-02,La Liga,Barcelona,Ath Madrid,1.9795946692243425,1.1852112069867422,0.5580642213351197,0.2169864015711297,0.2249493770937506,H
2025-12-03,Premier League,Brighton,Aston Villa,1.447101309267171,1.2767218440496098,0.41116731721404975,0.2557925137022521,0.33304016908369816,A
2025-12-03,Premier League,Arsenal,Brentford,2.2832698552785335,0.9155947807232631,0.6814342597534878,0.18254330229380808,0.13602243795270416,H
2025-12-03,Premier League,Wolves,Nott'm Forest,1.1316569771969038,1.5257377287555343,0.2818083231841446,0.25467552259349985,0.46351615422235554,A
2025-12-03,La Liga,Ath Bilbao,Real Madrid,1.0798770757242588,1.8128746039561139,0.2245722903756879,0.23010991944310705,0.545317790181205,A
2025-12-03,Premier League,Burnley,Crystal Palace,1.0006773996299227,1.7188717832986966,0.21930368013709767,0.2383976800516334,0.5422986398112689,A
2025-12-03,Premier League,Liverpool,Sunderland,2.3641122781984594,0.7927541969234395,0.7239400870003683,0.16846508253170764,0.10759483046792408,D
2025-12-03,Premier League,Leeds,Chelsea,0.9645724822622923,1.917931621414137,0.18486275454780637,0.2185690277922973,0.5965682176598963,H
2025-12-04,Premier League,Man United,West Ham,1.8854558977452578,1.067556698039933,0.5646971743006735,0.2235058461833344,0.2117969795159921,D
2025-12-05,Ligue 1,Lille,Marseille,1.4441393779436722,1.4213004180309667,0.38040219287703325,0.24944822248689513,0.37014958463607167,H
2025-12-05,Ligue 1,Brest,Monaco,1.3309056553533904,1.3984441172591204,0.3563141701806034,0.25639832477564034,0.3872875050437562,H
2025-12-05,La Liga,Oviedo,Mallorca,1.3214410413021587,1.1614004507260438,0.40317319203475366,0.27007609843488195,0.32675070953036434,D
2025-12-05,Bundesliga,Mainz,M'gladbach,1.3624050642102377,1.27558963348654,0.38950446144364526,0.2613996226282068,0.34909591592814787,A
2025-12-06,Serie A,Sassuolo,Fiorentina,1.3219217562566201,1.3008541713176445,0.37363824554398933,0.2625572990224404,0.3638044554335704,H
2025-12-06,Premier League,Bournemouth,Chelsea,1.2472439684018577,1.548183109445216,0.3070552041766102,0.24980537167274772,0.4431394241506421,D
2025-12-06,Premier League,Tottenham,Brentford,1.3809285257281343,1.3789501325989242,0.3729910010158877,0.25492102411468087,0.37208797486943135,H
2025-12-06,La Liga,Villarreal,Getafe,2.2562355482003156,0.7637395102609958,0.7120815438270446,0.17686711288781964,0.11105134328513575,H
2025-12-06,Premier League,Man City,Sunderland,2.946022729761556,0.7566371710338922,0.814547954757899,0.11902497221985041,0.06642707302225065,H
2025-12-06,Bundesliga,RB Leipzig,Ein Frankfurt,1.7622906278297505,1.1519279666232813,0.5166844649285295,0.23459960689765957,0.2487159281738109,H
2025-12-06,Premier League,Leeds,Liverpool,0.9708611696883653,1.9218861406263634,0.18575356784722014,0.2183382209231006,0.5959082112296793,D
2025-12-06,Premier League,Aston Villa,Arsenal,1.3779688150067206,1.6111331476747026,0.3278906436205276,0.24171822104108837,0.4303911353383839,H
2025-12-06,Ligue 1,Paris SG,Rennes,2.2720423906944016,0.8917861518338834,0.6849024486374762,0.18238743718568426,0.13271011417683956,H
2025-12-06,La Liga,Ath Bilbao,Ath Madrid,1.2083835575509485,1.5958545516392153,0.2890992222204247,0.24725317051393694,0.4636476072656384,H
2025-12-06,Bundesliga,FC Koln,St Pauli,1.7509685867596816,1.0148185921457902,0.5464741924928327,0.23539118722808172,0.2181346202790856,D
2025-12-06,La Liga,Betis,Barcelona,1.1388993833019154,1.9716785486902864,0.21596875865669746,0.21704071235740063,0.566990528985902,A
2025-12-06,Bundesliga,Stuttgart,Bayern Munich,1.1527953845467513,2.3150950473130925,0.17696647213350453,0.18946429524251732,0.6335692326239781,A
2025-12-06,Bundesliga,Augsburg,Leverkusen,0.9103179117084621,2.2446684094975256,0.13866303585174314,0.1857855347712413,0.6755514293770155,H
2025-12-06,Ligue 1,Toulouse,Strasbourg,1.2945627036367717,1.3561868255186682,0.35528088673377617,0.2608110901105744,0.3839080231556494,H
2025-12-06,Serie A,Verona,Atalanta,1.0015850148269634,1.6843536626023303,0.22445720523330862,0.2417514691365871,0.5337913256301042,H
2025-12-06,Serie A,Inter,Como,2.0579967110482182,0.9373139149539031,0.6327620843480445,0.20431918745276445,0.16291872819919112,H
2025-12-06,Bundesliga,Heidenheim,Freiburg,1.1224897712455653,1.6295481756813526,0.26233079890801064,0.24603811294738231,0.49163108814460704,H
2025-12-06,Premier League,Newcastle,Burnley,2.4260336162371607,0.7820556440476237,0.7366092529150953,0.16219717558124375,0.10119357150366098,H
2025-12-06,Ligue 1,Nantes,Lens,1.0359737187111695,1.829652026105749,0.21219005443819602,0.2281919955567391,0.5596179500050649,A
2025-12-06,Bundesliga,Wolfsburg,Union Berlin,1.358936518862355,1.2175164061242771,0.40097295310434566,0.26452535985087144,0.3345016870447829,H
2025-12-06,Premier League,Everton,Nott'm Forest,1.5008395155907086,1.1462918322601976,0.45380052801335846,0.2563573598616636,0.28984211212497796,H
2025-12-06,La Liga,Alaves,Sociedad,1.2868351650634577,1.3552560427229337,0.35344858154736736,0.2612738979282851,0.3852775205243476,H
2025-12-07,Ligue 1,Nice,Angers,1.8258679067592196,0.9564926971079044,0.5780120249820415,0.227407143237396,0.1945808317805624,A
2025-12-07,Serie A,Napoli,Juventus,1.5347734080242255,1.1442090760242256,0.4629295395096989,0.2536153281984547,0.28345513229184643,H
2025-12-07,Premier League,Brighton,West Ham,1.990678497330157,0.9712941072760297,0.6105971898074204,0.21179310071102686,0.17760970948155275,D
2025-12-07,La Liga,Valencia,Sevilla,1.4652582156087923,1.0411253864567593,0.46902944775040883,0.26230046528192086,0.26867008696767025,D
2025-12-07,Bundesliga,Dortmund,Hoffenheim,1.9389528631055406,1.0249408501411486,0.5866362489878031,0.2179326826417797,0.19543106837041718,H
2025-12-07,La Liga,Espanol,Vallecano,1.3413079858464472,1.0723352110165771,0.42857802418994356,0.27258819346010993,0.2988337823499464,H
2025-12-07,Bundesliga,Hamburg,Werder Bremen,1.1145961865770657,1.3905577643612865,0.30121325464645643,0.2665936134305028,0.43219313192304065,H
2025-12-07,La Liga,Elche,Girona,1.3141922054092536,1.2705767600302558,0.3778707946920857,0.2647459149288236,0.3573832903790907,H
2025-12-07,La Liga,Real Madrid,Celta,2.5792301477623933,0.7658179743376912,0.7639257518007299,0.14786126923716367,0.08821297896210649,A
2025-12-07,Serie A,Cremonese,Lecce,1.4944347876412034,1.0277072446234239,0.47984057314980044,0.259846848138737,0.26031257871146257,H
2025-12-07,Serie A,Lazio,Bologna,1.3547850111419388,1.2750844407237938,0.3876168633925493,0.26191516126678194,0.3504679753406689,D
2025-12-07,Ligue 1,Le Havre,Paris FC,1.3081310102146582,1.1913924981185349,0.3930493863109015,0.2695139353108349,0.3374366783782637,D
2025-12-07,Serie A,Cagliari,Roma,0.9530309375164905,1.8669981797552095,0.18859628462167255,0.2232765869428742,0.5881271284354532,H
2025-12-07,Premier League,Fulham,Crystal Palace,1.3611825701162452,1.332124898188644,0.3774428223647607,0.25852054640346506,0.3640366312317744,A
2025-12-07,Ligue 1,Auxerre,Metz,1.386853994715641,1.081813963281864,0.4387106833301857,0.26817075805485413,0.29311855861496017,H
2025-12-07,Ligue 1,Lorient,Lyon,1.100255811574551,1.6558828151512013,0.25271455663236636,0.24400001133315513,0.5032854320344784,H
2025-12-08,La Liga,Osasuna,Levante,1.6253516346547452,1.0193406387909334,0.5150578213884239,0.24741216827168966,0.23753001033988638,H
2025-12-08,Serie A,Pisa,Parma,1.574988961032182,1.042142622839059,0.4970028705137691,0.2519777808154058,0.251019348670825,A
2025-12-08,Serie A,Torino,Milan,1.0521298769443912,1.6150529031789482,0.24723489041973415,0.24812968494660836,0.5046354246336575,A
2025-12-08,Serie A,Udinese,Genoa,1.4588168296823187,1.185380588658844,0.43415939692837563,0.2584626905032835,0.3073779125683408,A
2025-12-08,Premier League,Wolves,Man United,1.0048176052426685,1.5987769138283976,0.23795465808575164,0.2500834382628285,0.5119619036514199,A
2025-12-12,Serie A,Lecce,Pisa,1.2712571547912923,1.1592981260765254,0.38997973482485637,0.27402733828571874,0.3359929268894249,H
2025-12-12,La Liga,Sociedad,Girona,1.6374986774100344,1.0536641333459136,0.5098151866679217,0.24603883836788248,0.24414597496419577,A
2025-12-12,Bundesliga,Union Berlin,RB Leipzig,1.0883228469794173,1.7764834546055788,0.23172854084984984,0.23338450849133638,0.5348869506588138,H
2025-12-12,Ligue 1,Angers,Nantes,1.4234289814512198,1.0295460316524048,0.4607133624253209,0.2665710696764751,0.272715567898204,H
2025-12-13,La Liga,Barcelona,Osasuna,3.1389229400060445,0.737565392608827,0.8395728587731535,0.10479463780984005,0.055632503417006436,H
2025-12-13,Premier League,Burnley,Fulham,1.1402910747116617,1.5763559549499744,0.2754487026733386,0.2502451339990141,0.4743061633276473,A
2025-12-13,La Liga,Ath Madrid,Valencia,2.059342190142456,0.8160585453726189,0.6624454999095309,0.1992554220723651,0.13829907801810393,H
2025-12-13,Ligue 1,Paris FC,Toulouse,1.261408698864253,1.2047066419736943,0.37754732724630935,0.27208754392571616,0.35036512882797455,A
2025-12-13,Serie A,Atalanta,Cagliari,1.8795813079038926,0.9167464844053929,0.599827961347139,0.2211807743089758,0.17899126434388513,H
2025-12-13,La Liga,Mallorca,Elche,1.4460270559450585,1.1362431397324195,0.4419062100113379,0.26118019886290283,0.2969135911257593,H
2025-12-13,Ligue 1,Metz,Paris SG,0.7506607651397718,2.6764154880705533,0.08008606035422972,0.138846916277412,0.7810670233683583,A
2025-12-13,Ligue 1,Rennes,Brest,1.5377306733250296,1.1511424534716317,0.4620915043204175,0.2532022024116415,0.28470629326794106,H
2025-12-13,Premier League,Liverpool,Brighton,1.7718324931490865,1.126624457422889,0.5248039327746563,0.23383751770797706,0.24135854951736652,H
2025-12-13,Bundesliga,Hoffenheim,Hamburg,1.8463904511346698,0.9738197916595654,0.5784296042940833,0.22569857305171673,0.1958718226542,H
2025-12-13,Bundesliga,M'gladbach,Wolfsburg,1.6827589007997759,1.0922582418524167,0.5116949594707628,0.2416879511803185,0.24661708934891863,A
2025-12-13,Bundesliga,Leverkusen,FC Koln,2.5322091715161346,0.8849984715880436,0.7308293972139224,0.15934336641441502,0.10982723637166258,H
2025-12-13,La Liga,Getafe,Espanol,1.2396694918827698,1.1679693707279273,0.3794228008258242,0.27588090816622474,0.3446962910079511,A
2025-12-13,Bundesliga,St Pauli,Heidenheim,1.3933872744581948,1.1361679039003942,0.42806083084631724,0.26550479464969085,0.30643437450399186,H
2025-12-13,Serie A,Parma,Lazio,1.0526801761603155,1.573458882759613,0.25391744219931245,0.25197894878788374,0.49410360901280387,A
2025-12-13,Premier League,Chelsea,Everton,1.6515998474366798,1.0559519201109726,0.5127293472732742,0.2447215278340975,0.2425491248926282,H
2025-12-13,Bundesliga,Ein Frankfurt,Augsburg,1.838654384932871,0.9690864423683769,0.5778345299183875,0.22636961538257558,0.19579585469903685,H
2025-12-13,Serie A,Torino,Cremonese,1.5930298986869067,1.1796669733655185,0.4694451683100026,0.24808938909858472,0.2824654425914127,H
2025-12-13,Premier League,Arsenal,Wolves,3.023735350524829,0.6002572958751735,0.8520747670699426,0.10206638377273387,0.04585884915732353,H
2025-12-14,Premier League,Crystal Palace,Man City,1.210929855543928,1.7407870154511922,0.2659274814544335,0.23598177266185721,0.4980907458837092,A
2025-12-14,Ligue 1,Strasbourg,Lorient,1.6696391022725356,0.9883988194581206,0.5334353746440951,0.24317818136722635,0.2233864439886786,D
2025-12-14,Premier League,Brentford,Leeds,1.8929021876466945,1.0582114293904914,0.5685736562853959,0.2227074028985255,0.2087189408160786,D
2025-12-14,La Liga,Sevilla,Oviedo,1.3428744217280177,1.025478902656849,0.43988507484884476,0.2743804230992816,0.2857345020518737,H
2025-12-14,Premier League,Sunderland,Newcastle,1.1107227537341853,1.7393798343353237,0.24245799854488917,0.23664992576424546,0.5208920756908654,H
2025-12-14,Bundesliga,Freiburg,Dortmund,1.2669253996013583,1.5917171536540708,0.3042575202172834,0.2461432346809351,0.4495992451017815,D
2025-12-14,La Liga,Alaves,Real Madrid,0.8560051746654656,2.006380835304456,0.1517487809884741,0.20635318031660557,0.6418980386949203,A
2025-12-14,Serie A,Bologna,Juventus,1.4982577108511115,1.2765764931723362,0.4241961520754809,0.2523487559104924,0.32345509201402667,A
2025-12-14,Ligue 1,Lyon,Le Havre,1.816489928044605,0.8249846838058954,0.6086928180057706,0.22536929996863136,0.16593788202559806,H
2025-12-14,Ligue 1,Marseille,Monaco,1.7847106232281378,1.058844218929591,0.5437993253974319,0.232516622658117,0.22368405194445118,H
2025-12-14,Premier League,Nott'm Forest,Tottenham,1.538006991994376,1.1897616638654904,0.45339603310795856,0.25218626699248303,0.2944176998995583,H
2025-12-14,Bundesliga,Werder Bremen,Stuttgart,1.450816045116836,1.353490807065015,0.3959254897623524,0.2522430167058375,0.35183149353181015,A
2025-12-14,Premier League,West Ham,Aston Villa,1.0885196019892567,1.8255757506642032,0.22476735325367775,0.229041814087718,0.5461908326586042,A
2025-12-14,Serie A,Fiorentina,Verona,1.70648322390684,1.00899652638435,0.5373185481795755,0.23962529842392288,0.22305615339650162,A
2025-12-14,Serie A,Genoa,Inter,1.0009767407529282,2.06369869899838,0.17533925692217073,0.20589390322806983,0.6187668398497594,A
2025-12-14,Serie A,Milan,Sassuolo,2.2264299349685657,0.8388644001140348,0.6889453116274852,0.1839283037195079,0.12712638465300688,D
2025-12-14,La Liga,Celta,Ath Bilbao,1.3287147843105438,1.2151095339987967,0.3934625866703174,0.2667856281236175,0.3397517852060651,H
2025-12-14,Bundesliga,Bayern Munich,Mainz,3.4599365660949277,0.6431556136486651,0.8843617646343812,0.07964070746626843,0.03599752789935032,D
2025-12-14,Ligue 1,Lens,Nice,1.9512722734956909,0.9696378221159845,0.6025778994405869,0.21549317020916933,0.1819289303502437,H
2025-12-14,Ligue 1,Auxerre,Lille,0.9851654799475376,1.6015708820880394,0.2326185689241268,0.24993852710246564,0.5174429039734075,A
2025-12-14,Serie A,Udinese,Napoli,0.9218198600113796,1.7906907142784683,0.19114790826395467,0.230345114319243,0.5785069774168023,H
2025-12-15,Serie A,Roma,Como,1.691322923424892,1.0321527683459233,0.5280818314845318,0.241096410680728,0.2308217578347402,H
2025-12-15,La Liga,Vallecano,Betis,1.1617502143358083,1.4741640830352931,0.29851697463799964,0.2580534763950452,0.4434295489669552,D
2025-12-15,Premier League,Man United,Bournemouth,1.6597118804089037,1.1086037634646744,0.5022598586437547,0.2435890359403944,0.25415110541585084,D
2025-12-19,La Liga,Valencia,Mallorca,1.4240822838835805,1.1268322701854314,0.4382917995938011,0.26332677417825245,0.2983814262279465,D
2025-12-19,Bundesliga,Dortmund,M'gladbach,2.1115475678171665,0.8835722021935244,0.6564090441528185,0.19707354446746744,0.14651741137971408,H
2025-12-20,La Liga,Oviedo,Celta,1.056834050791303,1.4090149292127698,0.2824964740977814,0.26706081786354063,0.45044270803867786,D
2025-12-20,Premier League,Tottenham,Liverpool,1.0888872648938264,1.8084161304684756,0.22727886258998822,0.23056025418353512,0.5421608832264766,A
2025-12-20,Premier League,Leeds,Crystal Palace,1.2150116322341795,1.54848521283005,0.29893556705293817,0.2506969548694326,0.4503674780776292,H
2025-12-20,Premier League,Man City,West Ham,2.897176331598659,0.7821744177569602,0.8037092949491024,0.1242892690025107,0.07200143604838692,H
2025-12-20,La Liga,Levante,Sociedad,1.213470763643898,1.3909972720236692,0.32728846973106374,0.26241396291940744,0.4102975673495288,D
2025-12-20,Premier League,Brighton,Sunderland,1.9420650383846136,0.899556632483772,0.6176654503559674,0.21439473888414295,0.16793981075988956,D
2025-12-20,Premier League,Bournemouth,Burnley,2.143902601493969,0.8689179019311443,0.6662357109509037,0.1933004096597797,0.14046387938931656,D
2025-12-20,Premier League,Everton,Arsenal,1.0696113662153661,1.8014844098253444,0.2238111591971423,0.23106343759996067,0.5451254032028969,A
2025-12-20,Premier League,Wolves,Brentford,1.062886895983179,1.528026819854232,0.2638632054740351,0.25599433246364184,0.4801424620623231,A
2025-12-20,Serie A,Lazio,Cremonese,1.7931771967425614,0.8993681826388799,0.5846630035413384,0.2296674682493668,0.18566952820929475,D
2025-12-20,La Liga,Osasuna,Alaves,1.4860535166880589,1.0765534316566034,0.46610750036473736,0.25949504451396826,0.2743974551212943,H
2025-12-20,Bundesliga,FC Koln,Union Berlin,1.3862824529759563,1.3458458582310417,0.38109134190600663,0.2563555856892718,0.3625530724047216,A
2025-12-20,Premier League,Newcastle,Chelsea,1.4616699554339738,1.2892226291164028,0.4122079365316516,0.2543137324907015,0.3334783309776469,D
2025-12-20,Bundesliga,Hamburg,Ein Frankfurt,1.1216751283773152,1.5619002805236297,0.2731838368008046,0.25183568063503947,0.47498048256415587,D
2025-12-20,Bundesliga,Wolfsburg,Freiburg,1.4385300702249748,1.4161147220621613,0.3800444390110608,0.2499904593710502,0.3699651016178891,A
2025-12-20,Serie A,Juventus,Roma,1.449954238261541,1.182634860273301,0.43247805792633587,0.25924461754788125,0.3082773245257829,H
2025-12-20,Bundesliga,Augsburg,Werder Bremen,1.3506024626113327,1.2295148228154542,0.39618705022918566,0.2645181128956449,0.33929483687516937,D
2025-12-20,Bundesliga,RB Leipzig,Leverkusen,1.4585412708610876,1.5742828928037045,0.3541507789952162,0.24106629774820781,0.40478292325657594,A
2025-12-20,Bundesliga,Stuttgart,Hoffenheim,1.8278875852061522,1.2241300475195351,0.5153501566366483,0.22913956522748455,0.2555102781358672,D
2025-12-20,La Liga,Real Madrid,Sevilla,2.5301944835940953,0.7503258324433612,0.7599702003133725,0.1509695009538293,0.08906029873279826,H
2025-12-21,Premier League,Aston Villa,Man United,2.025762613198607,1.0933287963946703,0.589161161715011,0.2116496413332612,0.19918919695172776,H
2025-12-21,La Liga,Betis,Getafe,1.8315050238695703,0.8719675354824288,0.6002265385437127,0.22501616244234282,0.17475729901394446,H
2025-12-21,La Liga,Elche,Vallecano,1.2480700725758247,1.2171431457899309,0.37129435633975577,0.27224105205823956,0.3564645916020046,H
2025-12-21,Bundesliga,Heidenheim,Bayern Munich,0.778494249975027,3.12830358954494,0.060447991726644314,0.10834495775352916,0.8312070505198265,A
2025-12-21,La Liga,Villarreal,Barcelona,1.4381751777134841,1.7429140085796635,0.3188317096216681,0.23224427989927912,0.4489240104790528,A
2025-12-21,Serie A,Sassuolo,Torino,1.4967174314447789,1.2308544278192475,0.4337869058986033,0.25405376605093966,0.312159328050457,A
2025-12-21,La Liga,Girona,Ath Madrid,0.984773729290953,1.664935862334317,0.22318381374658433,0.24364017903833501,0.5331760072150806,A
2025-12-21,Serie A,Genoa,Atalanta,1.3126496720787884,1.4867218261110358,0.3346935184050758,0.2517535483530477,0.4135529332418765,A
2025-12-21,Serie A,Cagliari,Pisa,1.4112809632347438,1.1078215823798734,0.439248221642509,0.2650905737684606,0.29566120458903045,D
2025-12-21,Bundesliga,Mainz,St Pauli,1.5354553504920208,1.050543557435192,0.4849682576484413,0.2555403406285952,0.25949140172296353,D
2025-12-21,Serie A,Fiorentina,Udinese,1.51472132269679,1.1110124597046294,0.4654701224730112,0.25611758314975774,0.27841229437723103,H
2025-12-22,Premier League,Fulham,Nott'm Forest,1.584389982938692,1.2206773422639745,0.4580507495597514,0.24784165430334498,0.2941075961369036,H
2025-12-22,La Liga,Ath Bilbao,Espanol,1.4905140468990383,1.016773817266584,0.4814385337146557,0.2604501994931517,0.2581112667921927,A
2025-12-26,Premier League,Man United,Newcastle,1.5768421217087005,1.417531772634057,0.41381536052818274,0.2424272542271253,0.34375738524469196,H
2025-12-27,Serie A,Parma,Fiorentina,1.2102641909035337,1.4402581443713685,0.3172155362373421,0.25894300495865163,0.42384145880400625,H
2025-12-27,Premier League,West Ham,Fulham,1.3145526000451526,1.4508040885681923,0.34197839972232724,0.2539537150768035,0.4040678852008692,A
2025-12-27,Serie A,Torino,Cagliari,1.7188090126237021,1.0836431935330182,0.5223860132974311,0.23851380736671313,0.23910017933585576,A
2025-12-27,Serie A,Lecce,Como,1.0924710201583883,1.4370117721961084,0.2870308725732396,0.26338926612096486,0.4495798613057956,A
2025-12-27,Premier League,Arsenal,Brighton,2.029969819364275,0.91878439688441,0.6314687646450863,0.20635379763998812,0.16217743771492563,H
2025-12-27,Serie A,Pisa,Juventus,0.9584777188712579,1.7993684461017354,0.1984662082264213,0.23006959985410116,0.5714641919194775,A
2025-12-27,Premier League,Burnley,Everton,1.0587027162912928,1.5874443585383609,0.25320835891441423,0.25060645548846294,0.49618518559712277,D
2025-12-27,Premier League,Liverpool,Wolves,2.7628717600914974,0.6407049505659232,0.8149833432869227,0.1239220672330354,0.06109458948004199,H
2025-12-27,Premier League,Chelsea,Aston Villa,1.4277047364686244,1.3867706426478903,0.3832629997122648,0.25199569681838924,0.3647413034693459,A
2025-12-27,Premier League,Nott'm Forest,Man City,0.9794499305558875,2.149951869071438,0.16144399492859315,0.1973278483556618,0.6412281567157451,A
2025-12-27,Serie A,Udinese,Lazio,1.119063083849055,1.4522474366470848,0.2913209589512553,0.2612257044177413,0.4474533366310034,D
2025-12-27,Premier League,Brentford,Bournemouth,1.5193405282382058,1.207272044121859,0.44475362093341125,0.2531230498688918,0.30212332919769697,H
2025-12-28,Serie A,Atalanta,Inter,1.1726021997114409,1.694048811340258,0.26421047099597694,0.2400711370766712,0.4957183919273519,A
2025-12-28,Serie A,Bologna,Sassuolo,1.9746199873324783,0.920306500544455,0.6195279932598808,0.21180943341887942,0.1686625733212398,D
2025-12-28,Premier League,Sunderland,Leeds,1.4381228692346968,1.2877505450156472,0.4065147073075487,0.2559189870096277,0.3375663056828236,D
2025-12-28,Serie A,Cremonese,Napoli,0.9735121687660349,1.7373183713536189,0.21028349785748052,0.23641073105331903,0.5533057710892004,A
2025-12-28,Serie A,Milan,Verona,2.3556369696690136,0.785454293527746,0.7241882503512994,0.16879696885420742,0.10701478079449318,H
2025-12-28,Premier League,Crystal Palace,Tottenham,1.7018053643288633,1.0631071891030803,0.5231929748598183,0.24008746567350792,0.23671955946667372,A
2025-12-29,Serie A,Roma,Genoa,2.0064654815732186,0.89046796354488,0.6334793132906459,0.2076468299425586,0.1588738567667955,H
2025-12-30,Premier League,Nott'm Forest,Everton,1.300456017981455,1.2029381930333716,0.3884970675384901,0.26943928069284645,0.34206365176866343,A
2025-12-30,Premier League,Man United,Wolves,2.25647807978621,0.8266453410948436,0.6972967916474685,0.18043220628373555,0.12227100206879607,D
2025-12-30,Premier League,Burnley,Newcastle,0.9833484578622576,1.6905653882911535,0.21916387269936133,0.24110001605746326,0.5397361112431754,A
2025-12-30,Premier League,Arsenal,Aston Villa,1.7837821881193214,1.1759946060807058,0.516152580319711,0.23276340703794673,0.2510840126423423,H
2025-12-30,Premier League,Chelsea,Bournemouth,1.8189251922073089,1.034244460744862,0.5575795060584745,0.22916710258378528,0.2132533913577402,D
2025-12-30,Premier League,West Ham,Brighton,1.1756677216495377,1.5004062788140804,0.29743691742645095,0.2555358446586307,0.44702723791491833,D
2026-01-01,Premier League,Brentford,Tottenham,1.6187491617695688,1.0683006340438121,0.5017038715815292,0.24762952095677004,0.2506666074617008,D
2026-01-01,Premier League,Sunderland,Man City,0.8311158556543,2.3430644643043186,0.1158059463539641,0.17265524240045657,0.7115388112455794,D
2026-01-01,Premier League,Crystal Palace,Fulham,1.5066196807459715,1.2272558393359962,0.4370936393905177,0.2534484761024713,0.309457884507011,D
2026-01-01,Premier League,Liverpool,Leeds,2.454119841044784,0.8615231815970356,0.7233671963501636,0.16457475353179396,0.1120580501180425,D
2026-01-02,La Liga,Vallecano,Getafe,1.413023738252498,0.9681605910158426,0.47265191747106633,0.26932325130183166,0.258024831227102,D
2026-01-02,Ligue 1,Toulouse,Lens,1.1893641029261346,1.5182265553184575,0.29778174241164224,0.2537364203938999,0.4484818371944579,A
2026-01-02,Serie A,Cagliari,Milan,0.9936381310222738,1.8685533048028833,0.1974793641037055,0.22391734740758154,0.578603288488713,A
2026-01-03,Ligue 1,Monaco,Lyon,1.3773631166289646,1.2698478005349905,0.3946215874435439,0.26071536864892847,0.34466304390752767,A
2026-01-03,La Liga,Celta,Valencia,1.5055212744812623,0.9902068006018675,0.4917507671205824,0.259470493798613,0.24877873908080458,H
2026-01-03,Premier League,Brighton,Burnley,2.0398471491405874,0.8139878936040899,0.6590515673526958,0.20115922044747528,0.139789212199829,H
2026-01-03,La Liga,Elche,Villarreal,1.0874423695224367,1.7619577158265398,0.2336332239365201,0.2346710764572541,0.5316956996062258,A
2026-01-03,Premier League,Bournemouth,Arsenal,1.0681307458383962,2.0016622660337138,0.1968601054123291,0.21320691786419996,0.5899329767234709,A
2026-01-03,Serie A,Como,Udinese,1.838993032551649,0.9970360660388414,0.5711198915811664,0.2267952051194046,0.20208490329942905,H
2026-01-03,Premier League,Wolves,West Ham,1.2686092014146129,1.340366775502703,0.3516264057601775,0.2631820101401488,0.3851915840996737,H
2026-01-03,Serie A,Juventus,Lecce,2.34108540536411,0.6866141555083605,0.7446280556560047,0.1637425012145253,0.09162944312947008,D
2026-01-03,Serie A,Sassuolo,Parma,1.4864961963702934,1.0194022445489326,0.4797612540297599,0.26078361739237726,0.2594551285778629,D
2026-01-03,Serie A,Atalanta,Roma,1.344053776339174,1.2956902749723176,0.38050494507560406,0.26149947315811184,0.3579955817662842,H
2026-01-03,Serie A,Genoa,Pisa,1.5063472773190785,1.0605873353158266,0.47511399313051333,0.2580289112492167,0.2668570956202701,D
2026-01-03,Ligue 1,Lille,Rennes,1.8818193885100927,1.0325105708420805,0.5722236195223597,0.22332719005283175,0.20444919042480855,A
2026-01-03,Ligue 1,Nice,Strasbourg,1.379457981890719,1.2327754701193465,0.4030878759890407,0.26235114384927893,0.3345609801616803,D
2026-01-03,La Liga,Espanol,Barcelona,0.9511359804333084,2.0800792792680056,0.16332243763108698,0.20272649257511927,0.6339510697937938,A
2026-01-03,La Liga,Osasuna,Ath Bilbao,1.3411197992391874,1.2801368066277798,0.382975033148803,0.2625184443935234,0.35450652245767356,D
2026-01-03,Premier League,Aston Villa,Nott'm Forest,2.1654926008862683,0.8803063883172505,0.6676756656635887,0.19175780151210364,0.14056653282430756,H
2026-01-04,Ligue 1,Paris SG,Paris FC,3.1179230031615357,0.6509974736827674,0.852585909002279,0.09982568946450882,0.04758840153321218,H
2026-01-04,Ligue 1,Brest,Auxerre,1.7656139912739517,1.0191659628513767,0.5488613868166531,0.2340297762205932,0.21710883696275374,H
2026-01-04,La Liga,Alaves,Oviedo,1.3919213553063523,1.0067755514152512,0.4576674607305207,0.27031315353443136,0.2720193857350479,D
2026-01-04,La Liga,Real Madrid,Betis,2.0755508384706793,0.9838719774505718,0.6252478667208222,0.20426655952359396,0.17048557375558374,H
2026-01-04,Ligue 1,Marseille,Nantes,2.4318354077216457,0.7628234477682831,0.7418842425398329,0.16044095491089586,0.0976748025492713,A
2026-01-04,Serie A,Inter,Bologna,2.049975671424967,0.9317225082147734,0.632463536306501,0.20488563217656264,0.16265083151693635,H
2026-01-04,Premier League,Man City,Chelsea,2.0191649844561956,0.9847705727849586,0.6133698207501416,0.2095095438541683,0.17712063539569023,D
2026-01-04,La Liga,Sociedad,Ath Madrid,1.0691835251943196,1.785136475233132,0.22602779723383118,0.23253447576515532,0.5414377270010136,D
2026-01-04,Serie A,Fiorentina,Cremonese,1.604887766777443,1.071566891391187,0.4974886068126904,0.24885262915375933,0.25365876403355025,H
2026-01-04,Serie A,Lazio,Napoli,1.1526239337454296,1.442812673119776,0.30176646559542686,0.2608774962337415,0.4373560381708317,A
2026-01-04,Ligue 1,Lorient,Metz,1.6635868905706344,0.9839667027337539,0.5330445204555462,0.24377331938486638,0.2231821601595876,D
2026-01-04,Ligue 1,Le Havre,Angers,1.2540398181617047,1.1912401365225853,0.37839774073811505,0.27341935561160224,0.34818290365028276,H
2026-01-04,Premier League,Tottenham,Sunderland,1.4703389263743454,0.9537430347322817,0.4914490944165454,0.26370011651127884,0.24485078907217578,D
2026-01-04,Serie A,Verona,Torino,1.294515996769349,1.3502813254606612,0.35644469595409317,0.261178859209951,0.38237644483595584,A
2026-01-04,Premier League,Fulham,Liverpool,1.1486474463097451,1.5975104125062434,0.27401780152695654,0.24832737948358297,0.4776548189894605,D
2026-01-04,La Liga,Mallorca,Girona,1.5286661527998728,1.0658928364595124,0.4795958579883572,0.2558768113485753,0.2645273306630676,A
2026-01-04,Premier League,Leeds,Man United,1.3314361228858407,1.509919765719738,0.33505856657526634,0.2495607408840521,0.41538069254068155,D
2026-01-04,Premier League,Everton,Brentford,1.4246521362233797,1.153694832052852,0.4323641574475905,0.2622977297219043,0.3053381128305052,A
2026-01-04,La Liga,Sevilla,Levante,1.6019353690938147,0.9869971980495232,0.5170868137455735,0.24989162305820886,0.23302156319621756,A
2026-01-04,Premier League,Newcastle,Crystal Palace,1.616182548015042,1.0925566732690595,0.49533791757786,0.24758438046655692,0.25707770195558316,H
2026-01-06,Serie A,Sassuolo,Juventus,1.0257076493759265,1.727502631172463,0.22403356733077362,0.2376714949323119,0.5382949377369145,A
2026-01-06,Premier League,West Ham,Nott'm Forest,1.3119266367156812,1.3305744053043038,0.36495338728126336,0.261417411355353,0.37362920136338357,A
2026-01-06,Serie A,Lecce,Roma,0.9596907103128575,1.6873007282607515,0.21391804865459105,0.24132785377668084,0.5447540975687282,A
2026-01-06,Serie A,Pisa,Como,1.1058629646812834,1.4351143874112493,0.2908912591622939,0.2631166559524931,0.4459920848852131,A
2026-01-07,Serie A,Torino,Udinese,1.6378928482636312,1.0249202927938217,0.5168067881784743,0.24618154091137234,0.23701167091015335,A
2026-01-07,Serie A,Lazio,Fiorentina,1.5784431223420992,1.071246241313343,0.49095198710536075,0.2512560124294865,0.2577920004651527,D
2026-01-07,Premier League,Bournemouth,Tottenham,1.6651107611120108,1.151614092560737,0.49356652327679273,0.2426785862598127,0.2637548904633945,H
2026-01-07,Premier League,Crystal Palace,Aston Villa,1.157324634261097,1.6717700491216338,0.26407572870213525,0.24206144184297546,0.49386282945488935,D
2026-01-07,Serie A,Bologna,Atalanta,1.4035519109607282,1.2281206483511942,0.4103975080539125,0.2608656511382637,0.3287368408078238,A
2026-01-07,Premier League,Fulham,Chelsea,1.324034791699259,1.4253500461612527,0.3492949973034957,0.2551069767321805,0.39559802596432375,H
2026-01-07,Premier League,Burnley,Man United,1.0258918660345917,1.7046551711525453,0.22737013890733432,0.23983410658790627,0.5327957545047594,D
2026-01-07,Premier League,Brentford,Sunderland,1.825890570080577,0.8950534036974213,0.5931942136647833,0.22616298102981583,0.18064280530540072,H
2026-01-07,Serie A,Napoli,Verona,2.4969370987456037,0.6749696012612673,0.7715887173346384,0.14856261476121563,0.07984866790414602,D
2026-01-07,Premier League,Man City,Brighton,2.056269033124327,0.8929983987957861,0.643085088301508,0.20283322187173514,0.15408168982675685,D
2026-01-07,Serie A,Parma,Inter,0.7640077819653083,2.2578677688789424,0.11096817462769387,0.17672519027991188,0.7123066350923942,A
2026-01-07,Premier League,Newcastle,Leeds,1.8561059385104468,0.9358864288256041,0.5898929439349944,0.22399061398764175,0.1861164420773639,H
2026-01-07,Premier League,Everton,Wolves,1.8044655436212387,0.9135833494212061,0.5837127098351311,0.22877501459855681,0.18751227556631206,D
2026-01-08,Serie A,Cremonese,Cagliari,1.3347153066272592,1.097086948386475,0.42113180880644535,0.2720734435520029,0.30679474764155173,D
2026-01-08,Premier League,Arsenal,Liverpool,1.88394320838947,1.1034435282524708,0.5559016927617666,0.2240647702934204,0.22003353694481295,D
2026-01-08,Serie A,Milan,Genoa,2.3392007281762233,0.779606719409292,0.7227534292173721,0.16995894232901307,0.10728762845361488,D
2026-01-09,Bundesliga,Ein Frankfurt,Dortmund,1.3193265818873519,1.5432730572803992,0.32587961096008494,0.24786512770661567,0.42625526133329944,D
2026-01-09,La Liga,Getafe,Sociedad,1.2708422698860258,1.2467346307469396,0.37127062682617684,0.2689140272546272,0.3598153459191959,A
2026-01-10,Serie A,Udinese,Pisa,1.5637001863403412,1.0154874603706372,0.5005508664141962,0.25338809358198083,0.24606104000382295,D
2026-01-10,Serie A,Como,Bologna,1.4814174237979223,1.1656973730671814,0.4444072653481774,0.2573485809504408,0.29824415370138163,D
2026-01-10,Bundesliga,Freiburg,Hamburg,2.1282020533946953,0.9660094749290801,0.6400832645902339,0.1988078564678935,0.16110887894187265,H
2026-01-10,Bundesliga,Union Berlin,Mainz,1.5428486810719182,1.045654203674989,0.48801872135314334,0.25493578864569805,0.2570454900011585,D
2026-01-10,Serie A,Atalanta,Torino,1.7321823485094168,0.9308344127296724,0.562613514361688,0.2364997800849264,0.20088670555338559,H
2026-01-10,Bundesliga,Leverkusen,Stuttgart,2.020035112575268,1.033265057995253,0.602037299350754,0.2107543145784817,0.1872083860707643,A
2026-01-10,La Liga,Girona,Osasuna,1.3475820959871885,1.2645187403879743,0.38795018054200825,0.2629299834582704,0.34911983599972135,H
2026-01-10,La Liga,Villarreal,Alaves,2.3172830513614944,0.7758905350291059,0.7198708318264478,0.1717791946300218,0.10834997354353035,H
2026-01-10,La Liga,Oviedo,Betis,1.048793260061541,1.6406777843799993,0.24246112348176865,0.2457783546464505,0.5117605218717809,D
2026-01-10,Bundesliga,Heidenheim,FC Koln,1.3590698940884134,1.238830369629556,0.39642791436602937,0.26346944045629433,0.34010264517767635,D
2026-01-10,Serie A,Roma,Sassuolo,2.1050318572273823,0.8055717045574867,0.6739937583028944,0.194117447120968,0.13188879457613764,H
2026-01-10,La Liga,Valencia,Elche,1.5371658964118877,1.1757133134509137,0.4563568172499418,0.2526252425401203,0.291017940209938,D
2026-01-11,Serie A,Fiorentina,Milan,1.193131588132912,1.690793084229264,0.2696598736723961,0.24009971724025175,0.49024040908735217,D
2026-01-11,Serie A,Lecce,Parma,1.2810888200244377,1.0797161922738927,0.41033052646486046,0.2775386544176436,0.3121308191174959,A
2026-01-11,La Liga,Vallecano,Mallorca,1.3964584786214187,1.139039070359816,0.42822860430758236,0.2651397183348589,0.3066316773575588,H
2026-01-11,Serie A,Inter,Napoli,1.8465446344892131,1.1187439981748435,0.5438762525602295,0.22741905185015565,0.2287046955896149,D
2026-01-11,Bundesliga,M'gladbach,Augsburg,1.4055259323183493,1.0279190848529351,0.45631053911346164,0.26832549136048317,0.27536396952605524,H
2026-01-11,Serie A,Verona,Lazio,1.109182446901224,1.5342606925437623,0.2746434724615379,0.2544734643840002,0.47088306315446193,A
2026-01-11,Bundesliga,Bayern Munich,Wolfsburg,3.6062226118846117,0.7534418460071981,0.8797652644087807,0.07968282656565207,0.040551909025567136,H
2026-01-11,La Liga,Levante,Espanol,1.1376820775884213,1.2743583897222226,0.3294477624866002,0.2749998185363172,0.3955524189770826,D
2026-01-12,Serie A,Juventus,Cremonese,2.2499222435416755,0.7271704484431804,0.719641303904139,0.17525073445228703,0.10510796164357397,H
2026-01-12,Serie A,Genoa,Cagliari,1.4760164926051669,1.158881966226372,0.444555964856045,0.2579965622966161,0.2974474728473389,H
2026-01-12,La Liga,Sevilla,Celta,1.176111084733632,1.4339888012982078,0.30949520035120714,0.2607216365589472,0.4297831630898457,A
2026-01-13,Bundesliga,Stuttgart,Ein Frankfurt,1.6546335862283819,1.1909161237780732,0.4820110111549441,0.24299452988656073,0.2749944589584952,H
2026-01-13,Bundesliga,Mainz,Heidenheim,1.6051418072943968,1.03855667966598,0.505416879938965,0.24918452235496896,0.24539859770606595,H
2026-01-13,Bundesliga,Dortmund,Werder Bremen,2.1421860798133565,0.8558768445922667,0.6690275923598862,0.1928611012999491,0.13811130634016477,H
2026-01-14,Bundesliga,RB Leipzig,Freiburg,1.8054071586997966,1.2038633919924138,0.5147856190169984,0.2309516319201559,0.2542627490628458,H
2026-01-14,Serie A,Inter,Lecce,2.876597101810305,0.6074909145505797,0.8349503858923621,0.11282661486657966,0.05222299924105814,H
2026-01-14,Bundesliga,Wolfsburg,St Pauli,1.715862472261816,1.1006347823300024,0.5176729768032121,0.23873002796976517,0.24359699522702272,H
2026-01-14,Bundesliga,Hoffenheim,M'gladbach,1.5875856330151,1.0630583104704558,0.49518590480403024,0.250536774888962,0.2542773203070077,H
2026-01-14,Bundesliga,FC Koln,Bayern Munich,0.7826285424154669,3.186890919609866,0.05834638678328353,0.10493739254469962,0.8367162206720169,A
2026-01-14,Serie A,Napoli,Parma,2.394323098433286,0.7103214469142578,0.7477883260328922,0.1603597915573398,0.09185188240976805,D
2026-01-15,Serie A,Verona,Bologna,1.0577082895953616,1.5688747336778683,0.2559174917328888,0.25233060876579094,0.49175189950132026,A
2026-01-15,Bundesliga,Augsburg,Union Berlin,1.2420388635150075,1.3162216170989045,0.3494003637778873,0.26620188677845463,0.3843977494436582,D
2026-01-15,Serie A,Como,Milan,1.2674693520778852,1.4476753271073863,0.3305635455954223,0.2561356320896469,0.4133008223149308,A
2026-01-16,Bundesliga,Werder Bremen,Ein Frankfurt,1.2906857537901915,1.427400120938206,0.3403686432228411,0.2564875862590297,0.4031437705181293,D
2026-01-16,La Liga,Espanol,Girona,1.5089606942625804,0.9885732252932355,0.49303925874386956,0.2591537552424319,0.24780698601369858,A
2026-01-16,Serie A,Pisa,Atalanta,1.0004962512819113,1.6581246888040033,0.22801162999646965,0.24430665095956544,0.5276817190439649,D
2026-01-16,Ligue 1,Monaco,Lorient,1.675027067930194,0.9576524914575915,0.5422868979811245,0.24256337858237265,0.21514972343650282,A
2026-01-16,Ligue 1,Paris SG,Lille,2.2841141711049233,0.977401903157059,0.6673633834507481,0.18532480879758484,0.1473118077516671,H
2026-01-17,Premier League,Tottenham,West Ham,1.6282503676573208,0.9849462877371279,0.5241291481026507,0.24728223232111676,0.2285886195762326,A
2026-01-17,Premier League,Liverpool,Burnley,2.547270218460803,0.6370245838023033,0.7872132457078711,0.14131227049168749,0.07147448380044145,D
2026-01-17,Bundesliga,Hoffenheim,Leverkusen,1.3093511696201736,1.5728631000962674,0.3180485855844561,0.24624110532496246,0.43571030909058145,H
2026-01-17,Bundesliga,Wolfsburg,Heidenheim,1.884330600629412,1.0876939397992662,0.5596898669666324,0.2238568465061475,0.21645328652722007,D
2026-01-17,Bundesliga,FC Koln,Mainz,1.2828621866117222,1.2897551000839942,0.36560264333331155,0.2655499840825999,0.3688473725840886,H
2026-01-17,Bundesliga,Dortmund,St Pauli,2.510664477135949,0.7252672620175717,0.7625297953985494,0.1509367216275991,0.08653348297385155,H
2026-01-17,Premier League,Chelsea,Brentford,1.640426889574371,1.285587995170565,0.4573906674316179,0.24225149226205064,0.3003578403063315,H
2026-01-17,Premier League,Man United,Man City,1.0711879403564948,1.7022537401227713,0.23859253639244626,0.24002921004916633,0.5213782535583873,H
2026-01-17,Ligue 1,Angers,Marseille,1.0993132784063886,1.6654167909041264,0.25100071063149115,0.24316999375747872,0.5058292956110302,A
2026-01-17,Ligue 1,Lens,Auxerre,2.2568068262014576,0.7950580184729639,0.7047885913967139,0.1786394705729424,0.11657193803034366,H
2026-01-17,La Liga,Real Madrid,Levante,2.9358345066228866,0.6475257439169374,0.8339994622524441,0.1117071010360949,0.05429343671146105,H
2026-01-17,Premier League,Sunderland,Crystal Palace,1.1283877761565444,1.3003783464290135,0.321842048979269,0.2734180704822384,0.4047398805384927,H
2026-01-17,Ligue 1,Toulouse,Nice,1.4254986217950085,1.1906695895929735,0.42433264499779677,0.26081348197681087,0.31485387302539247,H
2026-01-17,Bundesliga,Hamburg,M'gladbach,1.3808966828975475,1.3178263223815858,0.3854836209974571,0.25810172970339246,0.3564146492991505,D
2026-01-17,Premier League,Leeds,Fulham,1.2816874219123415,1.3769440841163796,0.34782850317578917,0.2601594047728312,0.39201209205137955,H
2026-01-17,La Liga,Osasuna,Oviedo,1.538242962389153,0.9560548400274113,0.5085453634552964,0.256605283134975,0.23484935340972854,H
2026-01-17,Serie A,Cagliari,Juventus,0.9450755353779461,2.121691244389879,0.15764149246801595,0.1986170454002962,0.6437414621316878,H
2026-01-17,Serie A,Napoli,Sassuolo,2.376469579215403,0.712032489369177,0.7445181231703922,0.16213463772308595,0.09334723910652182,H
2026-01-17,Bundesliga,RB Leipzig,Bayern Munich,1.2267015938084036,2.391970130311396,0.18229864846826105,0.1859528348745635,0.6317485166571755,A
2026-01-17,La Liga,Mallorca,Ath Bilbao,1.21352712692676,1.3377378045927402,0.3375634438737725,0.26622911340932454,0.396207442716903,H
2026-01-17,La Liga,Betis,Villarreal,1.3896893116382905,1.5853038421321184,0.3354368047028915,0.24289708955689898,0.4216661057402095,H
2026-01-17,Premier League,Nott'm Forest,Arsenal,0.9286172457237716,2.0328012896089054,0.16389604335750182,0.20642455327400383,0.6296794033684943,D
2026-01-17,Serie A,Udinese,Inter,0.9141168163548705,2.0927863062544914,0.15450781747093167,0.20013455937128652,0.6453576231577819,A
2026-01-18,La Liga,Celta,Vallecano,1.6599056731804176,0.9423283202541465,0.5423958404918522,0.24405339260603598,0.2135507669021118,H
2026-01-18,Bundesliga,Stuttgart,Union Berlin,1.9373705146005555,1.033523167371739,0.5842462500369294,0.21825073876700532,0.19750301119606528,D
2026-01-18,Ligue 1,Nantes,Paris FC,1.4214932045575748,1.1800754367766364,0.42563718598318334,0.2615358021623752,0.31282701185444145,A
2026-01-18,Serie A,Torino,Roma,1.116760991739619,1.6175086597736292,0.262852933948411,0.24714979193229825,0.48999727411929067,A
2026-01-18,Premier League,Wolves,Newcastle,1.0471393912491622,1.7705629325797128,0.22295666714964216,0.2337468275275513,0.5432965053228065,D
2026-01-18,La Liga,Sociedad,Barcelona,0.881242590768954,2.2886324521291788,0.1293015150544563,0.1803412001956226,0.6903572847499211,H
2026-01-18,La Liga,Getafe,Valencia,1.3000390763625105,1.2472790914558185,0.37898005084671177,0.26697999702509206,0.3540399521281962,A
2026-01-18,Ligue 1,Lyon,Brest,1.6542147183332672,1.0429649568024293,0.5164744303323969,0.24455052441299394,0.23897504525460905,H
2026-01-18,Ligue 1,Strasbourg,Metz,1.8500112419101455,0.8845650996481851,0.601228725067995,0.22339511769711226,0.17537615723489275,H
2026-01-18,Premier League,Aston Villa,Everton,1.9387081177828909,0.9463318097968034,0.6055127179457713,0.2160885441673846,0.17839873788684416,A
2026-01-18,Bundesliga,Augsburg,Freiburg,1.1775527350136383,1.4130046516630266,0.31373555563028405,0.2622898052377168,0.42397463913199923,D
2026-01-18,Serie A,Parma,Genoa,1.2948524368235355,1.190908804733528,0.38956833679111674,0.2705053204901477,0.33992634271873545,D
2026-01-18,La Liga,Ath Madrid,Alaves,2.2808001122122863,0.7623255259255259,0.7167287269463302,0.17441616972267154,0.10885510333099821,H
2026-01-18,Serie A,Bologna,Fiorentina,1.6744736067586559,1.144151352532247,0.4975614298482196,0.2419807745053225,0.2604577956464578,A
2026-01-18,Ligue 1,Rennes,Le Havre,1.8736508414652857,0.8870891903767355,0.6058533227096152,0.221007551345178,0.1731391259452068,D
2026-01-18,Serie A,Milan,Lecce,2.4971808006421354,0.6763476300713772,0.7713197338750464,0.14864141991757562,0.08003884620737807,H
2026-01-19,La Liga,Elche,Sevilla,1.557252560787356,1.1369147857592616,0.470287817368579,0.25191206567401714,0.277800116957404,D
2026-01-19,Premier League,Brighton,Bournemouth,1.6932748373642321,1.1343419357072757,0.5043738363392906,0.24048733283319473,0.25513883082751465,D
2026-01-19,Serie A,Lazio,Como,1.4622763266260652,1.1867064029186078,0.43475708399120877,0.2581495603314734,0.3070933556773177,A
2026-01-19,Serie A,Cremonese,Verona,1.4708504306137322,1.0856597192497208,0.4600268325415562,0.2606108304182801,0.2793623370401636,D
2026-01-23,La Liga,Levante,Elche,1.4019828125523734,1.2370510067072218,0.4080549059955143,0.2605813894410656,0.3313637045634201,H
2026-01-23,Ligue 1,Auxerre,Paris SG,0.8235264693683613,2.629273015934536,0.09347053143126165,0.14756838602374786,0.7589610825449905,A
2026-01-23,Bundesliga,St Pauli,Hamburg,1.4540992270173025,1.1318753667457155,0.4450070528424754,0.26065665473322736,0.29433629242429743,D
2026-01-23,Serie A,Inter,Pisa,2.7561857364696762,0.6451047727445115,0.8132664151213207,0.12477835881338141,0.06195522606529783,H
2026-01-24,Ligue 1,Le Havre,Monaco,1.1348773791719529,1.3305305505670841,0.31783817398183284,0.2706627992664675,0.4114990267516996,D
2026-01-24,Premier League,Bournemouth,Liverpool,1.2179918102441902,1.6294158405073613,0.2857802372432635,0.24448275131413463,0.46973701144260194,H
2026-01-24,Bundesliga,Heidenheim,RB Leipzig,1.0666096464402932,1.9318204612718077,0.2054569614728314,0.2193559416049123,0.5751870969222562,A
2026-01-24,Bundesliga,Ein Frankfurt,Hoffenheim,1.7140452281635914,1.2297352771964074,0.48750065080799143,0.2378423877544387,0.27465696143756985,A
2026-01-24,Premier League,Burnley,Tottenham,1.1372506900196877,1.382130776971829,0.30879844506802734,0.26637809803410045,0.42482345689787215,D
2026-01-24,Serie A,Fiorentina,Cagliari,1.6588785840678855,0.9582508445187661,0.5382091337216193,0.24420750078022213,0.21758336549815865,A
2026-01-24,Ligue 1,Marseille,Lens,1.4695682998506783,1.318010879382494,0.4080902689693995,0.25262781396689665,0.33928191706370386,H
2026-01-24,Bundesliga,Mainz,Wolfsburg,1.605485887129505,1.1942817082467516,0.4692104998209725,0.24680580008001127,0.28398370009901613,H
2026-01-24,Serie A,Como,Torino,1.8095569217195273,0.9911954003032314,0.5658200460321983,0.2295383409892514,0.20464161297855038,H
2026-01-24,Bundesliga,Union Berlin,Dortmund,1.1452778353382558,1.758783293466793,0.24768531435789864,0.23491166441545314,0.5174030212266482,A
2026-01-24,Ligue 1,Rennes,Lorient,1.661087987519395,1.020011579298775,0.5236759803276957,0.24398489803780385,0.23233912163450038,A
2026-01-24,La Liga,Villarreal,Real Madrid,1.3027825709787486,1.6175595365523046,0.3085061434052522,0.2434162662962979,0.4480775902984499,A
2026-01-24,Premier League,Fulham,Brighton,1.3624489496788543,1.291886713950893,0.38609870730846896,0.2605608254012872,0.35334046729024376,H
2026-01-24,Serie A,Lecce,Lazio,1.027453138257644,1.5122282336457233,0.2573379555557407,0.25815223624785166,0.48450980819640765,D
2026-01-24,Bundesliga,Leverkusen,Werder Bremen,2.0911794000390436,0.9018728745013944,0.6479731359339568,0.19980016908766882,0.15222669497837438,H
2026-01-24,La Liga,Sevilla,Ath Bilbao,1.2153323028030247,1.430347861326887,0.32036937511318697,0.2594716790608345,0.42015894582597857,H
2026-01-24,La Liga,Vallecano,Osasuna,1.3499821706573436,1.2118236098005895,0.39982982249350923,0.2654425043904402,0.3347276731160506,A
2026-01-24,La Liga,Valencia,Espanol,1.349141833991583,1.171071497910589,0.4084919973803206,0.26747762430150607,0.3240303783181733,H
2026-01-24,Premier League,West Ham,Sunderland,1.3753110601768714,1.150453793346985,0.42004817165436026,0.26636851044244314,0.3135833179031966,H
2026-01-24,Premier League,Man City,Wolves,2.354166420086863,0.6977990808855007,0.7441721870854479,0.16326401391154582,0.0925637990030063,H
2026-01-24,Bundesliga,Bayern Munich,Augsburg,3.8686062466860522,0.6219816124573002,0.9153842960720416,0.05962038293044423,0.024995320997514125,A
2026-01-25,Bundesliga,Freiburg,FC Koln,1.878132130145752,0.97625098784437,0.5849541985946608,0.22266893977784738,0.19237686162749193,H
2026-01-25,Serie A,Genoa,Bologna,1.2567027132046402,1.4062447221283907,0.3356585556650314,0.25940768357123534,0.4049337607637333,H
2026-01-25,Ligue 1,Brest,Toulouse,1.5311907169649341,1.2263535582304184,0.4434989699032983,0.2516650516300593,0.30483597846664245,A
2026-01-25,Premier League,Arsenal,Man United,2.160052626305109,0.8683632360643149,0.6694768840396031,0.19172290931992078,0.138800206640476,A
2026-01-25,Ligue 1,Nantes,Nice,1.2424357783046627,1.3944713030517408,0.33420369853083254,0.26086088105061245,0.404935420418555,A
2026-01-25,La Liga,Alaves,Betis,1.0792921349176967,1.6276610153925495,0.2519869404320238,0.2467100204239928,0.5013030391439834,H
2026-01-25,Ligue 1,Metz,Lyon,0.951371584574686,1.8696206437108782,0.1878993460341591,0.22298280112508026,0.5891178528407607,A
2026-01-25,La Liga,Ath Madrid,Mallorca,2.182625318023766,0.8390922455595765,0.6807436479120266,0.1881320058584253,0.13112434622954813,H
2026-01-25,Bundesliga,M'gladbach,Stuttgart,1.1859252092397663,1.6846434915005593,0.268916547106835,0.24067693717506858,0.4904065157180964,A
2026-01-25,Premier League,Newcastle,Aston Villa,1.4059748555186167,1.3412008954567247,0.387086354445577,0.255448139294003,0.35746550626042006,A
2026-01-25,Serie A,Roma,Milan,1.4640617706430412,1.242434933151844,0.42292006066154975,0.2559868440766555,0.3210930952617947,D
2026-01-25,Premier League,Crystal Palace,Chelsea,1.220961480130553,1.420328359452589,0.32370533568137966,0.2599698849003453,0.41632477941827517,A
2026-01-25,La Liga,Sociedad,Celta,1.3080673730025745,1.3447054921756805,0.3610971590864535,0.2607895851778997,0.3781132557356468,H
2026-01-25,Serie A,Juventus,Napoli,1.5523112865002715,1.2836217141208917,0.43620212631225574,0.24841827164480448,0.31537960204293974,H
2026-01-25,Ligue 1,Lille,Strasbourg,1.6317792643116689,1.0506866980049636,0.5091173649257631,0.24659102446445122,0.2442916106097856,A
2026-01-25,Serie A,Sassuolo,Cremonese,1.3739768839156061,1.0778931044647702,0.43615304216801887,0.26946010439286916,0.294386853439112,H
2026-01-25,Premier League,Brentford,Nott'm Forest,1.7696103752455057,1.0289531957718216,0.547437535441625,0.23372254241300316,0.2188399221453718,A
2026-01-25,Ligue 1,Paris FC,Angers,1.4914897891941534,1.1572899424651808,0.4488994246466215,0.25679903502648815,0.2943015403268902,D
2026-01-25,La Liga,Barcelona,Oviedo,3.0388954334715184,0.6371843693666472,0.8469950749521201,0.10389872389536177,0.049106201152518035,H
2026-01-25,Serie A,Atalanta,Parma,1.9119128320104146,0.7823401786378732,0.640448926266898,0.21341115927018525,0.14613991446291666,H
2026-01-26,La Liga,Girona,Getafe,1.6197558228305082,0.9468012837861699,0.5314057544763412,0.2482137295422757,0.22038051598138308,D
2026-01-26,Serie A,Verona,Udinese,1.2427633411608976,1.3067436802007788,0.3514879852173896,0.26679297650563555,0.38171903827697484,A
2026-01-26,Premier League,Everton,Leeds,1.68394739369875,0.9814897457785432,0.5385929252355895,0.24174964293921186,0.21965743182519853,D
2026-01-27,Bundesliga,Werder Bremen,Hoffenheim,1.2442544637532795,1.5229423407884215,0.31081549370358363,0.2517159932453858,0.43746851305103057,A
2026-01-27,Bundesliga,St Pauli,RB Leipzig,1.039793230909479,1.7216015652544614,0.22823551039934692,0.23826190080712698,0.5335025887935261,D
2026-01-30,Ligue 1,Lens,Le Havre,2.04475297022226,0.7904226439887501,0.6658457690061287,0.19956185990366576,0.1345923710902056,H
2026-01-30,Serie A,Lazio,Genoa,1.5800263128323786,1.0499278746426561,0.4964122797452102,0.251406236954612,0.2521814833001779,H
2026-01-30,Bundesliga,FC Koln,Wolfsburg,1.5246225461114875,1.2343171989425457,0.44008228353557394,0.25190578176678285,0.30801193469764315,H
2026-01-30,La Liga,Espanol,Alaves,1.573479759348914,1.0490535793121016,0.4949728544707706,0.25202693791544134,0.2530002076137881,A
2026-01-31,Ligue 1,Monaco,Rennes,1.46041683376933,1.148909805541226,0.4427772742505236,0.2595795531273664,0.29764317262211,H
2026-01-31,Ligue 1,Lorient,Nantes,1.676029260315291,0.9755111375451619,0.5381397005525617,0.2425211910627584,0.21933910838467988,H
2026-01-31,Ligue 1,Paris FC,Marseille,1.0124535068961897,1.695902270273785,0.22540941112048699,0.24065046597315032,0.5339401229063626,D
2026-01-31,Premier League,Chelsea,West Ham,2.1425964871923,0.8961286918610166,0.6594865001206275,0.19464297440806333,0.1458705254713091,H
2026-01-31,Bundesliga,RB Leipzig,Mainz,1.9206548922613031,0.997024277429769,0.5893253264689879,0.21904713741568757,0.19162753611532446,A
2026-01-31,La Liga,Levante,Ath Madrid,0.9557345211794227,1.9248660693636794,0.18209389579858926,0.21768018412298384,0.6002259200784269,D
2026-01-31,La Liga,Osasuna,Villarreal,1.2467304611889956,1.5122398180474974,0.31336936078948513,0.25240376706925927,0.43422687214125566,D
2026-01-31,Premier League,Leeds,Arsenal,0.9312126880187257,2.0517118613852348,0.1623569115044438,0.20470148879334107,0.6329415997022152,A
2026-01-31,Bundesliga,Werder Bremen,M'gladbach,1.471175188740934,1.1200360933100388,0.4521589928855013,0.259593415880599,0.2882475912338997,D
2026-01-31,La Liga,Elche,Barcelona,0.876704138297369,2.3988561992855533,0.11904291211835696,0.17024706285625224,0.7107100250253908,A
2026-01-31,Bundesliga,Ein Frankfurt,Leverkusen,1.3890929098463838,1.5647724166038126,0.33908048507946137,0.24412825704357866,0.41679125787696,A
2026-01-31,Premier League,Brighton,Everton,1.5597055721916107,1.1547045973123378,0.46681985510207047,0.25131796703638304,0.2818621778615466,D
2026-01-31,Serie A,Pisa,Sassuolo,1.4239452335556113,1.1540495697776927,0.432098933524023,0.2623410863606043,0.30555998011537266,A
2026-01-31,Premier League,Wolves,Bournemouth,1.1383210637593262,1.5699796003620334,0.2760196097464816,0.25081757423862777,0.47316281601489063,A
2026-01-31,Premier League,Liverpool,Newcastle,1.7164988745453793,1.0932447599005515,0.5195661518641191,0.23869679532742624,0.24173705280845462,H
2026-01-31,Serie A,Cagliari,Verona,1.5742458834263269,1.033729097216919,0.49882962952664556,0.2521545368651012,0.24901583360825333,H
2026-01-31,Bundesliga,Hoffenheim,Union Berlin,1.7810338960979377,0.9736308185676937,0.5635167936788987,0.23209253619089368,0.20439067013020756,H
2026-01-31,Serie A,Napoli,Fiorentina,1.9635695237000887,0.9138810992343274,0.6187492868961617,0.2126971468261219,0.16855356627771642,H
2026-01-31,Bundesliga,Augsburg,St Pauli,1.5316721216970828,1.0337048515113332,0.4880144882680348,0.25618968689945665,0.2557958248325087,H
2026-01-31,La Liga,Oviedo,Girona,1.2328813166128378,1.2587274933498975,0.35855523269212775,0.27055286026493874,0.37089190704293357,H
2026-01-31,Bundesliga,Hamburg,Bayern Munich,0.7481651724748049,3.1860838898129473,0.05480376496160678,0.10258963496095022,0.842606600077443,D
2026-02-01,Ligue 1,Lyon,Lille,1.7259795222171537,1.1487710275268523,0.5088423432472305,0.237638891792282,0.2535187649604875,H
2026-02-01,La Liga,Ath Bilbao,Sociedad,1.5228894777235513,1.2054708852138167,0.446053750800573,0.25290714087197724,0.30103910832744973,D
2026-02-01,La Liga,Real Madrid,Vallecano,2.906760952996258,0.6603174264026499,0.8282900102897364,0.11473754348713128,0.05697244622313232,H
2026-02-01,Serie A,Como,Atalanta,1.5650677583607362,1.3551281636973196,0.42400656075344756,0.24527883747530482,0.3307146017712476,D
2026-02-01,Ligue 1,Toulouse,Auxerre,1.9234008960444202,0.9539340176463478,0.6003443963579856,0.21777707719033848,0.18187852645167593,D
2026-02-01,Ligue 1,Nice,Brest,1.5326662759123213,1.1620617382742864,0.4583178141574607,0.25333992001727146,0.2883422658252679,D
2026-02-01,Premier League,Tottenham,Man City,0.9906629731747502,1.798007344616385,0.20606066288966884,0.23064731837106098,0.5632920187392702,D
2026-02-01,Bundesliga,Dortmund,Heidenheim,2.8757942161993535,0.6911073224834259,0.8187556725927574,0.1192799892545663,0.06196433815267638,H
2026-02-01,Premier League,Aston Villa,Brentford,1.84638555314386,0.9904526930586914,0.5743880205918089,0.22598310487458748,0.19962887453360356,A
2026-02-01,La Liga,Getafe,Celta,1.1135363681693684,1.5223608870326608,0.2777612207662896,0.2553996106976459,0.4668391685360644,D
2026-02-01,Ligue 1,Angers,Metz,1.7490735790746856,1.0637250149353494,0.5342922020208287,0.235780663598428,0.2299271343807433,H
2026-02-01,Serie A,Torino,Lecce,1.5560565218193008,1.0094054327325666,0.5000794530434505,0.254205244336872,0.24571530261967747,H
2026-02-01,Ligue 1,Strasbourg,Paris SG,1.0331370186952782,2.0186085499732336,0.18735378567691083,0.21087939239622608,0.601766821926863,A
2026-02-01,La Liga,Betis,Valencia,1.842976598142788,1.0215794931309918,0.5661031590109981,0.22677258758792038,0.20712425340108157,H
2026-02-01,Bundesliga,Stuttgart,Freiburg,1.8153499353779867,1.1138274753716837,0.5378917025645958,0.2300765043976408,0.23203179303776333,H
2026-02-01,Premier League,Nott'm Forest,Crystal Palace,1.4055655807323113,1.15777177041945,0.42642990537189807,0.26366183751488353,0.30990825711321845,D
2026-02-01,Serie A,Cremonese,Inter,0.7701402305396619,2.441671968787404,0.09815067011330578,0.16003695692951314,0.741812372957181,A
2026-02-01,Premier League,Man United,Fulham,1.6216265252323792,1.1439439915054777,0.48470477963019626,0.24640111182530847,0.26889410854449525,H
2026-02-01,Serie A,Parma,Juventus,0.8771716682393432,2.0620356917040668,0.1502806920052443,0.2016351326615618,0.6480841753331938,A
2026-02-02,Premier League,Sunderland,Burnley,1.6098153280222212,1.0106230279211539,0.5133095976130357,0.24896712593631606,0.2377232764506481,H
2026-02-02,La Liga,Mallorca,Sevilla,1.5016613151197595,1.1210026012152743,0.4598107109739709,0.2569805318524742,0.28320875717355487,H
2026-02-02,Serie A,Udinese,Roma,1.0909911155636882,1.6156199793882904,0.2567794661602967,0.24765358222757616,0.4955669516121271,H
2026-02-03,Serie A,Bologna,Milan,1.2427043878533472,1.5854017060851626,0.2993848358152802,0.24722213573185622,0.45339302845286356,A
2026-02-06,La Liga,Celta,Osasuna,1.660678112929022,1.1168877582745473,0.5005564911923572,0.24342673999391992,0.25601676881372293,A
2026-02-06,Serie A,Verona,Pisa,1.3892565152378402,1.2433416028571538,0.4033794803019049,0.2611790585136654,0.3354414611844297,D
2026-02-06,Bundesliga,Union Berlin,Ein Frankfurt,1.3852638667146917,1.5233391569380126,0.3458938490223318,0.24668536542588232,0.4074207855517859,D
2026-02-06,Ligue 1,Metz,Lille,1.0457349896147032,1.8040718792725454,0.21793726732781035,0.23064978238678138,0.5514129502854083,D
2026-02-06,Premier League,Leeds,Nott'm Forest,1.2936110735604045,1.3211123548781483,0.36206487613732397,0.2630162736616576,0.3749188502010185,H
2026-02-07,Premier League,Bournemouth,Aston Villa,1.3270437801997426,1.4570475458950503,0.34395074923983465,0.2530284052525004,0.403020845507665,D
2026-02-07,Serie A,Genoa,Napoli,1.085691313378337,1.6748446187118917,0.24623944055420516,0.24243098009416575,0.511329579351629,A
2026-02-07,Premier League,Arsenal,Sunderland,2.5983672179106216,0.7407336131619203,0.7721166243942408,0.14453481913711025,0.08334855646864898,H
2026-02-07,Premier League,Burnley,West Ham,1.2562825513731246,1.3910025280994431,0.33848031299014836,0.26045792830481496,0.40106175870503663,A
2026-02-07,Premier League,Newcastle,Brentford,1.54951972901272,1.213005193663857,0.4510750899211355,0.25067347085132513,0.29825143922753933,A
2026-02-07,Premier League,Fulham,Everton,1.5152417818381676,1.2224809389864895,0.44033363085169164,0.25296454731652657,0.30670182183178174,A
2026-02-07,Bundesliga,Wolfsburg,Dortmund,0.988166380890343,2.228269565345285,0.1549361906867704,0.19067580466228998,0.6543880046509396,A
2026-02-07,La Liga,Barcelona,Mallorca,2.8456101999991916,0.7325202450279673,0.8069971879481028,0.12452511093792575,0.06847770111397153,H
2026-02-07,Ligue 1,Brest,Lorient,1.5318329785942708,1.1430114246840426,0.4624579631185028,0.25388805339886883,0.2836539834826283,H
2026-02-07,Premier League,Man United,Tottenham,1.9491158839221052,1.0672996658044456,0.5788047050867227,0.21783160976707328,0.20336368514620412,H
2026-02-07,Premier League,Wolves,Chelsea,0.9281748803497308,1.8534453199366265,0.18471764666536328,0.2240883539234645,0.5911939994111722,A
2026-02-07,La Liga,Sociedad,Elche,1.8630033189713548,0.9902338976050298,0.5781829414968728,0.2243868879913142,0.197430170511813,H
2026-02-07,Bundesliga,Heidenheim,Hamburg,1.3780808718662743,1.2046272298735299,0.4088270375547476,0.26375265123103253,0.32742031121421983,A
2026-02-07,Bundesliga,St Pauli,Stuttgart,1.0088808381420291,1.8499141126455756,0.20333156648112996,0.22593793705286072,0.5707304964660093,H
2026-02-07,Serie A,Fiorentina,Torino,1.6309144601082735,1.0359092386528528,0.5124430558057513,0.2467782703876289,0.2407786738066198,D
2026-02-07,Ligue 1,Nantes,Lyon,1.008130596985247,1.9246786521577048,0.19355564511568762,0.21890544142460452,0.5875389134597078,A
2026-02-07,Bundesliga,M'gladbach,Leverkusen,1.0344069613036735,1.8202385148974174,0.21311161327799027,0.2290469652047188,0.557841421517291,D
2026-02-07,Bundesliga,Mainz,Augsburg,1.6444871509424193,1.107010123724484,0.4989145934337065,0.2449311748722569,0.25615423169403656,H
2026-02-07,Bundesliga,Freiburg,Werder Bremen,1.6506939999521113,1.041002238368961,0.5160833661494245,0.24488971026370662,0.23902692358686883,H
2026-02-07,Ligue 1,Lens,Rennes,1.8396431052932427,0.9492818926071424,0.5829014978351515,0.22590738049491604,0.1911911216699324,H
2026-02-08,Bundesliga,FC Koln,RB Leipzig,1.1613473124195635,1.6016198600264433,0.27648640480309217,0.2477562520793814,0.47575734311752643,A
2026-02-08,La Liga,Alaves,Getafe,1.48690557856684,1.0499705551468783,0.47258805248973434,0.260063795469,0.2673481520412656,A
2026-02-08,Premier League,Liverpool,Man City,1.5328551980372485,1.361336471745066,0.41476768425215965,0.24703152279242063,0.33820079295541966,A
2026-02-08,Serie A,Juventus,Lazio,2.1429906655523165,0.9662649532979879,0.6429528589608372,0.1974644063816174,0.15958273465754536,D
2026-02-08,Ligue 1,Angers,Toulouse,1.2868744410843174,1.4524521611614227,0.3346211887856036,0.2550166429631126,0.4103621682512839,H
2026-02-08,La Liga,Sevilla,Girona,1.2899097575230836,1.2524017249132893,0.37520157143124855,0.2673434577544145,0.35745497081433697,D
2026-02-08,Ligue 1,Paris SG,Marseille,2.1711777270475876,1.0151394579050543,0.6370764916554464,0.19673488815421558,0.16618862019033795,H
2026-02-08,Serie A,Sassuolo,Inter,0.8292175353281068,2.2934858501955486,0.11958155610849182,0.17710862801651944,0.7033098158749888,A
2026-02-08,Bundesliga,Bayern Munich,Hoffenheim,2.8114488928753985,0.9846409834139903,0.7521152361323462,0.14347832332726737,0.10440644054038634,H
2026-02-08,La Liga,Ath Bilbao,Levante,1.7561782483923145,1.0050384700119288,0.5500668363537926,0.2348243368260365,0.21510882682017096,H
2026-02-08,Ligue 1,Auxerre,Paris FC,1.3124651837183676,1.2108953358913161,0.39001998286927453,0.2681548234953118,0.3418251936354137,D
2026-02-08,Serie A,Bologna,Parma,1.8943259878146914,0.9161524653128674,0.6032242376006869,0.2196785719152589,0.17709719048405428,A
2026-02-08,La Liga,Valencia,Real Madrid,0.9013658345918741,2.28497212267825,0.1332745419751328,0.18169084842582614,0.6850346095990411,A
2026-02-08,Premier League,Brighton,Crystal Palace,1.56866049884266,1.075864488131647,0.4873990183862687,0.252069963651214,0.2605310179625173,A
2026-02-08,Ligue 1,Nice,Monaco,1.476912486717188,1.3506387591696878,0.40308317901469276,0.2508193272101967,0.3460974937751106,D
2026-02-08,Ligue 1,Le Havre,Strasbourg,1.1167304263409772,1.441539016201153,0.29260645090954934,0.2622082091814903,0.4451853399089603,H
2026-02-08,La Liga,Ath Madrid,Betis,1.840414556465788,0.9873002163918989,0.5738017277471916,0.22650581476384282,0.19969245748896555,A
2026-02-08,Serie A,Lecce,Udinese,1.1073200612620453,1.361334632180836,0.3046253777466076,0.2693590385948959,0.42601558365849657,H
2026-02-09,La Liga,Villarreal,Espanol,2.0768758219788155,0.913169460867322,0.6423891389360638,0.2016208090887668,0.15599005197516938,H
2026-02-09,Serie A,Roma,Cagliari,1.9901771037077125,0.8756662866470992,0.6337090030615339,0.20873818908199981,0.1575528078564664,H
2026-02-09,Serie A,Atalanta,Cremonese,2.218733047654861,0.7348495874556012,0.7122884692035804,0.17880957658673602,0.1089019542096836,H
2026-02-10,Premier League,Everton,Bournemouth,1.4744182653900229,1.1977697878005984,0.435417577412377,0.25683776360699073,0.3077446589806321,A
2026-02-10,Premier League,Tottenham,Newcastle,1.382424238991996,1.457834004747937,0.3577433405724627,0.25053536747161637,0.3917212919559209,A
2026-02-10,Premier League,West Ham,Man United,1.2710283925853687,1.5791683415340012,0.3074753720366773,0.24692033499315522,0.44560429297016746,D
2026-02-10,Premier League,Chelsea,Leeds,2.2558377648793195,0.8974366308129295,0.6806187083872123,0.18414619937586402,0.13523509223692376,D
2026-02-11,Premier League,Aston Villa,Brighton,1.660194072567797,0.9807952939470697,0.5329925893238858,0.2441083452425257,0.22289906543358845,H
2026-02-11,Premier League,Nott'm Forest,Wolves,1.7686322498826639,0.8544664507242671,0.590288191511562,0.23135595330809292,0.178355855180345,D
2026-02-11,Premier League,Crystal Palace,Burnley,1.9660217355134317,0.8125972577526966,0.6442658248134413,0.2087998538474452,0.14693432133911344,A
2026-02-11,Premier League,Man City,Fulham,2.1371295539667337,0.8944832589840621,0.6588135398917014,0.1950913660071304,0.1460950941011682,H
2026-02-11,Premier League,Sunderland,Liverpool,1.0375295908092577,1.8830643495226906,0.20540644883641207,0.22329104868118768,0.5713025024824002,A
2026-02-12,Premier League,Brentford,Arsenal,1.1032674214896523,1.7933239504920522,0.23276874255773547,0.23194880070794702,0.5352824567343175,D
2026-02-13,Bundesliga,Dortmund,Mainz,2.324707404899252,0.8956979436738078,0.6934822604910422,0.17783185104085647,0.12868588846810133,H
2026-02-13,La Liga,Elche,Osasuna,1.2766903369853666,1.5229292534379455,0.3189654732500524,0.25065809177000326,0.4303764349799443,D
2026-02-13,Ligue 1,Monaco,Nantes,1.9879206088278156,0.8633169708201257,0.6362716584879491,0.20850962778118404,0.15521871373086676,H
2026-02-13,Ligue 1,Rennes,Paris SG,0.8968199795159865,2.2724582429851927,0.13359075313897245,0.1825999340318292,0.6838093128291983,H
2026-02-13,Serie A,Pisa,Milan,0.9196807424729083,2.1080013076320436,0.15402971484291472,0.19890782672017715,0.6470624584369081,A
2026-02-14,Ligue 1,Paris FC,Lens,1.0263103113181546,1.6679200921789246,0.23286046060385926,0.24331880822609037,0.5238207311700503,A
2026-02-14,Bundesliga,Ein Frankfurt,M'gladbach,1.8607960243150685,1.0199466259181904,0.5705212773247352,0.22508351461957443,0.2043952080556903,H
2026-02-14,Serie A,Lazio,Atalanta,1.3186534813750856,1.3948402444318655,0.35387709565540093,0.25721838888166065,0.38890451546293847,A
2026-02-14,Bundesliga,Hamburg,Union Berlin,1.2986727184493234,1.2045653626867743,0.3876679630737052,0.26947606949029584,0.34285596743599894,H
2026-02-14,La Liga,Espanol,Celta,1.3251868131834248,1.3488179233146245,0.364724659074802,0.25961347867468465,0.37566186225051335,D
2026-02-14,La Liga,Sevilla,Alaves,1.4254867102662128,1.156961587201693,0.43184856136978744,0.26210888426928225,0.3060425543609303,D
2026-02-14,Serie A,Inter,Juventus,2.116583917770161,1.2170875928166118,0.5798490608292256,0.20665993063868687,0.21349100853208758,H
2026-02-14,Bundesliga,Hoffenheim,Freiburg,1.5923289053812968,1.1304058715690712,0.48057822183166166,0.24908597621106196,0.27033580195727636,H
2026-02-14,Bundesliga,Leverkusen,St Pauli,2.2967140754434343,0.7714793652883927,0.7173498378461255,0.17345301554063108,0.10919714661324348,H
2026-02-14,Bundesliga,Werder Bremen,Bayern Munich,0.8878970774507495,2.578792290996968,0.10678156943496599,0.15568345775049022,0.7375349728145437,A
2026-02-14,Bundesliga,Stuttgart,FC Koln,2.035484621395869,0.8707986250774155,0.6442488651976381,0.20400965054279255,0.15174148425956932,H
2026-02-14,Serie A,Como,Fiorentina,1.8777032183880957,1.0576288245442906,0.5653168609519204,0.22406956770744632,0.2106135713406333,A
2026-02-14,Ligue 1,Lille,Brest,1.5026141995612903,1.1429455007594083,0.45501948261113256,0.2563050201025553,0.2886754972863122,D
2026-02-14,La Liga,Real Madrid,Sociedad,2.5848786408510005,0.8031976068548969,0.7567099204814904,0.14988181388293084,0.09340826563557872,H
2026-02-14,Ligue 1,Marseille,Strasbourg,1.8736290388123151,1.1835554361003222,0.535001105764634,0.22549790616466114,0.23950098807070494,D
2026-02-14,La Liga,Getafe,Villarreal,1.0088598465011052,1.7522793513705797,0.21654925700661656,0.2352262268299225,0.5482245161634609,H
2026-02-15,La Liga,Levante,Valencia,1.328588636543725,1.261837093421941,0.38350738629424397,0.2643071554512622,0.35218545825449377,A
2026-02-15,La Liga,Vallecano,Ath Madrid,1.0130498888145498,1.694503455891605,0.22575532031844175,0.24078567828940495,0.5334590013921534,H
2026-02-15,Ligue 1,Metz,Auxerre,1.2260119711932007,1.1631375049294124,0.37668129328111494,0.2771920318129173,0.3461266749059678,A
2026-02-15,Serie A,Torino,Bologna,1.3012720229487622,1.383033202521364,0.3517145959766035,0.2588027349169159,0.38948266910648055,A
2026-02-15,Serie A,Udinese,Sassuolo,1.5868832014970606,1.0217067609261397,0.504898969219424,0.2510852348988562,0.24401579588171973,A
2026-02-15,Serie A,Cremonese,Genoa,1.2284347106160003,1.4051724203733844,0.3285112037172856,0.26073680778313946,0.41075198849957495,D
2026-02-15,La Liga,Oviedo,Ath Bilbao,1.2041269508836825,1.5357322925672474,0.2984367450446889,0.251966914445216,0.449596340510095,A
2026-02-15,Ligue 1,Le Havre,Toulouse,1.2659485378939745,1.2696668234206125,0.36521257223696135,0.2678134566819969,0.3669739710810418,H
2026-02-15,Bundesliga,Augsburg,Heidenheim,1.719472360628803,0.9699098107967978,0.5499543951406042,0.23815739809303577,0.21188820676636,H
2026-02-15,Serie A,Napoli,Roma,1.5693834024002429,1.148816452087404,0.47059865583517635,0.2506502494966689,0.2787510946681548,D
2026-02-15,La Liga,Mallorca,Betis,1.1958337921850948,1.542781144414242,0.29511540438565137,0.2516524220478236,0.453232173566525,A
2026-02-15,Ligue 1,Lyon,Nice,1.950720541345913,1.0335465738012304,0.587146043480041,0.21703424751804037,0.19581970900191867,H
2026-02-15,Bundesliga,RB Leipzig,Wolfsburg,2.029480473916164,0.9065414604983096,0.634330706990996,0.20596260369558672,0.15970668931341725,D
2026-02-15,Serie A,Parma,Verona,1.477190578921382,0.9964355785438951,0.48285322666195574,0.2621742505516043,0.25497252278643995,H
2026-02-15,Ligue 1,Lorient,Angers,1.5633508578226183,1.0320594706710333,0.49647698161043,0.25320927346966077,0.25031374491990915,H
2026-02-16,Serie A,Cagliari,Lecce,1.5348728137865415,0.9785968497971493,0.5021524105177795,0.2566924647571008,0.24115512472511969,A
2026-02-16,La Liga,Girona,Barcelona,0.8543034666857812,2.189076619240227,0.13339247050298647,0.18827002778379115,0.6783375017132224,H
2026-02-18,Premier League,Wolves,Arsenal,0.7266656607069082,2.4296894383925425,0.09206166119881966,0.15823247787057965,0.7497058609306007,D
2026-02-18,Serie A,Milan,Como,1.9815450296007557,1.0688383246606155,0.5854599626845098,0.2149930948049513,0.19954694251053878,D
2026-02-18,La Liga,Levante,Villarreal,1.0122753191402492,1.8489609265493883,0.2042242677949338,0.2260787298023136,0.5696970024027526,A
2026-02-20,Bundesliga,Mainz,Hamburg,1.6090584889183126,1.0605419402100495,0.5011426812051075,0.24859743686663655,0.2502598819282559,D
2026-02-20,Ligue 1,Brest,Marseille,1.350894065677894,1.5592133575994438,0.33074910854547507,0.24578484705792977,0.42346604439659524,H
2026-02-20,Serie A,Sassuolo,Verona,1.647590604563551,0.9311602245058811,0.542155934530645,0.2452936754153358,0.2125503900540191,H
2026-02-20,La Liga,Ath Bilbao,Elche,2.077886205628014,0.9523939922891792,0.6332063349775875,0.20297670516433938,0.16381695985807315,H
2026-02-21,Ligue 1,Paris SG,Metz,3.520973624709448,0.5542934563637236,0.9018183516965428,0.07036420157915228,0.027817446724305004,H
2026-02-21,Bundesliga,RB Leipzig,Dortmund,1.3599617975633569,1.6462095610158505,0.3172858360982623,0.24004587678347775,0.44266828711826,D
2026-02-21,Premier League,Man City,Newcastle,2.110649942511058,0.9210365819848452,0.6472654222218618,0.19871107384201142,0.1540235039361269,H
2026-02-21,La Liga,Osasuna,Real Madrid,0.990315291705508,2.0828304384136382,0.17098209818882756,0.20381035067641978,0.6252075511347527,H
2026-02-21,Premier League,Aston Villa,Leeds,1.962999149560198,0.835317766769485,0.637977668193317,0.2100145392705514,0.1520077925361316,D
2026-02-21,Bundesliga,FC Koln,Hoffenheim,1.1562077184851491,1.6302731507272132,0.2705004426607434,0.24549534830769973,0.4840042090315568,D
2026-02-21,Bundesliga,Union Berlin,Leverkusen,1.018178925514951,1.894455436088443,0.19961568202909022,0.22191626159333852,0.5784680563775713,H
2026-02-21,Ligue 1,Lens,Monaco,1.8344512505595862,1.0817881336612505,0.5498099709730415,0.2282047964185976,0.22198523260836095,A
2026-02-21,Bundesliga,Bayern Munich,Ein Frankfurt,2.8166780296609497,0.9126238681959725,0.7673488376719944,0.13876419598506579,0.09388696634293998,H
2026-02-21,La Liga,Sociedad,Oviedo,1.8588912320212454,0.9722780517165874,0.5816183962000243,0.2244548618541656,0.19392674194581014,D
2026-02-21,Premier League,Brentford,Brighton,1.4874820587711484,1.123729016568348,0.4555314057803222,0.2581067856997846,0.2863618085198932,A
2026-02-21,Premier League,Chelsea,Burnley,2.6379610732075576,0.7319703981242659,0.7796255560434985,0.14064586879214958,0.0797285751643519,D
2026-02-21,La Liga,Betis,Vallecano,1.8654205300804718,0.949373621604412,0.5886691879419105,0.22335462926437616,0.18797618279371336,D
2026-02-21,Premier League,West Ham,Bournemouth,1.3020330587945066,1.4230004467315702,0.34412423333836567,0.25625998183517623,0.39961578482645815,D
2026-02-21,Serie A,Cagliari,Lazio,1.2159456107389581,1.3922300789383795,0.3277033610134925,0.262214536269088,0.41008210271741946,D
2026-02-21,Serie A,Juventus,Como,1.9353960028254302,1.1826692181615206,0.5489779145865263,0.22051414121100926,0.23050794420246448,A
2026-02-21,Ligue 1,Toulouse,Paris FC,1.6588305218550992,0.981033059086161,0.5326014638066318,0.24424418443603205,0.2231543517573362,D
2026-02-21,Bundesliga,Wolfsburg,Augsburg,1.3769247236965212,1.2108914803965185,0.407158089584925,0.263549281048174,0.3292926293669011,A
2026-02-21,La Liga,Ath Madrid,Espanol,1.9707099213777064,0.8953160324454731,0.6248034348455996,0.2113825693094332,0.1638139958449673,H
2026-02-21,Serie A,Lecce,Inter,0.76928799662148,2.6098295088029992,0.08677940690384675,0.14555278665525323,0.7676678064409,A
2026-02-22,Premier League,Sunderland,Fulham,1.306391387559787,1.3322893062681838,0.3631591689147493,0.2616252650274042,0.3752155660578465,A
2026-02-22,Ligue 1,Angers,Lille,1.0884143704522216,1.4381171292712311,0.28576822969229854,0.26342164703508597,0.4508101232726155,A
2026-02-22,Serie A,Milan,Parma,2.321339300026429,0.7152641220123365,0.7346842768211825,0.16755745670025418,0.0977582664785633,A
2026-02-22,Serie A,Roma,Cremonese,2.160098847928307,0.7327177057282771,0.7021509863889325,0.18459364171194875,0.11325537189911868,H
2026-02-22,La Liga,Celta,Mallorca,1.767891515406616,1.05189319417719,0.5415350134805935,0.23401756915379476,0.22444741736561172,H
2026-02-22,Bundesliga,Freiburg,M'gladbach,1.6290740716861885,0.9561935069351899,0.5313929504233403,0.2472486989460433,0.2213583506306164,H
2026-02-22,Premier League,Tottenham,Arsenal,0.971116152375038,2.2739894185099474,0.14713834793112174,0.18593448457042813,0.6669271674984502,A
2026-02-22,La Liga,Getafe,Sevilla,1.4663381428841182,1.0755916921466449,0.4611988278935908,0.2612912869374684,0.2775098851689408,A
2026-02-22,Premier League,Nott'm Forest,Liverpool,1.0759961695009894,1.6743691564848426,0.24396119322930346,0.2425296505855172,0.5135091561851793,A
2026-02-22,La Liga,Villarreal,Valencia,1.9961464307835806,0.9178487996798427,0.6246612917642004,0.2096173239670326,0.16572138426876692,H
2026-02-22,Ligue 1,Nice,Lorient,1.5899490453676843,1.1507503499377751,0.47529123433455234,0.24891349954579647,0.27579526611965116,D
2026-02-22,Bundesliga,St Pauli,Werder Bremen,1.253960802680067,1.1914782004700268,0.3783254625802292,0.27341056457851975,0.34826397284125116,H
2026-02-22,Serie A,Genoa,Torino,1.537116012924495,1.1256664292822782,0.4677903184117794,0.25385781064969604,0.27835187093852454,H
2026-02-22,Ligue 1,Auxerre,Rennes,1.1705621932694097,1.327651118184825,0.32802157172545837,0.26914076066420295,0.40283766761033873,A
2026-02-22,Ligue 1,Strasbourg,Lyon,1.3748229051293868,1.4867742510187338,0.35025811915312133,0.2492221072030641,0.4005197736438146,H
2026-02-22,Bundesliga,Heidenheim,Stuttgart,0.9356781744047096,1.8505157534236414,0.18676351868861335,0.22454600184745965,0.5886904794639269,D
2026-02-22,La Liga,Barcelona,Levante,3.044151613770619,0.640868438490246,0.846878270712966,0.103831097022941,0.049290632264092936,H
2026-02-22,Premier League,Crystal Palace,Wolves,1.8623741200027175,0.9004179059875009,0.6000456767993936,0.22252073714625056,0.17743358605435583,H
2026-02-22,Serie A,Atalanta,Napoli,1.4689220568030468,1.3092762500062949,0.40977700390796795,0.2530270419545017,0.3371959541375304,H
2026-02-22,Ligue 1,Nantes,Le Havre,1.223224552043547,1.3217253859753408,0.34329343903928555,0.2668459784770808,0.38986058248363364,H
2026-02-23,Premier League,Everton,Man United,1.364150124478139,1.326331032190357,0.37939999259593327,0.2586560462671995,0.3619439611368672,A
2026-02-23,La Liga,Alaves,Girona,1.278384258447665,1.224933582666468,0.37787003092595184,0.26971834928202426,0.3524116197920238,D
2026-02-23,Serie A,Bologna,Udinese,1.650208712057079,1.0757189416931991,0.5076889959535771,0.24471097433784994,0.24760002970857303,H
2026-02-23,Serie A,Fiorentina,Pisa,1.8796707952313012,0.9714774682401097,0.5864558325631063,0.22242330035495445,0.1911208670819392,H
2026-02-27,La Liga,Levante,Alaves,1.244081212598379,1.2735640122793555,0.358546492533228,0.26889794700314223,0.3725555604636297,H
2026-02-27,Bundesliga,Augsburg,FC Koln,1.61903335047794,1.051777303520159,0.5057064904083612,0.24776398839060826,0.2465295212010305,H
2026-02-27,Premier League,Wolves,Aston Villa,0.8637641678760326,1.8422982514188415,0.17163927720285016,0.22365746787290178,0.604703254924248,H
2026-02-27,Ligue 1,Strasbourg,Lens,1.4720682139290897,1.5862290045499854,0.3551543980250285,0.2399367994247507,0.40490880255022066,D
2026-02-27,Serie A,Parma,Cagliari,1.4134209979214765,1.136756977550223,0.43323019580671,0.26384299599450894,0.30292680819878093,D
2026-02-28,Bundesliga,Leverkusen,Mainz,2.109968707784653,0.8645042889090971,0.6606842334082701,0.19639246710486805,0.14292329948686197,D
2026-02-28,Bundesliga,M'gladbach,Union Berlin,1.336381492254427,1.2476336141247082,0.38856400961409443,0.2645542306939756,0.34688175969192997,H
2026-02-28,La Liga,Oviedo,Ath Madrid,1.0316531117833243,1.8591312988383448,0.20725226549279538,0.22540918869519935,0.5673385458120053,A
2026-02-28,Premier League,Bournemouth,Sunderland,1.8811041511954807,0.9086553673188855,0.6021598926151377,0.22081927030885623,0.17702083707600608,D
2026-02-28,Serie A,Como,Lecce,2.0465336158237974,0.818876089898841,0.6591927502721923,0.20069293511312056,0.14011431461468715,H
2026-02-28,Premier League,Newcastle,Everton,1.5692655507372395,1.1886772886828658,0.4614859575196291,0.24976905053249338,0.28874499194787756,A
2026-02-28,Bundesliga,Dortmund,Bayern Munich,1.540636954965541,1.7266051550583206,0.34543072817620296,0.23052940049995466,0.4240398713238423,A
2026-02-28,La Liga,Barcelona,Villarreal,2.123667908746743,1.059233498117719,0.6173556719164415,0.20232683440508753,0.18031749367847097,H
2026-02-28,Bundesliga,Werder Bremen,Heidenheim,1.5996347820465615,1.018957570705838,0.5087559096117306,0.24988594674228715,0.24135814364598235,H
2026-02-28,La Liga,Vallecano,Ath Bilbao,1.3262646050813929,1.4309466560016117,0.3487781149648659,0.25466336074469276,0.3965585242904414,D
2026-02-28,Premier League,Liverpool,West Ham,2.2284528836816246,0.8551060079048731,0.6854870337375119,0.18457542601889046,0.12993754024359774,H
2026-02-28,Ligue 1,Rennes,Toulouse,1.6084113746818243,1.0892939309744318,0.4941788094064169,0.24831523990751359,0.25750595068606963,H
2026-02-28,Serie A,Verona,Napoli,0.8368084055494008,2.1823881742025373,0.1307164960736388,0.1880398760139254,0.6812436279124358,A
2026-02-28,Bundesliga,Hoffenheim,St Pauli,2.088007096230016,0.894521680906225,0.6491064236154145,0.19980792895857818,0.15108564742600733,A
2026-02-28,Premier League,Burnley,Brentford,1.06626619677037,1.5701283595383608,0.257874667059254,0.2520872231713403,0.4900381097694056,A
2026-02-28,Serie A,Inter,Genoa,3.238004274607765,0.7677743709684348,0.844515722531293,0.10078202711886852,0.05470225034983832,H
2026-02-28,Ligue 1,Le Havre,Paris SG,0.8052479870658683,2.3328025059820643,0.11217461054394708,0.17209219996917982,0.7157331894868731,A
2026-02-28,Premier League,Leeds,Man City,0.9786557912601467,2.042142667942648,0.1731969077933136,0.20718763419352154,0.6196154580131649,A
2026-02-28,La Liga,Mallorca,Sociedad,1.3215665390140807,1.4793157383203546,0.33833371458668027,0.25186918689816873,0.409797098515151,A
2026-02-28,Ligue 1,Monaco,Angers,1.9703164577661587,0.7911168805140222,0.6505272807453713,0.2074462661008404,0.14202645315378842,H
2026-03-01,Serie A,Torino,Lazio,1.1773872706990394,1.4727071363729594,0.30280949499300747,0.25765757698707376,0.4395329280199187,H
2026-03-01,La Liga,Betis,Sevilla,1.898440087235099,0.8725510990498376,0.6149068765009795,0.21801850327474404,0.16707462022427647,D
2026-03-01,Bundesliga,Hamburg,RB Leipzig,1.1678633922611306,1.5777324881628556,0.28210825596045114,0.24956419462056886,0.46832754941897997,A
2026-03-01,Premier League,Arsenal,Chelsea,2.1978349208269803,1.0966563950376966,0.6235554717576088,0.19716561592868354,0.17927891231370766,H
2026-03-01,Ligue 1,Lille,Nantes,1.9522794262003602,0.8307427621841572,0.6368592266187134,0.21096156238923355,0.152179210992053,H
2026-03-01,Serie A,Roma,Juventus,1.5915107563258668,1.3566850449982546,0.43013975879908506,0.24358379789045428,0.3262764433104607,D
2026-03-01,Bundesliga,Stuttgart,Wolfsburg,2.1775220049123347,0.9166597858514622,0.6613742800789995,0.19225765179022553,0.146368068130775,H
2026-03-01,Ligue 1,Marseille,Lyon,1.4987185084042467,1.3810241846820936,0.402206816298954,0.24827546657304822,0.34951771712799784,H
2026-03-01,Ligue 1,Lorient,Auxerre,1.6622596614434875,0.9651808612848519,0.5373276197285732,0.24388000709792307,0.21879237317350364,D
2026-03-01,Premier League,Man United,Crystal Palace,1.7379435032075352,1.0423866230302747,0.5367616321296037,0.23674637750904615,0.22649199036135018,H
2026-03-01,La Liga,Elche,Espanol,1.3715846768259388,1.4210847513805807,0.36221286880859827,0.25310012309334434,0.38468700809805734,D
2026-03-01,La Liga,Girona,Celta,1.3652746416566968,1.2662756561572328,0.39222009039181466,0.2616841857370435,0.34609572387114185,A
2026-03-01,Ligue 1,Paris FC,Nice,1.2256441294161255,1.4363379941769292,0.32192387690571406,0.2586231812115697,0.41945294188271626,H
2026-03-01,Serie A,Cremonese,Milan,0.8499765417232057,1.9381179798320505,0.15777986880518008,0.2131486444465993,0.6290714867482206,A
2026-03-01,Serie A,Sassuolo,Atalanta,1.0965426544036185,1.7033242065121001,0.2445150023786667,0.23984863570613357,0.5156363619151997,H
2026-03-01,Bundesliga,Ein Frankfurt,Freiburg,1.5870679458933648,1.149054664893618,0.4749635423745623,0.24918403102977074,0.27585242659566694,H
2026-03-01,Ligue 1,Metz,Brest,0.9826073072014834,1.7053539259762118,0.21689285449133455,0.2396352374148677,0.5434719080937976,A
2026-03-01,Premier League,Fulham,Tottenham,1.7952229164091447,1.082684411391919,0.540577703031798,0.23169808065807546,0.2277242163101266,H
2026-03-01,La Liga,Valencia,Osasuna,1.3671733187813013,1.3150451677610313,0.3825111160720613,0.2590696276488297,0.3584192562791091,H
2026-03-01,Premier League,Brighton,Nott'm Forest,1.5520969644056388,1.0207513516810989,0.4963364978402922,0.2544390165043526,0.24922448565535524,H
2026-03-02,Serie A,Pisa,Bologna,1.1202447006508043,1.5362233092932382,0.2771257906994919,0.25405723836942795,0.46881697093108016,A
2026-03-02,La Liga,Real Madrid,Getafe,2.716185772784257,0.667745615969882,0.8035759766678842,0.1296375971357425,0.06678642619637326,A
2026-03-02,Serie A,Udinese,Fiorentina,1.3230969013826477,1.303770395687135,0.3733466907789647,0.26232159524292853,0.36433171397810676,H
2026-03-03,Premier League,Leeds,Sunderland,1.5369704238575252,1.1075721717905491,0.4719466607486637,0.25427412119652965,0.27377921805480665,A
2026-03-03,Premier League,Wolves,Liverpool,0.8991583722859832,2.071542071798458,0.15372603070159768,0.20158841068506686,0.6446855586133354,H
2026-03-03,Premier League,Bournemouth,Brentford,1.451273823808076,1.1988122789968836,0.42922179032463725,0.2585534560827842,0.3122247535925785,D
2026-03-03,Premier League,Everton,Burnley,2.0813595549699015,0.861148420331064,0.6558389814877533,0.19905543238648693,0.14510558612575986,H
2026-03-04,Premier League,Fulham,West Ham,1.7902307955977346,1.070755360183619,0.542247763913948,0.2320835645416987,0.2256686715443532,A
2026-03-04,Premier League,Man City,Nott'm Forest,2.4017352445454105,0.7561911126229509,0.7385244666349856,0.16272985355377512,0.09874567981123929,D
2026-03-04,La Liga,Vallecano,Oviedo,1.6905923234973428,1.0107788451235458,0.5330666132535317,0.24115896818975857,0.22577441855670988,H
2026-03-04,Premier League,Aston Villa,Chelsea,1.4848812310541972,1.2567912261766236,0.4251013906628137,0.2539884293472817,0.3209101799899045,A
2026-03-04,Premier League,Newcastle,Man United,1.4363842124187296,1.4089140950388206,0.38095837572068814,0.2504533959049915,0.3685882283743203,H
2026-03-04,Premier League,Brighton,Arsenal,1.077520466993321,1.8251013994081806,0.2223148297478294,0.22900283749607453,0.5486823327560961,A
2026-03-04,Bundesliga,Hamburg,Leverkusen,1.0404526191428554,1.8856220134027606,0.20572233954638292,0.22310185189471338,0.5711758085589037,A
2026-03-05,Premier League,Tottenham,Crystal Palace,1.2843047413144844,1.3847961679865743,0.3469715768972885,0.259527442867113,0.39350098023559854,A
2026-03-06,Bundesliga,Bayern Munich,M'gladbach,3.2039750429299767,0.6738456166435313,0.8570820244973205,0.0961809034098337,0.04673707209284572,H
2026-03-06,Ligue 1,Paris SG,Monaco,2.3135235056283165,0.9665184549742241,0.6752571708218332,0.18227522713816696,0.14246760203999984,A
2026-03-06,Serie A,Napoli,Torino,2.294888111426646,0.845149577896234,0.6998532571912696,0.17785649340691054,0.12229024940181984,H
2026-03-06,La Liga,Celta,Real Madrid,1.0784656253787301,1.800688231562547,0.2259702191549874,0.2311884585233717,0.542841322321641,A
2026-03-07,Ligue 1,Toulouse,Marseille,1.1599161296916431,1.4845178542815443,0.2962068976608419,0.2572809325390484,0.4465121698001099,A
2026-03-07,La Liga,Osasuna,Mallorca,1.6680204420286215,0.9872648583906799,0.533318483544549,0.2433369939168451,0.22334452253860587,D
2026-03-07,Ligue 1,Nantes,Angers,1.3030694636410642,1.0892592144423352,0.4142465218634509,0.27515794814545214,0.31059552999109696,A
2026-03-07,La Liga,Levante,Girona,1.2430268019326065,1.345487512177464,0.3438684931280276,0.2641821314974833,0.39194937537448904,D
2026-03-07,Bundesliga,Heidenheim,Hoffenheim,1.093426009640722,1.7195906419261815,0.24131614354835362,0.23842290732844376,0.5202609491232026,A
2026-03-07,Serie A,Juventus,Pisa,2.5488675220146453,0.7719061639013157,0.7580735981705746,0.1508314776708527,0.0910949241585727,H
2026-03-07,Bundesliga,Mainz,Stuttgart,1.2283621149869914,1.5793979229763242,0.29687604366793374,0.24802738227205656,0.4550965740600097,D
2026-03-07,Serie A,Atalanta,Udinese,1.9204725159772724,0.8974657836747747,0.6135279448714039,0.2165113102716499,0.16996074485694612,D
2026-03-07,La Liga,Ath Bilbao,Barcelona,1.1142602345283368,2.046325209733542,0.20101874189751,0.21033952498394887,0.5886417331185412,A
2026-03-07,Bundesliga,Freiburg,Leverkusen,1.0882702128879564,1.565137265278068,0.26423155076353216,0.2521779980159563,0.4835904512205115,D
2026-03-07,Serie A,Cagliari,Como,1.1210878372522022,1.498781801180611,0.28372652566894213,0.2572227278983019,0.45905074643275595,A
2026-03-07,La Liga,Ath Madrid,Sociedad,1.8552792573363812,0.9974096923273226,0.5747103912559187,0.22524725734407122,0.2000423514000101,H
2026-03-07,Bundesliga,RB Leipzig,Augsburg,1.8882845770099232,0.9787360752207032,0.5866073151374663,0.22174164124619436,0.19165104361633925,H
2026-03-07,Bundesliga,Wolfsburg,Hamburg,1.4376571717056479,1.2177466877268992,0.42152361261951327,0.2588414219962739,0.3196349653842127,A
2026-03-07,Bundesliga,FC Koln,Dortmund,0.9586290653746101,2.140409587822745,0.1583483984019957,0.1974090996159232,0.6442425019820811,A
2026-03-07,Ligue 1,Auxerre,Strasbourg,1.1436372519186517,1.542830744418165,0.2819365626816386,0.25296193611897344,0.46510150119938803,D
2026-03-08,Serie A,Bologna,Verona,1.9431242639631603,0.7651119999990946,0.6514044384520847,0.20926704929714274,0.13932851225077253,A
2026-03-08,La Liga,Getafe,Betis,1.1073572280212667,1.4115230016521263,0.29549462508282914,0.265086682151566,0.43941869276560486,H
2026-03-08,Serie A,Fiorentina,Parma,1.5638539571104695,1.0456708493766464,0.49334907507168413,0.25297219310054797,0.2536787318277679,D
2026-03-08,Bundesliga,Union Berlin,Werder Bremen,1.462952102559578,1.117518966598387,0.4505993871786857,0.2603669179386757,0.2890336948826386,A
2026-03-08,Ligue 1,Lyon,Paris FC,1.9362480373000093,0.8608152957205061,0.6259817708200172,0.2137200215773109,0.16029820760267185,D
2026-03-08,Ligue 1,Nice,Rennes,1.3798732185246545,1.310041249370264,0.38683635755455015,0.2585577431959292,0.35460589924952063,A
2026-03-08,Ligue 1,Lens,Metz,2.713230453269337,0.6448865917869494,0.8078825762718357,0.12813079347375594,0.06398663025440846,H
2026-03-08,Serie A,Milan,Inter,1.2925479456854703,1.6799397062682868,0.29529031192591765,0.23933460271029336,0.4653750853637891,H
2026-03-08,Bundesliga,St Pauli,Ein Frankfurt,1.154070937404039,1.566538981296384,0.28054751619425133,0.2507720539152998,0.46868042989044884,D
2026-03-08,Serie A,Genoa,Roma,1.1374788052476634,1.7876995764496952,0.24153685676764036,0.23248986751470502,0.5259732757176546,H
2026-03-08,La Liga,Villarreal,Elche,2.351571785902987,0.8017533101498815,0.7197500496748284,0.17015756468735946,0.11009238563781217,H
2026-03-08,La Liga,Valencia,Alaves,1.5480045286451152,1.0306973146102634,0.49290637279002536,0.2546869554234552,0.2524066717865194,H
2026-03-08,La Liga,Sevilla,Vallecano,1.3216217486418564,1.3444275906264163,0.36468300144107857,0.2600649231083913,0.37525207545053013,D
2026-03-08,Serie A,Lecce,Cremonese,1.426974474894101,1.0385769573166563,0.4595205703103768,0.265967878133648,0.27451155155597534,H
2026-03-08,Ligue 1,Brest,Le Havre,1.7496728466644953,0.9076288754811087,0.5725077147640371,0.23436796075762362,0.1931243244783393,H
2026-03-08,Ligue 1,Lille,Lorient,1.6853760526255355,0.9741412398282818,0.540737921933566,0.24158362324838598,0.21767845481804796,D
2026-03-09,Serie A,Lazio,Sassuolo,1.6597918057158725,1.0840055448146761,0.5080685796082388,0.24378711881348722,0.2481443015782739,H
2026-03-09,La Liga,Espanol,Oviedo,1.7307524992911856,1.0932793486014603,0.5229512250387315,0.237436401420856,0.23961237354041248,D
2026-03-13,Ligue 1,Marseille,Auxerre,2.0372537082366353,0.8604208913779879,0.6471413065547452,0.20341475856186647,0.14944393488338834,H
2026-03-13,Serie A,Torino,Parma,1.424025434920967,1.1180384392518155,0.4402813760073824,0.2636440314941775,0.29607459249844026,H
2026-03-13,Bundesliga,M'gladbach,St Pauli,1.4383925890042253,1.0655260751940288,0.45621168170928383,0.2641052720785017,0.2796830462122144,H
2026-03-13,La Liga,Alaves,Villarreal,1.0421311137626559,1.7276274695164187,0.22791929453165338,0.2377049731640693,0.5343757323042773,D
2026-03-14,Bundesliga,Hoffenheim,Wolfsburg,2.115913360650961,0.9636099070630458,0.6382009818169031,0.1998485366008919,0.16195048158220487,D
2026-03-14,Bundesliga,Leverkusen,Bayern Munich,1.3193782953686748,1.9315255850525603,0.2612867904167202,0.22131809567194244,0.5173951139113374,D
2026-03-14,Premier League,Sunderland,Brighton,1.1267195717834748,1.37414033369861,0.3074657566157285,0.26747156750808104,0.4250626758761904,A
2026-03-14,Premier League,Burnley,Bournemouth,1.0472564221767902,1.5957148802729098,0.24903959827922595,0.24997769979746584,0.5009827019233082,D
2026-03-14,Premier League,Arsenal,Everton,2.2487251998222573,0.8905329920871942,0.6809181640065366,0.18446077184157264,0.13462106415189068,H
2026-03-14,Bundesliga,Hamburg,FC Koln,1.5558246015389519,1.1084315149286121,0.4765251796224934,0.2526216356942941,0.27085318468321257,D
2026-03-14,La Liga,Girona,Ath Bilbao,1.3337488736295668,1.3654934652192574,0.3635919957495613,0.2581844344378154,0.37822356981262334,H
2026-03-14,La Liga,Oviedo,Valencia,1.2507012537933186,1.357007973486708,0.3436305577293668,0.26301551405275664,0.3933539282178765,H
2026-03-14,Bundesliga,Ein Frankfurt,Heidenheim,2.182557874657627,0.8024463657236107,0.6894895556704135,0.18623997663358716,0.12427046769599938,H
2026-03-14,Ligue 1,Monaco,Brest,1.6828607226930006,1.078335600197172,0.5150107882382937,0.241753048255268,0.2432361635064383,H
2026-03-14,Serie A,Inter,Atalanta,2.1731357216556626,0.9942338667076824,0.642326922410241,0.19579836991726376,0.1618747076724952,D
2026-03-14,Premier League,Chelsea,Newcastle,1.906564140529333,1.1533679167380815,0.5493312860156362,0.22261995490795417,0.2280487590764097,A
2026-03-14,Serie A,Udinese,Juventus,1.1760785411207602,1.8424616104935991,0.24235047316241562,0.2279981130449596,0.5296514137926248,A
2026-03-14,Ligue 1,Lorient,Lens,1.1893508346908797,1.8644000061164576,0.24215263824848274,0.22625895899222698,0.5315884027592903,H
2026-03-14,Premier League,West Ham,Man City,0.9373911813317715,1.9401430552428354,0.17629893528303645,0.2157031392426273,0.6079979254743362,D
2026-03-14,Bundesliga,Dortmund,Augsburg,2.354093992966436,0.8524577617017507,0.7085472751884172,0.17286653296722101,0.11858619184436182,H
2026-03-14,La Liga,Real Madrid,Elche,2.8775780861140796,0.660016663886896,0.8249722200197872,0.11681460376956881,0.058213176210643994,H
2026-03-14,Ligue 1,Angers,Nice,1.203081478418212,1.2198327305319732,0.3584226976698366,0.27506177493085754,0.3665155273993059,A
2026-03-14,La Liga,Ath Madrid,Getafe,2.031616332067619,0.8648582734959772,0.6449089220646512,0.20415915190920877,0.15093192602614003,H
2026-03-14,Serie A,Napoli,Lecce,2.5183442816051844,0.759358789825469,0.7561898970686678,0.1526013253741058,0.09120877755722637,H
2026-03-15,La Liga,Betis,Celta,1.5729479572101883,1.1497303958850822,0.4712816983860232,0.2503369347542933,0.2783813668596835,D
2026-03-15,Ligue 1,Rennes,Lille,1.5182126747853666,1.1668884191257785,0.45355218646325046,0.254373752657171,0.29207406087957855,A
2026-03-15,Serie A,Como,Roma,1.4811981228956412,1.4296135474917586,0.38792808188346045,0.24713736151792126,0.36493455659861823,H
2026-03-15,Bundesliga,Stuttgart,RB Leipzig,1.7173642938576323,1.313033384392403,0.4697799862262254,0.2363568772785408,0.29386313649523393,H
2026-03-15,Premier League,Crystal Palace,Leeds,1.7013625720302312,1.0298181560417163,0.5310595238930927,0.24014923281464995,0.22879124329225736,D
2026-03-15,Bundesliga,Freiburg,Union Berlin,1.6673064545736533,1.0426023808335891,0.5197548803422531,0.24332887591307195,0.2369162437446749,A
2026-03-15,Serie A,Pisa,Cagliari,1.210232961937924,1.1847704301866,0.3677137189720366,0.2769352198246405,0.35535106120332305,H
2026-03-15,Serie A,Sassuolo,Bologna,1.3104838804458785,1.2966217161269522,0.3715005454187279,0.2634864457651371,0.365013008816135,A
2026-03-15,Ligue 1,Le Havre,Lyon,1.0621104237979393,1.5946814792220878,0.25291493622390243,0.24989859600292108,0.4971864677731765,D
2026-03-15,Serie A,Verona,Genoa,1.1639653401016998,1.4019271445375399,0.3122137380586523,0.2636997234054069,0.42408653853594075,A
2026-03-15,La Liga,Sociedad,Osasuna,1.5909537203198905,1.194962034281993,0.46546181895566024,0.24792827725794403,0.2866099037863957,H
2026-03-15,Ligue 1,Metz,Toulouse,1.0222442403395275,1.4295548639472868,0.2697243562306844,0.2661965950571711,0.46407904871214445,A
2026-03-15,Ligue 1,Strasbourg,Paris FC,1.7455655604230909,0.9327402341275389,0.5652968189633452,0.23514568323827859,0.19955749779837617,D
2026-03-15,Bundesliga,Werder Bremen,Mainz,1.4530260828602946,1.2002034477797985,0.4293663459768404,0.2583701333565883,0.3122635206665713,A
2026-03-15,Premier League,Nott'm Forest,Fulham,1.368157267654516,1.2507017083749012,0.39628208237538165,0.26226579377465453,0.3414521238499638,D
2026-03-15,La Liga,Barcelona,Sevilla,2.836532390613329,0.6801146570409595,0.8161793126074294,0.12134292563258195,0.06247776175998869,H
2026-03-15,Premier League,Liverpool,Tottenham,2.3693044816603104,0.8019858717382843,0.7226990826974289,0.1685513004061572,0.10874961689641385,D
2026-03-15,Premier League,Man United,Aston Villa,1.4261316434836682,1.2036077912556824,0.42164013095654085,0.2602525451595317,0.31810732388392743,H
2026-03-15,La Liga,Mallorca,Espanol,1.3783041738360746,1.3155258912766497,0.3852913004459859,0.25837488989182916,0.356333809662185,H
2026-03-15,Serie A,Lazio,Milan,1.1327707773256896,1.5111169127149184,0.28459901048669084,0.2558731925539998,0.45952779695930945,H
2026-03-16,Serie A,Cremonese,Fiorentina,1.115844596238555,1.3700938922833945,0.30530021391776874,0.26826265532918314,0.426437130753048,A
2026-03-16,La Liga,Vallecano,Levante,1.7404119673602645,0.9127269618917198,0.5690603432989626,0.23541255625094065,0.1955271004500967,D
2026-03-16,Premier League,Brentford,Wolves,1.8936906696394669,0.9111981008348198,0.6043044639896392,0.2196110941610682,0.17608444184929264,D
2026-03-20,Premier League,Bournemouth,Man United,1.250452192960338,1.2763879129224804,0.359682101174802,0.26833154881858773,0.37198635000661023,D
2026-03-20,Serie A,Genoa,Udinese,1.5012271513627917,1.1114162966316705,0.46191277653007273,0.25726881001990276,0.2808184134500245,A
2026-03-20,Bundesliga,RB Leipzig,Hoffenheim,1.666958068469201,1.2091537534707846,0.4808586017572054,0.24174790093014023,0.27739349731265445,H
2026-03-20,Serie A,Cagliari,Napoli,0.9124912509469448,1.9696647093168131,0.1675675405126767,0.21204952039882846,0.6203829390884948,A
2026-03-20,La Liga,Villarreal,Sociedad,1.8656075093949045,1.0636542153543798,0.5611690765623101,0.2252363780617574,0.2135945453759325,H
2026-03-20,Ligue 1,Lens,Angers,2.3670764592953644,0.7620088782244665,0.7314942215841008,0.1662806555000399,0.10222512291585929,H
2026-03-21,Ligue 1,Nice,Paris SG,0.9668832854147177,2.1837514233604387,0.1554312653483948,0.19378824293649405,0.6507804917151112,A
2026-03-21,Serie A,Juventus,Sassuolo,2.2365114453546906,0.8976091715020291,0.6770029611316566,0.18592773459051434,0.13706930427782912,D
2026-03-21,Ligue 1,Toulouse,Lorient,1.4502565370784573,1.293597389685588,0.4083690433271316,0.25487961910357254,0.33675133756929587,H
2026-03-21,Bundesliga,Heidenheim,Leverkusen,0.8709793847905114,2.0822922665023453,0.14697019327149857,0.19938492627148532,0.6536448804570161,D
2026-03-21,Premier League,Brighton,Liverpool,1.220470565492553,1.4328932260937688,0.3212271249484719,0.25907987328211857,0.41969300176940955,H
2026-03-21,La Liga,Levante,Oviedo,1.3623020739881324,1.119908010801367,0.42342608340398574,0.2687408473930361,0.30783306920297815,H
2026-03-21,Premier League,Fulham,Burnley,1.8612740943323944,0.8878710876013578,0.6029157064321266,0.2223101853954735,0.17477410817239983,H
2026-03-21,Bundesliga,FC Koln,M'gladbach,1.3445004411706962,1.2418837829899603,0.3919317723818494,0.26430774376068217,0.34376048385746855,D
2026-03-21,La Liga,Espanol,Getafe,1.4723415830866788,1.1763571357606715,0.43966995215677784,0.2577204299500335,0.30260961789318863,A
2026-03-21,Ligue 1,Auxerre,Brest,1.1201707991763377,1.4175980070161125,0.29779233200025906,0.2641088458020588,0.43809882219768215,H
2026-03-21,Bundesliga,Dortmund,Hamburg,2.5427587701786147,0.7661111050460273,0.7584153131435859,0.1509621478379556,0.09062253901845847,H
2026-03-21,Premier League,Everton,Chelsea,1.3338433181940008,1.4438461025155618,0.3482097884498959,0.25353754304088444,0.3982526685092197,H
2026-03-21,Premier League,Leeds,Brentford,1.1841784241968758,1.4007207687527616,0.31776093623567353,0.26295903520611474,0.4192800285582117,D
2026-03-21,La Liga,Osasuna,Girona,1.452087577377285,1.218401173169271,0.42510724132242256,0.2577605411210697,0.3171322175565079,H
2026-03-21,La Liga,Sevilla,Valencia,1.3720878571632147,1.2550278493364684,0.39639035696108793,0.2617896634244863,0.34181997961442573,A
2026-03-21,Serie A,Parma,Cremonese,1.602181025062021,0.9397395565516821,0.5287774380057287,0.25005113215290975,0.2211714298413615,A
2026-03-21,La Liga,Elche,Mallorca,1.3270553810389418,1.2628555022942558,0.38288830771391485,0.2643510336774639,0.35276065860862127,H
2026-03-21,Serie A,Milan,Torino,2.0007581126967002,0.87580338440387,0.635878308736311,0.207678324889429,0.15644336637426004,H
2026-03-21,Bundesliga,Bayern Munich,Union Berlin,3.004978795859088,0.6945086160127636,0.8329301266124858,0.1104602300288869,0.05660964335862725,H
2026-03-21,Bundesliga,Wolfsburg,Werder Bremen,1.3771364699404365,1.3272230112904302,0.3825699627733615,0.25784538494479403,0.3595846522818445,A
2026-03-22,Serie A,Roma,Lecce,2.3242374910831347,0.8497075837080064,0.703981171598742,0.17541596610750476,0.1206028622937533,H
2026-03-22,Bundesliga,St Pauli,Freiburg,1.1693848772873143,1.340353807047813,0.32526055327012154,0.2682304062414199,0.40650904048845854,A
2026-03-22,Bundesliga,Mainz,Ein Frankfurt,1.2981838417531124,1.3646379904753934,0.354545986552155,0.2600993718128623,0.3853546416349827,H
2026-03-22,Ligue 1,Paris FC,Le Havre,1.3900824815825754,1.0331394253970774,0.45092410187193716,0.2696195386635868,0.2794563594644761,H
2026-03-22,Serie A,Atalanta,Verona,2.4076297825461377,0.7271079391055906,0.7460935057178526,0.1602714994348724,0.09363499484727499,H
2026-03-22,La Liga,Real Madrid,Ath Madrid,1.9797818741827697,1.094342357482479,0.5791021227535924,0.21563378796142396,0.20526408928498358,H
2026-03-22,Serie A,Como,Pisa,2.191695384100671,0.7908868716425629,0.6939530088052559,0.1847177427876253,0.12132924840711878,H
2026-03-22,Premier League,Aston Villa,West Ham,1.8085078606199767,0.9465345843860924,0.5764952290114125,0.22896500222741892,0.19453976876116866,H
2026-03-22,La Liga,Barcelona,Vallecano,2.786623671223908,0.7669661096551618,0.7925987624206677,0.13139132099197445,0.0760099165873578,H
2026-03-22,Premier League,Tottenham,Nott'm Forest,1.3281909028484922,1.2791006004585477,0.37979150817891677,0.2633885189716988,0.3568199728493845,A
2026-03-22,La Liga,Celta,Alaves,1.8287389723250607,0.9862508992705974,0.5714055428784914,0.22761546219758128,0.20097899492392723,A
2026-03-22,Ligue 1,Rennes,Metz,2.4691405369505532,0.7346660621838043,0.7540900114579168,0.15523736510328284,0.09067262343880035,D
2026-03-22,Serie A,Bologna,Lazio,1.3677183510026942,1.109583310022275,0.42721924873201134,0.2687237482464262,0.3040570030215625,A
2026-03-22,Serie A,Fiorentina,Inter,0.9767103032392819,1.8982699699779142,0.18995341389320644,0.2207393392222618,0.5893072468845317,D
2026-03-22,La Liga,Ath Bilbao,Betis,1.3458268619446658,1.2808374279349664,0.3840634998673012,0.2621838401521978,0.353752659980501,H
2026-03-22,Bundesliga,Augsburg,Stuttgart,1.1954880736806732,1.6517168316640205,0.27658451162171627,0.24315314250727282,0.4802623458710109,A
2026-03-22,Ligue 1,Marseille,Lille,1.5206773834769807,1.1323579969277984,0.4620651265363152,0.2550827693314193,0.28285210413226547,A
2026-03-22,Premier League,Newcastle,Sunderland,1.86853164273725,0.894741958484227,0.6028206734894456,0.221741096402381,0.1754382301081734,A
2026-03-22,Ligue 1,Nantes,Strasbourg,1.0144283080795684,1.5402190165012661,0.24949421410076586,0.25567617764463585,0.4948296082545983,A
2026-03-22,Ligue 1,Lyon,Monaco,1.468818998436161,1.363625062483361,0.3983515148877101,0.2507426275473682,0.3509058575649217,A
2026-04-03,La Liga,Vallecano,Elche,1.6988474973945176,1.0003780259975825,0.5375783201600307,0.2403400818811275,0.2220815979588417,H
2026-04-03,Ligue 1,Paris SG,Toulouse,2.5947800365144436,0.7628225671913306,0.7668568489035025,0.14635906176823593,0.0867840893282615,H
2026-04-04,La Liga,Ath Madrid,Barcelona,1.3408898414893256,1.7446719399299278,0.29584732048740114,0.23402835864538638,0.47012432086721245,A
2026-04-04,La Liga,Sociedad,Levante,1.8597759807433307,1.0398823715202519,0.5655154058007116,0.22546305059796265,0.20902154360132585,H
2026-04-04,Serie A,Sassuolo,Cagliari,1.5864768519793657,1.0169359156318973,0.5059473853449793,0.25117196482228515,0.24288064983273558,H
2026-04-04,Bundesliga,Freiburg,Bayern Munich,0.9953818871493751,2.2876521888079777,0.15029884782795563,0.18579652436542962,0.6639046278066147,A
2026-04-04,Ligue 1,Brest,Rennes,1.338762949508009,1.2685185908031378,0.3847884247017217,0.2632901383341711,0.3519214369641071,A
2026-04-04,Serie A,Verona,Fiorentina,1.0444017645971884,1.5062089892421795,0.2627007267994893,0.2583864010929447,0.478912872107566,A
2026-04-04,Bundesliga,Stuttgart,Dortmund,1.6181977765841324,1.5167036791012245,0.403531532216186,0.23668635752485542,0.35978211025895857,A
2026-04-04,Bundesliga,Hamburg,Augsburg,1.416281258776215,1.2707685570302958,0.40452159322207315,0.2581029494219767,0.3373754573559501,D
2026-04-04,Bundesliga,Werder Bremen,RB Leipzig,1.2050529086177013,1.5930113095089142,0.2887597551441638,0.24754607784908225,0.4636941670067539,A
2026-04-04,La Liga,Mallorca,Real Madrid,0.8612418634109074,2.2691530214246116,0.12741844791456472,0.18109311979199397,0.6914884322934414,H
2026-04-04,Ligue 1,Lille,Lens,1.4615862955072654,1.3854052419947287,0.39204933178472023,0.2501906123079028,0.35776005590737703,H
2026-04-04,Ligue 1,Strasbourg,Nice,1.6852371988863681,1.0240814336289035,0.5285575257626104,0.24167611814525955,0.2297663560921301,H
2026-04-04,Bundesliga,Hoffenheim,Mainz,1.560785016332645,1.2163905971293065,0.45313693776835845,0.24973139068978478,0.2971316715418567,A
2026-04-04,Bundesliga,M'gladbach,Heidenheim,1.859472589835216,1.0299531995230764,0.5678226441006845,0.22535353957562085,0.20682381632369476,D
2026-04-04,La Liga,Betis,Espanol,1.8347633090482744,1.0223947548945045,0.5640414963464769,0.22755176479133749,0.2084067388621856,D
2026-04-04,Bundesliga,Leverkusen,Wolfsburg,2.466702784952987,0.7761824560750504,0.7444407259267154,0.1582130150394231,0.09734625903386158,H
2026-04-04,Serie A,Lazio,Parma,1.7758759709649834,0.8422462653334457,0.5950574537477189,0.23028623427621975,0.17465631197606143,D
2026-04-05,Ligue 1,Monaco,Marseille,1.6566239862828784,1.1384809227224153,0.49454256725654133,0.24354134133314925,0.2619160914103094,H
2026-04-05,Serie A,Cremonese,Bologna,1.0858835181587336,1.4409658861041397,0.28460290514870046,0.26324994525428136,0.45214714959701824,A
2026-04-05,Serie A,Inter,Roma,1.9082963025086468,1.0468215224630955,0.5746952417113186,0.2211383747177355,0.204166383570946,H
2026-04-05,Ligue 1,Metz,Nantes,1.2733482715032811,1.2454284410949465,0.3722165669727779,0.2688307369409591,0.3589526960862631,D
2026-04-05,Bundesliga,Union Berlin,St Pauli,1.4544696130871921,1.0129545493227654,0.4729018189216281,0.2640334791710858,0.26306470190728604,D
2026-04-05,Ligue 1,Lorient,Paris FC,1.5224031125434396,1.13560965637776,0.4617578389976315,0.25485656572652265,0.28338559527584584,D
2026-04-05,La Liga,Valencia,Celta,1.4141071457158176,1.2814339248295419,0.401689661888537,0.2577664444389856,0.34054389367247734,A
2026-04-05,La Liga,Getafe,Ath Bilbao,1.2534540917360184,1.222776311733601,0.3715768726559292,0.27152822663275245,0.35689490071131835,H
2026-04-05,Ligue 1,Angers,Lyon,1.0261503110199288,1.6517340918763088,0.23523353980289585,0.24485790983953024,0.5199085503575739,D
2026-04-05,La Liga,Oviedo,Sevilla,1.367256394222471,1.1948423548640599,0.4081016147135341,0.264999424207321,0.32689896107914485,H
2026-04-05,Ligue 1,Le Havre,Auxerre,1.3466492629991231,1.1484654572030693,0.41282261130226944,0.26873359024365245,0.31844379845407805,D
2026-04-05,Bundesliga,Ein Frankfurt,FC Koln,1.871754102963047,0.9466752042443867,0.5907418717979972,0.22266996974180173,0.1865881584602011,D
2026-04-05,La Liga,Alaves,Osasuna,1.4150167522271364,1.3204608079424505,0.3937043575124387,0.2559042513352398,0.3503913911523215,D
2026-04-05,Serie A,Pisa,Torino,1.2223147439874549,1.4636650420327868,0.31600786652020213,0.25676707323965664,0.4272250602401413,A
2026-04-06,Serie A,Juventus,Genoa,2.093547581161549,0.8928655006921875,0.6506100293990635,0.19920431809452774,0.1501856525064087,H
2026-04-06,Serie A,Napoli,Milan,1.56095973200452,1.189239619427077,0.4592816979122918,0.2504065964062282,0.29031170568147996,H
2026-04-06,Serie A,Lecce,Atalanta,0.9752804774165327,1.7885218357682477,0.20377395881985194,0.23137719474092538,0.5648488464392226,A
2026-04-06,Serie A,Udinese,Como,1.1985057685557254,1.6106264074507233,0.28415957754510096,0.2463185285854801,0.4695218938694189,D
2026-04-06,La Liga,Girona,Villarreal,1.1796588617899317,1.595843736810403,0.2819898732572404,0.2478653539405532,0.47014477280220635,H
2026-04-10,Premier League,West Ham,Wolves,1.4826748306916682,1.1103182811523424,0.4573786314226101,0.25889313756824595,0.283728231009144,H
2026-04-10,Ligue 1,Paris FC,Monaco,1.09890939305772,1.57396778848117,0.26546700272023255,0.25121414210689647,0.48331885517287093,H
2026-04-10,Bundesliga,Augsburg,Hoffenheim,1.3712163652061367,1.3449669221908231,0.37740214997239174,0.25726137117734527,0.3653364788502629,D
2026-04-10,Serie A,Roma,Pisa,2.384579343547643,0.7827472329228237,0.7296520841858846,0.165980307305552,0.10436760850856343,H
2026-04-10,La Liga,Real Madrid,Girona,2.401471678291055,0.8159547029763308,0.7249032724275879,0.166492351181937,0.10860437639047513,D
2026-04-10,Ligue 1,Marseille,Metz,2.3216821949018547,0.7029207456502058,0.737623249709762,0.16670591345950028,0.09567083683073761,H
2026-04-11,La Liga,Sociedad,Alaves,1.802215028801218,1.0868720007332218,0.5412055094731887,0.23109826533827996,0.22769622518853133,D
2026-04-11,La Liga,Barcelona,Espanol,2.951216153936751,0.6806651796898527,0.8295011223744333,0.11313112287778163,0.05736775474778506,H
2026-04-11,Serie A,Atalanta,Juventus,1.5028513641239232,1.375642677988758,0.4043487523677307,0.24825662578973948,0.3473946218425298,A
2026-04-11,Bundesliga,Wolfsburg,Ein Frankfurt,1.1166496422621606,1.5890047808327208,0.2674509211982684,0.2496055042294695,0.482943574572262,A
2026-04-11,Premier League,Arsenal,Bournemouth,2.2348806212646037,0.8211574020883357,0.6946744529167697,0.18218321158506867,0.12314233549816163,A
2026-04-11,Serie A,Milan,Udinese,1.9568791200838098,0.8827357392595642,0.6249618291883018,0.21235242520959338,0.1626857456021048,A
2026-04-11,Premier League,Burnley,Brighton,0.978090302097104,1.683219888132957,0.2189391380449217,0.2418117822324935,0.5392490797225848,A
2026-04-11,Premier League,Brentford,Everton,1.4640718868203642,1.2337878761570376,0.4248120177452671,0.2563116925043396,0.3188762897503932,D
2026-04-11,Bundesliga,St Pauli,Bayern Munich,0.7438496241775232,2.6565491946251387,0.0803030188767361,0.13997017674799386,0.77972680437527,A
2026-04-11,La Liga,Sevilla,Ath Madrid,1.0126468613582909,1.8386306587798027,0.20567525985475016,0.22705768549098407,0.5672670546542657,H
2026-04-11,Serie A,Cagliari,Cremonese,1.4920812562186665,1.1108609769901874,0.45968460294894425,0.2580697833728124,0.28224561367824336,H
2026-04-11,Bundesliga,Dortmund,Leverkusen,1.8251705322249034,1.3494259541353655,0.48688227689705826,0.22850109092093485,0.28461663218200695,A
2026-04-11,La Liga,Elche,Valencia,1.2578971476981706,1.3846214441102296,0.3401350804990792,0.2608109779870193,0.39905394151390144,H
2026-04-11,Serie A,Torino,Verona,1.901682547352761,0.8801994248743399,0.6137148700916358,0.21791468712400672,0.16837044278435748,H
2026-04-11,Bundesliga,RB Leipzig,M'gladbach,2.1112087379807463,0.9252578762916592,0.6463698856226313,0.19882581698666385,0.1548042973907048,H
2026-04-11,Premier League,Liverpool,Fulham,1.8963936440501385,1.0201843976307217,0.578417315713484,0.22177189706376058,0.19981078722275533,H
2026-04-11,Ligue 1,Auxerre,Nantes,1.54433395762697,0.986823722739828,0.5025697236841523,0.255640411821338,0.24178986449450976,D
2026-04-11,Ligue 1,Rennes,Angers,1.9976910793908798,0.8314450357018515,0.6461574530713384,0.20625836324813399,0.14758418368052756,H
2026-04-11,Bundesliga,Heidenheim,Union Berlin,1.2862505127102477,1.3289297579898212,0.3585532377291172,0.2629478640247426,0.3784988982461402,H
2026-04-12,La Liga,Osasuna,Betis,1.3543694487944529,1.2945294341585059,0.3834408580538421,0.2609253865870865,0.3556337553590714,D
2026-04-12,Serie A,Parma,Napoli,0.8935332643303593,1.8422797918378047,0.17831116256222215,0.22442397508376113,0.5972648623540168,D
2026-04-12,Serie A,Como,Inter,1.2754448638949711,1.697327849182949,0.2882860973488521,0.23840969138674978,0.47330421126439814,A
2026-04-12,Bundesliga,Mainz,Freiburg,1.5777771592367051,1.1892821929274489,0.46347212788454745,0.24908689816647728,0.2874409739489753,A
2026-04-12,Serie A,Genoa,Sassuolo,1.3722067762647137,1.1668494764861446,0.41557539398946974,0.26589551953776813,0.3185290864727622,H
2026-04-12,Premier League,Crystal Palace,Newcastle,1.4418012460118768,1.2687828460074726,0.411512907007054,0.2564785355762917,0.33200855741665436,H
2026-04-12,Serie A,Bologna,Lecce,1.8194155015414635,0.8692582540179501,0.5981781181001687,0.2262305188611469,0.17559136303868428,H
2026-04-12,La Liga,Celta,Oviedo,1.9285040795124075,0.9468856528897801,0.6031680119219499,0.21709842896258383,0.17973355911546623,A
2026-04-12,Bundesliga,FC Koln,Werder Bremen,1.3740323873283016,1.3105070150225981,0.38522837155888606,0.2588897568130631,0.3558818716280509,H
2026-04-12,Ligue 1,Toulouse,Lille,1.1462782512551672,1.5589564534148548,0.2798701409760578,0.2515666798409435,0.46856317918299867,A
2026-04-12,Premier League,Chelsea,Man City,1.2344551838174949,1.6078169283468726,0.2934820419485894,0.2457640897739151,0.4607538682774955,A
2026-04-12,La Liga,Ath Bilbao,Villarreal,1.2090509631321513,1.4524012134368744,0.31466281687907705,0.2580890797523624,0.42724810336856067,A
2026-04-12,Ligue 1,Nice,Le Havre,1.5244357321257418,1.069391379419627,0.47768727120799165,0.256191570486039,0.26612115830596933,D
2026-04-12,Ligue 1,Lyon,Lorient,1.6917121018437216,1.008541137073998,0.5338789850080143,0.2410481585572003,0.22507285643478545,H
2026-04-12,Premier League,Sunderland,Tottenham,1.5137662918479389,1.0694030742769618,0.4749459497960347,0.2571600849817401,0.26789396522222514,H
2026-04-12,Bundesliga,Stuttgart,Hamburg,2.2099933172338013,0.8793123200012324,0.6763485409782756,0.18751054561994795,0.13614091340177656,H
2026-04-12,La Liga,Mallorca,Vallecano,1.338284892216544,1.2375543603958847,0.39120857605519543,0.2649537958923079,0.34383762805249674,H
2026-04-12,Premier League,Nott'm Forest,Aston Villa,1.2528031029374567,1.4140488554402373,0.3331565482292661,0.2590492767214536,0.4077941750492804,D
2026-04-13,Premier League,Man United,Leeds,1.8806599390475385,0.8691222243669146,0.6118685564061174,0.21976787934037925,0.16836356425350332,A
2026-04-13,Serie A,Fiorentina,Lazio,1.3189485933112304,1.2481085803746834,0.3838417978322226,0.2656875552178536,0.3504706469499238,H
2026-04-13,La Liga,Levante,Getafe,1.280265924820063,1.2570644278780974,0.3716506510765011,0.2676860614803052,0.3606632874431937,H
2026-04-17,Ligue 1,Lens,Toulouse,2.112936381604237,0.9261876334709174,0.6464916771906549,0.19869965793955552,0.1548086648697895,H
2026-04-17,Serie A,Inter,Cagliari,3.019146872803042,0.673869391949369,0.8382592421572613,0.10797464689366305,0.053766110949075595,H
2026-04-17,Serie A,Sassuolo,Como,1.1742348085708791,1.6556729768967862,0.27077006559614963,0.24315794690665793,0.48607198749719244,H
2026-04-17,Bundesliga,St Pauli,FC Koln,1.3286967209133564,1.317274796516722,0.37204245053383245,0.26122610593850615,0.36673144352766146,D
2026-04-18,Premier League,Tottenham,Brighton,1.0547555943089306,1.5405185772408703,0.2597434992656986,0.25499621080273766,0.4852602899315637,D
2026-04-18,Serie A,Udinese,Parma,1.6050306976526485,0.9902428826109121,0.5170680955556585,0.24956530446990732,0.2333665999744343,A
2026-04-18,Premier League,Brentford,Fulham,1.600380425368644,1.099023766541819,0.4898965497463843,0.24889197746956704,0.2612114727840486,D
2026-04-18,Serie A,Napoli,Lazio,1.7999820238348119,0.9349240029188632,0.577401456570066,0.22962562228657327,0.1929729211433608,A
2026-04-18,Premier League,Chelsea,Man United,1.5238553626713214,1.311438584448765,0.4231161915459998,0.24939973106365287,0.32748407739034735,A
2026-04-18,Premier League,Leeds,Wolves,1.4760775824656007,0.9817621098300844,0.48611594383287615,0.2625809314484609,0.251303124718663,H
2026-04-18,Ligue 1,Lorient,Marseille,1.1238536048167598,1.4865787080647757,0.2865508714461145,0.25817954907503227,0.4552695794788534,H
2026-04-18,Bundesliga,Werder Bremen,Hamburg,1.5928857757479364,1.0880930337264418,0.490595385984599,0.24971259754692743,0.2596920164684736,H
2026-04-18,Serie A,Roma,Atalanta,1.5345774755725925,1.3047878697846325,0.4272147868891949,0.24892625978626706,0.323858953324538,D
2026-04-18,Ligue 1,Angers,Le Havre,1.3036168148910776,1.1929713000658928,0.3914915870196786,0.26975692133876944,0.33875149164155194,D
2026-04-18,Bundesliga,Leverkusen,Augsburg,2.5971151706934683,0.8881763627900976,0.740312707343235,0.1542128688028658,0.10547442385389921,A
2026-04-18,Bundesliga,Hoffenheim,Dortmund,1.1909820967751323,1.7155158728893762,0.26519784156889353,0.23815947193739467,0.4966426864937117,H
2026-04-18,Ligue 1,Lille,Nice,2.1668769264831003,0.8585147049472878,0.6731301534769971,0.19060182742295018,0.13626801910005273,D
2026-04-18,Bundesliga,Union Berlin,Wolfsburg,1.5991462729341548,1.1099191119396596,0.4870401548828606,0.24883753792482716,0.2641223071923123,A
2026-04-18,Premier League,Newcastle,Bournemouth,1.4463218507252358,1.2204667376570515,0.42316635296468064,0.258102938507688,0.3187307085276312,A
2026-04-18,Bundesliga,Ein Frankfurt,RB Leipzig,1.2956069030149315,1.3970862360723115,0.34749792332894436,0.2581989001879688,0.3943031764830868,A
2026-04-19,Bundesliga,Freiburg,Heidenheim,2.041492921673955,0.9704168455764794,0.6214463894535803,0.20698891860781077,0.17156469193860904,H
2026-04-19,Premier League,Nott'm Forest,Burnley,1.9489630676733298,0.8549001261273566,0.6301558805021598,0.21219759697704094,0.15764652252079922,H
2026-04-19,Serie A,Verona,Milan,0.8385495136742905,1.871823596123952,0.16265108578042284,0.21976913184956293,0.6175797823700142,A
2026-04-19,Bundesliga,Bayern Munich,Stuttgart,2.6650933613778056,0.9819121575543153,0.7309112675618917,0.15427521011869,0.1148135223194182,H
2026-04-19,Serie A,Cremonese,Torino,1.2072103617973136,1.4923847612075922,0.3069214864966502,0.25516172880518917,0.4379167846981607,D
2026-04-19,Serie A,Pisa,Genoa,1.1472311004634235,1.4105844111286774,0.3062070416246412,0.26367401041676203,0.43011894795859684,A
2026-04-19,Ligue 1,Monaco,Auxerre,2.059706623623832,0.8417177798303849,0.6562405723338328,0.2003690803795035,0.14339034728666372,D
2026-04-19,Ligue 1,Paris SG,Lyon,2.2341909670608344,0.8827416629987723,0.6800536237968305,0.18542125014128366,0.1345251260618859,A
2026-04-19,Premier League,Everton,Liverpool,1.3853454925270559,1.5357971425776655,0.34356829155579266,0.24595923883407506,0.41047246961013234,A
2026-04-19,Bundesliga,M'gladbach,Mainz,1.3699229613577775,1.3497287431714675,0.37609780120852315,0.25708165174352915,0.36682054704794764,D
2026-04-19,Premier League,Aston Villa,Sunderland,1.8267240615365516,0.909486383797316,0.589795114014596,0.22639851095433725,0.18380637503106692,H
2026-04-19,Ligue 1,Metz,Paris FC,1.0561412285229752,1.6130000196934131,0.24855020316391982,0.24828033231605018,0.50316946452003,A
2026-04-19,Ligue 1,Strasbourg,Rennes,1.495137280183303,1.2697203750505988,0.42489246958300125,0.2528094349682836,0.32229809544871507,A
2026-04-19,Ligue 1,Nantes,Brest,1.0779455693887954,1.4291311939249574,0.28458024773797813,0.26455222824770125,0.45086752401432073,D
2026-04-19,Premier League,Man City,Arsenal,1.569015499266763,1.322502105236532,0.4319322464023255,0.2460880700581142,0.3219796835395602,H
2026-04-19,Serie A,Juventus,Bologna,1.8588060709712777,0.9314120660610579,0.5915972362316613,0.22362137015576022,0.18478139361257848,H
2026-04-20,Premier League,Crystal Palace,West Ham,1.6487284212258042,1.0539023606278781,0.5125153946646402,0.2449992538420112,0.24248535149334846,D
2026-04-20,Serie A,Lecce,Fiorentina,1.0532036278751657,1.4971758209285404,0.26647408091476543,0.2590374574576155,0.4744884616276191,D
2026-04-21,La Liga,Mallorca,Valencia,1.5271378506069289,1.18825467203606,0.4509895212638669,0.2530746910213898,0.2959357877147434,D
2026-04-21,La Liga,Ath Bilbao,Osasuna,1.4417389112484957,1.1994236507636797,0.4266178068183781,0.25924866749694875,0.3141335256846732,H
2026-04-21,Premier League,Brighton,Chelsea,1.5037636870655908,1.1496323699061488,0.45378790631541105,0.25602370248947287,0.2901883911951161,H
2026-04-21,La Liga,Girona,Betis,1.3031173247387215,1.221055481490968,0.38534422081351705,0.26825042092386203,0.34640535826262087,A
2026-04-21,La Liga,Real Madrid,Alaves,2.7565945715090097,0.8497847257347465,0.7717329531020874,0.13927007977531708,0.08899696712259547,H
2026-04-22,La Liga,Elche,Ath Madrid,0.9988597644667302,1.8123077050817211,0.2060336020938746,0.2293744852782502,0.5645919126278752,H
2026-04-22,La Liga,Barcelona,Celta,2.767920638798295,0.8004624321288366,0.7833330738554282,0.13512627839591912,0.0815406477486527,H
2026-04-22,Premier League,Burnley,Man City,0.701505210366092,2.4978634075972312,0.08375871461652115,0.1503900462375153,0.7658512391459635,A
2026-04-22,La Liga,Sociedad,Getafe,1.700230432420797,1.1061461764960354,0.5126349960980203,0.2400745553848085,0.24729044851717114,A
2026-04-22,Premier League,Bournemouth,Leeds,1.6282080964981278,0.9662085079271813,0.5287118203172876,0.24732733765596587,0.22396084202674654,D
2026-04-22,Ligue 1,Paris SG,Nantes,2.9717463974219207,0.6188333166394384,0.843264785676473,0.10701169313904743,0.04972352118447945,H
2026-04-23,La Liga,Vallecano,Espanol,1.4535618862353255,1.0703924177686297,0.4590680703435815,0.26258816044518146,0.27834376921123694,H
2026-04-23,La Liga,Oviedo,Villarreal,1.064686973088111,1.6507306424767516,0.24481984953989974,0.24474437612890781,0.5104357743311925,D
2026-04-23,La Liga,Levante,Sevilla,1.4544126209444548,1.129306011092858,0.4456750670691437,0.26071403180357594,0.29361090112728033,H
2026-04-24,Bundesliga,RB Leipzig,Union Berlin,2.230843333184025,0.8010745349386305,0.6986924342688516,0.18146989703946645,0.119837668691682,H
2026-04-24,Premier League,Sunderland,Nott'm Forest,1.323362338704446,1.3542212400805476,0.3631646513214904,0.2593968712651302,0.3774384774133795,A
2026-04-24,Serie A,Napoli,Cremonese,2.323302010771962,0.6848670091483389,0.7421098706718315,0.16532961973933727,0.09256050958883118,H
2026-04-24,Ligue 1,Brest,Lens,1.2767630077186194,1.666581439370259,0.29376308300709847,0.24058797932888001,0.4656489376640215,D
2026-04-24,La Liga,Betis,Real Madrid,1.15447054707338,1.7685899370159668,0.2483590512108629,0.23406907900386145,0.5175718697852756,D
2026-04-25,Bundesliga,Augsburg,Ein Frankfurt,1.3700067092630026,1.3759211121596822,0.37081313158376433,0.2556681005078636,0.3735187679083721,D
2026-04-25,Serie A,Verona,Lecce,1.2130485119896204,1.17111477298396,0.37138387973748055,0.27763073770193436,0.35098538256058515,D
2026-04-25,Bundesliga,FC Koln,Leverkusen,1.1285580202717902,1.9703144191968631,0.21390612916477658,0.21700473331322362,0.5690891375219999,A
2026-04-25,Ligue 1,Lyon,Auxerre,1.8640885190427667,0.8679607598512585,0.6085025669794234,0.22147191793541746,0.17002551508515917,H
2026-04-25,La Liga,Getafe,Barcelona,0.863751470812064,2.151290712572905,0.13875501682749194,0.19234933667338736,0.6688956464991207,A
2026-04-25,Bundesliga,Mainz,Bayern Munich,0.9294869404345267,2.426234034812793,0.12574018078033009,0.17074490093688408,0.7035149182827859,A
2026-04-25,Premier League,Fulham,Aston Villa,1.2263376868686753,1.4443091683276286,0.3206191206023979,0.258020505705135,0.4213603736924671,H
2026-04-25,Premier League,Wolves,Tottenham,1.3935725248504238,1.1899522911019977,0.41612532428332744,0.26325455054606606,0.3206201251706065,A
2026-04-25,Serie A,Parma,Pisa,1.6654651970688643,0.9477055740202439,0.5424196406236723,0.2435011433475135,0.2140792160288142,H
2026-04-25,Premier League,West Ham,Everton,1.277606610479829,1.3371184149828443,0.3546401961945449,0.2629073544382045,0.38245244936725054,H
2026-04-25,Serie A,Bologna,Roma,1.2812914657719465,1.3978855565417965,0.3436417105683664,0.25882840665352697,0.39752988277810664,A
2026-04-25,La Liga,Ath Madrid,Ath Bilbao,1.8065058983785556,1.0221601867042143,0.557630759135899,0.23019878225438467,0.21217045860971637,H
2026-04-25,Ligue 1,Angers,Paris SG,0.795071778273255,2.5473918500694905,0.09470707022581523,0.15248808710058012,0.7528048426736046,A
2026-04-25,Bundesliga,Heidenheim,St Pauli,1.4754752750470328,1.16549406528159,0.4429225323953452,0.2578283575513215,0.29924911005333327,H
2026-04-25,La Liga,Alaves,Mallorca,1.5756996942584918,1.2611625185619952,0.4469144232203156,0.24743719627407382,0.30564838050561055,H
2026-04-25,Ligue 1,Toulouse,Monaco,1.2451818903110807,1.6278877595692893,0.29268047715632595,0.24404144490574659,0.46327807793792747,D
2026-04-25,Premier League,Arsenal,Newcastle,2.085069413832986,0.8855188856442902,0.6506880060374558,0.19972300961226142,0.14958898435028273,H
2026-04-25,La Liga,Valencia,Girona,1.3748112578437426,1.222438542223311,0.4040978357496219,0.263163315830565,0.332738848419813,H
2026-04-25,Premier League,Liverpool,Crystal Palace,1.8334857473734625,0.9781133930673267,0.5744633402989233,0.22702661388746237,0.19851004581361434,H
2026-04-25,Bundesliga,Hamburg,Hoffenheim,1.2107853373977644,1.5002250020499093,0.30642424420946157,0.2544559143167613,0.43911984147377703,A
2026-04-25,Bundesliga,Wolfsburg,M'gladbach,1.3759521951391986,1.3534688231239813,0.37688398053523875,0.2565445893857223,0.3665714300790389,D
2026-04-26,Serie A,Torino,Inter,0.987071503094973,2.2623694184297993,0.1512714646767902,0.18763904703771517,0.6610894882854946,D
2026-04-26,Bundesliga,Stuttgart,Werder Bremen,2.121510836521332,0.941505559417918,0.6445524071035553,0.19849591875033074,0.15695167414611394,D
2026-04-26,Ligue 1,Paris FC,Lille,1.2601360026891644,1.576354213256177,0.3052791496992649,0.24741852376877752,0.4473023265319577,A
2026-04-26,Ligue 1,Marseille,Nice,1.7593918333918142,0.9750770130729285,0.5581170561201425,0.23424207611099562,0.2076408677688618,D
2026-04-26,La Liga,Villarreal,Celta,1.8938632829231132,0.9977978322442305,0.5832366496183758,0.22159155239258008,0.1951717979890441,H
2026-04-26,La Liga,Osasuna,Sevilla,1.644282615804441,0.9931788936281077,0.526071735509318,0.24567526480421772,0.22825299968646431,H
2026-04-26,Ligue 1,Le Havre,Metz,1.737020524722957,0.9241174147105119,0.5654247602844378,0.23591771421545915,0.19865752550010302,D
2026-04-26,Serie A,Milan,Juventus,1.3570642108128728,1.273984243008748,0.3884450148526731,0.2618255203266753,0.34972946482065165,D
2026-04-26,Ligue 1,Rennes,Nantes,2.1616524149983025,0.7958175360112215,0.6871713941977619,0.18795064907816492,0.12487795672407331,H
2026-04-26,Ligue 1,Lorient,Strasbourg,1.2822872987579876,1.2668652507109666,0.37015924073377193,0.2669701697282609,0.36287058953796725,A
2026-04-26,Serie A,Genoa,Como,1.2493435446859078,1.54517955549552,0.3081140118208457,0.24995974519713332,0.441926242982021,A
2026-04-26,Serie A,Fiorentina,Sassuolo,1.631566787573749,1.0237668375239166,0.5155256049876938,0.24679138150499594,0.2376830135073101,D
2026-04-26,Bundesliga,Dortmund,Freiburg,1.9130502675790182,0.9623255428660605,0.5960456108855876,0.21898742425614998,0.18496696485826244,H
2026-04-26,La Liga,Oviedo,Elche,1.529651772129483,1.0620500037794318,0.48075622075680985,0.2558617812418524,0.26338199800133777,A
2026-04-26,La Liga,Vallecano,Sociedad,1.3248674087596584,1.2553692763042283,0.38388252844966436,0.2649012439305162,0.3512162276198194,D
2026-04-27,Serie A,Cagliari,Atalanta,0.9511216078721475,1.7410266195304074,0.2044923702641816,0.23582382110378067,0.5596838086320377,H
2026-04-27,La Liga,Espanol,Levante,1.3703216882472695,1.1829971790223173,0.41151094726876114,0.26531456901412714,0.32317448371711166,D
2026-04-27,Premier League,Man United,Brentford,1.6240773898499399,1.1046287085672928,0.4944552446399094,0.2467400229963766,0.258804732363714,H
2026-04-27,Serie A,Lazio,Udinese,1.6362721129668831,0.9592684697748245,0.5324116281028911,0.24651219493396284,0.22107617696314608,D
2026-05-01,Premier League,Leeds,Burnley,1.864539281432529,0.8071618720362194,0.6239038357420242,0.21952956135362814,0.15656660290434768,H
2026-05-01,Serie A,Pisa,Lecce,1.2287764871411582,1.1662214341164507,0.3767870437389348,0.27679346648173686,0.3464194897793284,A
2026-05-01,La Liga,Girona,Mallorca,1.499278262664158,1.1506839715077197,0.4523992169399045,0.2563602626197568,0.29124052044033866,A
2026-05-02,La Liga,Osasuna,Barcelona,0.8939445709099946,2.0289910464074383,0.1571674873793142,0.2055462125974335,0.6372863000232524,A
2026-05-02,Bundesliga,Werder Bremen,Augsburg,1.4782600123349894,1.2284139856268943,0.429621773867696,0.25548208198707373,0.31489614414523026,A
2026-05-02,Serie A,Udinese,Torino,1.5001417656704403,1.1520073973488139,0.45231925549727997,0.25625193713207356,0.2914288073706464,H
2026-05-02,Serie A,Atalanta,Genoa,1.9078874944042385,0.8902419046176083,0.6125794820058382,0.21757730439554146,0.16984321359862026,D
2026-05-02,Bundesliga,Union Berlin,FC Koln,1.4742538400937737,1.2951369970447435,0.4141375366382949,0.2532503979970734,0.3326120653646316,D
2026-05-02,Premier League,Newcastle,Brighton,1.2850479964049708,1.377043903683763,0.34868291653833355,0.2599862720291732,0.3913308114324933,H
2026-05-02,Bundesliga,Leverkusen,RB Leipzig,1.792473801500077,1.357396095822892,0.4776445316726622,0.23059145631234113,0.2917640120149966,H
2026-05-02,Bundesliga,Bayern Munich,Heidenheim,4.1020799865455535,0.648902654347923,0.9252538749899114,0.05250804634162819,0.02223807866846031,D
2026-05-02,La Liga,Alaves,Ath Bilbao,1.4845235222451367,1.3486506967577554,0.4054063633282319,0.2504447317446541,0.344148904927114,A
2026-05-02,Bundesliga,Hoffenheim,Stuttgart,1.4289717522924832,1.5420650731857541,0.3530714819396202,0.24392464951043782,0.40300386854994197,D
2026-05-02,Serie A,Como,Napoli,1.4076131936754686,1.4503008048375694,0.3655178859354349,0.24977998996690481,0.3847021240976603,D
2026-05-02,Premier League,Wolves,Sunderland,1.3020980252269034,1.260610227492416,0.3767390322532867,0.26608311807286467,0.35717784967384864,D
2026-05-02,Ligue 1,Nantes,Marseille,0.9437138762432956,1.7068673929514082,0.20736992585896805,0.2392298673707821,0.5534002067702498,H
2026-05-02,Premier League,Arsenal,Fulham,1.9942270121370314,0.8299425686657316,0.6458140552169132,0.20655536379420003,0.1476305809888868,H
2026-05-02,Ligue 1,Paris SG,Lorient,2.8264368651020493,0.7375247410252067,0.8036066757678537,0.1263077406446459,0.07008558358750036,D
2026-05-02,Ligue 1,Nice,Lens,1.19316686975418,1.6979063719484129,0.268526388879384,0.23953538969995378,0.4919382214206621,D
2026-05-02,La Liga,Valencia,Ath Madrid,1.231356257702958,1.6370342451236974,0.28775962917121584,0.24364409070001844,0.4685962801287657,A
2026-05-02,Ligue 1,Metz,Monaco,0.9457039112514264,1.9790015279808055,0.17354464672288006,0.2121631109401327,0.6142922423369873,A
2026-05-02,Bundesliga,Ein Frankfurt,Hamburg,1.9776318755832152,0.9371888606263449,0.6160642985260043,0.21203923874517083,0.17189646272882483,A
2026-05-02,Premier League,Brentford,West Ham,1.5637038247377473,1.0887264716212626,0.48312176209082636,0.2522974318880987,0.2645808060210749,H
2026-05-02,La Liga,Villarreal,Levante,2.0751333854023795,0.8279425881525173,0.6626764506175117,0.19819858657597558,0.13912496280651274,H
2026-05-03,Ligue 1,Lille,Le Havre,2.258479444739741,0.8607426558505759,0.6896673253338387,0.18205676565408319,0.12827590901207817,D
2026-05-03,La Liga,Betis,Oviedo,1.8660791985463676,0.9494253864278609,0.5888036126267365,0.22329064515742694,0.18790574221583647,H
2026-05-03,La Liga,Espanol,Real Madrid,0.8476356078174436,2.0609545229441775,0.14445169961725052,0.20050119344966894,0.6550471069330805,A
2026-05-03,Serie A,Juventus,Verona,2.422454353210536,0.6145013485107319,0.7740032285223657,0.1508233665494187,0.07517340492821555,D
2026-05-03,Serie A,Bologna,Cagliari,1.6690461782152197,0.9575822770285042,0.5408516726104828,0.24317109148240823,0.21597723590710896,D
2026-05-03,La Liga,Getafe,Vallecano,1.3938153442537238,1.091577015125496,0.4383263658703538,0.2671943645316721,0.29447926959797416,A
2026-05-03,Serie A,Inter,Parma,2.9087030179987674,0.7164328981802478,0.8177891381046798,0.11877369923193075,0.0634371626633895,H
2026-05-03,Premier League,Aston Villa,Tottenham,2.02928948901908,0.869771438697529,0.643233869143133,0.20458743482849767,0.15217869602836934,A
2026-05-03,Ligue 1,Paris FC,Brest,1.6033455182882628,1.2647210040735548,0.45294248798909964,0.24537109206729277,0.3016864199436075,H
2026-05-03,Premier League,Man United,Liverpool,1.409882803204187,1.4137312310114072,0.3733382305740057,0.2515846000212339,0.37507716940476044,H
2026-05-03,Ligue 1,Strasbourg,Toulouse,1.844298222102089,1.0277631080521528,0.5649178302132623,0.22673216202659727,0.20835000776014054,A
2026-05-03,Ligue 1,Lyon,Rennes,1.614386208718103,1.191302858948292,0.4720795022542009,0.24616575850333544,0.28175473924246375,H
2026-05-03,Ligue 1,Auxerre,Angers,1.6011583411744708,1.0323626096880412,0.5059094545254172,0.2496194945623522,0.24447105091223068,H
2026-05-03,Bundesliga,Freiburg,Wolfsburg,1.8532755074529703,0.9568212940809513,0.5841270171045453,0.22470580915754748,0.19116717373790726,D
2026-05-03,Bundesliga,M'gladbach,Dortmund,1.0250334075267844,1.896796029192095,0.20083432784415803,0.22182025749362438,0.5773454146622176,H
2026-05-03,Premier League,Bournemouth,Crystal Palace,1.6095017461265435,1.0923249501605075,0.4937363873172752,0.24817913528284158,0.2580844773998832,H
2026-05-03,Bundesliga,St Pauli,Mainz,1.1626593380654213,1.4894950123271593,0.2960321546038543,0.2567973199929998,0.44717052540314584,A
2026-05-03,Serie A,Sassuolo,Milan,1.0878222869429497,1.5099065570858539,0.2732761746264905,0.25709200648689357,0.4696318188866159,H
2026-05-03,La Liga,Celta,Elche,1.688924079462351,1.067232598527613,0.5191109261065406,0.24125026514257208,0.23963880875088736,H
2026-05-04,Premier League,Everton,Man City,1.0918377732012208,1.8328006924808073,0.22451068394565288,0.22842862334154243,0.5470606927128047,D
2026-05-04,Serie A,Cremonese,Lazio,0.9745875434178064,1.696598276132592,0.21620074395540817,0.24046596856082178,0.5433332874837701,A
2026-05-04,Serie A,Roma,Fiorentina,1.7802998125771128,0.9661722665015187,0.565171806403768,0.2320706642174269,0.20275752937880506,H
2026-05-04,Premier League,Chelsea,Nott'm Forest,1.4045365141578963,1.3336417377343617,0.38828154853479446,0.2559025926096627,0.355815858855543,A
2026-05-04,La Liga,Sevilla,Sociedad,1.2249679508922064,1.4425931697905945,0.32058447598459877,0.25819828097003616,0.421217243045365,H
2026-05-08,Ligue 1,Lens,Nantes,2.4385852761925646,0.8155239869507267,0.7311161470451464,0.16317304874183125,0.10571080421302237,H
2026-05-08,Bundesliga,Dortmund,Ein Frankfurt,1.9531938254606678,0.9765393907513221,0.6013272814379262,0.21548757654020437,0.18318514202186936,H
2026-05-08,La Liga,Levante,Osasuna,1.2237694034145081,1.313670409600944,0.3450337451386628,0.26737340918638686,0.38759284567495045,H
2026-05-08,Serie A,Torino,Sassuolo,1.353870478879891,1.1695892941163684,0.41008255548019545,0.2671851471340895,0.32273229738571513,H
2026-05-09,Bundesliga,RB Leipzig,St Pauli,2.3467478743058936,0.7584351936867161,0.7289211910479183,0.1679405728912284,0.10313823606085329,H
2026-05-09,Bundesliga,Wolfsburg,Bayern Munich,0.8330449941245813,3.030931658634562,0.07126343619585318,0.11847411854324537,0.8102624452609014,A
2026-05-09,Bundesliga,Hoffenheim,Werder Bremen,1.9023251835897539,1.0531494440053328,0.5718693591102857,0.2217810258897523,0.2063496149999621,H
2026-05-09,Premier League,Fulham,Bournemouth,1.2950180092623935,1.3843822065921292,0.3498303482227946,0.2590282357235662,0.3911414160536392,A
2026-05-09,Premier League,Brighton,Wolves,2.182102845109405,0.8039728263045332,0.6890390787336573,0.1863659497210076,0.12459497154533504,H
2026-05-09,Serie A,Lecce,Juventus,0.8635808060327641,1.8037802807676333,0.17618171493893767,0.2277624391756728,0.5960558458853896,A
2026-05-09,Bundesliga,Augsburg,M'gladbach,1.5569723976642917,1.0733483076415864,0.4850402024692806,0.2531678377188399,0.2617919598118794,H
2026-05-09,Premier League,Man City,Brentford,2.1538436717374343,0.91273503469123,0.6577266928718172,0.1942986230879207,0.14797468404026207,H
2026-05-09,La Liga,Sevilla,Espanol,1.3685879919824253,1.0437616526490534,0.44261834769633096,0.2712549756951383,0.28612667660853075,H
2026-05-09,La Liga,Elche,Alaves,1.4665248328720786,1.268538463122317,0.41788598492393225,0.2548118963227106,0.3273021187533571,D
2026-05-09,Premier League,Sunderland,Man United,1.1382613528969856,1.6690080902766673,0.25989600277688263,0.24250094737113465,0.4976030498519827,D
2026-05-09,Serie A,Lazio,Inter,1.1739446006730165,2.0253428656468504,0.2163694931176601,0.21315373750348302,0.5704767693788568,A
2026-05-09,Premier League,Liverpool,Chelsea,1.9823567565448081,0.9512917513872158,0.6136527980126273,0.21200590596195126,0.17434129602542137,D
2026-05-09,La Liga,Sociedad,Betis,1.3257727091251637,1.4272573013665892,0.34936804905317653,0.25491064250503725,0.39572130844178627,D
2026-05-09,Bundesliga,Stuttgart,Leverkusen,1.484418474657199,1.6477971994236895,0.34664900100127355,0.23629355044148967,0.41705744855723675,H
2026-05-09,Serie A,Cagliari,Udinese,1.2493533995463961,1.346109160239729,0.3454163974273446,0.2638143080089169,0.3907692945637386,A
2026-05-09,La Liga,Ath Madrid,Celta,1.9724684712178597,1.028953457466438,0.5929348080669091,0.214954744217708,0.1921104477153828,A
2026-05-10,Bundesliga,Mainz,Union Berlin,1.7921435467018922,1.04794117595475,0.5481275801411567,0.2317645395430442,0.22010788031579917,A
2026-05-10,Ligue 1,Toulouse,Lyon,1.2202064109292794,1.679259968078604,0.2780409780364685,0.2406311373284788,0.48132788463505277,H
2026-05-10,Ligue 1,Auxerre,Nice,1.3481243518237944,1.2744979665569987,0.38599396394914787,0.26237255443424334,0.35163348161660885,H
2026-05-10,Serie A,Parma,Roma,1.052146370117398,1.7343201974421625,0.22932759452429105,0.23710579682705174,0.5335666086486571,A
2026-05-10,Serie A,Verona,Como,0.9081870707202787,1.738877799088412,0.194658528370226,0.2355092565037475,0.5698322151260264,A
2026-05-10,Serie A,Cremonese,Pisa,1.3852139400966716,1.0647591120412747,0.4422168621299789,0.26895097633696646,0.2888321615330545,H
2026-05-10,Ligue 1,Rennes,Paris FC,1.8582084844621496,1.2102953458759085,0.5254043096104526,0.22678741762140822,0.24780827276813924,H
2026-05-10,Ligue 1,Paris SG,Brest,2.7362349218169633,0.8249449696303732,0.7739887284688013,0.1392020641997972,0.08680920733140166,H
2026-05-10,Premier League,Burnley,Aston Villa,0.9097178553085813,1.968085103252773,0.1671578063970407,0.21211711930215962,0.6207250743007997,D
2026-05-10,Serie A,Fiorentina,Genoa,1.4307175699238515,1.0282077920635775,0.46297129578441276,0.2659157718716572,0.2711129323439301,D
2026-05-10,Bundesliga,FC Koln,Heidenheim,1.6479922791502353,1.1810990012884912,0.4826329193166328,0.24367410865799227,0.27369297202537496,A
2026-05-10,La Liga,Oviedo,Getafe,1.2963630459912696,1.1581718994530292,0.3970816582113188,0.2721720947627293,0.3307462470259518,D
2026-05-10,Ligue 1,Angers,Strasbourg,1.11783839985446,1.5901106123823305,0.26756669219692664,0.24949042741310437,0.482942880389969,D
2026-05-10,Premier League,Crystal Palace,Everton,1.3590626972734612,1.3652748363062643,0.3701545909389082,0.25683907162722763,0.37300633743386413,D
2026-05-10,Bundesliga,Hamburg,Freiburg,1.210404311424432,1.422343226441999,0.3205820090001629,0.26025804239204003,0.4191599486077971,H
2026-05-10,Ligue 1,Monaco,Lille,1.4856800727399633,1.3843406299575844,0.3982805119890491,0.24888109261349733,0.3528383953974535,A
2026-05-10,La Liga,Ath Bilbao,Valencia,1.7140503066114683,1.0699890390438582,0.524488333078906,0.2389632206183328,0.23654844630276126,A
2026-05-10,Premier League,Nott'm Forest,Newcastle,1.769706627095966,1.1931966021155107,0.5089249111466193,0.233826293064655,0.2572487957887258,D
2026-05-10,Ligue 1,Le Havre,Marseille,1.2406232813749842,1.4864910412873331,0.3165045214614014,0.2544549765391077,0.4290405019994909,A
2026-05-10,La Liga,Mallorca,Villarreal,1.1065521359264892,1.6749243471052275,0.2512829451463471,0.24228050219702116,0.5064365526566317,D
2026-05-10,Serie A,Milan,Atalanta,1.4156651907252444,1.2058330177145988,0.41842322839749835,0.26093785827162885,0.3206389133308728,A
2026-05-10,Ligue 1,Metz,Lorient,1.1436738804331845,1.6168655193630073,0.2696041934325407,0.24680270164503817,0.48359310492242114,A
2026-05-10,La Liga,Barcelona,Real Madrid,1.817907661904746,1.149818726297901,0.5300918758731629,0.22996867444837146,0.2399394496784657,H
2026-05-10,Premier League,West Ham,Arsenal,0.952766569233428,1.9254680702159355,0.18137552934339,0.21754640391857127,0.6010780667380388,A
2026-05-11,Premier League,Tottenham,Leeds,1.3084050388048114,1.3015708042925287,0.369936947837139,0.2633230296286407,0.3667400225342202,D
2026-05-11,La Liga,Vallecano,Girona,1.5275629961904866,1.0918355356575757,0.4732183674639091,0.2554387471298614,0.27134288540622964,D
2026-05-11,Serie A,Napoli,Bologna,1.8903035702860433,0.8785358038069132,0.6116418367655099,0.21904133681995247,0.16931682641453774,A
2026-05-12,La Liga,Celta,Levante,1.6548865576422402,0.983327872434508,0.5310760785874984,0.2446367392717687,0.22428718214073295,A
2026-05-12,La Liga,Betis,Elche,2.0324227759306575,0.9042362009418311,0.6354947072950853,0.20559078262745611,0.15891451007745871,H
2026-05-12,La Liga,Osasuna,Ath Madrid,1.2196912633507657,1.5728058540469094,0.29586532695944934,0.24873958169031932,0.4553950913502314,A
2026-05-13,La Liga,Getafe,Mallorca,1.2915537279090714,1.1517916062255826,0.39716766427144484,0.2728851884298089,0.3299471472987463,H
2026-05-13,Ligue 1,Brest,Strasbourg,1.4717326165330384,1.383154091766111,0.395047783265314,0.24972159683862213,0.3552306198960638,A
2026-05-13,La Liga,Villarreal,Sevilla,2.2293887522010305,0.81242481038181,0.6957391887544175,0.18223442420417196,0.12202638704141053,A
2026-05-13,La Liga,Espanol,Ath Bilbao,1.1627862469510137,1.4674623925102344,0.29998016370093566,0.25855524735701163,0.4414645889420528,H
2026-05-13,Premier League,Man City,Crystal Palace,2.4555794429543574,0.8056110761734038,0.7360916074167483,0.16106568982879177,0.10284270275445992,H
2026-05-13,Ligue 1,Lens,Paris SG,1.2445266499504455,1.7469984850443696,0.27285471502135245,0.23517924438614646,0.4919660405925011,A
2026-05-13,La Liga,Alaves,Barcelona,0.8625106910618329,2.453492640960605,0.11226975561225243,0.1646865307392746,0.7230437136484729,H
2026-05-14,La Liga,Valencia,Vallecano,1.36462697677041,1.1650813112645004,0.41394900719156447,0.2665624051732952,0.3194885876351403,D
2026-05-14,La Liga,Real Madrid,Oviedo,2.4447690982995884,0.7070941204340758,0.7564853623789399,0.15552360655805617,0.0879910310630039,H
2026-05-14,La Liga,Girona,Sociedad,1.4267303997273926,1.3206031833167509,0.3966679117346849,0.2551803357858955,0.3481517524794197,D
2026-05-15,Premier League,Aston Villa,Liverpool,1.4280928908902109,1.4781190342599049,0.3651592797018145,0.2473667260925509,0.3874739942056346,H
2026-05-16,Bundesliga,Bayern Munich,FC Koln,3.657453447597093,0.6729411256853302,0.8949933079043307,0.07197360324387023,0.03303308885179913,H
2026-05-16,Bundesliga,Heidenheim,Mainz,1.4048037190616935,1.3971335350647278,0.37538745460669143,0.2527027623056355,0.3719097830876731,A
2026-05-16,Bundesliga,Leverkusen,Hamburg,2.3734901016316297,0.8124064982271818,0.7210213460144924,0.16879716342373863,0.11018149056176893,D
2026-05-16,Bundesliga,Union Berlin,Augsburg,1.4134572906553309,1.412654002261033,0.37445288180740194,0.25145706581867355,0.3740900523739245,H
2026-05-16,Bundesliga,Ein Frankfurt,Stuttgart,1.3696548886538196,1.6426512699432922,0.3202424745145166,0.24001119617631522,0.4397463293091682,D
2026-05-16,Bundesliga,St Pauli,Wolfsburg,1.3015535023357891,1.1974330675513774,0.3899746608150933,0.26966293535827135,0.3403624038266353,A
2026-05-16,Bundesliga,Freiburg,RB Leipzig,1.2402990688708968,1.5212467451950584,0.31012400481991437,0.2519637866477762,0.43791220853230944,H
2026-05-16,Bundesliga,M'gladbach,Hoffenheim,1.1826547911040568,1.4097052958860035,0.3156860663247829,0.2623369155199208,0.42197701815529626,H
2026-05-16,Bundesliga,Werder Bremen,Dortmund,1.031993842889781,1.8802811874849188,0.2045355860703053,0.22346084799234758,0.5720035659373471,A
2026-05-17,Premier League,Newcastle,West Ham,1.6431155446881716,1.0522902469784163,0.5115237151034207,0.24552883196895536,0.242947452927624,H
2026-05-17,Ligue 1,Lorient,Le Havre,1.7817179984608678,1.0823379816553313,0.537522607546565,0.23289931151302634,0.2295780809404086,A
2026-05-17,Serie A,Genoa,Milan,1.1116414176032474,1.4071692746968563,0.29741455078356444,0.2653010403800133,0.4372844088364223,A
2026-05-17,Ligue 1,Nice,Metz,2.0014252606873155,0.8482163821040211,0.642790537098751,0.20655048451831795,0.15065897838293105,D
2026-05-17,Premier League,Everton,Sunderland,1.9014017671815975,1.0133142919789804,0.5811737753361146,0.22117997106789483,0.1976462535959906,A
2026-05-17,Ligue 1,Paris FC,Paris SG,1.0436014563851566,2.0664373085965857,0.18381782775064784,0.20688846451332454,0.6092937077360275,H
2026-05-17,Premier League,Man United,Nott'm Forest,1.6722037595206063,1.2157471507343587,0.4806345549331324,0.2412410159735809,0.27812442909328683,H
2026-05-17,Premier League,Leeds,Brighton,1.372098074756729,1.4747065735746911,0.3518943770700408,0.2500343592232607,0.39807126370669854,H
2026-05-17,Serie A,Atalanta,Bologna,1.6927678172931357,1.0506343544706378,0.5239964687476195,0.24094066463338673,0.23506286661899375,A
2026-05-17,La Liga,Osasuna,Espanol,1.5611910209113924,1.0501079249981409,0.49161764849299566,0.2531551120732282,0.2552272394337761,A
2026-05-17,La Liga,Sociedad,Valencia,1.4907944535388606,1.1183161900171013,0.45763187690452534,0.257976933430882,0.2843911896645927,A
2026-05-17,Serie A,Udinese,Cremonese,1.9127930018913193,0.8802651569016312,0.6161132532535751,0.21677266695323902,0.16711407979318582,A
2026-05-17,La Liga,Barcelona,Betis,2.130941364568722,0.918423343426933,0.6518990865456737,0.19669002830922333,0.15141088514510292,H
2026-05-17,La Liga,Oviedo,Alaves,1.2561590959331643,1.261077599679629,0.3643522493539356,0.2689581712838151,0.36668957936224916,A
2026-05-17,La Liga,Vallecano,Villarreal,1.241588739235929,1.6079282964667372,0.2952154933489899,0.24559288405220475,0.45919162259880536,H
2026-05-17,Ligue 1,Marseille,Rennes,1.481622412898047,1.2659250591891098,0.4222910144885413,0.25387780311125124,0.3238311824002074,H
2026-05-17,Ligue 1,Strasbourg,Monaco,1.437576271771454,1.3655930730974493,0.3900843639521204,0.2524553984836626,0.35746023756421696,H
2026-05-17,Ligue 1,Lille,Auxerre,2.0499559142700936,0.8583594919762411,0.6502192496489266,0.20205792681188006,0.14772282353919336,A
2026-05-17,La Liga,Sevilla,Real Madrid,0.9295974458310039,1.917270293886672,0.17731198243000598,0.21774444547415897,0.604943572095835,A
2026-05-17,Serie A,Sassuolo,Lecce,1.612180469022578,0.9431894449844257,0.5304170667138777,0.24900314489839062,0.22057978838773162,A
2026-05-17,Premier League,Brentford,Crystal Palace,1.6057165689466193,1.0739931849359976,0.4971203769861365,0.24874832478811704,0.2541312982257464,D
2026-05-17,Premier League,Wolves,Fulham,1.0463356111743185,1.3793249907384528,0.2849140140806646,0.27016286850324,0.4449231174160954,D
2026-05-17,Serie A,Juventus,Fiorentina,1.8018527208959532,0.8255943776639502,0.6052272887107704,0.22700035584554504,0.16777235544368455,A
2026-05-17,Serie A,Cagliari,Torino,1.225452180358097,1.269449456187984,0.35436116206481744,0.27029044646570216,0.3753483914694804,H
2026-05-17,Serie A,Como,Parma,1.8770237453698992,0.9119082461068985,0.6004550794804117,0.2213171502328259,0.1782277702867625,H
2026-05-17,La Liga,Ath Madrid,Girona,2.0420915832575597,0.9333006662699865,0.6304656487834724,0.2056955346166312,0.16383881659989638,H
2026-05-17,Ligue 1,Nantes,Toulouse,1.2116376502868675,1.4193325232957117,0.32146592985115435,0.2604284454861914,0.4181056246626542,D
2026-05-17,Serie A,Inter,Verona,3.4552304843097463,0.5571517582020045,0.8966861984514826,0.07379540673385379,0.029518394814663722,D
2026-05-17,Ligue 1,Brest,Angers,1.7193219152968258,1.011646688559623,0.5397449874473706,0.23840016714928322,0.22185484540334613,D
2026-05-17,Ligue 1,Lyon,Lens,1.6681287712258601,1.2655034936204634,0.4685138792866205,0.24069367901099253,0.2907924417023869,A
2026-05-17,Serie A,Roma,Lazio,1.926786243995529,1.061579038519036,0.575270950095455,0.21972027475796324,0.2050087751465817,H
2026-05-17,La Liga,Elche,Getafe,1.340395421727055,1.2260114104856856,0.3942332319228619,0.2654046026425498,0.34036216543458825,H
2026-05-17,La Liga,Ath Bilbao,Celta,1.4837100747447827,1.2368816274145633,0.4291526146167017,0.254787080231588,0.31606030515171035,D
2026-05-17,Serie A,Pisa,Napoli,0.8007611075060027,2.2166660050412568,0.12099265848218883,0.1828224567868311,0.6961848847309801,A
2026-05-17,La Liga,Levante,Mallorca,1.511302532566321,1.1529445168182717,0.4549605789269264,0.2553161821050831,0.28972323896799057,H
2026-05-18,Premier League,Arsenal,Burnley,2.9987398060299686,0.5850422615670583,0.8522660769984832,0.10254495135659683,0.04518897164491994,H
2026-05-19,Premier League,Chelsea,Tottenham,1.6110547149560366,1.0246972343757608,0.5102192031686227,0.24874419339307258,0.24103660343830477,H
2026-05-19,Premier League,Bournemouth,Man City,1.2156300226646044,1.717559891954505,0.27073698619397946,0.23773976349709564,0.4915232503089249,D
2026-05-22,Serie A,Fiorentina,Atalanta,1.2343882571697313,1.3661059670295483,0.3375647931646595,0.2632027339553954,0.3992324728799451,D
2026-05-23,La Liga,Celta,Sevilla,1.681532616395492,1.0399378414118294,0.5238461903309505,0.24200620891704244,0.234147600752007,H
2026-05-23,La Liga,Mallorca,Oviedo,1.482776648053319,1.0058380787037766,0.4820479827807151,0.26142924114770494,0.2565227760715799,H
2026-05-23,La Liga,Alaves,Vallecano,1.3602080772642302,1.2855263908053753,0.38684455210201635,0.26103004726546664,0.352125400632517,A
2026-05-23,La Liga,Girona,Elche,1.4517263568320784,1.0725241675120791,0.45808762235523953,0.2626922146015789,0.27922016304318154,D
2026-05-23,La Liga,Valencia,Barcelona,0.9198963995635904,2.0892283857230023,0.15603982122747506,0.20069979441226163,0.6432603843602633,H
2026-05-23,La Liga,Real Madrid,Ath Bilbao,2.1949215110233875,0.8418113569196884,0.6824029292440352,0.18708643316193505,0.13051063759402978,H
2026-05-23,Serie A,Bologna,Inter,0.9989627171162544,1.9400095879023926,0.18964612941987186,0.2172721490017561,0.593081721578372,D
2026-05-23,La Liga,Betis,Levante,1.9168585371751274,0.9924521638761976,0.5895939373844205,0.21930685932909375,0.19109920328648577,H
2026-05-23,Serie A,Lazio,Pisa,2.216148066783199,0.7660577314625978,0.7043605894390662,0.18091487787727742,0.11472453268365643,H
2026-05-23,La Liga,Espanol,Sociedad,1.3685451093862493,1.3139355873352236,0.38309619892943764,0.2590449043316146,0.3578588967389478,D
2026-05-23,La Liga,Getafe,Osasuna,1.4056748969195931,1.1969318783445302,0.4177675997905902,0.26205071946632863,0.3201816807430812,H
2026-05-24,Premier League,Crystal Palace,Arsenal,0.9994441278742968,1.887186216881102,0.1963873558710074,0.22225458842174575,0.5813580557072469,A
2026-05-24,Serie A,Lecce,Genoa,1.2728131711786783,1.1880218848354227,0.3842073459660524,0.2722636583130291,0.34352899572091855,H
2026-05-24,Serie A,Torino,Juventus,1.0567350811396792,1.5549737244854174,0.25790603291912784,0.2536275498853973,0.488466417195475,D
2026-05-24,Serie A,Cremonese,Como,0.9702716443009781,1.5795912132423964,0.2321861196819107,0.25224392459376527,0.515569955724324,A
2026-05-24,Premier League,Man City,Aston Villa,2.178846625023794,1.0554913023148615,0.6292492605995226,0.19745340162373487,0.17329733777674264,A
2026-05-24,Serie A,Parma,Sassuolo,1.33868379817787,1.2083465935530397,0.39757606608808393,0.266424722673385,0.33599921123853105,H
2026-05-24,Serie A,Napoli,Udinese,2.1296152182442443,0.9103450026149734,0.6535613336211505,0.1964803839784412,0.14995828240040826,H
2026-05-24,Premier League,Fulham,Newcastle,1.269408520006637,1.2982101273023698,0.360305035990263,0.26582098833650913,0.373873975673228,H
2026-05-24,Serie A,Verona,Roma,0.8151358369867844,2.0584821461027767,0.1381987542140326,0.1993008163507374,0.6625004294352299,A
2026-05-24,Premier League,Tottenham,Everton,1.348400501006321,1.4044322803081368,0.35960789613300664,0.25518325097650685,0.38520885289048645,H
2026-05-24,Serie A,Milan,Cagliari,2.0283607535885473,0.8136410951811545,0.6568199086712946,0.20232828030242586,0.14085181102627944,A
2026-05-24,Premier League,West Ham,Leeds,1.2704789087409158,1.3294710914062855,0.3542910395968732,0.26378009082049003,0.3819288695826368,H
2026-05-24,Premier League,Liverpool,Brentford,1.9080321699216478,1.0860843076380307,0.5653494023711034,0.22175430900065757,0.21289628862823906,D
2026-05-24,Premier League,Burnley,Wolves,1.2910565540255465,1.1802783228525815,0.39083297546155177,0.27137006234977556,0.3377969621886727,D
2026-05-24,Premier League,Sunderland,Chelsea,1.2867644026185354,1.4046199878729002,0.3437508140744126,0.25813643992202606,0.3981127460035613,H
2026-05-24,La Liga,Villarreal,Ath Madrid,1.5553922058361356,1.2846347895518766,0.4367467967128165,0.248175736609207,0.31507746667797654,H
2026-05-24,Premier League,Brighton,Man United,1.459302645311088,1.3093964702709817,0.4073146354934448,0.25363528876678176,0.3390500757397735,A
2026-05-24,Premier League,Nott'm Forest,Bournemouth,1.565586961639034,1.3697845303523686,0.421039273080393,0.24475051826109123,0.3342102086585158,D
